solid OpenSCAD_Model
  facet normal 0 -1 0
    outer loop
      vertex 21.55 0 8.75
      vertex 3.5 0 20.5
      vertex 9.05 0 8.75
    endloop
  endfacet
  facet normal 0 -1 0
    outer loop
      vertex 3.5 0 0
      vertex 9.05 0 8.75
      vertex 3.5 0 20.5
    endloop
  endfacet
  facet normal 0 -1 -0
    outer loop
      vertex 9.05 0 1.25
      vertex 3.5 0 0
      vertex 21.55 0 1.25
    endloop
  endfacet
  facet normal 0 -1 -0
    outer loop
      vertex 9.05 0 8.75
      vertex 3.5 0 0
      vertex 9.05 0 1.25
    endloop
  endfacet
  facet normal 0 -1 0
    outer loop
      vertex 3.5 0 20.5
      vertex 21.55 0 8.75
      vertex 92.7 0 20.5
    endloop
  endfacet
  facet normal 0 -1 0
    outer loop
      vertex 92.7 0 0
      vertex 21.55 0 8.75
      vertex 21.55 0 1.25
    endloop
  endfacet
  facet normal 0 -1 0
    outer loop
      vertex 21.55 0 8.75
      vertex 92.7 0 0
      vertex 92.7 0 20.5
    endloop
  endfacet
  facet normal 0 -1 0
    outer loop
      vertex 92.7 0 0
      vertex 21.55 0 1.25
      vertex 3.5 0 0
    endloop
  endfacet
  facet normal 0.0653976 -0.997859 0
    outer loop
      vertex 92.7 0 0
      vertex 93.1568 0.0299377 20.5
      vertex 92.7 0 20.5
    endloop
  endfacet
  facet normal 0.0653976 -0.997859 0
    outer loop
      vertex 93.1568 0.0299377 20.5
      vertex 92.7 0 0
      vertex 93.1568 0.0299377 0
    endloop
  endfacet
  facet normal 0.195077 -0.980788 0
    outer loop
      vertex 93.1568 0.0299377 0
      vertex 93.6059 0.119263 20.5
      vertex 93.1568 0.0299377 20.5
    endloop
  endfacet
  facet normal 0.195077 -0.980788 0
    outer loop
      vertex 93.6059 0.119263 20.5
      vertex 93.1568 0.0299377 0
      vertex 93.6059 0.119263 0
    endloop
  endfacet
  facet normal 0 0 1
    outer loop
      vertex 94.6 59.5 20.5
      vertex 96.2 59.5 20.5
      vertex 96.1701 59.9568 20.5
    endloop
  endfacet
  facet normal 0 0 1
    outer loop
      vertex 96.2 59.5 20.5
      vertex 94.6 59.5 20.5
      vertex 96.2 3.5 20.5
    endloop
  endfacet
  facet normal 0 0 1
    outer loop
      vertex 94.5837 59.748 20.5
      vertex 96.1701 59.9568 20.5
      vertex 96.0807 60.4059 20.5
    endloop
  endfacet
  facet normal 0 0 1
    outer loop
      vertex 94.6 3.5 20.5
      vertex 96.2 3.5 20.5
      vertex 94.6 59.5 20.5
    endloop
  endfacet
  facet normal 0 0 1
    outer loop
      vertex 94.5353 59.9918 20.5
      vertex 96.0807 60.4059 20.5
      vertex 95.9336 60.8394 20.5
    endloop
  endfacet
  facet normal 0 0 1
    outer loop
      vertex 96.2 3.5 20.5
      vertex 94.6 3.5 20.5
      vertex 96.1701 3.04315 20.5
    endloop
  endfacet
  facet normal 0 0 1
    outer loop
      vertex 94.4554 60.2271 20.5
      vertex 95.9336 60.8394 20.5
      vertex 95.7311 61.25 20.5
    endloop
  endfacet
  facet normal -0 0 1
    outer loop
      vertex 94.5837 3.252 20.5
      vertex 96.1701 3.04315 20.5
      vertex 94.6 3.5 20.5
    endloop
  endfacet
  facet normal 0 0 1
    outer loop
      vertex 94.3454 60.45 20.5
      vertex 95.7311 61.25 20.5
      vertex 95.4767 61.6307 20.5
    endloop
  endfacet
  facet normal 0 0 1
    outer loop
      vertex 96.1701 3.04315 20.5
      vertex 94.5837 3.252 20.5
      vertex 96.0807 2.59413 20.5
    endloop
  endfacet
  facet normal 0 0 1
    outer loop
      vertex 94.2074 60.6566 20.5
      vertex 95.4767 61.6307 20.5
      vertex 95.1749 61.9749 20.5
    endloop
  endfacet
  facet normal -0 0 1
    outer loop
      vertex 94.5353 3.00824 20.5
      vertex 96.0807 2.59413 20.5
      vertex 94.5837 3.252 20.5
    endloop
  endfacet
  facet normal 0 0 1
    outer loop
      vertex 94.0435 60.8435 20.5
      vertex 95.1749 61.9749 20.5
      vertex 94.8307 62.2767 20.5
    endloop
  endfacet
  facet normal 0 0 1
    outer loop
      vertex 96.0807 2.59413 20.5
      vertex 94.5353 3.00824 20.5
      vertex 95.9336 2.16061 20.5
    endloop
  endfacet
  facet normal -0 0 1
    outer loop
      vertex 94.4554 2.7729 20.5
      vertex 95.9336 2.16061 20.5
      vertex 94.5353 3.00824 20.5
    endloop
  endfacet
  facet normal 0 0 1
    outer loop
      vertex 96.1701 59.9568 20.5
      vertex 94.5837 59.748 20.5
      vertex 94.6 59.5 20.5
    endloop
  endfacet
  facet normal 0 0 1
    outer loop
      vertex 96.0807 60.4059 20.5
      vertex 94.5353 59.9918 20.5
      vertex 94.5837 59.748 20.5
    endloop
  endfacet
  facet normal 0 0 1
    outer loop
      vertex 95.9336 60.8394 20.5
      vertex 94.4554 60.2271 20.5
      vertex 94.5353 59.9918 20.5
    endloop
  endfacet
  facet normal 0 0 1
    outer loop
      vertex 93.8566 61.0074 20.5
      vertex 94.8307 62.2767 20.5
      vertex 94.45 62.5311 20.5
    endloop
  endfacet
  facet normal 0 0 1
    outer loop
      vertex 95.7311 61.25 20.5
      vertex 94.3454 60.45 20.5
      vertex 94.4554 60.2271 20.5
    endloop
  endfacet
  facet normal 0 0 1
    outer loop
      vertex 95.4767 61.6307 20.5
      vertex 94.2074 60.6566 20.5
      vertex 94.3454 60.45 20.5
    endloop
  endfacet
  facet normal 0 0 1
    outer loop
      vertex 95.1749 61.9749 20.5
      vertex 94.0435 60.8435 20.5
      vertex 94.2074 60.6566 20.5
    endloop
  endfacet
  facet normal 0 0 1
    outer loop
      vertex 93.65 61.1454 20.5
      vertex 94.45 62.5311 20.5
      vertex 94.0394 62.7336 20.5
    endloop
  endfacet
  facet normal 0 0 1
    outer loop
      vertex 94.8307 62.2767 20.5
      vertex 93.8566 61.0074 20.5
      vertex 94.0435 60.8435 20.5
    endloop
  endfacet
  facet normal 0 0 1
    outer loop
      vertex 94.45 62.5311 20.5
      vertex 93.65 61.1454 20.5
      vertex 93.8566 61.0074 20.5
    endloop
  endfacet
  facet normal 0 0 1
    outer loop
      vertex 93.4271 61.2554 20.5
      vertex 94.0394 62.7336 20.5
      vertex 93.6059 62.8807 20.5
    endloop
  endfacet
  facet normal 0 0 1
    outer loop
      vertex 94.0394 62.7336 20.5
      vertex 93.4271 61.2554 20.5
      vertex 93.65 61.1454 20.5
    endloop
  endfacet
  facet normal 0 0 1
    outer loop
      vertex 93.6059 62.8807 20.5
      vertex 93.1918 61.3353 20.5
      vertex 93.4271 61.2554 20.5
    endloop
  endfacet
  facet normal 0 0 1
    outer loop
      vertex 93.1568 62.9701 20.5
      vertex 93.1918 61.3353 20.5
      vertex 93.6059 62.8807 20.5
    endloop
  endfacet
  facet normal 0 0 1
    outer loop
      vertex 93.1568 62.9701 20.5
      vertex 92.948 61.3837 20.5
      vertex 93.1918 61.3353 20.5
    endloop
  endfacet
  facet normal 0 0 1
    outer loop
      vertex 92.7 63 20.5
      vertex 92.948 61.3837 20.5
      vertex 93.1568 62.9701 20.5
    endloop
  endfacet
  facet normal 0 0 1
    outer loop
      vertex 92.7 63 20.5
      vertex 92.7 61.4 20.5
      vertex 92.948 61.3837 20.5
    endloop
  endfacet
  facet normal -0 0 1
    outer loop
      vertex 3.5 63 20.5
      vertex 92.7 61.4 20.5
      vertex 92.7 63 20.5
    endloop
  endfacet
  facet normal 0 0 1
    outer loop
      vertex 3.5 63 20.5
      vertex 3.5 61.4 20.5
      vertex 92.7 61.4 20.5
    endloop
  endfacet
  facet normal 0 0 1
    outer loop
      vertex 3.5 63 20.5
      vertex 3.252 61.3837 20.5
      vertex 3.5 61.4 20.5
    endloop
  endfacet
  facet normal -0 0 1
    outer loop
      vertex 3.04315 62.9701 20.5
      vertex 3.252 61.3837 20.5
      vertex 3.5 63 20.5
    endloop
  endfacet
  facet normal 0 0 1
    outer loop
      vertex 3.04315 62.9701 20.5
      vertex 3.00824 61.3353 20.5
      vertex 3.252 61.3837 20.5
    endloop
  endfacet
  facet normal -0 0 1
    outer loop
      vertex 2.59413 62.8807 20.5
      vertex 3.00824 61.3353 20.5
      vertex 3.04315 62.9701 20.5
    endloop
  endfacet
  facet normal 0 0 1
    outer loop
      vertex 3.00824 61.3353 20.5
      vertex 2.59413 62.8807 20.5
      vertex 2.7729 61.2554 20.5
    endloop
  endfacet
  facet normal -0 0 1
    outer loop
      vertex 2.16061 62.7336 20.5
      vertex 2.7729 61.2554 20.5
      vertex 2.59413 62.8807 20.5
    endloop
  endfacet
  facet normal 0 0 1
    outer loop
      vertex 2.7729 61.2554 20.5
      vertex 2.16061 62.7336 20.5
      vertex 2.55 61.1454 20.5
    endloop
  endfacet
  facet normal -0 0 1
    outer loop
      vertex 1.75 62.5311 20.5
      vertex 2.55 61.1454 20.5
      vertex 2.16061 62.7336 20.5
    endloop
  endfacet
  facet normal 0 0 1
    outer loop
      vertex 2.55 61.1454 20.5
      vertex 1.75 62.5311 20.5
      vertex 2.34335 61.0074 20.5
    endloop
  endfacet
  facet normal -0 0 1
    outer loop
      vertex 1.36934 62.2767 20.5
      vertex 2.34335 61.0074 20.5
      vertex 1.75 62.5311 20.5
    endloop
  endfacet
  facet normal 0 0 1
    outer loop
      vertex 2.34335 61.0074 20.5
      vertex 1.36934 62.2767 20.5
      vertex 2.15649 60.8435 20.5
    endloop
  endfacet
  facet normal -0 0 1
    outer loop
      vertex 1.02513 61.9749 20.5
      vertex 2.15649 60.8435 20.5
      vertex 1.36934 62.2767 20.5
    endloop
  endfacet
  facet normal 0 0 1
    outer loop
      vertex 2.15649 60.8435 20.5
      vertex 1.02513 61.9749 20.5
      vertex 1.99263 60.6566 20.5
    endloop
  endfacet
  facet normal -0 0 1
    outer loop
      vertex 0.723267 61.6307 20.5
      vertex 1.99263 60.6566 20.5
      vertex 1.02513 61.9749 20.5
    endloop
  endfacet
  facet normal 0 0 1
    outer loop
      vertex 1.99263 60.6566 20.5
      vertex 0.723267 61.6307 20.5
      vertex 1.85455 60.45 20.5
    endloop
  endfacet
  facet normal -0 0 1
    outer loop
      vertex 0.468918 61.25 20.5
      vertex 1.85455 60.45 20.5
      vertex 0.723267 61.6307 20.5
    endloop
  endfacet
  facet normal -0 0 1
    outer loop
      vertex 0.266418 60.8394 20.5
      vertex 1.74463 60.2271 20.5
      vertex 0.468918 61.25 20.5
    endloop
  endfacet
  facet normal 0 0 1
    outer loop
      vertex 1.85455 60.45 20.5
      vertex 0.468918 61.25 20.5
      vertex 1.74463 60.2271 20.5
    endloop
  endfacet
  facet normal 0 0 1
    outer loop
      vertex 95.9336 2.16061 20.5
      vertex 94.4554 2.7729 20.5
      vertex 95.7311 1.75 20.5
    endloop
  endfacet
  facet normal -0 0 1
    outer loop
      vertex 94.3454 2.55 20.5
      vertex 95.7311 1.75 20.5
      vertex 94.4554 2.7729 20.5
    endloop
  endfacet
  facet normal 0 0 1
    outer loop
      vertex 95.7311 1.75 20.5
      vertex 94.3454 2.55 20.5
      vertex 95.4767 1.36934 20.5
    endloop
  endfacet
  facet normal -0 0 1
    outer loop
      vertex 94.2074 2.34335 20.5
      vertex 95.4767 1.36934 20.5
      vertex 94.3454 2.55 20.5
    endloop
  endfacet
  facet normal 0 0 1
    outer loop
      vertex 95.4767 1.36934 20.5
      vertex 94.2074 2.34335 20.5
      vertex 95.1749 1.02513 20.5
    endloop
  endfacet
  facet normal -0 0 1
    outer loop
      vertex 94.0435 2.15649 20.5
      vertex 95.1749 1.02513 20.5
      vertex 94.2074 2.34335 20.5
    endloop
  endfacet
  facet normal 0 0 1
    outer loop
      vertex 95.1749 1.02513 20.5
      vertex 94.0435 2.15649 20.5
      vertex 94.8307 0.723267 20.5
    endloop
  endfacet
  facet normal -0 0 1
    outer loop
      vertex 93.8566 1.99263 20.5
      vertex 94.8307 0.723267 20.5
      vertex 94.0435 2.15649 20.5
    endloop
  endfacet
  facet normal 0 0 1
    outer loop
      vertex 94.8307 0.723267 20.5
      vertex 93.8566 1.99263 20.5
      vertex 94.45 0.468918 20.5
    endloop
  endfacet
  facet normal -0 0 1
    outer loop
      vertex 93.65 1.85455 20.5
      vertex 94.45 0.468918 20.5
      vertex 93.8566 1.99263 20.5
    endloop
  endfacet
  facet normal 0 0 1
    outer loop
      vertex 94.45 0.468918 20.5
      vertex 93.65 1.85455 20.5
      vertex 94.0394 0.266418 20.5
    endloop
  endfacet
  facet normal -0 0 1
    outer loop
      vertex 93.4271 1.74463 20.5
      vertex 94.0394 0.266418 20.5
      vertex 93.65 1.85455 20.5
    endloop
  endfacet
  facet normal 0 0 1
    outer loop
      vertex 94.0394 0.266418 20.5
      vertex 93.4271 1.74463 20.5
      vertex 93.6059 0.119263 20.5
    endloop
  endfacet
  facet normal -0 0 1
    outer loop
      vertex 93.1918 1.66473 20.5
      vertex 93.6059 0.119263 20.5
      vertex 93.4271 1.74463 20.5
    endloop
  endfacet
  facet normal 0 0 1
    outer loop
      vertex 93.1918 1.66473 20.5
      vertex 93.1568 0.0299377 20.5
      vertex 93.6059 0.119263 20.5
    endloop
  endfacet
  facet normal -0 0 1
    outer loop
      vertex 92.948 1.61626 20.5
      vertex 93.1568 0.0299377 20.5
      vertex 93.1918 1.66473 20.5
    endloop
  endfacet
  facet normal -0 0 1
    outer loop
      vertex 92.7 1.60001 20.5
      vertex 93.1568 0.0299377 20.5
      vertex 92.948 1.61626 20.5
    endloop
  endfacet
  facet normal 0 0 1
    outer loop
      vertex 92.7 1.60001 20.5
      vertex 92.7 0 20.5
      vertex 93.1568 0.0299377 20.5
    endloop
  endfacet
  facet normal -0 0 1
    outer loop
      vertex 3.5 1.60001 20.5
      vertex 92.7 0 20.5
      vertex 92.7 1.60001 20.5
    endloop
  endfacet
  facet normal 0 0 1
    outer loop
      vertex 3.5 1.60001 20.5
      vertex 3.5 0 20.5
      vertex 92.7 0 20.5
    endloop
  endfacet
  facet normal 0 0 1
    outer loop
      vertex 3.252 1.61626 20.5
      vertex 3.5 0 20.5
      vertex 3.5 1.60001 20.5
    endloop
  endfacet
  facet normal 0 0 1
    outer loop
      vertex 3.252 1.61626 20.5
      vertex 3.04315 0.0299377 20.5
      vertex 3.5 0 20.5
    endloop
  endfacet
  facet normal 0 0 1
    outer loop
      vertex 3.00824 1.66473 20.5
      vertex 3.04315 0.0299377 20.5
      vertex 3.252 1.61626 20.5
    endloop
  endfacet
  facet normal 0 0 1
    outer loop
      vertex 2.59413 0.119263 20.5
      vertex 3.00824 1.66473 20.5
      vertex 2.7729 1.74463 20.5
    endloop
  endfacet
  facet normal 0 0 1
    outer loop
      vertex 3.00824 1.66473 20.5
      vertex 2.59413 0.119263 20.5
      vertex 3.04315 0.0299377 20.5
    endloop
  endfacet
  facet normal 0 0 1
    outer loop
      vertex 2.16061 0.266418 20.5
      vertex 2.7729 1.74463 20.5
      vertex 2.55 1.85455 20.5
    endloop
  endfacet
  facet normal 0 0 1
    outer loop
      vertex 1.75 0.468918 20.5
      vertex 2.55 1.85455 20.5
      vertex 2.34335 1.99263 20.5
    endloop
  endfacet
  facet normal 0 0 1
    outer loop
      vertex 2.7729 1.74463 20.5
      vertex 2.16061 0.266418 20.5
      vertex 2.59413 0.119263 20.5
    endloop
  endfacet
  facet normal 0 0 1
    outer loop
      vertex 1.36934 0.723267 20.5
      vertex 2.34335 1.99263 20.5
      vertex 2.15649 2.15649 20.5
    endloop
  endfacet
  facet normal 0 0 1
    outer loop
      vertex 1.02513 1.02513 20.5
      vertex 2.15649 2.15649 20.5
      vertex 1.99263 2.34335 20.5
    endloop
  endfacet
  facet normal 0 0 1
    outer loop
      vertex 0.723267 1.36934 20.5
      vertex 1.99263 2.34335 20.5
      vertex 1.85455 2.55 20.5
    endloop
  endfacet
  facet normal 0 0 1
    outer loop
      vertex 2.55 1.85455 20.5
      vertex 1.75 0.468918 20.5
      vertex 2.16061 0.266418 20.5
    endloop
  endfacet
  facet normal 0 0 1
    outer loop
      vertex 0.468918 1.75 20.5
      vertex 1.85455 2.55 20.5
      vertex 1.74463 2.7729 20.5
    endloop
  endfacet
  facet normal 0 0 1
    outer loop
      vertex 0.266418 2.16061 20.5
      vertex 1.74463 2.7729 20.5
      vertex 1.66473 3.00824 20.5
    endloop
  endfacet
  facet normal 0 0 1
    outer loop
      vertex 0.119263 2.59413 20.5
      vertex 1.66473 3.00824 20.5
      vertex 1.61626 3.252 20.5
    endloop
  endfacet
  facet normal 0 0 1
    outer loop
      vertex 0.0299377 3.04315 20.5
      vertex 1.61626 3.252 20.5
      vertex 1.60001 3.5 20.5
    endloop
  endfacet
  facet normal 0 0 1
    outer loop
      vertex 2.34335 1.99263 20.5
      vertex 1.36934 0.723267 20.5
      vertex 1.75 0.468918 20.5
    endloop
  endfacet
  facet normal 0 0 1
    outer loop
      vertex 1.60001 59.5 20.5
      vertex 0 59.5 20.5
      vertex 1.60001 3.5 20.5
    endloop
  endfacet
  facet normal 0 0 1
    outer loop
      vertex 1.74463 60.2271 20.5
      vertex 0.266418 60.8394 20.5
      vertex 1.66473 59.9918 20.5
    endloop
  endfacet
  facet normal 0 0 1
    outer loop
      vertex 0 3.5 20.5
      vertex 1.60001 3.5 20.5
      vertex 0 59.5 20.5
    endloop
  endfacet
  facet normal -0 0 1
    outer loop
      vertex 0.119263 60.4059 20.5
      vertex 1.66473 59.9918 20.5
      vertex 0.266418 60.8394 20.5
    endloop
  endfacet
  facet normal 0 -0 1
    outer loop
      vertex 0.0299377 3.04315 20.5
      vertex 1.60001 3.5 20.5
      vertex 0 3.5 20.5
    endloop
  endfacet
  facet normal 0 0 1
    outer loop
      vertex 1.66473 59.9918 20.5
      vertex 0.119263 60.4059 20.5
      vertex 1.61626 59.748 20.5
    endloop
  endfacet
  facet normal 0 0 1
    outer loop
      vertex 2.15649 2.15649 20.5
      vertex 1.02513 1.02513 20.5
      vertex 1.36934 0.723267 20.5
    endloop
  endfacet
  facet normal -0 0 1
    outer loop
      vertex 0.0299377 59.9568 20.5
      vertex 1.61626 59.748 20.5
      vertex 0.119263 60.4059 20.5
    endloop
  endfacet
  facet normal 0 0 1
    outer loop
      vertex 1.99263 2.34335 20.5
      vertex 0.723267 1.36934 20.5
      vertex 1.02513 1.02513 20.5
    endloop
  endfacet
  facet normal 0 0 1
    outer loop
      vertex 1.61626 59.748 20.5
      vertex 0.0299377 59.9568 20.5
      vertex 1.60001 59.5 20.5
    endloop
  endfacet
  facet normal 0 0 1
    outer loop
      vertex 1.85455 2.55 20.5
      vertex 0.468918 1.75 20.5
      vertex 0.723267 1.36934 20.5
    endloop
  endfacet
  facet normal 0 0 1
    outer loop
      vertex 1.60001 59.5 20.5
      vertex 0.0299377 59.9568 20.5
      vertex 0 59.5 20.5
    endloop
  endfacet
  facet normal 0 0 1
    outer loop
      vertex 1.74463 2.7729 20.5
      vertex 0.266418 2.16061 20.5
      vertex 0.468918 1.75 20.5
    endloop
  endfacet
  facet normal 0 0 1
    outer loop
      vertex 1.66473 3.00824 20.5
      vertex 0.119263 2.59413 20.5
      vertex 0.266418 2.16061 20.5
    endloop
  endfacet
  facet normal 0 0 1
    outer loop
      vertex 1.61626 3.252 20.5
      vertex 0.0299377 3.04315 20.5
      vertex 0.119263 2.59413 20.5
    endloop
  endfacet
  facet normal -0.0653085 0.997865 0
    outer loop
      vertex 3.5 63 0
      vertex 3.04315 62.9701 20.5
      vertex 3.5 63 20.5
    endloop
  endfacet
  facet normal -0.0653085 0.997865 0
    outer loop
      vertex 3.04315 62.9701 20.5
      vertex 3.5 63 0
      vertex 3.04315 62.9701 0
    endloop
  endfacet
  facet normal -0.55557 -0.831469 0
    outer loop
      vertex 1.36934 0.723267 0
      vertex 1.75 0.468918 20.5
      vertex 1.36934 0.723267 20.5
    endloop
  endfacet
  facet normal -0.55557 -0.831469 -0
    outer loop
      vertex 1.75 0.468918 20.5
      vertex 1.36934 0.723267 0
      vertex 1.75 0.468918 0
    endloop
  endfacet
  facet normal 0.0653156 0.997865 -0
    outer loop
      vertex 93.1568 62.9701 0
      vertex 92.7 63 20.5
      vertex 93.1568 62.9701 20.5
    endloop
  endfacet
  facet normal 0.0653156 0.997865 0
    outer loop
      vertex 92.7 63 20.5
      vertex 93.1568 62.9701 0
      vertex 92.7 63 0
    endloop
  endfacet
  facet normal -0.659267 0.751909 0
    outer loop
      vertex 1.36934 62.2767 0
      vertex 1.02513 61.9749 20.5
      vertex 1.36934 62.2767 20.5
    endloop
  endfacet
  facet normal -0.659267 0.751909 0
    outer loop
      vertex 1.02513 61.9749 20.5
      vertex 1.36934 62.2767 0
      vertex 1.02513 61.9749 0
    endloop
  endfacet
  facet normal -0.659344 -0.751841 0
    outer loop
      vertex 1.02513 1.02513 0
      vertex 1.36934 0.723267 20.5
      vertex 1.02513 1.02513 20.5
    endloop
  endfacet
  facet normal -0.659344 -0.751841 -0
    outer loop
      vertex 1.36934 0.723267 20.5
      vertex 1.02513 1.02513 0
      vertex 1.36934 0.723267 0
    endloop
  endfacet
  facet normal 0 1 -0
    outer loop
      vertex 92.7 63 0
      vertex 3.5 63 20.5
      vertex 92.7 63 20.5
    endloop
  endfacet
  facet normal 0 1 0
    outer loop
      vertex 3.5 63 20.5
      vertex 92.7 63 0
      vertex 3.5 63 0
    endloop
  endfacet
  facet normal -0.442305 0.896864 0
    outer loop
      vertex 2.16061 62.7336 0
      vertex 1.75 62.5311 20.5
      vertex 2.16061 62.7336 20.5
    endloop
  endfacet
  facet normal -0.442305 0.896864 0
    outer loop
      vertex 1.75 62.5311 20.5
      vertex 2.16061 62.7336 0
      vertex 1.75 62.5311 0
    endloop
  endfacet
  facet normal -1 0 0
    outer loop
      vertex 0 3.5 0
      vertex 0 59.5 20.5
      vertex 0 59.5 0
    endloop
  endfacet
  facet normal -1 -0 0
    outer loop
      vertex 0 59.5 20.5
      vertex 0 3.5 0
      vertex 0 3.5 20.5
    endloop
  endfacet
  facet normal -0.321429 -0.946934 0
    outer loop
      vertex 2.16061 0.266418 0
      vertex 2.59413 0.119263 20.5
      vertex 2.16061 0.266418 20.5
    endloop
  endfacet
  facet normal -0.321429 -0.946934 -0
    outer loop
      vertex 2.59413 0.119263 20.5
      vertex 2.16061 0.266418 0
      vertex 2.59413 0.119263 0
    endloop
  endfacet
  facet normal 1 -0 0
    outer loop
      vertex 96.2 3.5 20.5
      vertex 96.2 59.5 0
      vertex 96.2 59.5 20.5
    endloop
  endfacet
  facet normal 1 0 0
    outer loop
      vertex 96.2 59.5 0
      vertex 96.2 3.5 20.5
      vertex 96.2 3.5 0
    endloop
  endfacet
  facet normal 0.659278 0.7519 -0
    outer loop
      vertex 95.1749 61.9749 0
      vertex 94.8307 62.2767 20.5
      vertex 95.1749 61.9749 20.5
    endloop
  endfacet
  facet normal 0.659278 0.7519 0
    outer loop
      vertex 94.8307 62.2767 20.5
      vertex 95.1749 61.9749 0
      vertex 94.8307 62.2767 0
    endloop
  endfacet
  facet normal -0.997859 0.0653976 0
    outer loop
      vertex 0 59.5 0
      vertex 0.0299377 59.9568 20.5
      vertex 0.0299377 59.9568 0
    endloop
  endfacet
  facet normal -0.997859 0.0653976 0
    outer loop
      vertex 0.0299377 59.9568 20.5
      vertex 0 59.5 0
      vertex 0 59.5 20.5
    endloop
  endfacet
  facet normal -0.99786 -0.0653904 0
    outer loop
      vertex 0.0299377 3.04315 0
      vertex 0 3.5 20.5
      vertex 0 3.5 0
    endloop
  endfacet
  facet normal -0.99786 -0.0653904 0
    outer loop
      vertex 0 3.5 20.5
      vertex 0.0299377 3.04315 0
      vertex 0.0299377 3.04315 20.5
    endloop
  endfacet
  facet normal 0 0 -1
    outer loop
      vertex 92.7 0 0
      vertex 96.2 3.5 0
      vertex 96.1701 3.04315 0
    endloop
  endfacet
  facet normal -0 0 -1
    outer loop
      vertex 96.2 3.5 0
      vertex 92.7 0 0
      vertex 96.2 59.5 0
    endloop
  endfacet
  facet normal 0 0 -1
    outer loop
      vertex 92.7 0 0
      vertex 96.1701 3.04315 0
      vertex 96.0807 2.59413 0
    endloop
  endfacet
  facet normal 0 0 -1
    outer loop
      vertex 92.7 63 0
      vertex 96.2 59.5 0
      vertex 92.7 0 0
    endloop
  endfacet
  facet normal 0 0 -1
    outer loop
      vertex 92.7 0 0
      vertex 96.0807 2.59413 0
      vertex 95.9336 2.16061 0
    endloop
  endfacet
  facet normal 0 0 -1
    outer loop
      vertex 96.2 59.5 0
      vertex 92.7 63 0
      vertex 96.1701 59.9568 0
    endloop
  endfacet
  facet normal 0 0 -1
    outer loop
      vertex 92.7 0 0
      vertex 95.9336 2.16061 0
      vertex 95.7311 1.75 0
    endloop
  endfacet
  facet normal 0 0 -1
    outer loop
      vertex 96.1701 59.9568 0
      vertex 92.7 63 0
      vertex 96.0807 60.4059 0
    endloop
  endfacet
  facet normal 0 0 -1
    outer loop
      vertex 92.7 0 0
      vertex 95.7311 1.75 0
      vertex 95.4767 1.36934 0
    endloop
  endfacet
  facet normal 0 0 -1
    outer loop
      vertex 96.0807 60.4059 0
      vertex 92.7 63 0
      vertex 95.9336 60.8394 0
    endloop
  endfacet
  facet normal 0 0 -1
    outer loop
      vertex 92.7 0 0
      vertex 95.4767 1.36934 0
      vertex 95.1749 1.02513 0
    endloop
  endfacet
  facet normal 0 0 -1
    outer loop
      vertex 95.9336 60.8394 0
      vertex 92.7 63 0
      vertex 95.7311 61.25 0
    endloop
  endfacet
  facet normal 0 0 -1
    outer loop
      vertex 92.7 0 0
      vertex 95.1749 1.02513 0
      vertex 94.8307 0.723267 0
    endloop
  endfacet
  facet normal 0 0 -1
    outer loop
      vertex 95.7311 61.25 0
      vertex 92.7 63 0
      vertex 95.4767 61.6307 0
    endloop
  endfacet
  facet normal 0 0 -1
    outer loop
      vertex 92.7 0 0
      vertex 94.8307 0.723267 0
      vertex 94.45 0.468918 0
    endloop
  endfacet
  facet normal 0 0 -1
    outer loop
      vertex 95.4767 61.6307 0
      vertex 92.7 63 0
      vertex 95.1749 61.9749 0
    endloop
  endfacet
  facet normal 0 0 -1
    outer loop
      vertex 92.7 0 0
      vertex 94.45 0.468918 0
      vertex 94.0394 0.266418 0
    endloop
  endfacet
  facet normal 0 0 -1
    outer loop
      vertex 95.1749 61.9749 0
      vertex 92.7 63 0
      vertex 94.8307 62.2767 0
    endloop
  endfacet
  facet normal 0 0 -1
    outer loop
      vertex 92.7 0 0
      vertex 94.0394 0.266418 0
      vertex 93.6059 0.119263 0
    endloop
  endfacet
  facet normal 0 0 -1
    outer loop
      vertex 94.8307 62.2767 0
      vertex 92.7 63 0
      vertex 94.45 62.5311 0
    endloop
  endfacet
  facet normal 0 0 -1
    outer loop
      vertex 92.7 0 0
      vertex 93.6059 0.119263 0
      vertex 93.1568 0.0299377 0
    endloop
  endfacet
  facet normal 0 0 -1
    outer loop
      vertex 94.45 62.5311 0
      vertex 92.7 63 0
      vertex 94.0394 62.7336 0
    endloop
  endfacet
  facet normal 0 0 -1
    outer loop
      vertex 94.0394 62.7336 0
      vertex 92.7 63 0
      vertex 93.6059 62.8807 0
    endloop
  endfacet
  facet normal 0 0 -1
    outer loop
      vertex 93.6059 62.8807 0
      vertex 92.7 63 0
      vertex 93.1568 62.9701 0
    endloop
  endfacet
  facet normal 0 0 -1
    outer loop
      vertex 3.5 0 0
      vertex 92.7 63 0
      vertex 92.7 0 0
    endloop
  endfacet
  facet normal 0 0 -1
    outer loop
      vertex 3.5 0 0
      vertex 3.5 63 0
      vertex 92.7 63 0
    endloop
  endfacet
  facet normal 0 0 -1
    outer loop
      vertex 0 3.5 0
      vertex 3.5 0 0
      vertex 3.04315 0.0299377 0
    endloop
  endfacet
  facet normal 0 0 -1
    outer loop
      vertex 3.5 0 0
      vertex 0 3.5 0
      vertex 3.5 63 0
    endloop
  endfacet
  facet normal 0 0 -1
    outer loop
      vertex 0 3.5 0
      vertex 3.04315 0.0299377 0
      vertex 2.59413 0.119263 0
    endloop
  endfacet
  facet normal 0 0 -1
    outer loop
      vertex 0 59.5 0
      vertex 3.5 63 0
      vertex 0 3.5 0
    endloop
  endfacet
  facet normal 0 0 -1
    outer loop
      vertex 0 3.5 0
      vertex 2.59413 0.119263 0
      vertex 2.16061 0.266418 0
    endloop
  endfacet
  facet normal 0 0 -1
    outer loop
      vertex 3.5 63 0
      vertex 0 59.5 0
      vertex 3.04315 62.9701 0
    endloop
  endfacet
  facet normal 0 0 -1
    outer loop
      vertex 0 3.5 0
      vertex 2.16061 0.266418 0
      vertex 1.75 0.468918 0
    endloop
  endfacet
  facet normal 0 0 -1
    outer loop
      vertex 3.04315 62.9701 0
      vertex 0 59.5 0
      vertex 2.59413 62.8807 0
    endloop
  endfacet
  facet normal 0 0 -1
    outer loop
      vertex 0 3.5 0
      vertex 1.75 0.468918 0
      vertex 1.36934 0.723267 0
    endloop
  endfacet
  facet normal 0 0 -1
    outer loop
      vertex 2.59413 62.8807 0
      vertex 0 59.5 0
      vertex 2.16061 62.7336 0
    endloop
  endfacet
  facet normal 0 0 -1
    outer loop
      vertex 0 3.5 0
      vertex 1.36934 0.723267 0
      vertex 1.02513 1.02513 0
    endloop
  endfacet
  facet normal 0 0 -1
    outer loop
      vertex 2.16061 62.7336 0
      vertex 0 59.5 0
      vertex 1.75 62.5311 0
    endloop
  endfacet
  facet normal 0 0 -1
    outer loop
      vertex 0 3.5 0
      vertex 1.02513 1.02513 0
      vertex 0.723267 1.36934 0
    endloop
  endfacet
  facet normal 0 0 -1
    outer loop
      vertex 1.75 62.5311 0
      vertex 0 59.5 0
      vertex 1.36934 62.2767 0
    endloop
  endfacet
  facet normal 0 0 -1
    outer loop
      vertex 0 3.5 0
      vertex 0.723267 1.36934 0
      vertex 0.468918 1.75 0
    endloop
  endfacet
  facet normal 0 0 -1
    outer loop
      vertex 1.36934 62.2767 0
      vertex 0 59.5 0
      vertex 1.02513 61.9749 0
    endloop
  endfacet
  facet normal 0 0 -1
    outer loop
      vertex 0 3.5 0
      vertex 0.468918 1.75 0
      vertex 0.266418 2.16061 0
    endloop
  endfacet
  facet normal 0 0 -1
    outer loop
      vertex 1.02513 61.9749 0
      vertex 0 59.5 0
      vertex 0.723267 61.6307 0
    endloop
  endfacet
  facet normal 0 0 -1
    outer loop
      vertex 0 3.5 0
      vertex 0.266418 2.16061 0
      vertex 0.119263 2.59413 0
    endloop
  endfacet
  facet normal 0 0 -1
    outer loop
      vertex 0.723267 61.6307 0
      vertex 0 59.5 0
      vertex 0.468918 61.25 0
    endloop
  endfacet
  facet normal 0 0 -1
    outer loop
      vertex 0 3.5 0
      vertex 0.119263 2.59413 0
      vertex 0.0299377 3.04315 0
    endloop
  endfacet
  facet normal 0 0 -1
    outer loop
      vertex 0.468918 61.25 0
      vertex 0 59.5 0
      vertex 0.266418 60.8394 0
    endloop
  endfacet
  facet normal 0 0 -1
    outer loop
      vertex 0.266418 60.8394 0
      vertex 0 59.5 0
      vertex 0.119263 60.4059 0
    endloop
  endfacet
  facet normal 0 0 -1
    outer loop
      vertex 0.119263 60.4059 0
      vertex 0 59.5 0
      vertex 0.0299377 59.9568 0
    endloop
  endfacet
  facet normal -0.0653904 -0.99786 0
    outer loop
      vertex 3.04315 0.0299377 0
      vertex 3.5 0 20.5
      vertex 3.04315 0.0299377 20.5
    endloop
  endfacet
  facet normal -0.0653904 -0.99786 -0
    outer loop
      vertex 3.5 0 20.5
      vertex 3.04315 0.0299377 0
      vertex 3.5 0 0
    endloop
  endfacet
  facet normal 0.831418 -0.555647 0
    outer loop
      vertex 95.4767 1.36934 20.5
      vertex 95.7311 1.75 0
      vertex 95.7311 1.75 20.5
    endloop
  endfacet
  facet normal 0.831418 -0.555647 0
    outer loop
      vertex 95.7311 1.75 0
      vertex 95.4767 1.36934 20.5
      vertex 95.4767 1.36934 0
    endloop
  endfacet
  facet normal 0.94697 -0.321322 0
    outer loop
      vertex 95.9336 2.16061 20.5
      vertex 96.0807 2.59413 0
      vertex 96.0807 2.59413 20.5
    endloop
  endfacet
  facet normal 0.94697 -0.321322 0
    outer loop
      vertex 96.0807 2.59413 0
      vertex 95.9336 2.16061 20.5
      vertex 95.9336 2.16061 0
    endloop
  endfacet
  facet normal 0.321335 0.946966 -0
    outer loop
      vertex 94.0394 62.7336 0
      vertex 93.6059 62.8807 20.5
      vertex 94.0394 62.7336 20.5
    endloop
  endfacet
  facet normal 0.321335 0.946966 0
    outer loop
      vertex 93.6059 62.8807 20.5
      vertex 94.0394 62.7336 0
      vertex 93.6059 62.8807 0
    endloop
  endfacet
  facet normal 0.442314 0.89686 -0
    outer loop
      vertex 94.45 62.5311 0
      vertex 94.0394 62.7336 20.5
      vertex 94.45 62.5311 20.5
    endloop
  endfacet
  facet normal 0.442314 0.89686 0
    outer loop
      vertex 94.0394 62.7336 20.5
      vertex 94.45 62.5311 0
      vertex 94.0394 62.7336 0
    endloop
  endfacet
  facet normal 0.555607 0.831445 -0
    outer loop
      vertex 94.8307 62.2767 0
      vertex 94.45 62.5311 20.5
      vertex 94.8307 62.2767 20.5
    endloop
  endfacet
  facet normal 0.555607 0.831445 0
    outer loop
      vertex 94.45 62.5311 20.5
      vertex 94.8307 62.2767 0
      vertex 94.45 62.5311 0
    endloop
  endfacet
  facet normal -0.555647 0.831418 0
    outer loop
      vertex 1.75 62.5311 0
      vertex 1.36934 62.2767 20.5
      vertex 1.75 62.5311 20.5
    endloop
  endfacet
  facet normal -0.555647 0.831418 0
    outer loop
      vertex 1.36934 62.2767 20.5
      vertex 1.75 62.5311 0
      vertex 1.36934 62.2767 0
    endloop
  endfacet
  facet normal -0.946929 0.321443 0
    outer loop
      vertex 0.119263 60.4059 0
      vertex 0.266418 60.8394 20.5
      vertex 0.266418 60.8394 0
    endloop
  endfacet
  facet normal -0.946929 0.321443 0
    outer loop
      vertex 0.266418 60.8394 20.5
      vertex 0.119263 60.4059 0
      vertex 0.119263 60.4059 20.5
    endloop
  endfacet
  facet normal -0.980788 0.195077 0
    outer loop
      vertex 0.0299377 59.9568 0
      vertex 0.119263 60.4059 20.5
      vertex 0.119263 60.4059 0
    endloop
  endfacet
  facet normal -0.980788 0.195077 0
    outer loop
      vertex 0.119263 60.4059 20.5
      vertex 0.0299377 59.9568 0
      vertex 0.0299377 59.9568 20.5
    endloop
  endfacet
  facet normal -0.442305 -0.896864 0
    outer loop
      vertex 1.75 0.468918 0
      vertex 2.16061 0.266418 20.5
      vertex 1.75 0.468918 20.5
    endloop
  endfacet
  facet normal -0.442305 -0.896864 -0
    outer loop
      vertex 2.16061 0.266418 20.5
      vertex 1.75 0.468918 0
      vertex 2.16061 0.266418 0
    endloop
  endfacet
  facet normal -0.751841 -0.659344 0
    outer loop
      vertex 1.02513 1.02513 0
      vertex 0.723267 1.36934 20.5
      vertex 0.723267 1.36934 0
    endloop
  endfacet
  facet normal -0.751841 -0.659344 0
    outer loop
      vertex 0.723267 1.36934 20.5
      vertex 1.02513 1.02513 0
      vertex 1.02513 1.02513 20.5
    endloop
  endfacet
  facet normal -0.896864 -0.442305 0
    outer loop
      vertex 0.468918 1.75 0
      vertex 0.266418 2.16061 20.5
      vertex 0.266418 2.16061 0
    endloop
  endfacet
  facet normal -0.896864 -0.442305 0
    outer loop
      vertex 0.266418 2.16061 20.5
      vertex 0.468918 1.75 0
      vertex 0.468918 1.75 20.5
    endloop
  endfacet
  facet normal -0.195111 -0.980781 0
    outer loop
      vertex 2.59413 0.119263 0
      vertex 3.04315 0.0299377 20.5
      vertex 2.59413 0.119263 20.5
    endloop
  endfacet
  facet normal -0.195111 -0.980781 -0
    outer loop
      vertex 3.04315 0.0299377 20.5
      vertex 2.59413 0.119263 0
      vertex 3.04315 0.0299377 0
    endloop
  endfacet
  facet normal 0.997865 -0.0653085 0
    outer loop
      vertex 96.1701 3.04315 20.5
      vertex 96.2 3.5 0
      vertex 96.2 3.5 20.5
    endloop
  endfacet
  facet normal 0.997865 -0.0653085 0
    outer loop
      vertex 96.2 3.5 0
      vertex 96.1701 3.04315 20.5
      vertex 96.1701 3.04315 0
    endloop
  endfacet
  facet normal 0.321443 -0.946929 0
    outer loop
      vertex 93.6059 0.119263 0
      vertex 94.0394 0.266418 20.5
      vertex 93.6059 0.119263 20.5
    endloop
  endfacet
  facet normal 0.321443 -0.946929 0
    outer loop
      vertex 94.0394 0.266418 20.5
      vertex 93.6059 0.119263 0
      vertex 94.0394 0.266418 0
    endloop
  endfacet
  facet normal 0.195234 0.980757 -0
    outer loop
      vertex 93.6059 62.8807 0
      vertex 93.1568 62.9701 20.5
      vertex 93.6059 62.8807 20.5
    endloop
  endfacet
  facet normal 0.195234 0.980757 0
    outer loop
      vertex 93.1568 62.9701 20.5
      vertex 93.6059 62.8807 0
      vertex 93.1568 62.9701 0
    endloop
  endfacet
  facet normal -0.89686 0.442314 0
    outer loop
      vertex 0.266418 60.8394 0
      vertex 0.468918 61.25 20.5
      vertex 0.468918 61.25 0
    endloop
  endfacet
  facet normal -0.89686 0.442314 0
    outer loop
      vertex 0.468918 61.25 20.5
      vertex 0.266418 60.8394 0
      vertex 0.266418 60.8394 20.5
    endloop
  endfacet
  facet normal -0.831469 -0.55557 0
    outer loop
      vertex 0.723267 1.36934 0
      vertex 0.468918 1.75 20.5
      vertex 0.468918 1.75 0
    endloop
  endfacet
  facet normal -0.831469 -0.55557 0
    outer loop
      vertex 0.468918 1.75 20.5
      vertex 0.723267 1.36934 0
      vertex 0.723267 1.36934 20.5
    endloop
  endfacet
  facet normal -0.980781 -0.195111 0
    outer loop
      vertex 0.119263 2.59413 0
      vertex 0.0299377 3.04315 20.5
      vertex 0.0299377 3.04315 0
    endloop
  endfacet
  facet normal -0.980781 -0.195111 0
    outer loop
      vertex 0.0299377 3.04315 20.5
      vertex 0.119263 2.59413 0
      vertex 0.119263 2.59413 20.5
    endloop
  endfacet
  facet normal 0.997865 0.0653156 0
    outer loop
      vertex 96.2 59.5 20.5
      vertex 96.1701 59.9568 0
      vertex 96.1701 59.9568 20.5
    endloop
  endfacet
  facet normal 0.997865 0.0653156 0
    outer loop
      vertex 96.1701 59.9568 0
      vertex 96.2 59.5 20.5
      vertex 96.2 59.5 0
    endloop
  endfacet
  facet normal 0.946966 0.321335 0
    outer loop
      vertex 96.0807 60.4059 20.5
      vertex 95.9336 60.8394 0
      vertex 95.9336 60.8394 20.5
    endloop
  endfacet
  facet normal 0.946966 0.321335 0
    outer loop
      vertex 95.9336 60.8394 0
      vertex 96.0807 60.4059 20.5
      vertex 96.0807 60.4059 0
    endloop
  endfacet
  facet normal 0.896864 -0.442305 0
    outer loop
      vertex 95.7311 1.75 20.5
      vertex 95.9336 2.16061 0
      vertex 95.9336 2.16061 20.5
    endloop
  endfacet
  facet normal 0.896864 -0.442305 0
    outer loop
      vertex 95.9336 2.16061 0
      vertex 95.7311 1.75 20.5
      vertex 95.7311 1.75 0
    endloop
  endfacet
  facet normal 0.751909 -0.659267 0
    outer loop
      vertex 95.1749 1.02513 20.5
      vertex 95.4767 1.36934 0
      vertex 95.4767 1.36934 20.5
    endloop
  endfacet
  facet normal 0.751909 -0.659267 0
    outer loop
      vertex 95.4767 1.36934 0
      vertex 95.1749 1.02513 20.5
      vertex 95.1749 1.02513 0
    endloop
  endfacet
  facet normal 0.659355 -0.751831 0
    outer loop
      vertex 94.8307 0.723267 0
      vertex 95.1749 1.02513 20.5
      vertex 94.8307 0.723267 20.5
    endloop
  endfacet
  facet normal 0.659355 -0.751831 0
    outer loop
      vertex 95.1749 1.02513 20.5
      vertex 94.8307 0.723267 0
      vertex 95.1749 1.02513 0
    endloop
  endfacet
  facet normal 0.442314 -0.89686 0
    outer loop
      vertex 94.0394 0.266418 0
      vertex 94.45 0.468918 20.5
      vertex 94.0394 0.266418 20.5
    endloop
  endfacet
  facet normal 0.442314 -0.89686 0
    outer loop
      vertex 94.45 0.468918 20.5
      vertex 94.0394 0.266418 0
      vertex 94.45 0.468918 0
    endloop
  endfacet
  facet normal -0.751831 0.659355 0
    outer loop
      vertex 0.723267 61.6307 0
      vertex 1.02513 61.9749 20.5
      vertex 1.02513 61.9749 0
    endloop
  endfacet
  facet normal -0.751831 0.659355 0
    outer loop
      vertex 1.02513 61.9749 20.5
      vertex 0.723267 61.6307 0
      vertex 0.723267 61.6307 20.5
    endloop
  endfacet
  facet normal -0.831496 0.55553 0
    outer loop
      vertex 0.468918 61.25 0
      vertex 0.723267 61.6307 20.5
      vertex 0.723267 61.6307 0
    endloop
  endfacet
  facet normal -0.831496 0.55553 0
    outer loop
      vertex 0.723267 61.6307 20.5
      vertex 0.468918 61.25 0
      vertex 0.468918 61.25 20.5
    endloop
  endfacet
  facet normal -0.946934 -0.321429 0
    outer loop
      vertex 0.266418 2.16061 0
      vertex 0.119263 2.59413 20.5
      vertex 0.119263 2.59413 0
    endloop
  endfacet
  facet normal -0.946934 -0.321429 0
    outer loop
      vertex 0.119263 2.59413 20.5
      vertex 0.266418 2.16061 0
      vertex 0.266418 2.16061 20.5
    endloop
  endfacet
  facet normal 0.7519 0.659278 0
    outer loop
      vertex 95.4767 61.6307 20.5
      vertex 95.1749 61.9749 0
      vertex 95.1749 61.9749 20.5
    endloop
  endfacet
  facet normal 0.7519 0.659278 0
    outer loop
      vertex 95.1749 61.9749 0
      vertex 95.4767 61.6307 20.5
      vertex 95.4767 61.6307 0
    endloop
  endfacet
  facet normal 0.831445 0.555607 0
    outer loop
      vertex 95.7311 61.25 20.5
      vertex 95.4767 61.6307 0
      vertex 95.4767 61.6307 20.5
    endloop
  endfacet
  facet normal 0.831445 0.555607 0
    outer loop
      vertex 95.4767 61.6307 0
      vertex 95.7311 61.25 20.5
      vertex 95.7311 61.25 0
    endloop
  endfacet
  facet normal 0.89686 0.442314 0
    outer loop
      vertex 95.9336 60.8394 20.5
      vertex 95.7311 61.25 0
      vertex 95.7311 61.25 20.5
    endloop
  endfacet
  facet normal 0.89686 0.442314 0
    outer loop
      vertex 95.7311 61.25 0
      vertex 95.9336 60.8394 20.5
      vertex 95.9336 60.8394 0
    endloop
  endfacet
  facet normal 0.980757 0.195234 0
    outer loop
      vertex 96.1701 59.9568 20.5
      vertex 96.0807 60.4059 0
      vertex 96.0807 60.4059 20.5
    endloop
  endfacet
  facet normal 0.980757 0.195234 0
    outer loop
      vertex 96.0807 60.4059 0
      vertex 96.1701 59.9568 20.5
      vertex 96.1701 59.9568 0
    endloop
  endfacet
  facet normal 0.98075 -0.195268 0
    outer loop
      vertex 96.0807 2.59413 20.5
      vertex 96.1701 3.04315 0
      vertex 96.1701 3.04315 20.5
    endloop
  endfacet
  facet normal 0.98075 -0.195268 0
    outer loop
      vertex 96.1701 3.04315 0
      vertex 96.0807 2.59413 20.5
      vertex 96.0807 2.59413 0
    endloop
  endfacet
  facet normal 0.55553 -0.831496 0
    outer loop
      vertex 94.45 0.468918 0
      vertex 94.8307 0.723267 20.5
      vertex 94.45 0.468918 20.5
    endloop
  endfacet
  facet normal 0.55553 -0.831496 0
    outer loop
      vertex 94.8307 0.723267 20.5
      vertex 94.45 0.468918 0
      vertex 94.8307 0.723267 0
    endloop
  endfacet
  facet normal -0.321322 0.94697 0
    outer loop
      vertex 2.59413 62.8807 0
      vertex 2.16061 62.7336 20.5
      vertex 2.59413 62.8807 20.5
    endloop
  endfacet
  facet normal -0.321322 0.94697 0
    outer loop
      vertex 2.16061 62.7336 20.5
      vertex 2.59413 62.8807 0
      vertex 2.16061 62.7336 0
    endloop
  endfacet
  facet normal -0.195268 0.98075 0
    outer loop
      vertex 3.04315 62.9701 0
      vertex 2.59413 62.8807 20.5
      vertex 3.04315 62.9701 20.5
    endloop
  endfacet
  facet normal -0.195268 0.98075 0
    outer loop
      vertex 2.59413 62.8807 20.5
      vertex 3.04315 62.9701 0
      vertex 2.59413 62.8807 0
    endloop
  endfacet
  facet normal -0.321535 0.946898 0
    outer loop
      vertex 93.4271 1.74463 1.6
      vertex 93.1918 1.66473 20.5
      vertex 93.4271 1.74463 20.5
    endloop
  endfacet
  facet normal -0.321535 0.946898 0
    outer loop
      vertex 93.1918 1.66473 20.5
      vertex 93.4271 1.74463 1.6
      vertex 93.1918 1.66473 1.6
    endloop
  endfacet
  facet normal 0.194754 -0.980852 0
    outer loop
      vertex 3.00824 61.3353 1.6
      vertex 3.252 61.3837 20.5
      vertex 3.00824 61.3353 20.5
    endloop
  endfacet
  facet normal 0.194754 -0.980852 0
    outer loop
      vertex 3.252 61.3837 20.5
      vertex 3.00824 61.3353 1.6
      vertex 3.252 61.3837 1.6
    endloop
  endfacet
  facet normal -0.194994 0.980804 0
    outer loop
      vertex 93.1918 1.66473 1.6
      vertex 92.948 1.61626 20.5
      vertex 93.1918 1.66473 20.5
    endloop
  endfacet
  facet normal -0.194994 0.980804 0
    outer loop
      vertex 92.948 1.61626 20.5
      vertex 93.1918 1.66473 1.6
      vertex 92.948 1.61626 1.6
    endloop
  endfacet
  facet normal 0.55535 -0.831617 0
    outer loop
      vertex 2.34335 61.0074 1.6
      vertex 2.55 61.1454 20.5
      vertex 2.34335 61.0074 20.5
    endloop
  endfacet
  facet normal 0.55535 -0.831617 0
    outer loop
      vertex 2.55 61.1454 20.5
      vertex 2.34335 61.0074 1.6
      vertex 2.55 61.1454 1.6
    endloop
  endfacet
  facet normal 0.99786 -0.065384 0
    outer loop
      vertex 1.60001 59.5 20.5
      vertex 1.61626 59.748 1.6
      vertex 1.61626 59.748 20.5
    endloop
  endfacet
  facet normal 0.99786 -0.065384 0
    outer loop
      vertex 1.61626 59.748 1.6
      vertex 1.60001 59.5 20.5
      vertex 1.60001 59.5 1.6
    endloop
  endfacet
  facet normal 1 -0 0
    outer loop
      vertex 1.60001 3.5 20.5
      vertex 1.60001 59.5 1.6
      vertex 1.60001 59.5 20.5
    endloop
  endfacet
  facet normal 1 0 0
    outer loop
      vertex 1.60001 59.5 1.6
      vertex 1.60001 3.5 20.5
      vertex 1.60001 3.5 1.6
    endloop
  endfacet
  facet normal 0 1 0
    outer loop
      vertex 92.7 1.60001 20.5
      vertex 57.35 1.60001 20.3
      vertex 3.5 1.60001 20.5
    endloop
  endfacet
  facet normal 0 1 0
    outer loop
      vertex 92.7 1.60001 20.5
      vertex 57.35 1.60001 19.4
      vertex 57.35 1.60001 20.3
    endloop
  endfacet
  facet normal 0 1 0
    outer loop
      vertex 21.55 1.60001 1.6
      vertex 53.85 1.60001 19.4
      vertex 57.35 1.60001 19.4
    endloop
  endfacet
  facet normal 0 1 -0
    outer loop
      vertex 92.7 1.60001 1.6
      vertex 57.35 1.60001 19.4
      vertex 92.7 1.60001 20.5
    endloop
  endfacet
  facet normal 0 1 0
    outer loop
      vertex 21.55 1.60001 1.6
      vertex 57.35 1.60001 19.4
      vertex 92.7 1.60001 1.6
    endloop
  endfacet
  facet normal 0 1 0
    outer loop
      vertex 53.85 1.60001 19.4
      vertex 21.55 1.60001 1.6
      vertex 21.55 1.60001 8.75
    endloop
  endfacet
  facet normal 0 1 -0
    outer loop
      vertex 53.85 1.60001 20.3
      vertex 3.5 1.60001 20.5
      vertex 57.35 1.60001 20.3
    endloop
  endfacet
  facet normal 0 1 0
    outer loop
      vertex 21.55 1.60001 8.75
      vertex 53.85 1.60001 20.3
      vertex 53.85 1.60001 19.4
    endloop
  endfacet
  facet normal 0 1 0
    outer loop
      vertex 53.85 1.60001 20.3
      vertex 21.55 1.60001 8.75
      vertex 3.5 1.60001 20.5
    endloop
  endfacet
  facet normal 0 1 -0
    outer loop
      vertex 9.05 1.60001 8.75
      vertex 3.5 1.60001 20.5
      vertex 21.55 1.60001 8.75
    endloop
  endfacet
  facet normal 0 1 0
    outer loop
      vertex 3.5 1.60001 1.6
      vertex 9.05 1.60001 8.75
      vertex 9.05 1.60001 1.6
    endloop
  endfacet
  facet normal 0 1 0
    outer loop
      vertex 9.05 1.60001 8.75
      vertex 3.5 1.60001 1.6
      vertex 3.5 1.60001 20.5
    endloop
  endfacet
  facet normal -0.0655843 -0.997847 0
    outer loop
      vertex 92.7 61.4 1.6
      vertex 92.948 61.3837 20.5
      vertex 92.7 61.4 20.5
    endloop
  endfacet
  facet normal -0.0655843 -0.997847 -0
    outer loop
      vertex 92.948 61.3837 20.5
      vertex 92.7 61.4 1.6
      vertex 92.948 61.3837 1.6
    endloop
  endfacet
  facet normal 0 -1 0
    outer loop
      vertex 3.5 61.4 20.5
      vertex 53.85 61.4 20.3
      vertex 92.7 61.4 20.5
    endloop
  endfacet
  facet normal 0 -1 0
    outer loop
      vertex 3.5 61.4 20.5
      vertex 53.85 61.4 19.4
      vertex 53.85 61.4 20.3
    endloop
  endfacet
  facet normal 0 -1 0
    outer loop
      vertex 92.7 61.4 1.6
      vertex 53.85 61.4 19.4
      vertex 3.5 61.4 1.6
    endloop
  endfacet
  facet normal 0 -1 0
    outer loop
      vertex 3.5 61.4 1.6
      vertex 53.85 61.4 19.4
      vertex 3.5 61.4 20.5
    endloop
  endfacet
  facet normal 0 -1 0
    outer loop
      vertex 57.35 61.4 20.3
      vertex 92.7 61.4 20.5
      vertex 53.85 61.4 20.3
    endloop
  endfacet
  facet normal 0 -1 0
    outer loop
      vertex 57.35 61.4 19.4
      vertex 92.7 61.4 20.5
      vertex 57.35 61.4 20.3
    endloop
  endfacet
  facet normal 0 -1 0
    outer loop
      vertex 53.85 61.4 19.4
      vertex 92.7 61.4 1.6
      vertex 57.35 61.4 19.4
    endloop
  endfacet
  facet normal 0 -1 0
    outer loop
      vertex 57.35 61.4 19.4
      vertex 92.7 61.4 1.6
      vertex 92.7 61.4 20.5
    endloop
  endfacet
  facet normal -1 0 0
    outer loop
      vertex 94.6 3.5 1.6
      vertex 94.6 59.5 20.5
      vertex 94.6 59.5 1.6
    endloop
  endfacet
  facet normal -1 -0 0
    outer loop
      vertex 94.6 59.5 20.5
      vertex 94.6 3.5 1.6
      vertex 94.6 3.5 20.5
    endloop
  endfacet
  facet normal -0.980852 0.194754 0
    outer loop
      vertex 94.5353 3.00824 1.6
      vertex 94.5837 3.252 20.5
      vertex 94.5837 3.252 1.6
    endloop
  endfacet
  facet normal -0.980852 0.194754 0
    outer loop
      vertex 94.5837 3.252 20.5
      vertex 94.5353 3.00824 1.6
      vertex 94.5353 3.00824 20.5
    endloop
  endfacet
  facet normal 0.65941 -0.751784 0
    outer loop
      vertex 2.15649 60.8435 1.6
      vertex 2.34335 61.0074 20.5
      vertex 2.15649 60.8435 20.5
    endloop
  endfacet
  facet normal 0.65941 -0.751784 0
    outer loop
      vertex 2.34335 61.0074 20.5
      vertex 2.15649 60.8435 1.6
      vertex 2.34335 61.0074 1.6
    endloop
  endfacet
  facet normal 0.659319 0.751863 -0
    outer loop
      vertex 2.34335 1.99263 1.6
      vertex 2.15649 2.15649 20.5
      vertex 2.34335 1.99263 20.5
    endloop
  endfacet
  facet normal 0.659319 0.751863 0
    outer loop
      vertex 2.15649 2.15649 20.5
      vertex 2.34335 1.99263 1.6
      vertex 2.15649 2.15649 1.6
    endloop
  endfacet
  facet normal 0.442282 0.896876 -0
    outer loop
      vertex 2.7729 1.74463 1.6
      vertex 2.55 1.85455 20.5
      vertex 2.7729 1.74463 20.5
    endloop
  endfacet
  facet normal 0.442282 0.896876 0
    outer loop
      vertex 2.55 1.85455 20.5
      vertex 2.7729 1.74463 1.6
      vertex 2.55 1.85455 1.6
    endloop
  endfacet
  facet normal 0.195025 0.980798 -0
    outer loop
      vertex 3.252 1.61626 1.6
      vertex 3.00824 1.66473 20.5
      vertex 3.252 1.61626 20.5
    endloop
  endfacet
  facet normal 0.195025 0.980798 0
    outer loop
      vertex 3.00824 1.66473 20.5
      vertex 3.252 1.61626 1.6
      vertex 3.00824 1.66473 1.6
    endloop
  endfacet
  facet normal -0.065384 0.99786 0
    outer loop
      vertex 92.948 1.61626 1.6
      vertex 92.7 1.60001 20.5
      vertex 92.948 1.61626 20.5
    endloop
  endfacet
  facet normal -0.065384 0.99786 0
    outer loop
      vertex 92.7 1.60001 20.5
      vertex 92.948 1.61626 1.6
      vertex 92.7 1.60001 1.6
    endloop
  endfacet
  facet normal -0.321535 -0.946898 0
    outer loop
      vertex 93.1918 61.3353 1.6
      vertex 93.4271 61.2554 20.5
      vertex 93.1918 61.3353 20.5
    endloop
  endfacet
  facet normal -0.321535 -0.946898 -0
    outer loop
      vertex 93.4271 61.2554 20.5
      vertex 93.1918 61.3353 1.6
      vertex 93.4271 61.2554 1.6
    endloop
  endfacet
  facet normal -0.442541 -0.896748 0
    outer loop
      vertex 93.4271 61.2554 1.6
      vertex 93.65 61.1454 20.5
      vertex 93.4271 61.2554 20.5
    endloop
  endfacet
  facet normal -0.442541 -0.896748 -0
    outer loop
      vertex 93.65 61.1454 20.5
      vertex 93.4271 61.2554 1.6
      vertex 93.65 61.1454 1.6
    endloop
  endfacet
  facet normal -0.194723 -0.980858 0
    outer loop
      vertex 92.948 61.3837 1.6
      vertex 93.1918 61.3353 20.5
      vertex 92.948 61.3837 20.5
    endloop
  endfacet
  facet normal -0.194723 -0.980858 -0
    outer loop
      vertex 93.1918 61.3353 20.5
      vertex 92.948 61.3837 1.6
      vertex 93.1918 61.3353 1.6
    endloop
  endfacet
  facet normal 0.0655843 -0.997847 0
    outer loop
      vertex 3.252 61.3837 1.6
      vertex 3.5 61.4 20.5
      vertex 3.252 61.3837 20.5
    endloop
  endfacet
  facet normal 0.0655843 -0.997847 0
    outer loop
      vertex 3.5 61.4 20.5
      vertex 3.252 61.3837 1.6
      vertex 3.5 61.4 1.6
    endloop
  endfacet
  facet normal -0.65933 -0.751854 0
    outer loop
      vertex 93.8566 61.0074 1.6
      vertex 94.0435 60.8435 20.5
      vertex 93.8566 61.0074 20.5
    endloop
  endfacet
  facet normal -0.65933 -0.751854 -0
    outer loop
      vertex 94.0435 60.8435 20.5
      vertex 93.8566 61.0074 1.6
      vertex 94.0435 60.8435 1.6
    endloop
  endfacet
  facet normal -0.946914 0.321486 0
    outer loop
      vertex 94.4554 2.7729 1.6
      vertex 94.5353 3.00824 20.5
      vertex 94.5353 3.00824 1.6
    endloop
  endfacet
  facet normal -0.946914 0.321486 0
    outer loop
      vertex 94.5353 3.00824 20.5
      vertex 94.4554 2.7729 1.6
      vertex 94.4554 2.7729 20.5
    endloop
  endfacet
  facet normal 0.751933 -0.659239 0
    outer loop
      vertex 1.99263 60.6566 20.5
      vertex 2.15649 60.8435 1.6
      vertex 2.15649 60.8435 20.5
    endloop
  endfacet
  facet normal 0.751933 -0.659239 0
    outer loop
      vertex 2.15649 60.8435 1.6
      vertex 1.99263 60.6566 20.5
      vertex 1.99263 60.6566 1.6
    endloop
  endfacet
  facet normal 0.831406 -0.555666 0
    outer loop
      vertex 1.85455 60.45 20.5
      vertex 1.99263 60.6566 1.6
      vertex 1.99263 60.6566 20.5
    endloop
  endfacet
  facet normal 0.831406 -0.555666 0
    outer loop
      vertex 1.99263 60.6566 1.6
      vertex 1.85455 60.45 20.5
      vertex 1.85455 60.45 1.6
    endloop
  endfacet
  facet normal 0.980804 -0.194994 0
    outer loop
      vertex 1.61626 59.748 20.5
      vertex 1.66473 59.9918 1.6
      vertex 1.66473 59.9918 20.5
    endloop
  endfacet
  facet normal 0.980804 -0.194994 0
    outer loop
      vertex 1.66473 59.9918 1.6
      vertex 1.61626 59.748 20.5
      vertex 1.61626 59.748 1.6
    endloop
  endfacet
  facet normal 0.321486 0.946914 -0
    outer loop
      vertex 3.00824 1.66473 1.6
      vertex 2.7729 1.74463 20.5
      vertex 3.00824 1.66473 20.5
    endloop
  endfacet
  facet normal 0.321486 0.946914 0
    outer loop
      vertex 2.7729 1.74463 20.5
      vertex 3.00824 1.66473 1.6
      vertex 2.7729 1.74463 1.6
    endloop
  endfacet
  facet normal 0.065384 0.99786 -0
    outer loop
      vertex 3.5 1.60001 1.6
      vertex 3.252 1.61626 20.5
      vertex 3.5 1.60001 20.5
    endloop
  endfacet
  facet normal 0.065384 0.99786 0
    outer loop
      vertex 3.252 1.61626 20.5
      vertex 3.5 1.60001 1.6
      vertex 3.252 1.61626 1.6
    endloop
  endfacet
  facet normal -0.896748 -0.442541 0
    outer loop
      vertex 94.4554 60.2271 1.6
      vertex 94.3454 60.45 20.5
      vertex 94.3454 60.45 1.6
    endloop
  endfacet
  facet normal -0.896748 -0.442541 0
    outer loop
      vertex 94.3454 60.45 20.5
      vertex 94.4554 60.2271 1.6
      vertex 94.4554 60.2271 20.5
    endloop
  endfacet
  facet normal -0.751854 -0.65933 0
    outer loop
      vertex 94.2074 60.6566 1.6
      vertex 94.0435 60.8435 20.5
      vertex 94.0435 60.8435 1.6
    endloop
  endfacet
  facet normal -0.751854 -0.65933 0
    outer loop
      vertex 94.0435 60.8435 20.5
      vertex 94.2074 60.6566 1.6
      vertex 94.2074 60.6566 20.5
    endloop
  endfacet
  facet normal -0.997847 0.0655843 0
    outer loop
      vertex 94.5837 3.252 1.6
      vertex 94.6 3.5 20.5
      vertex 94.6 3.5 1.6
    endloop
  endfacet
  facet normal -0.997847 0.0655843 0
    outer loop
      vertex 94.6 3.5 20.5
      vertex 94.5837 3.252 1.6
      vertex 94.5837 3.252 20.5
    endloop
  endfacet
  facet normal -0.831617 0.55535 0
    outer loop
      vertex 94.2074 2.34335 1.6
      vertex 94.3454 2.55 20.5
      vertex 94.3454 2.55 1.6
    endloop
  endfacet
  facet normal -0.831617 0.55535 0
    outer loop
      vertex 94.3454 2.55 20.5
      vertex 94.2074 2.34335 1.6
      vertex 94.2074 2.34335 20.5
    endloop
  endfacet
  facet normal -0.659239 0.751933 0
    outer loop
      vertex 94.0435 2.15649 1.6
      vertex 93.8566 1.99263 20.5
      vertex 94.0435 2.15649 20.5
    endloop
  endfacet
  facet normal -0.659239 0.751933 0
    outer loop
      vertex 93.8566 1.99263 20.5
      vertex 94.0435 2.15649 1.6
      vertex 93.8566 1.99263 1.6
    endloop
  endfacet
  facet normal -0.442282 0.896876 0
    outer loop
      vertex 93.65 1.85455 1.6
      vertex 93.4271 1.74463 20.5
      vertex 93.65 1.85455 20.5
    endloop
  endfacet
  facet normal -0.442282 0.896876 0
    outer loop
      vertex 93.4271 1.74463 20.5
      vertex 93.65 1.85455 1.6
      vertex 93.4271 1.74463 1.6
    endloop
  endfacet
  facet normal 0.442541 -0.896748 0
    outer loop
      vertex 2.55 61.1454 1.6
      vertex 2.7729 61.2554 20.5
      vertex 2.55 61.1454 20.5
    endloop
  endfacet
  facet normal 0.442541 -0.896748 0
    outer loop
      vertex 2.7729 61.2554 20.5
      vertex 2.55 61.1454 1.6
      vertex 2.7729 61.2554 1.6
    endloop
  endfacet
  facet normal 0.896876 -0.442282 0
    outer loop
      vertex 1.74463 60.2271 20.5
      vertex 1.85455 60.45 1.6
      vertex 1.85455 60.45 20.5
    endloop
  endfacet
  facet normal 0.896876 -0.442282 0
    outer loop
      vertex 1.85455 60.45 1.6
      vertex 1.74463 60.2271 20.5
      vertex 1.74463 60.2271 1.6
    endloop
  endfacet
  facet normal 0.946898 -0.321535 0
    outer loop
      vertex 1.66473 59.9918 20.5
      vertex 1.74463 60.2271 1.6
      vertex 1.74463 60.2271 20.5
    endloop
  endfacet
  facet normal 0.946898 -0.321535 0
    outer loop
      vertex 1.74463 60.2271 1.6
      vertex 1.66473 59.9918 20.5
      vertex 1.66473 59.9918 1.6
    endloop
  endfacet
  facet normal 0.555573 0.831468 -0
    outer loop
      vertex 2.55 1.85455 1.6
      vertex 2.34335 1.99263 20.5
      vertex 2.55 1.85455 20.5
    endloop
  endfacet
  facet normal 0.555573 0.831468 0
    outer loop
      vertex 2.34335 1.99263 20.5
      vertex 2.55 1.85455 1.6
      vertex 2.34335 1.99263 1.6
    endloop
  endfacet
  facet normal 0.99786 0.065384 0
    outer loop
      vertex 1.61626 3.252 20.5
      vertex 1.60001 3.5 1.6
      vertex 1.60001 3.5 20.5
    endloop
  endfacet
  facet normal 0.99786 0.065384 0
    outer loop
      vertex 1.60001 3.5 1.6
      vertex 1.61626 3.252 20.5
      vertex 1.61626 3.252 1.6
    endloop
  endfacet
  facet normal 0 0 1
    outer loop
      vertex 9.98157 55.725 1.6
      vertex 63.2184 55.725 1.6
      vertex 10.1407 56.0476 1.6
    endloop
  endfacet
  facet normal 0 0 1
    outer loop
      vertex 21.55 4.7 1.6
      vertex 10.3265 8.45895 1.6
      vertex 10.35 8.1 1.6
    endloop
  endfacet
  facet normal 0 0 1
    outer loop
      vertex 63.2184 55.725 1.6
      vertex 9.98157 55.725 1.6
      vertex 63.4183 55.4259 1.6
    endloop
  endfacet
  facet normal 0 0 1
    outer loop
      vertex 21.55 4.7 1.6
      vertex 10.2563 8.81175 1.6
      vertex 10.3265 8.45895 1.6
    endloop
  endfacet
  facet normal 0 0 1
    outer loop
      vertex 9.78172 55.4259 1.6
      vertex 63.4183 55.4259 1.6
      vertex 9.98157 55.725 1.6
    endloop
  endfacet
  facet normal 0 0 1
    outer loop
      vertex 21.55 4.7 1.6
      vertex 10.1407 9.15238 1.6
      vertex 10.2563 8.81175 1.6
    endloop
  endfacet
  facet normal 0 0 1
    outer loop
      vertex 63.4183 55.4259 1.6
      vertex 9.78172 55.4259 1.6
      vertex 21.55 4.7 1.6
    endloop
  endfacet
  facet normal 0 0 1
    outer loop
      vertex 21.55 4.7 1.6
      vertex 9.98157 9.475 1.6
      vertex 10.1407 9.15238 1.6
    endloop
  endfacet
  facet normal -0 0 1
    outer loop
      vertex 9.54454 55.1555 1.6
      vertex 21.55 4.7 1.6
      vertex 9.78172 55.4259 1.6
    endloop
  endfacet
  facet normal 0 0 1
    outer loop
      vertex 21.55 4.7 1.6
      vertex 9.78172 9.77409 1.6
      vertex 9.98157 9.475 1.6
    endloop
  endfacet
  facet normal -0 0 1
    outer loop
      vertex 9.27409 54.9183 1.6
      vertex 21.55 4.7 1.6
      vertex 9.54454 55.1555 1.6
    endloop
  endfacet
  facet normal 0 0 1
    outer loop
      vertex 21.55 4.7 1.6
      vertex 9.54454 10.0445 1.6
      vertex 9.78172 9.77409 1.6
    endloop
  endfacet
  facet normal -0 0 1
    outer loop
      vertex 9.27409 10.2817 1.6
      vertex 21.55 4.7 1.6
      vertex 9.27409 54.9183 1.6
    endloop
  endfacet
  facet normal 0 0 1
    outer loop
      vertex 21.55 4.7 1.6
      vertex 9.27409 10.2817 1.6
      vertex 9.54454 10.0445 1.6
    endloop
  endfacet
  facet normal -0 0 1
    outer loop
      vertex 8.975 54.7184 1.6
      vertex 9.27409 10.2817 1.6
      vertex 9.27409 54.9183 1.6
    endloop
  endfacet
  facet normal 0 0 1
    outer loop
      vertex 8.975 54.7184 1.6
      vertex 8.975 10.4816 1.6
      vertex 9.27409 10.2817 1.6
    endloop
  endfacet
  facet normal -0 0 1
    outer loop
      vertex 8.65238 54.5593 1.6
      vertex 8.975 10.4816 1.6
      vertex 8.975 54.7184 1.6
    endloop
  endfacet
  facet normal 0 0 1
    outer loop
      vertex 8.65238 54.5593 1.6
      vertex 8.65238 10.6407 1.6
      vertex 8.975 10.4816 1.6
    endloop
  endfacet
  facet normal -0 0 1
    outer loop
      vertex 8.31175 54.4437 1.6
      vertex 8.65238 10.6407 1.6
      vertex 8.65238 54.5593 1.6
    endloop
  endfacet
  facet normal 0 0 1
    outer loop
      vertex 8.31175 54.4437 1.6
      vertex 8.31175 10.7563 1.6
      vertex 8.65238 10.6407 1.6
    endloop
  endfacet
  facet normal -0 0 1
    outer loop
      vertex 7.95895 54.3735 1.6
      vertex 8.31175 10.7563 1.6
      vertex 8.31175 54.4437 1.6
    endloop
  endfacet
  facet normal 0 0 1
    outer loop
      vertex 7.95895 54.3735 1.6
      vertex 7.95895 10.8265 1.6
      vertex 8.31175 10.7563 1.6
    endloop
  endfacet
  facet normal -0 0 1
    outer loop
      vertex 7.6 54.35 1.6
      vertex 7.95895 10.8265 1.6
      vertex 7.95895 54.3735 1.6
    endloop
  endfacet
  facet normal 0 0 1
    outer loop
      vertex 7.6 54.35 1.6
      vertex 7.6 10.85 1.6
      vertex 7.95895 10.8265 1.6
    endloop
  endfacet
  facet normal 0 0 1
    outer loop
      vertex 7.24105 54.3735 1.6
      vertex 7.6 10.85 1.6
      vertex 7.6 54.35 1.6
    endloop
  endfacet
  facet normal 0 0 1
    outer loop
      vertex 7.24105 54.3735 1.6
      vertex 7.24105 10.8265 1.6
      vertex 7.6 10.85 1.6
    endloop
  endfacet
  facet normal 0 0 1
    outer loop
      vertex 6.88825 54.4437 1.6
      vertex 7.24105 10.8265 1.6
      vertex 7.24105 54.3735 1.6
    endloop
  endfacet
  facet normal 0 0 1
    outer loop
      vertex 6.88825 54.4437 1.6
      vertex 6.88825 10.7563 1.6
      vertex 7.24105 10.8265 1.6
    endloop
  endfacet
  facet normal 0 0 1
    outer loop
      vertex 6.54762 54.5593 1.6
      vertex 6.88825 10.7563 1.6
      vertex 6.88825 54.4437 1.6
    endloop
  endfacet
  facet normal 0 0 1
    outer loop
      vertex 6.54762 54.5593 1.6
      vertex 6.54762 10.6407 1.6
      vertex 6.88825 10.7563 1.6
    endloop
  endfacet
  facet normal 0 0 1
    outer loop
      vertex 6.225 54.7184 1.6
      vertex 6.54762 10.6407 1.6
      vertex 6.54762 54.5593 1.6
    endloop
  endfacet
  facet normal 0 0 1
    outer loop
      vertex 6.225 54.7184 1.6
      vertex 6.225 10.4816 1.6
      vertex 6.54762 10.6407 1.6
    endloop
  endfacet
  facet normal 0 0 1
    outer loop
      vertex 5.92591 54.9183 1.6
      vertex 6.225 10.4816 1.6
      vertex 6.225 54.7184 1.6
    endloop
  endfacet
  facet normal 0 0 1
    outer loop
      vertex 5.92591 54.9183 1.6
      vertex 5.92591 10.2817 1.6
      vertex 6.225 10.4816 1.6
    endloop
  endfacet
  facet normal 0 0 1
    outer loop
      vertex 5.65546 55.1555 1.6
      vertex 5.92591 10.2817 1.6
      vertex 5.92591 54.9183 1.6
    endloop
  endfacet
  facet normal 0 0 1
    outer loop
      vertex 5.65546 55.1555 1.6
      vertex 5.65546 10.0445 1.6
      vertex 5.92591 10.2817 1.6
    endloop
  endfacet
  facet normal 0 0 1
    outer loop
      vertex 5.41828 55.4259 1.6
      vertex 5.65546 10.0445 1.6
      vertex 5.65546 55.1555 1.6
    endloop
  endfacet
  facet normal 0 0 1
    outer loop
      vertex 5.41828 55.4259 1.6
      vertex 5.41828 9.77409 1.6
      vertex 5.65546 10.0445 1.6
    endloop
  endfacet
  facet normal 0 0 1
    outer loop
      vertex 1.60001 59.5 1.6
      vertex 5.41828 55.4259 1.6
      vertex 5.21843 55.725 1.6
    endloop
  endfacet
  facet normal 0 0 1
    outer loop
      vertex 5.41828 55.4259 1.6
      vertex 1.60001 59.5 1.6
      vertex 5.41828 9.77409 1.6
    endloop
  endfacet
  facet normal 0 0 1
    outer loop
      vertex 1.60001 59.5 1.6
      vertex 5.21843 55.725 1.6
      vertex 5.05933 56.0476 1.6
    endloop
  endfacet
  facet normal 0 0 1
    outer loop
      vertex 5.41828 9.77409 1.6
      vertex 1.60001 59.5 1.6
      vertex 5.21843 9.475 1.6
    endloop
  endfacet
  facet normal 0 0 1
    outer loop
      vertex 1.60001 59.5 1.6
      vertex 5.05933 56.0476 1.6
      vertex 4.9437 56.3882 1.6
    endloop
  endfacet
  facet normal 0 0 1
    outer loop
      vertex 1.60001 3.5 1.6
      vertex 5.21843 9.475 1.6
      vertex 1.60001 59.5 1.6
    endloop
  endfacet
  facet normal 0 0 1
    outer loop
      vertex 1.60001 59.5 1.6
      vertex 4.9437 56.3882 1.6
      vertex 4.87353 56.7411 1.6
    endloop
  endfacet
  facet normal 0 0 1
    outer loop
      vertex 5.21843 9.475 1.6
      vertex 1.60001 3.5 1.6
      vertex 5.05933 9.15238 1.6
    endloop
  endfacet
  facet normal 0 0 1
    outer loop
      vertex 1.60001 59.5 1.6
      vertex 4.87353 56.7411 1.6
      vertex 4.85 57.1 1.6
    endloop
  endfacet
  facet normal 0 0 1
    outer loop
      vertex 5.05933 9.15238 1.6
      vertex 1.60001 3.5 1.6
      vertex 4.9437 8.81175 1.6
    endloop
  endfacet
  facet normal 0 0 1
    outer loop
      vertex 68.1407 56.0476 1.6
      vertex 92.7 61.4 1.6
      vertex 68.2563 56.3882 1.6
    endloop
  endfacet
  facet normal 0 0 1
    outer loop
      vertex 94.6 59.5 1.6
      vertex 68.3265 8.45895 1.6
      vertex 68.35 8.1 1.6
    endloop
  endfacet
  facet normal 0 0 1
    outer loop
      vertex 92.7 61.4 1.6
      vertex 68.1407 56.0476 1.6
      vertex 94.6 59.5 1.6
    endloop
  endfacet
  facet normal 0 0 1
    outer loop
      vertex 94.6 59.5 1.6
      vertex 68.2563 8.81175 1.6
      vertex 68.3265 8.45895 1.6
    endloop
  endfacet
  facet normal 0 0 1
    outer loop
      vertex 67.9816 55.725 1.6
      vertex 94.6 59.5 1.6
      vertex 68.1407 56.0476 1.6
    endloop
  endfacet
  facet normal 0 0 1
    outer loop
      vertex 94.6 59.5 1.6
      vertex 68.1407 9.15238 1.6
      vertex 68.2563 8.81175 1.6
    endloop
  endfacet
  facet normal 0 0 1
    outer loop
      vertex 67.7817 55.4259 1.6
      vertex 94.6 59.5 1.6
      vertex 67.9816 55.725 1.6
    endloop
  endfacet
  facet normal 0 0 1
    outer loop
      vertex 94.6 59.5 1.6
      vertex 67.9816 9.475 1.6
      vertex 68.1407 9.15238 1.6
    endloop
  endfacet
  facet normal 0 0 1
    outer loop
      vertex 67.5445 55.1555 1.6
      vertex 94.6 59.5 1.6
      vertex 67.7817 55.4259 1.6
    endloop
  endfacet
  facet normal 0 0 1
    outer loop
      vertex 94.6 59.5 1.6
      vertex 67.7817 9.77409 1.6
      vertex 67.9816 9.475 1.6
    endloop
  endfacet
  facet normal 0 0 1
    outer loop
      vertex 67.2741 54.9183 1.6
      vertex 94.6 59.5 1.6
      vertex 67.5445 55.1555 1.6
    endloop
  endfacet
  facet normal 0 0 1
    outer loop
      vertex 94.6 59.5 1.6
      vertex 67.5445 10.0445 1.6
      vertex 67.7817 9.77409 1.6
    endloop
  endfacet
  facet normal 0 0 1
    outer loop
      vertex 67.2741 10.2817 1.6
      vertex 94.6 59.5 1.6
      vertex 67.2741 54.9183 1.6
    endloop
  endfacet
  facet normal 0 0 1
    outer loop
      vertex 94.6 59.5 1.6
      vertex 67.2741 10.2817 1.6
      vertex 67.5445 10.0445 1.6
    endloop
  endfacet
  facet normal -0 0 1
    outer loop
      vertex 66.975 54.7184 1.6
      vertex 67.2741 10.2817 1.6
      vertex 67.2741 54.9183 1.6
    endloop
  endfacet
  facet normal 0 0 1
    outer loop
      vertex 66.975 54.7184 1.6
      vertex 66.975 10.4816 1.6
      vertex 67.2741 10.2817 1.6
    endloop
  endfacet
  facet normal -0 0 1
    outer loop
      vertex 66.6524 54.5593 1.6
      vertex 66.975 10.4816 1.6
      vertex 66.975 54.7184 1.6
    endloop
  endfacet
  facet normal 0 0 1
    outer loop
      vertex 66.6524 54.5593 1.6
      vertex 66.6524 10.6407 1.6
      vertex 66.975 10.4816 1.6
    endloop
  endfacet
  facet normal -0 0 1
    outer loop
      vertex 66.3118 54.4437 1.6
      vertex 66.6524 10.6407 1.6
      vertex 66.6524 54.5593 1.6
    endloop
  endfacet
  facet normal 0 0 1
    outer loop
      vertex 66.3118 54.4437 1.6
      vertex 66.3118 10.7563 1.6
      vertex 66.6524 10.6407 1.6
    endloop
  endfacet
  facet normal -0 0 1
    outer loop
      vertex 65.9589 54.3735 1.6
      vertex 66.3118 10.7563 1.6
      vertex 66.3118 54.4437 1.6
    endloop
  endfacet
  facet normal 0 0 1
    outer loop
      vertex 65.9589 54.3735 1.6
      vertex 65.9589 10.8265 1.6
      vertex 66.3118 10.7563 1.6
    endloop
  endfacet
  facet normal -0 0 1
    outer loop
      vertex 65.6 54.35 1.6
      vertex 65.9589 10.8265 1.6
      vertex 65.9589 54.3735 1.6
    endloop
  endfacet
  facet normal 0 0 1
    outer loop
      vertex 65.6 54.35 1.6
      vertex 65.6 10.85 1.6
      vertex 65.9589 10.8265 1.6
    endloop
  endfacet
  facet normal 0 0 1
    outer loop
      vertex 65.2411 54.3735 1.6
      vertex 65.6 10.85 1.6
      vertex 65.6 54.35 1.6
    endloop
  endfacet
  facet normal 0 0 1
    outer loop
      vertex 65.2411 54.3735 1.6
      vertex 65.2411 10.8265 1.6
      vertex 65.6 10.85 1.6
    endloop
  endfacet
  facet normal 0 0 1
    outer loop
      vertex 64.8882 54.4437 1.6
      vertex 65.2411 10.8265 1.6
      vertex 65.2411 54.3735 1.6
    endloop
  endfacet
  facet normal 0 0 1
    outer loop
      vertex 64.8882 54.4437 1.6
      vertex 64.8882 10.7563 1.6
      vertex 65.2411 10.8265 1.6
    endloop
  endfacet
  facet normal 0 0 1
    outer loop
      vertex 64.5476 54.5593 1.6
      vertex 64.8882 10.7563 1.6
      vertex 64.8882 54.4437 1.6
    endloop
  endfacet
  facet normal 0 0 1
    outer loop
      vertex 64.5476 54.5593 1.6
      vertex 64.5476 10.6407 1.6
      vertex 64.8882 10.7563 1.6
    endloop
  endfacet
  facet normal 0 0 1
    outer loop
      vertex 64.225 54.7184 1.6
      vertex 64.5476 10.6407 1.6
      vertex 64.5476 54.5593 1.6
    endloop
  endfacet
  facet normal 0 0 1
    outer loop
      vertex 64.225 54.7184 1.6
      vertex 64.225 10.4816 1.6
      vertex 64.5476 10.6407 1.6
    endloop
  endfacet
  facet normal 0 0 1
    outer loop
      vertex 63.9259 54.9183 1.6
      vertex 64.225 10.4816 1.6
      vertex 64.225 54.7184 1.6
    endloop
  endfacet
  facet normal 0 0 1
    outer loop
      vertex 63.9259 54.9183 1.6
      vertex 63.9259 10.2817 1.6
      vertex 64.225 10.4816 1.6
    endloop
  endfacet
  facet normal 0 0 1
    outer loop
      vertex 63.6555 55.1555 1.6
      vertex 63.9259 10.2817 1.6
      vertex 63.9259 54.9183 1.6
    endloop
  endfacet
  facet normal 0 0 1
    outer loop
      vertex 63.6555 55.1555 1.6
      vertex 63.6555 10.0445 1.6
      vertex 63.9259 10.2817 1.6
    endloop
  endfacet
  facet normal 0 0 1
    outer loop
      vertex 21.55 4.7 1.6
      vertex 63.6555 55.1555 1.6
      vertex 63.4183 55.4259 1.6
    endloop
  endfacet
  facet normal 0 0 1
    outer loop
      vertex 63.6555 55.1555 1.6
      vertex 21.55 4.7 1.6
      vertex 63.6555 10.0445 1.6
    endloop
  endfacet
  facet normal 0 0 1
    outer loop
      vertex 62.9437 56.3882 1.6
      vertex 10.2563 56.3882 1.6
      vertex 63.0593 56.0476 1.6
    endloop
  endfacet
  facet normal 0 0 1
    outer loop
      vertex 63.6555 10.0445 1.6
      vertex 21.55 4.7 1.6
      vertex 63.4183 9.77409 1.6
    endloop
  endfacet
  facet normal 0 0 1
    outer loop
      vertex 10.2563 56.3882 1.6
      vertex 62.9437 56.3882 1.6
      vertex 10.3265 56.7411 1.6
    endloop
  endfacet
  facet normal 0 0 1
    outer loop
      vertex 63.4183 9.77409 1.6
      vertex 21.55 4.7 1.6
      vertex 63.2184 9.475 1.6
    endloop
  endfacet
  facet normal 0 0 1
    outer loop
      vertex 62.8735 56.7411 1.6
      vertex 10.3265 56.7411 1.6
      vertex 62.9437 56.3882 1.6
    endloop
  endfacet
  facet normal 0 0 1
    outer loop
      vertex 63.2184 9.475 1.6
      vertex 21.55 4.7 1.6
      vertex 63.0593 9.15238 1.6
    endloop
  endfacet
  facet normal 0 0 1
    outer loop
      vertex 10.3265 56.7411 1.6
      vertex 62.8735 56.7411 1.6
      vertex 10.35 57.1 1.6
    endloop
  endfacet
  facet normal 0 0 1
    outer loop
      vertex 63.0593 9.15238 1.6
      vertex 21.55 4.7 1.6
      vertex 62.9437 8.81175 1.6
    endloop
  endfacet
  facet normal -0 0 1
    outer loop
      vertex 10.35 57.1 1.6
      vertex 62.8735 56.7411 1.6
      vertex 62.85 57.1 1.6
    endloop
  endfacet
  facet normal 0 0 1
    outer loop
      vertex 62.9437 8.81175 1.6
      vertex 21.55 4.7 1.6
      vertex 62.8735 8.45895 1.6
    endloop
  endfacet
  facet normal 0 0 1
    outer loop
      vertex 92.7 61.4 1.6
      vertex 94.6 59.5 1.6
      vertex 94.5837 59.748 1.6
    endloop
  endfacet
  facet normal 0 0 1
    outer loop
      vertex 94.6 59.5 1.6
      vertex 68.35 8.1 1.6
      vertex 94.6 3.5 1.6
    endloop
  endfacet
  facet normal 0 0 1
    outer loop
      vertex 92.7 61.4 1.6
      vertex 94.5837 59.748 1.6
      vertex 94.5353 59.9918 1.6
    endloop
  endfacet
  facet normal 0 -0 1
    outer loop
      vertex 92.7 1.60001 1.6
      vertex 94.6 3.5 1.6
      vertex 68.35 8.1 1.6
    endloop
  endfacet
  facet normal 0 0 1
    outer loop
      vertex 92.7 61.4 1.6
      vertex 94.5353 59.9918 1.6
      vertex 94.4554 60.2271 1.6
    endloop
  endfacet
  facet normal 0 0 1
    outer loop
      vertex 94.6 3.5 1.6
      vertex 92.7 1.60001 1.6
      vertex 94.5837 3.252 1.6
    endloop
  endfacet
  facet normal 0 0 1
    outer loop
      vertex 92.7 61.4 1.6
      vertex 94.4554 60.2271 1.6
      vertex 94.3454 60.45 1.6
    endloop
  endfacet
  facet normal 0 0 1
    outer loop
      vertex 94.5837 3.252 1.6
      vertex 92.7 1.60001 1.6
      vertex 94.5353 3.00824 1.6
    endloop
  endfacet
  facet normal 0 0 1
    outer loop
      vertex 92.7 61.4 1.6
      vertex 94.3454 60.45 1.6
      vertex 94.2074 60.6566 1.6
    endloop
  endfacet
  facet normal 0 0 1
    outer loop
      vertex 94.5353 3.00824 1.6
      vertex 92.7 1.60001 1.6
      vertex 94.4554 2.7729 1.6
    endloop
  endfacet
  facet normal 0 0 1
    outer loop
      vertex 92.7 61.4 1.6
      vertex 94.2074 60.6566 1.6
      vertex 94.0435 60.8435 1.6
    endloop
  endfacet
  facet normal 0 0 1
    outer loop
      vertex 94.4554 2.7729 1.6
      vertex 92.7 1.60001 1.6
      vertex 94.3454 2.55 1.6
    endloop
  endfacet
  facet normal 0 0 1
    outer loop
      vertex 92.7 61.4 1.6
      vertex 94.0435 60.8435 1.6
      vertex 93.8566 61.0074 1.6
    endloop
  endfacet
  facet normal 0 0 1
    outer loop
      vertex 94.3454 2.55 1.6
      vertex 92.7 1.60001 1.6
      vertex 94.2074 2.34335 1.6
    endloop
  endfacet
  facet normal 0 0 1
    outer loop
      vertex 92.7 61.4 1.6
      vertex 93.8566 61.0074 1.6
      vertex 93.65 61.1454 1.6
    endloop
  endfacet
  facet normal 0 0 1
    outer loop
      vertex 94.2074 2.34335 1.6
      vertex 92.7 1.60001 1.6
      vertex 94.0435 2.15649 1.6
    endloop
  endfacet
  facet normal 0 0 1
    outer loop
      vertex 92.7 61.4 1.6
      vertex 93.65 61.1454 1.6
      vertex 93.4271 61.2554 1.6
    endloop
  endfacet
  facet normal 0 0 1
    outer loop
      vertex 94.0435 2.15649 1.6
      vertex 92.7 1.60001 1.6
      vertex 93.8566 1.99263 1.6
    endloop
  endfacet
  facet normal 0 0 1
    outer loop
      vertex 92.7 61.4 1.6
      vertex 93.4271 61.2554 1.6
      vertex 93.1918 61.3353 1.6
    endloop
  endfacet
  facet normal 0 0 1
    outer loop
      vertex 68.3265 56.7411 1.6
      vertex 92.7 61.4 1.6
      vertex 68.35 57.1 1.6
    endloop
  endfacet
  facet normal 0 0 1
    outer loop
      vertex 92.7 61.4 1.6
      vertex 93.1918 61.3353 1.6
      vertex 92.948 61.3837 1.6
    endloop
  endfacet
  facet normal 0 0 1
    outer loop
      vertex 93.8566 1.99263 1.6
      vertex 92.7 1.60001 1.6
      vertex 93.65 1.85455 1.6
    endloop
  endfacet
  facet normal 0 0 1
    outer loop
      vertex 93.4271 1.74463 1.6
      vertex 92.7 1.60001 1.6
      vertex 93.1918 1.66473 1.6
    endloop
  endfacet
  facet normal 0 0 1
    outer loop
      vertex 93.1918 1.66473 1.6
      vertex 92.7 1.60001 1.6
      vertex 92.948 1.61626 1.6
    endloop
  endfacet
  facet normal 0 0 1
    outer loop
      vertex 68.2563 56.3882 1.6
      vertex 92.7 61.4 1.6
      vertex 68.3265 56.7411 1.6
    endloop
  endfacet
  facet normal 0 0 1
    outer loop
      vertex 92.7 61.4 1.6
      vertex 68.3265 57.4589 1.6
      vertex 68.35 57.1 1.6
    endloop
  endfacet
  facet normal 0 0 1
    outer loop
      vertex 92.7 61.4 1.6
      vertex 68.2563 57.8118 1.6
      vertex 68.3265 57.4589 1.6
    endloop
  endfacet
  facet normal 0 0 1
    outer loop
      vertex 92.7 61.4 1.6
      vertex 68.1407 58.1524 1.6
      vertex 68.2563 57.8118 1.6
    endloop
  endfacet
  facet normal 0 0 1
    outer loop
      vertex 92.7 61.4 1.6
      vertex 67.9816 58.475 1.6
      vertex 68.1407 58.1524 1.6
    endloop
  endfacet
  facet normal 0 0 1
    outer loop
      vertex 92.7 61.4 1.6
      vertex 67.7817 58.7741 1.6
      vertex 67.9816 58.475 1.6
    endloop
  endfacet
  facet normal 0 0 1
    outer loop
      vertex 92.7 61.4 1.6
      vertex 67.5445 59.0445 1.6
      vertex 67.7817 58.7741 1.6
    endloop
  endfacet
  facet normal 0 0 1
    outer loop
      vertex 92.7 61.4 1.6
      vertex 67.2741 59.2817 1.6
      vertex 67.5445 59.0445 1.6
    endloop
  endfacet
  facet normal 0 0 1
    outer loop
      vertex 92.7 61.4 1.6
      vertex 66.975 59.4816 1.6
      vertex 67.2741 59.2817 1.6
    endloop
  endfacet
  facet normal 0 0 1
    outer loop
      vertex 92.7 61.4 1.6
      vertex 66.6524 59.6407 1.6
      vertex 66.975 59.4816 1.6
    endloop
  endfacet
  facet normal 0 0 1
    outer loop
      vertex 92.7 61.4 1.6
      vertex 66.3118 59.7563 1.6
      vertex 66.6524 59.6407 1.6
    endloop
  endfacet
  facet normal 0 0 1
    outer loop
      vertex 92.7 61.4 1.6
      vertex 65.9589 59.8265 1.6
      vertex 66.3118 59.7563 1.6
    endloop
  endfacet
  facet normal 0 0 1
    outer loop
      vertex 92.7 61.4 1.6
      vertex 65.6 59.85 1.6
      vertex 65.9589 59.8265 1.6
    endloop
  endfacet
  facet normal 0 0 1
    outer loop
      vertex 62.8735 8.45895 1.6
      vertex 21.55 4.7 1.6
      vertex 62.85 8.1 1.6
    endloop
  endfacet
  facet normal 0 0 1
    outer loop
      vertex 10.35 57.1 1.6
      vertex 62.85 57.1 1.6
      vertex 62.8735 57.4589 1.6
    endloop
  endfacet
  facet normal 0 0 1
    outer loop
      vertex 10.3265 57.4589 1.6
      vertex 62.8735 57.4589 1.6
      vertex 62.9437 57.8118 1.6
    endloop
  endfacet
  facet normal 0 0 1
    outer loop
      vertex 10.2563 57.8118 1.6
      vertex 62.9437 57.8118 1.6
      vertex 63.0593 58.1524 1.6
    endloop
  endfacet
  facet normal 0 0 1
    outer loop
      vertex 10.1407 58.1524 1.6
      vertex 63.0593 58.1524 1.6
      vertex 63.2184 58.475 1.6
    endloop
  endfacet
  facet normal 0 0 1
    outer loop
      vertex 9.98157 58.475 1.6
      vertex 63.2184 58.475 1.6
      vertex 63.4183 58.7741 1.6
    endloop
  endfacet
  facet normal 0 0 1
    outer loop
      vertex 10.1407 56.0476 1.6
      vertex 63.0593 56.0476 1.6
      vertex 10.2563 56.3882 1.6
    endloop
  endfacet
  facet normal 0 0 1
    outer loop
      vertex 9.78172 58.7741 1.6
      vertex 63.4183 58.7741 1.6
      vertex 63.6555 59.0445 1.6
    endloop
  endfacet
  facet normal 0 0 1
    outer loop
      vertex 9.54454 59.0445 1.6
      vertex 63.6555 59.0445 1.6
      vertex 63.9259 59.2817 1.6
    endloop
  endfacet
  facet normal 0 0 1
    outer loop
      vertex 9.27409 59.2817 1.6
      vertex 63.9259 59.2817 1.6
      vertex 64.225 59.4816 1.6
    endloop
  endfacet
  facet normal 0 0 1
    outer loop
      vertex 8.975 59.4816 1.6
      vertex 64.225 59.4816 1.6
      vertex 64.5476 59.6407 1.6
    endloop
  endfacet
  facet normal 0 0 1
    outer loop
      vertex 8.65238 59.6407 1.6
      vertex 64.5476 59.6407 1.6
      vertex 64.8882 59.7563 1.6
    endloop
  endfacet
  facet normal 0 0 1
    outer loop
      vertex 3.5 61.4 1.6
      vertex 64.8882 59.7563 1.6
      vertex 65.2411 59.8265 1.6
    endloop
  endfacet
  facet normal 0 0 1
    outer loop
      vertex 3.5 61.4 1.6
      vertex 65.2411 59.8265 1.6
      vertex 65.6 59.85 1.6
    endloop
  endfacet
  facet normal -0 0 1
    outer loop
      vertex 3.5 61.4 1.6
      vertex 65.6 59.85 1.6
      vertex 92.7 61.4 1.6
    endloop
  endfacet
  facet normal 0 0 1
    outer loop
      vertex 62.8735 57.4589 1.6
      vertex 10.3265 57.4589 1.6
      vertex 10.35 57.1 1.6
    endloop
  endfacet
  facet normal 0 0 1
    outer loop
      vertex 62.9437 57.8118 1.6
      vertex 10.2563 57.8118 1.6
      vertex 10.3265 57.4589 1.6
    endloop
  endfacet
  facet normal 0 0 1
    outer loop
      vertex 63.0593 58.1524 1.6
      vertex 10.1407 58.1524 1.6
      vertex 10.2563 57.8118 1.6
    endloop
  endfacet
  facet normal 0 0 1
    outer loop
      vertex 63.2184 58.475 1.6
      vertex 9.98157 58.475 1.6
      vertex 10.1407 58.1524 1.6
    endloop
  endfacet
  facet normal 0 0 1
    outer loop
      vertex 63.4183 58.7741 1.6
      vertex 9.78172 58.7741 1.6
      vertex 9.98157 58.475 1.6
    endloop
  endfacet
  facet normal 0 0 1
    outer loop
      vertex 63.6555 59.0445 1.6
      vertex 9.54454 59.0445 1.6
      vertex 9.78172 58.7741 1.6
    endloop
  endfacet
  facet normal 0 0 1
    outer loop
      vertex 63.9259 59.2817 1.6
      vertex 9.27409 59.2817 1.6
      vertex 9.54454 59.0445 1.6
    endloop
  endfacet
  facet normal 0 0 1
    outer loop
      vertex 64.225 59.4816 1.6
      vertex 8.975 59.4816 1.6
      vertex 9.27409 59.2817 1.6
    endloop
  endfacet
  facet normal 0 0 1
    outer loop
      vertex 64.5476 59.6407 1.6
      vertex 8.65238 59.6407 1.6
      vertex 8.975 59.4816 1.6
    endloop
  endfacet
  facet normal 0 0 1
    outer loop
      vertex 64.8882 59.7563 1.6
      vertex 8.31175 59.7563 1.6
      vertex 8.65238 59.6407 1.6
    endloop
  endfacet
  facet normal 0 0 1
    outer loop
      vertex 64.8882 59.7563 1.6
      vertex 3.5 61.4 1.6
      vertex 8.31175 59.7563 1.6
    endloop
  endfacet
  facet normal 0 0 1
    outer loop
      vertex 8.31175 59.7563 1.6
      vertex 3.5 61.4 1.6
      vertex 7.95895 59.8265 1.6
    endloop
  endfacet
  facet normal 0 0 1
    outer loop
      vertex 4.87353 57.4589 1.6
      vertex 1.60001 59.5 1.6
      vertex 4.85 57.1 1.6
    endloop
  endfacet
  facet normal 0 0 1
    outer loop
      vertex 4.9437 57.8118 1.6
      vertex 1.60001 59.5 1.6
      vertex 4.87353 57.4589 1.6
    endloop
  endfacet
  facet normal 0 0 1
    outer loop
      vertex 5.05933 58.1524 1.6
      vertex 1.60001 59.5 1.6
      vertex 4.9437 57.8118 1.6
    endloop
  endfacet
  facet normal 0 0 1
    outer loop
      vertex 5.21843 58.475 1.6
      vertex 1.60001 59.5 1.6
      vertex 5.05933 58.1524 1.6
    endloop
  endfacet
  facet normal -0 0 1
    outer loop
      vertex 1.60001 59.5 1.6
      vertex 5.21843 58.475 1.6
      vertex 3.5 61.4 1.6
    endloop
  endfacet
  facet normal 0 0 1
    outer loop
      vertex 5.41828 58.7741 1.6
      vertex 3.5 61.4 1.6
      vertex 5.21843 58.475 1.6
    endloop
  endfacet
  facet normal 0 0 1
    outer loop
      vertex 5.65546 59.0445 1.6
      vertex 3.5 61.4 1.6
      vertex 5.41828 58.7741 1.6
    endloop
  endfacet
  facet normal 0 0 1
    outer loop
      vertex 5.92591 59.2817 1.6
      vertex 3.5 61.4 1.6
      vertex 5.65546 59.0445 1.6
    endloop
  endfacet
  facet normal 0 0 1
    outer loop
      vertex 6.225 59.4816 1.6
      vertex 3.5 61.4 1.6
      vertex 5.92591 59.2817 1.6
    endloop
  endfacet
  facet normal 0 0 1
    outer loop
      vertex 6.54762 59.6407 1.6
      vertex 3.5 61.4 1.6
      vertex 6.225 59.4816 1.6
    endloop
  endfacet
  facet normal 0 0 1
    outer loop
      vertex 6.88825 59.7563 1.6
      vertex 3.5 61.4 1.6
      vertex 6.54762 59.6407 1.6
    endloop
  endfacet
  facet normal 0 0 1
    outer loop
      vertex 7.24105 59.8265 1.6
      vertex 3.5 61.4 1.6
      vertex 6.88825 59.7563 1.6
    endloop
  endfacet
  facet normal 0 0 1
    outer loop
      vertex 7.6 59.85 1.6
      vertex 3.5 61.4 1.6
      vertex 7.24105 59.8265 1.6
    endloop
  endfacet
  facet normal 0 0 1
    outer loop
      vertex 7.95895 59.8265 1.6
      vertex 3.5 61.4 1.6
      vertex 7.6 59.85 1.6
    endloop
  endfacet
  facet normal 0 0 1
    outer loop
      vertex 93.65 1.85455 1.6
      vertex 92.7 1.60001 1.6
      vertex 93.4271 1.74463 1.6
    endloop
  endfacet
  facet normal -0 0 1
    outer loop
      vertex 68.3265 7.74105 1.6
      vertex 92.7 1.60001 1.6
      vertex 68.35 8.1 1.6
    endloop
  endfacet
  facet normal -0 0 1
    outer loop
      vertex 68.2563 7.38825 1.6
      vertex 92.7 1.60001 1.6
      vertex 68.3265 7.74105 1.6
    endloop
  endfacet
  facet normal -0 0 1
    outer loop
      vertex 68.1407 7.04762 1.6
      vertex 92.7 1.60001 1.6
      vertex 68.2563 7.38825 1.6
    endloop
  endfacet
  facet normal -0 0 1
    outer loop
      vertex 67.9816 6.725 1.6
      vertex 92.7 1.60001 1.6
      vertex 68.1407 7.04762 1.6
    endloop
  endfacet
  facet normal -0 0 1
    outer loop
      vertex 67.7817 6.42591 1.6
      vertex 92.7 1.60001 1.6
      vertex 67.9816 6.725 1.6
    endloop
  endfacet
  facet normal -0 0 1
    outer loop
      vertex 67.5445 6.15546 1.6
      vertex 92.7 1.60001 1.6
      vertex 67.7817 6.42591 1.6
    endloop
  endfacet
  facet normal -0 0 1
    outer loop
      vertex 67.2741 5.91828 1.6
      vertex 92.7 1.60001 1.6
      vertex 67.5445 6.15546 1.6
    endloop
  endfacet
  facet normal -0 0 1
    outer loop
      vertex 66.975 5.71843 1.6
      vertex 92.7 1.60001 1.6
      vertex 67.2741 5.91828 1.6
    endloop
  endfacet
  facet normal -0 0 1
    outer loop
      vertex 66.6524 5.55933 1.6
      vertex 92.7 1.60001 1.6
      vertex 66.975 5.71843 1.6
    endloop
  endfacet
  facet normal -0 0 1
    outer loop
      vertex 66.3118 5.4437 1.6
      vertex 92.7 1.60001 1.6
      vertex 66.6524 5.55933 1.6
    endloop
  endfacet
  facet normal -0 0 1
    outer loop
      vertex 65.9589 5.37353 1.6
      vertex 92.7 1.60001 1.6
      vertex 66.3118 5.4437 1.6
    endloop
  endfacet
  facet normal -0 0 1
    outer loop
      vertex 65.6 5.35 1.6
      vertex 92.7 1.60001 1.6
      vertex 65.9589 5.37353 1.6
    endloop
  endfacet
  facet normal 0 0 1
    outer loop
      vertex 21.55 1.60001 1.6
      vertex 65.6 5.35 1.6
      vertex 65.2411 5.37353 1.6
    endloop
  endfacet
  facet normal 0 0 1
    outer loop
      vertex 21.55 4.7 1.6
      vertex 62.8735 7.74105 1.6
      vertex 62.85 8.1 1.6
    endloop
  endfacet
  facet normal 0 0 1
    outer loop
      vertex 21.55 4.7 1.6
      vertex 62.9437 7.38825 1.6
      vertex 62.8735 7.74105 1.6
    endloop
  endfacet
  facet normal 0 0 1
    outer loop
      vertex 21.55 1.60001 1.6
      vertex 62.9437 7.38825 1.6
      vertex 21.55 4.7 1.6
    endloop
  endfacet
  facet normal 0 0 1
    outer loop
      vertex 62.9437 7.38825 1.6
      vertex 21.55 1.60001 1.6
      vertex 63.0593 7.04762 1.6
    endloop
  endfacet
  facet normal 0 0 1
    outer loop
      vertex 63.0593 7.04762 1.6
      vertex 21.55 1.60001 1.6
      vertex 63.2184 6.725 1.6
    endloop
  endfacet
  facet normal 0 0 1
    outer loop
      vertex 63.2184 6.725 1.6
      vertex 21.55 1.60001 1.6
      vertex 63.4183 6.42591 1.6
    endloop
  endfacet
  facet normal 0 0 1
    outer loop
      vertex 63.4183 6.42591 1.6
      vertex 21.55 1.60001 1.6
      vertex 63.6555 6.15546 1.6
    endloop
  endfacet
  facet normal 0 0 1
    outer loop
      vertex 63.6555 6.15546 1.6
      vertex 21.55 1.60001 1.6
      vertex 63.9259 5.91828 1.6
    endloop
  endfacet
  facet normal 0 0 1
    outer loop
      vertex 63.9259 5.91828 1.6
      vertex 21.55 1.60001 1.6
      vertex 64.225 5.71843 1.6
    endloop
  endfacet
  facet normal 0 0 1
    outer loop
      vertex 64.225 5.71843 1.6
      vertex 21.55 1.60001 1.6
      vertex 64.5476 5.55933 1.6
    endloop
  endfacet
  facet normal 0 0 1
    outer loop
      vertex 64.5476 5.55933 1.6
      vertex 21.55 1.60001 1.6
      vertex 64.8882 5.4437 1.6
    endloop
  endfacet
  facet normal 0 0 1
    outer loop
      vertex 64.8882 5.4437 1.6
      vertex 21.55 1.60001 1.6
      vertex 65.2411 5.37353 1.6
    endloop
  endfacet
  facet normal 0 0 1
    outer loop
      vertex 65.6 5.35 1.6
      vertex 21.55 1.60001 1.6
      vertex 92.7 1.60001 1.6
    endloop
  endfacet
  facet normal 0 0 1
    outer loop
      vertex 63.0593 56.0476 1.6
      vertex 10.1407 56.0476 1.6
      vertex 63.2184 55.725 1.6
    endloop
  endfacet
  facet normal -0 0 1
    outer loop
      vertex 10.3265 7.74105 1.6
      vertex 21.55 4.7 1.6
      vertex 10.35 8.1 1.6
    endloop
  endfacet
  facet normal -0 0 1
    outer loop
      vertex 10.2563 7.38825 1.6
      vertex 21.55 4.7 1.6
      vertex 10.3265 7.74105 1.6
    endloop
  endfacet
  facet normal -0 0 1
    outer loop
      vertex 10.1407 7.04762 1.6
      vertex 21.55 4.7 1.6
      vertex 10.2563 7.38825 1.6
    endloop
  endfacet
  facet normal -0 0 1
    outer loop
      vertex 9.98157 6.725 1.6
      vertex 21.55 4.7 1.6
      vertex 10.1407 7.04762 1.6
    endloop
  endfacet
  facet normal 0 0 1
    outer loop
      vertex 9.05 4.7 1.6
      vertex 9.98157 6.725 1.6
      vertex 9.78172 6.42591 1.6
    endloop
  endfacet
  facet normal 0 0 1
    outer loop
      vertex 9.05 4.7 1.6
      vertex 9.78172 6.42591 1.6
      vertex 9.54454 6.15546 1.6
    endloop
  endfacet
  facet normal 0 0 1
    outer loop
      vertex 9.05 4.7 1.6
      vertex 9.54454 6.15546 1.6
      vertex 9.27409 5.91828 1.6
    endloop
  endfacet
  facet normal 0 0 1
    outer loop
      vertex 9.98157 6.725 1.6
      vertex 9.05 4.7 1.6
      vertex 21.55 4.7 1.6
    endloop
  endfacet
  facet normal -0 0 1
    outer loop
      vertex 8.975 5.71843 1.6
      vertex 9.05 4.7 1.6
      vertex 9.27409 5.91828 1.6
    endloop
  endfacet
  facet normal -0 0 1
    outer loop
      vertex 8.65238 5.55933 1.6
      vertex 9.05 4.7 1.6
      vertex 8.975 5.71843 1.6
    endloop
  endfacet
  facet normal -0 0 1
    outer loop
      vertex 8.31175 5.4437 1.6
      vertex 9.05 4.7 1.6
      vertex 8.65238 5.55933 1.6
    endloop
  endfacet
  facet normal -0 0 1
    outer loop
      vertex 7.95895 5.37353 1.6
      vertex 9.05 4.7 1.6
      vertex 8.31175 5.4437 1.6
    endloop
  endfacet
  facet normal -0 0 1
    outer loop
      vertex 7.6 5.35 1.6
      vertex 9.05 4.7 1.6
      vertex 7.95895 5.37353 1.6
    endloop
  endfacet
  facet normal 0 0 1
    outer loop
      vertex 9.05 4.7 1.6
      vertex 7.6 5.35 1.6
      vertex 9.05 1.60001 1.6
    endloop
  endfacet
  facet normal 0 0 1
    outer loop
      vertex 7.24105 5.37353 1.6
      vertex 9.05 1.60001 1.6
      vertex 7.6 5.35 1.6
    endloop
  endfacet
  facet normal 0 0 1
    outer loop
      vertex 6.88825 5.4437 1.6
      vertex 9.05 1.60001 1.6
      vertex 7.24105 5.37353 1.6
    endloop
  endfacet
  facet normal 0 0 1
    outer loop
      vertex 3.5 1.60001 1.6
      vertex 6.88825 5.4437 1.6
      vertex 6.54762 5.55933 1.6
    endloop
  endfacet
  facet normal 0 0 1
    outer loop
      vertex 3.5 1.60001 1.6
      vertex 6.54762 5.55933 1.6
      vertex 6.225 5.71843 1.6
    endloop
  endfacet
  facet normal 0 0 1
    outer loop
      vertex 3.5 1.60001 1.6
      vertex 6.225 5.71843 1.6
      vertex 5.92591 5.91828 1.6
    endloop
  endfacet
  facet normal 0 0 1
    outer loop
      vertex 3.5 1.60001 1.6
      vertex 5.92591 5.91828 1.6
      vertex 5.65546 6.15546 1.6
    endloop
  endfacet
  facet normal 0 0 1
    outer loop
      vertex 1.60001 3.5 1.6
      vertex 5.65546 6.15546 1.6
      vertex 5.41828 6.42591 1.6
    endloop
  endfacet
  facet normal 0 0 1
    outer loop
      vertex 6.88825 5.4437 1.6
      vertex 3.5 1.60001 1.6
      vertex 9.05 1.60001 1.6
    endloop
  endfacet
  facet normal 0 0 1
    outer loop
      vertex 1.60001 3.5 1.6
      vertex 5.41828 6.42591 1.6
      vertex 5.21843 6.725 1.6
    endloop
  endfacet
  facet normal 0 0 1
    outer loop
      vertex 1.60001 3.5 1.6
      vertex 5.21843 6.725 1.6
      vertex 5.05933 7.04762 1.6
    endloop
  endfacet
  facet normal 0 0 1
    outer loop
      vertex 1.60001 3.5 1.6
      vertex 5.05933 7.04762 1.6
      vertex 4.9437 7.38825 1.6
    endloop
  endfacet
  facet normal 0 0 1
    outer loop
      vertex 1.60001 3.5 1.6
      vertex 4.9437 7.38825 1.6
      vertex 4.87353 7.74105 1.6
    endloop
  endfacet
  facet normal 0 0 1
    outer loop
      vertex 1.60001 3.5 1.6
      vertex 4.87353 7.74105 1.6
      vertex 4.85 8.1 1.6
    endloop
  endfacet
  facet normal 0 0 1
    outer loop
      vertex 4.9437 8.81175 1.6
      vertex 1.60001 3.5 1.6
      vertex 4.87353 8.45895 1.6
    endloop
  endfacet
  facet normal 0 0 1
    outer loop
      vertex 1.60001 59.5 1.6
      vertex 3.5 61.4 1.6
      vertex 3.252 61.3837 1.6
    endloop
  endfacet
  facet normal 0 0 1
    outer loop
      vertex 4.87353 8.45895 1.6
      vertex 1.60001 3.5 1.6
      vertex 4.85 8.1 1.6
    endloop
  endfacet
  facet normal 0 0 1
    outer loop
      vertex 1.60001 59.5 1.6
      vertex 3.252 61.3837 1.6
      vertex 3.00824 61.3353 1.6
    endloop
  endfacet
  facet normal 0 0 1
    outer loop
      vertex 5.65546 6.15546 1.6
      vertex 1.60001 3.5 1.6
      vertex 3.5 1.60001 1.6
    endloop
  endfacet
  facet normal 0 0 1
    outer loop
      vertex 1.60001 59.5 1.6
      vertex 3.00824 61.3353 1.6
      vertex 2.7729 61.2554 1.6
    endloop
  endfacet
  facet normal 0 0 1
    outer loop
      vertex 3.5 1.60001 1.6
      vertex 1.60001 3.5 1.6
      vertex 3.252 1.61626 1.6
    endloop
  endfacet
  facet normal 0 0 1
    outer loop
      vertex 1.60001 59.5 1.6
      vertex 2.7729 61.2554 1.6
      vertex 2.55 61.1454 1.6
    endloop
  endfacet
  facet normal 0 0 1
    outer loop
      vertex 3.252 1.61626 1.6
      vertex 1.60001 3.5 1.6
      vertex 3.00824 1.66473 1.6
    endloop
  endfacet
  facet normal 0 0 1
    outer loop
      vertex 1.60001 59.5 1.6
      vertex 2.55 61.1454 1.6
      vertex 2.34335 61.0074 1.6
    endloop
  endfacet
  facet normal 0 0 1
    outer loop
      vertex 3.00824 1.66473 1.6
      vertex 1.60001 3.5 1.6
      vertex 2.7729 1.74463 1.6
    endloop
  endfacet
  facet normal 0 0 1
    outer loop
      vertex 1.60001 59.5 1.6
      vertex 2.34335 61.0074 1.6
      vertex 2.15649 60.8435 1.6
    endloop
  endfacet
  facet normal 0 0 1
    outer loop
      vertex 2.7729 1.74463 1.6
      vertex 1.60001 3.5 1.6
      vertex 2.55 1.85455 1.6
    endloop
  endfacet
  facet normal 0 0 1
    outer loop
      vertex 1.60001 59.5 1.6
      vertex 2.15649 60.8435 1.6
      vertex 1.99263 60.6566 1.6
    endloop
  endfacet
  facet normal 0 0 1
    outer loop
      vertex 2.55 1.85455 1.6
      vertex 1.60001 3.5 1.6
      vertex 2.34335 1.99263 1.6
    endloop
  endfacet
  facet normal 0 0 1
    outer loop
      vertex 1.60001 59.5 1.6
      vertex 1.99263 60.6566 1.6
      vertex 1.85455 60.45 1.6
    endloop
  endfacet
  facet normal 0 0 1
    outer loop
      vertex 2.34335 1.99263 1.6
      vertex 1.60001 3.5 1.6
      vertex 2.15649 2.15649 1.6
    endloop
  endfacet
  facet normal 0 0 1
    outer loop
      vertex 1.60001 59.5 1.6
      vertex 1.85455 60.45 1.6
      vertex 1.74463 60.2271 1.6
    endloop
  endfacet
  facet normal 0 0 1
    outer loop
      vertex 2.15649 2.15649 1.6
      vertex 1.60001 3.5 1.6
      vertex 1.99263 2.34335 1.6
    endloop
  endfacet
  facet normal 0 0 1
    outer loop
      vertex 1.60001 59.5 1.6
      vertex 1.74463 60.2271 1.6
      vertex 1.66473 59.9918 1.6
    endloop
  endfacet
  facet normal 0 0 1
    outer loop
      vertex 1.99263 2.34335 1.6
      vertex 1.60001 3.5 1.6
      vertex 1.85455 2.55 1.6
    endloop
  endfacet
  facet normal 0 0 1
    outer loop
      vertex 1.60001 59.5 1.6
      vertex 1.66473 59.9918 1.6
      vertex 1.61626 59.748 1.6
    endloop
  endfacet
  facet normal 0 0 1
    outer loop
      vertex 1.85455 2.55 1.6
      vertex 1.60001 3.5 1.6
      vertex 1.74463 2.7729 1.6
    endloop
  endfacet
  facet normal 0 0 1
    outer loop
      vertex 1.74463 2.7729 1.6
      vertex 1.60001 3.5 1.6
      vertex 1.66473 3.00824 1.6
    endloop
  endfacet
  facet normal 0 0 1
    outer loop
      vertex 1.66473 3.00824 1.6
      vertex 1.60001 3.5 1.6
      vertex 1.61626 3.252 1.6
    endloop
  endfacet
  facet normal 0.980798 0.195025 0
    outer loop
      vertex 1.66473 3.00824 20.5
      vertex 1.61626 3.252 1.6
      vertex 1.61626 3.252 20.5
    endloop
  endfacet
  facet normal 0.980798 0.195025 0
    outer loop
      vertex 1.61626 3.252 1.6
      vertex 1.66473 3.00824 20.5
      vertex 1.66473 3.00824 1.6
    endloop
  endfacet
  facet normal 0.946914 0.321486 0
    outer loop
      vertex 1.74463 2.7729 20.5
      vertex 1.66473 3.00824 1.6
      vertex 1.66473 3.00824 20.5
    endloop
  endfacet
  facet normal 0.946914 0.321486 0
    outer loop
      vertex 1.66473 3.00824 1.6
      vertex 1.74463 2.7729 20.5
      vertex 1.74463 2.7729 1.6
    endloop
  endfacet
  facet normal 0.831468 0.555573 0
    outer loop
      vertex 1.99263 2.34335 20.5
      vertex 1.85455 2.55 1.6
      vertex 1.85455 2.55 20.5
    endloop
  endfacet
  facet normal 0.831468 0.555573 0
    outer loop
      vertex 1.85455 2.55 1.6
      vertex 1.99263 2.34335 20.5
      vertex 1.99263 2.34335 1.6
    endloop
  endfacet
  facet normal -0.555443 -0.831555 0
    outer loop
      vertex 93.65 61.1454 1.6
      vertex 93.8566 61.0074 20.5
      vertex 93.65 61.1454 20.5
    endloop
  endfacet
  facet normal -0.555443 -0.831555 -0
    outer loop
      vertex 93.8566 61.0074 20.5
      vertex 93.65 61.1454 1.6
      vertex 93.8566 61.0074 1.6
    endloop
  endfacet
  facet normal -0.980858 -0.194723 0
    outer loop
      vertex 94.5837 59.748 1.6
      vertex 94.5353 59.9918 20.5
      vertex 94.5353 59.9918 1.6
    endloop
  endfacet
  facet normal -0.980858 -0.194723 0
    outer loop
      vertex 94.5353 59.9918 20.5
      vertex 94.5837 59.748 1.6
      vertex 94.5837 59.748 20.5
    endloop
  endfacet
  facet normal -0.946898 -0.321535 0
    outer loop
      vertex 94.5353 59.9918 1.6
      vertex 94.4554 60.2271 20.5
      vertex 94.4554 60.2271 1.6
    endloop
  endfacet
  facet normal -0.946898 -0.321535 0
    outer loop
      vertex 94.4554 60.2271 20.5
      vertex 94.5353 59.9918 1.6
      vertex 94.5353 59.9918 20.5
    endloop
  endfacet
  facet normal -0.831555 -0.555443 0
    outer loop
      vertex 94.3454 60.45 1.6
      vertex 94.2074 60.6566 20.5
      vertex 94.2074 60.6566 1.6
    endloop
  endfacet
  facet normal -0.831555 -0.555443 0
    outer loop
      vertex 94.2074 60.6566 20.5
      vertex 94.3454 60.45 1.6
      vertex 94.3454 60.45 20.5
    endloop
  endfacet
  facet normal -0.896748 0.442541 0
    outer loop
      vertex 94.3454 2.55 1.6
      vertex 94.4554 2.7729 20.5
      vertex 94.4554 2.7729 1.6
    endloop
  endfacet
  facet normal -0.896748 0.442541 0
    outer loop
      vertex 94.4554 2.7729 20.5
      vertex 94.3454 2.55 1.6
      vertex 94.3454 2.55 20.5
    endloop
  endfacet
  facet normal -0.555666 0.831406 0
    outer loop
      vertex 93.8566 1.99263 1.6
      vertex 93.65 1.85455 20.5
      vertex 93.8566 1.99263 20.5
    endloop
  endfacet
  facet normal -0.555666 0.831406 0
    outer loop
      vertex 93.65 1.85455 20.5
      vertex 93.8566 1.99263 1.6
      vertex 93.65 1.85455 1.6
    endloop
  endfacet
  facet normal -0.751784 0.65941 0
    outer loop
      vertex 94.0435 2.15649 1.6
      vertex 94.2074 2.34335 20.5
      vertex 94.2074 2.34335 1.6
    endloop
  endfacet
  facet normal -0.751784 0.65941 0
    outer loop
      vertex 94.2074 2.34335 20.5
      vertex 94.0435 2.15649 1.6
      vertex 94.0435 2.15649 20.5
    endloop
  endfacet
  facet normal 0.321486 -0.946914 0
    outer loop
      vertex 2.7729 61.2554 1.6
      vertex 3.00824 61.3353 20.5
      vertex 2.7729 61.2554 20.5
    endloop
  endfacet
  facet normal 0.321486 -0.946914 0
    outer loop
      vertex 3.00824 61.3353 20.5
      vertex 2.7729 61.2554 1.6
      vertex 3.00824 61.3353 1.6
    endloop
  endfacet
  facet normal 0.896876 0.442282 0
    outer loop
      vertex 1.85455 2.55 20.5
      vertex 1.74463 2.7729 1.6
      vertex 1.74463 2.7729 20.5
    endloop
  endfacet
  facet normal 0.896876 0.442282 0
    outer loop
      vertex 1.74463 2.7729 1.6
      vertex 1.85455 2.55 20.5
      vertex 1.85455 2.55 1.6
    endloop
  endfacet
  facet normal 0.751863 0.659319 0
    outer loop
      vertex 2.15649 2.15649 20.5
      vertex 1.99263 2.34335 1.6
      vertex 1.99263 2.34335 20.5
    endloop
  endfacet
  facet normal 0.751863 0.659319 0
    outer loop
      vertex 1.99263 2.34335 1.6
      vertex 2.15649 2.15649 20.5
      vertex 2.15649 2.15649 1.6
    endloop
  endfacet
  facet normal -0.997847 -0.0655843 0
    outer loop
      vertex 94.6 59.5 1.6
      vertex 94.5837 59.748 20.5
      vertex 94.5837 59.748 1.6
    endloop
  endfacet
  facet normal -0.997847 -0.0655843 0
    outer loop
      vertex 94.5837 59.748 20.5
      vertex 94.6 59.5 1.6
      vertex 94.6 59.5 20.5
    endloop
  endfacet
  facet normal 0.831474 0.555564 0
    outer loop
      vertex 8.66088 8.7125 4.9
      vertex 8.57186 8.84573 3.4
      vertex 8.57186 8.84573 4.9
    endloop
  endfacet
  facet normal 0.831474 0.555564 0
    outer loop
      vertex 8.57186 8.84573 3.4
      vertex 8.66088 8.7125 4.9
      vertex 8.66088 8.7125 3.4
    endloop
  endfacet
  facet normal 0.321446 0.946928 -0
    outer loop
      vertex 8.06879 9.23175 3.4
      vertex 7.91705 9.28326 4.9
      vertex 8.06879 9.23175 4.9
    endloop
  endfacet
  facet normal 0.321446 0.946928 0
    outer loop
      vertex 7.91705 9.28326 4.9
      vertex 8.06879 9.23175 3.4
      vertex 7.91705 9.28326 3.4
    endloop
  endfacet
  facet normal -0.321446 0.946928 0
    outer loop
      vertex 7.28295 9.28326 3.4
      vertex 7.13121 9.23175 4.9
      vertex 7.28295 9.28326 4.9
    endloop
  endfacet
  facet normal -0.321446 0.946928 0
    outer loop
      vertex 7.13121 9.23175 4.9
      vertex 7.28295 9.28326 3.4
      vertex 7.13121 9.23175 3.4
    endloop
  endfacet
  facet normal -0.896873 0.442289 0
    outer loop
      vertex 6.46825 8.56879 3.4
      vertex 6.53912 8.7125 4.9
      vertex 6.53912 8.7125 3.4
    endloop
  endfacet
  facet normal -0.896873 0.442289 0
    outer loop
      vertex 6.53912 8.7125 4.9
      vertex 6.46825 8.56879 3.4
      vertex 6.46825 8.56879 4.9
    endloop
  endfacet
  facet normal 0.980787 -0.195084 0
    outer loop
      vertex 8.78326 7.78295 4.9
      vertex 8.81452 7.94011 3.4
      vertex 8.81452 7.94011 4.9
    endloop
  endfacet
  facet normal 0.980787 -0.195084 0
    outer loop
      vertex 8.81452 7.94011 3.4
      vertex 8.78326 7.78295 4.9
      vertex 8.78326 7.78295 3.4
    endloop
  endfacet
  facet normal 0.659317 0.751865 -0
    outer loop
      vertex 8.46621 8.96621 3.4
      vertex 8.34573 9.07186 4.9
      vertex 8.46621 8.96621 4.9
    endloop
  endfacet
  facet normal 0.659317 0.751865 0
    outer loop
      vertex 8.34573 9.07186 4.9
      vertex 8.46621 8.96621 3.4
      vertex 8.34573 9.07186 3.4
    endloop
  endfacet
  facet normal 0.442289 0.896873 -0
    outer loop
      vertex 8.2125 9.16088 3.4
      vertex 8.06879 9.23175 4.9
      vertex 8.2125 9.16088 4.9
    endloop
  endfacet
  facet normal 0.442289 0.896873 0
    outer loop
      vertex 8.06879 9.23175 4.9
      vertex 8.2125 9.16088 3.4
      vertex 8.06879 9.23175 3.4
    endloop
  endfacet
  facet normal -0.980787 0.195084 0
    outer loop
      vertex 6.38548 8.25989 3.4
      vertex 6.41674 8.41705 4.9
      vertex 6.41674 8.41705 3.4
    endloop
  endfacet
  facet normal -0.980787 0.195084 0
    outer loop
      vertex 6.41674 8.41705 4.9
      vertex 6.38548 8.25989 3.4
      vertex 6.38548 8.25989 4.9
    endloop
  endfacet
  facet normal -0.751865 0.659317 0
    outer loop
      vertex 6.62814 8.84573 3.4
      vertex 6.73379 8.96621 4.9
      vertex 6.73379 8.96621 3.4
    endloop
  endfacet
  facet normal -0.751865 0.659317 0
    outer loop
      vertex 6.73379 8.96621 4.9
      vertex 6.62814 8.84573 3.4
      vertex 6.62814 8.84573 4.9
    endloop
  endfacet
  facet normal -0.195131 0.980777 0
    outer loop
      vertex 7.35 9.2966 3.4
      vertex 7.28295 9.28326 4.9
      vertex 7.35 9.2966 4.9
    endloop
  endfacet
  facet normal -0.195131 0.980777 0
    outer loop
      vertex 7.28295 9.28326 4.9
      vertex 7.35 9.2966 3.4
      vertex 7.28295 9.28326 3.4
    endloop
  endfacet
  facet normal -0.659317 0.751865 0
    outer loop
      vertex 6.85427 9.07186 3.4
      vertex 6.73379 8.96621 4.9
      vertex 6.85427 9.07186 4.9
    endloop
  endfacet
  facet normal -0.659317 0.751865 0
    outer loop
      vertex 6.73379 8.96621 4.9
      vertex 6.85427 9.07186 3.4
      vertex 6.73379 8.96621 3.4
    endloop
  endfacet
  facet normal 0.997859 0.0654047 0
    outer loop
      vertex 8.825 8.1 4.9
      vertex 8.81452 8.25989 3.4
      vertex 8.81452 8.25989 4.9
    endloop
  endfacet
  facet normal 0.997859 0.0654047 0
    outer loop
      vertex 8.81452 8.25989 3.4
      vertex 8.825 8.1 4.9
      vertex 8.825 8.1 3.4
    endloop
  endfacet
  facet normal 0.555564 -0.831474 0
    outer loop
      vertex 8.2125 7.03912 3.4
      vertex 8.34573 7.12814 4.9
      vertex 8.2125 7.03912 4.9
    endloop
  endfacet
  facet normal 0.555564 -0.831474 0
    outer loop
      vertex 8.34573 7.12814 4.9
      vertex 8.2125 7.03912 3.4
      vertex 8.34573 7.12814 3.4
    endloop
  endfacet
  facet normal 0.946928 -0.321446 0
    outer loop
      vertex 8.73175 7.63121 4.9
      vertex 8.78326 7.78295 3.4
      vertex 8.78326 7.78295 4.9
    endloop
  endfacet
  facet normal 0.946928 -0.321446 0
    outer loop
      vertex 8.78326 7.78295 3.4
      vertex 8.73175 7.63121 4.9
      vertex 8.73175 7.63121 3.4
    endloop
  endfacet
  facet normal -0.659317 -0.751865 0
    outer loop
      vertex 6.73379 7.23379 3.4
      vertex 6.85427 7.12814 4.9
      vertex 6.73379 7.23379 4.9
    endloop
  endfacet
  facet normal -0.659317 -0.751865 -0
    outer loop
      vertex 6.85427 7.12814 4.9
      vertex 6.73379 7.23379 3.4
      vertex 6.85427 7.12814 3.4
    endloop
  endfacet
  facet normal 0.751865 0.659317 0
    outer loop
      vertex 8.57186 8.84573 4.9
      vertex 8.46621 8.96621 3.4
      vertex 8.46621 8.96621 4.9
    endloop
  endfacet
  facet normal 0.751865 0.659317 0
    outer loop
      vertex 8.46621 8.96621 3.4
      vertex 8.57186 8.84573 4.9
      vertex 8.57186 8.84573 3.4
    endloop
  endfacet
  facet normal 0.195131 0.980777 -0
    outer loop
      vertex 7.91705 9.28326 3.4
      vertex 7.85 9.2966 4.9
      vertex 7.91705 9.28326 4.9
    endloop
  endfacet
  facet normal 0.195131 0.980777 0
    outer loop
      vertex 7.85 9.2966 4.9
      vertex 7.91705 9.28326 3.4
      vertex 7.85 9.2966 3.4
    endloop
  endfacet
  facet normal 0.555564 0.831474 -0
    outer loop
      vertex 8.34573 9.07186 3.4
      vertex 8.2125 9.16088 4.9
      vertex 8.34573 9.07186 4.9
    endloop
  endfacet
  facet normal 0.555564 0.831474 0
    outer loop
      vertex 8.2125 9.16088 4.9
      vertex 8.34573 9.07186 3.4
      vertex 8.2125 9.16088 3.4
    endloop
  endfacet
  facet normal -0.997859 0.0654047 0
    outer loop
      vertex 6.375 8.1 3.4
      vertex 6.38548 8.25989 4.9
      vertex 6.38548 8.25989 3.4
    endloop
  endfacet
  facet normal -0.997859 0.0654047 0
    outer loop
      vertex 6.38548 8.25989 4.9
      vertex 6.375 8.1 3.4
      vertex 6.375 8.1 4.9
    endloop
  endfacet
  facet normal 0 0 -1
    outer loop
      vertex 7.2053 6.62696 4.9
      vertex 7.35 6.9034 4.9
      vertex 7.35 6.59818 4.9
    endloop
  endfacet
  facet normal -0 0 -1
    outer loop
      vertex 7.35 6.9034 4.9
      vertex 7.2053 6.62696 4.9
      vertex 7.28295 6.91674 4.9
    endloop
  endfacet
  facet normal 0 0 -1
    outer loop
      vertex 7.2053 6.62696 4.9
      vertex 7.13121 6.96825 4.9
      vertex 7.28295 6.91674 4.9
    endloop
  endfacet
  facet normal 0 0 -1
    outer loop
      vertex 7.01641 6.69108 4.9
      vertex 7.13121 6.96825 4.9
      vertex 7.2053 6.62696 4.9
    endloop
  endfacet
  facet normal 0 0 -1
    outer loop
      vertex 7.01641 6.69108 4.9
      vertex 6.9875 7.03912 4.9
      vertex 7.13121 6.96825 4.9
    endloop
  endfacet
  facet normal 0 0 -1
    outer loop
      vertex 6.8375 6.77931 4.9
      vertex 6.9875 7.03912 4.9
      vertex 7.01641 6.69108 4.9
    endloop
  endfacet
  facet normal -0 0 -1
    outer loop
      vertex 6.9875 7.03912 4.9
      vertex 6.8375 6.77931 4.9
      vertex 6.85427 7.12814 4.9
    endloop
  endfacet
  facet normal 0 0 -1
    outer loop
      vertex 6.67164 6.89014 4.9
      vertex 6.85427 7.12814 4.9
      vertex 6.8375 6.77931 4.9
    endloop
  endfacet
  facet normal -0 0 -1
    outer loop
      vertex 6.85427 7.12814 4.9
      vertex 6.67164 6.89014 4.9
      vertex 6.73379 7.23379 4.9
    endloop
  endfacet
  facet normal 0 0 -1
    outer loop
      vertex 6.52166 7.02166 4.9
      vertex 6.73379 7.23379 4.9
      vertex 6.67164 6.89014 4.9
    endloop
  endfacet
  facet normal -0 0 -1
    outer loop
      vertex 6.73379 7.23379 4.9
      vertex 6.52166 7.02166 4.9
      vertex 6.62814 7.35427 4.9
    endloop
  endfacet
  facet normal 0 0 -1
    outer loop
      vertex 6.39014 7.17164 4.9
      vertex 6.62814 7.35427 4.9
      vertex 6.52166 7.02166 4.9
    endloop
  endfacet
  facet normal -0 0 -1
    outer loop
      vertex 6.62814 7.35427 4.9
      vertex 6.39014 7.17164 4.9
      vertex 6.53912 7.4875 4.9
    endloop
  endfacet
  facet normal 0 0 -1
    outer loop
      vertex 6.27931 7.3375 4.9
      vertex 6.53912 7.4875 4.9
      vertex 6.39014 7.17164 4.9
    endloop
  endfacet
  facet normal -0 0 -1
    outer loop
      vertex 6.53912 7.4875 4.9
      vertex 6.27931 7.3375 4.9
      vertex 6.46825 7.63121 4.9
    endloop
  endfacet
  facet normal 0 0 -1
    outer loop
      vertex 6.19108 7.51641 4.9
      vertex 6.46825 7.63121 4.9
      vertex 6.27931 7.3375 4.9
    endloop
  endfacet
  facet normal -0 0 -1
    outer loop
      vertex 6.46825 7.63121 4.9
      vertex 6.19108 7.51641 4.9
      vertex 6.41674 7.78295 4.9
    endloop
  endfacet
  facet normal 0 0 -1
    outer loop
      vertex 6.12696 7.7053 4.9
      vertex 6.41674 7.78295 4.9
      vertex 6.19108 7.51641 4.9
    endloop
  endfacet
  facet normal 0 0 -1
    outer loop
      vertex 7.2053 9.57304 4.9
      vertex 7.35 9.2966 4.9
      vertex 7.28295 9.28326 4.9
    endloop
  endfacet
  facet normal 0 0 -1
    outer loop
      vertex 7.35 9.2966 4.9
      vertex 7.2053 9.57304 4.9
      vertex 7.35 9.60182 4.9
    endloop
  endfacet
  facet normal 0 0 -1
    outer loop
      vertex 7.13121 9.23175 4.9
      vertex 7.2053 9.57304 4.9
      vertex 7.28295 9.28326 4.9
    endloop
  endfacet
  facet normal 0 0 -1
    outer loop
      vertex 7.13121 9.23175 4.9
      vertex 7.01641 9.50892 4.9
      vertex 7.2053 9.57304 4.9
    endloop
  endfacet
  facet normal 0 0 -1
    outer loop
      vertex 6.9875 9.16088 4.9
      vertex 7.01641 9.50892 4.9
      vertex 7.13121 9.23175 4.9
    endloop
  endfacet
  facet normal 0 0 -1
    outer loop
      vertex 6.8375 9.42069 4.9
      vertex 6.9875 9.16088 4.9
      vertex 6.85427 9.07186 4.9
    endloop
  endfacet
  facet normal 0 0 -1
    outer loop
      vertex 6.9875 9.16088 4.9
      vertex 6.8375 9.42069 4.9
      vertex 7.01641 9.50892 4.9
    endloop
  endfacet
  facet normal 0 0 -1
    outer loop
      vertex 6.67164 9.30986 4.9
      vertex 6.85427 9.07186 4.9
      vertex 6.73379 8.96621 4.9
    endloop
  endfacet
  facet normal 0 0 -1
    outer loop
      vertex 6.85427 9.07186 4.9
      vertex 6.67164 9.30986 4.9
      vertex 6.8375 9.42069 4.9
    endloop
  endfacet
  facet normal 0 0 -1
    outer loop
      vertex 6.52166 9.17834 4.9
      vertex 6.73379 8.96621 4.9
      vertex 6.62814 8.84573 4.9
    endloop
  endfacet
  facet normal 0 0 -1
    outer loop
      vertex 6.39014 9.02836 4.9
      vertex 6.62814 8.84573 4.9
      vertex 6.53912 8.7125 4.9
    endloop
  endfacet
  facet normal 0 0 -1
    outer loop
      vertex 6.73379 8.96621 4.9
      vertex 6.52166 9.17834 4.9
      vertex 6.67164 9.30986 4.9
    endloop
  endfacet
  facet normal 0 0 -1
    outer loop
      vertex 6.27931 8.8625 4.9
      vertex 6.53912 8.7125 4.9
      vertex 6.46825 8.56879 4.9
    endloop
  endfacet
  facet normal 0 0 -1
    outer loop
      vertex 6.19108 8.68359 4.9
      vertex 6.46825 8.56879 4.9
      vertex 6.41674 8.41705 4.9
    endloop
  endfacet
  facet normal 0 0 -1
    outer loop
      vertex 6.62814 8.84573 4.9
      vertex 6.39014 9.02836 4.9
      vertex 6.52166 9.17834 4.9
    endloop
  endfacet
  facet normal 0 0 -1
    outer loop
      vertex 6.12696 8.4947 4.9
      vertex 6.41674 8.41705 4.9
      vertex 6.38548 8.25989 4.9
    endloop
  endfacet
  facet normal 0 0 -1
    outer loop
      vertex 6.08805 8.29905 4.9
      vertex 6.38548 8.25989 4.9
      vertex 6.375 8.1 4.9
    endloop
  endfacet
  facet normal -0 0 -1
    outer loop
      vertex 6.41674 7.78295 4.9
      vertex 6.12696 7.7053 4.9
      vertex 6.38548 7.94011 4.9
    endloop
  endfacet
  facet normal 0 0 -1
    outer loop
      vertex 6.53912 8.7125 4.9
      vertex 6.27931 8.8625 4.9
      vertex 6.39014 9.02836 4.9
    endloop
  endfacet
  facet normal 0 0 -1
    outer loop
      vertex 6.08805 7.90095 4.9
      vertex 6.38548 7.94011 4.9
      vertex 6.12696 7.7053 4.9
    endloop
  endfacet
  facet normal 0 0 -1
    outer loop
      vertex 6.46825 8.56879 4.9
      vertex 6.19108 8.68359 4.9
      vertex 6.27931 8.8625 4.9
    endloop
  endfacet
  facet normal -0 0 -1
    outer loop
      vertex 6.38548 7.94011 4.9
      vertex 6.08805 7.90095 4.9
      vertex 6.375 8.1 4.9
    endloop
  endfacet
  facet normal 0 0 -1
    outer loop
      vertex 6.41674 8.41705 4.9
      vertex 6.12696 8.4947 4.9
      vertex 6.19108 8.68359 4.9
    endloop
  endfacet
  facet normal 0 0 -1
    outer loop
      vertex 6.075 8.1 4.9
      vertex 6.375 8.1 4.9
      vertex 6.08805 7.90095 4.9
    endloop
  endfacet
  facet normal 0 0 -1
    outer loop
      vertex 6.38548 8.25989 4.9
      vertex 6.08805 8.29905 4.9
      vertex 6.12696 8.4947 4.9
    endloop
  endfacet
  facet normal 0 0 -1
    outer loop
      vertex 6.375 8.1 4.9
      vertex 6.075 8.1 4.9
      vertex 6.08805 8.29905 4.9
    endloop
  endfacet
  facet normal 0 0 -1
    outer loop
      vertex 8.825 8.1 4.9
      vertex 9.125 8.1 4.9
      vertex 9.11195 7.90095 4.9
    endloop
  endfacet
  facet normal 0 0 -1
    outer loop
      vertex 8.81452 7.94011 4.9
      vertex 9.11195 7.90095 4.9
      vertex 9.07304 7.7053 4.9
    endloop
  endfacet
  facet normal 0 0 -1
    outer loop
      vertex 9.125 8.1 4.9
      vertex 8.825 8.1 4.9
      vertex 9.11195 8.29905 4.9
    endloop
  endfacet
  facet normal 0 0 -1
    outer loop
      vertex 8.78326 7.78295 4.9
      vertex 9.07304 7.7053 4.9
      vertex 9.00892 7.51641 4.9
    endloop
  endfacet
  facet normal 0 0 -1
    outer loop
      vertex 8.81452 8.25989 4.9
      vertex 9.11195 8.29905 4.9
      vertex 8.825 8.1 4.9
    endloop
  endfacet
  facet normal 0 0 -1
    outer loop
      vertex 8.73175 7.63121 4.9
      vertex 9.00892 7.51641 4.9
      vertex 8.92069 7.3375 4.9
    endloop
  endfacet
  facet normal -0 0 -1
    outer loop
      vertex 9.11195 8.29905 4.9
      vertex 8.81452 8.25989 4.9
      vertex 9.07304 8.4947 4.9
    endloop
  endfacet
  facet normal 0 0 -1
    outer loop
      vertex 8.78326 8.41705 4.9
      vertex 9.07304 8.4947 4.9
      vertex 8.81452 8.25989 4.9
    endloop
  endfacet
  facet normal 0 0 -1
    outer loop
      vertex 9.11195 7.90095 4.9
      vertex 8.81452 7.94011 4.9
      vertex 8.825 8.1 4.9
    endloop
  endfacet
  facet normal 0 0 -1
    outer loop
      vertex 8.66088 7.4875 4.9
      vertex 8.92069 7.3375 4.9
      vertex 8.80986 7.17164 4.9
    endloop
  endfacet
  facet normal 0 0 -1
    outer loop
      vertex 9.07304 7.7053 4.9
      vertex 8.78326 7.78295 4.9
      vertex 8.81452 7.94011 4.9
    endloop
  endfacet
  facet normal 0 0 -1
    outer loop
      vertex 9.00892 7.51641 4.9
      vertex 8.73175 7.63121 4.9
      vertex 8.78326 7.78295 4.9
    endloop
  endfacet
  facet normal 0 0 -1
    outer loop
      vertex 8.57186 7.35427 4.9
      vertex 8.80986 7.17164 4.9
      vertex 8.67834 7.02166 4.9
    endloop
  endfacet
  facet normal 0 0 -1
    outer loop
      vertex 8.92069 7.3375 4.9
      vertex 8.66088 7.4875 4.9
      vertex 8.73175 7.63121 4.9
    endloop
  endfacet
  facet normal 0 0 -1
    outer loop
      vertex 8.80986 7.17164 4.9
      vertex 8.57186 7.35427 4.9
      vertex 8.66088 7.4875 4.9
    endloop
  endfacet
  facet normal 0 0 -1
    outer loop
      vertex 8.46621 7.23379 4.9
      vertex 8.67834 7.02166 4.9
      vertex 8.52836 6.89014 4.9
    endloop
  endfacet
  facet normal 0 0 -1
    outer loop
      vertex 8.67834 7.02166 4.9
      vertex 8.46621 7.23379 4.9
      vertex 8.57186 7.35427 4.9
    endloop
  endfacet
  facet normal 0 0 -1
    outer loop
      vertex 8.34573 7.12814 4.9
      vertex 8.52836 6.89014 4.9
      vertex 8.3625 6.77931 4.9
    endloop
  endfacet
  facet normal 0 0 -1
    outer loop
      vertex 8.52836 6.89014 4.9
      vertex 8.34573 7.12814 4.9
      vertex 8.46621 7.23379 4.9
    endloop
  endfacet
  facet normal 0 0 -1
    outer loop
      vertex 8.3625 6.77931 4.9
      vertex 8.2125 7.03912 4.9
      vertex 8.34573 7.12814 4.9
    endloop
  endfacet
  facet normal 0 0 -1
    outer loop
      vertex 8.18359 6.69108 4.9
      vertex 8.2125 7.03912 4.9
      vertex 8.3625 6.77931 4.9
    endloop
  endfacet
  facet normal 0 0 -1
    outer loop
      vertex 8.18359 6.69108 4.9
      vertex 8.06879 6.96825 4.9
      vertex 8.2125 7.03912 4.9
    endloop
  endfacet
  facet normal 0 0 -1
    outer loop
      vertex 7.9947 6.62696 4.9
      vertex 8.06879 6.96825 4.9
      vertex 8.18359 6.69108 4.9
    endloop
  endfacet
  facet normal 0 0 -1
    outer loop
      vertex 7.9947 6.62696 4.9
      vertex 7.91705 6.91674 4.9
      vertex 8.06879 6.96825 4.9
    endloop
  endfacet
  facet normal 0 0 -1
    outer loop
      vertex 7.85 6.9034 4.9
      vertex 7.9947 6.62696 4.9
      vertex 7.85 6.59818 4.9
    endloop
  endfacet
  facet normal 0 0 -1
    outer loop
      vertex 7.9947 6.62696 4.9
      vertex 7.85 6.9034 4.9
      vertex 7.91705 6.91674 4.9
    endloop
  endfacet
  facet normal -0 0 -1
    outer loop
      vertex 9.07304 8.4947 4.9
      vertex 8.78326 8.41705 4.9
      vertex 9.00892 8.68359 4.9
    endloop
  endfacet
  facet normal 0 0 -1
    outer loop
      vertex 8.73175 8.56879 4.9
      vertex 9.00892 8.68359 4.9
      vertex 8.78326 8.41705 4.9
    endloop
  endfacet
  facet normal -0 0 -1
    outer loop
      vertex 9.00892 8.68359 4.9
      vertex 8.73175 8.56879 4.9
      vertex 8.92069 8.8625 4.9
    endloop
  endfacet
  facet normal 0 0 -1
    outer loop
      vertex 8.66088 8.7125 4.9
      vertex 8.92069 8.8625 4.9
      vertex 8.73175 8.56879 4.9
    endloop
  endfacet
  facet normal -0 0 -1
    outer loop
      vertex 8.92069 8.8625 4.9
      vertex 8.66088 8.7125 4.9
      vertex 8.80986 9.02836 4.9
    endloop
  endfacet
  facet normal 0 0 -1
    outer loop
      vertex 8.57186 8.84573 4.9
      vertex 8.80986 9.02836 4.9
      vertex 8.66088 8.7125 4.9
    endloop
  endfacet
  facet normal -0 0 -1
    outer loop
      vertex 8.80986 9.02836 4.9
      vertex 8.57186 8.84573 4.9
      vertex 8.67834 9.17834 4.9
    endloop
  endfacet
  facet normal 0 0 -1
    outer loop
      vertex 8.46621 8.96621 4.9
      vertex 8.67834 9.17834 4.9
      vertex 8.57186 8.84573 4.9
    endloop
  endfacet
  facet normal -0 0 -1
    outer loop
      vertex 8.67834 9.17834 4.9
      vertex 8.46621 8.96621 4.9
      vertex 8.52836 9.30986 4.9
    endloop
  endfacet
  facet normal 0 0 -1
    outer loop
      vertex 8.34573 9.07186 4.9
      vertex 8.52836 9.30986 4.9
      vertex 8.46621 8.96621 4.9
    endloop
  endfacet
  facet normal -0 0 -1
    outer loop
      vertex 8.52836 9.30986 4.9
      vertex 8.34573 9.07186 4.9
      vertex 8.3625 9.42069 4.9
    endloop
  endfacet
  facet normal 0 0 -1
    outer loop
      vertex 8.2125 9.16088 4.9
      vertex 8.3625 9.42069 4.9
      vertex 8.34573 9.07186 4.9
    endloop
  endfacet
  facet normal 0 0 -1
    outer loop
      vertex 8.2125 9.16088 4.9
      vertex 8.18359 9.50892 4.9
      vertex 8.3625 9.42069 4.9
    endloop
  endfacet
  facet normal 0 0 -1
    outer loop
      vertex 8.06879 9.23175 4.9
      vertex 8.18359 9.50892 4.9
      vertex 8.2125 9.16088 4.9
    endloop
  endfacet
  facet normal 0 0 -1
    outer loop
      vertex 8.06879 9.23175 4.9
      vertex 7.9947 9.57304 4.9
      vertex 8.18359 9.50892 4.9
    endloop
  endfacet
  facet normal 0 0 -1
    outer loop
      vertex 7.91705 9.28326 4.9
      vertex 7.9947 9.57304 4.9
      vertex 8.06879 9.23175 4.9
    endloop
  endfacet
  facet normal 0 0 -1
    outer loop
      vertex 7.85 9.2966 4.9
      vertex 7.9947 9.57304 4.9
      vertex 7.91705 9.28326 4.9
    endloop
  endfacet
  facet normal -0 0 -1
    outer loop
      vertex 7.9947 9.57304 4.9
      vertex 7.85 9.2966 4.9
      vertex 7.85 9.60182 4.9
    endloop
  endfacet
  facet normal -0.946928 0.321446 0
    outer loop
      vertex 6.41674 8.41705 3.4
      vertex 6.46825 8.56879 4.9
      vertex 6.46825 8.56879 3.4
    endloop
  endfacet
  facet normal -0.946928 0.321446 0
    outer loop
      vertex 6.46825 8.56879 4.9
      vertex 6.41674 8.41705 3.4
      vertex 6.41674 8.41705 4.9
    endloop
  endfacet
  facet normal -0.831474 0.555564 0
    outer loop
      vertex 6.53912 8.7125 3.4
      vertex 6.62814 8.84573 4.9
      vertex 6.62814 8.84573 3.4
    endloop
  endfacet
  facet normal -0.831474 0.555564 0
    outer loop
      vertex 6.62814 8.84573 4.9
      vertex 6.53912 8.7125 3.4
      vertex 6.53912 8.7125 4.9
    endloop
  endfacet
  facet normal -0.555564 0.831474 0
    outer loop
      vertex 6.9875 9.16088 3.4
      vertex 6.85427 9.07186 4.9
      vertex 6.9875 9.16088 4.9
    endloop
  endfacet
  facet normal -0.555564 0.831474 0
    outer loop
      vertex 6.85427 9.07186 4.9
      vertex 6.9875 9.16088 3.4
      vertex 6.85427 9.07186 3.4
    endloop
  endfacet
  facet normal -0.442289 0.896873 0
    outer loop
      vertex 7.13121 9.23175 3.4
      vertex 6.9875 9.16088 4.9
      vertex 7.13121 9.23175 4.9
    endloop
  endfacet
  facet normal -0.442289 0.896873 0
    outer loop
      vertex 6.9875 9.16088 4.9
      vertex 7.13121 9.23175 3.4
      vertex 6.9875 9.16088 3.4
    endloop
  endfacet
  facet normal -0.946928 -0.321446 0
    outer loop
      vertex 6.46825 7.63121 3.4
      vertex 6.41674 7.78295 4.9
      vertex 6.41674 7.78295 3.4
    endloop
  endfacet
  facet normal -0.946928 -0.321446 0
    outer loop
      vertex 6.41674 7.78295 4.9
      vertex 6.46825 7.63121 3.4
      vertex 6.46825 7.63121 4.9
    endloop
  endfacet
  facet normal -0.751865 -0.659317 0
    outer loop
      vertex 6.73379 7.23379 3.4
      vertex 6.62814 7.35427 4.9
      vertex 6.62814 7.35427 3.4
    endloop
  endfacet
  facet normal -0.751865 -0.659317 0
    outer loop
      vertex 6.62814 7.35427 4.9
      vertex 6.73379 7.23379 3.4
      vertex 6.73379 7.23379 4.9
    endloop
  endfacet
  facet normal 0.195131 -0.980777 0
    outer loop
      vertex 7.85 6.9034 3.4
      vertex 7.91705 6.91674 4.9
      vertex 7.85 6.9034 4.9
    endloop
  endfacet
  facet normal 0.195131 -0.980777 0
    outer loop
      vertex 7.91705 6.91674 4.9
      vertex 7.85 6.9034 3.4
      vertex 7.91705 6.91674 3.4
    endloop
  endfacet
  facet normal 0.896873 0.442289 0
    outer loop
      vertex 8.73175 8.56879 4.9
      vertex 8.66088 8.7125 3.4
      vertex 8.66088 8.7125 4.9
    endloop
  endfacet
  facet normal 0.896873 0.442289 0
    outer loop
      vertex 8.66088 8.7125 3.4
      vertex 8.73175 8.56879 4.9
      vertex 8.73175 8.56879 3.4
    endloop
  endfacet
  facet normal 0.946928 0.321446 0
    outer loop
      vertex 8.78326 8.41705 4.9
      vertex 8.73175 8.56879 3.4
      vertex 8.73175 8.56879 4.9
    endloop
  endfacet
  facet normal 0.946928 0.321446 0
    outer loop
      vertex 8.73175 8.56879 3.4
      vertex 8.78326 8.41705 4.9
      vertex 8.78326 8.41705 3.4
    endloop
  endfacet
  facet normal 0.980787 0.195084 0
    outer loop
      vertex 8.81452 8.25989 4.9
      vertex 8.78326 8.41705 3.4
      vertex 8.78326 8.41705 4.9
    endloop
  endfacet
  facet normal 0.980787 0.195084 0
    outer loop
      vertex 8.78326 8.41705 3.4
      vertex 8.81452 8.25989 4.9
      vertex 8.81452 8.25989 3.4
    endloop
  endfacet
  facet normal 0.997859 -0.0654047 0
    outer loop
      vertex 8.81452 7.94011 4.9
      vertex 8.825 8.1 3.4
      vertex 8.825 8.1 4.9
    endloop
  endfacet
  facet normal 0.997859 -0.0654047 0
    outer loop
      vertex 8.825 8.1 3.4
      vertex 8.81452 7.94011 4.9
      vertex 8.81452 7.94011 3.4
    endloop
  endfacet
  facet normal 0.751865 -0.659317 0
    outer loop
      vertex 8.46621 7.23379 4.9
      vertex 8.57186 7.35427 3.4
      vertex 8.57186 7.35427 4.9
    endloop
  endfacet
  facet normal 0.751865 -0.659317 0
    outer loop
      vertex 8.57186 7.35427 3.4
      vertex 8.46621 7.23379 4.9
      vertex 8.46621 7.23379 3.4
    endloop
  endfacet
  facet normal 0.831474 -0.555564 0
    outer loop
      vertex 8.57186 7.35427 4.9
      vertex 8.66088 7.4875 3.4
      vertex 8.66088 7.4875 4.9
    endloop
  endfacet
  facet normal 0.831474 -0.555564 0
    outer loop
      vertex 8.66088 7.4875 3.4
      vertex 8.57186 7.35427 4.9
      vertex 8.57186 7.35427 3.4
    endloop
  endfacet
  facet normal 0.896873 -0.442289 0
    outer loop
      vertex 8.66088 7.4875 4.9
      vertex 8.73175 7.63121 3.4
      vertex 8.73175 7.63121 4.9
    endloop
  endfacet
  facet normal 0.896873 -0.442289 0
    outer loop
      vertex 8.73175 7.63121 3.4
      vertex 8.66088 7.4875 4.9
      vertex 8.66088 7.4875 3.4
    endloop
  endfacet
  facet normal -0.195131 -0.980777 0
    outer loop
      vertex 7.28295 6.91674 3.4
      vertex 7.35 6.9034 4.9
      vertex 7.28295 6.91674 4.9
    endloop
  endfacet
  facet normal -0.195131 -0.980777 -0
    outer loop
      vertex 7.35 6.9034 4.9
      vertex 7.28295 6.91674 3.4
      vertex 7.35 6.9034 3.4
    endloop
  endfacet
  facet normal -0.997859 -0.0654047 0
    outer loop
      vertex 6.38548 7.94011 3.4
      vertex 6.375 8.1 4.9
      vertex 6.375 8.1 3.4
    endloop
  endfacet
  facet normal -0.997859 -0.0654047 0
    outer loop
      vertex 6.375 8.1 4.9
      vertex 6.38548 7.94011 3.4
      vertex 6.38548 7.94011 4.9
    endloop
  endfacet
  facet normal 0 0 -1
    outer loop
      vertex 8.81452 7.94011 3.4
      vertex 8.81452 8.25989 3.4
      vertex 8.825 8.1 3.4
    endloop
  endfacet
  facet normal 0 0 -1
    outer loop
      vertex 8.78326 7.78295 3.4
      vertex 8.81452 8.25989 3.4
      vertex 8.81452 7.94011 3.4
    endloop
  endfacet
  facet normal 0 0 -1
    outer loop
      vertex 8.78326 7.78295 3.4
      vertex 8.78326 8.41705 3.4
      vertex 8.81452 8.25989 3.4
    endloop
  endfacet
  facet normal 0 0 -1
    outer loop
      vertex 8.73175 7.63121 3.4
      vertex 8.78326 8.41705 3.4
      vertex 8.78326 7.78295 3.4
    endloop
  endfacet
  facet normal 0 0 -1
    outer loop
      vertex 8.73175 7.63121 3.4
      vertex 8.73175 8.56879 3.4
      vertex 8.78326 8.41705 3.4
    endloop
  endfacet
  facet normal 0 0 -1
    outer loop
      vertex 8.66088 7.4875 3.4
      vertex 8.73175 8.56879 3.4
      vertex 8.73175 7.63121 3.4
    endloop
  endfacet
  facet normal 0 0 -1
    outer loop
      vertex 8.66088 7.4875 3.4
      vertex 8.66088 8.7125 3.4
      vertex 8.73175 8.56879 3.4
    endloop
  endfacet
  facet normal 0 0 -1
    outer loop
      vertex 8.57186 7.35427 3.4
      vertex 8.66088 8.7125 3.4
      vertex 8.66088 7.4875 3.4
    endloop
  endfacet
  facet normal 0 0 -1
    outer loop
      vertex 8.57186 7.35427 3.4
      vertex 8.57186 8.84573 3.4
      vertex 8.66088 8.7125 3.4
    endloop
  endfacet
  facet normal 0 0 -1
    outer loop
      vertex 8.46621 7.23379 3.4
      vertex 8.57186 8.84573 3.4
      vertex 8.57186 7.35427 3.4
    endloop
  endfacet
  facet normal 0 0 -1
    outer loop
      vertex 8.46621 7.23379 3.4
      vertex 8.46621 8.96621 3.4
      vertex 8.57186 8.84573 3.4
    endloop
  endfacet
  facet normal 0 0 -1
    outer loop
      vertex 8.34573 7.12814 3.4
      vertex 8.46621 8.96621 3.4
      vertex 8.46621 7.23379 3.4
    endloop
  endfacet
  facet normal 0 0 -1
    outer loop
      vertex 8.34573 7.12814 3.4
      vertex 8.34573 9.07186 3.4
      vertex 8.46621 8.96621 3.4
    endloop
  endfacet
  facet normal 0 0 -1
    outer loop
      vertex 8.2125 7.03912 3.4
      vertex 8.34573 9.07186 3.4
      vertex 8.34573 7.12814 3.4
    endloop
  endfacet
  facet normal 0 0 -1
    outer loop
      vertex 8.2125 7.03912 3.4
      vertex 8.2125 9.16088 3.4
      vertex 8.34573 9.07186 3.4
    endloop
  endfacet
  facet normal 0 0 -1
    outer loop
      vertex 7.85 6.9034 3.4
      vertex 8.2125 7.03912 3.4
      vertex 8.06879 6.96825 3.4
    endloop
  endfacet
  facet normal -0 0 -1
    outer loop
      vertex 8.2125 7.03912 3.4
      vertex 7.85 6.9034 3.4
      vertex 8.2125 9.16088 3.4
    endloop
  endfacet
  facet normal 0 0 -1
    outer loop
      vertex 7.85 6.9034 3.4
      vertex 8.06879 6.96825 3.4
      vertex 7.91705 6.91674 3.4
    endloop
  endfacet
  facet normal 0 0 -1
    outer loop
      vertex 7.85 9.2966 3.4
      vertex 8.2125 9.16088 3.4
      vertex 7.85 6.9034 3.4
    endloop
  endfacet
  facet normal 0 0 -1
    outer loop
      vertex 8.2125 9.16088 3.4
      vertex 7.85 9.2966 3.4
      vertex 8.06879 9.23175 3.4
    endloop
  endfacet
  facet normal 0 0 -1
    outer loop
      vertex 8.06879 9.23175 3.4
      vertex 7.85 9.2966 3.4
      vertex 7.91705 9.28326 3.4
    endloop
  endfacet
  facet normal 0 0 -1
    outer loop
      vertex 7.13121 6.96825 3.4
      vertex 7.35 6.9034 3.4
      vertex 7.28295 6.91674 3.4
    endloop
  endfacet
  facet normal 0 0 -1
    outer loop
      vertex 6.9875 7.03912 3.4
      vertex 7.35 6.9034 3.4
      vertex 7.13121 6.96825 3.4
    endloop
  endfacet
  facet normal 0 0 -1
    outer loop
      vertex 7.35 6.9034 3.4
      vertex 6.9875 7.03912 3.4
      vertex 7.35 9.2966 3.4
    endloop
  endfacet
  facet normal 0 0 -1
    outer loop
      vertex 7.35 9.2966 3.4
      vertex 7.13121 9.23175 3.4
      vertex 7.28295 9.28326 3.4
    endloop
  endfacet
  facet normal 0 0 -1
    outer loop
      vertex 6.9875 9.16088 3.4
      vertex 7.35 9.2966 3.4
      vertex 6.9875 7.03912 3.4
    endloop
  endfacet
  facet normal 0 0 -1
    outer loop
      vertex 7.35 9.2966 3.4
      vertex 6.9875 9.16088 3.4
      vertex 7.13121 9.23175 3.4
    endloop
  endfacet
  facet normal 0 0 -1
    outer loop
      vertex 6.85427 7.12814 3.4
      vertex 6.9875 9.16088 3.4
      vertex 6.9875 7.03912 3.4
    endloop
  endfacet
  facet normal 0 0 -1
    outer loop
      vertex 6.85427 7.12814 3.4
      vertex 6.85427 9.07186 3.4
      vertex 6.9875 9.16088 3.4
    endloop
  endfacet
  facet normal 0 0 -1
    outer loop
      vertex 6.73379 7.23379 3.4
      vertex 6.85427 9.07186 3.4
      vertex 6.85427 7.12814 3.4
    endloop
  endfacet
  facet normal 0 0 -1
    outer loop
      vertex 6.73379 7.23379 3.4
      vertex 6.73379 8.96621 3.4
      vertex 6.85427 9.07186 3.4
    endloop
  endfacet
  facet normal 0 0 -1
    outer loop
      vertex 6.62814 7.35427 3.4
      vertex 6.73379 8.96621 3.4
      vertex 6.73379 7.23379 3.4
    endloop
  endfacet
  facet normal 0 0 -1
    outer loop
      vertex 6.62814 7.35427 3.4
      vertex 6.62814 8.84573 3.4
      vertex 6.73379 8.96621 3.4
    endloop
  endfacet
  facet normal 0 0 -1
    outer loop
      vertex 6.53912 7.4875 3.4
      vertex 6.62814 8.84573 3.4
      vertex 6.62814 7.35427 3.4
    endloop
  endfacet
  facet normal 0 0 -1
    outer loop
      vertex 6.53912 7.4875 3.4
      vertex 6.53912 8.7125 3.4
      vertex 6.62814 8.84573 3.4
    endloop
  endfacet
  facet normal 0 0 -1
    outer loop
      vertex 6.46825 7.63121 3.4
      vertex 6.53912 8.7125 3.4
      vertex 6.53912 7.4875 3.4
    endloop
  endfacet
  facet normal 0 0 -1
    outer loop
      vertex 6.46825 7.63121 3.4
      vertex 6.46825 8.56879 3.4
      vertex 6.53912 8.7125 3.4
    endloop
  endfacet
  facet normal 0 0 -1
    outer loop
      vertex 6.41674 7.78295 3.4
      vertex 6.46825 8.56879 3.4
      vertex 6.46825 7.63121 3.4
    endloop
  endfacet
  facet normal 0 0 -1
    outer loop
      vertex 6.41674 7.78295 3.4
      vertex 6.41674 8.41705 3.4
      vertex 6.46825 8.56879 3.4
    endloop
  endfacet
  facet normal 0 0 -1
    outer loop
      vertex 6.38548 7.94011 3.4
      vertex 6.41674 8.41705 3.4
      vertex 6.41674 7.78295 3.4
    endloop
  endfacet
  facet normal 0 0 -1
    outer loop
      vertex 6.38548 7.94011 3.4
      vertex 6.38548 8.25989 3.4
      vertex 6.41674 8.41705 3.4
    endloop
  endfacet
  facet normal 0 -0 -1
    outer loop
      vertex 6.38548 8.25989 3.4
      vertex 6.38548 7.94011 3.4
      vertex 6.375 8.1 3.4
    endloop
  endfacet
  facet normal 0.442289 -0.896873 0
    outer loop
      vertex 8.06879 6.96825 3.4
      vertex 8.2125 7.03912 4.9
      vertex 8.06879 6.96825 4.9
    endloop
  endfacet
  facet normal 0.442289 -0.896873 0
    outer loop
      vertex 8.2125 7.03912 4.9
      vertex 8.06879 6.96825 3.4
      vertex 8.2125 7.03912 3.4
    endloop
  endfacet
  facet normal 0.321446 -0.946928 0
    outer loop
      vertex 7.91705 6.91674 3.4
      vertex 8.06879 6.96825 4.9
      vertex 7.91705 6.91674 4.9
    endloop
  endfacet
  facet normal 0.321446 -0.946928 0
    outer loop
      vertex 8.06879 6.96825 4.9
      vertex 7.91705 6.91674 3.4
      vertex 8.06879 6.96825 3.4
    endloop
  endfacet
  facet normal 0.659317 -0.751865 0
    outer loop
      vertex 8.34573 7.12814 3.4
      vertex 8.46621 7.23379 4.9
      vertex 8.34573 7.12814 4.9
    endloop
  endfacet
  facet normal 0.659317 -0.751865 0
    outer loop
      vertex 8.46621 7.23379 4.9
      vertex 8.34573 7.12814 3.4
      vertex 8.46621 7.23379 3.4
    endloop
  endfacet
  facet normal -0.321446 -0.946928 0
    outer loop
      vertex 7.13121 6.96825 3.4
      vertex 7.28295 6.91674 4.9
      vertex 7.13121 6.96825 4.9
    endloop
  endfacet
  facet normal -0.321446 -0.946928 -0
    outer loop
      vertex 7.28295 6.91674 4.9
      vertex 7.13121 6.96825 3.4
      vertex 7.28295 6.91674 3.4
    endloop
  endfacet
  facet normal -0.442289 -0.896873 0
    outer loop
      vertex 6.9875 7.03912 3.4
      vertex 7.13121 6.96825 4.9
      vertex 6.9875 7.03912 4.9
    endloop
  endfacet
  facet normal -0.442289 -0.896873 -0
    outer loop
      vertex 7.13121 6.96825 4.9
      vertex 6.9875 7.03912 3.4
      vertex 7.13121 6.96825 3.4
    endloop
  endfacet
  facet normal -0.980787 -0.195084 0
    outer loop
      vertex 6.41674 7.78295 3.4
      vertex 6.38548 7.94011 4.9
      vertex 6.38548 7.94011 3.4
    endloop
  endfacet
  facet normal -0.980787 -0.195084 0
    outer loop
      vertex 6.38548 7.94011 4.9
      vertex 6.41674 7.78295 3.4
      vertex 6.41674 7.78295 4.9
    endloop
  endfacet
  facet normal -0.831474 -0.555564 0
    outer loop
      vertex 6.62814 7.35427 3.4
      vertex 6.53912 7.4875 4.9
      vertex 6.53912 7.4875 3.4
    endloop
  endfacet
  facet normal -0.831474 -0.555564 0
    outer loop
      vertex 6.53912 7.4875 4.9
      vertex 6.62814 7.35427 3.4
      vertex 6.62814 7.35427 4.9
    endloop
  endfacet
  facet normal -0.896873 -0.442289 0
    outer loop
      vertex 6.53912 7.4875 3.4
      vertex 6.46825 7.63121 4.9
      vertex 6.46825 7.63121 3.4
    endloop
  endfacet
  facet normal -0.896873 -0.442289 0
    outer loop
      vertex 6.46825 7.63121 4.9
      vertex 6.53912 7.4875 3.4
      vertex 6.53912 7.4875 4.9
    endloop
  endfacet
  facet normal -0.555564 -0.831474 0
    outer loop
      vertex 6.85427 7.12814 3.4
      vertex 6.9875 7.03912 4.9
      vertex 6.85427 7.12814 4.9
    endloop
  endfacet
  facet normal -0.555564 -0.831474 -0
    outer loop
      vertex 6.9875 7.03912 4.9
      vertex 6.85427 7.12814 3.4
      vertex 6.9875 7.03912 3.4
    endloop
  endfacet
  facet normal 0.892893 0.0585394 0.446447
    outer loop
      vertex 9.11195 8.29905 4.9
      vertex 8.825 8.1 5.5
      vertex 9.125 8.1 4.9
    endloop
  endfacet
  facet normal 0.589968 0.672775 0.446444
    outer loop
      vertex 8.52836 9.30986 4.9
      vertex 8.34573 9.07186 5.5
      vertex 8.67834 9.17834 4.9
    endloop
  endfacet
  facet normal 0.287628 0.84732 0.446452
    outer loop
      vertex 8.18359 9.50892 4.9
      vertex 7.9947 9.57304 4.9
      vertex 8.06879 9.23175 5.5
    endloop
  endfacet
  facet normal -0.672778 0.589965 0.446443
    outer loop
      vertex 6.73379 8.96621 5.5
      vertex 6.52166 9.17834 4.9
      vertex 6.62814 8.84573 5.5
    endloop
  endfacet
  facet normal -0.395764 0.802529 0.44645
    outer loop
      vertex 7.13121 9.23175 5.5
      vertex 6.8375 9.42069 4.9
      vertex 6.9875 9.16088 5.5
    endloop
  endfacet
  facet normal -0.892893 0.0585394 0.446447
    outer loop
      vertex 6.08805 8.29905 4.9
      vertex 6.075 8.1 4.9
      vertex 6.375 8.1 5.5
    endloop
  endfacet
  facet normal -0.174605 0.877608 0.446449
    outer loop
      vertex 7.35 9.47004 5.15906
      vertex 7.28295 9.28326 5.5
      vertex 7.35 9.2966 5.5
    endloop
  endfacet
  facet normal 0.672778 -0.589965 0.446443
    outer loop
      vertex 8.57186 7.35427 5.5
      vertex 8.46621 7.23379 5.5
      vertex 8.67834 7.02166 4.9
    endloop
  endfacet
  facet normal 0.84732 -0.287628 0.446452
    outer loop
      vertex 9.07304 7.7053 4.9
      vertex 8.73175 7.63121 5.5
      vertex 9.00892 7.51641 4.9
    endloop
  endfacet
  facet normal -0.497126 0.744013 0.446442
    outer loop
      vertex 6.9875 9.16088 5.5
      vertex 6.67164 9.30986 4.9
      vertex 6.85427 9.07186 5.5
    endloop
  endfacet
  facet normal -0.802527 0.395768 0.446451
    outer loop
      vertex 6.27931 8.8625 4.9
      vertex 6.19108 8.68359 4.9
      vertex 6.46825 8.56879 5.5
    endloop
  endfacet
  facet normal -0.847319 0.287633 0.446451
    outer loop
      vertex 6.46825 8.56879 5.5
      vertex 6.12696 8.4947 4.9
      vertex 6.41674 8.41705 5.5
    endloop
  endfacet
  facet normal -0.497148 -0.743994 0.446449
    outer loop
      vertex 6.9875 7.03912 5.5
      vertex 6.67164 6.89014 4.9
      vertex 6.8375 6.77931 4.9
    endloop
  endfacet
  facet normal -0.743994 -0.497148 0.446449
    outer loop
      vertex 6.53912 7.4875 5.5
      vertex 6.27931 7.3375 4.9
      vertex 6.39014 7.17164 4.9
    endloop
  endfacet
  facet normal 0.174596 0.877609 0.446451
    outer loop
      vertex 7.9947 9.57304 4.9
      vertex 7.85 9.47004 5.15906
      vertex 7.91705 9.28326 5.5
    endloop
  endfacet
  facet normal 0.174555 0.877625 0.446435
    outer loop
      vertex 7.85 9.47004 5.15906
      vertex 7.9947 9.57304 4.9
      vertex 7.85 9.60182 4.9
    endloop
  endfacet
  facet normal 0.497126 0.744013 0.446442
    outer loop
      vertex 8.52836 9.30986 4.9
      vertex 8.2125 9.16088 5.5
      vertex 8.34573 9.07186 5.5
    endloop
  endfacet
  facet normal -0.395768 0.802527 0.446451
    outer loop
      vertex 7.01641 9.50892 4.9
      vertex 6.8375 9.42069 4.9
      vertex 7.13121 9.23175 5.5
    endloop
  endfacet
  facet normal -0.174555 0.877625 0.446435
    outer loop
      vertex 7.2053 9.57304 4.9
      vertex 7.35 9.47004 5.15906
      vertex 7.35 9.60182 4.9
    endloop
  endfacet
  facet normal -0.174596 0.877609 0.446451
    outer loop
      vertex 7.35 9.47004 5.15906
      vertex 7.2053 9.57304 4.9
      vertex 7.28295 9.28326 5.5
    endloop
  endfacet
  facet normal -0.497148 0.743994 0.446449
    outer loop
      vertex 6.8375 9.42069 4.9
      vertex 6.67164 9.30986 4.9
      vertex 6.9875 9.16088 5.5
    endloop
  endfacet
  facet normal 0.174605 0.877608 0.446449
    outer loop
      vertex 7.85 9.47004 5.15906
      vertex 7.85 9.2966 5.5
      vertex 7.91705 9.28326 5.5
    endloop
  endfacet
  facet normal 0.877619 0.174563 0.446444
    outer loop
      vertex 9.11195 8.29905 4.9
      vertex 8.78326 8.41705 5.5
      vertex 8.81452 8.25989 5.5
    endloop
  endfacet
  facet normal 0.743994 0.497148 0.446449
    outer loop
      vertex 8.80986 9.02836 4.9
      vertex 8.66088 8.7125 5.5
      vertex 8.92069 8.8625 4.9
    endloop
  endfacet
  facet normal 0.589965 0.672778 0.446443
    outer loop
      vertex 8.67834 9.17834 4.9
      vertex 8.34573 9.07186 5.5
      vertex 8.46621 8.96621 5.5
    endloop
  endfacet
  facet normal 0.802529 -0.395764 0.44645
    outer loop
      vertex 8.73175 7.63121 5.5
      vertex 8.66088 7.4875 5.5
      vertex 8.92069 7.3375 4.9
    endloop
  endfacet
  facet normal 0.802527 -0.395768 0.446451
    outer loop
      vertex 9.00892 7.51641 4.9
      vertex 8.73175 7.63121 5.5
      vertex 8.92069 7.3375 4.9
    endloop
  endfacet
  facet normal 0.892893 -0.0585394 0.446447
    outer loop
      vertex 9.125 8.1 4.9
      vertex 8.825 8.1 5.5
      vertex 9.11195 7.90095 4.9
    endloop
  endfacet
  facet normal -0.744013 0.497126 0.446442
    outer loop
      vertex 6.62814 8.84573 5.5
      vertex 6.39014 9.02836 4.9
      vertex 6.53912 8.7125 5.5
    endloop
  endfacet
  facet normal -0.672775 0.589968 0.446444
    outer loop
      vertex 6.52166 9.17834 4.9
      vertex 6.39014 9.02836 4.9
      vertex 6.62814 8.84573 5.5
    endloop
  endfacet
  facet normal -0.877619 0.174563 0.446444
    outer loop
      vertex 6.41674 8.41705 5.5
      vertex 6.08805 8.29905 4.9
      vertex 6.38548 8.25989 5.5
    endloop
  endfacet
  facet normal -0.287633 -0.847319 0.446451
    outer loop
      vertex 7.28295 6.91674 5.5
      vertex 7.13121 6.96825 5.5
      vertex 7.2053 6.62696 4.9
    endloop
  endfacet
  facet normal -0.892893 -0.0585394 0.446447
    outer loop
      vertex 6.375 8.1 5.5
      vertex 6.075 8.1 4.9
      vertex 6.08805 7.90095 4.9
    endloop
  endfacet
  facet normal -0.672775 -0.589968 0.446444
    outer loop
      vertex 6.62814 7.35427 5.5
      vertex 6.39014 7.17164 4.9
      vertex 6.52166 7.02166 4.9
    endloop
  endfacet
  facet normal -0.395764 -0.802529 0.44645
    outer loop
      vertex 6.9875 7.03912 5.5
      vertex 6.8375 6.77931 4.9
      vertex 7.13121 6.96825 5.5
    endloop
  endfacet
  facet normal 0.395768 -0.802527 0.446451
    outer loop
      vertex 8.3625 6.77931 4.9
      vertex 8.06879 6.96825 5.5
      vertex 8.18359 6.69108 4.9
    endloop
  endfacet
  facet normal -0.589968 0.672775 0.446444
    outer loop
      vertex 6.67164 9.30986 4.9
      vertex 6.52166 9.17834 4.9
      vertex 6.85427 9.07186 5.5
    endloop
  endfacet
  facet normal -0.589965 0.672778 0.446443
    outer loop
      vertex 6.85427 9.07186 5.5
      vertex 6.52166 9.17834 4.9
      vertex 6.73379 8.96621 5.5
    endloop
  endfacet
  facet normal 0.802529 0.395764 0.44645
    outer loop
      vertex 8.92069 8.8625 4.9
      vertex 8.66088 8.7125 5.5
      vertex 8.73175 8.56879 5.5
    endloop
  endfacet
  facet normal 0.877621 0.174537 0.44645
    outer loop
      vertex 9.07304 8.4947 4.9
      vertex 8.78326 8.41705 5.5
      vertex 9.11195 8.29905 4.9
    endloop
  endfacet
  facet normal 0.847319 0.287633 0.446451
    outer loop
      vertex 9.07304 8.4947 4.9
      vertex 8.73175 8.56879 5.5
      vertex 8.78326 8.41705 5.5
    endloop
  endfacet
  facet normal 0.892896 0.0585249 0.446443
    outer loop
      vertex 9.11195 8.29905 4.9
      vertex 8.81452 8.25989 5.5
      vertex 8.825 8.1 5.5
    endloop
  endfacet
  facet normal 0.672775 0.589968 0.446444
    outer loop
      vertex 8.67834 9.17834 4.9
      vertex 8.57186 8.84573 5.5
      vertex 8.80986 9.02836 4.9
    endloop
  endfacet
  facet normal 0.497148 0.743994 0.446449
    outer loop
      vertex 8.3625 9.42069 4.9
      vertex 8.2125 9.16088 5.5
      vertex 8.52836 9.30986 4.9
    endloop
  endfacet
  facet normal 0.287633 0.847319 0.446451
    outer loop
      vertex 7.9947 9.57304 4.9
      vertex 7.91705 9.28326 5.5
      vertex 8.06879 9.23175 5.5
    endloop
  endfacet
  facet normal 0.743994 -0.497148 0.446449
    outer loop
      vertex 8.92069 7.3375 4.9
      vertex 8.66088 7.4875 5.5
      vertex 8.80986 7.17164 4.9
    endloop
  endfacet
  facet normal 0.672775 -0.589968 0.446444
    outer loop
      vertex 8.80986 7.17164 4.9
      vertex 8.57186 7.35427 5.5
      vertex 8.67834 7.02166 4.9
    endloop
  endfacet
  facet normal 0.847319 -0.287633 0.446451
    outer loop
      vertex 8.78326 7.78295 5.5
      vertex 8.73175 7.63121 5.5
      vertex 9.07304 7.7053 4.9
    endloop
  endfacet
  facet normal 0.877621 -0.174537 0.44645
    outer loop
      vertex 9.11195 7.90095 4.9
      vertex 8.78326 7.78295 5.5
      vertex 9.07304 7.7053 4.9
    endloop
  endfacet
  facet normal -0.743994 0.497148 0.446449
    outer loop
      vertex 6.39014 9.02836 4.9
      vertex 6.27931 8.8625 4.9
      vertex 6.53912 8.7125 5.5
    endloop
  endfacet
  facet normal 0 0 1
    outer loop
      vertex 7.13121 9.23175 5.5
      vertex 7.35 9.2966 5.5
      vertex 7.28295 9.28326 5.5
    endloop
  endfacet
  facet normal 0 0 1
    outer loop
      vertex 6.9875 9.16088 5.5
      vertex 7.35 9.2966 5.5
      vertex 7.13121 9.23175 5.5
    endloop
  endfacet
  facet normal 0 0 1
    outer loop
      vertex 7.35 9.2966 5.5
      vertex 6.9875 9.16088 5.5
      vertex 7.35 6.9034 5.5
    endloop
  endfacet
  facet normal 0 0 1
    outer loop
      vertex 7.35 6.9034 5.5
      vertex 7.13121 6.96825 5.5
      vertex 7.28295 6.91674 5.5
    endloop
  endfacet
  facet normal -0 0 1
    outer loop
      vertex 6.9875 7.03912 5.5
      vertex 7.35 6.9034 5.5
      vertex 6.9875 9.16088 5.5
    endloop
  endfacet
  facet normal 0 0 1
    outer loop
      vertex 7.35 6.9034 5.5
      vertex 6.9875 7.03912 5.5
      vertex 7.13121 6.96825 5.5
    endloop
  endfacet
  facet normal -0 0 1
    outer loop
      vertex 6.85427 9.07186 5.5
      vertex 6.9875 7.03912 5.5
      vertex 6.9875 9.16088 5.5
    endloop
  endfacet
  facet normal 0 0 1
    outer loop
      vertex 6.85427 9.07186 5.5
      vertex 6.85427 7.12814 5.5
      vertex 6.9875 7.03912 5.5
    endloop
  endfacet
  facet normal -0 0 1
    outer loop
      vertex 6.73379 8.96621 5.5
      vertex 6.85427 7.12814 5.5
      vertex 6.85427 9.07186 5.5
    endloop
  endfacet
  facet normal 0 0 1
    outer loop
      vertex 6.73379 8.96621 5.5
      vertex 6.73379 7.23379 5.5
      vertex 6.85427 7.12814 5.5
    endloop
  endfacet
  facet normal -0 0 1
    outer loop
      vertex 6.62814 8.84573 5.5
      vertex 6.73379 7.23379 5.5
      vertex 6.73379 8.96621 5.5
    endloop
  endfacet
  facet normal 0 0 1
    outer loop
      vertex 6.62814 8.84573 5.5
      vertex 6.62814 7.35427 5.5
      vertex 6.73379 7.23379 5.5
    endloop
  endfacet
  facet normal -0 0 1
    outer loop
      vertex 6.53912 8.7125 5.5
      vertex 6.62814 7.35427 5.5
      vertex 6.62814 8.84573 5.5
    endloop
  endfacet
  facet normal 0 0 1
    outer loop
      vertex 6.53912 8.7125 5.5
      vertex 6.53912 7.4875 5.5
      vertex 6.62814 7.35427 5.5
    endloop
  endfacet
  facet normal -0 0 1
    outer loop
      vertex 6.46825 8.56879 5.5
      vertex 6.53912 7.4875 5.5
      vertex 6.53912 8.7125 5.5
    endloop
  endfacet
  facet normal 0 0 1
    outer loop
      vertex 6.46825 8.56879 5.5
      vertex 6.46825 7.63121 5.5
      vertex 6.53912 7.4875 5.5
    endloop
  endfacet
  facet normal -0 0 1
    outer loop
      vertex 6.41674 8.41705 5.5
      vertex 6.46825 7.63121 5.5
      vertex 6.46825 8.56879 5.5
    endloop
  endfacet
  facet normal 0 0 1
    outer loop
      vertex 6.41674 8.41705 5.5
      vertex 6.41674 7.78295 5.5
      vertex 6.46825 7.63121 5.5
    endloop
  endfacet
  facet normal -0 0 1
    outer loop
      vertex 6.38548 8.25989 5.5
      vertex 6.41674 7.78295 5.5
      vertex 6.41674 8.41705 5.5
    endloop
  endfacet
  facet normal 0 0 1
    outer loop
      vertex 6.38548 8.25989 5.5
      vertex 6.38548 7.94011 5.5
      vertex 6.41674 7.78295 5.5
    endloop
  endfacet
  facet normal 0 -0 1
    outer loop
      vertex 6.38548 7.94011 5.5
      vertex 6.38548 8.25989 5.5
      vertex 6.375 8.1 5.5
    endloop
  endfacet
  facet normal 0 0 1
    outer loop
      vertex 8.81452 8.25989 5.5
      vertex 8.81452 7.94011 5.5
      vertex 8.825 8.1 5.5
    endloop
  endfacet
  facet normal 0 0 1
    outer loop
      vertex 8.78326 8.41705 5.5
      vertex 8.81452 7.94011 5.5
      vertex 8.81452 8.25989 5.5
    endloop
  endfacet
  facet normal 0 0 1
    outer loop
      vertex 8.78326 8.41705 5.5
      vertex 8.78326 7.78295 5.5
      vertex 8.81452 7.94011 5.5
    endloop
  endfacet
  facet normal 0 0 1
    outer loop
      vertex 8.73175 8.56879 5.5
      vertex 8.78326 7.78295 5.5
      vertex 8.78326 8.41705 5.5
    endloop
  endfacet
  facet normal 0 0 1
    outer loop
      vertex 8.73175 8.56879 5.5
      vertex 8.73175 7.63121 5.5
      vertex 8.78326 7.78295 5.5
    endloop
  endfacet
  facet normal 0 0 1
    outer loop
      vertex 8.66088 8.7125 5.5
      vertex 8.73175 7.63121 5.5
      vertex 8.73175 8.56879 5.5
    endloop
  endfacet
  facet normal 0 0 1
    outer loop
      vertex 8.66088 8.7125 5.5
      vertex 8.66088 7.4875 5.5
      vertex 8.73175 7.63121 5.5
    endloop
  endfacet
  facet normal 0 0 1
    outer loop
      vertex 8.57186 8.84573 5.5
      vertex 8.66088 7.4875 5.5
      vertex 8.66088 8.7125 5.5
    endloop
  endfacet
  facet normal 0 0 1
    outer loop
      vertex 8.57186 8.84573 5.5
      vertex 8.57186 7.35427 5.5
      vertex 8.66088 7.4875 5.5
    endloop
  endfacet
  facet normal 0 0 1
    outer loop
      vertex 8.46621 8.96621 5.5
      vertex 8.57186 7.35427 5.5
      vertex 8.57186 8.84573 5.5
    endloop
  endfacet
  facet normal 0 0 1
    outer loop
      vertex 8.46621 8.96621 5.5
      vertex 8.46621 7.23379 5.5
      vertex 8.57186 7.35427 5.5
    endloop
  endfacet
  facet normal 0 0 1
    outer loop
      vertex 8.34573 9.07186 5.5
      vertex 8.46621 7.23379 5.5
      vertex 8.46621 8.96621 5.5
    endloop
  endfacet
  facet normal 0 0 1
    outer loop
      vertex 8.34573 9.07186 5.5
      vertex 8.34573 7.12814 5.5
      vertex 8.46621 7.23379 5.5
    endloop
  endfacet
  facet normal 0 0 1
    outer loop
      vertex 8.2125 9.16088 5.5
      vertex 8.34573 7.12814 5.5
      vertex 8.34573 9.07186 5.5
    endloop
  endfacet
  facet normal 0 0 1
    outer loop
      vertex 8.2125 9.16088 5.5
      vertex 8.2125 7.03912 5.5
      vertex 8.34573 7.12814 5.5
    endloop
  endfacet
  facet normal 0 0 1
    outer loop
      vertex 7.85 9.2966 5.5
      vertex 8.2125 9.16088 5.5
      vertex 8.06879 9.23175 5.5
    endloop
  endfacet
  facet normal 0 0 1
    outer loop
      vertex 8.2125 9.16088 5.5
      vertex 7.85 9.2966 5.5
      vertex 8.2125 7.03912 5.5
    endloop
  endfacet
  facet normal 0 0 1
    outer loop
      vertex 7.85 9.2966 5.5
      vertex 8.06879 9.23175 5.5
      vertex 7.91705 9.28326 5.5
    endloop
  endfacet
  facet normal 0 0 1
    outer loop
      vertex 7.85 6.9034 5.5
      vertex 8.2125 7.03912 5.5
      vertex 7.85 9.2966 5.5
    endloop
  endfacet
  facet normal 0 0 1
    outer loop
      vertex 8.2125 7.03912 5.5
      vertex 7.85 6.9034 5.5
      vertex 8.06879 6.96825 5.5
    endloop
  endfacet
  facet normal 0 0 1
    outer loop
      vertex 8.06879 6.96825 5.5
      vertex 7.85 6.9034 5.5
      vertex 7.91705 6.91674 5.5
    endloop
  endfacet
  facet normal -0.84732 0.287628 0.446452
    outer loop
      vertex 6.19108 8.68359 4.9
      vertex 6.12696 8.4947 4.9
      vertex 6.46825 8.56879 5.5
    endloop
  endfacet
  facet normal -0.395768 -0.802527 0.446451
    outer loop
      vertex 7.13121 6.96825 5.5
      vertex 6.8375 6.77931 4.9
      vertex 7.01641 6.69108 4.9
    endloop
  endfacet
  facet normal -0.287628 -0.84732 0.446452
    outer loop
      vertex 7.13121 6.96825 5.5
      vertex 7.01641 6.69108 4.9
      vertex 7.2053 6.62696 4.9
    endloop
  endfacet
  facet normal -0.672778 -0.589965 0.446443
    outer loop
      vertex 6.62814 7.35427 5.5
      vertex 6.52166 7.02166 4.9
      vertex 6.73379 7.23379 5.5
    endloop
  endfacet
  facet normal -0.802529 -0.395764 0.44645
    outer loop
      vertex 6.46825 7.63121 5.5
      vertex 6.27931 7.3375 4.9
      vertex 6.53912 7.4875 5.5
    endloop
  endfacet
  facet normal -0.877621 -0.174537 0.44645
    outer loop
      vertex 6.41674 7.78295 5.5
      vertex 6.08805 7.90095 4.9
      vertex 6.12696 7.7053 4.9
    endloop
  endfacet
  facet normal 0.287628 -0.84732 0.446452
    outer loop
      vertex 8.06879 6.96825 5.5
      vertex 7.9947 6.62696 4.9
      vertex 8.18359 6.69108 4.9
    endloop
  endfacet
  facet normal 0.174605 -0.877608 0.446449
    outer loop
      vertex 7.85 6.9034 5.5
      vertex 7.85 6.72996 5.15906
      vertex 7.91705 6.91674 5.5
    endloop
  endfacet
  facet normal -0.174596 -0.877609 0.446451
    outer loop
      vertex 7.2053 6.62696 4.9
      vertex 7.35 6.72996 5.15906
      vertex 7.28295 6.91674 5.5
    endloop
  endfacet
  facet normal -0.174555 -0.877625 0.446435
    outer loop
      vertex 7.35 6.72996 5.15906
      vertex 7.2053 6.62696 4.9
      vertex 7.35 6.59818 4.9
    endloop
  endfacet
  facet normal -0.287633 0.847319 0.446451
    outer loop
      vertex 7.2053 9.57304 4.9
      vertex 7.13121 9.23175 5.5
      vertex 7.28295 9.28326 5.5
    endloop
  endfacet
  facet normal -0.287628 0.84732 0.446452
    outer loop
      vertex 7.2053 9.57304 4.9
      vertex 7.01641 9.50892 4.9
      vertex 7.13121 9.23175 5.5
    endloop
  endfacet
  facet normal 0.802527 0.395768 0.446451
    outer loop
      vertex 8.92069 8.8625 4.9
      vertex 8.73175 8.56879 5.5
      vertex 9.00892 8.68359 4.9
    endloop
  endfacet
  facet normal 0.84732 0.287628 0.446452
    outer loop
      vertex 9.00892 8.68359 4.9
      vertex 8.73175 8.56879 5.5
      vertex 9.07304 8.4947 4.9
    endloop
  endfacet
  facet normal 0.744013 0.497126 0.446442
    outer loop
      vertex 8.80986 9.02836 4.9
      vertex 8.57186 8.84573 5.5
      vertex 8.66088 8.7125 5.5
    endloop
  endfacet
  facet normal 0.672778 0.589965 0.446443
    outer loop
      vertex 8.67834 9.17834 4.9
      vertex 8.46621 8.96621 5.5
      vertex 8.57186 8.84573 5.5
    endloop
  endfacet
  facet normal 0.395764 0.802529 0.44645
    outer loop
      vertex 8.3625 9.42069 4.9
      vertex 8.06879 9.23175 5.5
      vertex 8.2125 9.16088 5.5
    endloop
  endfacet
  facet normal 0.395768 0.802527 0.446451
    outer loop
      vertex 8.18359 9.50892 4.9
      vertex 8.06879 9.23175 5.5
      vertex 8.3625 9.42069 4.9
    endloop
  endfacet
  facet normal 0.589968 -0.672775 0.446444
    outer loop
      vertex 8.67834 7.02166 4.9
      vertex 8.34573 7.12814 5.5
      vertex 8.52836 6.89014 4.9
    endloop
  endfacet
  facet normal 0.589965 -0.672778 0.446443
    outer loop
      vertex 8.46621 7.23379 5.5
      vertex 8.34573 7.12814 5.5
      vertex 8.67834 7.02166 4.9
    endloop
  endfacet
  facet normal 0.744013 -0.497126 0.446442
    outer loop
      vertex 8.66088 7.4875 5.5
      vertex 8.57186 7.35427 5.5
      vertex 8.80986 7.17164 4.9
    endloop
  endfacet
  facet normal 0.877619 -0.174563 0.446444
    outer loop
      vertex 8.81452 7.94011 5.5
      vertex 8.78326 7.78295 5.5
      vertex 9.11195 7.90095 4.9
    endloop
  endfacet
  facet normal -0.802529 0.395764 0.44645
    outer loop
      vertex 6.53912 8.7125 5.5
      vertex 6.27931 8.8625 4.9
      vertex 6.46825 8.56879 5.5
    endloop
  endfacet
  facet normal -0.877621 0.174537 0.44645
    outer loop
      vertex 6.12696 8.4947 4.9
      vertex 6.08805 8.29905 4.9
      vertex 6.41674 8.41705 5.5
    endloop
  endfacet
  facet normal -0.892896 0.0585249 0.446443
    outer loop
      vertex 6.38548 8.25989 5.5
      vertex 6.08805 8.29905 4.9
      vertex 6.375 8.1 5.5
    endloop
  endfacet
  facet normal -0.589965 -0.672778 0.446443
    outer loop
      vertex 6.73379 7.23379 5.5
      vertex 6.52166 7.02166 4.9
      vertex 6.85427 7.12814 5.5
    endloop
  endfacet
  facet normal -0.589968 -0.672775 0.446444
    outer loop
      vertex 6.85427 7.12814 5.5
      vertex 6.52166 7.02166 4.9
      vertex 6.67164 6.89014 4.9
    endloop
  endfacet
  facet normal -0.744013 -0.497126 0.446442
    outer loop
      vertex 6.53912 7.4875 5.5
      vertex 6.39014 7.17164 4.9
      vertex 6.62814 7.35427 5.5
    endloop
  endfacet
  facet normal -0.802527 -0.395768 0.446451
    outer loop
      vertex 6.46825 7.63121 5.5
      vertex 6.19108 7.51641 4.9
      vertex 6.27931 7.3375 4.9
    endloop
  endfacet
  facet normal -0.892896 -0.0585249 0.446443
    outer loop
      vertex 6.375 8.1 5.5
      vertex 6.08805 7.90095 4.9
      vertex 6.38548 7.94011 5.5
    endloop
  endfacet
  facet normal -0.877619 -0.174563 0.446444
    outer loop
      vertex 6.38548 7.94011 5.5
      vertex 6.08805 7.90095 4.9
      vertex 6.41674 7.78295 5.5
    endloop
  endfacet
  facet normal -0.84732 -0.287628 0.446452
    outer loop
      vertex 6.46825 7.63121 5.5
      vertex 6.12696 7.7053 4.9
      vertex 6.19108 7.51641 4.9
    endloop
  endfacet
  facet normal -0.847319 -0.287633 0.446451
    outer loop
      vertex 6.41674 7.78295 5.5
      vertex 6.12696 7.7053 4.9
      vertex 6.46825 7.63121 5.5
    endloop
  endfacet
  facet normal 0.174555 -0.877625 0.446435
    outer loop
      vertex 7.9947 6.62696 4.9
      vertex 7.85 6.72996 5.15906
      vertex 7.85 6.59818 4.9
    endloop
  endfacet
  facet normal 0.174596 -0.877609 0.446451
    outer loop
      vertex 7.85 6.72996 5.15906
      vertex 7.9947 6.62696 4.9
      vertex 7.91705 6.91674 5.5
    endloop
  endfacet
  facet normal 0.287633 -0.847319 0.446451
    outer loop
      vertex 8.06879 6.96825 5.5
      vertex 7.91705 6.91674 5.5
      vertex 7.9947 6.62696 4.9
    endloop
  endfacet
  facet normal -0.174605 -0.877608 0.446449
    outer loop
      vertex 7.35 6.9034 5.5
      vertex 7.28295 6.91674 5.5
      vertex 7.35 6.72996 5.15906
    endloop
  endfacet
  facet normal 0.395764 -0.802529 0.44645
    outer loop
      vertex 8.2125 7.03912 5.5
      vertex 8.06879 6.96825 5.5
      vertex 8.3625 6.77931 4.9
    endloop
  endfacet
  facet normal 0.892896 -0.0585249 0.446443
    outer loop
      vertex 8.825 8.1 5.5
      vertex 8.81452 7.94011 5.5
      vertex 9.11195 7.90095 4.9
    endloop
  endfacet
  facet normal -0.497126 -0.744013 0.446442
    outer loop
      vertex 6.85427 7.12814 5.5
      vertex 6.67164 6.89014 4.9
      vertex 6.9875 7.03912 5.5
    endloop
  endfacet
  facet normal 0.497148 -0.743994 0.446449
    outer loop
      vertex 8.52836 6.89014 4.9
      vertex 8.2125 7.03912 5.5
      vertex 8.3625 6.77931 4.9
    endloop
  endfacet
  facet normal 0.497126 -0.744013 0.446442
    outer loop
      vertex 8.34573 7.12814 5.5
      vertex 8.2125 7.03912 5.5
      vertex 8.52836 6.89014 4.9
    endloop
  endfacet
  facet normal 1 -0 0
    outer loop
      vertex 7.35 6.72996 5.15906
      vertex 7.35 6.9034 4.9
      vertex 7.35 6.9034 5.5
    endloop
  endfacet
  facet normal 1 0 0
    outer loop
      vertex 7.35 6.9034 4.9
      vertex 7.35 6.72996 5.15906
      vertex 7.35 6.59818 4.9
    endloop
  endfacet
  facet normal 1 0 0
    outer loop
      vertex 7.35 9.2966 4.9
      vertex 7.35 9.47004 5.15906
      vertex 7.35 9.2966 5.5
    endloop
  endfacet
  facet normal 1 0 0
    outer loop
      vertex 7.35 9.47004 5.15906
      vertex 7.35 9.2966 4.9
      vertex 7.35 9.60182 4.9
    endloop
  endfacet
  facet normal 1 0 0
    outer loop
      vertex 7.35 6.9034 4.9
      vertex 7.35 9.2966 4.9
      vertex 7.35 9.2966 5.5
    endloop
  endfacet
  facet normal 1 0 0
    outer loop
      vertex 7.35 6.9034 4.9
      vertex 7.35 9.2966 5.5
      vertex 7.35 6.9034 5.5
    endloop
  endfacet
  facet normal 1 0 0
    outer loop
      vertex 7.35 9.2966 4.9
      vertex 7.35 6.9034 4.9
      vertex 7.35 9.2966 3.4
    endloop
  endfacet
  facet normal 1 0 0
    outer loop
      vertex 7.35 9.2966 3.4
      vertex 7.35 6.9034 4.9
      vertex 7.35 6.9034 3.4
    endloop
  endfacet
  facet normal -1 0 0
    outer loop
      vertex 7.85 6.9034 4.9
      vertex 7.85 9.2966 4.9
      vertex 7.85 9.2966 3.4
    endloop
  endfacet
  facet normal -1 0 0
    outer loop
      vertex 7.85 6.9034 4.9
      vertex 7.85 9.2966 3.4
      vertex 7.85 6.9034 3.4
    endloop
  endfacet
  facet normal -1 0 0
    outer loop
      vertex 7.85 9.2966 4.9
      vertex 7.85 6.9034 4.9
      vertex 7.85 9.2966 5.5
    endloop
  endfacet
  facet normal -1 0 0
    outer loop
      vertex 7.85 6.9034 4.9
      vertex 7.85 6.9034 5.5
      vertex 7.85 9.2966 5.5
    endloop
  endfacet
  facet normal -1 0 0
    outer loop
      vertex 7.85 6.9034 4.9
      vertex 7.85 6.72996 5.15906
      vertex 7.85 6.9034 5.5
    endloop
  endfacet
  facet normal -1 0 -0
    outer loop
      vertex 7.85 6.72996 5.15906
      vertex 7.85 6.9034 4.9
      vertex 7.85 6.59818 4.9
    endloop
  endfacet
  facet normal -1 0 0
    outer loop
      vertex 7.85 9.2966 4.9
      vertex 7.85 9.47004 5.15906
      vertex 7.85 9.60182 4.9
    endloop
  endfacet
  facet normal -1 -0 0
    outer loop
      vertex 7.85 9.47004 5.15906
      vertex 7.85 9.2966 4.9
      vertex 7.85 9.2966 5.5
    endloop
  endfacet
  facet normal 0.831474 0.555564 0
    outer loop
      vertex 66.6609 57.7125 4.9
      vertex 66.5719 57.8457 3.4
      vertex 66.5719 57.8457 4.9
    endloop
  endfacet
  facet normal 0.831474 0.555564 0
    outer loop
      vertex 66.5719 57.8457 3.4
      vertex 66.6609 57.7125 4.9
      vertex 66.6609 57.7125 3.4
    endloop
  endfacet
  facet normal 0.321466 0.946921 -0
    outer loop
      vertex 66.0688 58.2318 3.4
      vertex 65.9171 58.2833 4.9
      vertex 66.0688 58.2318 4.9
    endloop
  endfacet
  facet normal 0.321466 0.946921 0
    outer loop
      vertex 65.9171 58.2833 4.9
      vertex 66.0688 58.2318 3.4
      vertex 65.9171 58.2833 3.4
    endloop
  endfacet
  facet normal -0.321466 0.946921 0
    outer loop
      vertex 65.2829 58.2833 3.4
      vertex 65.1312 58.2318 4.9
      vertex 65.2829 58.2833 4.9
    endloop
  endfacet
  facet normal -0.321466 0.946921 0
    outer loop
      vertex 65.1312 58.2318 4.9
      vertex 65.2829 58.2833 3.4
      vertex 65.1312 58.2318 3.4
    endloop
  endfacet
  facet normal -0.896786 0.442464 0
    outer loop
      vertex 64.4682 57.5688 3.4
      vertex 64.5391 57.7125 4.9
      vertex 64.5391 57.7125 3.4
    endloop
  endfacet
  facet normal -0.896786 0.442464 0
    outer loop
      vertex 64.5391 57.7125 4.9
      vertex 64.4682 57.5688 3.4
      vertex 64.4682 57.5688 4.9
    endloop
  endfacet
  facet normal 0.980868 -0.194676 0
    outer loop
      vertex 66.7833 56.7829 4.9
      vertex 66.8145 56.9401 3.4
      vertex 66.8145 56.9401 4.9
    endloop
  endfacet
  facet normal 0.980868 -0.194676 0
    outer loop
      vertex 66.8145 56.9401 3.4
      vertex 66.7833 56.7829 4.9
      vertex 66.7833 56.7829 3.4
    endloop
  endfacet
  facet normal 0.659432 0.751765 -0
    outer loop
      vertex 66.4662 57.9662 3.4
      vertex 66.3457 58.0719 4.9
      vertex 66.4662 57.9662 4.9
    endloop
  endfacet
  facet normal 0.659432 0.751765 0
    outer loop
      vertex 66.3457 58.0719 4.9
      vertex 66.4662 57.9662 3.4
      vertex 66.3457 58.0719 3.4
    endloop
  endfacet
  facet normal 0.442464 0.896786 -0
    outer loop
      vertex 66.2125 58.1609 3.4
      vertex 66.0688 58.2318 4.9
      vertex 66.2125 58.1609 4.9
    endloop
  endfacet
  facet normal 0.442464 0.896786 0
    outer loop
      vertex 66.0688 58.2318 4.9
      vertex 66.2125 58.1609 3.4
      vertex 66.0688 58.2318 3.4
    endloop
  endfacet
  facet normal -0.980868 0.194676 0
    outer loop
      vertex 64.3855 57.2599 3.4
      vertex 64.4167 57.4171 4.9
      vertex 64.4167 57.4171 3.4
    endloop
  endfacet
  facet normal -0.980868 0.194676 0
    outer loop
      vertex 64.4167 57.4171 4.9
      vertex 64.3855 57.2599 3.4
      vertex 64.3855 57.2599 4.9
    endloop
  endfacet
  facet normal -0.751765 0.659432 0
    outer loop
      vertex 64.6281 57.8457 3.4
      vertex 64.7338 57.9662 4.9
      vertex 64.7338 57.9662 3.4
    endloop
  endfacet
  facet normal -0.751765 0.659432 0
    outer loop
      vertex 64.7338 57.9662 4.9
      vertex 64.6281 57.8457 3.4
      vertex 64.6281 57.8457 4.9
    endloop
  endfacet
  facet normal -0.194429 0.980917 0
    outer loop
      vertex 65.35 58.2966 3.4
      vertex 65.2829 58.2833 4.9
      vertex 65.35 58.2966 4.9
    endloop
  endfacet
  facet normal -0.194429 0.980917 0
    outer loop
      vertex 65.2829 58.2833 4.9
      vertex 65.35 58.2966 3.4
      vertex 65.2829 58.2833 3.4
    endloop
  endfacet
  facet normal -0.659432 0.751765 0
    outer loop
      vertex 64.8543 58.0719 3.4
      vertex 64.7338 57.9662 4.9
      vertex 64.8543 58.0719 4.9
    endloop
  endfacet
  facet normal -0.659432 0.751765 0
    outer loop
      vertex 64.7338 57.9662 4.9
      vertex 64.8543 58.0719 3.4
      vertex 64.7338 57.9662 3.4
    endloop
  endfacet
  facet normal 0.997851 0.0655249 0
    outer loop
      vertex 66.825 57.1 4.9
      vertex 66.8145 57.2599 3.4
      vertex 66.8145 57.2599 4.9
    endloop
  endfacet
  facet normal 0.997851 0.0655249 0
    outer loop
      vertex 66.8145 57.2599 3.4
      vertex 66.825 57.1 4.9
      vertex 66.825 57.1 3.4
    endloop
  endfacet
  facet normal 0.555564 -0.831474 0
    outer loop
      vertex 66.2125 56.0391 3.4
      vertex 66.3457 56.1281 4.9
      vertex 66.2125 56.0391 4.9
    endloop
  endfacet
  facet normal 0.555564 -0.831474 0
    outer loop
      vertex 66.3457 56.1281 4.9
      vertex 66.2125 56.0391 3.4
      vertex 66.3457 56.1281 3.4
    endloop
  endfacet
  facet normal 0.946921 -0.321466 0
    outer loop
      vertex 66.7318 56.6312 4.9
      vertex 66.7833 56.7829 3.4
      vertex 66.7833 56.7829 4.9
    endloop
  endfacet
  facet normal 0.946921 -0.321466 0
    outer loop
      vertex 66.7833 56.7829 3.4
      vertex 66.7318 56.6312 4.9
      vertex 66.7318 56.6312 3.4
    endloop
  endfacet
  facet normal -0.659432 -0.751765 0
    outer loop
      vertex 64.7338 56.2338 3.4
      vertex 64.8543 56.1281 4.9
      vertex 64.7338 56.2338 4.9
    endloop
  endfacet
  facet normal -0.659432 -0.751765 -0
    outer loop
      vertex 64.8543 56.1281 4.9
      vertex 64.7338 56.2338 3.4
      vertex 64.8543 56.1281 3.4
    endloop
  endfacet
  facet normal 0.751765 0.659432 0
    outer loop
      vertex 66.5719 57.8457 4.9
      vertex 66.4662 57.9662 3.4
      vertex 66.4662 57.9662 4.9
    endloop
  endfacet
  facet normal 0.751765 0.659432 0
    outer loop
      vertex 66.4662 57.9662 3.4
      vertex 66.5719 57.8457 4.9
      vertex 66.5719 57.8457 3.4
    endloop
  endfacet
  facet normal 0.194429 0.980917 -0
    outer loop
      vertex 65.9171 58.2833 3.4
      vertex 65.85 58.2966 4.9
      vertex 65.9171 58.2833 4.9
    endloop
  endfacet
  facet normal 0.194429 0.980917 0
    outer loop
      vertex 65.85 58.2966 4.9
      vertex 65.9171 58.2833 3.4
      vertex 65.85 58.2966 3.4
    endloop
  endfacet
  facet normal 0.555564 0.831474 -0
    outer loop
      vertex 66.3457 58.0719 3.4
      vertex 66.2125 58.1609 4.9
      vertex 66.3457 58.0719 4.9
    endloop
  endfacet
  facet normal 0.555564 0.831474 0
    outer loop
      vertex 66.2125 58.1609 4.9
      vertex 66.3457 58.0719 3.4
      vertex 66.2125 58.1609 3.4
    endloop
  endfacet
  facet normal -0.997851 0.0655249 0
    outer loop
      vertex 64.375 57.1 3.4
      vertex 64.3855 57.2599 4.9
      vertex 64.3855 57.2599 3.4
    endloop
  endfacet
  facet normal -0.997851 0.0655249 0
    outer loop
      vertex 64.3855 57.2599 4.9
      vertex 64.375 57.1 3.4
      vertex 64.375 57.1 4.9
    endloop
  endfacet
  facet normal 0 0 -1
    outer loop
      vertex 65.2053 55.627 4.9
      vertex 65.35 55.9034 4.9
      vertex 65.35 55.5982 4.9
    endloop
  endfacet
  facet normal -0 0 -1
    outer loop
      vertex 65.35 55.9034 4.9
      vertex 65.2053 55.627 4.9
      vertex 65.2829 55.9167 4.9
    endloop
  endfacet
  facet normal 0 0 -1
    outer loop
      vertex 65.2053 55.627 4.9
      vertex 65.1312 55.9682 4.9
      vertex 65.2829 55.9167 4.9
    endloop
  endfacet
  facet normal 0 0 -1
    outer loop
      vertex 65.0164 55.6911 4.9
      vertex 65.1312 55.9682 4.9
      vertex 65.2053 55.627 4.9
    endloop
  endfacet
  facet normal 0 0 -1
    outer loop
      vertex 65.0164 55.6911 4.9
      vertex 64.9875 56.0391 4.9
      vertex 65.1312 55.9682 4.9
    endloop
  endfacet
  facet normal 0 0 -1
    outer loop
      vertex 64.8375 55.7793 4.9
      vertex 64.9875 56.0391 4.9
      vertex 65.0164 55.6911 4.9
    endloop
  endfacet
  facet normal -0 0 -1
    outer loop
      vertex 64.9875 56.0391 4.9
      vertex 64.8375 55.7793 4.9
      vertex 64.8543 56.1281 4.9
    endloop
  endfacet
  facet normal 0 0 -1
    outer loop
      vertex 64.6716 55.8901 4.9
      vertex 64.8543 56.1281 4.9
      vertex 64.8375 55.7793 4.9
    endloop
  endfacet
  facet normal -0 0 -1
    outer loop
      vertex 64.8543 56.1281 4.9
      vertex 64.6716 55.8901 4.9
      vertex 64.7338 56.2338 4.9
    endloop
  endfacet
  facet normal 0 0 -1
    outer loop
      vertex 64.5217 56.0217 4.9
      vertex 64.7338 56.2338 4.9
      vertex 64.6716 55.8901 4.9
    endloop
  endfacet
  facet normal -0 0 -1
    outer loop
      vertex 64.7338 56.2338 4.9
      vertex 64.5217 56.0217 4.9
      vertex 64.6281 56.3543 4.9
    endloop
  endfacet
  facet normal 0 0 -1
    outer loop
      vertex 64.3901 56.1716 4.9
      vertex 64.6281 56.3543 4.9
      vertex 64.5217 56.0217 4.9
    endloop
  endfacet
  facet normal -0 0 -1
    outer loop
      vertex 64.6281 56.3543 4.9
      vertex 64.3901 56.1716 4.9
      vertex 64.5391 56.4875 4.9
    endloop
  endfacet
  facet normal 0 0 -1
    outer loop
      vertex 64.2793 56.3375 4.9
      vertex 64.5391 56.4875 4.9
      vertex 64.3901 56.1716 4.9
    endloop
  endfacet
  facet normal -0 0 -1
    outer loop
      vertex 64.5391 56.4875 4.9
      vertex 64.2793 56.3375 4.9
      vertex 64.4682 56.6312 4.9
    endloop
  endfacet
  facet normal 0 0 -1
    outer loop
      vertex 64.1911 56.5164 4.9
      vertex 64.4682 56.6312 4.9
      vertex 64.2793 56.3375 4.9
    endloop
  endfacet
  facet normal -0 0 -1
    outer loop
      vertex 64.4682 56.6312 4.9
      vertex 64.1911 56.5164 4.9
      vertex 64.4167 56.7829 4.9
    endloop
  endfacet
  facet normal 0 0 -1
    outer loop
      vertex 64.127 56.7053 4.9
      vertex 64.4167 56.7829 4.9
      vertex 64.1911 56.5164 4.9
    endloop
  endfacet
  facet normal 0 0 -1
    outer loop
      vertex 65.2053 58.573 4.9
      vertex 65.35 58.2966 4.9
      vertex 65.2829 58.2833 4.9
    endloop
  endfacet
  facet normal 0 0 -1
    outer loop
      vertex 65.35 58.2966 4.9
      vertex 65.2053 58.573 4.9
      vertex 65.35 58.6018 4.9
    endloop
  endfacet
  facet normal 0 0 -1
    outer loop
      vertex 65.1312 58.2318 4.9
      vertex 65.2053 58.573 4.9
      vertex 65.2829 58.2833 4.9
    endloop
  endfacet
  facet normal 0 0 -1
    outer loop
      vertex 65.1312 58.2318 4.9
      vertex 65.0164 58.5089 4.9
      vertex 65.2053 58.573 4.9
    endloop
  endfacet
  facet normal 0 0 -1
    outer loop
      vertex 64.9875 58.1609 4.9
      vertex 65.0164 58.5089 4.9
      vertex 65.1312 58.2318 4.9
    endloop
  endfacet
  facet normal 0 0 -1
    outer loop
      vertex 64.8375 58.4207 4.9
      vertex 64.9875 58.1609 4.9
      vertex 64.8543 58.0719 4.9
    endloop
  endfacet
  facet normal 0 0 -1
    outer loop
      vertex 64.9875 58.1609 4.9
      vertex 64.8375 58.4207 4.9
      vertex 65.0164 58.5089 4.9
    endloop
  endfacet
  facet normal 0 0 -1
    outer loop
      vertex 64.6716 58.3099 4.9
      vertex 64.8543 58.0719 4.9
      vertex 64.7338 57.9662 4.9
    endloop
  endfacet
  facet normal 0 0 -1
    outer loop
      vertex 64.8543 58.0719 4.9
      vertex 64.6716 58.3099 4.9
      vertex 64.8375 58.4207 4.9
    endloop
  endfacet
  facet normal 0 0 -1
    outer loop
      vertex 64.5217 58.1783 4.9
      vertex 64.7338 57.9662 4.9
      vertex 64.6281 57.8457 4.9
    endloop
  endfacet
  facet normal 0 0 -1
    outer loop
      vertex 64.3901 58.0284 4.9
      vertex 64.6281 57.8457 4.9
      vertex 64.5391 57.7125 4.9
    endloop
  endfacet
  facet normal 0 0 -1
    outer loop
      vertex 64.7338 57.9662 4.9
      vertex 64.5217 58.1783 4.9
      vertex 64.6716 58.3099 4.9
    endloop
  endfacet
  facet normal 0 0 -1
    outer loop
      vertex 64.2793 57.8625 4.9
      vertex 64.5391 57.7125 4.9
      vertex 64.4682 57.5688 4.9
    endloop
  endfacet
  facet normal 0 0 -1
    outer loop
      vertex 64.1911 57.6836 4.9
      vertex 64.4682 57.5688 4.9
      vertex 64.4167 57.4171 4.9
    endloop
  endfacet
  facet normal 0 0 -1
    outer loop
      vertex 64.6281 57.8457 4.9
      vertex 64.3901 58.0284 4.9
      vertex 64.5217 58.1783 4.9
    endloop
  endfacet
  facet normal 0 0 -1
    outer loop
      vertex 64.127 57.4947 4.9
      vertex 64.4167 57.4171 4.9
      vertex 64.3855 57.2599 4.9
    endloop
  endfacet
  facet normal 0 0 -1
    outer loop
      vertex 64.088 57.2991 4.9
      vertex 64.3855 57.2599 4.9
      vertex 64.375 57.1 4.9
    endloop
  endfacet
  facet normal -0 0 -1
    outer loop
      vertex 64.4167 56.7829 4.9
      vertex 64.127 56.7053 4.9
      vertex 64.3855 56.9401 4.9
    endloop
  endfacet
  facet normal 0 0 -1
    outer loop
      vertex 64.5391 57.7125 4.9
      vertex 64.2793 57.8625 4.9
      vertex 64.3901 58.0284 4.9
    endloop
  endfacet
  facet normal 0 0 -1
    outer loop
      vertex 64.088 56.9009 4.9
      vertex 64.3855 56.9401 4.9
      vertex 64.127 56.7053 4.9
    endloop
  endfacet
  facet normal 0 0 -1
    outer loop
      vertex 64.4682 57.5688 4.9
      vertex 64.1911 57.6836 4.9
      vertex 64.2793 57.8625 4.9
    endloop
  endfacet
  facet normal -0 0 -1
    outer loop
      vertex 64.3855 56.9401 4.9
      vertex 64.088 56.9009 4.9
      vertex 64.375 57.1 4.9
    endloop
  endfacet
  facet normal 0 0 -1
    outer loop
      vertex 64.4167 57.4171 4.9
      vertex 64.127 57.4947 4.9
      vertex 64.1911 57.6836 4.9
    endloop
  endfacet
  facet normal 0 0 -1
    outer loop
      vertex 64.075 57.1 4.9
      vertex 64.375 57.1 4.9
      vertex 64.088 56.9009 4.9
    endloop
  endfacet
  facet normal 0 0 -1
    outer loop
      vertex 64.3855 57.2599 4.9
      vertex 64.088 57.2991 4.9
      vertex 64.127 57.4947 4.9
    endloop
  endfacet
  facet normal 0 0 -1
    outer loop
      vertex 64.375 57.1 4.9
      vertex 64.075 57.1 4.9
      vertex 64.088 57.2991 4.9
    endloop
  endfacet
  facet normal 0 0 -1
    outer loop
      vertex 66.825 57.1 4.9
      vertex 67.125 57.1 4.9
      vertex 67.112 56.9009 4.9
    endloop
  endfacet
  facet normal 0 0 -1
    outer loop
      vertex 66.8145 56.9401 4.9
      vertex 67.112 56.9009 4.9
      vertex 67.073 56.7053 4.9
    endloop
  endfacet
  facet normal 0 0 -1
    outer loop
      vertex 67.125 57.1 4.9
      vertex 66.825 57.1 4.9
      vertex 67.112 57.2991 4.9
    endloop
  endfacet
  facet normal 0 0 -1
    outer loop
      vertex 66.7833 56.7829 4.9
      vertex 67.073 56.7053 4.9
      vertex 67.0089 56.5164 4.9
    endloop
  endfacet
  facet normal 0 0 -1
    outer loop
      vertex 66.8145 57.2599 4.9
      vertex 67.112 57.2991 4.9
      vertex 66.825 57.1 4.9
    endloop
  endfacet
  facet normal 0 0 -1
    outer loop
      vertex 66.7318 56.6312 4.9
      vertex 67.0089 56.5164 4.9
      vertex 66.9207 56.3375 4.9
    endloop
  endfacet
  facet normal -0 0 -1
    outer loop
      vertex 67.112 57.2991 4.9
      vertex 66.8145 57.2599 4.9
      vertex 67.073 57.4947 4.9
    endloop
  endfacet
  facet normal 0 0 -1
    outer loop
      vertex 66.7833 57.4171 4.9
      vertex 67.073 57.4947 4.9
      vertex 66.8145 57.2599 4.9
    endloop
  endfacet
  facet normal 0 0 -1
    outer loop
      vertex 67.112 56.9009 4.9
      vertex 66.8145 56.9401 4.9
      vertex 66.825 57.1 4.9
    endloop
  endfacet
  facet normal 0 0 -1
    outer loop
      vertex 66.6609 56.4875 4.9
      vertex 66.9207 56.3375 4.9
      vertex 66.8099 56.1716 4.9
    endloop
  endfacet
  facet normal 0 0 -1
    outer loop
      vertex 67.073 56.7053 4.9
      vertex 66.7833 56.7829 4.9
      vertex 66.8145 56.9401 4.9
    endloop
  endfacet
  facet normal 0 0 -1
    outer loop
      vertex 67.0089 56.5164 4.9
      vertex 66.7318 56.6312 4.9
      vertex 66.7833 56.7829 4.9
    endloop
  endfacet
  facet normal 0 0 -1
    outer loop
      vertex 66.5719 56.3543 4.9
      vertex 66.8099 56.1716 4.9
      vertex 66.6783 56.0217 4.9
    endloop
  endfacet
  facet normal 0 0 -1
    outer loop
      vertex 66.9207 56.3375 4.9
      vertex 66.6609 56.4875 4.9
      vertex 66.7318 56.6312 4.9
    endloop
  endfacet
  facet normal 0 0 -1
    outer loop
      vertex 66.8099 56.1716 4.9
      vertex 66.5719 56.3543 4.9
      vertex 66.6609 56.4875 4.9
    endloop
  endfacet
  facet normal 0 0 -1
    outer loop
      vertex 66.4662 56.2338 4.9
      vertex 66.6783 56.0217 4.9
      vertex 66.5284 55.8901 4.9
    endloop
  endfacet
  facet normal 0 0 -1
    outer loop
      vertex 66.6783 56.0217 4.9
      vertex 66.4662 56.2338 4.9
      vertex 66.5719 56.3543 4.9
    endloop
  endfacet
  facet normal 0 0 -1
    outer loop
      vertex 66.3457 56.1281 4.9
      vertex 66.5284 55.8901 4.9
      vertex 66.3625 55.7793 4.9
    endloop
  endfacet
  facet normal 0 0 -1
    outer loop
      vertex 66.5284 55.8901 4.9
      vertex 66.3457 56.1281 4.9
      vertex 66.4662 56.2338 4.9
    endloop
  endfacet
  facet normal 0 0 -1
    outer loop
      vertex 66.3625 55.7793 4.9
      vertex 66.2125 56.0391 4.9
      vertex 66.3457 56.1281 4.9
    endloop
  endfacet
  facet normal 0 0 -1
    outer loop
      vertex 66.1836 55.6911 4.9
      vertex 66.2125 56.0391 4.9
      vertex 66.3625 55.7793 4.9
    endloop
  endfacet
  facet normal 0 0 -1
    outer loop
      vertex 66.1836 55.6911 4.9
      vertex 66.0688 55.9682 4.9
      vertex 66.2125 56.0391 4.9
    endloop
  endfacet
  facet normal 0 0 -1
    outer loop
      vertex 65.9947 55.627 4.9
      vertex 66.0688 55.9682 4.9
      vertex 66.1836 55.6911 4.9
    endloop
  endfacet
  facet normal 0 0 -1
    outer loop
      vertex 65.9947 55.627 4.9
      vertex 65.9171 55.9167 4.9
      vertex 66.0688 55.9682 4.9
    endloop
  endfacet
  facet normal 0 0 -1
    outer loop
      vertex 65.85 55.9034 4.9
      vertex 65.9947 55.627 4.9
      vertex 65.85 55.5982 4.9
    endloop
  endfacet
  facet normal 0 0 -1
    outer loop
      vertex 65.9947 55.627 4.9
      vertex 65.85 55.9034 4.9
      vertex 65.9171 55.9167 4.9
    endloop
  endfacet
  facet normal -0 0 -1
    outer loop
      vertex 67.073 57.4947 4.9
      vertex 66.7833 57.4171 4.9
      vertex 67.0089 57.6836 4.9
    endloop
  endfacet
  facet normal 0 0 -1
    outer loop
      vertex 66.7318 57.5688 4.9
      vertex 67.0089 57.6836 4.9
      vertex 66.7833 57.4171 4.9
    endloop
  endfacet
  facet normal -0 0 -1
    outer loop
      vertex 67.0089 57.6836 4.9
      vertex 66.7318 57.5688 4.9
      vertex 66.9207 57.8625 4.9
    endloop
  endfacet
  facet normal 0 0 -1
    outer loop
      vertex 66.6609 57.7125 4.9
      vertex 66.9207 57.8625 4.9
      vertex 66.7318 57.5688 4.9
    endloop
  endfacet
  facet normal -0 0 -1
    outer loop
      vertex 66.9207 57.8625 4.9
      vertex 66.6609 57.7125 4.9
      vertex 66.8099 58.0284 4.9
    endloop
  endfacet
  facet normal 0 0 -1
    outer loop
      vertex 66.5719 57.8457 4.9
      vertex 66.8099 58.0284 4.9
      vertex 66.6609 57.7125 4.9
    endloop
  endfacet
  facet normal -0 0 -1
    outer loop
      vertex 66.8099 58.0284 4.9
      vertex 66.5719 57.8457 4.9
      vertex 66.6783 58.1783 4.9
    endloop
  endfacet
  facet normal 0 0 -1
    outer loop
      vertex 66.4662 57.9662 4.9
      vertex 66.6783 58.1783 4.9
      vertex 66.5719 57.8457 4.9
    endloop
  endfacet
  facet normal -0 0 -1
    outer loop
      vertex 66.6783 58.1783 4.9
      vertex 66.4662 57.9662 4.9
      vertex 66.5284 58.3099 4.9
    endloop
  endfacet
  facet normal 0 0 -1
    outer loop
      vertex 66.3457 58.0719 4.9
      vertex 66.5284 58.3099 4.9
      vertex 66.4662 57.9662 4.9
    endloop
  endfacet
  facet normal -0 0 -1
    outer loop
      vertex 66.5284 58.3099 4.9
      vertex 66.3457 58.0719 4.9
      vertex 66.3625 58.4207 4.9
    endloop
  endfacet
  facet normal 0 0 -1
    outer loop
      vertex 66.2125 58.1609 4.9
      vertex 66.3625 58.4207 4.9
      vertex 66.3457 58.0719 4.9
    endloop
  endfacet
  facet normal 0 0 -1
    outer loop
      vertex 66.2125 58.1609 4.9
      vertex 66.1836 58.5089 4.9
      vertex 66.3625 58.4207 4.9
    endloop
  endfacet
  facet normal 0 0 -1
    outer loop
      vertex 66.0688 58.2318 4.9
      vertex 66.1836 58.5089 4.9
      vertex 66.2125 58.1609 4.9
    endloop
  endfacet
  facet normal 0 0 -1
    outer loop
      vertex 66.0688 58.2318 4.9
      vertex 65.9947 58.573 4.9
      vertex 66.1836 58.5089 4.9
    endloop
  endfacet
  facet normal 0 0 -1
    outer loop
      vertex 65.9171 58.2833 4.9
      vertex 65.9947 58.573 4.9
      vertex 66.0688 58.2318 4.9
    endloop
  endfacet
  facet normal 0 0 -1
    outer loop
      vertex 65.85 58.2966 4.9
      vertex 65.9947 58.573 4.9
      vertex 65.9171 58.2833 4.9
    endloop
  endfacet
  facet normal -0 0 -1
    outer loop
      vertex 65.9947 58.573 4.9
      vertex 65.85 58.2966 4.9
      vertex 65.85 58.6018 4.9
    endloop
  endfacet
  facet normal -0.946921 0.321466 0
    outer loop
      vertex 64.4167 57.4171 3.4
      vertex 64.4682 57.5688 4.9
      vertex 64.4682 57.5688 3.4
    endloop
  endfacet
  facet normal -0.946921 0.321466 0
    outer loop
      vertex 64.4682 57.5688 4.9
      vertex 64.4167 57.4171 3.4
      vertex 64.4167 57.4171 4.9
    endloop
  endfacet
  facet normal -0.831474 0.555564 0
    outer loop
      vertex 64.5391 57.7125 3.4
      vertex 64.6281 57.8457 4.9
      vertex 64.6281 57.8457 3.4
    endloop
  endfacet
  facet normal -0.831474 0.555564 0
    outer loop
      vertex 64.6281 57.8457 4.9
      vertex 64.5391 57.7125 3.4
      vertex 64.5391 57.7125 4.9
    endloop
  endfacet
  facet normal -0.555564 0.831474 0
    outer loop
      vertex 64.9875 58.1609 3.4
      vertex 64.8543 58.0719 4.9
      vertex 64.9875 58.1609 4.9
    endloop
  endfacet
  facet normal -0.555564 0.831474 0
    outer loop
      vertex 64.8543 58.0719 4.9
      vertex 64.9875 58.1609 3.4
      vertex 64.8543 58.0719 3.4
    endloop
  endfacet
  facet normal -0.442464 0.896786 0
    outer loop
      vertex 65.1312 58.2318 3.4
      vertex 64.9875 58.1609 4.9
      vertex 65.1312 58.2318 4.9
    endloop
  endfacet
  facet normal -0.442464 0.896786 0
    outer loop
      vertex 64.9875 58.1609 4.9
      vertex 65.1312 58.2318 3.4
      vertex 64.9875 58.1609 3.4
    endloop
  endfacet
  facet normal -0.946921 -0.321466 0
    outer loop
      vertex 64.4682 56.6312 3.4
      vertex 64.4167 56.7829 4.9
      vertex 64.4167 56.7829 3.4
    endloop
  endfacet
  facet normal -0.946921 -0.321466 0
    outer loop
      vertex 64.4167 56.7829 4.9
      vertex 64.4682 56.6312 3.4
      vertex 64.4682 56.6312 4.9
    endloop
  endfacet
  facet normal -0.751765 -0.659432 0
    outer loop
      vertex 64.7338 56.2338 3.4
      vertex 64.6281 56.3543 4.9
      vertex 64.6281 56.3543 3.4
    endloop
  endfacet
  facet normal -0.751765 -0.659432 0
    outer loop
      vertex 64.6281 56.3543 4.9
      vertex 64.7338 56.2338 3.4
      vertex 64.7338 56.2338 4.9
    endloop
  endfacet
  facet normal 0.194429 -0.980917 0
    outer loop
      vertex 65.85 55.9034 3.4
      vertex 65.9171 55.9167 4.9
      vertex 65.85 55.9034 4.9
    endloop
  endfacet
  facet normal 0.194429 -0.980917 0
    outer loop
      vertex 65.9171 55.9167 4.9
      vertex 65.85 55.9034 3.4
      vertex 65.9171 55.9167 3.4
    endloop
  endfacet
  facet normal 0.896786 0.442464 0
    outer loop
      vertex 66.7318 57.5688 4.9
      vertex 66.6609 57.7125 3.4
      vertex 66.6609 57.7125 4.9
    endloop
  endfacet
  facet normal 0.896786 0.442464 0
    outer loop
      vertex 66.6609 57.7125 3.4
      vertex 66.7318 57.5688 4.9
      vertex 66.7318 57.5688 3.4
    endloop
  endfacet
  facet normal 0.946921 0.321466 0
    outer loop
      vertex 66.7833 57.4171 4.9
      vertex 66.7318 57.5688 3.4
      vertex 66.7318 57.5688 4.9
    endloop
  endfacet
  facet normal 0.946921 0.321466 0
    outer loop
      vertex 66.7318 57.5688 3.4
      vertex 66.7833 57.4171 4.9
      vertex 66.7833 57.4171 3.4
    endloop
  endfacet
  facet normal 0.980868 0.194676 0
    outer loop
      vertex 66.8145 57.2599 4.9
      vertex 66.7833 57.4171 3.4
      vertex 66.7833 57.4171 4.9
    endloop
  endfacet
  facet normal 0.980868 0.194676 0
    outer loop
      vertex 66.7833 57.4171 3.4
      vertex 66.8145 57.2599 4.9
      vertex 66.8145 57.2599 3.4
    endloop
  endfacet
  facet normal 0.997851 -0.0655249 0
    outer loop
      vertex 66.8145 56.9401 4.9
      vertex 66.825 57.1 3.4
      vertex 66.825 57.1 4.9
    endloop
  endfacet
  facet normal 0.997851 -0.0655249 0
    outer loop
      vertex 66.825 57.1 3.4
      vertex 66.8145 56.9401 4.9
      vertex 66.8145 56.9401 3.4
    endloop
  endfacet
  facet normal 0.751765 -0.659432 0
    outer loop
      vertex 66.4662 56.2338 4.9
      vertex 66.5719 56.3543 3.4
      vertex 66.5719 56.3543 4.9
    endloop
  endfacet
  facet normal 0.751765 -0.659432 0
    outer loop
      vertex 66.5719 56.3543 3.4
      vertex 66.4662 56.2338 4.9
      vertex 66.4662 56.2338 3.4
    endloop
  endfacet
  facet normal 0.831474 -0.555564 0
    outer loop
      vertex 66.5719 56.3543 4.9
      vertex 66.6609 56.4875 3.4
      vertex 66.6609 56.4875 4.9
    endloop
  endfacet
  facet normal 0.831474 -0.555564 0
    outer loop
      vertex 66.6609 56.4875 3.4
      vertex 66.5719 56.3543 4.9
      vertex 66.5719 56.3543 3.4
    endloop
  endfacet
  facet normal 0.896786 -0.442464 0
    outer loop
      vertex 66.6609 56.4875 4.9
      vertex 66.7318 56.6312 3.4
      vertex 66.7318 56.6312 4.9
    endloop
  endfacet
  facet normal 0.896786 -0.442464 0
    outer loop
      vertex 66.7318 56.6312 3.4
      vertex 66.6609 56.4875 4.9
      vertex 66.6609 56.4875 3.4
    endloop
  endfacet
  facet normal -0.194429 -0.980917 0
    outer loop
      vertex 65.2829 55.9167 3.4
      vertex 65.35 55.9034 4.9
      vertex 65.2829 55.9167 4.9
    endloop
  endfacet
  facet normal -0.194429 -0.980917 -0
    outer loop
      vertex 65.35 55.9034 4.9
      vertex 65.2829 55.9167 3.4
      vertex 65.35 55.9034 3.4
    endloop
  endfacet
  facet normal -0.997851 -0.0655249 0
    outer loop
      vertex 64.3855 56.9401 3.4
      vertex 64.375 57.1 4.9
      vertex 64.375 57.1 3.4
    endloop
  endfacet
  facet normal -0.997851 -0.0655249 0
    outer loop
      vertex 64.375 57.1 4.9
      vertex 64.3855 56.9401 3.4
      vertex 64.3855 56.9401 4.9
    endloop
  endfacet
  facet normal 0 0 -1
    outer loop
      vertex 66.8145 56.9401 3.4
      vertex 66.8145 57.2599 3.4
      vertex 66.825 57.1 3.4
    endloop
  endfacet
  facet normal 0 0 -1
    outer loop
      vertex 66.7833 56.7829 3.4
      vertex 66.8145 57.2599 3.4
      vertex 66.8145 56.9401 3.4
    endloop
  endfacet
  facet normal 0 0 -1
    outer loop
      vertex 66.7833 56.7829 3.4
      vertex 66.7833 57.4171 3.4
      vertex 66.8145 57.2599 3.4
    endloop
  endfacet
  facet normal 0 0 -1
    outer loop
      vertex 66.7318 56.6312 3.4
      vertex 66.7833 57.4171 3.4
      vertex 66.7833 56.7829 3.4
    endloop
  endfacet
  facet normal 0 0 -1
    outer loop
      vertex 66.7318 56.6312 3.4
      vertex 66.7318 57.5688 3.4
      vertex 66.7833 57.4171 3.4
    endloop
  endfacet
  facet normal 0 0 -1
    outer loop
      vertex 66.6609 56.4875 3.4
      vertex 66.7318 57.5688 3.4
      vertex 66.7318 56.6312 3.4
    endloop
  endfacet
  facet normal 0 0 -1
    outer loop
      vertex 66.6609 56.4875 3.4
      vertex 66.6609 57.7125 3.4
      vertex 66.7318 57.5688 3.4
    endloop
  endfacet
  facet normal 0 0 -1
    outer loop
      vertex 66.5719 56.3543 3.4
      vertex 66.6609 57.7125 3.4
      vertex 66.6609 56.4875 3.4
    endloop
  endfacet
  facet normal 0 0 -1
    outer loop
      vertex 66.5719 56.3543 3.4
      vertex 66.5719 57.8457 3.4
      vertex 66.6609 57.7125 3.4
    endloop
  endfacet
  facet normal 0 0 -1
    outer loop
      vertex 66.4662 56.2338 3.4
      vertex 66.5719 57.8457 3.4
      vertex 66.5719 56.3543 3.4
    endloop
  endfacet
  facet normal 0 0 -1
    outer loop
      vertex 66.4662 56.2338 3.4
      vertex 66.4662 57.9662 3.4
      vertex 66.5719 57.8457 3.4
    endloop
  endfacet
  facet normal 0 0 -1
    outer loop
      vertex 66.3457 56.1281 3.4
      vertex 66.4662 57.9662 3.4
      vertex 66.4662 56.2338 3.4
    endloop
  endfacet
  facet normal 0 0 -1
    outer loop
      vertex 66.3457 56.1281 3.4
      vertex 66.3457 58.0719 3.4
      vertex 66.4662 57.9662 3.4
    endloop
  endfacet
  facet normal 0 0 -1
    outer loop
      vertex 66.2125 56.0391 3.4
      vertex 66.3457 58.0719 3.4
      vertex 66.3457 56.1281 3.4
    endloop
  endfacet
  facet normal 0 0 -1
    outer loop
      vertex 66.2125 56.0391 3.4
      vertex 66.2125 58.1609 3.4
      vertex 66.3457 58.0719 3.4
    endloop
  endfacet
  facet normal 0 0 -1
    outer loop
      vertex 65.85 55.9034 3.4
      vertex 66.2125 56.0391 3.4
      vertex 66.0688 55.9682 3.4
    endloop
  endfacet
  facet normal -0 0 -1
    outer loop
      vertex 66.2125 56.0391 3.4
      vertex 65.85 55.9034 3.4
      vertex 66.2125 58.1609 3.4
    endloop
  endfacet
  facet normal 0 0 -1
    outer loop
      vertex 65.85 55.9034 3.4
      vertex 66.0688 55.9682 3.4
      vertex 65.9171 55.9167 3.4
    endloop
  endfacet
  facet normal 0 0 -1
    outer loop
      vertex 65.85 58.2966 3.4
      vertex 66.2125 58.1609 3.4
      vertex 65.85 55.9034 3.4
    endloop
  endfacet
  facet normal 0 0 -1
    outer loop
      vertex 66.2125 58.1609 3.4
      vertex 65.85 58.2966 3.4
      vertex 66.0688 58.2318 3.4
    endloop
  endfacet
  facet normal 0 0 -1
    outer loop
      vertex 66.0688 58.2318 3.4
      vertex 65.85 58.2966 3.4
      vertex 65.9171 58.2833 3.4
    endloop
  endfacet
  facet normal 0 0 -1
    outer loop
      vertex 65.1312 55.9682 3.4
      vertex 65.35 55.9034 3.4
      vertex 65.2829 55.9167 3.4
    endloop
  endfacet
  facet normal 0 0 -1
    outer loop
      vertex 64.9875 56.0391 3.4
      vertex 65.35 55.9034 3.4
      vertex 65.1312 55.9682 3.4
    endloop
  endfacet
  facet normal 0 0 -1
    outer loop
      vertex 65.35 55.9034 3.4
      vertex 64.9875 56.0391 3.4
      vertex 65.35 58.2966 3.4
    endloop
  endfacet
  facet normal 0 0 -1
    outer loop
      vertex 65.35 58.2966 3.4
      vertex 65.1312 58.2318 3.4
      vertex 65.2829 58.2833 3.4
    endloop
  endfacet
  facet normal 0 0 -1
    outer loop
      vertex 64.9875 58.1609 3.4
      vertex 65.35 58.2966 3.4
      vertex 64.9875 56.0391 3.4
    endloop
  endfacet
  facet normal 0 0 -1
    outer loop
      vertex 65.35 58.2966 3.4
      vertex 64.9875 58.1609 3.4
      vertex 65.1312 58.2318 3.4
    endloop
  endfacet
  facet normal 0 0 -1
    outer loop
      vertex 64.8543 56.1281 3.4
      vertex 64.9875 58.1609 3.4
      vertex 64.9875 56.0391 3.4
    endloop
  endfacet
  facet normal 0 0 -1
    outer loop
      vertex 64.8543 56.1281 3.4
      vertex 64.8543 58.0719 3.4
      vertex 64.9875 58.1609 3.4
    endloop
  endfacet
  facet normal 0 0 -1
    outer loop
      vertex 64.7338 56.2338 3.4
      vertex 64.8543 58.0719 3.4
      vertex 64.8543 56.1281 3.4
    endloop
  endfacet
  facet normal 0 0 -1
    outer loop
      vertex 64.7338 56.2338 3.4
      vertex 64.7338 57.9662 3.4
      vertex 64.8543 58.0719 3.4
    endloop
  endfacet
  facet normal 0 0 -1
    outer loop
      vertex 64.6281 56.3543 3.4
      vertex 64.7338 57.9662 3.4
      vertex 64.7338 56.2338 3.4
    endloop
  endfacet
  facet normal 0 0 -1
    outer loop
      vertex 64.6281 56.3543 3.4
      vertex 64.6281 57.8457 3.4
      vertex 64.7338 57.9662 3.4
    endloop
  endfacet
  facet normal 0 0 -1
    outer loop
      vertex 64.5391 56.4875 3.4
      vertex 64.6281 57.8457 3.4
      vertex 64.6281 56.3543 3.4
    endloop
  endfacet
  facet normal 0 0 -1
    outer loop
      vertex 64.5391 56.4875 3.4
      vertex 64.5391 57.7125 3.4
      vertex 64.6281 57.8457 3.4
    endloop
  endfacet
  facet normal 0 0 -1
    outer loop
      vertex 64.4682 56.6312 3.4
      vertex 64.5391 57.7125 3.4
      vertex 64.5391 56.4875 3.4
    endloop
  endfacet
  facet normal 0 0 -1
    outer loop
      vertex 64.4682 56.6312 3.4
      vertex 64.4682 57.5688 3.4
      vertex 64.5391 57.7125 3.4
    endloop
  endfacet
  facet normal 0 0 -1
    outer loop
      vertex 64.4167 56.7829 3.4
      vertex 64.4682 57.5688 3.4
      vertex 64.4682 56.6312 3.4
    endloop
  endfacet
  facet normal 0 0 -1
    outer loop
      vertex 64.4167 56.7829 3.4
      vertex 64.4167 57.4171 3.4
      vertex 64.4682 57.5688 3.4
    endloop
  endfacet
  facet normal 0 0 -1
    outer loop
      vertex 64.3855 56.9401 3.4
      vertex 64.4167 57.4171 3.4
      vertex 64.4167 56.7829 3.4
    endloop
  endfacet
  facet normal 0 0 -1
    outer loop
      vertex 64.3855 56.9401 3.4
      vertex 64.3855 57.2599 3.4
      vertex 64.4167 57.4171 3.4
    endloop
  endfacet
  facet normal 0 -0 -1
    outer loop
      vertex 64.3855 57.2599 3.4
      vertex 64.3855 56.9401 3.4
      vertex 64.375 57.1 3.4
    endloop
  endfacet
  facet normal 0.442464 -0.896786 0
    outer loop
      vertex 66.0688 55.9682 3.4
      vertex 66.2125 56.0391 4.9
      vertex 66.0688 55.9682 4.9
    endloop
  endfacet
  facet normal 0.442464 -0.896786 0
    outer loop
      vertex 66.2125 56.0391 4.9
      vertex 66.0688 55.9682 3.4
      vertex 66.2125 56.0391 3.4
    endloop
  endfacet
  facet normal 0.321466 -0.946921 0
    outer loop
      vertex 65.9171 55.9167 3.4
      vertex 66.0688 55.9682 4.9
      vertex 65.9171 55.9167 4.9
    endloop
  endfacet
  facet normal 0.321466 -0.946921 0
    outer loop
      vertex 66.0688 55.9682 4.9
      vertex 65.9171 55.9167 3.4
      vertex 66.0688 55.9682 3.4
    endloop
  endfacet
  facet normal 0.659432 -0.751765 0
    outer loop
      vertex 66.3457 56.1281 3.4
      vertex 66.4662 56.2338 4.9
      vertex 66.3457 56.1281 4.9
    endloop
  endfacet
  facet normal 0.659432 -0.751765 0
    outer loop
      vertex 66.4662 56.2338 4.9
      vertex 66.3457 56.1281 3.4
      vertex 66.4662 56.2338 3.4
    endloop
  endfacet
  facet normal -0.321466 -0.946921 0
    outer loop
      vertex 65.1312 55.9682 3.4
      vertex 65.2829 55.9167 4.9
      vertex 65.1312 55.9682 4.9
    endloop
  endfacet
  facet normal -0.321466 -0.946921 -0
    outer loop
      vertex 65.2829 55.9167 4.9
      vertex 65.1312 55.9682 3.4
      vertex 65.2829 55.9167 3.4
    endloop
  endfacet
  facet normal -0.442464 -0.896786 0
    outer loop
      vertex 64.9875 56.0391 3.4
      vertex 65.1312 55.9682 4.9
      vertex 64.9875 56.0391 4.9
    endloop
  endfacet
  facet normal -0.442464 -0.896786 -0
    outer loop
      vertex 65.1312 55.9682 4.9
      vertex 64.9875 56.0391 3.4
      vertex 65.1312 55.9682 3.4
    endloop
  endfacet
  facet normal -0.980868 -0.194676 0
    outer loop
      vertex 64.4167 56.7829 3.4
      vertex 64.3855 56.9401 4.9
      vertex 64.3855 56.9401 3.4
    endloop
  endfacet
  facet normal -0.980868 -0.194676 0
    outer loop
      vertex 64.3855 56.9401 4.9
      vertex 64.4167 56.7829 3.4
      vertex 64.4167 56.7829 4.9
    endloop
  endfacet
  facet normal -0.831474 -0.555564 0
    outer loop
      vertex 64.6281 56.3543 3.4
      vertex 64.5391 56.4875 4.9
      vertex 64.5391 56.4875 3.4
    endloop
  endfacet
  facet normal -0.831474 -0.555564 0
    outer loop
      vertex 64.5391 56.4875 4.9
      vertex 64.6281 56.3543 3.4
      vertex 64.6281 56.3543 4.9
    endloop
  endfacet
  facet normal -0.896786 -0.442464 0
    outer loop
      vertex 64.5391 56.4875 3.4
      vertex 64.4682 56.6312 4.9
      vertex 64.4682 56.6312 3.4
    endloop
  endfacet
  facet normal -0.896786 -0.442464 0
    outer loop
      vertex 64.4682 56.6312 4.9
      vertex 64.5391 56.4875 3.4
      vertex 64.5391 56.4875 4.9
    endloop
  endfacet
  facet normal -0.555564 -0.831474 0
    outer loop
      vertex 64.8543 56.1281 3.4
      vertex 64.9875 56.0391 4.9
      vertex 64.8543 56.1281 4.9
    endloop
  endfacet
  facet normal -0.555564 -0.831474 -0
    outer loop
      vertex 64.9875 56.0391 4.9
      vertex 64.8543 56.1281 3.4
      vertex 64.9875 56.0391 3.4
    endloop
  endfacet
  facet normal 0.892906 0.0583012 0.446453
    outer loop
      vertex 67.112 57.2991 4.9
      vertex 66.825 57.1 5.5
      vertex 67.125 57.1 4.9
    endloop
  endfacet
  facet normal 0.590335 0.672425 0.446486
    outer loop
      vertex 66.5284 58.3099 4.9
      vertex 66.3457 58.0719 5.5
      vertex 66.6783 58.1783 4.9
    endloop
  endfacet
  facet normal 0.287547 0.84739 0.44637
    outer loop
      vertex 66.1836 58.5089 4.9
      vertex 65.9947 58.573 4.9
      vertex 66.0688 58.2318 5.5
    endloop
  endfacet
  facet normal -0.672706 0.590083 0.446396
    outer loop
      vertex 64.7338 57.9662 5.5
      vertex 64.5217 58.1783 4.9
      vertex 64.6281 57.8457 5.5
    endloop
  endfacet
  facet normal -0.395922 0.802455 0.446444
    outer loop
      vertex 65.1312 58.2318 5.5
      vertex 64.8375 58.4207 4.9
      vertex 64.9875 58.1609 5.5
    endloop
  endfacet
  facet normal -0.892906 0.0583012 0.446453
    outer loop
      vertex 64.088 57.2991 4.9
      vertex 64.075 57.1 4.9
      vertex 64.375 57.1 5.5
    endloop
  endfacet
  facet normal -0.17398 0.877748 0.446418
    outer loop
      vertex 65.35 58.47 5.15906
      vertex 65.2829 58.2833 5.5
      vertex 65.35 58.2966 5.5
    endloop
  endfacet
  facet normal 0.672706 -0.590083 0.446396
    outer loop
      vertex 66.5719 56.3543 5.5
      vertex 66.4662 56.2338 5.5
      vertex 66.6783 56.0217 4.9
    endloop
  endfacet
  facet normal 0.84739 -0.287547 0.44637
    outer loop
      vertex 67.073 56.7053 4.9
      vertex 66.7318 56.6312 5.5
      vertex 67.0089 56.5164 4.9
    endloop
  endfacet
  facet normal -0.497113 0.743994 0.446488
    outer loop
      vertex 64.9875 58.1609 5.5
      vertex 64.6716 58.3099 4.9
      vertex 64.8543 58.0719 5.5
    endloop
  endfacet
  facet normal -0.802604 0.395694 0.446379
    outer loop
      vertex 64.2793 57.8625 4.9
      vertex 64.1911 57.6836 4.9
      vertex 64.4682 57.5688 5.5
    endloop
  endfacet
  facet normal -0.847365 0.287668 0.446341
    outer loop
      vertex 64.4682 57.5688 5.5
      vertex 64.127 57.4947 4.9
      vertex 64.4167 57.4171 5.5
    endloop
  endfacet
  facet normal -0.496973 -0.744114 0.446444
    outer loop
      vertex 64.9875 56.0391 5.5
      vertex 64.6716 55.8901 4.9
      vertex 64.8375 55.7793 4.9
    endloop
  endfacet
  facet normal -0.744114 -0.496973 0.446444
    outer loop
      vertex 64.5391 56.4875 5.5
      vertex 64.2793 56.3375 4.9
      vertex 64.3901 56.1716 4.9
    endloop
  endfacet
  facet normal 0.174312 0.877723 0.446338
    outer loop
      vertex 65.9947 58.573 4.9
      vertex 65.85 58.47 5.15906
      vertex 65.9171 58.2833 5.5
    endloop
  endfacet
  facet normal 0.174667 0.87758 0.44648
    outer loop
      vertex 65.85 58.47 5.15906
      vertex 65.9947 58.573 4.9
      vertex 65.85 58.6018 4.9
    endloop
  endfacet
  facet normal 0.497113 0.743994 0.446488
    outer loop
      vertex 66.5284 58.3099 4.9
      vertex 66.2125 58.1609 5.5
      vertex 66.3457 58.0719 5.5
    endloop
  endfacet
  facet normal -0.395694 0.802604 0.446379
    outer loop
      vertex 65.0164 58.5089 4.9
      vertex 64.8375 58.4207 4.9
      vertex 65.1312 58.2318 5.5
    endloop
  endfacet
  facet normal -0.174667 0.87758 0.44648
    outer loop
      vertex 65.2053 58.573 4.9
      vertex 65.35 58.47 5.15906
      vertex 65.35 58.6018 4.9
    endloop
  endfacet
  facet normal -0.174312 0.877723 0.446338
    outer loop
      vertex 65.35 58.47 5.15906
      vertex 65.2053 58.573 4.9
      vertex 65.2829 58.2833 5.5
    endloop
  endfacet
  facet normal -0.496973 0.744114 0.446444
    outer loop
      vertex 64.8375 58.4207 4.9
      vertex 64.6716 58.3099 4.9
      vertex 64.9875 58.1609 5.5
    endloop
  endfacet
  facet normal 0.17398 0.877748 0.446418
    outer loop
      vertex 65.85 58.47 5.15906
      vertex 65.85 58.2966 5.5
      vertex 65.9171 58.2833 5.5
    endloop
  endfacet
  facet normal 0.877642 0.174189 0.446545
    outer loop
      vertex 67.112 57.2991 4.9
      vertex 66.7833 57.4171 5.5
      vertex 66.8145 57.2599 5.5
    endloop
  endfacet
  facet normal 0.744114 0.496973 0.446444
    outer loop
      vertex 66.8099 58.0284 4.9
      vertex 66.6609 57.7125 5.5
      vertex 66.9207 57.8625 4.9
    endloop
  endfacet
  facet normal 0.590083 0.672706 0.446396
    outer loop
      vertex 66.6783 58.1783 4.9
      vertex 66.3457 58.0719 5.5
      vertex 66.4662 57.9662 5.5
    endloop
  endfacet
  facet normal 0.802455 -0.395922 0.446444
    outer loop
      vertex 66.7318 56.6312 5.5
      vertex 66.6609 56.4875 5.5
      vertex 66.9207 56.3375 4.9
    endloop
  endfacet
  facet normal 0.802604 -0.395694 0.446379
    outer loop
      vertex 67.0089 56.5164 4.9
      vertex 66.7318 56.6312 5.5
      vertex 66.9207 56.3375 4.9
    endloop
  endfacet
  facet normal 0.892906 -0.0583012 0.446453
    outer loop
      vertex 67.125 57.1 4.9
      vertex 66.825 57.1 5.5
      vertex 67.112 56.9009 4.9
    endloop
  endfacet
  facet normal -0.743994 0.497113 0.446488
    outer loop
      vertex 64.6281 57.8457 5.5
      vertex 64.3901 58.0284 4.9
      vertex 64.5391 57.7125 5.5
    endloop
  endfacet
  facet normal -0.672425 0.590335 0.446486
    outer loop
      vertex 64.5217 58.1783 4.9
      vertex 64.3901 58.0284 4.9
      vertex 64.6281 57.8457 5.5
    endloop
  endfacet
  facet normal -0.877642 0.174189 0.446545
    outer loop
      vertex 64.4167 57.4171 5.5
      vertex 64.088 57.2991 4.9
      vertex 64.3855 57.2599 5.5
    endloop
  endfacet
  facet normal -0.287668 -0.847365 0.446341
    outer loop
      vertex 65.2829 55.9167 5.5
      vertex 65.1312 55.9682 5.5
      vertex 65.2053 55.627 4.9
    endloop
  endfacet
  facet normal -0.892906 -0.0583012 0.446453
    outer loop
      vertex 64.375 57.1 5.5
      vertex 64.075 57.1 4.9
      vertex 64.088 56.9009 4.9
    endloop
  endfacet
  facet normal -0.672425 -0.590335 0.446486
    outer loop
      vertex 64.6281 56.3543 5.5
      vertex 64.3901 56.1716 4.9
      vertex 64.5217 56.0217 4.9
    endloop
  endfacet
  facet normal -0.395922 -0.802455 0.446444
    outer loop
      vertex 64.9875 56.0391 5.5
      vertex 64.8375 55.7793 4.9
      vertex 65.1312 55.9682 5.5
    endloop
  endfacet
  facet normal 0.395694 -0.802604 0.446379
    outer loop
      vertex 66.3625 55.7793 4.9
      vertex 66.0688 55.9682 5.5
      vertex 66.1836 55.6911 4.9
    endloop
  endfacet
  facet normal -0.590335 0.672425 0.446486
    outer loop
      vertex 64.6716 58.3099 4.9
      vertex 64.5217 58.1783 4.9
      vertex 64.8543 58.0719 5.5
    endloop
  endfacet
  facet normal -0.590083 0.672706 0.446396
    outer loop
      vertex 64.8543 58.0719 5.5
      vertex 64.5217 58.1783 4.9
      vertex 64.7338 57.9662 5.5
    endloop
  endfacet
  facet normal 0.802455 0.395922 0.446444
    outer loop
      vertex 66.9207 57.8625 4.9
      vertex 66.6609 57.7125 5.5
      vertex 66.7318 57.5688 5.5
    endloop
  endfacet
  facet normal 0.877581 0.174978 0.446356
    outer loop
      vertex 67.073 57.4947 4.9
      vertex 66.7833 57.4171 5.5
      vertex 67.112 57.2991 4.9
    endloop
  endfacet
  facet normal 0.847365 0.287668 0.446341
    outer loop
      vertex 67.073 57.4947 4.9
      vertex 66.7318 57.5688 5.5
      vertex 66.7833 57.4171 5.5
    endloop
  endfacet
  facet normal 0.892844 0.0586296 0.446533
    outer loop
      vertex 67.112 57.2991 4.9
      vertex 66.8145 57.2599 5.5
      vertex 66.825 57.1 5.5
    endloop
  endfacet
  facet normal 0.672425 0.590335 0.446486
    outer loop
      vertex 66.6783 58.1783 4.9
      vertex 66.5719 57.8457 5.5
      vertex 66.8099 58.0284 4.9
    endloop
  endfacet
  facet normal 0.496973 0.744114 0.446444
    outer loop
      vertex 66.3625 58.4207 4.9
      vertex 66.2125 58.1609 5.5
      vertex 66.5284 58.3099 4.9
    endloop
  endfacet
  facet normal 0.287668 0.847365 0.446341
    outer loop
      vertex 65.9947 58.573 4.9
      vertex 65.9171 58.2833 5.5
      vertex 66.0688 58.2318 5.5
    endloop
  endfacet
  facet normal 0.744114 -0.496973 0.446444
    outer loop
      vertex 66.9207 56.3375 4.9
      vertex 66.6609 56.4875 5.5
      vertex 66.8099 56.1716 4.9
    endloop
  endfacet
  facet normal 0.672425 -0.590335 0.446486
    outer loop
      vertex 66.8099 56.1716 4.9
      vertex 66.5719 56.3543 5.5
      vertex 66.6783 56.0217 4.9
    endloop
  endfacet
  facet normal 0.847365 -0.287668 0.446341
    outer loop
      vertex 66.7833 56.7829 5.5
      vertex 66.7318 56.6312 5.5
      vertex 67.073 56.7053 4.9
    endloop
  endfacet
  facet normal 0.877581 -0.174978 0.446356
    outer loop
      vertex 67.112 56.9009 4.9
      vertex 66.7833 56.7829 5.5
      vertex 67.073 56.7053 4.9
    endloop
  endfacet
  facet normal -0.744114 0.496973 0.446444
    outer loop
      vertex 64.3901 58.0284 4.9
      vertex 64.2793 57.8625 4.9
      vertex 64.5391 57.7125 5.5
    endloop
  endfacet
  facet normal 0 0 1
    outer loop
      vertex 65.1312 58.2318 5.5
      vertex 65.35 58.2966 5.5
      vertex 65.2829 58.2833 5.5
    endloop
  endfacet
  facet normal 0 0 1
    outer loop
      vertex 64.9875 58.1609 5.5
      vertex 65.35 58.2966 5.5
      vertex 65.1312 58.2318 5.5
    endloop
  endfacet
  facet normal 0 0 1
    outer loop
      vertex 65.35 58.2966 5.5
      vertex 64.9875 58.1609 5.5
      vertex 65.35 55.9034 5.5
    endloop
  endfacet
  facet normal 0 0 1
    outer loop
      vertex 65.35 55.9034 5.5
      vertex 65.1312 55.9682 5.5
      vertex 65.2829 55.9167 5.5
    endloop
  endfacet
  facet normal -0 0 1
    outer loop
      vertex 64.9875 56.0391 5.5
      vertex 65.35 55.9034 5.5
      vertex 64.9875 58.1609 5.5
    endloop
  endfacet
  facet normal 0 0 1
    outer loop
      vertex 65.35 55.9034 5.5
      vertex 64.9875 56.0391 5.5
      vertex 65.1312 55.9682 5.5
    endloop
  endfacet
  facet normal -0 0 1
    outer loop
      vertex 64.8543 58.0719 5.5
      vertex 64.9875 56.0391 5.5
      vertex 64.9875 58.1609 5.5
    endloop
  endfacet
  facet normal 0 0 1
    outer loop
      vertex 64.8543 58.0719 5.5
      vertex 64.8543 56.1281 5.5
      vertex 64.9875 56.0391 5.5
    endloop
  endfacet
  facet normal -0 0 1
    outer loop
      vertex 64.7338 57.9662 5.5
      vertex 64.8543 56.1281 5.5
      vertex 64.8543 58.0719 5.5
    endloop
  endfacet
  facet normal 0 0 1
    outer loop
      vertex 64.7338 57.9662 5.5
      vertex 64.7338 56.2338 5.5
      vertex 64.8543 56.1281 5.5
    endloop
  endfacet
  facet normal -0 0 1
    outer loop
      vertex 64.6281 57.8457 5.5
      vertex 64.7338 56.2338 5.5
      vertex 64.7338 57.9662 5.5
    endloop
  endfacet
  facet normal 0 0 1
    outer loop
      vertex 64.6281 57.8457 5.5
      vertex 64.6281 56.3543 5.5
      vertex 64.7338 56.2338 5.5
    endloop
  endfacet
  facet normal -0 0 1
    outer loop
      vertex 64.5391 57.7125 5.5
      vertex 64.6281 56.3543 5.5
      vertex 64.6281 57.8457 5.5
    endloop
  endfacet
  facet normal 0 0 1
    outer loop
      vertex 64.5391 57.7125 5.5
      vertex 64.5391 56.4875 5.5
      vertex 64.6281 56.3543 5.5
    endloop
  endfacet
  facet normal -0 0 1
    outer loop
      vertex 64.4682 57.5688 5.5
      vertex 64.5391 56.4875 5.5
      vertex 64.5391 57.7125 5.5
    endloop
  endfacet
  facet normal 0 0 1
    outer loop
      vertex 64.4682 57.5688 5.5
      vertex 64.4682 56.6312 5.5
      vertex 64.5391 56.4875 5.5
    endloop
  endfacet
  facet normal -0 0 1
    outer loop
      vertex 64.4167 57.4171 5.5
      vertex 64.4682 56.6312 5.5
      vertex 64.4682 57.5688 5.5
    endloop
  endfacet
  facet normal 0 0 1
    outer loop
      vertex 64.4167 57.4171 5.5
      vertex 64.4167 56.7829 5.5
      vertex 64.4682 56.6312 5.5
    endloop
  endfacet
  facet normal -0 0 1
    outer loop
      vertex 64.3855 57.2599 5.5
      vertex 64.4167 56.7829 5.5
      vertex 64.4167 57.4171 5.5
    endloop
  endfacet
  facet normal 0 0 1
    outer loop
      vertex 64.3855 57.2599 5.5
      vertex 64.3855 56.9401 5.5
      vertex 64.4167 56.7829 5.5
    endloop
  endfacet
  facet normal 0 -0 1
    outer loop
      vertex 64.3855 56.9401 5.5
      vertex 64.3855 57.2599 5.5
      vertex 64.375 57.1 5.5
    endloop
  endfacet
  facet normal 0 0 1
    outer loop
      vertex 66.8145 57.2599 5.5
      vertex 66.8145 56.9401 5.5
      vertex 66.825 57.1 5.5
    endloop
  endfacet
  facet normal 0 0 1
    outer loop
      vertex 66.7833 57.4171 5.5
      vertex 66.8145 56.9401 5.5
      vertex 66.8145 57.2599 5.5
    endloop
  endfacet
  facet normal 0 0 1
    outer loop
      vertex 66.7833 57.4171 5.5
      vertex 66.7833 56.7829 5.5
      vertex 66.8145 56.9401 5.5
    endloop
  endfacet
  facet normal 0 0 1
    outer loop
      vertex 66.7318 57.5688 5.5
      vertex 66.7833 56.7829 5.5
      vertex 66.7833 57.4171 5.5
    endloop
  endfacet
  facet normal 0 0 1
    outer loop
      vertex 66.7318 57.5688 5.5
      vertex 66.7318 56.6312 5.5
      vertex 66.7833 56.7829 5.5
    endloop
  endfacet
  facet normal 0 0 1
    outer loop
      vertex 66.6609 57.7125 5.5
      vertex 66.7318 56.6312 5.5
      vertex 66.7318 57.5688 5.5
    endloop
  endfacet
  facet normal 0 0 1
    outer loop
      vertex 66.6609 57.7125 5.5
      vertex 66.6609 56.4875 5.5
      vertex 66.7318 56.6312 5.5
    endloop
  endfacet
  facet normal 0 0 1
    outer loop
      vertex 66.5719 57.8457 5.5
      vertex 66.6609 56.4875 5.5
      vertex 66.6609 57.7125 5.5
    endloop
  endfacet
  facet normal 0 0 1
    outer loop
      vertex 66.5719 57.8457 5.5
      vertex 66.5719 56.3543 5.5
      vertex 66.6609 56.4875 5.5
    endloop
  endfacet
  facet normal 0 0 1
    outer loop
      vertex 66.4662 57.9662 5.5
      vertex 66.5719 56.3543 5.5
      vertex 66.5719 57.8457 5.5
    endloop
  endfacet
  facet normal 0 0 1
    outer loop
      vertex 66.4662 57.9662 5.5
      vertex 66.4662 56.2338 5.5
      vertex 66.5719 56.3543 5.5
    endloop
  endfacet
  facet normal 0 0 1
    outer loop
      vertex 66.3457 58.0719 5.5
      vertex 66.4662 56.2338 5.5
      vertex 66.4662 57.9662 5.5
    endloop
  endfacet
  facet normal 0 0 1
    outer loop
      vertex 66.3457 58.0719 5.5
      vertex 66.3457 56.1281 5.5
      vertex 66.4662 56.2338 5.5
    endloop
  endfacet
  facet normal 0 0 1
    outer loop
      vertex 66.2125 58.1609 5.5
      vertex 66.3457 56.1281 5.5
      vertex 66.3457 58.0719 5.5
    endloop
  endfacet
  facet normal 0 0 1
    outer loop
      vertex 66.2125 58.1609 5.5
      vertex 66.2125 56.0391 5.5
      vertex 66.3457 56.1281 5.5
    endloop
  endfacet
  facet normal 0 0 1
    outer loop
      vertex 65.85 58.2966 5.5
      vertex 66.2125 58.1609 5.5
      vertex 66.0688 58.2318 5.5
    endloop
  endfacet
  facet normal 0 0 1
    outer loop
      vertex 66.2125 58.1609 5.5
      vertex 65.85 58.2966 5.5
      vertex 66.2125 56.0391 5.5
    endloop
  endfacet
  facet normal 0 0 1
    outer loop
      vertex 65.85 58.2966 5.5
      vertex 66.0688 58.2318 5.5
      vertex 65.9171 58.2833 5.5
    endloop
  endfacet
  facet normal 0 0 1
    outer loop
      vertex 65.85 55.9034 5.5
      vertex 66.2125 56.0391 5.5
      vertex 65.85 58.2966 5.5
    endloop
  endfacet
  facet normal 0 0 1
    outer loop
      vertex 66.2125 56.0391 5.5
      vertex 65.85 55.9034 5.5
      vertex 66.0688 55.9682 5.5
    endloop
  endfacet
  facet normal 0 0 1
    outer loop
      vertex 66.0688 55.9682 5.5
      vertex 65.85 55.9034 5.5
      vertex 65.9171 55.9167 5.5
    endloop
  endfacet
  facet normal -0.84739 0.287547 0.44637
    outer loop
      vertex 64.1911 57.6836 4.9
      vertex 64.127 57.4947 4.9
      vertex 64.4682 57.5688 5.5
    endloop
  endfacet
  facet normal -0.395694 -0.802604 0.446379
    outer loop
      vertex 65.1312 55.9682 5.5
      vertex 64.8375 55.7793 4.9
      vertex 65.0164 55.6911 4.9
    endloop
  endfacet
  facet normal -0.287547 -0.84739 0.44637
    outer loop
      vertex 65.1312 55.9682 5.5
      vertex 65.0164 55.6911 4.9
      vertex 65.2053 55.627 4.9
    endloop
  endfacet
  facet normal -0.672706 -0.590083 0.446396
    outer loop
      vertex 64.6281 56.3543 5.5
      vertex 64.5217 56.0217 4.9
      vertex 64.7338 56.2338 5.5
    endloop
  endfacet
  facet normal -0.802455 -0.395922 0.446444
    outer loop
      vertex 64.4682 56.6312 5.5
      vertex 64.2793 56.3375 4.9
      vertex 64.5391 56.4875 5.5
    endloop
  endfacet
  facet normal -0.877581 -0.174978 0.446356
    outer loop
      vertex 64.4167 56.7829 5.5
      vertex 64.088 56.9009 4.9
      vertex 64.127 56.7053 4.9
    endloop
  endfacet
  facet normal 0.287547 -0.84739 0.44637
    outer loop
      vertex 66.0688 55.9682 5.5
      vertex 65.9947 55.627 4.9
      vertex 66.1836 55.6911 4.9
    endloop
  endfacet
  facet normal 0.17398 -0.877748 0.446418
    outer loop
      vertex 65.85 55.9034 5.5
      vertex 65.85 55.73 5.15906
      vertex 65.9171 55.9167 5.5
    endloop
  endfacet
  facet normal -0.174312 -0.877723 0.446338
    outer loop
      vertex 65.2053 55.627 4.9
      vertex 65.35 55.73 5.15906
      vertex 65.2829 55.9167 5.5
    endloop
  endfacet
  facet normal -0.174667 -0.87758 0.44648
    outer loop
      vertex 65.35 55.73 5.15906
      vertex 65.2053 55.627 4.9
      vertex 65.35 55.5982 4.9
    endloop
  endfacet
  facet normal -0.287668 0.847365 0.446341
    outer loop
      vertex 65.2053 58.573 4.9
      vertex 65.1312 58.2318 5.5
      vertex 65.2829 58.2833 5.5
    endloop
  endfacet
  facet normal -0.287547 0.84739 0.44637
    outer loop
      vertex 65.2053 58.573 4.9
      vertex 65.0164 58.5089 4.9
      vertex 65.1312 58.2318 5.5
    endloop
  endfacet
  facet normal 0.802604 0.395694 0.446379
    outer loop
      vertex 66.9207 57.8625 4.9
      vertex 66.7318 57.5688 5.5
      vertex 67.0089 57.6836 4.9
    endloop
  endfacet
  facet normal 0.84739 0.287547 0.44637
    outer loop
      vertex 67.0089 57.6836 4.9
      vertex 66.7318 57.5688 5.5
      vertex 67.073 57.4947 4.9
    endloop
  endfacet
  facet normal 0.743994 0.497113 0.446488
    outer loop
      vertex 66.8099 58.0284 4.9
      vertex 66.5719 57.8457 5.5
      vertex 66.6609 57.7125 5.5
    endloop
  endfacet
  facet normal 0.672706 0.590083 0.446396
    outer loop
      vertex 66.6783 58.1783 4.9
      vertex 66.4662 57.9662 5.5
      vertex 66.5719 57.8457 5.5
    endloop
  endfacet
  facet normal 0.395922 0.802455 0.446444
    outer loop
      vertex 66.3625 58.4207 4.9
      vertex 66.0688 58.2318 5.5
      vertex 66.2125 58.1609 5.5
    endloop
  endfacet
  facet normal 0.395694 0.802604 0.446379
    outer loop
      vertex 66.1836 58.5089 4.9
      vertex 66.0688 58.2318 5.5
      vertex 66.3625 58.4207 4.9
    endloop
  endfacet
  facet normal 0.590335 -0.672425 0.446486
    outer loop
      vertex 66.6783 56.0217 4.9
      vertex 66.3457 56.1281 5.5
      vertex 66.5284 55.8901 4.9
    endloop
  endfacet
  facet normal 0.590083 -0.672706 0.446396
    outer loop
      vertex 66.4662 56.2338 5.5
      vertex 66.3457 56.1281 5.5
      vertex 66.6783 56.0217 4.9
    endloop
  endfacet
  facet normal 0.743994 -0.497113 0.446488
    outer loop
      vertex 66.6609 56.4875 5.5
      vertex 66.5719 56.3543 5.5
      vertex 66.8099 56.1716 4.9
    endloop
  endfacet
  facet normal 0.877642 -0.174189 0.446545
    outer loop
      vertex 66.8145 56.9401 5.5
      vertex 66.7833 56.7829 5.5
      vertex 67.112 56.9009 4.9
    endloop
  endfacet
  facet normal -0.802455 0.395922 0.446444
    outer loop
      vertex 64.5391 57.7125 5.5
      vertex 64.2793 57.8625 4.9
      vertex 64.4682 57.5688 5.5
    endloop
  endfacet
  facet normal -0.877581 0.174978 0.446356
    outer loop
      vertex 64.127 57.4947 4.9
      vertex 64.088 57.2991 4.9
      vertex 64.4167 57.4171 5.5
    endloop
  endfacet
  facet normal -0.892844 0.0586296 0.446533
    outer loop
      vertex 64.3855 57.2599 5.5
      vertex 64.088 57.2991 4.9
      vertex 64.375 57.1 5.5
    endloop
  endfacet
  facet normal -0.590083 -0.672706 0.446396
    outer loop
      vertex 64.7338 56.2338 5.5
      vertex 64.5217 56.0217 4.9
      vertex 64.8543 56.1281 5.5
    endloop
  endfacet
  facet normal -0.590335 -0.672425 0.446486
    outer loop
      vertex 64.8543 56.1281 5.5
      vertex 64.5217 56.0217 4.9
      vertex 64.6716 55.8901 4.9
    endloop
  endfacet
  facet normal -0.743994 -0.497113 0.446488
    outer loop
      vertex 64.5391 56.4875 5.5
      vertex 64.3901 56.1716 4.9
      vertex 64.6281 56.3543 5.5
    endloop
  endfacet
  facet normal -0.802604 -0.395694 0.446379
    outer loop
      vertex 64.4682 56.6312 5.5
      vertex 64.1911 56.5164 4.9
      vertex 64.2793 56.3375 4.9
    endloop
  endfacet
  facet normal -0.892844 -0.0586296 0.446533
    outer loop
      vertex 64.375 57.1 5.5
      vertex 64.088 56.9009 4.9
      vertex 64.3855 56.9401 5.5
    endloop
  endfacet
  facet normal -0.877642 -0.174189 0.446545
    outer loop
      vertex 64.3855 56.9401 5.5
      vertex 64.088 56.9009 4.9
      vertex 64.4167 56.7829 5.5
    endloop
  endfacet
  facet normal -0.84739 -0.287547 0.44637
    outer loop
      vertex 64.4682 56.6312 5.5
      vertex 64.127 56.7053 4.9
      vertex 64.1911 56.5164 4.9
    endloop
  endfacet
  facet normal -0.847365 -0.287668 0.446341
    outer loop
      vertex 64.4167 56.7829 5.5
      vertex 64.127 56.7053 4.9
      vertex 64.4682 56.6312 5.5
    endloop
  endfacet
  facet normal 0.174667 -0.87758 0.44648
    outer loop
      vertex 65.9947 55.627 4.9
      vertex 65.85 55.73 5.15906
      vertex 65.85 55.5982 4.9
    endloop
  endfacet
  facet normal 0.174312 -0.877723 0.446338
    outer loop
      vertex 65.85 55.73 5.15906
      vertex 65.9947 55.627 4.9
      vertex 65.9171 55.9167 5.5
    endloop
  endfacet
  facet normal 0.287668 -0.847365 0.446341
    outer loop
      vertex 66.0688 55.9682 5.5
      vertex 65.9171 55.9167 5.5
      vertex 65.9947 55.627 4.9
    endloop
  endfacet
  facet normal -0.17398 -0.877748 0.446418
    outer loop
      vertex 65.35 55.9034 5.5
      vertex 65.2829 55.9167 5.5
      vertex 65.35 55.73 5.15906
    endloop
  endfacet
  facet normal 0.395922 -0.802455 0.446444
    outer loop
      vertex 66.2125 56.0391 5.5
      vertex 66.0688 55.9682 5.5
      vertex 66.3625 55.7793 4.9
    endloop
  endfacet
  facet normal 0.892844 -0.0586296 0.446533
    outer loop
      vertex 66.825 57.1 5.5
      vertex 66.8145 56.9401 5.5
      vertex 67.112 56.9009 4.9
    endloop
  endfacet
  facet normal -0.497113 -0.743994 0.446488
    outer loop
      vertex 64.8543 56.1281 5.5
      vertex 64.6716 55.8901 4.9
      vertex 64.9875 56.0391 5.5
    endloop
  endfacet
  facet normal 0.496973 -0.744114 0.446444
    outer loop
      vertex 66.5284 55.8901 4.9
      vertex 66.2125 56.0391 5.5
      vertex 66.3625 55.7793 4.9
    endloop
  endfacet
  facet normal 0.497113 -0.743994 0.446488
    outer loop
      vertex 66.3457 56.1281 5.5
      vertex 66.2125 56.0391 5.5
      vertex 66.5284 55.8901 4.9
    endloop
  endfacet
  facet normal 1 -0 0
    outer loop
      vertex 65.35 55.73 5.15906
      vertex 65.35 55.9034 4.9
      vertex 65.35 55.9034 5.5
    endloop
  endfacet
  facet normal 1 0 0
    outer loop
      vertex 65.35 55.9034 4.9
      vertex 65.35 55.73 5.15906
      vertex 65.35 55.5982 4.9
    endloop
  endfacet
  facet normal 1 0 0
    outer loop
      vertex 65.35 58.47 5.15906
      vertex 65.35 58.2966 4.9
      vertex 65.35 58.6018 4.9
    endloop
  endfacet
  facet normal 1 0 0
    outer loop
      vertex 65.35 58.2966 5.5
      vertex 65.35 58.2966 4.9
      vertex 65.35 58.47 5.15906
    endloop
  endfacet
  facet normal 1 0 0
    outer loop
      vertex 65.35 55.9034 4.9
      vertex 65.35 58.2966 4.9
      vertex 65.35 58.2966 5.5
    endloop
  endfacet
  facet normal 1 0 0
    outer loop
      vertex 65.35 55.9034 4.9
      vertex 65.35 58.2966 5.5
      vertex 65.35 55.9034 5.5
    endloop
  endfacet
  facet normal 1 0 0
    outer loop
      vertex 65.35 58.2966 4.9
      vertex 65.35 55.9034 4.9
      vertex 65.35 58.2966 3.4
    endloop
  endfacet
  facet normal 1 0 0
    outer loop
      vertex 65.35 58.2966 3.4
      vertex 65.35 55.9034 4.9
      vertex 65.35 55.9034 3.4
    endloop
  endfacet
  facet normal -1 0 0
    outer loop
      vertex 65.85 55.9034 4.9
      vertex 65.85 58.2966 4.9
      vertex 65.85 58.2966 3.4
    endloop
  endfacet
  facet normal -1 0 0
    outer loop
      vertex 65.85 55.9034 4.9
      vertex 65.85 58.2966 3.4
      vertex 65.85 55.9034 3.4
    endloop
  endfacet
  facet normal -1 0 0
    outer loop
      vertex 65.85 58.2966 4.9
      vertex 65.85 55.9034 4.9
      vertex 65.85 58.2966 5.5
    endloop
  endfacet
  facet normal -1 0 0
    outer loop
      vertex 65.85 55.9034 4.9
      vertex 65.85 55.9034 5.5
      vertex 65.85 58.2966 5.5
    endloop
  endfacet
  facet normal -1 0 0
    outer loop
      vertex 65.85 55.9034 4.9
      vertex 65.85 55.73 5.15906
      vertex 65.85 55.9034 5.5
    endloop
  endfacet
  facet normal -1 0 -0
    outer loop
      vertex 65.85 55.73 5.15906
      vertex 65.85 55.9034 4.9
      vertex 65.85 55.5982 4.9
    endloop
  endfacet
  facet normal -1 0 0
    outer loop
      vertex 65.85 58.2966 4.9
      vertex 65.85 58.47 5.15906
      vertex 65.85 58.6018 4.9
    endloop
  endfacet
  facet normal -1 -0 0
    outer loop
      vertex 65.85 58.47 5.15906
      vertex 65.85 58.2966 4.9
      vertex 65.85 58.2966 5.5
    endloop
  endfacet
  facet normal 0.946954 0.321369 0
    outer loop
      vertex 10.2563 8.81175 3.4
      vertex 10.1407 9.15238 1.6
      vertex 10.1407 9.15238 3.4
    endloop
  endfacet
  facet normal 0.946954 0.321369 0
    outer loop
      vertex 10.1407 9.15238 1.6
      vertex 10.2563 8.81175 3.4
      vertex 10.2563 8.81175 1.6
    endloop
  endfacet
  facet normal 0.997864 0.0653289 0
    outer loop
      vertex 10.35 8.1 3.4
      vertex 10.3265 8.45895 1.6
      vertex 10.3265 8.45895 3.4
    endloop
  endfacet
  facet normal 0.997864 0.0653289 0
    outer loop
      vertex 10.3265 8.45895 1.6
      vertex 10.35 8.1 3.4
      vertex 10.35 8.1 1.6
    endloop
  endfacet
  facet normal -0.997858 0.0654119 0
    outer loop
      vertex 4.85 8.1 1.6
      vertex 4.87353 8.45895 3.4
      vertex 4.87353 8.45895 1.6
    endloop
  endfacet
  facet normal -0.997858 0.0654119 0
    outer loop
      vertex 4.87353 8.45895 3.4
      vertex 4.85 8.1 1.6
      vertex 4.85 8.1 3.4
    endloop
  endfacet
  facet normal -0.0653289 0.997864 0
    outer loop
      vertex 7.6 10.85 1.6
      vertex 7.24105 10.8265 3.4
      vertex 7.6 10.85 3.4
    endloop
  endfacet
  facet normal -0.0653289 0.997864 0
    outer loop
      vertex 7.24105 10.8265 3.4
      vertex 7.6 10.85 1.6
      vertex 7.24105 10.8265 1.6
    endloop
  endfacet
  facet normal 0.65938 0.75181 -0
    outer loop
      vertex 9.54454 10.0445 1.6
      vertex 9.27409 10.2817 3.4
      vertex 9.54454 10.0445 3.4
    endloop
  endfacet
  facet normal 0.65938 0.75181 0
    outer loop
      vertex 9.27409 10.2817 3.4
      vertex 9.54454 10.0445 1.6
      vertex 9.27409 10.2817 1.6
    endloop
  endfacet
  facet normal -0.65938 0.75181 0
    outer loop
      vertex 5.92591 10.2817 1.6
      vertex 5.65546 10.0445 3.4
      vertex 5.92591 10.2817 3.4
    endloop
  endfacet
  facet normal -0.65938 0.75181 0
    outer loop
      vertex 5.65546 10.0445 3.4
      vertex 5.92591 10.2817 1.6
      vertex 5.65546 10.0445 1.6
    endloop
  endfacet
  facet normal -0.442292 0.896871 0
    outer loop
      vertex 6.54762 10.6407 1.6
      vertex 6.225 10.4816 3.4
      vertex 6.54762 10.6407 3.4
    endloop
  endfacet
  facet normal -0.442292 0.896871 0
    outer loop
      vertex 6.225 10.4816 3.4
      vertex 6.54762 10.6407 1.6
      vertex 6.225 10.4816 1.6
    endloop
  endfacet
  facet normal -0.751837 -0.659349 0
    outer loop
      vertex 5.65546 6.15546 1.6
      vertex 5.41828 6.42591 3.4
      vertex 5.41828 6.42591 1.6
    endloop
  endfacet
  facet normal -0.751837 -0.659349 0
    outer loop
      vertex 5.41828 6.42591 3.4
      vertex 5.65546 6.15546 1.6
      vertex 5.65546 6.15546 3.4
    endloop
  endfacet
  facet normal 0.896838 0.442359 0
    outer loop
      vertex 10.1407 9.15238 3.4
      vertex 9.98157 9.475 1.6
      vertex 9.98157 9.475 3.4
    endloop
  endfacet
  facet normal 0.896838 0.442359 0
    outer loop
      vertex 9.98157 9.475 1.6
      vertex 10.1407 9.15238 3.4
      vertex 10.1407 9.15238 1.6
    endloop
  endfacet
  facet normal 0.321369 0.946954 -0
    outer loop
      vertex 8.65238 10.6407 1.6
      vertex 8.31175 10.7563 3.4
      vertex 8.65238 10.6407 3.4
    endloop
  endfacet
  facet normal 0.321369 0.946954 0
    outer loop
      vertex 8.31175 10.7563 3.4
      vertex 8.65238 10.6407 1.6
      vertex 8.31175 10.7563 1.6
    endloop
  endfacet
  facet normal 0.195154 0.980773 -0
    outer loop
      vertex 8.31175 10.7563 1.6
      vertex 7.95895 10.8265 3.4
      vertex 8.31175 10.7563 3.4
    endloop
  endfacet
  facet normal 0.195154 0.980773 0
    outer loop
      vertex 7.95895 10.8265 3.4
      vertex 8.31175 10.7563 1.6
      vertex 7.95895 10.8265 1.6
    endloop
  endfacet
  facet normal 0.555675 0.8314 -0
    outer loop
      vertex 9.27409 10.2817 1.6
      vertex 8.975 10.4816 3.4
      vertex 9.27409 10.2817 3.4
    endloop
  endfacet
  facet normal 0.555675 0.8314 0
    outer loop
      vertex 8.975 10.4816 3.4
      vertex 9.27409 10.2817 1.6
      vertex 8.975 10.4816 1.6
    endloop
  endfacet
  facet normal -0.831464 0.555579 0
    outer loop
      vertex 5.21843 9.475 1.6
      vertex 5.41828 9.77409 3.4
      vertex 5.41828 9.77409 1.6
    endloop
  endfacet
  facet normal -0.831464 0.555579 0
    outer loop
      vertex 5.41828 9.77409 3.4
      vertex 5.21843 9.475 1.6
      vertex 5.21843 9.475 3.4
    endloop
  endfacet
  facet normal -0.751789 0.659404 0
    outer loop
      vertex 5.41828 9.77409 1.6
      vertex 5.65546 10.0445 3.4
      vertex 5.65546 10.0445 1.6
    endloop
  endfacet
  facet normal -0.751789 0.659404 0
    outer loop
      vertex 5.65546 10.0445 3.4
      vertex 5.41828 9.77409 1.6
      vertex 5.41828 9.77409 3.4
    endloop
  endfacet
  facet normal -0.946929 0.321444 0
    outer loop
      vertex 4.9437 8.81175 1.6
      vertex 5.05933 9.15238 3.4
      vertex 5.05933 9.15238 1.6
    endloop
  endfacet
  facet normal -0.946929 0.321444 0
    outer loop
      vertex 5.05933 9.15238 3.4
      vertex 4.9437 8.81175 1.6
      vertex 4.9437 8.81175 3.4
    endloop
  endfacet
  facet normal -0.555675 0.8314 0
    outer loop
      vertex 6.225 10.4816 1.6
      vertex 5.92591 10.2817 3.4
      vertex 6.225 10.4816 3.4
    endloop
  endfacet
  facet normal -0.555675 0.8314 0
    outer loop
      vertex 5.92591 10.2817 3.4
      vertex 6.225 10.4816 1.6
      vertex 5.92591 10.2817 1.6
    endloop
  endfacet
  facet normal -0.195154 0.980773 0
    outer loop
      vertex 7.24105 10.8265 1.6
      vertex 6.88825 10.7563 3.4
      vertex 7.24105 10.8265 3.4
    endloop
  endfacet
  facet normal -0.195154 0.980773 0
    outer loop
      vertex 6.88825 10.7563 3.4
      vertex 7.24105 10.8265 1.6
      vertex 6.88825 10.7563 1.6
    endloop
  endfacet
  facet normal 0.831464 -0.555579 0
    outer loop
      vertex 9.78172 6.42591 3.4
      vertex 9.98157 6.725 1.6
      vertex 9.98157 6.725 3.4
    endloop
  endfacet
  facet normal 0.831464 -0.555579 0
    outer loop
      vertex 9.98157 6.725 1.6
      vertex 9.78172 6.42591 3.4
      vertex 9.78172 6.42591 1.6
    endloop
  endfacet
  facet normal 0.751837 -0.659349 0
    outer loop
      vertex 9.54454 6.15546 3.4
      vertex 9.78172 6.42591 1.6
      vertex 9.78172 6.42591 3.4
    endloop
  endfacet
  facet normal 0.751837 -0.659349 0
    outer loop
      vertex 9.78172 6.42591 1.6
      vertex 9.54454 6.15546 3.4
      vertex 9.54454 6.15546 1.6
    endloop
  endfacet
  facet normal -0.321444 -0.946929 0
    outer loop
      vertex 6.54762 5.55933 1.6
      vertex 6.88825 5.4437 3.4
      vertex 6.54762 5.55933 3.4
    endloop
  endfacet
  facet normal -0.321444 -0.946929 -0
    outer loop
      vertex 6.88825 5.4437 3.4
      vertex 6.54762 5.55933 1.6
      vertex 6.88825 5.4437 1.6
    endloop
  endfacet
  facet normal -0.659349 -0.751837 0
    outer loop
      vertex 5.65546 6.15546 1.6
      vertex 5.92591 5.91828 3.4
      vertex 5.65546 6.15546 3.4
    endloop
  endfacet
  facet normal -0.659349 -0.751837 -0
    outer loop
      vertex 5.92591 5.91828 3.4
      vertex 5.65546 6.15546 1.6
      vertex 5.92591 5.91828 1.6
    endloop
  endfacet
  facet normal -0.555579 -0.831464 0
    outer loop
      vertex 5.92591 5.91828 1.6
      vertex 6.225 5.71843 3.4
      vertex 5.92591 5.91828 3.4
    endloop
  endfacet
  facet normal -0.555579 -0.831464 -0
    outer loop
      vertex 6.225 5.71843 3.4
      vertex 5.92591 5.91828 1.6
      vertex 6.225 5.71843 1.6
    endloop
  endfacet
  facet normal -0.980789 -0.195074 0
    outer loop
      vertex 4.9437 7.38825 1.6
      vertex 4.87353 7.74105 3.4
      vertex 4.87353 7.74105 1.6
    endloop
  endfacet
  facet normal -0.980789 -0.195074 0
    outer loop
      vertex 4.87353 7.74105 3.4
      vertex 4.9437 7.38825 1.6
      vertex 4.9437 7.38825 3.4
    endloop
  endfacet
  facet normal 0.831464 0.555579 0
    outer loop
      vertex 9.98157 9.475 3.4
      vertex 9.78172 9.77409 1.6
      vertex 9.78172 9.77409 3.4
    endloop
  endfacet
  facet normal 0.831464 0.555579 0
    outer loop
      vertex 9.78172 9.77409 1.6
      vertex 9.98157 9.475 3.4
      vertex 9.98157 9.475 1.6
    endloop
  endfacet
  facet normal 0.751789 0.659404 0
    outer loop
      vertex 9.78172 9.77409 3.4
      vertex 9.54454 10.0445 1.6
      vertex 9.54454 10.0445 3.4
    endloop
  endfacet
  facet normal 0.751789 0.659404 0
    outer loop
      vertex 9.54454 10.0445 1.6
      vertex 9.78172 9.77409 3.4
      vertex 9.78172 9.77409 1.6
    endloop
  endfacet
  facet normal 0.0653289 0.997864 -0
    outer loop
      vertex 7.95895 10.8265 1.6
      vertex 7.6 10.85 3.4
      vertex 7.95895 10.8265 3.4
    endloop
  endfacet
  facet normal 0.0653289 0.997864 0
    outer loop
      vertex 7.6 10.85 3.4
      vertex 7.95895 10.8265 1.6
      vertex 7.6 10.85 1.6
    endloop
  endfacet
  facet normal 0.442292 0.896871 -0
    outer loop
      vertex 8.975 10.4816 1.6
      vertex 8.65238 10.6407 3.4
      vertex 8.975 10.4816 3.4
    endloop
  endfacet
  facet normal 0.442292 0.896871 0
    outer loop
      vertex 8.65238 10.6407 3.4
      vertex 8.975 10.4816 1.6
      vertex 8.65238 10.6407 1.6
    endloop
  endfacet
  facet normal -0.896871 0.442292 0
    outer loop
      vertex 5.05933 9.15238 1.6
      vertex 5.21843 9.475 3.4
      vertex 5.21843 9.475 1.6
    endloop
  endfacet
  facet normal -0.896871 0.442292 0
    outer loop
      vertex 5.21843 9.475 3.4
      vertex 5.05933 9.15238 1.6
      vertex 5.05933 9.15238 3.4
    endloop
  endfacet
  facet normal -0.980789 0.195074 0
    outer loop
      vertex 4.87353 8.45895 1.6
      vertex 4.9437 8.81175 3.4
      vertex 4.9437 8.81175 1.6
    endloop
  endfacet
  facet normal -0.980789 0.195074 0
    outer loop
      vertex 4.9437 8.81175 3.4
      vertex 4.87353 8.45895 1.6
      vertex 4.87353 8.45895 3.4
    endloop
  endfacet
  facet normal -0.321369 0.946954 0
    outer loop
      vertex 6.88825 10.7563 1.6
      vertex 6.54762 10.6407 3.4
      vertex 6.88825 10.7563 3.4
    endloop
  endfacet
  facet normal -0.321369 0.946954 0
    outer loop
      vertex 6.54762 10.6407 3.4
      vertex 6.88825 10.7563 1.6
      vertex 6.54762 10.6407 1.6
    endloop
  endfacet
  facet normal 0.321444 -0.946929 0
    outer loop
      vertex 8.31175 5.4437 1.6
      vertex 8.65238 5.55933 3.4
      vertex 8.31175 5.4437 3.4
    endloop
  endfacet
  facet normal 0.321444 -0.946929 0
    outer loop
      vertex 8.65238 5.55933 3.4
      vertex 8.31175 5.4437 1.6
      vertex 8.65238 5.55933 1.6
    endloop
  endfacet
  facet normal 0.0654119 -0.997858 0
    outer loop
      vertex 7.6 5.35 1.6
      vertex 7.95895 5.37353 3.4
      vertex 7.6 5.35 3.4
    endloop
  endfacet
  facet normal 0.0654119 -0.997858 0
    outer loop
      vertex 7.95895 5.37353 3.4
      vertex 7.6 5.35 1.6
      vertex 7.95895 5.37353 1.6
    endloop
  endfacet
  facet normal 0.195074 -0.980789 0
    outer loop
      vertex 7.95895 5.37353 1.6
      vertex 8.31175 5.4437 3.4
      vertex 7.95895 5.37353 3.4
    endloop
  endfacet
  facet normal 0.195074 -0.980789 0
    outer loop
      vertex 8.31175 5.4437 3.4
      vertex 7.95895 5.37353 1.6
      vertex 8.31175 5.4437 1.6
    endloop
  endfacet
  facet normal 0.442292 -0.896871 0
    outer loop
      vertex 8.65238 5.55933 1.6
      vertex 8.975 5.71843 3.4
      vertex 8.65238 5.55933 3.4
    endloop
  endfacet
  facet normal 0.442292 -0.896871 0
    outer loop
      vertex 8.975 5.71843 3.4
      vertex 8.65238 5.55933 1.6
      vertex 8.975 5.71843 1.6
    endloop
  endfacet
  facet normal 0.659349 -0.751837 0
    outer loop
      vertex 9.27409 5.91828 1.6
      vertex 9.54454 6.15546 3.4
      vertex 9.27409 5.91828 3.4
    endloop
  endfacet
  facet normal 0.659349 -0.751837 0
    outer loop
      vertex 9.54454 6.15546 3.4
      vertex 9.27409 5.91828 1.6
      vertex 9.54454 6.15546 1.6
    endloop
  endfacet
  facet normal 0.997864 -0.0653289 0
    outer loop
      vertex 10.3265 7.74105 3.4
      vertex 10.35 8.1 1.6
      vertex 10.35 8.1 3.4
    endloop
  endfacet
  facet normal 0.997864 -0.0653289 0
    outer loop
      vertex 10.35 8.1 1.6
      vertex 10.3265 7.74105 3.4
      vertex 10.3265 7.74105 1.6
    endloop
  endfacet
  facet normal 0.946954 -0.321369 0
    outer loop
      vertex 10.1407 7.04762 3.4
      vertex 10.2563 7.38825 1.6
      vertex 10.2563 7.38825 3.4
    endloop
  endfacet
  facet normal 0.946954 -0.321369 0
    outer loop
      vertex 10.2563 7.38825 1.6
      vertex 10.1407 7.04762 3.4
      vertex 10.1407 7.04762 1.6
    endloop
  endfacet
  facet normal 0.980773 -0.195154 0
    outer loop
      vertex 10.2563 7.38825 3.4
      vertex 10.3265 7.74105 1.6
      vertex 10.3265 7.74105 3.4
    endloop
  endfacet
  facet normal 0.980773 -0.195154 0
    outer loop
      vertex 10.3265 7.74105 1.6
      vertex 10.2563 7.38825 3.4
      vertex 10.2563 7.38825 1.6
    endloop
  endfacet
  facet normal -0.195074 -0.980789 0
    outer loop
      vertex 6.88825 5.4437 1.6
      vertex 7.24105 5.37353 3.4
      vertex 6.88825 5.4437 3.4
    endloop
  endfacet
  facet normal -0.195074 -0.980789 -0
    outer loop
      vertex 7.24105 5.37353 3.4
      vertex 6.88825 5.4437 1.6
      vertex 7.24105 5.37353 1.6
    endloop
  endfacet
  facet normal -0.442292 -0.896871 0
    outer loop
      vertex 6.225 5.71843 1.6
      vertex 6.54762 5.55933 3.4
      vertex 6.225 5.71843 3.4
    endloop
  endfacet
  facet normal -0.442292 -0.896871 -0
    outer loop
      vertex 6.54762 5.55933 3.4
      vertex 6.225 5.71843 1.6
      vertex 6.54762 5.55933 1.6
    endloop
  endfacet
  facet normal -0.0654119 -0.997858 0
    outer loop
      vertex 7.24105 5.37353 1.6
      vertex 7.6 5.35 3.4
      vertex 7.24105 5.37353 3.4
    endloop
  endfacet
  facet normal -0.0654119 -0.997858 -0
    outer loop
      vertex 7.6 5.35 3.4
      vertex 7.24105 5.37353 1.6
      vertex 7.6 5.35 1.6
    endloop
  endfacet
  facet normal -0.896871 -0.442292 0
    outer loop
      vertex 5.21843 6.725 1.6
      vertex 5.05933 7.04762 3.4
      vertex 5.05933 7.04762 1.6
    endloop
  endfacet
  facet normal -0.896871 -0.442292 0
    outer loop
      vertex 5.05933 7.04762 3.4
      vertex 5.21843 6.725 1.6
      vertex 5.21843 6.725 3.4
    endloop
  endfacet
  facet normal -0.946929 -0.321444 0
    outer loop
      vertex 5.05933 7.04762 1.6
      vertex 4.9437 7.38825 3.4
      vertex 4.9437 7.38825 1.6
    endloop
  endfacet
  facet normal -0.946929 -0.321444 0
    outer loop
      vertex 4.9437 7.38825 3.4
      vertex 5.05933 7.04762 1.6
      vertex 5.05933 7.04762 3.4
    endloop
  endfacet
  facet normal -0.997858 -0.0654119 0
    outer loop
      vertex 4.87353 7.74105 1.6
      vertex 4.85 8.1 3.4
      vertex 4.85 8.1 1.6
    endloop
  endfacet
  facet normal -0.997858 -0.0654119 0
    outer loop
      vertex 4.85 8.1 3.4
      vertex 4.87353 7.74105 1.6
      vertex 4.87353 7.74105 3.4
    endloop
  endfacet
  facet normal 0.980773 0.195154 0
    outer loop
      vertex 10.3265 8.45895 3.4
      vertex 10.2563 8.81175 1.6
      vertex 10.2563 8.81175 3.4
    endloop
  endfacet
  facet normal 0.980773 0.195154 0
    outer loop
      vertex 10.2563 8.81175 1.6
      vertex 10.3265 8.45895 3.4
      vertex 10.3265 8.45895 1.6
    endloop
  endfacet
  facet normal 0 0 1
    outer loop
      vertex 10.3265 8.45895 3.4
      vertex 10.3265 7.74105 3.4
      vertex 10.35 8.1 3.4
    endloop
  endfacet
  facet normal 0 0 1
    outer loop
      vertex 10.2563 8.81175 3.4
      vertex 10.3265 7.74105 3.4
      vertex 10.3265 8.45895 3.4
    endloop
  endfacet
  facet normal 0 0 1
    outer loop
      vertex 10.2563 8.81175 3.4
      vertex 10.2563 7.38825 3.4
      vertex 10.3265 7.74105 3.4
    endloop
  endfacet
  facet normal 0 0 1
    outer loop
      vertex 10.1407 9.15238 3.4
      vertex 10.2563 7.38825 3.4
      vertex 10.2563 8.81175 3.4
    endloop
  endfacet
  facet normal 0 0 1
    outer loop
      vertex 10.1407 9.15238 3.4
      vertex 10.1407 7.04762 3.4
      vertex 10.2563 7.38825 3.4
    endloop
  endfacet
  facet normal 0 0 1
    outer loop
      vertex 9.98157 9.475 3.4
      vertex 10.1407 7.04762 3.4
      vertex 10.1407 9.15238 3.4
    endloop
  endfacet
  facet normal 0 0 1
    outer loop
      vertex 9.98157 9.475 3.4
      vertex 9.98157 6.725 3.4
      vertex 10.1407 7.04762 3.4
    endloop
  endfacet
  facet normal 0 0 1
    outer loop
      vertex 9.78172 9.77409 3.4
      vertex 9.98157 6.725 3.4
      vertex 9.98157 9.475 3.4
    endloop
  endfacet
  facet normal 0 0 1
    outer loop
      vertex 9.78172 9.77409 3.4
      vertex 9.78172 6.42591 3.4
      vertex 9.98157 6.725 3.4
    endloop
  endfacet
  facet normal 0 0 1
    outer loop
      vertex 9.54454 10.0445 3.4
      vertex 9.78172 6.42591 3.4
      vertex 9.78172 9.77409 3.4
    endloop
  endfacet
  facet normal 0 0 1
    outer loop
      vertex 9.54454 10.0445 3.4
      vertex 9.54454 6.15546 3.4
      vertex 9.78172 6.42591 3.4
    endloop
  endfacet
  facet normal 0 0 1
    outer loop
      vertex 9.27409 10.2817 3.4
      vertex 9.54454 6.15546 3.4
      vertex 9.54454 10.0445 3.4
    endloop
  endfacet
  facet normal 0 0 1
    outer loop
      vertex 9.27409 10.2817 3.4
      vertex 9.27409 5.91828 3.4
      vertex 9.54454 6.15546 3.4
    endloop
  endfacet
  facet normal 0 0 1
    outer loop
      vertex 8.975 10.4816 3.4
      vertex 9.27409 5.91828 3.4
      vertex 9.27409 10.2817 3.4
    endloop
  endfacet
  facet normal 0 0 1
    outer loop
      vertex 8.975 10.4816 3.4
      vertex 8.975 5.71843 3.4
      vertex 9.27409 5.91828 3.4
    endloop
  endfacet
  facet normal 0 0 1
    outer loop
      vertex 8.65238 10.6407 3.4
      vertex 8.975 5.71843 3.4
      vertex 8.975 10.4816 3.4
    endloop
  endfacet
  facet normal 0 0 1
    outer loop
      vertex 8.65238 10.6407 3.4
      vertex 8.65238 5.55933 3.4
      vertex 8.975 5.71843 3.4
    endloop
  endfacet
  facet normal 0 0 1
    outer loop
      vertex 8.31175 10.7563 3.4
      vertex 8.65238 5.55933 3.4
      vertex 8.65238 10.6407 3.4
    endloop
  endfacet
  facet normal 0 0 1
    outer loop
      vertex 8.31175 10.7563 3.4
      vertex 8.31175 5.4437 3.4
      vertex 8.65238 5.55933 3.4
    endloop
  endfacet
  facet normal 0 0 1
    outer loop
      vertex 7.95895 10.8265 3.4
      vertex 8.31175 5.4437 3.4
      vertex 8.31175 10.7563 3.4
    endloop
  endfacet
  facet normal 0 0 1
    outer loop
      vertex 7.95895 10.8265 3.4
      vertex 7.95895 5.37353 3.4
      vertex 8.31175 5.4437 3.4
    endloop
  endfacet
  facet normal 0 0 1
    outer loop
      vertex 7.6 10.85 3.4
      vertex 7.95895 5.37353 3.4
      vertex 7.95895 10.8265 3.4
    endloop
  endfacet
  facet normal 0 0 1
    outer loop
      vertex 7.6 10.85 3.4
      vertex 7.6 5.35 3.4
      vertex 7.95895 5.37353 3.4
    endloop
  endfacet
  facet normal -0 0 1
    outer loop
      vertex 7.24105 10.8265 3.4
      vertex 7.6 5.35 3.4
      vertex 7.6 10.85 3.4
    endloop
  endfacet
  facet normal 0 0 1
    outer loop
      vertex 7.24105 10.8265 3.4
      vertex 7.24105 5.37353 3.4
      vertex 7.6 5.35 3.4
    endloop
  endfacet
  facet normal -0 0 1
    outer loop
      vertex 6.88825 10.7563 3.4
      vertex 7.24105 5.37353 3.4
      vertex 7.24105 10.8265 3.4
    endloop
  endfacet
  facet normal 0 0 1
    outer loop
      vertex 6.88825 10.7563 3.4
      vertex 6.88825 5.4437 3.4
      vertex 7.24105 5.37353 3.4
    endloop
  endfacet
  facet normal -0 0 1
    outer loop
      vertex 6.54762 10.6407 3.4
      vertex 6.88825 5.4437 3.4
      vertex 6.88825 10.7563 3.4
    endloop
  endfacet
  facet normal 0 0 1
    outer loop
      vertex 6.54762 10.6407 3.4
      vertex 6.54762 5.55933 3.4
      vertex 6.88825 5.4437 3.4
    endloop
  endfacet
  facet normal -0 0 1
    outer loop
      vertex 6.225 10.4816 3.4
      vertex 6.54762 5.55933 3.4
      vertex 6.54762 10.6407 3.4
    endloop
  endfacet
  facet normal 0 0 1
    outer loop
      vertex 6.225 10.4816 3.4
      vertex 6.225 5.71843 3.4
      vertex 6.54762 5.55933 3.4
    endloop
  endfacet
  facet normal -0 0 1
    outer loop
      vertex 5.92591 10.2817 3.4
      vertex 6.225 5.71843 3.4
      vertex 6.225 10.4816 3.4
    endloop
  endfacet
  facet normal 0 0 1
    outer loop
      vertex 5.92591 10.2817 3.4
      vertex 5.92591 5.91828 3.4
      vertex 6.225 5.71843 3.4
    endloop
  endfacet
  facet normal -0 0 1
    outer loop
      vertex 5.65546 10.0445 3.4
      vertex 5.92591 5.91828 3.4
      vertex 5.92591 10.2817 3.4
    endloop
  endfacet
  facet normal 0 0 1
    outer loop
      vertex 5.65546 10.0445 3.4
      vertex 5.65546 6.15546 3.4
      vertex 5.92591 5.91828 3.4
    endloop
  endfacet
  facet normal -0 0 1
    outer loop
      vertex 5.41828 9.77409 3.4
      vertex 5.65546 6.15546 3.4
      vertex 5.65546 10.0445 3.4
    endloop
  endfacet
  facet normal 0 0 1
    outer loop
      vertex 5.41828 9.77409 3.4
      vertex 5.41828 6.42591 3.4
      vertex 5.65546 6.15546 3.4
    endloop
  endfacet
  facet normal -0 0 1
    outer loop
      vertex 5.21843 9.475 3.4
      vertex 5.41828 6.42591 3.4
      vertex 5.41828 9.77409 3.4
    endloop
  endfacet
  facet normal 0 0 1
    outer loop
      vertex 5.21843 9.475 3.4
      vertex 5.21843 6.725 3.4
      vertex 5.41828 6.42591 3.4
    endloop
  endfacet
  facet normal -0 0 1
    outer loop
      vertex 5.05933 9.15238 3.4
      vertex 5.21843 6.725 3.4
      vertex 5.21843 9.475 3.4
    endloop
  endfacet
  facet normal 0 0 1
    outer loop
      vertex 5.05933 9.15238 3.4
      vertex 5.05933 7.04762 3.4
      vertex 5.21843 6.725 3.4
    endloop
  endfacet
  facet normal -0 0 1
    outer loop
      vertex 4.9437 8.81175 3.4
      vertex 5.05933 7.04762 3.4
      vertex 5.05933 9.15238 3.4
    endloop
  endfacet
  facet normal 0 0 1
    outer loop
      vertex 4.9437 8.81175 3.4
      vertex 4.9437 7.38825 3.4
      vertex 5.05933 7.04762 3.4
    endloop
  endfacet
  facet normal -0 0 1
    outer loop
      vertex 4.87353 8.45895 3.4
      vertex 4.9437 7.38825 3.4
      vertex 4.9437 8.81175 3.4
    endloop
  endfacet
  facet normal 0 0 1
    outer loop
      vertex 4.87353 8.45895 3.4
      vertex 4.87353 7.74105 3.4
      vertex 4.9437 7.38825 3.4
    endloop
  endfacet
  facet normal 0 -0 1
    outer loop
      vertex 4.87353 7.74105 3.4
      vertex 4.87353 8.45895 3.4
      vertex 4.85 8.1 3.4
    endloop
  endfacet
  facet normal 0.555579 -0.831464 0
    outer loop
      vertex 8.975 5.71843 1.6
      vertex 9.27409 5.91828 3.4
      vertex 8.975 5.71843 3.4
    endloop
  endfacet
  facet normal 0.555579 -0.831464 0
    outer loop
      vertex 9.27409 5.91828 3.4
      vertex 8.975 5.71843 1.6
      vertex 9.27409 5.91828 1.6
    endloop
  endfacet
  facet normal 0.896838 -0.442359 0
    outer loop
      vertex 9.98157 6.725 3.4
      vertex 10.1407 7.04762 1.6
      vertex 10.1407 7.04762 3.4
    endloop
  endfacet
  facet normal 0.896838 -0.442359 0
    outer loop
      vertex 10.1407 7.04762 1.6
      vertex 9.98157 6.725 3.4
      vertex 9.98157 6.725 1.6
    endloop
  endfacet
  facet normal -0.831464 -0.555579 0
    outer loop
      vertex 5.41828 6.42591 1.6
      vertex 5.21843 6.725 3.4
      vertex 5.21843 6.725 1.6
    endloop
  endfacet
  facet normal -0.831464 -0.555579 0
    outer loop
      vertex 5.21843 6.725 3.4
      vertex 5.41828 6.42591 1.6
      vertex 5.41828 6.42591 3.4
    endloop
  endfacet
  facet normal 0.555662 0.831408 -0
    outer loop
      vertex 67.2741 10.2817 1.6
      vertex 66.975 10.4816 3.4
      vertex 67.2741 10.2817 3.4
    endloop
  endfacet
  facet normal 0.555662 0.831408 0
    outer loop
      vertex 66.975 10.4816 3.4
      vertex 67.2741 10.2817 1.6
      vertex 66.975 10.4816 1.6
    endloop
  endfacet
  facet normal -0.321469 -0.94692 0
    outer loop
      vertex 64.5476 5.55933 1.6
      vertex 64.8882 5.4437 3.4
      vertex 64.5476 5.55933 3.4
    endloop
  endfacet
  facet normal -0.321469 -0.94692 -0
    outer loop
      vertex 64.8882 5.4437 3.4
      vertex 64.5476 5.55933 1.6
      vertex 64.8882 5.4437 1.6
    endloop
  endfacet
  facet normal -0.442314 0.89686 0
    outer loop
      vertex 64.5476 10.6407 1.6
      vertex 64.225 10.4816 3.4
      vertex 64.5476 10.6407 3.4
    endloop
  endfacet
  facet normal -0.442314 0.89686 0
    outer loop
      vertex 64.225 10.4816 3.4
      vertex 64.5476 10.6407 1.6
      vertex 64.225 10.4816 1.6
    endloop
  endfacet
  facet normal -0.896871 0.442292 0
    outer loop
      vertex 63.0593 9.15238 1.6
      vertex 63.2184 9.475 3.4
      vertex 63.2184 9.475 1.6
    endloop
  endfacet
  facet normal -0.896871 0.442292 0
    outer loop
      vertex 63.2184 9.475 3.4
      vertex 63.0593 9.15238 1.6
      vertex 63.0593 9.15238 3.4
    endloop
  endfacet
  facet normal 0.896871 0.442292 0
    outer loop
      vertex 68.1407 9.15238 3.4
      vertex 67.9816 9.475 1.6
      vertex 67.9816 9.475 3.4
    endloop
  endfacet
  facet normal 0.896871 0.442292 0
    outer loop
      vertex 67.9816 9.475 1.6
      vertex 68.1407 9.15238 3.4
      vertex 68.1407 9.15238 1.6
    endloop
  endfacet
  facet normal 0.8314 0.555675 0
    outer loop
      vertex 67.9816 9.475 3.4
      vertex 67.7817 9.77409 1.6
      vertex 67.7817 9.77409 3.4
    endloop
  endfacet
  facet normal 0.8314 0.555675 0
    outer loop
      vertex 67.7817 9.77409 1.6
      vertex 67.9816 9.475 3.4
      vertex 67.9816 9.475 1.6
    endloop
  endfacet
  facet normal 0.659449 0.751749 -0
    outer loop
      vertex 67.5445 10.0445 1.6
      vertex 67.2741 10.2817 3.4
      vertex 67.5445 10.0445 3.4
    endloop
  endfacet
  facet normal 0.659449 0.751749 0
    outer loop
      vertex 67.2741 10.2817 3.4
      vertex 67.5445 10.0445 1.6
      vertex 67.2741 10.2817 1.6
    endloop
  endfacet
  facet normal 0.321394 0.946945 -0
    outer loop
      vertex 66.6524 10.6407 1.6
      vertex 66.3118 10.7563 3.4
      vertex 66.6524 10.6407 3.4
    endloop
  endfacet
  facet normal 0.321394 0.946945 0
    outer loop
      vertex 66.3118 10.7563 3.4
      vertex 66.6524 10.6407 1.6
      vertex 66.3118 10.7563 1.6
    endloop
  endfacet
  facet normal 0.0653379 0.997863 -0
    outer loop
      vertex 65.9589 10.8265 1.6
      vertex 65.6 10.85 3.4
      vertex 65.9589 10.8265 3.4
    endloop
  endfacet
  facet normal 0.0653379 0.997863 0
    outer loop
      vertex 65.6 10.85 3.4
      vertex 65.9589 10.8265 1.6
      vertex 65.6 10.85 1.6
    endloop
  endfacet
  facet normal -0.980773 0.195154 0
    outer loop
      vertex 62.8735 8.45895 1.6
      vertex 62.9437 8.81175 3.4
      vertex 62.9437 8.81175 1.6
    endloop
  endfacet
  facet normal -0.980773 0.195154 0
    outer loop
      vertex 62.9437 8.81175 3.4
      vertex 62.8735 8.45895 1.6
      vertex 62.8735 8.45895 3.4
    endloop
  endfacet
  facet normal -0.751762 0.659435 0
    outer loop
      vertex 63.4183 9.77409 1.6
      vertex 63.6555 10.0445 3.4
      vertex 63.6555 10.0445 1.6
    endloop
  endfacet
  facet normal -0.751762 0.659435 0
    outer loop
      vertex 63.6555 10.0445 3.4
      vertex 63.4183 9.77409 1.6
      vertex 63.4183 9.77409 3.4
    endloop
  endfacet
  facet normal -0.555662 0.831408 0
    outer loop
      vertex 64.225 10.4816 1.6
      vertex 63.9259 10.2817 3.4
      vertex 64.225 10.4816 3.4
    endloop
  endfacet
  facet normal -0.555662 0.831408 0
    outer loop
      vertex 63.9259 10.2817 3.4
      vertex 64.225 10.4816 1.6
      vertex 63.9259 10.2817 1.6
    endloop
  endfacet
  facet normal -0.321394 0.946945 0
    outer loop
      vertex 64.8882 10.7563 1.6
      vertex 64.5476 10.6407 3.4
      vertex 64.8882 10.7563 3.4
    endloop
  endfacet
  facet normal -0.321394 0.946945 0
    outer loop
      vertex 64.5476 10.6407 3.4
      vertex 64.8882 10.7563 1.6
      vertex 64.5476 10.6407 1.6
    endloop
  endfacet
  facet normal -0.659449 0.751749 0
    outer loop
      vertex 63.9259 10.2817 1.6
      vertex 63.6555 10.0445 3.4
      vertex 63.9259 10.2817 3.4
    endloop
  endfacet
  facet normal -0.659449 0.751749 0
    outer loop
      vertex 63.6555 10.0445 3.4
      vertex 63.9259 10.2817 1.6
      vertex 63.6555 10.0445 1.6
    endloop
  endfacet
  facet normal 0.997864 -0.0653289 0
    outer loop
      vertex 68.3265 7.74105 3.4
      vertex 68.35 8.1 1.6
      vertex 68.35 8.1 3.4
    endloop
  endfacet
  facet normal 0.997864 -0.0653289 0
    outer loop
      vertex 68.35 8.1 1.6
      vertex 68.3265 7.74105 3.4
      vertex 68.3265 7.74105 1.6
    endloop
  endfacet
  facet normal 0.321469 -0.94692 0
    outer loop
      vertex 66.3118 5.4437 1.6
      vertex 66.6524 5.55933 3.4
      vertex 66.3118 5.4437 3.4
    endloop
  endfacet
  facet normal 0.321469 -0.94692 0
    outer loop
      vertex 66.6524 5.55933 3.4
      vertex 66.3118 5.4437 1.6
      vertex 66.6524 5.55933 1.6
    endloop
  endfacet
  facet normal 0.75181 -0.65938 0
    outer loop
      vertex 67.5445 6.15546 3.4
      vertex 67.7817 6.42591 1.6
      vertex 67.7817 6.42591 3.4
    endloop
  endfacet
  facet normal 0.75181 -0.65938 0
    outer loop
      vertex 67.7817 6.42591 1.6
      vertex 67.5445 6.15546 3.4
      vertex 67.5445 6.15546 1.6
    endloop
  endfacet
  facet normal -0.19502 -0.980799 0
    outer loop
      vertex 64.8882 5.4437 1.6
      vertex 65.2411 5.37353 3.4
      vertex 64.8882 5.4437 3.4
    endloop
  endfacet
  facet normal -0.19502 -0.980799 -0
    outer loop
      vertex 65.2411 5.37353 3.4
      vertex 64.8882 5.4437 1.6
      vertex 65.2411 5.37353 1.6
    endloop
  endfacet
  facet normal -0.659417 -0.751777 0
    outer loop
      vertex 63.6555 6.15546 1.6
      vertex 63.9259 5.91828 3.4
      vertex 63.6555 6.15546 3.4
    endloop
  endfacet
  facet normal -0.659417 -0.751777 -0
    outer loop
      vertex 63.9259 5.91828 3.4
      vertex 63.6555 6.15546 1.6
      vertex 63.9259 5.91828 1.6
    endloop
  endfacet
  facet normal -0.75181 -0.65938 0
    outer loop
      vertex 63.6555 6.15546 1.6
      vertex 63.4183 6.42591 3.4
      vertex 63.4183 6.42591 1.6
    endloop
  endfacet
  facet normal -0.75181 -0.65938 0
    outer loop
      vertex 63.4183 6.42591 3.4
      vertex 63.6555 6.15546 1.6
      vertex 63.6555 6.15546 3.4
    endloop
  endfacet
  facet normal 0.980773 0.195154 0
    outer loop
      vertex 68.3265 8.45895 3.4
      vertex 68.2563 8.81175 1.6
      vertex 68.2563 8.81175 3.4
    endloop
  endfacet
  facet normal 0.980773 0.195154 0
    outer loop
      vertex 68.2563 8.81175 1.6
      vertex 68.3265 8.45895 3.4
      vertex 68.3265 8.45895 1.6
    endloop
  endfacet
  facet normal 0.946954 0.321369 0
    outer loop
      vertex 68.2563 8.81175 3.4
      vertex 68.1407 9.15238 1.6
      vertex 68.1407 9.15238 3.4
    endloop
  endfacet
  facet normal 0.946954 0.321369 0
    outer loop
      vertex 68.1407 9.15238 1.6
      vertex 68.2563 8.81175 3.4
      vertex 68.2563 8.81175 1.6
    endloop
  endfacet
  facet normal 0.751762 0.659435 0
    outer loop
      vertex 67.7817 9.77409 3.4
      vertex 67.5445 10.0445 1.6
      vertex 67.5445 10.0445 3.4
    endloop
  endfacet
  facet normal 0.751762 0.659435 0
    outer loop
      vertex 67.5445 10.0445 1.6
      vertex 67.7817 9.77409 3.4
      vertex 67.7817 9.77409 1.6
    endloop
  endfacet
  facet normal -0.0653379 0.997863 0
    outer loop
      vertex 65.6 10.85 1.6
      vertex 65.2411 10.8265 3.4
      vertex 65.6 10.85 3.4
    endloop
  endfacet
  facet normal -0.0653379 0.997863 0
    outer loop
      vertex 65.2411 10.8265 3.4
      vertex 65.6 10.85 1.6
      vertex 65.2411 10.8265 1.6
    endloop
  endfacet
  facet normal 0.442314 0.89686 -0
    outer loop
      vertex 66.975 10.4816 1.6
      vertex 66.6524 10.6407 3.4
      vertex 66.975 10.4816 3.4
    endloop
  endfacet
  facet normal 0.442314 0.89686 0
    outer loop
      vertex 66.6524 10.6407 3.4
      vertex 66.975 10.4816 1.6
      vertex 66.6524 10.6407 1.6
    endloop
  endfacet
  facet normal 0.195101 0.980783 -0
    outer loop
      vertex 66.3118 10.7563 1.6
      vertex 65.9589 10.8265 3.4
      vertex 66.3118 10.7563 3.4
    endloop
  endfacet
  facet normal 0.195101 0.980783 0
    outer loop
      vertex 65.9589 10.8265 3.4
      vertex 66.3118 10.7563 1.6
      vertex 65.9589 10.8265 1.6
    endloop
  endfacet
  facet normal -0.997864 0.0653289 0
    outer loop
      vertex 62.85 8.1 1.6
      vertex 62.8735 8.45895 3.4
      vertex 62.8735 8.45895 1.6
    endloop
  endfacet
  facet normal -0.997864 0.0653289 0
    outer loop
      vertex 62.8735 8.45895 3.4
      vertex 62.85 8.1 1.6
      vertex 62.85 8.1 3.4
    endloop
  endfacet
  facet normal 0 0 1
    outer loop
      vertex 66.825 8.1 3.4
      vertex 68.35 8.1 3.4
      vertex 68.3265 8.45895 3.4
    endloop
  endfacet
  facet normal 0 0 1
    outer loop
      vertex 66.8145 8.25989 3.4
      vertex 68.3265 8.45895 3.4
      vertex 68.2563 8.81175 3.4
    endloop
  endfacet
  facet normal 0 0 1
    outer loop
      vertex 68.35 8.1 3.4
      vertex 66.825 8.1 3.4
      vertex 68.3265 7.74105 3.4
    endloop
  endfacet
  facet normal 0 0 1
    outer loop
      vertex 66.7833 8.41705 3.4
      vertex 68.2563 8.81175 3.4
      vertex 68.1407 9.15238 3.4
    endloop
  endfacet
  facet normal -0 0 1
    outer loop
      vertex 66.8145 7.9401 3.4
      vertex 68.3265 7.74105 3.4
      vertex 66.825 8.1 3.4
    endloop
  endfacet
  facet normal 0 0 1
    outer loop
      vertex 66.7318 8.56879 3.4
      vertex 68.1407 9.15238 3.4
      vertex 67.9816 9.475 3.4
    endloop
  endfacet
  facet normal 0 0 1
    outer loop
      vertex 68.3265 7.74105 3.4
      vertex 66.8145 7.9401 3.4
      vertex 68.2563 7.38825 3.4
    endloop
  endfacet
  facet normal 0 0 1
    outer loop
      vertex 66.6609 8.7125 3.4
      vertex 67.9816 9.475 3.4
      vertex 67.7817 9.77409 3.4
    endloop
  endfacet
  facet normal -0 0 1
    outer loop
      vertex 66.7833 7.78295 3.4
      vertex 68.2563 7.38825 3.4
      vertex 66.8145 7.9401 3.4
    endloop
  endfacet
  facet normal 0 0 1
    outer loop
      vertex 66.5719 8.84573 3.4
      vertex 67.7817 9.77409 3.4
      vertex 67.5445 10.0445 3.4
    endloop
  endfacet
  facet normal 0 0 1
    outer loop
      vertex 68.2563 7.38825 3.4
      vertex 66.7833 7.78295 3.4
      vertex 68.1407 7.04762 3.4
    endloop
  endfacet
  facet normal 0 0 1
    outer loop
      vertex 66.4662 8.96621 3.4
      vertex 67.5445 10.0445 3.4
      vertex 67.2741 10.2817 3.4
    endloop
  endfacet
  facet normal -0 0 1
    outer loop
      vertex 66.7318 7.63121 3.4
      vertex 68.1407 7.04762 3.4
      vertex 66.7833 7.78295 3.4
    endloop
  endfacet
  facet normal 0 0 1
    outer loop
      vertex 66.3457 9.07186 3.4
      vertex 67.2741 10.2817 3.4
      vertex 66.975 10.4816 3.4
    endloop
  endfacet
  facet normal 0 0 1
    outer loop
      vertex 68.1407 7.04762 3.4
      vertex 66.7318 7.63121 3.4
      vertex 67.9816 6.725 3.4
    endloop
  endfacet
  facet normal -0 0 1
    outer loop
      vertex 66.6609 7.4875 3.4
      vertex 67.9816 6.725 3.4
      vertex 66.7318 7.63121 3.4
    endloop
  endfacet
  facet normal 0 0 1
    outer loop
      vertex 68.3265 8.45895 3.4
      vertex 66.8145 8.25989 3.4
      vertex 66.825 8.1 3.4
    endloop
  endfacet
  facet normal 0 0 1
    outer loop
      vertex 68.2563 8.81175 3.4
      vertex 66.7833 8.41705 3.4
      vertex 66.8145 8.25989 3.4
    endloop
  endfacet
  facet normal 0 0 1
    outer loop
      vertex 68.1407 9.15238 3.4
      vertex 66.7318 8.56879 3.4
      vertex 66.7833 8.41705 3.4
    endloop
  endfacet
  facet normal 0 0 1
    outer loop
      vertex 67.9816 9.475 3.4
      vertex 66.6609 8.7125 3.4
      vertex 66.7318 8.56879 3.4
    endloop
  endfacet
  facet normal 0 0 1
    outer loop
      vertex 66.2125 9.16088 3.4
      vertex 66.975 10.4816 3.4
      vertex 66.6524 10.6407 3.4
    endloop
  endfacet
  facet normal 0 0 1
    outer loop
      vertex 67.7817 9.77409 3.4
      vertex 66.5719 8.84573 3.4
      vertex 66.6609 8.7125 3.4
    endloop
  endfacet
  facet normal 0 0 1
    outer loop
      vertex 67.5445 10.0445 3.4
      vertex 66.4662 8.96621 3.4
      vertex 66.5719 8.84573 3.4
    endloop
  endfacet
  facet normal 0 0 1
    outer loop
      vertex 67.2741 10.2817 3.4
      vertex 66.3457 9.07186 3.4
      vertex 66.4662 8.96621 3.4
    endloop
  endfacet
  facet normal 0 0 1
    outer loop
      vertex 66.0688 9.23175 3.4
      vertex 66.6524 10.6407 3.4
      vertex 66.3118 10.7563 3.4
    endloop
  endfacet
  facet normal 0 0 1
    outer loop
      vertex 66.975 10.4816 3.4
      vertex 66.2125 9.16088 3.4
      vertex 66.3457 9.07186 3.4
    endloop
  endfacet
  facet normal 0 0 1
    outer loop
      vertex 66.6524 10.6407 3.4
      vertex 66.0688 9.23175 3.4
      vertex 66.2125 9.16088 3.4
    endloop
  endfacet
  facet normal 0 0 1
    outer loop
      vertex 65.9171 9.28326 3.4
      vertex 66.3118 10.7563 3.4
      vertex 65.9589 10.8265 3.4
    endloop
  endfacet
  facet normal 0 0 1
    outer loop
      vertex 66.3118 10.7563 3.4
      vertex 65.9171 9.28326 3.4
      vertex 66.0688 9.23175 3.4
    endloop
  endfacet
  facet normal 0 0 1
    outer loop
      vertex 65.9589 10.8265 3.4
      vertex 65.7599 9.31452 3.4
      vertex 65.9171 9.28326 3.4
    endloop
  endfacet
  facet normal 0 0 1
    outer loop
      vertex 65.6 10.85 3.4
      vertex 65.7599 9.31452 3.4
      vertex 65.9589 10.8265 3.4
    endloop
  endfacet
  facet normal 0 0 1
    outer loop
      vertex 65.6 10.85 3.4
      vertex 65.6 9.325 3.4
      vertex 65.7599 9.31452 3.4
    endloop
  endfacet
  facet normal 0 0 1
    outer loop
      vertex 65.6 10.85 3.4
      vertex 65.4401 9.31452 3.4
      vertex 65.6 9.325 3.4
    endloop
  endfacet
  facet normal -0 0 1
    outer loop
      vertex 65.2411 10.8265 3.4
      vertex 65.4401 9.31452 3.4
      vertex 65.6 10.85 3.4
    endloop
  endfacet
  facet normal 0 0 1
    outer loop
      vertex 65.4401 9.31452 3.4
      vertex 65.2411 10.8265 3.4
      vertex 65.2829 9.28326 3.4
    endloop
  endfacet
  facet normal -0 0 1
    outer loop
      vertex 64.8882 10.7563 3.4
      vertex 65.2829 9.28326 3.4
      vertex 65.2411 10.8265 3.4
    endloop
  endfacet
  facet normal 0 0 1
    outer loop
      vertex 65.2829 9.28326 3.4
      vertex 64.8882 10.7563 3.4
      vertex 65.1312 9.23175 3.4
    endloop
  endfacet
  facet normal -0 0 1
    outer loop
      vertex 64.5476 10.6407 3.4
      vertex 65.1312 9.23175 3.4
      vertex 64.8882 10.7563 3.4
    endloop
  endfacet
  facet normal 0 0 1
    outer loop
      vertex 65.1312 9.23175 3.4
      vertex 64.5476 10.6407 3.4
      vertex 64.9875 9.16088 3.4
    endloop
  endfacet
  facet normal -0 0 1
    outer loop
      vertex 64.225 10.4816 3.4
      vertex 64.9875 9.16088 3.4
      vertex 64.5476 10.6407 3.4
    endloop
  endfacet
  facet normal 0 0 1
    outer loop
      vertex 64.9875 9.16088 3.4
      vertex 64.225 10.4816 3.4
      vertex 64.8543 9.07186 3.4
    endloop
  endfacet
  facet normal -0 0 1
    outer loop
      vertex 63.9259 10.2817 3.4
      vertex 64.8543 9.07186 3.4
      vertex 64.225 10.4816 3.4
    endloop
  endfacet
  facet normal 0 0 1
    outer loop
      vertex 64.8543 9.07186 3.4
      vertex 63.9259 10.2817 3.4
      vertex 64.7338 8.96621 3.4
    endloop
  endfacet
  facet normal -0 0 1
    outer loop
      vertex 63.6555 10.0445 3.4
      vertex 64.7338 8.96621 3.4
      vertex 63.9259 10.2817 3.4
    endloop
  endfacet
  facet normal 0 0 1
    outer loop
      vertex 64.7338 8.96621 3.4
      vertex 63.6555 10.0445 3.4
      vertex 64.6281 8.84573 3.4
    endloop
  endfacet
  facet normal -0 0 1
    outer loop
      vertex 63.4183 9.77409 3.4
      vertex 64.6281 8.84573 3.4
      vertex 63.6555 10.0445 3.4
    endloop
  endfacet
  facet normal -0 0 1
    outer loop
      vertex 63.2184 9.475 3.4
      vertex 64.5391 8.7125 3.4
      vertex 63.4183 9.77409 3.4
    endloop
  endfacet
  facet normal 0 0 1
    outer loop
      vertex 64.6281 8.84573 3.4
      vertex 63.4183 9.77409 3.4
      vertex 64.5391 8.7125 3.4
    endloop
  endfacet
  facet normal 0 0 1
    outer loop
      vertex 67.9816 6.725 3.4
      vertex 66.6609 7.4875 3.4
      vertex 67.7817 6.42591 3.4
    endloop
  endfacet
  facet normal -0 0 1
    outer loop
      vertex 66.5719 7.35427 3.4
      vertex 67.7817 6.42591 3.4
      vertex 66.6609 7.4875 3.4
    endloop
  endfacet
  facet normal 0 0 1
    outer loop
      vertex 67.7817 6.42591 3.4
      vertex 66.5719 7.35427 3.4
      vertex 67.5445 6.15546 3.4
    endloop
  endfacet
  facet normal -0 0 1
    outer loop
      vertex 66.4662 7.23379 3.4
      vertex 67.5445 6.15546 3.4
      vertex 66.5719 7.35427 3.4
    endloop
  endfacet
  facet normal 0 0 1
    outer loop
      vertex 67.5445 6.15546 3.4
      vertex 66.4662 7.23379 3.4
      vertex 67.2741 5.91828 3.4
    endloop
  endfacet
  facet normal -0 0 1
    outer loop
      vertex 66.3457 7.12814 3.4
      vertex 67.2741 5.91828 3.4
      vertex 66.4662 7.23379 3.4
    endloop
  endfacet
  facet normal 0 0 1
    outer loop
      vertex 67.2741 5.91828 3.4
      vertex 66.3457 7.12814 3.4
      vertex 66.975 5.71843 3.4
    endloop
  endfacet
  facet normal -0 0 1
    outer loop
      vertex 66.2125 7.03912 3.4
      vertex 66.975 5.71843 3.4
      vertex 66.3457 7.12814 3.4
    endloop
  endfacet
  facet normal 0 0 1
    outer loop
      vertex 66.975 5.71843 3.4
      vertex 66.2125 7.03912 3.4
      vertex 66.6524 5.55933 3.4
    endloop
  endfacet
  facet normal -0 0 1
    outer loop
      vertex 66.0688 6.96825 3.4
      vertex 66.6524 5.55933 3.4
      vertex 66.2125 7.03912 3.4
    endloop
  endfacet
  facet normal 0 0 1
    outer loop
      vertex 66.6524 5.55933 3.4
      vertex 66.0688 6.96825 3.4
      vertex 66.3118 5.4437 3.4
    endloop
  endfacet
  facet normal -0 0 1
    outer loop
      vertex 65.9171 6.91674 3.4
      vertex 66.3118 5.4437 3.4
      vertex 66.0688 6.96825 3.4
    endloop
  endfacet
  facet normal 0 0 1
    outer loop
      vertex 66.3118 5.4437 3.4
      vertex 65.9171 6.91674 3.4
      vertex 65.9589 5.37353 3.4
    endloop
  endfacet
  facet normal -0 0 1
    outer loop
      vertex 65.7599 6.88548 3.4
      vertex 65.9589 5.37353 3.4
      vertex 65.9171 6.91674 3.4
    endloop
  endfacet
  facet normal -0 0 1
    outer loop
      vertex 65.6 6.875 3.4
      vertex 65.9589 5.37353 3.4
      vertex 65.7599 6.88548 3.4
    endloop
  endfacet
  facet normal 0 0 1
    outer loop
      vertex 65.6 6.875 3.4
      vertex 65.6 5.35 3.4
      vertex 65.9589 5.37353 3.4
    endloop
  endfacet
  facet normal 0 0 1
    outer loop
      vertex 65.4401 6.88548 3.4
      vertex 65.6 5.35 3.4
      vertex 65.6 6.875 3.4
    endloop
  endfacet
  facet normal 0 0 1
    outer loop
      vertex 65.2411 5.37353 3.4
      vertex 65.4401 6.88548 3.4
      vertex 65.2829 6.91674 3.4
    endloop
  endfacet
  facet normal 0 0 1
    outer loop
      vertex 65.4401 6.88548 3.4
      vertex 65.2411 5.37353 3.4
      vertex 65.6 5.35 3.4
    endloop
  endfacet
  facet normal 0 0 1
    outer loop
      vertex 64.8882 5.4437 3.4
      vertex 65.2829 6.91674 3.4
      vertex 65.1312 6.96825 3.4
    endloop
  endfacet
  facet normal 0 0 1
    outer loop
      vertex 64.5476 5.55933 3.4
      vertex 65.1312 6.96825 3.4
      vertex 64.9875 7.03912 3.4
    endloop
  endfacet
  facet normal 0 0 1
    outer loop
      vertex 65.2829 6.91674 3.4
      vertex 64.8882 5.4437 3.4
      vertex 65.2411 5.37353 3.4
    endloop
  endfacet
  facet normal 0 0 1
    outer loop
      vertex 64.225 5.71843 3.4
      vertex 64.9875 7.03912 3.4
      vertex 64.8543 7.12814 3.4
    endloop
  endfacet
  facet normal 0 0 1
    outer loop
      vertex 63.9259 5.91828 3.4
      vertex 64.8543 7.12814 3.4
      vertex 64.7338 7.23379 3.4
    endloop
  endfacet
  facet normal 0 0 1
    outer loop
      vertex 63.6555 6.15546 3.4
      vertex 64.7338 7.23379 3.4
      vertex 64.6281 7.35427 3.4
    endloop
  endfacet
  facet normal 0 0 1
    outer loop
      vertex 65.1312 6.96825 3.4
      vertex 64.5476 5.55933 3.4
      vertex 64.8882 5.4437 3.4
    endloop
  endfacet
  facet normal 0 0 1
    outer loop
      vertex 63.4183 6.42591 3.4
      vertex 64.6281 7.35427 3.4
      vertex 64.5391 7.4875 3.4
    endloop
  endfacet
  facet normal 0 0 1
    outer loop
      vertex 63.2184 6.725 3.4
      vertex 64.5391 7.4875 3.4
      vertex 64.4682 7.63121 3.4
    endloop
  endfacet
  facet normal 0 0 1
    outer loop
      vertex 63.0593 7.04762 3.4
      vertex 64.4682 7.63121 3.4
      vertex 64.4167 7.78295 3.4
    endloop
  endfacet
  facet normal 0 0 1
    outer loop
      vertex 62.9437 7.38825 3.4
      vertex 64.4167 7.78295 3.4
      vertex 64.3855 7.9401 3.4
    endloop
  endfacet
  facet normal 0 0 1
    outer loop
      vertex 64.9875 7.03912 3.4
      vertex 64.225 5.71843 3.4
      vertex 64.5476 5.55933 3.4
    endloop
  endfacet
  facet normal 0 0 1
    outer loop
      vertex 62.8735 7.74105 3.4
      vertex 64.3855 7.9401 3.4
      vertex 64.375 8.1 3.4
    endloop
  endfacet
  facet normal 0 0 1
    outer loop
      vertex 64.5391 8.7125 3.4
      vertex 63.2184 9.475 3.4
      vertex 64.4682 8.56879 3.4
    endloop
  endfacet
  facet normal -0 0 1
    outer loop
      vertex 63.0593 9.15238 3.4
      vertex 64.4682 8.56879 3.4
      vertex 63.2184 9.475 3.4
    endloop
  endfacet
  facet normal 0 0 1
    outer loop
      vertex 64.8543 7.12814 3.4
      vertex 63.9259 5.91828 3.4
      vertex 64.225 5.71843 3.4
    endloop
  endfacet
  facet normal 0 0 1
    outer loop
      vertex 64.4682 8.56879 3.4
      vertex 63.0593 9.15238 3.4
      vertex 64.4167 8.41705 3.4
    endloop
  endfacet
  facet normal 0 0 1
    outer loop
      vertex 64.7338 7.23379 3.4
      vertex 63.6555 6.15546 3.4
      vertex 63.9259 5.91828 3.4
    endloop
  endfacet
  facet normal -0 0 1
    outer loop
      vertex 62.9437 8.81175 3.4
      vertex 64.4167 8.41705 3.4
      vertex 63.0593 9.15238 3.4
    endloop
  endfacet
  facet normal 0 0 1
    outer loop
      vertex 64.6281 7.35427 3.4
      vertex 63.4183 6.42591 3.4
      vertex 63.6555 6.15546 3.4
    endloop
  endfacet
  facet normal 0 0 1
    outer loop
      vertex 64.4167 8.41705 3.4
      vertex 62.9437 8.81175 3.4
      vertex 64.3855 8.25989 3.4
    endloop
  endfacet
  facet normal 0 0 1
    outer loop
      vertex 64.5391 7.4875 3.4
      vertex 63.2184 6.725 3.4
      vertex 63.4183 6.42591 3.4
    endloop
  endfacet
  facet normal -0 0 1
    outer loop
      vertex 62.8735 8.45895 3.4
      vertex 64.3855 8.25989 3.4
      vertex 62.9437 8.81175 3.4
    endloop
  endfacet
  facet normal 0 0 1
    outer loop
      vertex 64.4682 7.63121 3.4
      vertex 63.0593 7.04762 3.4
      vertex 63.2184 6.725 3.4
    endloop
  endfacet
  facet normal 0 0 1
    outer loop
      vertex 64.3855 8.25989 3.4
      vertex 62.8735 8.45895 3.4
      vertex 64.375 8.1 3.4
    endloop
  endfacet
  facet normal 0 0 1
    outer loop
      vertex 64.4167 7.78295 3.4
      vertex 62.9437 7.38825 3.4
      vertex 63.0593 7.04762 3.4
    endloop
  endfacet
  facet normal 0 0 1
    outer loop
      vertex 62.85 8.1 3.4
      vertex 64.375 8.1 3.4
      vertex 62.8735 8.45895 3.4
    endloop
  endfacet
  facet normal 0 0 1
    outer loop
      vertex 64.3855 7.9401 3.4
      vertex 62.8735 7.74105 3.4
      vertex 62.9437 7.38825 3.4
    endloop
  endfacet
  facet normal 0 0 1
    outer loop
      vertex 64.375 8.1 3.4
      vertex 62.85 8.1 3.4
      vertex 62.8735 7.74105 3.4
    endloop
  endfacet
  facet normal -0.946954 0.321369 0
    outer loop
      vertex 62.9437 8.81175 1.6
      vertex 63.0593 9.15238 3.4
      vertex 63.0593 9.15238 1.6
    endloop
  endfacet
  facet normal -0.946954 0.321369 0
    outer loop
      vertex 63.0593 9.15238 3.4
      vertex 62.9437 8.81175 1.6
      vertex 62.9437 8.81175 3.4
    endloop
  endfacet
  facet normal -0.8314 0.555675 0
    outer loop
      vertex 63.2184 9.475 1.6
      vertex 63.4183 9.77409 3.4
      vertex 63.4183 9.77409 1.6
    endloop
  endfacet
  facet normal -0.8314 0.555675 0
    outer loop
      vertex 63.4183 9.77409 3.4
      vertex 63.2184 9.475 1.6
      vertex 63.2184 9.475 3.4
    endloop
  endfacet
  facet normal -0.195101 0.980783 0
    outer loop
      vertex 65.2411 10.8265 1.6
      vertex 64.8882 10.7563 3.4
      vertex 65.2411 10.8265 3.4
    endloop
  endfacet
  facet normal -0.195101 0.980783 0
    outer loop
      vertex 64.8882 10.7563 3.4
      vertex 65.2411 10.8265 1.6
      vertex 64.8882 10.7563 1.6
    endloop
  endfacet
  facet normal 0.997864 0.0653289 0
    outer loop
      vertex 68.35 8.1 3.4
      vertex 68.3265 8.45895 1.6
      vertex 68.3265 8.45895 3.4
    endloop
  endfacet
  facet normal 0.997864 0.0653289 0
    outer loop
      vertex 68.3265 8.45895 1.6
      vertex 68.35 8.1 3.4
      vertex 68.35 8.1 1.6
    endloop
  endfacet
  facet normal 0.065421 -0.997858 0
    outer loop
      vertex 65.6 5.35 1.6
      vertex 65.9589 5.37353 3.4
      vertex 65.6 5.35 3.4
    endloop
  endfacet
  facet normal 0.065421 -0.997858 0
    outer loop
      vertex 65.9589 5.37353 3.4
      vertex 65.6 5.35 1.6
      vertex 65.9589 5.37353 1.6
    endloop
  endfacet
  facet normal 0.946954 -0.321369 0
    outer loop
      vertex 68.1407 7.04762 3.4
      vertex 68.2563 7.38825 1.6
      vertex 68.2563 7.38825 3.4
    endloop
  endfacet
  facet normal 0.946954 -0.321369 0
    outer loop
      vertex 68.2563 7.38825 1.6
      vertex 68.1407 7.04762 3.4
      vertex 68.1407 7.04762 1.6
    endloop
  endfacet
  facet normal 0.659417 -0.751777 0
    outer loop
      vertex 67.2741 5.91828 1.6
      vertex 67.5445 6.15546 3.4
      vertex 67.2741 5.91828 3.4
    endloop
  endfacet
  facet normal 0.659417 -0.751777 0
    outer loop
      vertex 67.5445 6.15546 3.4
      vertex 67.2741 5.91828 1.6
      vertex 67.5445 6.15546 1.6
    endloop
  endfacet
  facet normal 0.442314 -0.89686 0
    outer loop
      vertex 66.6524 5.55933 1.6
      vertex 66.975 5.71843 3.4
      vertex 66.6524 5.55933 3.4
    endloop
  endfacet
  facet normal 0.442314 -0.89686 0
    outer loop
      vertex 66.975 5.71843 3.4
      vertex 66.6524 5.55933 1.6
      vertex 66.975 5.71843 1.6
    endloop
  endfacet
  facet normal 0.8314 -0.555675 0
    outer loop
      vertex 67.7817 6.42591 3.4
      vertex 67.9816 6.725 1.6
      vertex 67.9816 6.725 3.4
    endloop
  endfacet
  facet normal 0.8314 -0.555675 0
    outer loop
      vertex 67.9816 6.725 1.6
      vertex 67.7817 6.42591 3.4
      vertex 67.7817 6.42591 1.6
    endloop
  endfacet
  facet normal -0.555566 -0.831472 0
    outer loop
      vertex 63.9259 5.91828 1.6
      vertex 64.225 5.71843 3.4
      vertex 63.9259 5.91828 3.4
    endloop
  endfacet
  facet normal -0.555566 -0.831472 -0
    outer loop
      vertex 64.225 5.71843 3.4
      vertex 63.9259 5.91828 1.6
      vertex 64.225 5.71843 1.6
    endloop
  endfacet
  facet normal -0.946954 -0.321369 0
    outer loop
      vertex 63.0593 7.04762 1.6
      vertex 62.9437 7.38825 3.4
      vertex 62.9437 7.38825 1.6
    endloop
  endfacet
  facet normal -0.946954 -0.321369 0
    outer loop
      vertex 62.9437 7.38825 3.4
      vertex 63.0593 7.04762 1.6
      vertex 63.0593 7.04762 3.4
    endloop
  endfacet
  facet normal -0.997864 -0.0653289 0
    outer loop
      vertex 62.8735 7.74105 1.6
      vertex 62.85 8.1 3.4
      vertex 62.85 8.1 1.6
    endloop
  endfacet
  facet normal -0.997864 -0.0653289 0
    outer loop
      vertex 62.85 8.1 3.4
      vertex 62.8735 7.74105 1.6
      vertex 62.8735 7.74105 3.4
    endloop
  endfacet
  facet normal -0.896871 -0.442292 0
    outer loop
      vertex 63.2184 6.725 1.6
      vertex 63.0593 7.04762 3.4
      vertex 63.0593 7.04762 1.6
    endloop
  endfacet
  facet normal -0.896871 -0.442292 0
    outer loop
      vertex 63.0593 7.04762 3.4
      vertex 63.2184 6.725 1.6
      vertex 63.2184 6.725 3.4
    endloop
  endfacet
  facet normal 0.980773 -0.195154 0
    outer loop
      vertex 68.2563 7.38825 3.4
      vertex 68.3265 7.74105 1.6
      vertex 68.3265 7.74105 3.4
    endloop
  endfacet
  facet normal 0.980773 -0.195154 0
    outer loop
      vertex 68.3265 7.74105 1.6
      vertex 68.2563 7.38825 3.4
      vertex 68.2563 7.38825 1.6
    endloop
  endfacet
  facet normal 0.19502 -0.980799 0
    outer loop
      vertex 65.9589 5.37353 1.6
      vertex 66.3118 5.4437 3.4
      vertex 65.9589 5.37353 3.4
    endloop
  endfacet
  facet normal 0.19502 -0.980799 0
    outer loop
      vertex 66.3118 5.4437 3.4
      vertex 65.9589 5.37353 1.6
      vertex 66.3118 5.4437 1.6
    endloop
  endfacet
  facet normal 0.555566 -0.831472 0
    outer loop
      vertex 66.975 5.71843 1.6
      vertex 67.2741 5.91828 3.4
      vertex 66.975 5.71843 3.4
    endloop
  endfacet
  facet normal 0.555566 -0.831472 0
    outer loop
      vertex 67.2741 5.91828 3.4
      vertex 66.975 5.71843 1.6
      vertex 67.2741 5.91828 1.6
    endloop
  endfacet
  facet normal 0.896871 -0.442292 0
    outer loop
      vertex 67.9816 6.725 3.4
      vertex 68.1407 7.04762 1.6
      vertex 68.1407 7.04762 3.4
    endloop
  endfacet
  facet normal 0.896871 -0.442292 0
    outer loop
      vertex 68.1407 7.04762 1.6
      vertex 67.9816 6.725 3.4
      vertex 67.9816 6.725 1.6
    endloop
  endfacet
  facet normal -0.065421 -0.997858 0
    outer loop
      vertex 65.2411 5.37353 1.6
      vertex 65.6 5.35 3.4
      vertex 65.2411 5.37353 3.4
    endloop
  endfacet
  facet normal -0.065421 -0.997858 -0
    outer loop
      vertex 65.6 5.35 3.4
      vertex 65.2411 5.37353 1.6
      vertex 65.6 5.35 1.6
    endloop
  endfacet
  facet normal -0.442314 -0.89686 0
    outer loop
      vertex 64.225 5.71843 1.6
      vertex 64.5476 5.55933 3.4
      vertex 64.225 5.71843 3.4
    endloop
  endfacet
  facet normal -0.442314 -0.89686 -0
    outer loop
      vertex 64.5476 5.55933 3.4
      vertex 64.225 5.71843 1.6
      vertex 64.5476 5.55933 1.6
    endloop
  endfacet
  facet normal -0.980773 -0.195154 0
    outer loop
      vertex 62.9437 7.38825 1.6
      vertex 62.8735 7.74105 3.4
      vertex 62.8735 7.74105 1.6
    endloop
  endfacet
  facet normal -0.980773 -0.195154 0
    outer loop
      vertex 62.8735 7.74105 3.4
      vertex 62.9437 7.38825 1.6
      vertex 62.9437 7.38825 3.4
    endloop
  endfacet
  facet normal -0.8314 -0.555675 0
    outer loop
      vertex 63.4183 6.42591 1.6
      vertex 63.2184 6.725 3.4
      vertex 63.2184 6.725 1.6
    endloop
  endfacet
  facet normal -0.8314 -0.555675 0
    outer loop
      vertex 63.2184 6.725 3.4
      vertex 63.4183 6.42591 1.6
      vertex 63.4183 6.42591 3.4
    endloop
  endfacet
  facet normal 0.896798 0.44244 0
    outer loop
      vertex 66.7318 8.56879 4.8
      vertex 66.6609 8.7125 3.4
      vertex 66.6609 8.7125 4.8
    endloop
  endfacet
  facet normal 0.896798 0.44244 0
    outer loop
      vertex 66.6609 8.7125 3.4
      vertex 66.7318 8.56879 4.8
      vertex 66.7318 8.56879 3.4
    endloop
  endfacet
  facet normal 0.831531 0.555478 0
    outer loop
      vertex 66.6609 8.7125 4.8
      vertex 66.5719 8.84573 3.4
      vertex 66.5719 8.84573 4.8
    endloop
  endfacet
  facet normal 0.831531 0.555478 0
    outer loop
      vertex 66.5719 8.84573 3.4
      vertex 66.6609 8.7125 4.8
      vertex 66.6609 8.7125 3.4
    endloop
  endfacet
  facet normal 0.195036 0.980796 -0
    outer loop
      vertex 65.9171 9.28326 3.4
      vertex 65.7599 9.31452 4.8
      vertex 65.9171 9.28326 4.8
    endloop
  endfacet
  facet normal 0.195036 0.980796 0
    outer loop
      vertex 65.7599 9.31452 4.8
      vertex 65.9171 9.28326 3.4
      vertex 65.7599 9.31452 3.4
    endloop
  endfacet
  facet normal 0.321522 0.946902 -0
    outer loop
      vertex 66.0688 9.23175 3.4
      vertex 65.9171 9.28326 4.8
      vertex 66.0688 9.23175 4.8
    endloop
  endfacet
  facet normal 0.321522 0.946902 0
    outer loop
      vertex 65.9171 9.28326 4.8
      vertex 66.0688 9.23175 3.4
      vertex 65.9171 9.28326 3.4
    endloop
  endfacet
  facet normal -0.442314 0.89686 0
    outer loop
      vertex 65.1312 9.23175 3.4
      vertex 64.9875 9.16088 4.8
      vertex 65.1312 9.23175 4.8
    endloop
  endfacet
  facet normal -0.442314 0.89686 0
    outer loop
      vertex 64.9875 9.16088 4.8
      vertex 65.1312 9.23175 3.4
      vertex 64.9875 9.16088 3.4
    endloop
  endfacet
  facet normal -0.946947 0.32139 0
    outer loop
      vertex 64.4167 8.41705 3.4
      vertex 64.4682 8.56879 4.8
      vertex 64.4682 8.56879 3.4
    endloop
  endfacet
  facet normal -0.946947 0.32139 0
    outer loop
      vertex 64.4682 8.56879 4.8
      vertex 64.4167 8.41705 3.4
      vertex 64.4167 8.41705 4.8
    endloop
  endfacet
  facet normal 0.980856 -0.194736 0
    outer loop
      vertex 66.7833 7.78295 4.8
      vertex 66.8145 7.9401 3.4
      vertex 66.8145 7.9401 4.8
    endloop
  endfacet
  facet normal 0.980856 -0.194736 0
    outer loop
      vertex 66.8145 7.9401 3.4
      vertex 66.7833 7.78295 4.8
      vertex 66.7833 7.78295 3.4
    endloop
  endfacet
  facet normal 0.659255 0.751919 -0
    outer loop
      vertex 66.4662 8.96621 3.4
      vertex 66.3457 9.07186 4.8
      vertex 66.4662 8.96621 4.8
    endloop
  endfacet
  facet normal 0.659255 0.751919 0
    outer loop
      vertex 66.3457 9.07186 4.8
      vertex 66.4662 8.96621 3.4
      vertex 66.3457 9.07186 3.4
    endloop
  endfacet
  facet normal 0.442314 0.89686 -0
    outer loop
      vertex 66.2125 9.16088 3.4
      vertex 66.0688 9.23175 4.8
      vertex 66.2125 9.16088 4.8
    endloop
  endfacet
  facet normal 0.442314 0.89686 0
    outer loop
      vertex 66.0688 9.23175 4.8
      vertex 66.2125 9.16088 3.4
      vertex 66.0688 9.23175 3.4
    endloop
  endfacet
  facet normal -0.997851 0.065529 0
    outer loop
      vertex 64.375 8.1 3.4
      vertex 64.3855 8.25989 4.8
      vertex 64.3855 8.25989 3.4
    endloop
  endfacet
  facet normal -0.997851 0.065529 0
    outer loop
      vertex 64.3855 8.25989 4.8
      vertex 64.375 8.1 3.4
      vertex 64.375 8.1 4.8
    endloop
  endfacet
  facet normal -0.831531 0.555478 0
    outer loop
      vertex 64.5391 8.7125 3.4
      vertex 64.6281 8.84573 4.8
      vertex 64.6281 8.84573 3.4
    endloop
  endfacet
  facet normal -0.831531 0.555478 0
    outer loop
      vertex 64.6281 8.84573 4.8
      vertex 64.5391 8.7125 3.4
      vertex 64.5391 8.7125 4.8
    endloop
  endfacet
  facet normal -0.321522 0.946902 0
    outer loop
      vertex 65.2829 9.28326 3.4
      vertex 65.1312 9.23175 4.8
      vertex 65.2829 9.28326 4.8
    endloop
  endfacet
  facet normal -0.321522 0.946902 0
    outer loop
      vertex 65.1312 9.23175 4.8
      vertex 65.2829 9.28326 3.4
      vertex 65.1312 9.23175 3.4
    endloop
  endfacet
  facet normal -0.75171 0.659493 0
    outer loop
      vertex 64.6281 8.84573 3.4
      vertex 64.7338 8.96621 4.8
      vertex 64.7338 8.96621 3.4
    endloop
  endfacet
  facet normal -0.75171 0.659493 0
    outer loop
      vertex 64.7338 8.96621 4.8
      vertex 64.6281 8.84573 3.4
      vertex 64.6281 8.84573 4.8
    endloop
  endfacet
  facet normal 0.997851 -0.0655249 0
    outer loop
      vertex 66.8145 7.9401 4.8
      vertex 66.825 8.1 3.4
      vertex 66.825 8.1 4.8
    endloop
  endfacet
  facet normal 0.997851 -0.0655249 0
    outer loop
      vertex 66.825 8.1 3.4
      vertex 66.8145 7.9401 4.8
      vertex 66.8145 7.9401 3.4
    endloop
  endfacet
  facet normal 0.946947 -0.32139 0
    outer loop
      vertex 66.7318 7.63121 4.8
      vertex 66.7833 7.78295 3.4
      vertex 66.7833 7.78295 4.8
    endloop
  endfacet
  facet normal 0.946947 -0.32139 0
    outer loop
      vertex 66.7833 7.78295 3.4
      vertex 66.7318 7.63121 4.8
      vertex 66.7318 7.63121 3.4
    endloop
  endfacet
  facet normal -0.659255 -0.751919 0
    outer loop
      vertex 64.7338 7.23379 3.4
      vertex 64.8543 7.12814 4.8
      vertex 64.7338 7.23379 4.8
    endloop
  endfacet
  facet normal -0.659255 -0.751919 -0
    outer loop
      vertex 64.8543 7.12814 4.8
      vertex 64.7338 7.23379 3.4
      vertex 64.8543 7.12814 3.4
    endloop
  endfacet
  facet normal -0.896798 -0.44244 0
    outer loop
      vertex 64.5391 7.4875 3.4
      vertex 64.4682 7.63121 4.8
      vertex 64.4682 7.63121 3.4
    endloop
  endfacet
  facet normal -0.896798 -0.44244 0
    outer loop
      vertex 64.4682 7.63121 4.8
      vertex 64.5391 7.4875 3.4
      vertex 64.5391 7.4875 4.8
    endloop
  endfacet
  facet normal 0.946947 0.32139 0
    outer loop
      vertex 66.7833 8.41705 4.8
      vertex 66.7318 8.56879 3.4
      vertex 66.7318 8.56879 4.8
    endloop
  endfacet
  facet normal 0.946947 0.32139 0
    outer loop
      vertex 66.7318 8.56879 3.4
      vertex 66.7833 8.41705 4.8
      vertex 66.7833 8.41705 3.4
    endloop
  endfacet
  facet normal 0.75171 0.659493 0
    outer loop
      vertex 66.5719 8.84573 4.8
      vertex 66.4662 8.96621 3.4
      vertex 66.4662 8.96621 4.8
    endloop
  endfacet
  facet normal 0.75171 0.659493 0
    outer loop
      vertex 66.4662 8.96621 3.4
      vertex 66.5719 8.84573 4.8
      vertex 66.5719 8.84573 3.4
    endloop
  endfacet
  facet normal -0.0654006 0.997859 0
    outer loop
      vertex 65.6 9.325 3.4
      vertex 65.4401 9.31452 4.8
      vertex 65.6 9.325 4.8
    endloop
  endfacet
  facet normal -0.0654006 0.997859 0
    outer loop
      vertex 65.4401 9.31452 4.8
      vertex 65.6 9.325 3.4
      vertex 65.4401 9.31452 3.4
    endloop
  endfacet
  facet normal 0.555651 0.831416 -0
    outer loop
      vertex 66.3457 9.07186 3.4
      vertex 66.2125 9.16088 4.8
      vertex 66.3457 9.07186 4.8
    endloop
  endfacet
  facet normal 0.555651 0.831416 0
    outer loop
      vertex 66.2125 9.16088 4.8
      vertex 66.3457 9.07186 3.4
      vertex 66.2125 9.16088 3.4
    endloop
  endfacet
  facet normal 0 0 1
    outer loop
      vertex 66.8145 8.25989 4.8
      vertex 66.8145 7.9401 4.8
      vertex 66.825 8.1 4.8
    endloop
  endfacet
  facet normal 0 0 1
    outer loop
      vertex 66.7833 8.41705 4.8
      vertex 66.8145 7.9401 4.8
      vertex 66.8145 8.25989 4.8
    endloop
  endfacet
  facet normal 0 0 1
    outer loop
      vertex 66.7833 8.41705 4.8
      vertex 66.7833 7.78295 4.8
      vertex 66.8145 7.9401 4.8
    endloop
  endfacet
  facet normal 0 0 1
    outer loop
      vertex 66.7318 8.56879 4.8
      vertex 66.7833 7.78295 4.8
      vertex 66.7833 8.41705 4.8
    endloop
  endfacet
  facet normal 0 0 1
    outer loop
      vertex 66.7318 8.56879 4.8
      vertex 66.7318 7.63121 4.8
      vertex 66.7833 7.78295 4.8
    endloop
  endfacet
  facet normal 0 0 1
    outer loop
      vertex 66.6609 8.7125 4.8
      vertex 66.7318 7.63121 4.8
      vertex 66.7318 8.56879 4.8
    endloop
  endfacet
  facet normal 0 0 1
    outer loop
      vertex 66.6609 8.7125 4.8
      vertex 66.6609 7.4875 4.8
      vertex 66.7318 7.63121 4.8
    endloop
  endfacet
  facet normal 0 0 1
    outer loop
      vertex 66.5719 8.84573 4.8
      vertex 66.6609 7.4875 4.8
      vertex 66.6609 8.7125 4.8
    endloop
  endfacet
  facet normal 0 0 1
    outer loop
      vertex 66.5719 8.84573 4.8
      vertex 66.5719 7.35427 4.8
      vertex 66.6609 7.4875 4.8
    endloop
  endfacet
  facet normal 0 0 1
    outer loop
      vertex 66.4662 8.96621 4.8
      vertex 66.5719 7.35427 4.8
      vertex 66.5719 8.84573 4.8
    endloop
  endfacet
  facet normal 0 0 1
    outer loop
      vertex 66.4662 8.96621 4.8
      vertex 66.4662 7.23379 4.8
      vertex 66.5719 7.35427 4.8
    endloop
  endfacet
  facet normal 0 0 1
    outer loop
      vertex 66.3457 9.07186 4.8
      vertex 66.4662 7.23379 4.8
      vertex 66.4662 8.96621 4.8
    endloop
  endfacet
  facet normal 0 0 1
    outer loop
      vertex 66.3457 9.07186 4.8
      vertex 66.3457 7.12814 4.8
      vertex 66.4662 7.23379 4.8
    endloop
  endfacet
  facet normal 0 0 1
    outer loop
      vertex 66.2125 9.16088 4.8
      vertex 66.3457 7.12814 4.8
      vertex 66.3457 9.07186 4.8
    endloop
  endfacet
  facet normal 0 0 1
    outer loop
      vertex 66.2125 9.16088 4.8
      vertex 66.2125 7.03912 4.8
      vertex 66.3457 7.12814 4.8
    endloop
  endfacet
  facet normal 0 0 1
    outer loop
      vertex 66.0688 9.23175 4.8
      vertex 66.2125 7.03912 4.8
      vertex 66.2125 9.16088 4.8
    endloop
  endfacet
  facet normal 0 0 1
    outer loop
      vertex 66.0688 9.23175 4.8
      vertex 66.0688 6.96825 4.8
      vertex 66.2125 7.03912 4.8
    endloop
  endfacet
  facet normal 0 0 1
    outer loop
      vertex 65.9171 9.28326 4.8
      vertex 66.0688 6.96825 4.8
      vertex 66.0688 9.23175 4.8
    endloop
  endfacet
  facet normal 0 0 1
    outer loop
      vertex 65.9171 9.28326 4.8
      vertex 65.9171 6.91674 4.8
      vertex 66.0688 6.96825 4.8
    endloop
  endfacet
  facet normal 0 0 1
    outer loop
      vertex 65.7599 9.31452 4.8
      vertex 65.9171 6.91674 4.8
      vertex 65.9171 9.28326 4.8
    endloop
  endfacet
  facet normal 0 0 1
    outer loop
      vertex 65.7599 9.31452 4.8
      vertex 65.7599 6.88548 4.8
      vertex 65.9171 6.91674 4.8
    endloop
  endfacet
  facet normal 0 0 1
    outer loop
      vertex 65.6 9.325 4.8
      vertex 65.7599 6.88548 4.8
      vertex 65.7599 9.31452 4.8
    endloop
  endfacet
  facet normal 0 0 1
    outer loop
      vertex 65.6 9.325 4.8
      vertex 65.6 6.875 4.8
      vertex 65.7599 6.88548 4.8
    endloop
  endfacet
  facet normal -0 0 1
    outer loop
      vertex 65.4401 9.31452 4.8
      vertex 65.6 6.875 4.8
      vertex 65.6 9.325 4.8
    endloop
  endfacet
  facet normal 0 0 1
    outer loop
      vertex 65.4401 9.31452 4.8
      vertex 65.4401 6.88548 4.8
      vertex 65.6 6.875 4.8
    endloop
  endfacet
  facet normal -0 0 1
    outer loop
      vertex 65.2829 9.28326 4.8
      vertex 65.4401 6.88548 4.8
      vertex 65.4401 9.31452 4.8
    endloop
  endfacet
  facet normal 0 0 1
    outer loop
      vertex 65.2829 9.28326 4.8
      vertex 65.2829 6.91674 4.8
      vertex 65.4401 6.88548 4.8
    endloop
  endfacet
  facet normal -0 0 1
    outer loop
      vertex 65.1312 9.23175 4.8
      vertex 65.2829 6.91674 4.8
      vertex 65.2829 9.28326 4.8
    endloop
  endfacet
  facet normal 0 0 1
    outer loop
      vertex 65.1312 9.23175 4.8
      vertex 65.1312 6.96825 4.8
      vertex 65.2829 6.91674 4.8
    endloop
  endfacet
  facet normal -0 0 1
    outer loop
      vertex 64.9875 9.16088 4.8
      vertex 65.1312 6.96825 4.8
      vertex 65.1312 9.23175 4.8
    endloop
  endfacet
  facet normal 0 0 1
    outer loop
      vertex 64.9875 9.16088 4.8
      vertex 64.9875 7.03912 4.8
      vertex 65.1312 6.96825 4.8
    endloop
  endfacet
  facet normal -0 0 1
    outer loop
      vertex 64.8543 9.07186 4.8
      vertex 64.9875 7.03912 4.8
      vertex 64.9875 9.16088 4.8
    endloop
  endfacet
  facet normal 0 0 1
    outer loop
      vertex 64.8543 9.07186 4.8
      vertex 64.8543 7.12814 4.8
      vertex 64.9875 7.03912 4.8
    endloop
  endfacet
  facet normal -0 0 1
    outer loop
      vertex 64.7338 8.96621 4.8
      vertex 64.8543 7.12814 4.8
      vertex 64.8543 9.07186 4.8
    endloop
  endfacet
  facet normal 0 0 1
    outer loop
      vertex 64.7338 8.96621 4.8
      vertex 64.7338 7.23379 4.8
      vertex 64.8543 7.12814 4.8
    endloop
  endfacet
  facet normal -0 0 1
    outer loop
      vertex 64.6281 8.84573 4.8
      vertex 64.7338 7.23379 4.8
      vertex 64.7338 8.96621 4.8
    endloop
  endfacet
  facet normal 0 0 1
    outer loop
      vertex 64.6281 8.84573 4.8
      vertex 64.6281 7.35427 4.8
      vertex 64.7338 7.23379 4.8
    endloop
  endfacet
  facet normal -0 0 1
    outer loop
      vertex 64.5391 8.7125 4.8
      vertex 64.6281 7.35427 4.8
      vertex 64.6281 8.84573 4.8
    endloop
  endfacet
  facet normal 0 0 1
    outer loop
      vertex 64.5391 8.7125 4.8
      vertex 64.5391 7.4875 4.8
      vertex 64.6281 7.35427 4.8
    endloop
  endfacet
  facet normal -0 0 1
    outer loop
      vertex 64.4682 8.56879 4.8
      vertex 64.5391 7.4875 4.8
      vertex 64.5391 8.7125 4.8
    endloop
  endfacet
  facet normal 0 0 1
    outer loop
      vertex 64.4682 8.56879 4.8
      vertex 64.4682 7.63121 4.8
      vertex 64.5391 7.4875 4.8
    endloop
  endfacet
  facet normal -0 0 1
    outer loop
      vertex 64.4167 8.41705 4.8
      vertex 64.4682 7.63121 4.8
      vertex 64.4682 8.56879 4.8
    endloop
  endfacet
  facet normal 0 0 1
    outer loop
      vertex 64.4167 8.41705 4.8
      vertex 64.4167 7.78295 4.8
      vertex 64.4682 7.63121 4.8
    endloop
  endfacet
  facet normal -0 0 1
    outer loop
      vertex 64.3855 8.25989 4.8
      vertex 64.4167 7.78295 4.8
      vertex 64.4167 8.41705 4.8
    endloop
  endfacet
  facet normal 0 0 1
    outer loop
      vertex 64.3855 8.25989 4.8
      vertex 64.3855 7.9401 4.8
      vertex 64.4167 7.78295 4.8
    endloop
  endfacet
  facet normal 0 -0 1
    outer loop
      vertex 64.3855 7.9401 4.8
      vertex 64.3855 8.25989 4.8
      vertex 64.375 8.1 4.8
    endloop
  endfacet
  facet normal -0.980858 0.194724 0
    outer loop
      vertex 64.3855 8.25989 3.4
      vertex 64.4167 8.41705 4.8
      vertex 64.4167 8.41705 3.4
    endloop
  endfacet
  facet normal -0.980858 0.194724 0
    outer loop
      vertex 64.4167 8.41705 4.8
      vertex 64.3855 8.25989 3.4
      vertex 64.3855 8.25989 4.8
    endloop
  endfacet
  facet normal -0.896798 0.44244 0
    outer loop
      vertex 64.4682 8.56879 3.4
      vertex 64.5391 8.7125 4.8
      vertex 64.5391 8.7125 3.4
    endloop
  endfacet
  facet normal -0.896798 0.44244 0
    outer loop
      vertex 64.5391 8.7125 4.8
      vertex 64.4682 8.56879 3.4
      vertex 64.4682 8.56879 4.8
    endloop
  endfacet
  facet normal -0.195036 0.980796 0
    outer loop
      vertex 65.4401 9.31452 3.4
      vertex 65.2829 9.28326 4.8
      vertex 65.4401 9.31452 4.8
    endloop
  endfacet
  facet normal -0.195036 0.980796 0
    outer loop
      vertex 65.2829 9.28326 4.8
      vertex 65.4401 9.31452 3.4
      vertex 65.2829 9.28326 3.4
    endloop
  endfacet
  facet normal -0.659255 0.751919 0
    outer loop
      vertex 64.8543 9.07186 3.4
      vertex 64.7338 8.96621 4.8
      vertex 64.8543 9.07186 4.8
    endloop
  endfacet
  facet normal -0.659255 0.751919 0
    outer loop
      vertex 64.7338 8.96621 4.8
      vertex 64.8543 9.07186 3.4
      vertex 64.7338 8.96621 3.4
    endloop
  endfacet
  facet normal -0.555651 0.831416 0
    outer loop
      vertex 64.9875 9.16088 3.4
      vertex 64.8543 9.07186 4.8
      vertex 64.9875 9.16088 4.8
    endloop
  endfacet
  facet normal -0.555651 0.831416 0
    outer loop
      vertex 64.8543 9.07186 4.8
      vertex 64.9875 9.16088 3.4
      vertex 64.8543 9.07186 3.4
    endloop
  endfacet
  facet normal 0.997851 0.065529 0
    outer loop
      vertex 66.825 8.1 4.8
      vertex 66.8145 8.25989 3.4
      vertex 66.8145 8.25989 4.8
    endloop
  endfacet
  facet normal 0.997851 0.065529 0
    outer loop
      vertex 66.8145 8.25989 3.4
      vertex 66.825 8.1 4.8
      vertex 66.825 8.1 3.4
    endloop
  endfacet
  facet normal 0.0654006 -0.997859 0
    outer loop
      vertex 65.6 6.875 3.4
      vertex 65.7599 6.88548 4.8
      vertex 65.6 6.875 4.8
    endloop
  endfacet
  facet normal 0.0654006 -0.997859 0
    outer loop
      vertex 65.7599 6.88548 4.8
      vertex 65.6 6.875 3.4
      vertex 65.7599 6.88548 3.4
    endloop
  endfacet
  facet normal -0.946947 -0.32139 0
    outer loop
      vertex 64.4682 7.63121 3.4
      vertex 64.4167 7.78295 4.8
      vertex 64.4167 7.78295 3.4
    endloop
  endfacet
  facet normal -0.946947 -0.32139 0
    outer loop
      vertex 64.4167 7.78295 4.8
      vertex 64.4682 7.63121 3.4
      vertex 64.4682 7.63121 4.8
    endloop
  endfacet
  facet normal -0.831531 -0.555478 0
    outer loop
      vertex 64.6281 7.35427 3.4
      vertex 64.5391 7.4875 4.8
      vertex 64.5391 7.4875 3.4
    endloop
  endfacet
  facet normal -0.831531 -0.555478 0
    outer loop
      vertex 64.5391 7.4875 4.8
      vertex 64.6281 7.35427 3.4
      vertex 64.6281 7.35427 4.8
    endloop
  endfacet
  facet normal 0.195036 -0.980796 0
    outer loop
      vertex 65.7599 6.88548 3.4
      vertex 65.9171 6.91674 4.8
      vertex 65.7599 6.88548 4.8
    endloop
  endfacet
  facet normal 0.195036 -0.980796 0
    outer loop
      vertex 65.9171 6.91674 4.8
      vertex 65.7599 6.88548 3.4
      vertex 65.9171 6.91674 3.4
    endloop
  endfacet
  facet normal 0.442314 -0.89686 0
    outer loop
      vertex 66.0688 6.96825 3.4
      vertex 66.2125 7.03912 4.8
      vertex 66.0688 6.96825 4.8
    endloop
  endfacet
  facet normal 0.442314 -0.89686 0
    outer loop
      vertex 66.2125 7.03912 4.8
      vertex 66.0688 6.96825 3.4
      vertex 66.2125 7.03912 3.4
    endloop
  endfacet
  facet normal 0.980858 0.194724 0
    outer loop
      vertex 66.8145 8.25989 4.8
      vertex 66.7833 8.41705 3.4
      vertex 66.7833 8.41705 4.8
    endloop
  endfacet
  facet normal 0.980858 0.194724 0
    outer loop
      vertex 66.7833 8.41705 3.4
      vertex 66.8145 8.25989 4.8
      vertex 66.8145 8.25989 3.4
    endloop
  endfacet
  facet normal 0.0654006 0.997859 -0
    outer loop
      vertex 65.7599 9.31452 3.4
      vertex 65.6 9.325 4.8
      vertex 65.7599 9.31452 4.8
    endloop
  endfacet
  facet normal 0.0654006 0.997859 0
    outer loop
      vertex 65.6 9.325 4.8
      vertex 65.7599 9.31452 3.4
      vertex 65.6 9.325 3.4
    endloop
  endfacet
  facet normal 0.75171 -0.659493 0
    outer loop
      vertex 66.4662 7.23379 4.8
      vertex 66.5719 7.35427 3.4
      vertex 66.5719 7.35427 4.8
    endloop
  endfacet
  facet normal 0.75171 -0.659493 0
    outer loop
      vertex 66.5719 7.35427 3.4
      vertex 66.4662 7.23379 4.8
      vertex 66.4662 7.23379 3.4
    endloop
  endfacet
  facet normal -0.195036 -0.980796 0
    outer loop
      vertex 65.2829 6.91674 3.4
      vertex 65.4401 6.88548 4.8
      vertex 65.2829 6.91674 4.8
    endloop
  endfacet
  facet normal -0.195036 -0.980796 -0
    outer loop
      vertex 65.4401 6.88548 4.8
      vertex 65.2829 6.91674 3.4
      vertex 65.4401 6.88548 3.4
    endloop
  endfacet
  facet normal -0.997851 -0.0655249 0
    outer loop
      vertex 64.3855 7.9401 3.4
      vertex 64.375 8.1 4.8
      vertex 64.375 8.1 3.4
    endloop
  endfacet
  facet normal -0.997851 -0.0655249 0
    outer loop
      vertex 64.375 8.1 4.8
      vertex 64.3855 7.9401 3.4
      vertex 64.3855 7.9401 4.8
    endloop
  endfacet
  facet normal -0.75171 -0.659493 0
    outer loop
      vertex 64.7338 7.23379 3.4
      vertex 64.6281 7.35427 4.8
      vertex 64.6281 7.35427 3.4
    endloop
  endfacet
  facet normal -0.75171 -0.659493 0
    outer loop
      vertex 64.6281 7.35427 4.8
      vertex 64.7338 7.23379 3.4
      vertex 64.7338 7.23379 4.8
    endloop
  endfacet
  facet normal 0.321522 -0.946902 0
    outer loop
      vertex 65.9171 6.91674 3.4
      vertex 66.0688 6.96825 4.8
      vertex 65.9171 6.91674 4.8
    endloop
  endfacet
  facet normal 0.321522 -0.946902 0
    outer loop
      vertex 66.0688 6.96825 4.8
      vertex 65.9171 6.91674 3.4
      vertex 66.0688 6.96825 3.4
    endloop
  endfacet
  facet normal 0.659255 -0.751919 0
    outer loop
      vertex 66.3457 7.12814 3.4
      vertex 66.4662 7.23379 4.8
      vertex 66.3457 7.12814 4.8
    endloop
  endfacet
  facet normal 0.659255 -0.751919 0
    outer loop
      vertex 66.4662 7.23379 4.8
      vertex 66.3457 7.12814 3.4
      vertex 66.4662 7.23379 3.4
    endloop
  endfacet
  facet normal 0.555651 -0.831416 0
    outer loop
      vertex 66.2125 7.03912 3.4
      vertex 66.3457 7.12814 4.8
      vertex 66.2125 7.03912 4.8
    endloop
  endfacet
  facet normal 0.555651 -0.831416 0
    outer loop
      vertex 66.3457 7.12814 4.8
      vertex 66.2125 7.03912 3.4
      vertex 66.3457 7.12814 3.4
    endloop
  endfacet
  facet normal 0.896798 -0.44244 0
    outer loop
      vertex 66.6609 7.4875 4.8
      vertex 66.7318 7.63121 3.4
      vertex 66.7318 7.63121 4.8
    endloop
  endfacet
  facet normal 0.896798 -0.44244 0
    outer loop
      vertex 66.7318 7.63121 3.4
      vertex 66.6609 7.4875 4.8
      vertex 66.6609 7.4875 3.4
    endloop
  endfacet
  facet normal 0.831531 -0.555478 0
    outer loop
      vertex 66.5719 7.35427 4.8
      vertex 66.6609 7.4875 3.4
      vertex 66.6609 7.4875 4.8
    endloop
  endfacet
  facet normal 0.831531 -0.555478 0
    outer loop
      vertex 66.6609 7.4875 3.4
      vertex 66.5719 7.35427 4.8
      vertex 66.5719 7.35427 3.4
    endloop
  endfacet
  facet normal -0.0654006 -0.997859 0
    outer loop
      vertex 65.4401 6.88548 3.4
      vertex 65.6 6.875 4.8
      vertex 65.4401 6.88548 4.8
    endloop
  endfacet
  facet normal -0.0654006 -0.997859 -0
    outer loop
      vertex 65.6 6.875 4.8
      vertex 65.4401 6.88548 3.4
      vertex 65.6 6.875 3.4
    endloop
  endfacet
  facet normal -0.321522 -0.946902 0
    outer loop
      vertex 65.1312 6.96825 3.4
      vertex 65.2829 6.91674 4.8
      vertex 65.1312 6.96825 4.8
    endloop
  endfacet
  facet normal -0.321522 -0.946902 -0
    outer loop
      vertex 65.2829 6.91674 4.8
      vertex 65.1312 6.96825 3.4
      vertex 65.2829 6.91674 3.4
    endloop
  endfacet
  facet normal -0.442314 -0.89686 0
    outer loop
      vertex 64.9875 7.03912 3.4
      vertex 65.1312 6.96825 4.8
      vertex 64.9875 7.03912 4.8
    endloop
  endfacet
  facet normal -0.442314 -0.89686 -0
    outer loop
      vertex 65.1312 6.96825 4.8
      vertex 64.9875 7.03912 3.4
      vertex 65.1312 6.96825 3.4
    endloop
  endfacet
  facet normal -0.980856 -0.194736 0
    outer loop
      vertex 64.4167 7.78295 3.4
      vertex 64.3855 7.9401 4.8
      vertex 64.3855 7.9401 3.4
    endloop
  endfacet
  facet normal -0.980856 -0.194736 0
    outer loop
      vertex 64.3855 7.9401 4.8
      vertex 64.4167 7.78295 3.4
      vertex 64.4167 7.78295 4.8
    endloop
  endfacet
  facet normal -0.555651 -0.831416 0
    outer loop
      vertex 64.8543 7.12814 3.4
      vertex 64.9875 7.03912 4.8
      vertex 64.8543 7.12814 4.8
    endloop
  endfacet
  facet normal -0.555651 -0.831416 -0
    outer loop
      vertex 64.9875 7.03912 4.8
      vertex 64.8543 7.12814 3.4
      vertex 64.9875 7.03912 3.4
    endloop
  endfacet
  facet normal 0.997863 0.0653379 0
    outer loop
      vertex 10.35 57.1 3.4
      vertex 10.3265 57.4589 1.6
      vertex 10.3265 57.4589 3.4
    endloop
  endfacet
  facet normal 0.997863 0.0653379 0
    outer loop
      vertex 10.3265 57.4589 1.6
      vertex 10.35 57.1 3.4
      vertex 10.35 57.1 1.6
    endloop
  endfacet
  facet normal -0.997858 0.065421 0
    outer loop
      vertex 4.85 57.1 1.6
      vertex 4.87353 57.4589 3.4
      vertex 4.87353 57.4589 1.6
    endloop
  endfacet
  facet normal -0.997858 0.065421 0
    outer loop
      vertex 4.87353 57.4589 3.4
      vertex 4.85 57.1 1.6
      vertex 4.85 57.1 3.4
    endloop
  endfacet
  facet normal -0.0653289 0.997864 0
    outer loop
      vertex 7.6 59.85 1.6
      vertex 7.24105 59.8265 3.4
      vertex 7.6 59.85 3.4
    endloop
  endfacet
  facet normal -0.0653289 0.997864 0
    outer loop
      vertex 7.24105 59.8265 3.4
      vertex 7.6 59.85 1.6
      vertex 7.24105 59.8265 1.6
    endloop
  endfacet
  facet normal -0.0653289 -0.997864 0
    outer loop
      vertex 7.24105 54.3735 1.6
      vertex 7.6 54.35 3.4
      vertex 7.24105 54.3735 3.4
    endloop
  endfacet
  facet normal -0.0653289 -0.997864 -0
    outer loop
      vertex 7.6 54.35 3.4
      vertex 7.24105 54.3735 1.6
      vertex 7.6 54.35 1.6
    endloop
  endfacet
  facet normal 0.65938 0.75181 -0
    outer loop
      vertex 9.54454 59.0445 1.6
      vertex 9.27409 59.2817 3.4
      vertex 9.54454 59.0445 3.4
    endloop
  endfacet
  facet normal 0.65938 0.75181 0
    outer loop
      vertex 9.27409 59.2817 3.4
      vertex 9.54454 59.0445 1.6
      vertex 9.27409 59.2817 1.6
    endloop
  endfacet
  facet normal -0.65938 0.75181 0
    outer loop
      vertex 5.92591 59.2817 1.6
      vertex 5.65546 59.0445 3.4
      vertex 5.92591 59.2817 3.4
    endloop
  endfacet
  facet normal -0.65938 0.75181 0
    outer loop
      vertex 5.65546 59.0445 3.4
      vertex 5.92591 59.2817 1.6
      vertex 5.65546 59.0445 1.6
    endloop
  endfacet
  facet normal -0.442292 0.896871 0
    outer loop
      vertex 6.54762 59.6407 1.6
      vertex 6.225 59.4816 3.4
      vertex 6.54762 59.6407 3.4
    endloop
  endfacet
  facet normal -0.442292 0.896871 0
    outer loop
      vertex 6.225 59.4816 3.4
      vertex 6.54762 59.6407 1.6
      vertex 6.225 59.4816 1.6
    endloop
  endfacet
  facet normal 0.896827 0.442381 0
    outer loop
      vertex 10.1407 58.1524 3.4
      vertex 9.98157 58.475 1.6
      vertex 9.98157 58.475 3.4
    endloop
  endfacet
  facet normal 0.896827 0.442381 0
    outer loop
      vertex 9.98157 58.475 1.6
      vertex 10.1407 58.1524 3.4
      vertex 10.1407 58.1524 1.6
    endloop
  endfacet
  facet normal 0.321369 0.946954 -0
    outer loop
      vertex 8.65238 59.6407 1.6
      vertex 8.31175 59.7563 3.4
      vertex 8.65238 59.6407 3.4
    endloop
  endfacet
  facet normal 0.321369 0.946954 0
    outer loop
      vertex 8.31175 59.7563 3.4
      vertex 8.65238 59.6407 1.6
      vertex 8.31175 59.7563 1.6
    endloop
  endfacet
  facet normal 0.195154 0.980773 -0
    outer loop
      vertex 8.31175 59.7563 1.6
      vertex 7.95895 59.8265 3.4
      vertex 8.31175 59.7563 3.4
    endloop
  endfacet
  facet normal 0.195154 0.980773 0
    outer loop
      vertex 7.95895 59.8265 3.4
      vertex 8.31175 59.7563 1.6
      vertex 7.95895 59.8265 1.6
    endloop
  endfacet
  facet normal 0.555675 0.8314 -0
    outer loop
      vertex 9.27409 59.2817 1.6
      vertex 8.975 59.4816 3.4
      vertex 9.27409 59.2817 3.4
    endloop
  endfacet
  facet normal 0.555675 0.8314 0
    outer loop
      vertex 8.975 59.4816 3.4
      vertex 9.27409 59.2817 1.6
      vertex 8.975 59.4816 1.6
    endloop
  endfacet
  facet normal -0.831472 0.555566 0
    outer loop
      vertex 5.21843 58.475 1.6
      vertex 5.41828 58.7741 3.4
      vertex 5.41828 58.7741 1.6
    endloop
  endfacet
  facet normal -0.831472 0.555566 0
    outer loop
      vertex 5.41828 58.7741 3.4
      vertex 5.21843 58.475 1.6
      vertex 5.21843 58.475 3.4
    endloop
  endfacet
  facet normal -0.751777 0.659417 0
    outer loop
      vertex 5.41828 58.7741 1.6
      vertex 5.65546 59.0445 3.4
      vertex 5.65546 59.0445 1.6
    endloop
  endfacet
  facet normal -0.751777 0.659417 0
    outer loop
      vertex 5.65546 59.0445 3.4
      vertex 5.41828 58.7741 1.6
      vertex 5.41828 58.7741 3.4
    endloop
  endfacet
  facet normal -0.94692 0.321469 0
    outer loop
      vertex 4.9437 57.8118 1.6
      vertex 5.05933 58.1524 3.4
      vertex 5.05933 58.1524 1.6
    endloop
  endfacet
  facet normal -0.94692 0.321469 0
    outer loop
      vertex 5.05933 58.1524 3.4
      vertex 4.9437 57.8118 1.6
      vertex 4.9437 57.8118 3.4
    endloop
  endfacet
  facet normal -0.555675 0.8314 0
    outer loop
      vertex 6.225 59.4816 1.6
      vertex 5.92591 59.2817 3.4
      vertex 6.225 59.4816 3.4
    endloop
  endfacet
  facet normal -0.555675 0.8314 0
    outer loop
      vertex 5.92591 59.2817 3.4
      vertex 6.225 59.4816 1.6
      vertex 5.92591 59.2817 1.6
    endloop
  endfacet
  facet normal -0.321369 0.946954 0
    outer loop
      vertex 6.88825 59.7563 1.6
      vertex 6.54762 59.6407 3.4
      vertex 6.88825 59.7563 3.4
    endloop
  endfacet
  facet normal -0.321369 0.946954 0
    outer loop
      vertex 6.54762 59.6407 3.4
      vertex 6.88825 59.7563 1.6
      vertex 6.54762 59.6407 1.6
    endloop
  endfacet
  facet normal 0.831472 -0.555566 0
    outer loop
      vertex 9.78172 55.4259 3.4
      vertex 9.98157 55.725 1.6
      vertex 9.98157 55.725 3.4
    endloop
  endfacet
  facet normal 0.831472 -0.555566 0
    outer loop
      vertex 9.98157 55.725 1.6
      vertex 9.78172 55.4259 3.4
      vertex 9.78172 55.4259 1.6
    endloop
  endfacet
  facet normal 0.751777 -0.659417 0
    outer loop
      vertex 9.54454 55.1555 3.4
      vertex 9.78172 55.4259 1.6
      vertex 9.78172 55.4259 3.4
    endloop
  endfacet
  facet normal 0.751777 -0.659417 0
    outer loop
      vertex 9.78172 55.4259 1.6
      vertex 9.54454 55.1555 3.4
      vertex 9.54454 55.1555 1.6
    endloop
  endfacet
  facet normal -0.65938 -0.75181 0
    outer loop
      vertex 5.65546 55.1555 1.6
      vertex 5.92591 54.9183 3.4
      vertex 5.65546 55.1555 3.4
    endloop
  endfacet
  facet normal -0.65938 -0.75181 -0
    outer loop
      vertex 5.92591 54.9183 3.4
      vertex 5.65546 55.1555 1.6
      vertex 5.92591 54.9183 1.6
    endloop
  endfacet
  facet normal -0.321369 -0.946954 0
    outer loop
      vertex 6.54762 54.5593 1.6
      vertex 6.88825 54.4437 3.4
      vertex 6.54762 54.5593 3.4
    endloop
  endfacet
  facet normal -0.321369 -0.946954 -0
    outer loop
      vertex 6.88825 54.4437 3.4
      vertex 6.54762 54.5593 1.6
      vertex 6.88825 54.4437 1.6
    endloop
  endfacet
  facet normal -0.751777 -0.659417 0
    outer loop
      vertex 5.65546 55.1555 1.6
      vertex 5.41828 55.4259 3.4
      vertex 5.41828 55.4259 1.6
    endloop
  endfacet
  facet normal -0.751777 -0.659417 0
    outer loop
      vertex 5.41828 55.4259 3.4
      vertex 5.65546 55.1555 1.6
      vertex 5.65546 55.1555 3.4
    endloop
  endfacet
  facet normal 0.946945 0.321394 0
    outer loop
      vertex 10.2563 57.8118 3.4
      vertex 10.1407 58.1524 1.6
      vertex 10.1407 58.1524 3.4
    endloop
  endfacet
  facet normal 0.946945 0.321394 0
    outer loop
      vertex 10.1407 58.1524 1.6
      vertex 10.2563 57.8118 3.4
      vertex 10.2563 57.8118 1.6
    endloop
  endfacet
  facet normal 0.980783 0.195101 0
    outer loop
      vertex 10.3265 57.4589 3.4
      vertex 10.2563 57.8118 1.6
      vertex 10.2563 57.8118 3.4
    endloop
  endfacet
  facet normal 0.980783 0.195101 0
    outer loop
      vertex 10.2563 57.8118 1.6
      vertex 10.3265 57.4589 3.4
      vertex 10.3265 57.4589 1.6
    endloop
  endfacet
  facet normal 0.751777 0.659417 0
    outer loop
      vertex 9.78172 58.7741 3.4
      vertex 9.54454 59.0445 1.6
      vertex 9.54454 59.0445 3.4
    endloop
  endfacet
  facet normal 0.751777 0.659417 0
    outer loop
      vertex 9.54454 59.0445 1.6
      vertex 9.78172 58.7741 3.4
      vertex 9.78172 58.7741 1.6
    endloop
  endfacet
  facet normal 0.831472 0.555566 0
    outer loop
      vertex 9.98157 58.475 3.4
      vertex 9.78172 58.7741 1.6
      vertex 9.78172 58.7741 3.4
    endloop
  endfacet
  facet normal 0.831472 0.555566 0
    outer loop
      vertex 9.78172 58.7741 1.6
      vertex 9.98157 58.475 3.4
      vertex 9.98157 58.475 1.6
    endloop
  endfacet
  facet normal 0.0653289 0.997864 -0
    outer loop
      vertex 7.95895 59.8265 1.6
      vertex 7.6 59.85 3.4
      vertex 7.95895 59.8265 3.4
    endloop
  endfacet
  facet normal 0.0653289 0.997864 0
    outer loop
      vertex 7.6 59.85 3.4
      vertex 7.95895 59.8265 1.6
      vertex 7.6 59.85 1.6
    endloop
  endfacet
  facet normal -0.89686 0.442314 0
    outer loop
      vertex 5.05933 58.1524 1.6
      vertex 5.21843 58.475 3.4
      vertex 5.21843 58.475 1.6
    endloop
  endfacet
  facet normal -0.89686 0.442314 0
    outer loop
      vertex 5.21843 58.475 3.4
      vertex 5.05933 58.1524 1.6
      vertex 5.05933 58.1524 3.4
    endloop
  endfacet
  facet normal -0.980799 0.19502 0
    outer loop
      vertex 4.87353 57.4589 1.6
      vertex 4.9437 57.8118 3.4
      vertex 4.9437 57.8118 1.6
    endloop
  endfacet
  facet normal -0.980799 0.19502 0
    outer loop
      vertex 4.9437 57.8118 3.4
      vertex 4.87353 57.4589 1.6
      vertex 4.87353 57.4589 3.4
    endloop
  endfacet
  facet normal -0.195154 0.980773 0
    outer loop
      vertex 7.24105 59.8265 1.6
      vertex 6.88825 59.7563 3.4
      vertex 7.24105 59.8265 3.4
    endloop
  endfacet
  facet normal -0.195154 0.980773 0
    outer loop
      vertex 6.88825 59.7563 3.4
      vertex 7.24105 59.8265 1.6
      vertex 6.88825 59.7563 1.6
    endloop
  endfacet
  facet normal 0.997863 -0.0653379 0
    outer loop
      vertex 10.3265 56.7411 3.4
      vertex 10.35 57.1 1.6
      vertex 10.35 57.1 3.4
    endloop
  endfacet
  facet normal 0.997863 -0.0653379 0
    outer loop
      vertex 10.35 57.1 1.6
      vertex 10.3265 56.7411 3.4
      vertex 10.3265 56.7411 1.6
    endloop
  endfacet
  facet normal 0.0653289 -0.997864 0
    outer loop
      vertex 7.6 54.35 1.6
      vertex 7.95895 54.3735 3.4
      vertex 7.6 54.35 3.4
    endloop
  endfacet
  facet normal 0.0653289 -0.997864 0
    outer loop
      vertex 7.95895 54.3735 3.4
      vertex 7.6 54.35 1.6
      vertex 7.95895 54.3735 1.6
    endloop
  endfacet
  facet normal 0.321369 -0.946954 0
    outer loop
      vertex 8.31175 54.4437 1.6
      vertex 8.65238 54.5593 3.4
      vertex 8.31175 54.4437 3.4
    endloop
  endfacet
  facet normal 0.321369 -0.946954 0
    outer loop
      vertex 8.65238 54.5593 3.4
      vertex 8.31175 54.4437 1.6
      vertex 8.65238 54.5593 1.6
    endloop
  endfacet
  facet normal 0.442292 -0.896871 0
    outer loop
      vertex 8.65238 54.5593 1.6
      vertex 8.975 54.7184 3.4
      vertex 8.65238 54.5593 3.4
    endloop
  endfacet
  facet normal 0.442292 -0.896871 0
    outer loop
      vertex 8.975 54.7184 3.4
      vertex 8.65238 54.5593 1.6
      vertex 8.975 54.7184 1.6
    endloop
  endfacet
  facet normal 0.65938 -0.75181 0
    outer loop
      vertex 9.27409 54.9183 1.6
      vertex 9.54454 55.1555 3.4
      vertex 9.27409 54.9183 3.4
    endloop
  endfacet
  facet normal 0.65938 -0.75181 0
    outer loop
      vertex 9.54454 55.1555 3.4
      vertex 9.27409 54.9183 1.6
      vertex 9.54454 55.1555 1.6
    endloop
  endfacet
  facet normal 0.555675 -0.8314 0
    outer loop
      vertex 8.975 54.7184 1.6
      vertex 9.27409 54.9183 3.4
      vertex 8.975 54.7184 3.4
    endloop
  endfacet
  facet normal 0.555675 -0.8314 0
    outer loop
      vertex 9.27409 54.9183 3.4
      vertex 8.975 54.7184 1.6
      vertex 9.27409 54.9183 1.6
    endloop
  endfacet
  facet normal 0.980783 -0.195101 0
    outer loop
      vertex 10.2563 56.3882 3.4
      vertex 10.3265 56.7411 1.6
      vertex 10.3265 56.7411 3.4
    endloop
  endfacet
  facet normal 0.980783 -0.195101 0
    outer loop
      vertex 10.3265 56.7411 1.6
      vertex 10.2563 56.3882 3.4
      vertex 10.2563 56.3882 1.6
    endloop
  endfacet
  facet normal 0.946945 -0.321394 0
    outer loop
      vertex 10.1407 56.0476 3.4
      vertex 10.2563 56.3882 1.6
      vertex 10.2563 56.3882 3.4
    endloop
  endfacet
  facet normal 0.946945 -0.321394 0
    outer loop
      vertex 10.2563 56.3882 1.6
      vertex 10.1407 56.0476 3.4
      vertex 10.1407 56.0476 1.6
    endloop
  endfacet
  facet normal -0.555675 -0.8314 0
    outer loop
      vertex 5.92591 54.9183 1.6
      vertex 6.225 54.7184 3.4
      vertex 5.92591 54.9183 3.4
    endloop
  endfacet
  facet normal -0.555675 -0.8314 -0
    outer loop
      vertex 6.225 54.7184 3.4
      vertex 5.92591 54.9183 1.6
      vertex 6.225 54.7184 1.6
    endloop
  endfacet
  facet normal -0.195154 -0.980773 0
    outer loop
      vertex 6.88825 54.4437 1.6
      vertex 7.24105 54.3735 3.4
      vertex 6.88825 54.4437 3.4
    endloop
  endfacet
  facet normal -0.195154 -0.980773 -0
    outer loop
      vertex 7.24105 54.3735 3.4
      vertex 6.88825 54.4437 1.6
      vertex 7.24105 54.3735 1.6
    endloop
  endfacet
  facet normal -0.89686 -0.442314 0
    outer loop
      vertex 5.21843 55.725 1.6
      vertex 5.05933 56.0476 3.4
      vertex 5.05933 56.0476 1.6
    endloop
  endfacet
  facet normal -0.89686 -0.442314 0
    outer loop
      vertex 5.05933 56.0476 3.4
      vertex 5.21843 55.725 1.6
      vertex 5.21843 55.725 3.4
    endloop
  endfacet
  facet normal -0.94692 -0.321469 0
    outer loop
      vertex 5.05933 56.0476 1.6
      vertex 4.9437 56.3882 3.4
      vertex 4.9437 56.3882 1.6
    endloop
  endfacet
  facet normal -0.94692 -0.321469 0
    outer loop
      vertex 4.9437 56.3882 3.4
      vertex 5.05933 56.0476 1.6
      vertex 5.05933 56.0476 3.4
    endloop
  endfacet
  facet normal -0.997858 -0.065421 0
    outer loop
      vertex 4.87353 56.7411 1.6
      vertex 4.85 57.1 3.4
      vertex 4.85 57.1 1.6
    endloop
  endfacet
  facet normal -0.997858 -0.065421 0
    outer loop
      vertex 4.85 57.1 3.4
      vertex 4.87353 56.7411 1.6
      vertex 4.87353 56.7411 3.4
    endloop
  endfacet
  facet normal 0.442292 0.896871 -0
    outer loop
      vertex 8.975 59.4816 1.6
      vertex 8.65238 59.6407 3.4
      vertex 8.975 59.4816 3.4
    endloop
  endfacet
  facet normal 0.442292 0.896871 0
    outer loop
      vertex 8.65238 59.6407 3.4
      vertex 8.975 59.4816 1.6
      vertex 8.65238 59.6407 1.6
    endloop
  endfacet
  facet normal 0.195154 -0.980773 0
    outer loop
      vertex 7.95895 54.3735 1.6
      vertex 8.31175 54.4437 3.4
      vertex 7.95895 54.3735 3.4
    endloop
  endfacet
  facet normal 0.195154 -0.980773 0
    outer loop
      vertex 8.31175 54.4437 3.4
      vertex 7.95895 54.3735 1.6
      vertex 8.31175 54.4437 1.6
    endloop
  endfacet
  facet normal 0.896827 -0.442381 0
    outer loop
      vertex 9.98157 55.725 3.4
      vertex 10.1407 56.0476 1.6
      vertex 10.1407 56.0476 3.4
    endloop
  endfacet
  facet normal 0.896827 -0.442381 0
    outer loop
      vertex 10.1407 56.0476 1.6
      vertex 9.98157 55.725 3.4
      vertex 9.98157 55.725 1.6
    endloop
  endfacet
  facet normal -0.442292 -0.896871 0
    outer loop
      vertex 6.225 54.7184 1.6
      vertex 6.54762 54.5593 3.4
      vertex 6.225 54.7184 3.4
    endloop
  endfacet
  facet normal -0.442292 -0.896871 -0
    outer loop
      vertex 6.54762 54.5593 3.4
      vertex 6.225 54.7184 1.6
      vertex 6.54762 54.5593 1.6
    endloop
  endfacet
  facet normal -0.831472 -0.555566 0
    outer loop
      vertex 5.41828 55.4259 1.6
      vertex 5.21843 55.725 3.4
      vertex 5.21843 55.725 1.6
    endloop
  endfacet
  facet normal -0.831472 -0.555566 0
    outer loop
      vertex 5.21843 55.725 3.4
      vertex 5.41828 55.4259 1.6
      vertex 5.41828 55.4259 3.4
    endloop
  endfacet
  facet normal -0.980799 -0.19502 0
    outer loop
      vertex 4.9437 56.3882 1.6
      vertex 4.87353 56.7411 3.4
      vertex 4.87353 56.7411 1.6
    endloop
  endfacet
  facet normal -0.980799 -0.19502 0
    outer loop
      vertex 4.87353 56.7411 3.4
      vertex 4.9437 56.3882 1.6
      vertex 4.9437 56.3882 3.4
    endloop
  endfacet
  facet normal 0 0 1
    outer loop
      vertex 8.825 57.1 3.4
      vertex 10.35 57.1 3.4
      vertex 10.3265 57.4589 3.4
    endloop
  endfacet
  facet normal 0 0 1
    outer loop
      vertex 8.81452 57.2599 3.4
      vertex 10.3265 57.4589 3.4
      vertex 10.2563 57.8118 3.4
    endloop
  endfacet
  facet normal 0 0 1
    outer loop
      vertex 10.35 57.1 3.4
      vertex 8.825 57.1 3.4
      vertex 10.3265 56.7411 3.4
    endloop
  endfacet
  facet normal 0 0 1
    outer loop
      vertex 8.78326 57.4171 3.4
      vertex 10.2563 57.8118 3.4
      vertex 10.1407 58.1524 3.4
    endloop
  endfacet
  facet normal -0 0 1
    outer loop
      vertex 8.81452 56.9401 3.4
      vertex 10.3265 56.7411 3.4
      vertex 8.825 57.1 3.4
    endloop
  endfacet
  facet normal 0 0 1
    outer loop
      vertex 8.73175 57.5688 3.4
      vertex 10.1407 58.1524 3.4
      vertex 9.98157 58.475 3.4
    endloop
  endfacet
  facet normal 0 0 1
    outer loop
      vertex 10.3265 56.7411 3.4
      vertex 8.81452 56.9401 3.4
      vertex 10.2563 56.3882 3.4
    endloop
  endfacet
  facet normal 0 0 1
    outer loop
      vertex 8.66088 57.7125 3.4
      vertex 9.98157 58.475 3.4
      vertex 9.78172 58.7741 3.4
    endloop
  endfacet
  facet normal -0 0 1
    outer loop
      vertex 8.78326 56.7829 3.4
      vertex 10.2563 56.3882 3.4
      vertex 8.81452 56.9401 3.4
    endloop
  endfacet
  facet normal 0 0 1
    outer loop
      vertex 8.57186 57.8457 3.4
      vertex 9.78172 58.7741 3.4
      vertex 9.54454 59.0445 3.4
    endloop
  endfacet
  facet normal 0 0 1
    outer loop
      vertex 10.2563 56.3882 3.4
      vertex 8.78326 56.7829 3.4
      vertex 10.1407 56.0476 3.4
    endloop
  endfacet
  facet normal 0 0 1
    outer loop
      vertex 8.46621 57.9662 3.4
      vertex 9.54454 59.0445 3.4
      vertex 9.27409 59.2817 3.4
    endloop
  endfacet
  facet normal -0 0 1
    outer loop
      vertex 8.73175 56.6312 3.4
      vertex 10.1407 56.0476 3.4
      vertex 8.78326 56.7829 3.4
    endloop
  endfacet
  facet normal 0 0 1
    outer loop
      vertex 8.34573 58.0719 3.4
      vertex 9.27409 59.2817 3.4
      vertex 8.975 59.4816 3.4
    endloop
  endfacet
  facet normal 0 0 1
    outer loop
      vertex 10.1407 56.0476 3.4
      vertex 8.73175 56.6312 3.4
      vertex 9.98157 55.725 3.4
    endloop
  endfacet
  facet normal -0 0 1
    outer loop
      vertex 8.66088 56.4875 3.4
      vertex 9.98157 55.725 3.4
      vertex 8.73175 56.6312 3.4
    endloop
  endfacet
  facet normal 0 0 1
    outer loop
      vertex 10.3265 57.4589 3.4
      vertex 8.81452 57.2599 3.4
      vertex 8.825 57.1 3.4
    endloop
  endfacet
  facet normal 0 0 1
    outer loop
      vertex 10.2563 57.8118 3.4
      vertex 8.78326 57.4171 3.4
      vertex 8.81452 57.2599 3.4
    endloop
  endfacet
  facet normal 0 0 1
    outer loop
      vertex 10.1407 58.1524 3.4
      vertex 8.73175 57.5688 3.4
      vertex 8.78326 57.4171 3.4
    endloop
  endfacet
  facet normal 0 0 1
    outer loop
      vertex 9.98157 58.475 3.4
      vertex 8.66088 57.7125 3.4
      vertex 8.73175 57.5688 3.4
    endloop
  endfacet
  facet normal 0 0 1
    outer loop
      vertex 8.2125 58.1609 3.4
      vertex 8.975 59.4816 3.4
      vertex 8.65238 59.6407 3.4
    endloop
  endfacet
  facet normal 0 0 1
    outer loop
      vertex 9.78172 58.7741 3.4
      vertex 8.57186 57.8457 3.4
      vertex 8.66088 57.7125 3.4
    endloop
  endfacet
  facet normal 0 0 1
    outer loop
      vertex 9.54454 59.0445 3.4
      vertex 8.46621 57.9662 3.4
      vertex 8.57186 57.8457 3.4
    endloop
  endfacet
  facet normal 0 0 1
    outer loop
      vertex 9.27409 59.2817 3.4
      vertex 8.34573 58.0719 3.4
      vertex 8.46621 57.9662 3.4
    endloop
  endfacet
  facet normal 0 0 1
    outer loop
      vertex 8.06879 58.2318 3.4
      vertex 8.65238 59.6407 3.4
      vertex 8.31175 59.7563 3.4
    endloop
  endfacet
  facet normal 0 0 1
    outer loop
      vertex 8.975 59.4816 3.4
      vertex 8.2125 58.1609 3.4
      vertex 8.34573 58.0719 3.4
    endloop
  endfacet
  facet normal 0 0 1
    outer loop
      vertex 8.65238 59.6407 3.4
      vertex 8.06879 58.2318 3.4
      vertex 8.2125 58.1609 3.4
    endloop
  endfacet
  facet normal 0 0 1
    outer loop
      vertex 7.91705 58.2833 3.4
      vertex 8.31175 59.7563 3.4
      vertex 7.95895 59.8265 3.4
    endloop
  endfacet
  facet normal 0 0 1
    outer loop
      vertex 8.31175 59.7563 3.4
      vertex 7.91705 58.2833 3.4
      vertex 8.06879 58.2318 3.4
    endloop
  endfacet
  facet normal 0 0 1
    outer loop
      vertex 7.95895 59.8265 3.4
      vertex 7.75989 58.3145 3.4
      vertex 7.91705 58.2833 3.4
    endloop
  endfacet
  facet normal 0 0 1
    outer loop
      vertex 7.6 59.85 3.4
      vertex 7.75989 58.3145 3.4
      vertex 7.95895 59.8265 3.4
    endloop
  endfacet
  facet normal 0 0 1
    outer loop
      vertex 7.6 59.85 3.4
      vertex 7.6 58.325 3.4
      vertex 7.75989 58.3145 3.4
    endloop
  endfacet
  facet normal 0 0 1
    outer loop
      vertex 7.6 59.85 3.4
      vertex 7.4401 58.3145 3.4
      vertex 7.6 58.325 3.4
    endloop
  endfacet
  facet normal -0 0 1
    outer loop
      vertex 7.24105 59.8265 3.4
      vertex 7.4401 58.3145 3.4
      vertex 7.6 59.85 3.4
    endloop
  endfacet
  facet normal 0 0 1
    outer loop
      vertex 7.4401 58.3145 3.4
      vertex 7.24105 59.8265 3.4
      vertex 7.28295 58.2833 3.4
    endloop
  endfacet
  facet normal -0 0 1
    outer loop
      vertex 6.88825 59.7563 3.4
      vertex 7.28295 58.2833 3.4
      vertex 7.24105 59.8265 3.4
    endloop
  endfacet
  facet normal 0 0 1
    outer loop
      vertex 7.28295 58.2833 3.4
      vertex 6.88825 59.7563 3.4
      vertex 7.13121 58.2318 3.4
    endloop
  endfacet
  facet normal -0 0 1
    outer loop
      vertex 6.54762 59.6407 3.4
      vertex 7.13121 58.2318 3.4
      vertex 6.88825 59.7563 3.4
    endloop
  endfacet
  facet normal 0 0 1
    outer loop
      vertex 7.13121 58.2318 3.4
      vertex 6.54762 59.6407 3.4
      vertex 6.9875 58.1609 3.4
    endloop
  endfacet
  facet normal -0 0 1
    outer loop
      vertex 6.225 59.4816 3.4
      vertex 6.9875 58.1609 3.4
      vertex 6.54762 59.6407 3.4
    endloop
  endfacet
  facet normal 0 0 1
    outer loop
      vertex 6.9875 58.1609 3.4
      vertex 6.225 59.4816 3.4
      vertex 6.85427 58.0719 3.4
    endloop
  endfacet
  facet normal -0 0 1
    outer loop
      vertex 5.92591 59.2817 3.4
      vertex 6.85427 58.0719 3.4
      vertex 6.225 59.4816 3.4
    endloop
  endfacet
  facet normal 0 0 1
    outer loop
      vertex 6.85427 58.0719 3.4
      vertex 5.92591 59.2817 3.4
      vertex 6.73379 57.9662 3.4
    endloop
  endfacet
  facet normal -0 0 1
    outer loop
      vertex 5.65546 59.0445 3.4
      vertex 6.73379 57.9662 3.4
      vertex 5.92591 59.2817 3.4
    endloop
  endfacet
  facet normal 0 0 1
    outer loop
      vertex 6.73379 57.9662 3.4
      vertex 5.65546 59.0445 3.4
      vertex 6.62814 57.8457 3.4
    endloop
  endfacet
  facet normal -0 0 1
    outer loop
      vertex 5.41828 58.7741 3.4
      vertex 6.62814 57.8457 3.4
      vertex 5.65546 59.0445 3.4
    endloop
  endfacet
  facet normal -0 0 1
    outer loop
      vertex 5.21843 58.475 3.4
      vertex 6.53912 57.7125 3.4
      vertex 5.41828 58.7741 3.4
    endloop
  endfacet
  facet normal 0 0 1
    outer loop
      vertex 6.62814 57.8457 3.4
      vertex 5.41828 58.7741 3.4
      vertex 6.53912 57.7125 3.4
    endloop
  endfacet
  facet normal 0 0 1
    outer loop
      vertex 9.98157 55.725 3.4
      vertex 8.66088 56.4875 3.4
      vertex 9.78172 55.4259 3.4
    endloop
  endfacet
  facet normal -0 0 1
    outer loop
      vertex 8.57186 56.3543 3.4
      vertex 9.78172 55.4259 3.4
      vertex 8.66088 56.4875 3.4
    endloop
  endfacet
  facet normal 0 0 1
    outer loop
      vertex 9.78172 55.4259 3.4
      vertex 8.57186 56.3543 3.4
      vertex 9.54454 55.1555 3.4
    endloop
  endfacet
  facet normal -0 0 1
    outer loop
      vertex 8.46621 56.2338 3.4
      vertex 9.54454 55.1555 3.4
      vertex 8.57186 56.3543 3.4
    endloop
  endfacet
  facet normal 0 0 1
    outer loop
      vertex 9.54454 55.1555 3.4
      vertex 8.46621 56.2338 3.4
      vertex 9.27409 54.9183 3.4
    endloop
  endfacet
  facet normal -0 0 1
    outer loop
      vertex 8.34573 56.1281 3.4
      vertex 9.27409 54.9183 3.4
      vertex 8.46621 56.2338 3.4
    endloop
  endfacet
  facet normal 0 0 1
    outer loop
      vertex 9.27409 54.9183 3.4
      vertex 8.34573 56.1281 3.4
      vertex 8.975 54.7184 3.4
    endloop
  endfacet
  facet normal -0 0 1
    outer loop
      vertex 8.2125 56.0391 3.4
      vertex 8.975 54.7184 3.4
      vertex 8.34573 56.1281 3.4
    endloop
  endfacet
  facet normal 0 0 1
    outer loop
      vertex 8.975 54.7184 3.4
      vertex 8.2125 56.0391 3.4
      vertex 8.65238 54.5593 3.4
    endloop
  endfacet
  facet normal -0 0 1
    outer loop
      vertex 8.06879 55.9682 3.4
      vertex 8.65238 54.5593 3.4
      vertex 8.2125 56.0391 3.4
    endloop
  endfacet
  facet normal 0 0 1
    outer loop
      vertex 8.65238 54.5593 3.4
      vertex 8.06879 55.9682 3.4
      vertex 8.31175 54.4437 3.4
    endloop
  endfacet
  facet normal -0 0 1
    outer loop
      vertex 7.91705 55.9167 3.4
      vertex 8.31175 54.4437 3.4
      vertex 8.06879 55.9682 3.4
    endloop
  endfacet
  facet normal 0 0 1
    outer loop
      vertex 8.31175 54.4437 3.4
      vertex 7.91705 55.9167 3.4
      vertex 7.95895 54.3735 3.4
    endloop
  endfacet
  facet normal -0 0 1
    outer loop
      vertex 7.75989 55.8855 3.4
      vertex 7.95895 54.3735 3.4
      vertex 7.91705 55.9167 3.4
    endloop
  endfacet
  facet normal -0 0 1
    outer loop
      vertex 7.6 55.875 3.4
      vertex 7.95895 54.3735 3.4
      vertex 7.75989 55.8855 3.4
    endloop
  endfacet
  facet normal 0 0 1
    outer loop
      vertex 7.6 55.875 3.4
      vertex 7.6 54.35 3.4
      vertex 7.95895 54.3735 3.4
    endloop
  endfacet
  facet normal 0 0 1
    outer loop
      vertex 7.4401 55.8855 3.4
      vertex 7.6 54.35 3.4
      vertex 7.6 55.875 3.4
    endloop
  endfacet
  facet normal 0 0 1
    outer loop
      vertex 7.24105 54.3735 3.4
      vertex 7.4401 55.8855 3.4
      vertex 7.28295 55.9167 3.4
    endloop
  endfacet
  facet normal 0 0 1
    outer loop
      vertex 7.4401 55.8855 3.4
      vertex 7.24105 54.3735 3.4
      vertex 7.6 54.35 3.4
    endloop
  endfacet
  facet normal 0 0 1
    outer loop
      vertex 6.88825 54.4437 3.4
      vertex 7.28295 55.9167 3.4
      vertex 7.13121 55.9682 3.4
    endloop
  endfacet
  facet normal 0 0 1
    outer loop
      vertex 6.54762 54.5593 3.4
      vertex 7.13121 55.9682 3.4
      vertex 6.9875 56.0391 3.4
    endloop
  endfacet
  facet normal 0 0 1
    outer loop
      vertex 7.28295 55.9167 3.4
      vertex 6.88825 54.4437 3.4
      vertex 7.24105 54.3735 3.4
    endloop
  endfacet
  facet normal 0 0 1
    outer loop
      vertex 6.225 54.7184 3.4
      vertex 6.9875 56.0391 3.4
      vertex 6.85427 56.1281 3.4
    endloop
  endfacet
  facet normal 0 0 1
    outer loop
      vertex 5.92591 54.9183 3.4
      vertex 6.85427 56.1281 3.4
      vertex 6.73379 56.2338 3.4
    endloop
  endfacet
  facet normal 0 0 1
    outer loop
      vertex 5.65546 55.1555 3.4
      vertex 6.73379 56.2338 3.4
      vertex 6.62814 56.3543 3.4
    endloop
  endfacet
  facet normal 0 0 1
    outer loop
      vertex 7.13121 55.9682 3.4
      vertex 6.54762 54.5593 3.4
      vertex 6.88825 54.4437 3.4
    endloop
  endfacet
  facet normal 0 0 1
    outer loop
      vertex 5.41828 55.4259 3.4
      vertex 6.62814 56.3543 3.4
      vertex 6.53912 56.4875 3.4
    endloop
  endfacet
  facet normal 0 0 1
    outer loop
      vertex 5.21843 55.725 3.4
      vertex 6.53912 56.4875 3.4
      vertex 6.46825 56.6312 3.4
    endloop
  endfacet
  facet normal 0 0 1
    outer loop
      vertex 5.05933 56.0476 3.4
      vertex 6.46825 56.6312 3.4
      vertex 6.41674 56.7829 3.4
    endloop
  endfacet
  facet normal 0 0 1
    outer loop
      vertex 4.9437 56.3882 3.4
      vertex 6.41674 56.7829 3.4
      vertex 6.38548 56.9401 3.4
    endloop
  endfacet
  facet normal 0 0 1
    outer loop
      vertex 6.9875 56.0391 3.4
      vertex 6.225 54.7184 3.4
      vertex 6.54762 54.5593 3.4
    endloop
  endfacet
  facet normal 0 0 1
    outer loop
      vertex 4.87353 56.7411 3.4
      vertex 6.38548 56.9401 3.4
      vertex 6.375 57.1 3.4
    endloop
  endfacet
  facet normal 0 0 1
    outer loop
      vertex 6.53912 57.7125 3.4
      vertex 5.21843 58.475 3.4
      vertex 6.46825 57.5688 3.4
    endloop
  endfacet
  facet normal -0 0 1
    outer loop
      vertex 5.05933 58.1524 3.4
      vertex 6.46825 57.5688 3.4
      vertex 5.21843 58.475 3.4
    endloop
  endfacet
  facet normal 0 0 1
    outer loop
      vertex 6.85427 56.1281 3.4
      vertex 5.92591 54.9183 3.4
      vertex 6.225 54.7184 3.4
    endloop
  endfacet
  facet normal 0 0 1
    outer loop
      vertex 6.46825 57.5688 3.4
      vertex 5.05933 58.1524 3.4
      vertex 6.41674 57.4171 3.4
    endloop
  endfacet
  facet normal 0 0 1
    outer loop
      vertex 6.73379 56.2338 3.4
      vertex 5.65546 55.1555 3.4
      vertex 5.92591 54.9183 3.4
    endloop
  endfacet
  facet normal -0 0 1
    outer loop
      vertex 4.9437 57.8118 3.4
      vertex 6.41674 57.4171 3.4
      vertex 5.05933 58.1524 3.4
    endloop
  endfacet
  facet normal 0 0 1
    outer loop
      vertex 6.62814 56.3543 3.4
      vertex 5.41828 55.4259 3.4
      vertex 5.65546 55.1555 3.4
    endloop
  endfacet
  facet normal 0 0 1
    outer loop
      vertex 6.41674 57.4171 3.4
      vertex 4.9437 57.8118 3.4
      vertex 6.38548 57.2599 3.4
    endloop
  endfacet
  facet normal 0 0 1
    outer loop
      vertex 6.53912 56.4875 3.4
      vertex 5.21843 55.725 3.4
      vertex 5.41828 55.4259 3.4
    endloop
  endfacet
  facet normal -0 0 1
    outer loop
      vertex 4.87353 57.4589 3.4
      vertex 6.38548 57.2599 3.4
      vertex 4.9437 57.8118 3.4
    endloop
  endfacet
  facet normal 0 0 1
    outer loop
      vertex 6.46825 56.6312 3.4
      vertex 5.05933 56.0476 3.4
      vertex 5.21843 55.725 3.4
    endloop
  endfacet
  facet normal 0 0 1
    outer loop
      vertex 6.38548 57.2599 3.4
      vertex 4.87353 57.4589 3.4
      vertex 6.375 57.1 3.4
    endloop
  endfacet
  facet normal 0 0 1
    outer loop
      vertex 6.41674 56.7829 3.4
      vertex 4.9437 56.3882 3.4
      vertex 5.05933 56.0476 3.4
    endloop
  endfacet
  facet normal 0 0 1
    outer loop
      vertex 4.85 57.1 3.4
      vertex 6.375 57.1 3.4
      vertex 4.87353 57.4589 3.4
    endloop
  endfacet
  facet normal 0 0 1
    outer loop
      vertex 6.38548 56.9401 3.4
      vertex 4.87353 56.7411 3.4
      vertex 4.9437 56.3882 3.4
    endloop
  endfacet
  facet normal 0 0 1
    outer loop
      vertex 6.375 57.1 3.4
      vertex 4.85 57.1 3.4
      vertex 4.87353 56.7411 3.4
    endloop
  endfacet
  facet normal 0.89686 0.442314 0
    outer loop
      vertex 8.73175 57.5688 4.8
      vertex 8.66088 57.7125 3.4
      vertex 8.66088 57.7125 4.8
    endloop
  endfacet
  facet normal 0.89686 0.442314 0
    outer loop
      vertex 8.66088 57.7125 3.4
      vertex 8.73175 57.5688 4.8
      vertex 8.73175 57.5688 3.4
    endloop
  endfacet
  facet normal -0.980796 0.195036 0
    outer loop
      vertex 6.38548 57.2599 3.4
      vertex 6.41674 57.4171 4.8
      vertex 6.41674 57.4171 3.4
    endloop
  endfacet
  facet normal -0.980796 0.195036 0
    outer loop
      vertex 6.41674 57.4171 4.8
      vertex 6.38548 57.2599 3.4
      vertex 6.38548 57.2599 4.8
    endloop
  endfacet
  facet normal 0.831416 0.555651 0
    outer loop
      vertex 8.66088 57.7125 4.8
      vertex 8.57186 57.8457 3.4
      vertex 8.57186 57.8457 4.8
    endloop
  endfacet
  facet normal 0.831416 0.555651 0
    outer loop
      vertex 8.57186 57.8457 3.4
      vertex 8.66088 57.7125 4.8
      vertex 8.66088 57.7125 3.4
    endloop
  endfacet
  facet normal 0.32139 0.946947 -0
    outer loop
      vertex 8.06879 58.2318 3.4
      vertex 7.91705 58.2833 4.8
      vertex 8.06879 58.2318 4.8
    endloop
  endfacet
  facet normal 0.32139 0.946947 0
    outer loop
      vertex 7.91705 58.2833 4.8
      vertex 8.06879 58.2318 3.4
      vertex 7.91705 58.2833 3.4
    endloop
  endfacet
  facet normal -0.44244 0.896798 0
    outer loop
      vertex 7.13121 58.2318 3.4
      vertex 6.9875 58.1609 4.8
      vertex 7.13121 58.2318 4.8
    endloop
  endfacet
  facet normal -0.44244 0.896798 0
    outer loop
      vertex 6.9875 58.1609 4.8
      vertex 7.13121 58.2318 3.4
      vertex 6.9875 58.1609 3.4
    endloop
  endfacet
  facet normal -0.946902 0.321522 0
    outer loop
      vertex 6.41674 57.4171 3.4
      vertex 6.46825 57.5688 4.8
      vertex 6.46825 57.5688 3.4
    endloop
  endfacet
  facet normal -0.946902 0.321522 0
    outer loop
      vertex 6.46825 57.5688 4.8
      vertex 6.41674 57.4171 3.4
      vertex 6.41674 57.4171 4.8
    endloop
  endfacet
  facet normal 0.980796 -0.195036 0
    outer loop
      vertex 8.78326 56.7829 4.8
      vertex 8.81452 56.9401 3.4
      vertex 8.81452 56.9401 4.8
    endloop
  endfacet
  facet normal 0.980796 -0.195036 0
    outer loop
      vertex 8.81452 56.9401 3.4
      vertex 8.78326 56.7829 4.8
      vertex 8.78326 56.7829 3.4
    endloop
  endfacet
  facet normal 0.44244 -0.896798 0
    outer loop
      vertex 8.06879 55.9682 3.4
      vertex 8.2125 56.0391 4.8
      vertex 8.06879 55.9682 4.8
    endloop
  endfacet
  facet normal 0.44244 -0.896798 0
    outer loop
      vertex 8.2125 56.0391 4.8
      vertex 8.06879 55.9682 3.4
      vertex 8.2125 56.0391 3.4
    endloop
  endfacet
  facet normal 0.659493 0.75171 -0
    outer loop
      vertex 8.46621 57.9662 3.4
      vertex 8.34573 58.0719 4.8
      vertex 8.46621 57.9662 4.8
    endloop
  endfacet
  facet normal 0.659493 0.75171 0
    outer loop
      vertex 8.34573 58.0719 4.8
      vertex 8.46621 57.9662 3.4
      vertex 8.34573 58.0719 3.4
    endloop
  endfacet
  facet normal 0.065529 0.997851 -0
    outer loop
      vertex 7.75989 58.3145 3.4
      vertex 7.6 58.325 4.8
      vertex 7.75989 58.3145 4.8
    endloop
  endfacet
  facet normal 0.065529 0.997851 0
    outer loop
      vertex 7.6 58.325 4.8
      vertex 7.75989 58.3145 3.4
      vertex 7.6 58.325 3.4
    endloop
  endfacet
  facet normal -0.997859 0.0654006 0
    outer loop
      vertex 6.375 57.1 3.4
      vertex 6.38548 57.2599 4.8
      vertex 6.38548 57.2599 3.4
    endloop
  endfacet
  facet normal -0.997859 0.0654006 0
    outer loop
      vertex 6.38548 57.2599 4.8
      vertex 6.375 57.1 3.4
      vertex 6.375 57.1 4.8
    endloop
  endfacet
  facet normal -0.831416 0.555651 0
    outer loop
      vertex 6.53912 57.7125 3.4
      vertex 6.62814 57.8457 4.8
      vertex 6.62814 57.8457 3.4
    endloop
  endfacet
  facet normal -0.831416 0.555651 0
    outer loop
      vertex 6.62814 57.8457 4.8
      vertex 6.53912 57.7125 3.4
      vertex 6.53912 57.7125 4.8
    endloop
  endfacet
  facet normal -0.751919 0.659255 0
    outer loop
      vertex 6.62814 57.8457 3.4
      vertex 6.73379 57.9662 4.8
      vertex 6.73379 57.9662 3.4
    endloop
  endfacet
  facet normal -0.751919 0.659255 0
    outer loop
      vertex 6.73379 57.9662 4.8
      vertex 6.62814 57.8457 3.4
      vertex 6.62814 57.8457 4.8
    endloop
  endfacet
  facet normal 0.946902 -0.321522 0
    outer loop
      vertex 8.73175 56.6312 4.8
      vertex 8.78326 56.7829 3.4
      vertex 8.78326 56.7829 4.8
    endloop
  endfacet
  facet normal 0.946902 -0.321522 0
    outer loop
      vertex 8.78326 56.7829 3.4
      vertex 8.73175 56.6312 4.8
      vertex 8.73175 56.6312 3.4
    endloop
  endfacet
  facet normal -0.0655249 -0.997851 0
    outer loop
      vertex 7.4401 55.8855 3.4
      vertex 7.6 55.875 4.8
      vertex 7.4401 55.8855 4.8
    endloop
  endfacet
  facet normal -0.0655249 -0.997851 -0
    outer loop
      vertex 7.6 55.875 4.8
      vertex 7.4401 55.8855 3.4
      vertex 7.6 55.875 3.4
    endloop
  endfacet
  facet normal 0.32139 -0.946947 0
    outer loop
      vertex 7.91705 55.9167 3.4
      vertex 8.06879 55.9682 4.8
      vertex 7.91705 55.9167 4.8
    endloop
  endfacet
  facet normal 0.32139 -0.946947 0
    outer loop
      vertex 8.06879 55.9682 4.8
      vertex 7.91705 55.9167 3.4
      vertex 8.06879 55.9682 3.4
    endloop
  endfacet
  facet normal 0.980796 0.195036 0
    outer loop
      vertex 8.81452 57.2599 4.8
      vertex 8.78326 57.4171 3.4
      vertex 8.78326 57.4171 4.8
    endloop
  endfacet
  facet normal 0.980796 0.195036 0
    outer loop
      vertex 8.78326 57.4171 3.4
      vertex 8.81452 57.2599 4.8
      vertex 8.81452 57.2599 3.4
    endloop
  endfacet
  facet normal 0.946902 0.321522 0
    outer loop
      vertex 8.78326 57.4171 4.8
      vertex 8.73175 57.5688 3.4
      vertex 8.73175 57.5688 4.8
    endloop
  endfacet
  facet normal 0.946902 0.321522 0
    outer loop
      vertex 8.73175 57.5688 3.4
      vertex 8.78326 57.4171 4.8
      vertex 8.78326 57.4171 3.4
    endloop
  endfacet
  facet normal 0.751919 0.659255 0
    outer loop
      vertex 8.57186 57.8457 4.8
      vertex 8.46621 57.9662 3.4
      vertex 8.46621 57.9662 4.8
    endloop
  endfacet
  facet normal 0.751919 0.659255 0
    outer loop
      vertex 8.46621 57.9662 3.4
      vertex 8.57186 57.8457 4.8
      vertex 8.57186 57.8457 3.4
    endloop
  endfacet
  facet normal -0.0655249 0.997851 0
    outer loop
      vertex 7.6 58.325 3.4
      vertex 7.4401 58.3145 4.8
      vertex 7.6 58.325 4.8
    endloop
  endfacet
  facet normal -0.0655249 0.997851 0
    outer loop
      vertex 7.4401 58.3145 4.8
      vertex 7.6 58.325 3.4
      vertex 7.4401 58.3145 3.4
    endloop
  endfacet
  facet normal 0.194724 0.980858 -0
    outer loop
      vertex 7.91705 58.2833 3.4
      vertex 7.75989 58.3145 4.8
      vertex 7.91705 58.2833 4.8
    endloop
  endfacet
  facet normal 0.194724 0.980858 0
    outer loop
      vertex 7.75989 58.3145 4.8
      vertex 7.91705 58.2833 3.4
      vertex 7.75989 58.3145 3.4
    endloop
  endfacet
  facet normal 0.555478 0.831531 -0
    outer loop
      vertex 8.34573 58.0719 3.4
      vertex 8.2125 58.1609 4.8
      vertex 8.34573 58.0719 4.8
    endloop
  endfacet
  facet normal 0.555478 0.831531 0
    outer loop
      vertex 8.2125 58.1609 4.8
      vertex 8.34573 58.0719 3.4
      vertex 8.2125 58.1609 3.4
    endloop
  endfacet
  facet normal 0.44244 0.896798 -0
    outer loop
      vertex 8.2125 58.1609 3.4
      vertex 8.06879 58.2318 4.8
      vertex 8.2125 58.1609 4.8
    endloop
  endfacet
  facet normal 0.44244 0.896798 0
    outer loop
      vertex 8.06879 58.2318 4.8
      vertex 8.2125 58.1609 3.4
      vertex 8.06879 58.2318 3.4
    endloop
  endfacet
  facet normal 0 0 1
    outer loop
      vertex 8.81452 57.2599 4.8
      vertex 8.81452 56.9401 4.8
      vertex 8.825 57.1 4.8
    endloop
  endfacet
  facet normal 0 0 1
    outer loop
      vertex 8.78326 57.4171 4.8
      vertex 8.81452 56.9401 4.8
      vertex 8.81452 57.2599 4.8
    endloop
  endfacet
  facet normal 0 0 1
    outer loop
      vertex 8.78326 57.4171 4.8
      vertex 8.78326 56.7829 4.8
      vertex 8.81452 56.9401 4.8
    endloop
  endfacet
  facet normal 0 0 1
    outer loop
      vertex 8.73175 57.5688 4.8
      vertex 8.78326 56.7829 4.8
      vertex 8.78326 57.4171 4.8
    endloop
  endfacet
  facet normal 0 0 1
    outer loop
      vertex 8.73175 57.5688 4.8
      vertex 8.73175 56.6312 4.8
      vertex 8.78326 56.7829 4.8
    endloop
  endfacet
  facet normal 0 0 1
    outer loop
      vertex 8.66088 57.7125 4.8
      vertex 8.73175 56.6312 4.8
      vertex 8.73175 57.5688 4.8
    endloop
  endfacet
  facet normal 0 0 1
    outer loop
      vertex 8.66088 57.7125 4.8
      vertex 8.66088 56.4875 4.8
      vertex 8.73175 56.6312 4.8
    endloop
  endfacet
  facet normal 0 0 1
    outer loop
      vertex 8.57186 57.8457 4.8
      vertex 8.66088 56.4875 4.8
      vertex 8.66088 57.7125 4.8
    endloop
  endfacet
  facet normal 0 0 1
    outer loop
      vertex 8.57186 57.8457 4.8
      vertex 8.57186 56.3543 4.8
      vertex 8.66088 56.4875 4.8
    endloop
  endfacet
  facet normal 0 0 1
    outer loop
      vertex 8.46621 57.9662 4.8
      vertex 8.57186 56.3543 4.8
      vertex 8.57186 57.8457 4.8
    endloop
  endfacet
  facet normal 0 0 1
    outer loop
      vertex 8.46621 57.9662 4.8
      vertex 8.46621 56.2338 4.8
      vertex 8.57186 56.3543 4.8
    endloop
  endfacet
  facet normal 0 0 1
    outer loop
      vertex 8.34573 58.0719 4.8
      vertex 8.46621 56.2338 4.8
      vertex 8.46621 57.9662 4.8
    endloop
  endfacet
  facet normal 0 0 1
    outer loop
      vertex 8.34573 58.0719 4.8
      vertex 8.34573 56.1281 4.8
      vertex 8.46621 56.2338 4.8
    endloop
  endfacet
  facet normal 0 0 1
    outer loop
      vertex 8.2125 58.1609 4.8
      vertex 8.34573 56.1281 4.8
      vertex 8.34573 58.0719 4.8
    endloop
  endfacet
  facet normal 0 0 1
    outer loop
      vertex 8.2125 58.1609 4.8
      vertex 8.2125 56.0391 4.8
      vertex 8.34573 56.1281 4.8
    endloop
  endfacet
  facet normal 0 0 1
    outer loop
      vertex 8.06879 58.2318 4.8
      vertex 8.2125 56.0391 4.8
      vertex 8.2125 58.1609 4.8
    endloop
  endfacet
  facet normal 0 0 1
    outer loop
      vertex 8.06879 58.2318 4.8
      vertex 8.06879 55.9682 4.8
      vertex 8.2125 56.0391 4.8
    endloop
  endfacet
  facet normal 0 0 1
    outer loop
      vertex 7.91705 58.2833 4.8
      vertex 8.06879 55.9682 4.8
      vertex 8.06879 58.2318 4.8
    endloop
  endfacet
  facet normal 0 0 1
    outer loop
      vertex 7.91705 58.2833 4.8
      vertex 7.91705 55.9167 4.8
      vertex 8.06879 55.9682 4.8
    endloop
  endfacet
  facet normal 0 0 1
    outer loop
      vertex 7.75989 58.3145 4.8
      vertex 7.91705 55.9167 4.8
      vertex 7.91705 58.2833 4.8
    endloop
  endfacet
  facet normal 0 0 1
    outer loop
      vertex 7.75989 58.3145 4.8
      vertex 7.75989 55.8855 4.8
      vertex 7.91705 55.9167 4.8
    endloop
  endfacet
  facet normal 0 0 1
    outer loop
      vertex 7.6 58.325 4.8
      vertex 7.75989 55.8855 4.8
      vertex 7.75989 58.3145 4.8
    endloop
  endfacet
  facet normal 0 0 1
    outer loop
      vertex 7.6 58.325 4.8
      vertex 7.6 55.875 4.8
      vertex 7.75989 55.8855 4.8
    endloop
  endfacet
  facet normal -0 0 1
    outer loop
      vertex 7.4401 58.3145 4.8
      vertex 7.6 55.875 4.8
      vertex 7.6 58.325 4.8
    endloop
  endfacet
  facet normal 0 0 1
    outer loop
      vertex 7.4401 58.3145 4.8
      vertex 7.4401 55.8855 4.8
      vertex 7.6 55.875 4.8
    endloop
  endfacet
  facet normal -0 0 1
    outer loop
      vertex 7.28295 58.2833 4.8
      vertex 7.4401 55.8855 4.8
      vertex 7.4401 58.3145 4.8
    endloop
  endfacet
  facet normal 0 0 1
    outer loop
      vertex 7.28295 58.2833 4.8
      vertex 7.28295 55.9167 4.8
      vertex 7.4401 55.8855 4.8
    endloop
  endfacet
  facet normal -0 0 1
    outer loop
      vertex 7.13121 58.2318 4.8
      vertex 7.28295 55.9167 4.8
      vertex 7.28295 58.2833 4.8
    endloop
  endfacet
  facet normal 0 0 1
    outer loop
      vertex 7.13121 58.2318 4.8
      vertex 7.13121 55.9682 4.8
      vertex 7.28295 55.9167 4.8
    endloop
  endfacet
  facet normal -0 0 1
    outer loop
      vertex 6.9875 58.1609 4.8
      vertex 7.13121 55.9682 4.8
      vertex 7.13121 58.2318 4.8
    endloop
  endfacet
  facet normal 0 0 1
    outer loop
      vertex 6.9875 58.1609 4.8
      vertex 6.9875 56.0391 4.8
      vertex 7.13121 55.9682 4.8
    endloop
  endfacet
  facet normal -0 0 1
    outer loop
      vertex 6.85427 58.0719 4.8
      vertex 6.9875 56.0391 4.8
      vertex 6.9875 58.1609 4.8
    endloop
  endfacet
  facet normal 0 0 1
    outer loop
      vertex 6.85427 58.0719 4.8
      vertex 6.85427 56.1281 4.8
      vertex 6.9875 56.0391 4.8
    endloop
  endfacet
  facet normal -0 0 1
    outer loop
      vertex 6.73379 57.9662 4.8
      vertex 6.85427 56.1281 4.8
      vertex 6.85427 58.0719 4.8
    endloop
  endfacet
  facet normal 0 0 1
    outer loop
      vertex 6.73379 57.9662 4.8
      vertex 6.73379 56.2338 4.8
      vertex 6.85427 56.1281 4.8
    endloop
  endfacet
  facet normal -0 0 1
    outer loop
      vertex 6.62814 57.8457 4.8
      vertex 6.73379 56.2338 4.8
      vertex 6.73379 57.9662 4.8
    endloop
  endfacet
  facet normal 0 0 1
    outer loop
      vertex 6.62814 57.8457 4.8
      vertex 6.62814 56.3543 4.8
      vertex 6.73379 56.2338 4.8
    endloop
  endfacet
  facet normal -0 0 1
    outer loop
      vertex 6.53912 57.7125 4.8
      vertex 6.62814 56.3543 4.8
      vertex 6.62814 57.8457 4.8
    endloop
  endfacet
  facet normal 0 0 1
    outer loop
      vertex 6.53912 57.7125 4.8
      vertex 6.53912 56.4875 4.8
      vertex 6.62814 56.3543 4.8
    endloop
  endfacet
  facet normal -0 0 1
    outer loop
      vertex 6.46825 57.5688 4.8
      vertex 6.53912 56.4875 4.8
      vertex 6.53912 57.7125 4.8
    endloop
  endfacet
  facet normal 0 0 1
    outer loop
      vertex 6.46825 57.5688 4.8
      vertex 6.46825 56.6312 4.8
      vertex 6.53912 56.4875 4.8
    endloop
  endfacet
  facet normal -0 0 1
    outer loop
      vertex 6.41674 57.4171 4.8
      vertex 6.46825 56.6312 4.8
      vertex 6.46825 57.5688 4.8
    endloop
  endfacet
  facet normal 0 0 1
    outer loop
      vertex 6.41674 57.4171 4.8
      vertex 6.41674 56.7829 4.8
      vertex 6.46825 56.6312 4.8
    endloop
  endfacet
  facet normal -0 0 1
    outer loop
      vertex 6.38548 57.2599 4.8
      vertex 6.41674 56.7829 4.8
      vertex 6.41674 57.4171 4.8
    endloop
  endfacet
  facet normal 0 0 1
    outer loop
      vertex 6.38548 57.2599 4.8
      vertex 6.38548 56.9401 4.8
      vertex 6.41674 56.7829 4.8
    endloop
  endfacet
  facet normal 0 -0 1
    outer loop
      vertex 6.38548 56.9401 4.8
      vertex 6.38548 57.2599 4.8
      vertex 6.375 57.1 4.8
    endloop
  endfacet
  facet normal -0.89686 0.442314 0
    outer loop
      vertex 6.46825 57.5688 3.4
      vertex 6.53912 57.7125 4.8
      vertex 6.53912 57.7125 3.4
    endloop
  endfacet
  facet normal -0.89686 0.442314 0
    outer loop
      vertex 6.53912 57.7125 4.8
      vertex 6.46825 57.5688 3.4
      vertex 6.46825 57.5688 4.8
    endloop
  endfacet
  facet normal -0.194736 0.980856 0
    outer loop
      vertex 7.4401 58.3145 3.4
      vertex 7.28295 58.2833 4.8
      vertex 7.4401 58.3145 4.8
    endloop
  endfacet
  facet normal -0.194736 0.980856 0
    outer loop
      vertex 7.28295 58.2833 4.8
      vertex 7.4401 58.3145 3.4
      vertex 7.28295 58.2833 3.4
    endloop
  endfacet
  facet normal -0.32139 0.946947 0
    outer loop
      vertex 7.28295 58.2833 3.4
      vertex 7.13121 58.2318 4.8
      vertex 7.28295 58.2833 4.8
    endloop
  endfacet
  facet normal -0.32139 0.946947 0
    outer loop
      vertex 7.13121 58.2318 4.8
      vertex 7.28295 58.2833 3.4
      vertex 7.13121 58.2318 3.4
    endloop
  endfacet
  facet normal -0.555478 0.831531 0
    outer loop
      vertex 6.9875 58.1609 3.4
      vertex 6.85427 58.0719 4.8
      vertex 6.9875 58.1609 4.8
    endloop
  endfacet
  facet normal -0.555478 0.831531 0
    outer loop
      vertex 6.85427 58.0719 4.8
      vertex 6.9875 58.1609 3.4
      vertex 6.85427 58.0719 3.4
    endloop
  endfacet
  facet normal -0.659493 0.75171 0
    outer loop
      vertex 6.85427 58.0719 3.4
      vertex 6.73379 57.9662 4.8
      vertex 6.85427 58.0719 4.8
    endloop
  endfacet
  facet normal -0.659493 0.75171 0
    outer loop
      vertex 6.73379 57.9662 4.8
      vertex 6.85427 58.0719 3.4
      vertex 6.73379 57.9662 3.4
    endloop
  endfacet
  facet normal 0.997859 0.0654006 0
    outer loop
      vertex 8.825 57.1 4.8
      vertex 8.81452 57.2599 3.4
      vertex 8.81452 57.2599 4.8
    endloop
  endfacet
  facet normal 0.997859 0.0654006 0
    outer loop
      vertex 8.81452 57.2599 3.4
      vertex 8.825 57.1 4.8
      vertex 8.825 57.1 3.4
    endloop
  endfacet
  facet normal 0.89686 -0.442314 0
    outer loop
      vertex 8.66088 56.4875 4.8
      vertex 8.73175 56.6312 3.4
      vertex 8.73175 56.6312 4.8
    endloop
  endfacet
  facet normal 0.89686 -0.442314 0
    outer loop
      vertex 8.73175 56.6312 3.4
      vertex 8.66088 56.4875 4.8
      vertex 8.66088 56.4875 3.4
    endloop
  endfacet
  facet normal -0.194736 -0.980856 0
    outer loop
      vertex 7.28295 55.9167 3.4
      vertex 7.4401 55.8855 4.8
      vertex 7.28295 55.9167 4.8
    endloop
  endfacet
  facet normal -0.194736 -0.980856 -0
    outer loop
      vertex 7.4401 55.8855 4.8
      vertex 7.28295 55.9167 3.4
      vertex 7.4401 55.8855 3.4
    endloop
  endfacet
  facet normal -0.831416 -0.555651 0
    outer loop
      vertex 6.62814 56.3543 3.4
      vertex 6.53912 56.4875 4.8
      vertex 6.53912 56.4875 3.4
    endloop
  endfacet
  facet normal -0.831416 -0.555651 0
    outer loop
      vertex 6.53912 56.4875 4.8
      vertex 6.62814 56.3543 3.4
      vertex 6.62814 56.3543 4.8
    endloop
  endfacet
  facet normal -0.89686 -0.442314 0
    outer loop
      vertex 6.53912 56.4875 3.4
      vertex 6.46825 56.6312 4.8
      vertex 6.46825 56.6312 3.4
    endloop
  endfacet
  facet normal -0.89686 -0.442314 0
    outer loop
      vertex 6.46825 56.6312 4.8
      vertex 6.53912 56.4875 3.4
      vertex 6.53912 56.4875 4.8
    endloop
  endfacet
  facet normal 0.194724 -0.980858 0
    outer loop
      vertex 7.75989 55.8855 3.4
      vertex 7.91705 55.9167 4.8
      vertex 7.75989 55.8855 4.8
    endloop
  endfacet
  facet normal 0.194724 -0.980858 0
    outer loop
      vertex 7.91705 55.9167 4.8
      vertex 7.75989 55.8855 3.4
      vertex 7.91705 55.9167 3.4
    endloop
  endfacet
  facet normal 0.997859 -0.0654006 0
    outer loop
      vertex 8.81452 56.9401 4.8
      vertex 8.825 57.1 3.4
      vertex 8.825 57.1 4.8
    endloop
  endfacet
  facet normal 0.997859 -0.0654006 0
    outer loop
      vertex 8.825 57.1 3.4
      vertex 8.81452 56.9401 4.8
      vertex 8.81452 56.9401 3.4
    endloop
  endfacet
  facet normal 0.555478 -0.831531 0
    outer loop
      vertex 8.2125 56.0391 3.4
      vertex 8.34573 56.1281 4.8
      vertex 8.2125 56.0391 4.8
    endloop
  endfacet
  facet normal 0.555478 -0.831531 0
    outer loop
      vertex 8.34573 56.1281 4.8
      vertex 8.2125 56.0391 3.4
      vertex 8.34573 56.1281 3.4
    endloop
  endfacet
  facet normal 0.751919 -0.659255 0
    outer loop
      vertex 8.46621 56.2338 4.8
      vertex 8.57186 56.3543 3.4
      vertex 8.57186 56.3543 4.8
    endloop
  endfacet
  facet normal 0.751919 -0.659255 0
    outer loop
      vertex 8.57186 56.3543 3.4
      vertex 8.46621 56.2338 4.8
      vertex 8.46621 56.2338 3.4
    endloop
  endfacet
  facet normal -0.32139 -0.946947 0
    outer loop
      vertex 7.13121 55.9682 3.4
      vertex 7.28295 55.9167 4.8
      vertex 7.13121 55.9682 4.8
    endloop
  endfacet
  facet normal -0.32139 -0.946947 -0
    outer loop
      vertex 7.28295 55.9167 4.8
      vertex 7.13121 55.9682 3.4
      vertex 7.28295 55.9167 3.4
    endloop
  endfacet
  facet normal -0.997859 -0.0654006 0
    outer loop
      vertex 6.38548 56.9401 3.4
      vertex 6.375 57.1 4.8
      vertex 6.375 57.1 3.4
    endloop
  endfacet
  facet normal -0.997859 -0.0654006 0
    outer loop
      vertex 6.375 57.1 4.8
      vertex 6.38548 56.9401 3.4
      vertex 6.38548 56.9401 4.8
    endloop
  endfacet
  facet normal -0.946902 -0.321522 0
    outer loop
      vertex 6.46825 56.6312 3.4
      vertex 6.41674 56.7829 4.8
      vertex 6.41674 56.7829 3.4
    endloop
  endfacet
  facet normal -0.946902 -0.321522 0
    outer loop
      vertex 6.41674 56.7829 4.8
      vertex 6.46825 56.6312 3.4
      vertex 6.46825 56.6312 4.8
    endloop
  endfacet
  facet normal 0.659493 -0.75171 0
    outer loop
      vertex 8.34573 56.1281 3.4
      vertex 8.46621 56.2338 4.8
      vertex 8.34573 56.1281 4.8
    endloop
  endfacet
  facet normal 0.659493 -0.75171 0
    outer loop
      vertex 8.46621 56.2338 4.8
      vertex 8.34573 56.1281 3.4
      vertex 8.46621 56.2338 3.4
    endloop
  endfacet
  facet normal 0.831416 -0.555651 0
    outer loop
      vertex 8.57186 56.3543 4.8
      vertex 8.66088 56.4875 3.4
      vertex 8.66088 56.4875 4.8
    endloop
  endfacet
  facet normal 0.831416 -0.555651 0
    outer loop
      vertex 8.66088 56.4875 3.4
      vertex 8.57186 56.3543 4.8
      vertex 8.57186 56.3543 3.4
    endloop
  endfacet
  facet normal -0.659493 -0.75171 0
    outer loop
      vertex 6.73379 56.2338 3.4
      vertex 6.85427 56.1281 4.8
      vertex 6.73379 56.2338 4.8
    endloop
  endfacet
  facet normal -0.659493 -0.75171 -0
    outer loop
      vertex 6.85427 56.1281 4.8
      vertex 6.73379 56.2338 3.4
      vertex 6.85427 56.1281 3.4
    endloop
  endfacet
  facet normal 0.065529 -0.997851 0
    outer loop
      vertex 7.6 55.875 3.4
      vertex 7.75989 55.8855 4.8
      vertex 7.6 55.875 4.8
    endloop
  endfacet
  facet normal 0.065529 -0.997851 0
    outer loop
      vertex 7.75989 55.8855 4.8
      vertex 7.6 55.875 3.4
      vertex 7.75989 55.8855 3.4
    endloop
  endfacet
  facet normal -0.555478 -0.831531 0
    outer loop
      vertex 6.85427 56.1281 3.4
      vertex 6.9875 56.0391 4.8
      vertex 6.85427 56.1281 4.8
    endloop
  endfacet
  facet normal -0.555478 -0.831531 -0
    outer loop
      vertex 6.9875 56.0391 4.8
      vertex 6.85427 56.1281 3.4
      vertex 6.9875 56.0391 3.4
    endloop
  endfacet
  facet normal -0.44244 -0.896798 0
    outer loop
      vertex 6.9875 56.0391 3.4
      vertex 7.13121 55.9682 4.8
      vertex 6.9875 56.0391 4.8
    endloop
  endfacet
  facet normal -0.44244 -0.896798 -0
    outer loop
      vertex 7.13121 55.9682 4.8
      vertex 6.9875 56.0391 3.4
      vertex 7.13121 55.9682 3.4
    endloop
  endfacet
  facet normal -0.980796 -0.195036 0
    outer loop
      vertex 6.41674 56.7829 3.4
      vertex 6.38548 56.9401 4.8
      vertex 6.38548 56.9401 3.4
    endloop
  endfacet
  facet normal -0.980796 -0.195036 0
    outer loop
      vertex 6.38548 56.9401 4.8
      vertex 6.41674 56.7829 3.4
      vertex 6.41674 56.7829 4.8
    endloop
  endfacet
  facet normal -0.751919 -0.659255 0
    outer loop
      vertex 6.73379 56.2338 3.4
      vertex 6.62814 56.3543 4.8
      vertex 6.62814 56.3543 3.4
    endloop
  endfacet
  facet normal -0.751919 -0.659255 0
    outer loop
      vertex 6.62814 56.3543 4.8
      vertex 6.73379 56.2338 3.4
      vertex 6.73379 56.2338 4.8
    endloop
  endfacet
  facet normal 0.946945 0.321394 0
    outer loop
      vertex 68.2563 57.8118 3.4
      vertex 68.1407 58.1524 1.6
      vertex 68.1407 58.1524 3.4
    endloop
  endfacet
  facet normal 0.946945 0.321394 0
    outer loop
      vertex 68.1407 58.1524 1.6
      vertex 68.2563 57.8118 3.4
      vertex 68.2563 57.8118 1.6
    endloop
  endfacet
  facet normal 0.997863 0.0653379 0
    outer loop
      vertex 68.35 57.1 3.4
      vertex 68.3265 57.4589 1.6
      vertex 68.3265 57.4589 3.4
    endloop
  endfacet
  facet normal 0.997863 0.0653379 0
    outer loop
      vertex 68.3265 57.4589 1.6
      vertex 68.35 57.1 3.4
      vertex 68.35 57.1 1.6
    endloop
  endfacet
  facet normal -0.997863 0.0653379 0
    outer loop
      vertex 62.85 57.1 1.6
      vertex 62.8735 57.4589 3.4
      vertex 62.8735 57.4589 1.6
    endloop
  endfacet
  facet normal -0.997863 0.0653379 0
    outer loop
      vertex 62.8735 57.4589 3.4
      vertex 62.85 57.1 1.6
      vertex 62.85 57.1 3.4
    endloop
  endfacet
  facet normal -0.0653379 0.997863 0
    outer loop
      vertex 65.6 59.85 1.6
      vertex 65.2411 59.8265 3.4
      vertex 65.6 59.85 3.4
    endloop
  endfacet
  facet normal -0.0653379 0.997863 0
    outer loop
      vertex 65.2411 59.8265 3.4
      vertex 65.6 59.85 1.6
      vertex 65.2411 59.8265 1.6
    endloop
  endfacet
  facet normal 0.659449 0.751749 -0
    outer loop
      vertex 67.5445 59.0445 1.6
      vertex 67.2741 59.2817 3.4
      vertex 67.5445 59.0445 3.4
    endloop
  endfacet
  facet normal 0.659449 0.751749 0
    outer loop
      vertex 67.2741 59.2817 3.4
      vertex 67.5445 59.0445 1.6
      vertex 67.2741 59.2817 1.6
    endloop
  endfacet
  facet normal -0.659449 0.751749 0
    outer loop
      vertex 63.9259 59.2817 1.6
      vertex 63.6555 59.0445 3.4
      vertex 63.9259 59.2817 3.4
    endloop
  endfacet
  facet normal -0.659449 0.751749 0
    outer loop
      vertex 63.6555 59.0445 3.4
      vertex 63.9259 59.2817 1.6
      vertex 63.6555 59.0445 1.6
    endloop
  endfacet
  facet normal -0.442314 0.89686 0
    outer loop
      vertex 64.5476 59.6407 1.6
      vertex 64.225 59.4816 3.4
      vertex 64.5476 59.6407 3.4
    endloop
  endfacet
  facet normal -0.442314 0.89686 0
    outer loop
      vertex 64.225 59.4816 3.4
      vertex 64.5476 59.6407 1.6
      vertex 64.225 59.4816 1.6
    endloop
  endfacet
  facet normal -0.751749 -0.659449 0
    outer loop
      vertex 63.6555 55.1555 1.6
      vertex 63.4183 55.4259 3.4
      vertex 63.4183 55.4259 1.6
    endloop
  endfacet
  facet normal -0.751749 -0.659449 0
    outer loop
      vertex 63.4183 55.4259 3.4
      vertex 63.6555 55.1555 1.6
      vertex 63.6555 55.1555 3.4
    endloop
  endfacet
  facet normal 0.89686 0.442314 0
    outer loop
      vertex 68.1407 58.1524 3.4
      vertex 67.9816 58.475 1.6
      vertex 67.9816 58.475 3.4
    endloop
  endfacet
  facet normal 0.89686 0.442314 0
    outer loop
      vertex 67.9816 58.475 1.6
      vertex 68.1407 58.1524 3.4
      vertex 68.1407 58.1524 1.6
    endloop
  endfacet
  facet normal 0.321394 0.946945 -0
    outer loop
      vertex 66.6524 59.6407 1.6
      vertex 66.3118 59.7563 3.4
      vertex 66.6524 59.6407 3.4
    endloop
  endfacet
  facet normal 0.321394 0.946945 0
    outer loop
      vertex 66.3118 59.7563 3.4
      vertex 66.6524 59.6407 1.6
      vertex 66.3118 59.7563 1.6
    endloop
  endfacet
  facet normal 0.195101 0.980783 -0
    outer loop
      vertex 66.3118 59.7563 1.6
      vertex 65.9589 59.8265 3.4
      vertex 66.3118 59.7563 3.4
    endloop
  endfacet
  facet normal 0.195101 0.980783 0
    outer loop
      vertex 65.9589 59.8265 3.4
      vertex 66.3118 59.7563 1.6
      vertex 65.9589 59.8265 1.6
    endloop
  endfacet
  facet normal 0.555662 0.831408 -0
    outer loop
      vertex 67.2741 59.2817 1.6
      vertex 66.975 59.4816 3.4
      vertex 67.2741 59.2817 3.4
    endloop
  endfacet
  facet normal 0.555662 0.831408 0
    outer loop
      vertex 66.975 59.4816 3.4
      vertex 67.2741 59.2817 1.6
      vertex 66.975 59.4816 1.6
    endloop
  endfacet
  facet normal -0.831408 0.555662 0
    outer loop
      vertex 63.2184 58.475 1.6
      vertex 63.4183 58.7741 3.4
      vertex 63.4183 58.7741 1.6
    endloop
  endfacet
  facet normal -0.831408 0.555662 0
    outer loop
      vertex 63.4183 58.7741 3.4
      vertex 63.2184 58.475 1.6
      vertex 63.2184 58.475 3.4
    endloop
  endfacet
  facet normal -0.751749 0.659449 0
    outer loop
      vertex 63.4183 58.7741 1.6
      vertex 63.6555 59.0445 3.4
      vertex 63.6555 59.0445 1.6
    endloop
  endfacet
  facet normal -0.751749 0.659449 0
    outer loop
      vertex 63.6555 59.0445 3.4
      vertex 63.4183 58.7741 1.6
      vertex 63.4183 58.7741 3.4
    endloop
  endfacet
  facet normal -0.946945 0.321394 0
    outer loop
      vertex 62.9437 57.8118 1.6
      vertex 63.0593 58.1524 3.4
      vertex 63.0593 58.1524 1.6
    endloop
  endfacet
  facet normal -0.946945 0.321394 0
    outer loop
      vertex 63.0593 58.1524 3.4
      vertex 62.9437 57.8118 1.6
      vertex 62.9437 57.8118 3.4
    endloop
  endfacet
  facet normal -0.555662 0.831408 0
    outer loop
      vertex 64.225 59.4816 1.6
      vertex 63.9259 59.2817 3.4
      vertex 64.225 59.4816 3.4
    endloop
  endfacet
  facet normal -0.555662 0.831408 0
    outer loop
      vertex 63.9259 59.2817 3.4
      vertex 64.225 59.4816 1.6
      vertex 63.9259 59.2817 1.6
    endloop
  endfacet
  facet normal -0.195101 0.980783 0
    outer loop
      vertex 65.2411 59.8265 1.6
      vertex 64.8882 59.7563 3.4
      vertex 65.2411 59.8265 3.4
    endloop
  endfacet
  facet normal -0.195101 0.980783 0
    outer loop
      vertex 64.8882 59.7563 3.4
      vertex 65.2411 59.8265 1.6
      vertex 64.8882 59.7563 1.6
    endloop
  endfacet
  facet normal 0.831408 -0.555662 0
    outer loop
      vertex 67.7817 55.4259 3.4
      vertex 67.9816 55.725 1.6
      vertex 67.9816 55.725 3.4
    endloop
  endfacet
  facet normal 0.831408 -0.555662 0
    outer loop
      vertex 67.9816 55.725 1.6
      vertex 67.7817 55.4259 3.4
      vertex 67.7817 55.4259 1.6
    endloop
  endfacet
  facet normal 0.751749 -0.659449 0
    outer loop
      vertex 67.5445 55.1555 3.4
      vertex 67.7817 55.4259 1.6
      vertex 67.7817 55.4259 3.4
    endloop
  endfacet
  facet normal 0.751749 -0.659449 0
    outer loop
      vertex 67.7817 55.4259 1.6
      vertex 67.5445 55.1555 3.4
      vertex 67.5445 55.1555 1.6
    endloop
  endfacet
  facet normal -0.321394 -0.946945 0
    outer loop
      vertex 64.5476 54.5593 1.6
      vertex 64.8882 54.4437 3.4
      vertex 64.5476 54.5593 3.4
    endloop
  endfacet
  facet normal -0.321394 -0.946945 -0
    outer loop
      vertex 64.8882 54.4437 3.4
      vertex 64.5476 54.5593 1.6
      vertex 64.8882 54.4437 1.6
    endloop
  endfacet
  facet normal -0.659449 -0.751749 0
    outer loop
      vertex 63.6555 55.1555 1.6
      vertex 63.9259 54.9183 3.4
      vertex 63.6555 55.1555 3.4
    endloop
  endfacet
  facet normal -0.659449 -0.751749 -0
    outer loop
      vertex 63.9259 54.9183 3.4
      vertex 63.6555 55.1555 1.6
      vertex 63.9259 54.9183 1.6
    endloop
  endfacet
  facet normal -0.555662 -0.831408 0
    outer loop
      vertex 63.9259 54.9183 1.6
      vertex 64.225 54.7184 3.4
      vertex 63.9259 54.9183 3.4
    endloop
  endfacet
  facet normal -0.555662 -0.831408 -0
    outer loop
      vertex 64.225 54.7184 3.4
      vertex 63.9259 54.9183 1.6
      vertex 64.225 54.7184 1.6
    endloop
  endfacet
  facet normal -0.980783 -0.195101 0
    outer loop
      vertex 62.9437 56.3882 1.6
      vertex 62.8735 56.7411 3.4
      vertex 62.8735 56.7411 1.6
    endloop
  endfacet
  facet normal -0.980783 -0.195101 0
    outer loop
      vertex 62.8735 56.7411 3.4
      vertex 62.9437 56.3882 1.6
      vertex 62.9437 56.3882 3.4
    endloop
  endfacet
  facet normal 0.980783 0.195101 0
    outer loop
      vertex 68.3265 57.4589 3.4
      vertex 68.2563 57.8118 1.6
      vertex 68.2563 57.8118 3.4
    endloop
  endfacet
  facet normal 0.980783 0.195101 0
    outer loop
      vertex 68.2563 57.8118 1.6
      vertex 68.3265 57.4589 3.4
      vertex 68.3265 57.4589 1.6
    endloop
  endfacet
  facet normal 0.831408 0.555662 0
    outer loop
      vertex 67.9816 58.475 3.4
      vertex 67.7817 58.7741 1.6
      vertex 67.7817 58.7741 3.4
    endloop
  endfacet
  facet normal 0.831408 0.555662 0
    outer loop
      vertex 67.7817 58.7741 1.6
      vertex 67.9816 58.475 3.4
      vertex 67.9816 58.475 1.6
    endloop
  endfacet
  facet normal 0.751749 0.659449 0
    outer loop
      vertex 67.7817 58.7741 3.4
      vertex 67.5445 59.0445 1.6
      vertex 67.5445 59.0445 3.4
    endloop
  endfacet
  facet normal 0.751749 0.659449 0
    outer loop
      vertex 67.5445 59.0445 1.6
      vertex 67.7817 58.7741 3.4
      vertex 67.7817 58.7741 1.6
    endloop
  endfacet
  facet normal -0.89686 0.442314 0
    outer loop
      vertex 63.0593 58.1524 1.6
      vertex 63.2184 58.475 3.4
      vertex 63.2184 58.475 1.6
    endloop
  endfacet
  facet normal -0.89686 0.442314 0
    outer loop
      vertex 63.2184 58.475 3.4
      vertex 63.0593 58.1524 1.6
      vertex 63.0593 58.1524 3.4
    endloop
  endfacet
  facet normal -0.321394 0.946945 0
    outer loop
      vertex 64.8882 59.7563 1.6
      vertex 64.5476 59.6407 3.4
      vertex 64.8882 59.7563 3.4
    endloop
  endfacet
  facet normal -0.321394 0.946945 0
    outer loop
      vertex 64.5476 59.6407 3.4
      vertex 64.8882 59.7563 1.6
      vertex 64.5476 59.6407 1.6
    endloop
  endfacet
  facet normal 0.321394 -0.946945 0
    outer loop
      vertex 66.3118 54.4437 1.6
      vertex 66.6524 54.5593 3.4
      vertex 66.3118 54.4437 3.4
    endloop
  endfacet
  facet normal 0.321394 -0.946945 0
    outer loop
      vertex 66.6524 54.5593 3.4
      vertex 66.3118 54.4437 1.6
      vertex 66.6524 54.5593 1.6
    endloop
  endfacet
  facet normal 0.0653379 -0.997863 0
    outer loop
      vertex 65.6 54.35 1.6
      vertex 65.9589 54.3735 3.4
      vertex 65.6 54.35 3.4
    endloop
  endfacet
  facet normal 0.0653379 -0.997863 0
    outer loop
      vertex 65.9589 54.3735 3.4
      vertex 65.6 54.35 1.6
      vertex 65.9589 54.3735 1.6
    endloop
  endfacet
  facet normal 0.195101 -0.980783 0
    outer loop
      vertex 65.9589 54.3735 1.6
      vertex 66.3118 54.4437 3.4
      vertex 65.9589 54.3735 3.4
    endloop
  endfacet
  facet normal 0.195101 -0.980783 0
    outer loop
      vertex 66.3118 54.4437 3.4
      vertex 65.9589 54.3735 1.6
      vertex 66.3118 54.4437 1.6
    endloop
  endfacet
  facet normal 0.442314 -0.89686 0
    outer loop
      vertex 66.6524 54.5593 1.6
      vertex 66.975 54.7184 3.4
      vertex 66.6524 54.5593 3.4
    endloop
  endfacet
  facet normal 0.442314 -0.89686 0
    outer loop
      vertex 66.975 54.7184 3.4
      vertex 66.6524 54.5593 1.6
      vertex 66.975 54.7184 1.6
    endloop
  endfacet
  facet normal 0.659449 -0.751749 0
    outer loop
      vertex 67.2741 54.9183 1.6
      vertex 67.5445 55.1555 3.4
      vertex 67.2741 54.9183 3.4
    endloop
  endfacet
  facet normal 0.659449 -0.751749 0
    outer loop
      vertex 67.5445 55.1555 3.4
      vertex 67.2741 54.9183 1.6
      vertex 67.5445 55.1555 1.6
    endloop
  endfacet
  facet normal 0.997863 -0.0653379 0
    outer loop
      vertex 68.3265 56.7411 3.4
      vertex 68.35 57.1 1.6
      vertex 68.35 57.1 3.4
    endloop
  endfacet
  facet normal 0.997863 -0.0653379 0
    outer loop
      vertex 68.35 57.1 1.6
      vertex 68.3265 56.7411 3.4
      vertex 68.3265 56.7411 1.6
    endloop
  endfacet
  facet normal 0.946945 -0.321394 0
    outer loop
      vertex 68.1407 56.0476 3.4
      vertex 68.2563 56.3882 1.6
      vertex 68.2563 56.3882 3.4
    endloop
  endfacet
  facet normal 0.946945 -0.321394 0
    outer loop
      vertex 68.2563 56.3882 1.6
      vertex 68.1407 56.0476 3.4
      vertex 68.1407 56.0476 1.6
    endloop
  endfacet
  facet normal 0.980783 -0.195101 0
    outer loop
      vertex 68.2563 56.3882 3.4
      vertex 68.3265 56.7411 1.6
      vertex 68.3265 56.7411 3.4
    endloop
  endfacet
  facet normal 0.980783 -0.195101 0
    outer loop
      vertex 68.3265 56.7411 1.6
      vertex 68.2563 56.3882 3.4
      vertex 68.2563 56.3882 1.6
    endloop
  endfacet
  facet normal -0.195101 -0.980783 0
    outer loop
      vertex 64.8882 54.4437 1.6
      vertex 65.2411 54.3735 3.4
      vertex 64.8882 54.4437 3.4
    endloop
  endfacet
  facet normal -0.195101 -0.980783 -0
    outer loop
      vertex 65.2411 54.3735 3.4
      vertex 64.8882 54.4437 1.6
      vertex 65.2411 54.3735 1.6
    endloop
  endfacet
  facet normal -0.0653379 -0.997863 0
    outer loop
      vertex 65.2411 54.3735 1.6
      vertex 65.6 54.35 3.4
      vertex 65.2411 54.3735 3.4
    endloop
  endfacet
  facet normal -0.0653379 -0.997863 -0
    outer loop
      vertex 65.6 54.35 3.4
      vertex 65.2411 54.3735 1.6
      vertex 65.6 54.35 1.6
    endloop
  endfacet
  facet normal -0.89686 -0.442314 0
    outer loop
      vertex 63.2184 55.725 1.6
      vertex 63.0593 56.0476 3.4
      vertex 63.0593 56.0476 1.6
    endloop
  endfacet
  facet normal -0.89686 -0.442314 0
    outer loop
      vertex 63.0593 56.0476 3.4
      vertex 63.2184 55.725 1.6
      vertex 63.2184 55.725 3.4
    endloop
  endfacet
  facet normal -0.946945 -0.321394 0
    outer loop
      vertex 63.0593 56.0476 1.6
      vertex 62.9437 56.3882 3.4
      vertex 62.9437 56.3882 1.6
    endloop
  endfacet
  facet normal -0.946945 -0.321394 0
    outer loop
      vertex 62.9437 56.3882 3.4
      vertex 63.0593 56.0476 1.6
      vertex 63.0593 56.0476 3.4
    endloop
  endfacet
  facet normal -0.997863 -0.0653379 0
    outer loop
      vertex 62.8735 56.7411 1.6
      vertex 62.85 57.1 3.4
      vertex 62.85 57.1 1.6
    endloop
  endfacet
  facet normal -0.997863 -0.0653379 0
    outer loop
      vertex 62.85 57.1 3.4
      vertex 62.8735 56.7411 1.6
      vertex 62.8735 56.7411 3.4
    endloop
  endfacet
  facet normal 0.0653379 0.997863 -0
    outer loop
      vertex 65.9589 59.8265 1.6
      vertex 65.6 59.85 3.4
      vertex 65.9589 59.8265 3.4
    endloop
  endfacet
  facet normal 0.0653379 0.997863 0
    outer loop
      vertex 65.6 59.85 3.4
      vertex 65.9589 59.8265 1.6
      vertex 65.6 59.85 1.6
    endloop
  endfacet
  facet normal 0.442314 0.89686 -0
    outer loop
      vertex 66.975 59.4816 1.6
      vertex 66.6524 59.6407 3.4
      vertex 66.975 59.4816 3.4
    endloop
  endfacet
  facet normal 0.442314 0.89686 0
    outer loop
      vertex 66.6524 59.6407 3.4
      vertex 66.975 59.4816 1.6
      vertex 66.6524 59.6407 1.6
    endloop
  endfacet
  facet normal 0 0 1
    outer loop
      vertex 68.3265 57.4589 3.4
      vertex 68.3265 56.7411 3.4
      vertex 68.35 57.1 3.4
    endloop
  endfacet
  facet normal 0 0 1
    outer loop
      vertex 68.2563 57.8118 3.4
      vertex 68.3265 56.7411 3.4
      vertex 68.3265 57.4589 3.4
    endloop
  endfacet
  facet normal 0 0 1
    outer loop
      vertex 68.2563 57.8118 3.4
      vertex 68.2563 56.3882 3.4
      vertex 68.3265 56.7411 3.4
    endloop
  endfacet
  facet normal 0 0 1
    outer loop
      vertex 68.1407 58.1524 3.4
      vertex 68.2563 56.3882 3.4
      vertex 68.2563 57.8118 3.4
    endloop
  endfacet
  facet normal 0 0 1
    outer loop
      vertex 68.1407 58.1524 3.4
      vertex 68.1407 56.0476 3.4
      vertex 68.2563 56.3882 3.4
    endloop
  endfacet
  facet normal 0 0 1
    outer loop
      vertex 67.9816 58.475 3.4
      vertex 68.1407 56.0476 3.4
      vertex 68.1407 58.1524 3.4
    endloop
  endfacet
  facet normal 0 0 1
    outer loop
      vertex 67.9816 58.475 3.4
      vertex 67.9816 55.725 3.4
      vertex 68.1407 56.0476 3.4
    endloop
  endfacet
  facet normal 0 0 1
    outer loop
      vertex 67.7817 58.7741 3.4
      vertex 67.9816 55.725 3.4
      vertex 67.9816 58.475 3.4
    endloop
  endfacet
  facet normal 0 0 1
    outer loop
      vertex 67.7817 58.7741 3.4
      vertex 67.7817 55.4259 3.4
      vertex 67.9816 55.725 3.4
    endloop
  endfacet
  facet normal 0 0 1
    outer loop
      vertex 67.5445 59.0445 3.4
      vertex 67.7817 55.4259 3.4
      vertex 67.7817 58.7741 3.4
    endloop
  endfacet
  facet normal 0 0 1
    outer loop
      vertex 67.5445 59.0445 3.4
      vertex 67.5445 55.1555 3.4
      vertex 67.7817 55.4259 3.4
    endloop
  endfacet
  facet normal 0 0 1
    outer loop
      vertex 67.2741 59.2817 3.4
      vertex 67.5445 55.1555 3.4
      vertex 67.5445 59.0445 3.4
    endloop
  endfacet
  facet normal 0 0 1
    outer loop
      vertex 67.2741 59.2817 3.4
      vertex 67.2741 54.9183 3.4
      vertex 67.5445 55.1555 3.4
    endloop
  endfacet
  facet normal 0 0 1
    outer loop
      vertex 66.975 59.4816 3.4
      vertex 67.2741 54.9183 3.4
      vertex 67.2741 59.2817 3.4
    endloop
  endfacet
  facet normal 0 0 1
    outer loop
      vertex 66.975 59.4816 3.4
      vertex 66.975 54.7184 3.4
      vertex 67.2741 54.9183 3.4
    endloop
  endfacet
  facet normal 0 0 1
    outer loop
      vertex 66.6524 59.6407 3.4
      vertex 66.975 54.7184 3.4
      vertex 66.975 59.4816 3.4
    endloop
  endfacet
  facet normal 0 0 1
    outer loop
      vertex 66.6524 59.6407 3.4
      vertex 66.6524 54.5593 3.4
      vertex 66.975 54.7184 3.4
    endloop
  endfacet
  facet normal 0 0 1
    outer loop
      vertex 66.3118 59.7563 3.4
      vertex 66.6524 54.5593 3.4
      vertex 66.6524 59.6407 3.4
    endloop
  endfacet
  facet normal 0 0 1
    outer loop
      vertex 66.3118 59.7563 3.4
      vertex 66.3118 54.4437 3.4
      vertex 66.6524 54.5593 3.4
    endloop
  endfacet
  facet normal 0 0 1
    outer loop
      vertex 65.9589 59.8265 3.4
      vertex 66.3118 54.4437 3.4
      vertex 66.3118 59.7563 3.4
    endloop
  endfacet
  facet normal 0 0 1
    outer loop
      vertex 65.9589 59.8265 3.4
      vertex 65.9589 54.3735 3.4
      vertex 66.3118 54.4437 3.4
    endloop
  endfacet
  facet normal 0 0 1
    outer loop
      vertex 65.6 59.85 3.4
      vertex 65.9589 54.3735 3.4
      vertex 65.9589 59.8265 3.4
    endloop
  endfacet
  facet normal 0 0 1
    outer loop
      vertex 65.6 59.85 3.4
      vertex 65.6 54.35 3.4
      vertex 65.9589 54.3735 3.4
    endloop
  endfacet
  facet normal -0 0 1
    outer loop
      vertex 65.2411 59.8265 3.4
      vertex 65.6 54.35 3.4
      vertex 65.6 59.85 3.4
    endloop
  endfacet
  facet normal 0 0 1
    outer loop
      vertex 65.2411 59.8265 3.4
      vertex 65.2411 54.3735 3.4
      vertex 65.6 54.35 3.4
    endloop
  endfacet
  facet normal -0 0 1
    outer loop
      vertex 64.8882 59.7563 3.4
      vertex 65.2411 54.3735 3.4
      vertex 65.2411 59.8265 3.4
    endloop
  endfacet
  facet normal 0 0 1
    outer loop
      vertex 64.8882 59.7563 3.4
      vertex 64.8882 54.4437 3.4
      vertex 65.2411 54.3735 3.4
    endloop
  endfacet
  facet normal -0 0 1
    outer loop
      vertex 64.5476 59.6407 3.4
      vertex 64.8882 54.4437 3.4
      vertex 64.8882 59.7563 3.4
    endloop
  endfacet
  facet normal 0 0 1
    outer loop
      vertex 64.5476 59.6407 3.4
      vertex 64.5476 54.5593 3.4
      vertex 64.8882 54.4437 3.4
    endloop
  endfacet
  facet normal -0 0 1
    outer loop
      vertex 64.225 59.4816 3.4
      vertex 64.5476 54.5593 3.4
      vertex 64.5476 59.6407 3.4
    endloop
  endfacet
  facet normal 0 0 1
    outer loop
      vertex 64.225 59.4816 3.4
      vertex 64.225 54.7184 3.4
      vertex 64.5476 54.5593 3.4
    endloop
  endfacet
  facet normal -0 0 1
    outer loop
      vertex 63.9259 59.2817 3.4
      vertex 64.225 54.7184 3.4
      vertex 64.225 59.4816 3.4
    endloop
  endfacet
  facet normal 0 0 1
    outer loop
      vertex 63.9259 59.2817 3.4
      vertex 63.9259 54.9183 3.4
      vertex 64.225 54.7184 3.4
    endloop
  endfacet
  facet normal -0 0 1
    outer loop
      vertex 63.6555 59.0445 3.4
      vertex 63.9259 54.9183 3.4
      vertex 63.9259 59.2817 3.4
    endloop
  endfacet
  facet normal 0 0 1
    outer loop
      vertex 63.6555 59.0445 3.4
      vertex 63.6555 55.1555 3.4
      vertex 63.9259 54.9183 3.4
    endloop
  endfacet
  facet normal -0 0 1
    outer loop
      vertex 63.4183 58.7741 3.4
      vertex 63.6555 55.1555 3.4
      vertex 63.6555 59.0445 3.4
    endloop
  endfacet
  facet normal 0 0 1
    outer loop
      vertex 63.4183 58.7741 3.4
      vertex 63.4183 55.4259 3.4
      vertex 63.6555 55.1555 3.4
    endloop
  endfacet
  facet normal -0 0 1
    outer loop
      vertex 63.2184 58.475 3.4
      vertex 63.4183 55.4259 3.4
      vertex 63.4183 58.7741 3.4
    endloop
  endfacet
  facet normal 0 0 1
    outer loop
      vertex 63.2184 58.475 3.4
      vertex 63.2184 55.725 3.4
      vertex 63.4183 55.4259 3.4
    endloop
  endfacet
  facet normal -0 0 1
    outer loop
      vertex 63.0593 58.1524 3.4
      vertex 63.2184 55.725 3.4
      vertex 63.2184 58.475 3.4
    endloop
  endfacet
  facet normal 0 0 1
    outer loop
      vertex 63.0593 58.1524 3.4
      vertex 63.0593 56.0476 3.4
      vertex 63.2184 55.725 3.4
    endloop
  endfacet
  facet normal -0 0 1
    outer loop
      vertex 62.9437 57.8118 3.4
      vertex 63.0593 56.0476 3.4
      vertex 63.0593 58.1524 3.4
    endloop
  endfacet
  facet normal 0 0 1
    outer loop
      vertex 62.9437 57.8118 3.4
      vertex 62.9437 56.3882 3.4
      vertex 63.0593 56.0476 3.4
    endloop
  endfacet
  facet normal -0 0 1
    outer loop
      vertex 62.8735 57.4589 3.4
      vertex 62.9437 56.3882 3.4
      vertex 62.9437 57.8118 3.4
    endloop
  endfacet
  facet normal 0 0 1
    outer loop
      vertex 62.8735 57.4589 3.4
      vertex 62.8735 56.7411 3.4
      vertex 62.9437 56.3882 3.4
    endloop
  endfacet
  facet normal 0 -0 1
    outer loop
      vertex 62.8735 56.7411 3.4
      vertex 62.8735 57.4589 3.4
      vertex 62.85 57.1 3.4
    endloop
  endfacet
  facet normal -0.980783 0.195101 0
    outer loop
      vertex 62.8735 57.4589 1.6
      vertex 62.9437 57.8118 3.4
      vertex 62.9437 57.8118 1.6
    endloop
  endfacet
  facet normal -0.980783 0.195101 0
    outer loop
      vertex 62.9437 57.8118 3.4
      vertex 62.8735 57.4589 1.6
      vertex 62.8735 57.4589 3.4
    endloop
  endfacet
  facet normal 0.555662 -0.831408 0
    outer loop
      vertex 66.975 54.7184 1.6
      vertex 67.2741 54.9183 3.4
      vertex 66.975 54.7184 3.4
    endloop
  endfacet
  facet normal 0.555662 -0.831408 0
    outer loop
      vertex 67.2741 54.9183 3.4
      vertex 66.975 54.7184 1.6
      vertex 67.2741 54.9183 1.6
    endloop
  endfacet
  facet normal 0.89686 -0.442314 0
    outer loop
      vertex 67.9816 55.725 3.4
      vertex 68.1407 56.0476 1.6
      vertex 68.1407 56.0476 3.4
    endloop
  endfacet
  facet normal 0.89686 -0.442314 0
    outer loop
      vertex 68.1407 56.0476 1.6
      vertex 67.9816 55.725 3.4
      vertex 67.9816 55.725 1.6
    endloop
  endfacet
  facet normal -0.442314 -0.89686 0
    outer loop
      vertex 64.225 54.7184 1.6
      vertex 64.5476 54.5593 3.4
      vertex 64.225 54.7184 3.4
    endloop
  endfacet
  facet normal -0.442314 -0.89686 -0
    outer loop
      vertex 64.5476 54.5593 3.4
      vertex 64.225 54.7184 1.6
      vertex 64.5476 54.5593 1.6
    endloop
  endfacet
  facet normal -0.831408 -0.555662 0
    outer loop
      vertex 63.4183 55.4259 1.6
      vertex 63.2184 55.725 3.4
      vertex 63.2184 55.725 1.6
    endloop
  endfacet
  facet normal -0.831408 -0.555662 0
    outer loop
      vertex 63.2184 55.725 3.4
      vertex 63.4183 55.4259 1.6
      vertex 63.4183 55.4259 3.4
    endloop
  endfacet
  facet normal 1 -0 0
    outer loop
      vertex 53.85 0.95 20.3
      vertex 53.85 1.60001 19.4
      vertex 53.85 1.60001 20.3
    endloop
  endfacet
  facet normal 1 0 0
    outer loop
      vertex 53.85 1.60001 19.4
      vertex 53.85 0.95 20.3
      vertex 53.85 0.95 19.4
    endloop
  endfacet
  facet normal 0 0 -1
    outer loop
      vertex 53.85 0.95 20.3
      vertex 57.35 1.60001 20.3
      vertex 57.35 0.95 20.3
    endloop
  endfacet
  facet normal -0 0 -1
    outer loop
      vertex 57.35 1.60001 20.3
      vertex 53.85 0.95 20.3
      vertex 53.85 1.60001 20.3
    endloop
  endfacet
  facet normal -1 0 0
    outer loop
      vertex 57.35 0.95 19.4
      vertex 57.35 1.60001 20.3
      vertex 57.35 1.60001 19.4
    endloop
  endfacet
  facet normal -1 -0 0
    outer loop
      vertex 57.35 1.60001 20.3
      vertex 57.35 0.95 19.4
      vertex 57.35 0.95 20.3
    endloop
  endfacet
  facet normal -0 0 1
    outer loop
      vertex 53.85 1.60001 19.4
      vertex 57.35 0.95 19.4
      vertex 57.35 1.60001 19.4
    endloop
  endfacet
  facet normal 0 0 1
    outer loop
      vertex 57.35 0.95 19.4
      vertex 53.85 1.60001 19.4
      vertex 53.85 0.95 19.4
    endloop
  endfacet
  facet normal 0 1 -0
    outer loop
      vertex 57.35 0.95 19.4
      vertex 53.85 0.95 20.3
      vertex 57.35 0.95 20.3
    endloop
  endfacet
  facet normal 0 1 0
    outer loop
      vertex 53.85 0.95 20.3
      vertex 57.35 0.95 19.4
      vertex 53.85 0.95 19.4
    endloop
  endfacet
  facet normal 1 -0 0
    outer loop
      vertex 53.85 61.4 20.3
      vertex 53.85 62.05 19.4
      vertex 53.85 62.05 20.3
    endloop
  endfacet
  facet normal 1 0 0
    outer loop
      vertex 53.85 62.05 19.4
      vertex 53.85 61.4 20.3
      vertex 53.85 61.4 19.4
    endloop
  endfacet
  facet normal 0 0 -1
    outer loop
      vertex 53.85 61.4 20.3
      vertex 57.35 62.05 20.3
      vertex 57.35 61.4 20.3
    endloop
  endfacet
  facet normal -0 0 -1
    outer loop
      vertex 57.35 62.05 20.3
      vertex 53.85 61.4 20.3
      vertex 53.85 62.05 20.3
    endloop
  endfacet
  facet normal -1 0 0
    outer loop
      vertex 57.35 61.4 19.4
      vertex 57.35 62.05 20.3
      vertex 57.35 62.05 19.4
    endloop
  endfacet
  facet normal -1 -0 0
    outer loop
      vertex 57.35 62.05 20.3
      vertex 57.35 61.4 19.4
      vertex 57.35 61.4 20.3
    endloop
  endfacet
  facet normal 0 -1 0
    outer loop
      vertex 53.85 62.05 19.4
      vertex 57.35 62.05 20.3
      vertex 53.85 62.05 20.3
    endloop
  endfacet
  facet normal 0 -1 -0
    outer loop
      vertex 57.35 62.05 20.3
      vertex 53.85 62.05 19.4
      vertex 57.35 62.05 19.4
    endloop
  endfacet
  facet normal -0 0 1
    outer loop
      vertex 53.85 62.05 19.4
      vertex 57.35 61.4 19.4
      vertex 57.35 62.05 19.4
    endloop
  endfacet
  facet normal 0 0 1
    outer loop
      vertex 57.35 61.4 19.4
      vertex 53.85 62.05 19.4
      vertex 53.85 61.4 19.4
    endloop
  endfacet
  facet normal 1 0 0
    outer loop
      vertex 9.05 1.60001 8.75
      vertex 9.05 0 8.75
      vertex 9.05 1.60001 1.6
    endloop
  endfacet
  facet normal 1 -0 0
    outer loop
      vertex 9.05 1.60001 1.6
      vertex 9.05 4.7 1.25
      vertex 9.05 4.7 1.6
    endloop
  endfacet
  facet normal 1 0 0
    outer loop
      vertex 9.05 1.60001 1.6
      vertex 9.05 0 1.25
      vertex 9.05 4.7 1.25
    endloop
  endfacet
  facet normal 1 0 0
    outer loop
      vertex 9.05 0 1.25
      vertex 9.05 1.60001 1.6
      vertex 9.05 0 8.75
    endloop
  endfacet
  facet normal 0 0 -1
    outer loop
      vertex 9.05 0 8.75
      vertex 21.55 1.60001 8.75
      vertex 21.55 0 8.75
    endloop
  endfacet
  facet normal -0 0 -1
    outer loop
      vertex 21.55 1.60001 8.75
      vertex 9.05 0 8.75
      vertex 9.05 1.60001 8.75
    endloop
  endfacet
  facet normal -1 0 0
    outer loop
      vertex 21.55 4.7 1.25
      vertex 21.55 1.60001 1.6
      vertex 21.55 4.7 1.6
    endloop
  endfacet
  facet normal -1 0 0
    outer loop
      vertex 21.55 0 1.25
      vertex 21.55 1.60001 1.6
      vertex 21.55 4.7 1.25
    endloop
  endfacet
  facet normal -1 0 0
    outer loop
      vertex 21.55 0 8.75
      vertex 21.55 1.60001 1.6
      vertex 21.55 0 1.25
    endloop
  endfacet
  facet normal -1 0 0
    outer loop
      vertex 21.55 1.60001 1.6
      vertex 21.55 0 8.75
      vertex 21.55 1.60001 8.75
    endloop
  endfacet
  facet normal -0 0 1
    outer loop
      vertex 9.05 4.7 1.25
      vertex 21.55 0 1.25
      vertex 21.55 4.7 1.25
    endloop
  endfacet
  facet normal 0 0 1
    outer loop
      vertex 21.55 0 1.25
      vertex 9.05 4.7 1.25
      vertex 9.05 0 1.25
    endloop
  endfacet
  facet normal 0 -1 0
    outer loop
      vertex 9.05 4.7 1.25
      vertex 21.55 4.7 1.6
      vertex 9.05 4.7 1.6
    endloop
  endfacet
  facet normal 0 -1 -0
    outer loop
      vertex 21.55 4.7 1.6
      vertex 9.05 4.7 1.25
      vertex 21.55 4.7 1.25
    endloop
  endfacet
endsolid OpenSCAD_Model
