solid OpenSCAD_Model
  facet normal 0.999917 -0.012864 0
    outer loop
      vertex -13.585 0 36
      vertex -13.5805 0.349785 1.5
      vertex -13.5805 0.349785 36
    endloop
  endfacet
  facet normal 0.999917 -0.012864 0
    outer loop
      vertex -13.5805 0.349785 1.5
      vertex -13.585 0 36
      vertex -13.585 0 1.5
    endloop
  endfacet
  facet normal -0.012864 -0.999917 0
    outer loop
      vertex 0 13.585 1.5
      vertex 0.349785 13.5805 36
      vertex 0 13.585 36
    endloop
  endfacet
  facet normal -0.012864 -0.999917 -0
    outer loop
      vertex 0.349785 13.5805 36
      vertex 0 13.585 1.5
      vertex 0.349785 13.5805 1.5
    endloop
  endfacet
  facet normal 0.0128639 0.999917 -0
    outer loop
      vertex 0 -13.585 1.5
      vertex -0.349786 -13.5805 36
      vertex 0 -13.585 36
    endloop
  endfacet
  facet normal 0.0128639 0.999917 0
    outer loop
      vertex -0.349786 -13.5805 36
      vertex 0 -13.585 1.5
      vertex -0.349786 -13.5805 1.5
    endloop
  endfacet
  facet normal 0.993309 -0.115491 0
    outer loop
      vertex -13.513 1.39682 36
      vertex -13.4726 1.74429 1.5
      vertex -13.4726 1.74429 36
    endloop
  endfacet
  facet normal 0.993309 -0.115491 0
    outer loop
      vertex -13.4726 1.74429 1.5
      vertex -13.513 1.39682 36
      vertex -13.513 1.39682 1.5
    endloop
  endfacet
  facet normal 0.931099 -0.364767 0
    outer loop
      vertex -12.7117 4.79214 36
      vertex -12.5841 5.11785 1.5
      vertex -12.5841 5.11785 36
    endloop
  endfacet
  facet normal 0.931099 -0.364767 0
    outer loop
      vertex -12.5841 5.11785 1.5
      vertex -12.7117 4.79214 36
      vertex -12.7117 4.79214 1.5
    endloop
  endfacet
  facet normal -0.525632 -0.850712 0
    outer loop
      vertex 6.99346 11.6466 1.5
      vertex 7.06888 11.6 36
      vertex 6.99346 11.6466 36
    endloop
  endfacet
  facet normal -0.525632 -0.850712 -0
    outer loop
      vertex 7.06888 11.6 36
      vertex 6.99346 11.6466 1.5
      vertex 7.06888 11.6 1.5
    endloop
  endfacet
  facet normal -0.0900486 -0.995937 0
    outer loop
      vertex 1.04843 13.5445 1.5
      vertex 1.39682 13.513 36
      vertex 1.04843 13.5445 36
    endloop
  endfacet
  facet normal -0.0900486 -0.995937 -0
    outer loop
      vertex 1.39682 13.513 36
      vertex 1.04843 13.5445 1.5
      vertex 1.39682 13.513 1.5
    endloop
  endfacet
  facet normal 0.940157 0.340742 0
    outer loop
      vertex -12.7117 -4.79214 36
      vertex -12.8309 -4.46325 1.5
      vertex -12.8309 -4.46325 36
    endloop
  endfacet
  facet normal 0.940157 0.340742 0
    outer loop
      vertex -12.8309 -4.46325 1.5
      vertex -12.7117 -4.79214 36
      vertex -12.7117 -4.79214 1.5
    endloop
  endfacet
  facet normal 0.970243 0.242132 0
    outer loop
      vertex -13.1371 -3.45971 36
      vertex -13.2218 -3.12031 1.5
      vertex -13.2218 -3.12031 36
    endloop
  endfacet
  facet normal 0.970243 0.242132 0
    outer loop
      vertex -13.2218 -3.12031 1.5
      vertex -13.1371 -3.45971 36
      vertex -13.1371 -3.45971 1.5
    endloop
  endfacet
  facet normal 0.850654 0.525727 0
    outer loop
      vertex -11.4627 -7.29102 36
      vertex -11.6466 -6.99346 1.5
      vertex -11.6466 -6.99346 36
    endloop
  endfacet
  facet normal 0.850654 0.525727 0
    outer loop
      vertex -11.6466 -6.99346 1.5
      vertex -11.4627 -7.29102 36
      vertex -11.4627 -7.29102 1.5
    endloop
  endfacet
  facet normal 0.999255 -0.038592 0
    outer loop
      vertex -13.5805 0.349785 36
      vertex -13.567 0.699338 1.5
      vertex -13.567 0.699338 36
    endloop
  endfacet
  facet normal 0.999255 -0.038592 0
    outer loop
      vertex -13.567 0.699338 1.5
      vertex -13.5805 0.349785 36
      vertex -13.5805 0.349785 1.5
    endloop
  endfacet
  facet normal 0.836831 -0.547462 0
    outer loop
      vertex -11.4627 7.29102 36
      vertex -11.2712 7.58374 1.5
      vertex -11.2712 7.58374 36
    endloop
  endfacet
  facet normal 0.836831 -0.547462 0
    outer loop
      vertex -11.2712 7.58374 1.5
      vertex -11.4627 7.29102 36
      vertex -11.4627 7.29102 1.5
    endloop
  endfacet
  facet normal 0.0643196 -0.997929 0
    outer loop
      vertex -1.04843 13.5445 1.5
      vertex -0.699339 13.567 36
      vertex -1.04843 13.5445 36
    endloop
  endfacet
  facet normal 0.0643196 -0.997929 0
    outer loop
      vertex -0.699339 13.567 36
      vertex -1.04843 13.5445 1.5
      vertex -0.699339 13.567 1.5
    endloop
  endfacet
  facet normal 0.141217 -0.989979 0
    outer loop
      vertex -2.0906 13.4232 1.5
      vertex -1.74429 13.4726 36
      vertex -2.0906 13.4232 36
    endloop
  endfacet
  facet normal 0.141217 -0.989979 0
    outer loop
      vertex -1.74429 13.4726 36
      vertex -2.0906 13.4232 1.5
      vertex -1.74429 13.4726 1.5
    endloop
  endfacet
  facet normal 0.038592 -0.999255 0
    outer loop
      vertex -0.699339 13.567 1.5
      vertex -0.349786 13.5805 36
      vertex -0.699339 13.567 36
    endloop
  endfacet
  facet normal 0.038592 -0.999255 0
    outer loop
      vertex -0.349786 13.5805 36
      vertex -0.699339 13.567 1.5
      vertex -0.349786 13.5805 1.5
    endloop
  endfacet
  facet normal 0.364767 -0.931099 0
    outer loop
      vertex -5.11785 12.5841 1.5
      vertex -4.79214 12.7117 36
      vertex -5.11785 12.5841 36
    endloop
  endfacet
  facet normal 0.364767 -0.931099 0
    outer loop
      vertex -4.79214 12.7117 36
      vertex -5.11785 12.5841 1.5
      vertex -4.79214 12.7117 1.5
    endloop
  endfacet
  facet normal 0.503706 -0.863875 0
    outer loop
      vertex -6.99346 11.6466 1.5
      vertex -6.69127 11.8228 36
      vertex -6.99346 11.6466 36
    endloop
  endfacet
  facet normal 0.503706 -0.863875 0
    outer loop
      vertex -6.69127 11.8228 36
      vertex -6.99346 11.6466 1.5
      vertex -6.69127 11.8228 1.5
    endloop
  endfacet
  facet normal -0.481366 -0.87652 0
    outer loop
      vertex 6.38463 11.9912 1.5
      vertex 6.69127 11.8228 36
      vertex 6.38463 11.9912 36
    endloop
  endfacet
  facet normal -0.481366 -0.87652 -0
    outer loop
      vertex 6.69127 11.8228 36
      vertex 6.38463 11.9912 1.5
      vertex 6.69127 11.8228 1.5
    endloop
  endfacet
  facet normal -0.388509 -0.921445 0
    outer loop
      vertex 5.11785 12.5841 1.5
      vertex 5.44017 12.4482 36
      vertex 5.11785 12.5841 36
    endloop
  endfacet
  facet normal -0.388509 -0.921445 -0
    outer loop
      vertex 5.44017 12.4482 36
      vertex 5.11785 12.5841 1.5
      vertex 5.44017 12.4482 1.5
    endloop
  endfacet
  facet normal -0.217251 -0.976116 0
    outer loop
      vertex 2.77884 13.2978 1.5
      vertex 3.12031 13.2218 36
      vertex 2.77884 13.2978 36
    endloop
  endfacet
  facet normal -0.217251 -0.976116 -0
    outer loop
      vertex 3.12031 13.2218 36
      vertex 2.77884 13.2978 1.5
      vertex 3.12031 13.2218 1.5
    endloop
  endfacet
  facet normal -0.291602 -0.95654 0
    outer loop
      vertex 3.79681 13.0436 1.5
      vertex 4.1314 12.9416 36
      vertex 3.79681 13.0436 36
    endloop
  endfacet
  facet normal -0.291602 -0.95654 -0
    outer loop
      vertex 4.1314 12.9416 36
      vertex 3.79681 13.0436 1.5
      vertex 4.1314 12.9416 1.5
    endloop
  endfacet
  facet normal -0.141217 -0.989979 0
    outer loop
      vertex 1.74429 13.4726 1.5
      vertex 2.0906 13.4232 36
      vertex 1.74429 13.4726 36
    endloop
  endfacet
  facet normal -0.141217 -0.989979 -0
    outer loop
      vertex 2.0906 13.4232 36
      vertex 1.74429 13.4726 1.5
      vertex 2.0906 13.4232 1.5
    endloop
  endfacet
  facet normal -0.038592 -0.999255 0
    outer loop
      vertex 0.349785 13.5805 1.5
      vertex 0.699338 13.567 36
      vertex 0.349785 13.5805 36
    endloop
  endfacet
  facet normal -0.038592 -0.999255 -0
    outer loop
      vertex 0.699338 13.567 36
      vertex 0.349785 13.5805 1.5
      vertex 0.699338 13.567 1.5
    endloop
  endfacet
  facet normal 0.999255 0.038592 0
    outer loop
      vertex -13.567 -0.699338 36
      vertex -13.5805 -0.349785 1.5
      vertex -13.5805 -0.349785 36
    endloop
  endfacet
  facet normal 0.999255 0.038592 0
    outer loop
      vertex -13.5805 -0.349785 1.5
      vertex -13.567 -0.699338 36
      vertex -13.567 -0.699338 1.5
    endloop
  endfacet
  facet normal 0.986015 0.166656 0
    outer loop
      vertex -13.3649 -2.43553 36
      vertex -13.4232 -2.0906 1.5
      vertex -13.4232 -2.0906 36
    endloop
  endfacet
  facet normal 0.986015 0.166656 0
    outer loop
      vertex -13.4232 -2.0906 1.5
      vertex -13.3649 -2.43553 36
      vertex -13.3649 -2.43553 1.5
    endloop
  endfacet
  facet normal 0.412219 0.911085 -0
    outer loop
      vertex -5.44017 -12.4482 1.5
      vertex -5.75888 -12.304 36
      vertex -5.44017 -12.4482 36
    endloop
  endfacet
  facet normal 0.412219 0.911085 0
    outer loop
      vertex -5.75888 -12.304 36
      vertex -5.44017 -12.4482 1.5
      vertex -5.75888 -12.304 1.5
    endloop
  endfacet
  facet normal 0.038592 0.999255 -0
    outer loop
      vertex -0.349786 -13.5805 1.5
      vertex -0.699339 -13.567 36
      vertex -0.349786 -13.5805 36
    endloop
  endfacet
  facet normal 0.038592 0.999255 0
    outer loop
      vertex -0.699339 -13.567 36
      vertex -0.349786 -13.5805 1.5
      vertex -0.699339 -13.567 1.5
    endloop
  endfacet
  facet normal 0.997929 -0.0643195 0
    outer loop
      vertex -13.567 0.699338 36
      vertex -13.5445 1.04843 1.5
      vertex -13.5445 1.04843 36
    endloop
  endfacet
  facet normal 0.997929 -0.0643195 0
    outer loop
      vertex -13.5445 1.04843 1.5
      vertex -13.567 0.699338 36
      vertex -13.567 0.699338 1.5
    endloop
  endfacet
  facet normal 0.986015 -0.166656 0
    outer loop
      vertex -13.4232 2.0906 36
      vertex -13.3649 2.43553 1.5
      vertex -13.3649 2.43553 36
    endloop
  endfacet
  facet normal 0.986015 -0.166656 0
    outer loop
      vertex -13.3649 2.43553 1.5
      vertex -13.4232 2.0906 36
      vertex -13.4232 2.0906 1.5
    endloop
  endfacet
  facet normal 0.948612 -0.316442 0
    outer loop
      vertex -12.9416 4.1314 36
      vertex -12.8309 4.46325 1.5
      vertex -12.8309 4.46325 36
    endloop
  endfacet
  facet normal 0.948612 -0.316442 0
    outer loop
      vertex -12.8309 4.46325 1.5
      vertex -12.9416 4.1314 36
      vertex -12.9416 4.1314 1.5
    endloop
  endfacet
  facet normal 0.96362 -0.267275 0
    outer loop
      vertex -13.1371 3.45971 36
      vertex -13.0436 3.79681 1.5
      vertex -13.0436 3.79681 36
    endloop
  endfacet
  facet normal 0.96362 -0.267275 0
    outer loop
      vertex -13.0436 3.79681 1.5
      vertex -13.1371 3.45971 36
      vertex -13.1371 3.45971 1.5
    endloop
  endfacet
  facet normal 0.976116 -0.217251 0
    outer loop
      vertex -13.2978 2.77884 36
      vertex -13.2218 3.12031 1.5
      vertex -13.2218 3.12031 36
    endloop
  endfacet
  facet normal 0.976116 -0.217251 0
    outer loop
      vertex -13.2218 3.12031 1.5
      vertex -13.2978 2.77884 36
      vertex -13.2978 2.77884 1.5
    endloop
  endfacet
  facet normal 0.95654 -0.291602 0
    outer loop
      vertex -13.0436 3.79681 36
      vertex -12.9416 4.1314 1.5
      vertex -12.9416 4.1314 36
    endloop
  endfacet
  facet normal 0.95654 -0.291602 0
    outer loop
      vertex -12.9416 4.1314 1.5
      vertex -13.0436 3.79681 36
      vertex -13.0436 3.79681 1.5
    endloop
  endfacet
  facet normal 0.807419 -0.589979 0
    outer loop
      vertex -11.0722 7.87144 36
      vertex -10.8658 8.15391 1.5
      vertex -10.8658 8.15391 36
    endloop
  endfacet
  facet normal 0.807419 -0.589979 0
    outer loop
      vertex -10.8658 8.15391 1.5
      vertex -11.0722 7.87144 36
      vertex -11.0722 7.87144 1.5
    endloop
  endfacet
  facet normal 0.776083 -0.630631 0
    outer loop
      vertex -10.6523 8.43098 36
      vertex -10.4317 8.70246 1.5
      vertex -10.4317 8.70246 36
    endloop
  endfacet
  facet normal 0.776083 -0.630631 0
    outer loop
      vertex -10.4317 8.70246 1.5
      vertex -10.6523 8.43098 36
      vertex -10.6523 8.43098 1.5
    endloop
  endfacet
  facet normal 0.742603 -0.669732 0
    outer loop
      vertex -10.2041 8.96817 36
      vertex -9.96983 9.22793 1.5
      vertex -9.96983 9.22793 36
    endloop
  endfacet
  facet normal 0.742603 -0.669732 0
    outer loop
      vertex -9.96983 9.22793 1.5
      vertex -10.2041 8.96817 36
      vertex -10.2041 8.96817 1.5
    endloop
  endfacet
  facet normal 0.707107 -0.707107 0
    outer loop
      vertex -9.72893 9.48157 36
      vertex -9.48157 9.72893 1.5
      vertex -9.48157 9.72893 36
    endloop
  endfacet
  facet normal 0.707107 -0.707107 0
    outer loop
      vertex -9.48157 9.72893 1.5
      vertex -9.72893 9.48157 36
      vertex -9.72893 9.48157 1.5
    endloop
  endfacet
  facet normal 0.822429 -0.568868 0
    outer loop
      vertex -11.2712 7.58374 36
      vertex -11.0722 7.87144 1.5
      vertex -11.0722 7.87144 36
    endloop
  endfacet
  facet normal 0.822429 -0.568868 0
    outer loop
      vertex -11.0722 7.87144 1.5
      vertex -11.2712 7.58374 36
      vertex -11.2712 7.58374 1.5
    endloop
  endfacet
  facet normal 0.863875 -0.503706 0
    outer loop
      vertex -11.8228 6.69127 36
      vertex -11.6466 6.99346 1.5
      vertex -11.6466 6.99346 36
    endloop
  endfacet
  facet normal 0.863875 -0.503706 0
    outer loop
      vertex -11.6466 6.99346 1.5
      vertex -11.8228 6.69127 36
      vertex -11.8228 6.69127 1.5
    endloop
  endfacet
  facet normal 0.888672 -0.458544 0
    outer loop
      vertex -12.1516 6.07377 36
      vertex -11.9912 6.38463 1.5
      vertex -11.9912 6.38463 36
    endloop
  endfacet
  facet normal 0.888672 -0.458544 0
    outer loop
      vertex -11.9912 6.38463 1.5
      vertex -12.1516 6.07377 36
      vertex -12.1516 6.07377 1.5
    endloop
  endfacet
  facet normal 0.911085 -0.412219 0
    outer loop
      vertex -12.4482 5.44017 36
      vertex -12.304 5.75888 1.5
      vertex -12.304 5.75888 36
    endloop
  endfacet
  facet normal 0.911085 -0.412219 0
    outer loop
      vertex -12.304 5.75888 1.5
      vertex -12.4482 5.44017 36
      vertex -12.4482 5.44017 1.5
    endloop
  endfacet
  facet normal 0.340742 -0.940157 0
    outer loop
      vertex -4.79214 12.7117 1.5
      vertex -4.46325 12.8309 36
      vertex -4.79214 12.7117 36
    endloop
  endfacet
  facet normal 0.340742 -0.940157 0
    outer loop
      vertex -4.46325 12.8309 36
      vertex -4.79214 12.7117 1.5
      vertex -4.46325 12.8309 1.5
    endloop
  endfacet
  facet normal 0.291602 -0.95654 0
    outer loop
      vertex -4.1314 12.9416 1.5
      vertex -3.79681 13.0436 36
      vertex -4.1314 12.9416 36
    endloop
  endfacet
  facet normal 0.291602 -0.95654 0
    outer loop
      vertex -3.79681 13.0436 36
      vertex -4.1314 12.9416 1.5
      vertex -3.79681 13.0436 1.5
    endloop
  endfacet
  facet normal 0.191821 -0.98143 0
    outer loop
      vertex -2.77884 13.2978 1.5
      vertex -2.43553 13.3649 36
      vertex -2.77884 13.2978 36
    endloop
  endfacet
  facet normal 0.191821 -0.98143 0
    outer loop
      vertex -2.43553 13.3649 36
      vertex -2.77884 13.2978 1.5
      vertex -2.43553 13.3649 1.5
    endloop
  endfacet
  facet normal 0.242132 -0.970243 0
    outer loop
      vertex -3.45971 13.1371 1.5
      vertex -3.12031 13.2218 36
      vertex -3.45971 13.1371 36
    endloop
  endfacet
  facet normal 0.242132 -0.970243 0
    outer loop
      vertex -3.12031 13.2218 36
      vertex -3.45971 13.1371 1.5
      vertex -3.12031 13.2218 1.5
    endloop
  endfacet
  facet normal 0.0900486 -0.995937 0
    outer loop
      vertex -1.39682 13.513 1.5
      vertex -1.04843 13.5445 36
      vertex -1.39682 13.513 36
    endloop
  endfacet
  facet normal 0.0900486 -0.995937 0
    outer loop
      vertex -1.04843 13.5445 36
      vertex -1.39682 13.513 1.5
      vertex -1.04843 13.5445 1.5
    endloop
  endfacet
  facet normal 0.0128639 -0.999917 0
    outer loop
      vertex -0.349786 13.5805 1.5
      vertex 0 13.585 36
      vertex -0.349786 13.5805 36
    endloop
  endfacet
  facet normal 0.0128639 -0.999917 0
    outer loop
      vertex 0 13.585 36
      vertex -0.349786 13.5805 1.5
      vertex 0 13.585 1.5
    endloop
  endfacet
  facet normal 0.435639 -0.900121 0
    outer loop
      vertex -6.07377 12.1516 1.5
      vertex -5.75888 12.304 36
      vertex -6.07377 12.1516 36
    endloop
  endfacet
  facet normal 0.435639 -0.900121 0
    outer loop
      vertex -5.75888 12.304 36
      vertex -6.07377 12.1516 1.5
      vertex -5.75888 12.304 1.5
    endloop
  endfacet
  facet normal 0.388509 -0.921445 0
    outer loop
      vertex -5.44017 12.4482 1.5
      vertex -5.11785 12.5841 36
      vertex -5.44017 12.4482 36
    endloop
  endfacet
  facet normal 0.388509 -0.921445 0
    outer loop
      vertex -5.11785 12.5841 36
      vertex -5.44017 12.4482 1.5
      vertex -5.11785 12.5841 1.5
    endloop
  endfacet
  facet normal 0.458544 -0.888672 0
    outer loop
      vertex -6.38463 11.9912 1.5
      vertex -6.07377 12.1516 36
      vertex -6.38463 11.9912 36
    endloop
  endfacet
  facet normal 0.458544 -0.888672 0
    outer loop
      vertex -6.07377 12.1516 36
      vertex -6.38463 11.9912 1.5
      vertex -6.07377 12.1516 1.5
    endloop
  endfacet
  facet normal 0.589979 -0.807419 0
    outer loop
      vertex -8.15391 10.8658 1.5
      vertex -7.87144 11.0722 36
      vertex -8.15391 10.8658 36
    endloop
  endfacet
  facet normal 0.589979 -0.807419 0
    outer loop
      vertex -7.87144 11.0722 36
      vertex -8.15391 10.8658 1.5
      vertex -7.87144 11.0722 1.5
    endloop
  endfacet
  facet normal 0.547462 -0.836831 0
    outer loop
      vertex -7.58374 11.2712 1.5
      vertex -7.29102 11.4627 36
      vertex -7.58374 11.2712 36
    endloop
  endfacet
  facet normal 0.547462 -0.836831 0
    outer loop
      vertex -7.29102 11.4627 36
      vertex -7.58374 11.2712 1.5
      vertex -7.29102 11.4627 1.5
    endloop
  endfacet
  facet normal 0.630631 -0.776083 0
    outer loop
      vertex -8.70246 10.4317 1.5
      vertex -8.43098 10.6523 36
      vertex -8.70246 10.4317 36
    endloop
  endfacet
  facet normal 0.630631 -0.776083 0
    outer loop
      vertex -8.43098 10.6523 36
      vertex -8.70246 10.4317 1.5
      vertex -8.43098 10.6523 1.5
    endloop
  endfacet
  facet normal 0.669732 -0.742603 0
    outer loop
      vertex -9.22793 9.96983 1.5
      vertex -8.96817 10.2041 36
      vertex -9.22793 9.96983 36
    endloop
  endfacet
  facet normal 0.669732 -0.742603 0
    outer loop
      vertex -8.96817 10.2041 36
      vertex -9.22793 9.96983 1.5
      vertex -8.96817 10.2041 1.5
    endloop
  endfacet
  facet normal -0.435639 -0.900121 0
    outer loop
      vertex 5.75888 12.304 1.5
      vertex 6.07377 12.1516 36
      vertex 5.75888 12.304 36
    endloop
  endfacet
  facet normal -0.435639 -0.900121 -0
    outer loop
      vertex 6.07377 12.1516 36
      vertex 5.75888 12.304 1.5
      vertex 6.07377 12.1516 1.5
    endloop
  endfacet
  facet normal -0.412219 -0.911085 0
    outer loop
      vertex 5.44017 12.4482 1.5
      vertex 5.75888 12.304 36
      vertex 5.44017 12.4482 36
    endloop
  endfacet
  facet normal -0.412219 -0.911085 -0
    outer loop
      vertex 5.75888 12.304 36
      vertex 5.44017 12.4482 1.5
      vertex 5.75888 12.304 1.5
    endloop
  endfacet
  facet normal -0.458544 -0.888672 0
    outer loop
      vertex 6.07377 12.1516 1.5
      vertex 6.38463 11.9912 36
      vertex 6.07377 12.1516 36
    endloop
  endfacet
  facet normal -0.458544 -0.888672 -0
    outer loop
      vertex 6.38463 11.9912 36
      vertex 6.07377 12.1516 1.5
      vertex 6.38463 11.9912 1.5
    endloop
  endfacet
  facet normal -0.503706 -0.863875 0
    outer loop
      vertex 6.69127 11.8228 1.5
      vertex 6.99346 11.6466 36
      vertex 6.69127 11.8228 36
    endloop
  endfacet
  facet normal -0.503706 -0.863875 -0
    outer loop
      vertex 6.99346 11.6466 36
      vertex 6.69127 11.8228 1.5
      vertex 6.99346 11.6466 1.5
    endloop
  endfacet
  facet normal -0.340742 -0.940157 0
    outer loop
      vertex 4.46325 12.8309 1.5
      vertex 4.79214 12.7117 36
      vertex 4.46325 12.8309 36
    endloop
  endfacet
  facet normal -0.340742 -0.940157 -0
    outer loop
      vertex 4.79214 12.7117 36
      vertex 4.46325 12.8309 1.5
      vertex 4.79214 12.7117 1.5
    endloop
  endfacet
  facet normal -0.242132 -0.970243 0
    outer loop
      vertex 3.12031 13.2218 1.5
      vertex 3.45971 13.1371 36
      vertex 3.12031 13.2218 36
    endloop
  endfacet
  facet normal -0.242132 -0.970243 -0
    outer loop
      vertex 3.45971 13.1371 36
      vertex 3.12031 13.2218 1.5
      vertex 3.45971 13.1371 1.5
    endloop
  endfacet
  facet normal -0.316442 -0.948612 0
    outer loop
      vertex 4.1314 12.9416 1.5
      vertex 4.46325 12.8309 36
      vertex 4.1314 12.9416 36
    endloop
  endfacet
  facet normal -0.316442 -0.948612 -0
    outer loop
      vertex 4.46325 12.8309 36
      vertex 4.1314 12.9416 1.5
      vertex 4.46325 12.8309 1.5
    endloop
  endfacet
  facet normal -0.364767 -0.931099 0
    outer loop
      vertex 4.79214 12.7117 1.5
      vertex 5.11785 12.5841 36
      vertex 4.79214 12.7117 36
    endloop
  endfacet
  facet normal -0.364767 -0.931099 -0
    outer loop
      vertex 5.11785 12.5841 36
      vertex 4.79214 12.7117 1.5
      vertex 5.11785 12.5841 1.5
    endloop
  endfacet
  facet normal -0.267275 -0.96362 0
    outer loop
      vertex 3.45971 13.1371 1.5
      vertex 3.79681 13.0436 36
      vertex 3.45971 13.1371 36
    endloop
  endfacet
  facet normal -0.267275 -0.96362 -0
    outer loop
      vertex 3.79681 13.0436 36
      vertex 3.45971 13.1371 1.5
      vertex 3.79681 13.0436 1.5
    endloop
  endfacet
  facet normal -0.191821 -0.98143 0
    outer loop
      vertex 2.43553 13.3649 1.5
      vertex 2.77884 13.2978 36
      vertex 2.43553 13.3649 36
    endloop
  endfacet
  facet normal -0.191821 -0.98143 -0
    outer loop
      vertex 2.77884 13.2978 36
      vertex 2.43553 13.3649 1.5
      vertex 2.77884 13.2978 1.5
    endloop
  endfacet
  facet normal -0.115491 -0.993309 0
    outer loop
      vertex 1.39682 13.513 1.5
      vertex 1.74429 13.4726 36
      vertex 1.39682 13.513 36
    endloop
  endfacet
  facet normal -0.115491 -0.993309 -0
    outer loop
      vertex 1.74429 13.4726 36
      vertex 1.39682 13.513 1.5
      vertex 1.74429 13.4726 1.5
    endloop
  endfacet
  facet normal -0.166656 -0.986015 0
    outer loop
      vertex 2.0906 13.4232 1.5
      vertex 2.43553 13.3649 36
      vertex 2.0906 13.4232 36
    endloop
  endfacet
  facet normal -0.166656 -0.986015 -0
    outer loop
      vertex 2.43553 13.3649 36
      vertex 2.0906 13.4232 1.5
      vertex 2.43553 13.3649 1.5
    endloop
  endfacet
  facet normal -0.0643195 -0.997929 0
    outer loop
      vertex 0.699338 13.567 1.5
      vertex 1.04843 13.5445 36
      vertex 0.699338 13.567 36
    endloop
  endfacet
  facet normal -0.0643195 -0.997929 -0
    outer loop
      vertex 1.04843 13.5445 36
      vertex 0.699338 13.567 1.5
      vertex 1.04843 13.5445 1.5
    endloop
  endfacet
  facet normal 0.999917 0.012864 0
    outer loop
      vertex -13.5805 -0.349785 36
      vertex -13.585 0 1.5
      vertex -13.585 0 36
    endloop
  endfacet
  facet normal 0.999917 0.012864 0
    outer loop
      vertex -13.585 0 1.5
      vertex -13.5805 -0.349785 36
      vertex -13.5805 -0.349785 1.5
    endloop
  endfacet
  facet normal 0.993309 0.115491 0
    outer loop
      vertex -13.4726 -1.74429 36
      vertex -13.513 -1.39682 1.5
      vertex -13.513 -1.39682 36
    endloop
  endfacet
  facet normal 0.993309 0.115491 0
    outer loop
      vertex -13.513 -1.39682 1.5
      vertex -13.4726 -1.74429 36
      vertex -13.4726 -1.74429 1.5
    endloop
  endfacet
  facet normal 0.888672 0.458544 0
    outer loop
      vertex -11.9912 -6.38463 36
      vertex -12.1516 -6.07377 1.5
      vertex -12.1516 -6.07377 36
    endloop
  endfacet
  facet normal 0.888672 0.458544 0
    outer loop
      vertex -12.1516 -6.07377 1.5
      vertex -11.9912 -6.38463 36
      vertex -11.9912 -6.38463 1.5
    endloop
  endfacet
  facet normal 0.725082 0.688662 0
    outer loop
      vertex -9.72893 -9.48157 36
      vertex -9.96983 -9.22793 1.5
      vertex -9.96983 -9.22793 36
    endloop
  endfacet
  facet normal 0.725082 0.688662 0
    outer loop
      vertex -9.96983 -9.22793 1.5
      vertex -9.72893 -9.48157 36
      vertex -9.72893 -9.48157 1.5
    endloop
  endfacet
  facet normal -0.115491 0.993309 0
    outer loop
      vertex 1.74429 -13.4726 1.5
      vertex 1.39682 -13.513 36
      vertex 1.74429 -13.4726 36
    endloop
  endfacet
  facet normal -0.115491 0.993309 0
    outer loop
      vertex 1.39682 -13.513 36
      vertex 1.74429 -13.4726 1.5
      vertex 1.39682 -13.513 1.5
    endloop
  endfacet
  facet normal 0.0900486 0.995937 -0
    outer loop
      vertex -1.04843 -13.5445 1.5
      vertex -1.39682 -13.513 36
      vertex -1.04843 -13.5445 36
    endloop
  endfacet
  facet normal 0.0900486 0.995937 0
    outer loop
      vertex -1.39682 -13.513 36
      vertex -1.04843 -13.5445 1.5
      vertex -1.39682 -13.513 1.5
    endloop
  endfacet
  facet normal 0.388509 0.921445 -0
    outer loop
      vertex -5.11785 -12.5841 1.5
      vertex -5.44017 -12.4482 36
      vertex -5.11785 -12.5841 36
    endloop
  endfacet
  facet normal 0.388509 0.921445 0
    outer loop
      vertex -5.44017 -12.4482 36
      vertex -5.11785 -12.5841 1.5
      vertex -5.44017 -12.4482 1.5
    endloop
  endfacet
  facet normal 0.316442 0.948612 -0
    outer loop
      vertex -4.1314 -12.9416 1.5
      vertex -4.46325 -12.8309 36
      vertex -4.1314 -12.9416 36
    endloop
  endfacet
  facet normal 0.316442 0.948612 0
    outer loop
      vertex -4.46325 -12.8309 36
      vertex -4.1314 -12.9416 1.5
      vertex -4.46325 -12.8309 1.5
    endloop
  endfacet
  facet normal 0.364767 0.931099 -0
    outer loop
      vertex -4.79214 -12.7117 1.5
      vertex -5.11785 -12.5841 36
      vertex -4.79214 -12.7117 36
    endloop
  endfacet
  facet normal 0.364767 0.931099 0
    outer loop
      vertex -5.11785 -12.5841 36
      vertex -4.79214 -12.7117 1.5
      vertex -5.11785 -12.5841 1.5
    endloop
  endfacet
  facet normal 0.995937 -0.0900486 0
    outer loop
      vertex -13.5445 1.04843 36
      vertex -13.513 1.39682 1.5
      vertex -13.513 1.39682 36
    endloop
  endfacet
  facet normal 0.995937 -0.0900486 0
    outer loop
      vertex -13.513 1.39682 1.5
      vertex -13.5445 1.04843 36
      vertex -13.5445 1.04843 1.5
    endloop
  endfacet
  facet normal 0.989979 -0.141217 0
    outer loop
      vertex -13.4726 1.74429 36
      vertex -13.4232 2.0906 1.5
      vertex -13.4232 2.0906 36
    endloop
  endfacet
  facet normal 0.989979 -0.141217 0
    outer loop
      vertex -13.4232 2.0906 1.5
      vertex -13.4726 1.74429 36
      vertex -13.4726 1.74429 1.5
    endloop
  endfacet
  facet normal 0.98143 -0.191821 0
    outer loop
      vertex -13.3649 2.43553 36
      vertex -13.2978 2.77884 1.5
      vertex -13.2978 2.77884 36
    endloop
  endfacet
  facet normal 0.98143 -0.191821 0
    outer loop
      vertex -13.2978 2.77884 1.5
      vertex -13.3649 2.43553 36
      vertex -13.3649 2.43553 1.5
    endloop
  endfacet
  facet normal 0.921445 -0.388509 0
    outer loop
      vertex -12.5841 5.11785 36
      vertex -12.4482 5.44017 1.5
      vertex -12.4482 5.44017 36
    endloop
  endfacet
  facet normal 0.921445 -0.388509 0
    outer loop
      vertex -12.4482 5.44017 1.5
      vertex -12.5841 5.11785 36
      vertex -12.5841 5.11785 1.5
    endloop
  endfacet
  facet normal 0.940157 -0.340742 0
    outer loop
      vertex -12.8309 4.46325 36
      vertex -12.7117 4.79214 1.5
      vertex -12.7117 4.79214 36
    endloop
  endfacet
  facet normal 0.940157 -0.340742 0
    outer loop
      vertex -12.7117 4.79214 1.5
      vertex -12.8309 4.46325 36
      vertex -12.8309 4.46325 1.5
    endloop
  endfacet
  facet normal 0.970243 -0.242132 0
    outer loop
      vertex -13.2218 3.12031 36
      vertex -13.1371 3.45971 1.5
      vertex -13.1371 3.45971 36
    endloop
  endfacet
  facet normal 0.970243 -0.242132 0
    outer loop
      vertex -13.1371 3.45971 1.5
      vertex -13.2218 3.12031 36
      vertex -13.2218 3.12031 1.5
    endloop
  endfacet
  facet normal 0.792114 -0.610374 0
    outer loop
      vertex -10.8658 8.15391 36
      vertex -10.6523 8.43098 1.5
      vertex -10.6523 8.43098 36
    endloop
  endfacet
  facet normal 0.792114 -0.610374 0
    outer loop
      vertex -10.6523 8.43098 1.5
      vertex -10.8658 8.15391 36
      vertex -10.8658 8.15391 1.5
    endloop
  endfacet
  facet normal 0.75947 -0.650542 0
    outer loop
      vertex -10.4317 8.70246 36
      vertex -10.2041 8.96817 1.5
      vertex -10.2041 8.96817 36
    endloop
  endfacet
  facet normal 0.75947 -0.650542 0
    outer loop
      vertex -10.2041 8.96817 1.5
      vertex -10.4317 8.70246 36
      vertex -10.4317 8.70246 1.5
    endloop
  endfacet
  facet normal 0.725082 -0.688662 0
    outer loop
      vertex -9.96983 9.22793 36
      vertex -9.72893 9.48157 1.5
      vertex -9.72893 9.48157 36
    endloop
  endfacet
  facet normal 0.725082 -0.688662 0
    outer loop
      vertex -9.72893 9.48157 1.5
      vertex -9.96983 9.22793 36
      vertex -9.96983 9.22793 1.5
    endloop
  endfacet
  facet normal 0.688662 -0.725082 0
    outer loop
      vertex -9.48157 9.72893 1.5
      vertex -9.22793 9.96983 36
      vertex -9.48157 9.72893 36
    endloop
  endfacet
  facet normal 0.688662 -0.725082 0
    outer loop
      vertex -9.22793 9.96983 36
      vertex -9.48157 9.72893 1.5
      vertex -9.22793 9.96983 1.5
    endloop
  endfacet
  facet normal 0.850654 -0.525727 0
    outer loop
      vertex -11.6466 6.99346 36
      vertex -11.4627 7.29102 1.5
      vertex -11.4627 7.29102 36
    endloop
  endfacet
  facet normal 0.850654 -0.525727 0
    outer loop
      vertex -11.4627 7.29102 1.5
      vertex -11.6466 6.99346 36
      vertex -11.6466 6.99346 1.5
    endloop
  endfacet
  facet normal 0.87652 -0.481366 0
    outer loop
      vertex -11.9912 6.38463 36
      vertex -11.8228 6.69127 1.5
      vertex -11.8228 6.69127 36
    endloop
  endfacet
  facet normal 0.87652 -0.481366 0
    outer loop
      vertex -11.8228 6.69127 1.5
      vertex -11.9912 6.38463 36
      vertex -11.9912 6.38463 1.5
    endloop
  endfacet
  facet normal 0.900121 -0.435639 0
    outer loop
      vertex -12.304 5.75888 36
      vertex -12.1516 6.07377 1.5
      vertex -12.1516 6.07377 36
    endloop
  endfacet
  facet normal 0.900121 -0.435639 0
    outer loop
      vertex -12.1516 6.07377 1.5
      vertex -12.304 5.75888 36
      vertex -12.304 5.75888 1.5
    endloop
  endfacet
  facet normal 0.316442 -0.948612 0
    outer loop
      vertex -4.46325 12.8309 1.5
      vertex -4.1314 12.9416 36
      vertex -4.46325 12.8309 36
    endloop
  endfacet
  facet normal 0.316442 -0.948612 0
    outer loop
      vertex -4.1314 12.9416 36
      vertex -4.46325 12.8309 1.5
      vertex -4.1314 12.9416 1.5
    endloop
  endfacet
  facet normal 0.267275 -0.96362 0
    outer loop
      vertex -3.79681 13.0436 1.5
      vertex -3.45971 13.1371 36
      vertex -3.79681 13.0436 36
    endloop
  endfacet
  facet normal 0.267275 -0.96362 0
    outer loop
      vertex -3.45971 13.1371 36
      vertex -3.79681 13.0436 1.5
      vertex -3.45971 13.1371 1.5
    endloop
  endfacet
  facet normal 0.166656 -0.986015 0
    outer loop
      vertex -2.43553 13.3649 1.5
      vertex -2.0906 13.4232 36
      vertex -2.43553 13.3649 36
    endloop
  endfacet
  facet normal 0.166656 -0.986015 0
    outer loop
      vertex -2.0906 13.4232 36
      vertex -2.43553 13.3649 1.5
      vertex -2.0906 13.4232 1.5
    endloop
  endfacet
  facet normal 0.217251 -0.976116 0
    outer loop
      vertex -3.12031 13.2218 1.5
      vertex -2.77884 13.2978 36
      vertex -3.12031 13.2218 36
    endloop
  endfacet
  facet normal 0.217251 -0.976116 0
    outer loop
      vertex -2.77884 13.2978 36
      vertex -3.12031 13.2218 1.5
      vertex -2.77884 13.2978 1.5
    endloop
  endfacet
  facet normal 0.115491 -0.993309 0
    outer loop
      vertex -1.74429 13.4726 1.5
      vertex -1.39682 13.513 36
      vertex -1.74429 13.4726 36
    endloop
  endfacet
  facet normal 0.115491 -0.993309 0
    outer loop
      vertex -1.39682 13.513 36
      vertex -1.74429 13.4726 1.5
      vertex -1.39682 13.513 1.5
    endloop
  endfacet
  facet normal 0.412219 -0.911085 0
    outer loop
      vertex -5.75888 12.304 1.5
      vertex -5.44017 12.4482 36
      vertex -5.75888 12.304 36
    endloop
  endfacet
  facet normal 0.412219 -0.911085 0
    outer loop
      vertex -5.44017 12.4482 36
      vertex -5.75888 12.304 1.5
      vertex -5.44017 12.4482 1.5
    endloop
  endfacet
  facet normal 0.481366 -0.87652 0
    outer loop
      vertex -6.69127 11.8228 1.5
      vertex -6.38463 11.9912 36
      vertex -6.69127 11.8228 36
    endloop
  endfacet
  facet normal 0.481366 -0.87652 0
    outer loop
      vertex -6.38463 11.9912 36
      vertex -6.69127 11.8228 1.5
      vertex -6.38463 11.9912 1.5
    endloop
  endfacet
  facet normal 0.568868 -0.822429 0
    outer loop
      vertex -7.87144 11.0722 1.5
      vertex -7.58374 11.2712 36
      vertex -7.87144 11.0722 36
    endloop
  endfacet
  facet normal 0.568868 -0.822429 0
    outer loop
      vertex -7.58374 11.2712 36
      vertex -7.87144 11.0722 1.5
      vertex -7.58374 11.2712 1.5
    endloop
  endfacet
  facet normal 0.525727 -0.850654 0
    outer loop
      vertex -7.29102 11.4627 1.5
      vertex -6.99346 11.6466 36
      vertex -7.29102 11.4627 36
    endloop
  endfacet
  facet normal 0.525727 -0.850654 0
    outer loop
      vertex -6.99346 11.6466 36
      vertex -7.29102 11.4627 1.5
      vertex -6.99346 11.6466 1.5
    endloop
  endfacet
  facet normal 0.610374 -0.792114 0
    outer loop
      vertex -8.43098 10.6523 1.5
      vertex -8.15391 10.8658 36
      vertex -8.43098 10.6523 36
    endloop
  endfacet
  facet normal 0.610374 -0.792114 0
    outer loop
      vertex -8.15391 10.8658 36
      vertex -8.43098 10.6523 1.5
      vertex -8.15391 10.8658 1.5
    endloop
  endfacet
  facet normal 0.650542 -0.75947 0
    outer loop
      vertex -8.96817 10.2041 1.5
      vertex -8.70246 10.4317 36
      vertex -8.96817 10.2041 36
    endloop
  endfacet
  facet normal 0.650542 -0.75947 0
    outer loop
      vertex -8.70246 10.4317 36
      vertex -8.96817 10.2041 1.5
      vertex -8.70246 10.4317 1.5
    endloop
  endfacet
  facet normal 0.98143 0.191821 0
    outer loop
      vertex -13.2978 -2.77884 36
      vertex -13.3649 -2.43553 1.5
      vertex -13.3649 -2.43553 36
    endloop
  endfacet
  facet normal 0.98143 0.191821 0
    outer loop
      vertex -13.3649 -2.43553 1.5
      vertex -13.2978 -2.77884 36
      vertex -13.2978 -2.77884 1.5
    endloop
  endfacet
  facet normal 0.995937 0.0900486 0
    outer loop
      vertex -13.513 -1.39682 36
      vertex -13.5445 -1.04843 1.5
      vertex -13.5445 -1.04843 36
    endloop
  endfacet
  facet normal 0.995937 0.0900486 0
    outer loop
      vertex -13.5445 -1.04843 1.5
      vertex -13.513 -1.39682 36
      vertex -13.513 -1.39682 1.5
    endloop
  endfacet
  facet normal 0.989979 0.141217 0
    outer loop
      vertex -13.4232 -2.0906 36
      vertex -13.4726 -1.74429 1.5
      vertex -13.4726 -1.74429 36
    endloop
  endfacet
  facet normal 0.989979 0.141217 0
    outer loop
      vertex -13.4726 -1.74429 1.5
      vertex -13.4232 -2.0906 36
      vertex -13.4232 -2.0906 1.5
    endloop
  endfacet
  facet normal 0.776083 0.630631 0
    outer loop
      vertex -10.4317 -8.70246 36
      vertex -10.6523 -8.43098 1.5
      vertex -10.6523 -8.43098 36
    endloop
  endfacet
  facet normal 0.776083 0.630631 0
    outer loop
      vertex -10.6523 -8.43098 1.5
      vertex -10.4317 -8.70246 36
      vertex -10.4317 -8.70246 1.5
    endloop
  endfacet
  facet normal 0.340742 0.940157 -0
    outer loop
      vertex -4.46325 -12.8309 1.5
      vertex -4.79214 -12.7117 36
      vertex -4.46325 -12.8309 36
    endloop
  endfacet
  facet normal 0.340742 0.940157 0
    outer loop
      vertex -4.79214 -12.7117 36
      vertex -4.46325 -12.8309 1.5
      vertex -4.79214 -12.7117 1.5
    endloop
  endfacet
  facet normal 0.291602 0.95654 -0
    outer loop
      vertex -3.79681 -13.0436 1.5
      vertex -4.1314 -12.9416 36
      vertex -3.79681 -13.0436 36
    endloop
  endfacet
  facet normal 0.291602 0.95654 0
    outer loop
      vertex -4.1314 -12.9416 36
      vertex -3.79681 -13.0436 1.5
      vertex -4.1314 -12.9416 1.5
    endloop
  endfacet
  facet normal 0.997929 0.0643195 0
    outer loop
      vertex -13.5445 -1.04843 36
      vertex -13.567 -0.699338 1.5
      vertex -13.567 -0.699338 36
    endloop
  endfacet
  facet normal 0.997929 0.0643195 0
    outer loop
      vertex -13.567 -0.699338 1.5
      vertex -13.5445 -1.04843 36
      vertex -13.5445 -1.04843 1.5
    endloop
  endfacet
  facet normal 0.921445 0.388509 0
    outer loop
      vertex -12.4482 -5.44017 36
      vertex -12.5841 -5.11785 1.5
      vertex -12.5841 -5.11785 36
    endloop
  endfacet
  facet normal 0.921445 0.388509 0
    outer loop
      vertex -12.5841 -5.11785 1.5
      vertex -12.4482 -5.44017 36
      vertex -12.4482 -5.44017 1.5
    endloop
  endfacet
  facet normal 0.931099 0.364767 0
    outer loop
      vertex -12.5841 -5.11785 36
      vertex -12.7117 -4.79214 1.5
      vertex -12.7117 -4.79214 36
    endloop
  endfacet
  facet normal 0.931099 0.364767 0
    outer loop
      vertex -12.7117 -4.79214 1.5
      vertex -12.5841 -5.11785 36
      vertex -12.5841 -5.11785 1.5
    endloop
  endfacet
  facet normal 0.95654 0.291602 0
    outer loop
      vertex -12.9416 -4.1314 36
      vertex -13.0436 -3.79681 1.5
      vertex -13.0436 -3.79681 36
    endloop
  endfacet
  facet normal 0.95654 0.291602 0
    outer loop
      vertex -13.0436 -3.79681 1.5
      vertex -12.9416 -4.1314 36
      vertex -12.9416 -4.1314 1.5
    endloop
  endfacet
  facet normal 0.948612 0.316442 0
    outer loop
      vertex -12.8309 -4.46325 36
      vertex -12.9416 -4.1314 1.5
      vertex -12.9416 -4.1314 36
    endloop
  endfacet
  facet normal 0.948612 0.316442 0
    outer loop
      vertex -12.9416 -4.1314 1.5
      vertex -12.8309 -4.46325 36
      vertex -12.8309 -4.46325 1.5
    endloop
  endfacet
  facet normal 0.96362 0.267275 0
    outer loop
      vertex -13.0436 -3.79681 36
      vertex -13.1371 -3.45971 1.5
      vertex -13.1371 -3.45971 36
    endloop
  endfacet
  facet normal 0.96362 0.267275 0
    outer loop
      vertex -13.1371 -3.45971 1.5
      vertex -13.0436 -3.79681 36
      vertex -13.0436 -3.79681 1.5
    endloop
  endfacet
  facet normal 0.822429 0.568868 0
    outer loop
      vertex -11.0722 -7.87144 36
      vertex -11.2712 -7.58374 1.5
      vertex -11.2712 -7.58374 36
    endloop
  endfacet
  facet normal 0.822429 0.568868 0
    outer loop
      vertex -11.2712 -7.58374 1.5
      vertex -11.0722 -7.87144 36
      vertex -11.0722 -7.87144 1.5
    endloop
  endfacet
  facet normal 0.742603 0.669732 0
    outer loop
      vertex -9.96983 -9.22793 36
      vertex -10.2041 -8.96817 1.5
      vertex -10.2041 -8.96817 36
    endloop
  endfacet
  facet normal 0.742603 0.669732 0
    outer loop
      vertex -10.2041 -8.96817 1.5
      vertex -9.96983 -9.22793 36
      vertex -9.96983 -9.22793 1.5
    endloop
  endfacet
  facet normal 0.610374 0.792114 -0
    outer loop
      vertex -8.15391 -10.8658 1.5
      vertex -8.43098 -10.6523 36
      vertex -8.15391 -10.8658 36
    endloop
  endfacet
  facet normal 0.610374 0.792114 0
    outer loop
      vertex -8.43098 -10.6523 36
      vertex -8.15391 -10.8658 1.5
      vertex -8.43098 -10.6523 1.5
    endloop
  endfacet
  facet normal 0.481366 0.87652 -0
    outer loop
      vertex -6.38463 -11.9912 1.5
      vertex -6.69127 -11.8228 36
      vertex -6.38463 -11.9912 36
    endloop
  endfacet
  facet normal 0.481366 0.87652 0
    outer loop
      vertex -6.69127 -11.8228 36
      vertex -6.38463 -11.9912 1.5
      vertex -6.69127 -11.8228 1.5
    endloop
  endfacet
  facet normal 0.525727 0.850654 -0
    outer loop
      vertex -6.99346 -11.6466 1.5
      vertex -7.29102 -11.4627 36
      vertex -6.99346 -11.6466 36
    endloop
  endfacet
  facet normal 0.525727 0.850654 0
    outer loop
      vertex -7.29102 -11.4627 36
      vertex -6.99346 -11.6466 1.5
      vertex -7.29102 -11.4627 1.5
    endloop
  endfacet
  facet normal -0.012864 0.999917 0
    outer loop
      vertex 0.349785 -13.5805 1.5
      vertex 0 -13.585 36
      vertex 0.349785 -13.5805 36
    endloop
  endfacet
  facet normal -0.012864 0.999917 0
    outer loop
      vertex 0 -13.585 36
      vertex 0.349785 -13.5805 1.5
      vertex 0 -13.585 1.5
    endloop
  endfacet
  facet normal -0.038592 0.999255 0
    outer loop
      vertex 0.699338 -13.567 1.5
      vertex 0.349785 -13.5805 36
      vertex 0.699338 -13.567 36
    endloop
  endfacet
  facet normal -0.038592 0.999255 0
    outer loop
      vertex 0.349785 -13.5805 36
      vertex 0.699338 -13.567 1.5
      vertex 0.349785 -13.5805 1.5
    endloop
  endfacet
  facet normal -0.166656 0.986015 0
    outer loop
      vertex 2.43553 -13.3649 1.5
      vertex 2.0906 -13.4232 36
      vertex 2.43553 -13.3649 36
    endloop
  endfacet
  facet normal -0.166656 0.986015 0
    outer loop
      vertex 2.0906 -13.4232 36
      vertex 2.43553 -13.3649 1.5
      vertex 2.0906 -13.4232 1.5
    endloop
  endfacet
  facet normal -0.0643195 0.997929 0
    outer loop
      vertex 1.04843 -13.5445 1.5
      vertex 0.699338 -13.567 36
      vertex 1.04843 -13.5445 36
    endloop
  endfacet
  facet normal -0.0643195 0.997929 0
    outer loop
      vertex 0.699338 -13.567 36
      vertex 1.04843 -13.5445 1.5
      vertex 0.699338 -13.567 1.5
    endloop
  endfacet
  facet normal 0.141217 0.989979 -0
    outer loop
      vertex -1.74429 -13.4726 1.5
      vertex -2.0906 -13.4232 36
      vertex -1.74429 -13.4726 36
    endloop
  endfacet
  facet normal 0.141217 0.989979 0
    outer loop
      vertex -2.0906 -13.4232 36
      vertex -1.74429 -13.4726 1.5
      vertex -2.0906 -13.4232 1.5
    endloop
  endfacet
  facet normal 0.242132 0.970243 -0
    outer loop
      vertex -3.12031 -13.2218 1.5
      vertex -3.45971 -13.1371 36
      vertex -3.12031 -13.2218 36
    endloop
  endfacet
  facet normal 0.242132 0.970243 0
    outer loop
      vertex -3.45971 -13.1371 36
      vertex -3.12031 -13.2218 1.5
      vertex -3.45971 -13.1371 1.5
    endloop
  endfacet
  facet normal 0.217251 0.976116 -0
    outer loop
      vertex -2.77884 -13.2978 1.5
      vertex -3.12031 -13.2218 36
      vertex -2.77884 -13.2978 36
    endloop
  endfacet
  facet normal 0.217251 0.976116 0
    outer loop
      vertex -3.12031 -13.2218 36
      vertex -2.77884 -13.2978 1.5
      vertex -3.12031 -13.2218 1.5
    endloop
  endfacet
  facet normal 0.976116 0.217251 0
    outer loop
      vertex -13.2218 -3.12031 36
      vertex -13.2978 -2.77884 1.5
      vertex -13.2978 -2.77884 36
    endloop
  endfacet
  facet normal 0.976116 0.217251 0
    outer loop
      vertex -13.2978 -2.77884 1.5
      vertex -13.2218 -3.12031 36
      vertex -13.2218 -3.12031 1.5
    endloop
  endfacet
  facet normal 0.911085 0.412219 0
    outer loop
      vertex -12.304 -5.75888 36
      vertex -12.4482 -5.44017 1.5
      vertex -12.4482 -5.44017 36
    endloop
  endfacet
  facet normal 0.911085 0.412219 0
    outer loop
      vertex -12.4482 -5.44017 1.5
      vertex -12.304 -5.75888 36
      vertex -12.304 -5.75888 1.5
    endloop
  endfacet
  facet normal 0.900121 0.435639 0
    outer loop
      vertex -12.1516 -6.07377 36
      vertex -12.304 -5.75888 1.5
      vertex -12.304 -5.75888 36
    endloop
  endfacet
  facet normal 0.900121 0.435639 0
    outer loop
      vertex -12.304 -5.75888 1.5
      vertex -12.1516 -6.07377 36
      vertex -12.1516 -6.07377 1.5
    endloop
  endfacet
  facet normal 0.87652 0.481366 0
    outer loop
      vertex -11.8228 -6.69127 36
      vertex -11.9912 -6.38463 1.5
      vertex -11.9912 -6.38463 36
    endloop
  endfacet
  facet normal 0.87652 0.481366 0
    outer loop
      vertex -11.9912 -6.38463 1.5
      vertex -11.8228 -6.69127 36
      vertex -11.8228 -6.69127 1.5
    endloop
  endfacet
  facet normal 0.863875 0.503706 0
    outer loop
      vertex -11.6466 -6.99346 36
      vertex -11.8228 -6.69127 1.5
      vertex -11.8228 -6.69127 36
    endloop
  endfacet
  facet normal 0.863875 0.503706 0
    outer loop
      vertex -11.8228 -6.69127 1.5
      vertex -11.6466 -6.99346 36
      vertex -11.6466 -6.99346 1.5
    endloop
  endfacet
  facet normal 0.807419 0.589979 0
    outer loop
      vertex -10.8658 -8.15391 36
      vertex -11.0722 -7.87144 1.5
      vertex -11.0722 -7.87144 36
    endloop
  endfacet
  facet normal 0.807419 0.589979 0
    outer loop
      vertex -11.0722 -7.87144 1.5
      vertex -10.8658 -8.15391 36
      vertex -10.8658 -8.15391 1.5
    endloop
  endfacet
  facet normal 0.792114 0.610374 0
    outer loop
      vertex -10.6523 -8.43098 36
      vertex -10.8658 -8.15391 1.5
      vertex -10.8658 -8.15391 36
    endloop
  endfacet
  facet normal 0.792114 0.610374 0
    outer loop
      vertex -10.8658 -8.15391 1.5
      vertex -10.6523 -8.43098 36
      vertex -10.6523 -8.43098 1.5
    endloop
  endfacet
  facet normal 0.75947 0.650542 0
    outer loop
      vertex -10.2041 -8.96817 36
      vertex -10.4317 -8.70246 1.5
      vertex -10.4317 -8.70246 36
    endloop
  endfacet
  facet normal 0.75947 0.650542 0
    outer loop
      vertex -10.4317 -8.70246 1.5
      vertex -10.2041 -8.96817 36
      vertex -10.2041 -8.96817 1.5
    endloop
  endfacet
  facet normal 0.707107 0.707107 0
    outer loop
      vertex -9.48157 -9.72893 36
      vertex -9.72893 -9.48157 1.5
      vertex -9.72893 -9.48157 36
    endloop
  endfacet
  facet normal 0.707107 0.707107 0
    outer loop
      vertex -9.72893 -9.48157 1.5
      vertex -9.48157 -9.72893 36
      vertex -9.48157 -9.72893 1.5
    endloop
  endfacet
  facet normal 0.688662 0.725082 -0
    outer loop
      vertex -9.22793 -9.96983 1.5
      vertex -9.48157 -9.72893 36
      vertex -9.22793 -9.96983 36
    endloop
  endfacet
  facet normal 0.688662 0.725082 0
    outer loop
      vertex -9.48157 -9.72893 36
      vertex -9.22793 -9.96983 1.5
      vertex -9.48157 -9.72893 1.5
    endloop
  endfacet
  facet normal 0.589979 0.807419 -0
    outer loop
      vertex -7.87144 -11.0722 1.5
      vertex -8.15391 -10.8658 36
      vertex -7.87144 -11.0722 36
    endloop
  endfacet
  facet normal 0.589979 0.807419 0
    outer loop
      vertex -8.15391 -10.8658 36
      vertex -7.87144 -11.0722 1.5
      vertex -8.15391 -10.8658 1.5
    endloop
  endfacet
  facet normal 0.503706 0.863875 -0
    outer loop
      vertex -6.69127 -11.8228 1.5
      vertex -6.99346 -11.6466 36
      vertex -6.69127 -11.8228 36
    endloop
  endfacet
  facet normal 0.503706 0.863875 0
    outer loop
      vertex -6.99346 -11.6466 36
      vertex -6.69127 -11.8228 1.5
      vertex -6.99346 -11.6466 1.5
    endloop
  endfacet
  facet normal 0.458544 0.888672 -0
    outer loop
      vertex -6.07377 -12.1516 1.5
      vertex -6.38463 -11.9912 36
      vertex -6.07377 -12.1516 36
    endloop
  endfacet
  facet normal 0.458544 0.888672 0
    outer loop
      vertex -6.38463 -11.9912 36
      vertex -6.07377 -12.1516 1.5
      vertex -6.38463 -11.9912 1.5
    endloop
  endfacet
  facet normal 0.435639 0.900121 -0
    outer loop
      vertex -5.75888 -12.304 1.5
      vertex -6.07377 -12.1516 36
      vertex -5.75888 -12.304 36
    endloop
  endfacet
  facet normal 0.435639 0.900121 0
    outer loop
      vertex -6.07377 -12.1516 36
      vertex -5.75888 -12.304 1.5
      vertex -6.07377 -12.1516 1.5
    endloop
  endfacet
  facet normal -0.0900486 0.995937 0
    outer loop
      vertex 1.39682 -13.513 1.5
      vertex 1.04843 -13.5445 36
      vertex 1.39682 -13.513 36
    endloop
  endfacet
  facet normal -0.0900486 0.995937 0
    outer loop
      vertex 1.04843 -13.5445 36
      vertex 1.39682 -13.513 1.5
      vertex 1.04843 -13.5445 1.5
    endloop
  endfacet
  facet normal -0.141217 0.989979 0
    outer loop
      vertex 2.0906 -13.4232 1.5
      vertex 1.74429 -13.4726 36
      vertex 2.0906 -13.4232 36
    endloop
  endfacet
  facet normal -0.141217 0.989979 0
    outer loop
      vertex 1.74429 -13.4726 36
      vertex 2.0906 -13.4232 1.5
      vertex 1.74429 -13.4726 1.5
    endloop
  endfacet
  facet normal -0.412219 0.911085 0
    outer loop
      vertex 5.75888 -12.304 1.5
      vertex 5.44017 -12.4482 36
      vertex 5.75888 -12.304 36
    endloop
  endfacet
  facet normal -0.412219 0.911085 0
    outer loop
      vertex 5.44017 -12.4482 36
      vertex 5.75888 -12.304 1.5
      vertex 5.44017 -12.4482 1.5
    endloop
  endfacet
  facet normal -0.364767 0.931099 0
    outer loop
      vertex 5.11785 -12.5841 1.5
      vertex 4.79214 -12.7117 36
      vertex 5.11785 -12.5841 36
    endloop
  endfacet
  facet normal -0.364767 0.931099 0
    outer loop
      vertex 4.79214 -12.7117 36
      vertex 5.11785 -12.5841 1.5
      vertex 4.79214 -12.7117 1.5
    endloop
  endfacet
  facet normal -0.267275 0.96362 0
    outer loop
      vertex 3.79681 -13.0436 1.5
      vertex 3.45971 -13.1371 36
      vertex 3.79681 -13.0436 36
    endloop
  endfacet
  facet normal -0.267275 0.96362 0
    outer loop
      vertex 3.45971 -13.1371 36
      vertex 3.79681 -13.0436 1.5
      vertex 3.45971 -13.1371 1.5
    endloop
  endfacet
  facet normal -0.291602 0.95654 0
    outer loop
      vertex 4.1314 -12.9416 1.5
      vertex 3.79681 -13.0436 36
      vertex 4.1314 -12.9416 36
    endloop
  endfacet
  facet normal -0.291602 0.95654 0
    outer loop
      vertex 3.79681 -13.0436 36
      vertex 4.1314 -12.9416 1.5
      vertex 3.79681 -13.0436 1.5
    endloop
  endfacet
  facet normal -0.316442 0.948612 0
    outer loop
      vertex 4.46325 -12.8309 1.5
      vertex 4.1314 -12.9416 36
      vertex 4.46325 -12.8309 36
    endloop
  endfacet
  facet normal -0.316442 0.948612 0
    outer loop
      vertex 4.1314 -12.9416 36
      vertex 4.46325 -12.8309 1.5
      vertex 4.1314 -12.9416 1.5
    endloop
  endfacet
  facet normal -0.340742 0.940157 0
    outer loop
      vertex 4.79214 -12.7117 1.5
      vertex 4.46325 -12.8309 36
      vertex 4.79214 -12.7117 36
    endloop
  endfacet
  facet normal -0.340742 0.940157 0
    outer loop
      vertex 4.46325 -12.8309 36
      vertex 4.79214 -12.7117 1.5
      vertex 4.46325 -12.8309 1.5
    endloop
  endfacet
  facet normal 0.115491 0.993309 -0
    outer loop
      vertex -1.39682 -13.513 1.5
      vertex -1.74429 -13.4726 36
      vertex -1.39682 -13.513 36
    endloop
  endfacet
  facet normal 0.115491 0.993309 0
    outer loop
      vertex -1.74429 -13.4726 36
      vertex -1.39682 -13.513 1.5
      vertex -1.74429 -13.4726 1.5
    endloop
  endfacet
  facet normal 0.0643196 0.997929 -0
    outer loop
      vertex -0.699339 -13.567 1.5
      vertex -1.04843 -13.5445 36
      vertex -0.699339 -13.567 36
    endloop
  endfacet
  facet normal 0.0643196 0.997929 0
    outer loop
      vertex -1.04843 -13.5445 36
      vertex -0.699339 -13.567 1.5
      vertex -1.04843 -13.5445 1.5
    endloop
  endfacet
  facet normal 0.267275 0.96362 -0
    outer loop
      vertex -3.45971 -13.1371 1.5
      vertex -3.79681 -13.0436 36
      vertex -3.45971 -13.1371 36
    endloop
  endfacet
  facet normal 0.267275 0.96362 0
    outer loop
      vertex -3.79681 -13.0436 36
      vertex -3.45971 -13.1371 1.5
      vertex -3.79681 -13.0436 1.5
    endloop
  endfacet
  facet normal 0.191821 0.98143 -0
    outer loop
      vertex -2.43553 -13.3649 1.5
      vertex -2.77884 -13.2978 36
      vertex -2.43553 -13.3649 36
    endloop
  endfacet
  facet normal 0.191821 0.98143 0
    outer loop
      vertex -2.77884 -13.2978 36
      vertex -2.43553 -13.3649 1.5
      vertex -2.77884 -13.2978 1.5
    endloop
  endfacet
  facet normal 0.166656 0.986015 -0
    outer loop
      vertex -2.0906 -13.4232 1.5
      vertex -2.43553 -13.3649 36
      vertex -2.0906 -13.4232 36
    endloop
  endfacet
  facet normal 0.166656 0.986015 0
    outer loop
      vertex -2.43553 -13.3649 36
      vertex -2.0906 -13.4232 1.5
      vertex -2.43553 -13.3649 1.5
    endloop
  endfacet
  facet normal 0.836831 0.547462 0
    outer loop
      vertex -11.2712 -7.58374 36
      vertex -11.4627 -7.29102 1.5
      vertex -11.4627 -7.29102 36
    endloop
  endfacet
  facet normal 0.836831 0.547462 0
    outer loop
      vertex -11.4627 -7.29102 1.5
      vertex -11.2712 -7.58374 36
      vertex -11.2712 -7.58374 1.5
    endloop
  endfacet
  facet normal 0.547462 0.836831 -0
    outer loop
      vertex -7.29102 -11.4627 1.5
      vertex -7.58374 -11.2712 36
      vertex -7.29102 -11.4627 36
    endloop
  endfacet
  facet normal 0.547462 0.836831 0
    outer loop
      vertex -7.58374 -11.2712 36
      vertex -7.29102 -11.4627 1.5
      vertex -7.58374 -11.2712 1.5
    endloop
  endfacet
  facet normal 0.568868 0.822429 -0
    outer loop
      vertex -7.58374 -11.2712 1.5
      vertex -7.87144 -11.0722 36
      vertex -7.58374 -11.2712 36
    endloop
  endfacet
  facet normal 0.568868 0.822429 0
    outer loop
      vertex -7.87144 -11.0722 36
      vertex -7.58374 -11.2712 1.5
      vertex -7.87144 -11.0722 1.5
    endloop
  endfacet
  facet normal -0.503706 0.863875 0
    outer loop
      vertex 6.99346 -11.6466 1.5
      vertex 6.69127 -11.8228 36
      vertex 6.99346 -11.6466 36
    endloop
  endfacet
  facet normal -0.503706 0.863875 0
    outer loop
      vertex 6.69127 -11.8228 36
      vertex 6.99346 -11.6466 1.5
      vertex 6.69127 -11.8228 1.5
    endloop
  endfacet
  facet normal -0.435639 0.900121 0
    outer loop
      vertex 6.07377 -12.1516 1.5
      vertex 5.75888 -12.304 36
      vertex 6.07377 -12.1516 36
    endloop
  endfacet
  facet normal -0.435639 0.900121 0
    outer loop
      vertex 5.75888 -12.304 36
      vertex 6.07377 -12.1516 1.5
      vertex 5.75888 -12.304 1.5
    endloop
  endfacet
  facet normal -0.481366 0.87652 0
    outer loop
      vertex 6.69127 -11.8228 1.5
      vertex 6.38463 -11.9912 36
      vertex 6.69127 -11.8228 36
    endloop
  endfacet
  facet normal -0.481366 0.87652 0
    outer loop
      vertex 6.38463 -11.9912 36
      vertex 6.69127 -11.8228 1.5
      vertex 6.38463 -11.9912 1.5
    endloop
  endfacet
  facet normal -0.388509 0.921445 0
    outer loop
      vertex 5.44017 -12.4482 1.5
      vertex 5.11785 -12.5841 36
      vertex 5.44017 -12.4482 36
    endloop
  endfacet
  facet normal -0.388509 0.921445 0
    outer loop
      vertex 5.11785 -12.5841 36
      vertex 5.44017 -12.4482 1.5
      vertex 5.11785 -12.5841 1.5
    endloop
  endfacet
  facet normal 0.650542 0.75947 -0
    outer loop
      vertex -8.70246 -10.4317 1.5
      vertex -8.96817 -10.2041 36
      vertex -8.70246 -10.4317 36
    endloop
  endfacet
  facet normal 0.650542 0.75947 0
    outer loop
      vertex -8.96817 -10.2041 36
      vertex -8.70246 -10.4317 1.5
      vertex -8.96817 -10.2041 1.5
    endloop
  endfacet
  facet normal 0.630631 0.776083 -0
    outer loop
      vertex -8.43098 -10.6523 1.5
      vertex -8.70246 -10.4317 36
      vertex -8.43098 -10.6523 36
    endloop
  endfacet
  facet normal 0.630631 0.776083 0
    outer loop
      vertex -8.70246 -10.4317 36
      vertex -8.43098 -10.6523 1.5
      vertex -8.70246 -10.4317 1.5
    endloop
  endfacet
  facet normal 0.669732 0.742603 -0
    outer loop
      vertex -8.96817 -10.2041 1.5
      vertex -9.22793 -9.96983 36
      vertex -8.96817 -10.2041 36
    endloop
  endfacet
  facet normal 0.669732 0.742603 0
    outer loop
      vertex -9.22793 -9.96983 36
      vertex -8.96817 -10.2041 1.5
      vertex -9.22793 -9.96983 1.5
    endloop
  endfacet
  facet normal -0.191821 0.98143 0
    outer loop
      vertex 2.77884 -13.2978 1.5
      vertex 2.43553 -13.3649 36
      vertex 2.77884 -13.2978 36
    endloop
  endfacet
  facet normal -0.191821 0.98143 0
    outer loop
      vertex 2.43553 -13.3649 36
      vertex 2.77884 -13.2978 1.5
      vertex 2.43553 -13.3649 1.5
    endloop
  endfacet
  facet normal -0.217251 0.976116 0
    outer loop
      vertex 3.12031 -13.2218 1.5
      vertex 2.77884 -13.2978 36
      vertex 3.12031 -13.2218 36
    endloop
  endfacet
  facet normal -0.217251 0.976116 0
    outer loop
      vertex 2.77884 -13.2978 36
      vertex 3.12031 -13.2218 1.5
      vertex 2.77884 -13.2978 1.5
    endloop
  endfacet
  facet normal -0.242132 0.970243 0
    outer loop
      vertex 3.45971 -13.1371 1.5
      vertex 3.12031 -13.2218 36
      vertex 3.45971 -13.1371 36
    endloop
  endfacet
  facet normal -0.242132 0.970243 0
    outer loop
      vertex 3.12031 -13.2218 36
      vertex 3.45971 -13.1371 1.5
      vertex 3.12031 -13.2218 1.5
    endloop
  endfacet
  facet normal -0.458544 0.888672 0
    outer loop
      vertex 6.38463 -11.9912 1.5
      vertex 6.07377 -12.1516 36
      vertex 6.38463 -11.9912 36
    endloop
  endfacet
  facet normal -0.458544 0.888672 0
    outer loop
      vertex 6.07377 -12.1516 36
      vertex 6.38463 -11.9912 1.5
      vertex 6.07377 -12.1516 1.5
    endloop
  endfacet
  facet normal -0.525632 0.850712 0
    outer loop
      vertex 7.06888 -11.6 1.5
      vertex 6.99346 -11.6466 36
      vertex 7.06888 -11.6 36
    endloop
  endfacet
  facet normal -0.525632 0.850712 0
    outer loop
      vertex 6.99346 -11.6466 36
      vertex 7.06888 -11.6 1.5
      vertex 6.99346 -11.6466 1.5
    endloop
  endfacet
  facet normal 0 -1 0
    outer loop
      vertex 7.06888 11.6 1.5
      vertex 21 11.6 36
      vertex 7.06888 11.6 36
    endloop
  endfacet
  facet normal 0 -1 -0
    outer loop
      vertex 21 11.6 36
      vertex 7.06888 11.6 1.5
      vertex 21 11.6 1.5
    endloop
  endfacet
  facet normal 0 1 -0
    outer loop
      vertex 21 -11.6 1.5
      vertex 7.06888 -11.6 36
      vertex 21 -11.6 36
    endloop
  endfacet
  facet normal 0 1 0
    outer loop
      vertex 7.06888 -11.6 36
      vertex 21 -11.6 1.5
      vertex 7.06888 -11.6 1.5
    endloop
  endfacet
  facet normal 0.999931 -0.0117402 0
    outer loop
      vertex -14.785 0 1.5
      vertex -14.7809 0.349203 0
      vertex -14.7809 0.349203 1.5
    endloop
  endfacet
  facet normal 0.999931 -0.0117402 0
    outer loop
      vertex -14.7809 0.349203 0
      vertex -14.785 0 1.5
      vertex -14.785 0 0
    endloop
  endfacet
  facet normal 0 1 -0
    outer loop
      vertex 0.174614 -14.784 0
      vertex -0.174615 -14.784 1.5
      vertex 0.174614 -14.784 1.5
    endloop
  endfacet
  facet normal 0 1 0
    outer loop
      vertex -0.174615 -14.784 1.5
      vertex 0.174614 -14.784 0
      vertex -0.174615 -14.784 0
    endloop
  endfacet
  facet normal -0.369089 -0.929394 0
    outer loop
      vertex 5.29304 13.8051 0
      vertex 5.61762 13.6762 1.5
      vertex 5.29304 13.8051 1.5
    endloop
  endfacet
  facet normal -0.369089 -0.929394 -0
    outer loop
      vertex 5.61762 13.6762 1.5
      vertex 5.29304 13.8051 0
      vertex 5.61762 13.6762 0
    endloop
  endfacet
  facet normal -0.187844 -0.982199 0
    outer loop
      vertex 2.60559 14.5536 0
      vertex 2.9486 14.488 1.5
      vertex 2.60559 14.5536 1.5
    endloop
  endfacet
  facet normal -0.187844 -0.982199 -0
    outer loop
      vertex 2.9486 14.488 1.5
      vertex 2.60559 14.5536 0
      vertex 2.9486 14.488 0
    endloop
  endfacet
  facet normal -0.0942064 -0.995553 0
    outer loop
      vertex 1.22093 14.7345 0
      vertex 1.56861 14.7016 1.5
      vertex 1.22093 14.7345 1.5
    endloop
  endfacet
  facet normal -0.0942064 -0.995553 -0
    outer loop
      vertex 1.56861 14.7016 1.5
      vertex 1.22093 14.7345 0
      vertex 1.56861 14.7016 0
    endloop
  endfacet
  facet normal 0.719451 0.694543 0
    outer loop
      vertex -10.5161 -10.3927 1.5
      vertex -10.7587 -10.1414 0
      vertex -10.7587 -10.1414 1.5
    endloop
  endfacet
  facet normal 0.719451 0.694543 0
    outer loop
      vertex -10.7587 -10.1414 0
      vertex -10.5161 -10.3927 1.5
      vertex -10.5161 -10.3927 0
    endloop
  endfacet
  facet normal 0.16465 0.986352 -0
    outer loop
      vertex -2.26113 -14.6111 0
      vertex -2.60559 -14.5536 1.5
      vertex -2.26113 -14.6111 1.5
    endloop
  endfacet
  facet normal 0.16465 0.986352 0
    outer loop
      vertex -2.60559 -14.5536 1.5
      vertex -2.26113 -14.6111 0
      vertex -2.60559 -14.5536 0
    endloop
  endfacet
  facet normal 0.949573 -0.313546 0
    outer loop
      vertex -14.0934 4.46906 1.5
      vertex -13.9839 4.80068 0
      vertex -13.9839 4.80068 1.5
    endloop
  endfacet
  facet normal 0.949573 -0.313546 0
    outer loop
      vertex -13.9839 4.80068 0
      vertex -14.0934 4.46906 1.5
      vertex -14.0934 4.46906 0
    endloop
  endfacet
  facet normal -0.45502 -0.890481 0
    outer loop
      vertex 6.57185 13.2441 0
      vertex 6.88282 13.0852 1.5
      vertex 6.57185 13.2441 1.5
    endloop
  endfacet
  facet normal -0.45502 -0.890481 -0
    outer loop
      vertex 6.88282 13.0852 1.5
      vertex 6.57185 13.2441 0
      vertex 6.88282 13.0852 0
    endloop
  endfacet
  facet normal -0.279755 -0.960071 0
    outer loop
      vertex 3.96701 14.2429 0
      vertex 4.3023 14.1452 1.5
      vertex 3.96701 14.2429 1.5
    endloop
  endfacet
  facet normal -0.279755 -0.960071 -0
    outer loop
      vertex 4.3023 14.1452 1.5
      vertex 3.96701 14.2429 0
      vertex 4.3023 14.1452 0
    endloop
  endfacet
  facet normal -0.0472471 -0.998883 0
    outer loop
      vertex 0.523745 14.7757 0
      vertex 0.872583 14.7592 1.5
      vertex 0.523745 14.7757 1.5
    endloop
  endfacet
  facet normal -0.0472471 -0.998883 -0
    outer loop
      vertex 0.872583 14.7592 1.5
      vertex 0.523745 14.7757 0
      vertex 0.872583 14.7592 0
    endloop
  endfacet
  facet normal 0.924993 0.379985 0
    outer loop
      vertex -13.6089 -5.77874 1.5
      vertex -13.7416 -5.45571 0
      vertex -13.7416 -5.45571 1.5
    endloop
  endfacet
  facet normal 0.924993 0.379985 0
    outer loop
      vertex -13.7416 -5.45571 0
      vertex -13.6089 -5.77874 1.5
      vertex -13.6089 -5.77874 0
    endloop
  endfacet
  facet normal -0.187844 0.982199 0
    outer loop
      vertex 2.9486 -14.488 0
      vertex 2.60559 -14.5536 1.5
      vertex 2.9486 -14.488 1.5
    endloop
  endfacet
  facet normal -0.187844 0.982199 0
    outer loop
      vertex 2.60559 -14.5536 1.5
      vertex 2.9486 -14.488 0
      vertex 2.60559 -14.5536 0
    endloop
  endfacet
  facet normal 0.0707269 0.997496 -0
    outer loop
      vertex -0.872584 -14.7592 0
      vertex -1.22094 -14.7345 1.5
      vertex -0.872584 -14.7592 1.5
    endloop
  endfacet
  facet normal 0.0707269 0.997496 0
    outer loop
      vertex -1.22094 -14.7345 1.5
      vertex -0.872584 -14.7592 0
      vertex -1.22094 -14.7345 0
    endloop
  endfacet
  facet normal 0.999369 -0.0355067 0
    outer loop
      vertex -14.7809 0.349203 1.5
      vertex -14.7685 0.698213 0
      vertex -14.7685 0.698213 1.5
    endloop
  endfacet
  facet normal 0.999369 -0.0355067 0
    outer loop
      vertex -14.7685 0.698213 0
      vertex -14.7809 0.349203 1.5
      vertex -14.7809 0.349203 0
    endloop
  endfacet
  facet normal 0.996594 -0.0824672 0
    outer loop
      vertex -14.7479 1.04683 1.5
      vertex -14.7191 1.39487 0
      vertex -14.7191 1.39487 1.5
    endloop
  endfacet
  facet normal 0.996594 -0.0824672 0
    outer loop
      vertex -14.7191 1.39487 0
      vertex -14.7479 1.04683 1.5
      vertex -14.7479 1.04683 0
    endloop
  endfacet
  facet normal 0.984321 -0.176385 0
    outer loop
      vertex -14.5834 2.43353 1.5
      vertex -14.5218 2.77729 0
      vertex -14.5218 2.77729 1.5
    endloop
  endfacet
  facet normal 0.984321 -0.176385 0
    outer loop
      vertex -14.5218 2.77729 0
      vertex -14.5834 2.43353 1.5
      vertex -14.5834 2.43353 0
    endloop
  endfacet
  facet normal 0.991588 -0.129432 0
    outer loop
      vertex -14.682 1.74213 1.5
      vertex -14.6368 2.08841 0
      vertex -14.6368 2.08841 1.5
    endloop
  endfacet
  facet normal 0.991588 -0.129432 0
    outer loop
      vertex -14.6368 2.08841 0
      vertex -14.682 1.74213 1.5
      vertex -14.682 1.74213 0
    endloop
  endfacet
  facet normal 0.941907 -0.335874 0
    outer loop
      vertex -13.9839 4.80068 1.5
      vertex -13.8666 5.12963 0
      vertex -13.8666 5.12963 1.5
    endloop
  endfacet
  facet normal 0.941907 -0.335874 0
    outer loop
      vertex -13.8666 5.12963 0
      vertex -13.9839 4.80068 1.5
      vertex -13.9839 4.80068 0
    endloop
  endfacet
  facet normal 0.924993 -0.379985 0
    outer loop
      vertex -13.7416 5.45571 1.5
      vertex -13.6089 5.77874 0
      vertex -13.6089 5.77874 1.5
    endloop
  endfacet
  facet normal 0.924993 -0.379985 0
    outer loop
      vertex -13.6089 5.77874 0
      vertex -13.7416 5.45571 1.5
      vertex -13.7416 5.45571 0
    endloop
  endfacet
  facet normal 0.956745 -0.290929 0
    outer loop
      vertex -14.195 4.13494 1.5
      vertex -14.0934 4.46906 0
      vertex -14.0934 4.46906 1.5
    endloop
  endfacet
  facet normal 0.956745 -0.290929 0
    outer loop
      vertex -14.0934 4.46906 0
      vertex -14.195 4.13494 1.5
      vertex -14.195 4.13494 0
    endloop
  endfacet
  facet normal 0.810412 -0.585861 0
    outer loop
      vertex -12.0833 8.52001 1.5
      vertex -11.8787 8.80303 0
      vertex -11.8787 8.80303 1.5
    endloop
  endfacet
  facet normal 0.810412 -0.585861 0
    outer loop
      vertex -11.8787 8.80303 0
      vertex -12.0833 8.52001 1.5
      vertex -12.0833 8.52001 0
    endloop
  endfacet
  facet normal 0.78189 -0.623416 0
    outer loop
      vertex -11.6674 9.08113 1.5
      vertex -11.4497 9.35417 0
      vertex -11.4497 9.35417 1.5
    endloop
  endfacet
  facet normal 0.78189 -0.623416 0
    outer loop
      vertex -11.4497 9.35417 0
      vertex -11.6674 9.08113 1.5
      vertex -11.6674 9.08113 0
    endloop
  endfacet
  facet normal 0.751503 -0.65973 0
    outer loop
      vertex -11.2256 9.62199 1.5
      vertex -10.9952 9.88444 0
      vertex -10.9952 9.88444 1.5
    endloop
  endfacet
  facet normal 0.751503 -0.65973 0
    outer loop
      vertex -10.9952 9.88444 0
      vertex -11.2256 9.62199 1.5
      vertex -11.2256 9.62199 0
    endloop
  endfacet
  facet normal 0.719451 -0.694543 0
    outer loop
      vertex -10.7587 10.1414 1.5
      vertex -10.5161 10.3927 0
      vertex -10.5161 10.3927 1.5
    endloop
  endfacet
  facet normal 0.719451 -0.694543 0
    outer loop
      vertex -10.5161 10.3927 0
      vertex -10.7587 10.1414 1.5
      vertex -10.7587 10.1414 0
    endloop
  endfacet
  facet normal 0.862052 -0.50682 0
    outer loop
      vertex -12.8332 7.34203 1.5
      vertex -12.6562 7.64309 0
      vertex -12.6562 7.64309 1.5
    endloop
  endfacet
  facet normal 0.862052 -0.50682 0
    outer loop
      vertex -12.6562 7.64309 0
      vertex -12.8332 7.34203 1.5
      vertex -12.8332 7.34203 0
    endloop
  endfacet
  facet normal 0.837186 -0.546918 0
    outer loop
      vertex -12.4721 7.93988 1.5
      vertex -12.2811 8.23225 0
      vertex -12.2811 8.23225 1.5
    endloop
  endfacet
  facet normal 0.837186 -0.546918 0
    outer loop
      vertex -12.2811 8.23225 0
      vertex -12.4721 7.93988 1.5
      vertex -12.4721 7.93988 0
    endloop
  endfacet
  facet normal 0.885005 -0.465581 0
    outer loop
      vertex -13.1656 6.7278 1.5
      vertex -13.003 7.03688 0
      vertex -13.003 7.03688 1.5
    endloop
  endfacet
  facet normal 0.885005 -0.465581 0
    outer loop
      vertex -13.003 7.03688 0
      vertex -13.1656 6.7278 1.5
      vertex -13.1656 6.7278 0
    endloop
  endfacet
  facet normal 0.906027 -0.423219 0
    outer loop
      vertex -13.4686 6.09856 1.5
      vertex -13.3208 6.41497 0
      vertex -13.3208 6.41497 1.5
    endloop
  endfacet
  facet normal 0.906027 -0.423219 0
    outer loop
      vertex -13.3208 6.41497 0
      vertex -13.4686 6.09856 1.5
      vertex -13.4686 6.09856 0
    endloop
  endfacet
  facet normal 0.346783 -0.937946 0
    outer loop
      vertex -5.29304 13.8051 0
      vertex -4.9655 13.9262 1.5
      vertex -5.29304 13.8051 1.5
    endloop
  endfacet
  facet normal 0.346783 -0.937946 0
    outer loop
      vertex -4.9655 13.9262 1.5
      vertex -5.29304 13.8051 0
      vertex -4.9655 13.9262 0
    endloop
  endfacet
  facet normal 0.302373 -0.95319 0
    outer loop
      vertex -4.63519 14.0396 0
      vertex -4.3023 14.1452 1.5
      vertex -4.63519 14.0396 1.5
    endloop
  endfacet
  facet normal 0.302373 -0.95319 0
    outer loop
      vertex -4.3023 14.1452 1.5
      vertex -4.63519 14.0396 0
      vertex -4.3023 14.1452 0
    endloop
  endfacet
  facet normal 0.211039 -0.977478 0
    outer loop
      vertex -3.28997 14.4143 0
      vertex -2.94861 14.488 1.5
      vertex -3.28997 14.4143 1.5
    endloop
  endfacet
  facet normal 0.211039 -0.977478 0
    outer loop
      vertex -2.94861 14.488 1.5
      vertex -3.28997 14.4143 0
      vertex -2.94861 14.488 0
    endloop
  endfacet
  facet normal 0.256853 -0.96645 0
    outer loop
      vertex -3.96701 14.2429 0
      vertex -3.6295 14.3326 1.5
      vertex -3.96701 14.2429 1.5
    endloop
  endfacet
  facet normal 0.256853 -0.96645 0
    outer loop
      vertex -3.6295 14.3326 1.5
      vertex -3.96701 14.2429 0
      vertex -3.6295 14.3326 0
    endloop
  endfacet
  facet normal 0.16465 -0.986352 0
    outer loop
      vertex -2.60559 14.5536 0
      vertex -2.26113 14.6111 1.5
      vertex -2.60559 14.5536 1.5
    endloop
  endfacet
  facet normal 0.16465 -0.986352 0
    outer loop
      vertex -2.26113 14.6111 1.5
      vertex -2.60559 14.5536 0
      vertex -2.26113 14.6111 0
    endloop
  endfacet
  facet normal 0.117974 -0.993017 0
    outer loop
      vertex -1.9154 14.6604 0
      vertex -1.56861 14.7016 1.5
      vertex -1.9154 14.6604 1.5
    endloop
  endfacet
  facet normal 0.117974 -0.993017 0
    outer loop
      vertex -1.56861 14.7016 1.5
      vertex -1.9154 14.6604 0
      vertex -1.56861 14.7016 0
    endloop
  endfacet
  facet normal 0.0707269 -0.997496 0
    outer loop
      vertex -1.22094 14.7345 0
      vertex -0.872584 14.7592 1.5
      vertex -1.22094 14.7345 1.5
    endloop
  endfacet
  facet normal 0.0707269 -0.997496 0
    outer loop
      vertex -0.872584 14.7592 1.5
      vertex -1.22094 14.7345 0
      vertex -0.872584 14.7592 0
    endloop
  endfacet
  facet normal 0.0237666 -0.999718 0
    outer loop
      vertex -0.523746 14.7757 0
      vertex -0.174615 14.784 1.5
      vertex -0.523746 14.7757 1.5
    endloop
  endfacet
  facet normal 0.0237666 -0.999718 0
    outer loop
      vertex -0.174615 14.784 1.5
      vertex -0.523746 14.7757 0
      vertex -0.174615 14.784 0
    endloop
  endfacet
  facet normal 0.536931 -0.843626 0
    outer loop
      vertex -8.08663 12.3775 0
      vertex -7.79203 12.565 1.5
      vertex -8.08663 12.3775 1.5
    endloop
  endfacet
  facet normal 0.536931 -0.843626 0
    outer loop
      vertex -7.79203 12.565 1.5
      vertex -8.08663 12.3775 0
      vertex -7.79203 12.565 0
    endloop
  endfacet
  facet normal 0.496534 -0.868017 0
    outer loop
      vertex -7.49309 12.7456 0
      vertex -7.18996 12.919 1.5
      vertex -7.49309 12.7456 1.5
    endloop
  endfacet
  facet normal 0.496534 -0.868017 0
    outer loop
      vertex -7.18996 12.919 1.5
      vertex -7.49309 12.7456 0
      vertex -7.18996 12.919 0
    endloop
  endfacet
  facet normal 0.412368 -0.911018 0
    outer loop
      vertex -6.2572 13.3957 0
      vertex -5.93907 13.5397 1.5
      vertex -6.2572 13.3957 1.5
    endloop
  endfacet
  facet normal 0.412368 -0.911018 0
    outer loop
      vertex -5.93907 13.5397 1.5
      vertex -6.2572 13.3957 0
      vertex -5.93907 13.5397 0
    endloop
  endfacet
  facet normal 0.434052 -0.900888 0
    outer loop
      vertex -6.57185 13.2441 0
      vertex -6.2572 13.3957 1.5
      vertex -6.57185 13.2441 1.5
    endloop
  endfacet
  facet normal 0.434052 -0.900888 0
    outer loop
      vertex -6.2572 13.3957 1.5
      vertex -6.57185 13.2441 0
      vertex -6.2572 13.3957 0
    endloop
  endfacet
  facet normal 0.390859 -0.920451 0
    outer loop
      vertex -5.93907 13.5397 0
      vertex -5.61762 13.6762 1.5
      vertex -5.93907 13.5397 1.5
    endloop
  endfacet
  facet normal 0.390859 -0.920451 0
    outer loop
      vertex -5.61762 13.6762 1.5
      vertex -5.93907 13.5397 0
      vertex -5.61762 13.6762 0
    endloop
  endfacet
  facet normal 0.595344 -0.803471 0
    outer loop
      vertex -8.94271 11.7739 0
      vertex -8.66213 11.9818 1.5
      vertex -8.94271 11.7739 1.5
    endloop
  endfacet
  facet normal 0.595344 -0.803471 0
    outer loop
      vertex -8.66213 11.9818 1.5
      vertex -8.94271 11.7739 0
      vertex -8.66213 11.9818 0
    endloop
  endfacet
  facet normal 0.614212 -0.789141 0
    outer loop
      vertex -9.2183 11.5594 0
      vertex -8.94271 11.7739 1.5
      vertex -9.2183 11.5594 1.5
    endloop
  endfacet
  facet normal 0.614212 -0.789141 0
    outer loop
      vertex -8.94271 11.7739 1.5
      vertex -9.2183 11.5594 0
      vertex -8.94271 11.7739 0
    endloop
  endfacet
  facet normal 0.576353 -0.817201 0
    outer loop
      vertex -8.66213 11.9818 0
      vertex -8.37671 12.1831 1.5
      vertex -8.66213 11.9818 1.5
    endloop
  endfacet
  facet normal 0.576353 -0.817201 0
    outer loop
      vertex -8.37671 12.1831 1.5
      vertex -8.66213 11.9818 0
      vertex -8.37671 12.1831 0
    endloop
  endfacet
  facet normal 0.650659 -0.75937 0
    outer loop
      vertex -9.7539 11.1112 0
      vertex -9.48874 11.3384 1.5
      vertex -9.7539 11.1112 1.5
    endloop
  endfacet
  facet normal 0.650659 -0.75937 0
    outer loop
      vertex -9.48874 11.3384 1.5
      vertex -9.7539 11.1112 0
      vertex -9.48874 11.3384 0
    endloop
  endfacet
  facet normal 0.632776 -0.774335 0
    outer loop
      vertex -9.48874 11.3384 0
      vertex -9.2183 11.5594 1.5
      vertex -9.48874 11.3384 1.5
    endloop
  endfacet
  facet normal 0.632776 -0.774335 0
    outer loop
      vertex -9.2183 11.5594 1.5
      vertex -9.48874 11.3384 0
      vertex -9.2183 11.5594 0
    endloop
  endfacet
  facet normal 0.686043 -0.727561 0
    outer loop
      vertex -10.2677 10.6381 0
      vertex -10.0136 10.8777 1.5
      vertex -10.2677 10.6381 1.5
    endloop
  endfacet
  facet normal 0.686043 -0.727561 0
    outer loop
      vertex -10.0136 10.8777 1.5
      vertex -10.2677 10.6381 0
      vertex -10.0136 10.8777 0
    endloop
  endfacet
  facet normal -0.412368 -0.911018 0
    outer loop
      vertex 5.93907 13.5397 0
      vertex 6.2572 13.3957 1.5
      vertex 5.93907 13.5397 1.5
    endloop
  endfacet
  facet normal -0.412368 -0.911018 -0
    outer loop
      vertex 6.2572 13.3957 1.5
      vertex 5.93907 13.5397 0
      vertex 6.2572 13.3957 0
    endloop
  endfacet
  facet normal -0.390859 -0.920451 0
    outer loop
      vertex 5.61762 13.6762 0
      vertex 5.93907 13.5397 1.5
      vertex 5.61762 13.6762 1.5
    endloop
  endfacet
  facet normal -0.390859 -0.920451 -0
    outer loop
      vertex 5.93907 13.5397 1.5
      vertex 5.61762 13.6762 0
      vertex 5.93907 13.5397 0
    endloop
  endfacet
  facet normal -0.434052 -0.900888 0
    outer loop
      vertex 6.2572 13.3957 0
      vertex 6.57185 13.2441 1.5
      vertex 6.2572 13.3957 1.5
    endloop
  endfacet
  facet normal -0.434052 -0.900888 -0
    outer loop
      vertex 6.57185 13.2441 1.5
      vertex 6.2572 13.3957 0
      vertex 6.57185 13.2441 0
    endloop
  endfacet
  facet normal -0.49657 -0.867997 0
    outer loop
      vertex 7.18996 12.919 0
      vertex 7.39797 12.8 1.5
      vertex 7.18996 12.919 1.5
    endloop
  endfacet
  facet normal -0.49657 -0.867997 -0
    outer loop
      vertex 7.39797 12.8 1.5
      vertex 7.18996 12.919 0
      vertex 7.39797 12.8 0
    endloop
  endfacet
  facet normal -0.475912 -0.879493 0
    outer loop
      vertex 6.88282 13.0852 0
      vertex 7.18996 12.919 1.5
      vertex 6.88282 13.0852 1.5
    endloop
  endfacet
  facet normal -0.475912 -0.879493 -0
    outer loop
      vertex 7.18996 12.919 1.5
      vertex 6.88282 13.0852 0
      vertex 7.18996 12.919 0
    endloop
  endfacet
  facet normal -0.324711 -0.945813 0
    outer loop
      vertex 4.63519 14.0396 0
      vertex 4.9655 13.9262 1.5
      vertex 4.63519 14.0396 1.5
    endloop
  endfacet
  facet normal -0.324711 -0.945813 -0
    outer loop
      vertex 4.9655 13.9262 1.5
      vertex 4.63519 14.0396 0
      vertex 4.9655 13.9262 0
    endloop
  endfacet
  facet normal -0.233949 -0.972249 0
    outer loop
      vertex 3.28997 14.4143 0
      vertex 3.6295 14.3326 1.5
      vertex 3.28997 14.4143 1.5
    endloop
  endfacet
  facet normal -0.233949 -0.972249 -0
    outer loop
      vertex 3.6295 14.3326 1.5
      vertex 3.28997 14.4143 0
      vertex 3.6295 14.3326 0
    endloop
  endfacet
  facet normal -0.211033 -0.977479 0
    outer loop
      vertex 2.9486 14.488 0
      vertex 3.28997 14.4143 1.5
      vertex 2.9486 14.488 1.5
    endloop
  endfacet
  facet normal -0.211033 -0.977479 -0
    outer loop
      vertex 3.28997 14.4143 1.5
      vertex 2.9486 14.488 0
      vertex 3.28997 14.4143 0
    endloop
  endfacet
  facet normal -0.256853 -0.96645 0
    outer loop
      vertex 3.6295 14.3326 0
      vertex 3.96701 14.2429 1.5
      vertex 3.6295 14.3326 1.5
    endloop
  endfacet
  facet normal -0.256853 -0.96645 -0
    outer loop
      vertex 3.96701 14.2429 1.5
      vertex 3.6295 14.3326 0
      vertex 3.96701 14.2429 0
    endloop
  endfacet
  facet normal -0.346783 -0.937946 0
    outer loop
      vertex 4.9655 13.9262 0
      vertex 5.29304 13.8051 1.5
      vertex 4.9655 13.9262 1.5
    endloop
  endfacet
  facet normal -0.346783 -0.937946 -0
    outer loop
      vertex 5.29304 13.8051 1.5
      vertex 4.9655 13.9262 0
      vertex 5.29304 13.8051 0
    endloop
  endfacet
  facet normal -0.141169 -0.989986 0
    outer loop
      vertex 1.9154 14.6604 0
      vertex 2.26113 14.6111 1.5
      vertex 1.9154 14.6604 1.5
    endloop
  endfacet
  facet normal -0.141169 -0.989986 -0
    outer loop
      vertex 2.26113 14.6111 1.5
      vertex 1.9154 14.6604 0
      vertex 2.26113 14.6111 0
    endloop
  endfacet
  facet normal -0.16465 -0.986352 0
    outer loop
      vertex 2.26113 14.6111 0
      vertex 2.60559 14.5536 1.5
      vertex 2.26113 14.6111 1.5
    endloop
  endfacet
  facet normal -0.16465 -0.986352 -0
    outer loop
      vertex 2.60559 14.5536 1.5
      vertex 2.26113 14.6111 0
      vertex 2.60559 14.5536 0
    endloop
  endfacet
  facet normal -0.0707287 -0.997496 0
    outer loop
      vertex 0.872583 14.7592 0
      vertex 1.22093 14.7345 1.5
      vertex 0.872583 14.7592 1.5
    endloop
  endfacet
  facet normal -0.0707287 -0.997496 -0
    outer loop
      vertex 1.22093 14.7345 1.5
      vertex 0.872583 14.7592 0
      vertex 1.22093 14.7345 0
    endloop
  endfacet
  facet normal -0.0237666 -0.999718 0
    outer loop
      vertex 0.174614 14.784 0
      vertex 0.523745 14.7757 1.5
      vertex 0.174614 14.784 1.5
    endloop
  endfacet
  facet normal -0.0237666 -0.999718 -0
    outer loop
      vertex 0.523745 14.7757 1.5
      vertex 0.174614 14.784 0
      vertex 0.523745 14.7757 0
    endloop
  endfacet
  facet normal 0.999931 0.0117402 0
    outer loop
      vertex -14.7809 -0.349203 1.5
      vertex -14.785 0 0
      vertex -14.785 0 1.5
    endloop
  endfacet
  facet normal 0.999931 0.0117402 0
    outer loop
      vertex -14.785 0 0
      vertex -14.7809 -0.349203 1.5
      vertex -14.7809 -0.349203 0
    endloop
  endfacet
  facet normal 0.963333 0.268308 0
    outer loop
      vertex -14.195 -4.13494 1.5
      vertex -14.2887 -3.79852 0
      vertex -14.2887 -3.79852 1.5
    endloop
  endfacet
  facet normal 0.963333 0.268308 0
    outer loop
      vertex -14.2887 -3.79852 0
      vertex -14.195 -4.13494 1.5
      vertex -14.195 -4.13494 0
    endloop
  endfacet
  facet normal 0.996594 0.0824672 0
    outer loop
      vertex -14.7191 -1.39487 1.5
      vertex -14.7479 -1.04683 0
      vertex -14.7479 -1.04683 1.5
    endloop
  endfacet
  facet normal 0.996594 0.0824672 0
    outer loop
      vertex -14.7479 -1.04683 0
      vertex -14.7191 -1.39487 1.5
      vertex -14.7191 -1.39487 0
    endloop
  endfacet
  facet normal 0.933744 0.357943 0
    outer loop
      vertex -13.7416 -5.45571 1.5
      vertex -13.8666 -5.12963 0
      vertex -13.8666 -5.12963 1.5
    endloop
  endfacet
  facet normal 0.933744 0.357943 0
    outer loop
      vertex -13.8666 -5.12963 0
      vertex -13.7416 -5.45571 1.5
      vertex -13.7416 -5.45571 0
    endloop
  endfacet
  facet normal 0.906027 0.423219 0
    outer loop
      vertex -13.3208 -6.41497 1.5
      vertex -13.4686 -6.09856 0
      vertex -13.4686 -6.09856 1.5
    endloop
  endfacet
  facet normal 0.906027 0.423219 0
    outer loop
      vertex -13.4686 -6.09856 0
      vertex -13.3208 -6.41497 1.5
      vertex -13.3208 -6.41497 0
    endloop
  endfacet
  facet normal -0.369089 0.929394 0
    outer loop
      vertex 5.61762 -13.6762 0
      vertex 5.29304 -13.8051 1.5
      vertex 5.61762 -13.6762 1.5
    endloop
  endfacet
  facet normal -0.369089 0.929394 0
    outer loop
      vertex 5.29304 -13.8051 1.5
      vertex 5.61762 -13.6762 0
      vertex 5.29304 -13.8051 0
    endloop
  endfacet
  facet normal 0.0942091 0.995552 -0
    outer loop
      vertex -1.22094 -14.7345 0
      vertex -1.56861 -14.7016 1.5
      vertex -1.22094 -14.7345 1.5
    endloop
  endfacet
  facet normal 0.0942091 0.995552 0
    outer loop
      vertex -1.56861 -14.7016 1.5
      vertex -1.22094 -14.7345 0
      vertex -1.56861 -14.7016 0
    endloop
  endfacet
  facet normal 0.390859 0.920451 -0
    outer loop
      vertex -5.61762 -13.6762 0
      vertex -5.93907 -13.5397 1.5
      vertex -5.61762 -13.6762 1.5
    endloop
  endfacet
  facet normal 0.390859 0.920451 0
    outer loop
      vertex -5.93907 -13.5397 1.5
      vertex -5.61762 -13.6762 0
      vertex -5.93907 -13.5397 0
    endloop
  endfacet
  facet normal 0.324711 0.945813 -0
    outer loop
      vertex -4.63519 -14.0396 0
      vertex -4.9655 -13.9262 1.5
      vertex -4.63519 -14.0396 1.5
    endloop
  endfacet
  facet normal 0.324711 0.945813 0
    outer loop
      vertex -4.9655 -13.9262 1.5
      vertex -4.63519 -14.0396 0
      vertex -4.9655 -13.9262 0
    endloop
  endfacet
  facet normal 0.302373 0.95319 -0
    outer loop
      vertex -4.3023 -14.1452 0
      vertex -4.63519 -14.0396 1.5
      vertex -4.3023 -14.1452 1.5
    endloop
  endfacet
  facet normal 0.302373 0.95319 0
    outer loop
      vertex -4.63519 -14.0396 1.5
      vertex -4.3023 -14.1452 0
      vertex -4.63519 -14.0396 0
    endloop
  endfacet
  facet normal 0.346783 0.937946 -0
    outer loop
      vertex -4.9655 -13.9262 0
      vertex -5.29304 -13.8051 1.5
      vertex -4.9655 -13.9262 1.5
    endloop
  endfacet
  facet normal 0.346783 0.937946 0
    outer loop
      vertex -5.29304 -13.8051 1.5
      vertex -4.9655 -13.9262 0
      vertex -5.29304 -13.8051 0
    endloop
  endfacet
  facet normal 0.998259 -0.0589877 0
    outer loop
      vertex -14.7685 0.698213 1.5
      vertex -14.7479 1.04683 0
      vertex -14.7479 1.04683 1.5
    endloop
  endfacet
  facet normal 0.998259 -0.0589877 0
    outer loop
      vertex -14.7479 1.04683 0
      vertex -14.7685 0.698213 1.5
      vertex -14.7685 0.698213 0
    endloop
  endfacet
  facet normal 0.994341 -0.106232 0
    outer loop
      vertex -14.7191 1.39487 1.5
      vertex -14.682 1.74213 0
      vertex -14.682 1.74213 1.5
    endloop
  endfacet
  facet normal 0.994341 -0.106232 0
    outer loop
      vertex -14.682 1.74213 0
      vertex -14.7191 1.39487 1.5
      vertex -14.7191 1.39487 0
    endloop
  endfacet
  facet normal 0.979939 -0.199298 0
    outer loop
      vertex -14.5218 2.77729 1.5
      vertex -14.4522 3.11951 0
      vertex -14.4522 3.11951 1.5
    endloop
  endfacet
  facet normal 0.979939 -0.199298 0
    outer loop
      vertex -14.4522 3.11951 0
      vertex -14.5218 2.77729 1.5
      vertex -14.5218 2.77729 0
    endloop
  endfacet
  facet normal 0.98824 -0.152909 0
    outer loop
      vertex -14.6368 2.08841 1.5
      vertex -14.5834 2.43353 0
      vertex -14.5834 2.43353 1.5
    endloop
  endfacet
  facet normal 0.98824 -0.152909 0
    outer loop
      vertex -14.5834 2.43353 0
      vertex -14.6368 2.08841 1.5
      vertex -14.6368 2.08841 0
    endloop
  endfacet
  facet normal 0.933744 -0.357943 0
    outer loop
      vertex -13.8666 5.12963 1.5
      vertex -13.7416 5.45571 0
      vertex -13.7416 5.45571 1.5
    endloop
  endfacet
  facet normal 0.933744 -0.357943 0
    outer loop
      vertex -13.7416 5.45571 0
      vertex -13.8666 5.12963 1.5
      vertex -13.8666 5.12963 0
    endloop
  endfacet
  facet normal 0.915759 -0.401729 0
    outer loop
      vertex -13.6089 5.77874 1.5
      vertex -13.4686 6.09856 0
      vertex -13.4686 6.09856 1.5
    endloop
  endfacet
  facet normal 0.915759 -0.401729 0
    outer loop
      vertex -13.4686 6.09856 0
      vertex -13.6089 5.77874 1.5
      vertex -13.6089 5.77874 0
    endloop
  endfacet
  facet normal 0.963333 -0.268308 0
    outer loop
      vertex -14.2887 3.79852 1.5
      vertex -14.195 4.13494 0
      vertex -14.195 4.13494 1.5
    endloop
  endfacet
  facet normal 0.963333 -0.268308 0
    outer loop
      vertex -14.195 4.13494 0
      vertex -14.2887 3.79852 1.5
      vertex -14.2887 3.79852 0
    endloop
  endfacet
  facet normal 0.974872 -0.222766 0
    outer loop
      vertex -14.4522 3.11951 1.5
      vertex -14.3744 3.45998 0
      vertex -14.3744 3.45998 1.5
    endloop
  endfacet
  facet normal 0.974872 -0.222766 0
    outer loop
      vertex -14.3744 3.45998 0
      vertex -14.4522 3.11951 1.5
      vertex -14.4522 3.11951 0
    endloop
  endfacet
  facet normal 0.796239 -0.604982 0
    outer loop
      vertex -11.8787 8.80303 1.5
      vertex -11.6674 9.08113 0
      vertex -11.6674 9.08113 1.5
    endloop
  endfacet
  facet normal 0.796239 -0.604982 0
    outer loop
      vertex -11.6674 9.08113 0
      vertex -11.8787 8.80303 1.5
      vertex -11.8787 8.80303 0
    endloop
  endfacet
  facet normal 0.766929 -0.641732 0
    outer loop
      vertex -11.4497 9.35417 1.5
      vertex -11.2256 9.62199 0
      vertex -11.2256 9.62199 1.5
    endloop
  endfacet
  facet normal 0.766929 -0.641732 0
    outer loop
      vertex -11.2256 9.62199 0
      vertex -11.4497 9.35417 1.5
      vertex -11.4497 9.35417 0
    endloop
  endfacet
  facet normal 0.735793 -0.677207 0
    outer loop
      vertex -10.9952 9.88444 1.5
      vertex -10.7587 10.1414 0
      vertex -10.7587 10.1414 1.5
    endloop
  endfacet
  facet normal 0.735793 -0.677207 0
    outer loop
      vertex -10.7587 10.1414 0
      vertex -10.9952 9.88444 1.5
      vertex -10.9952 9.88444 0
    endloop
  endfacet
  facet normal 0.702798 -0.71139 0
    outer loop
      vertex -10.5161 10.3927 0
      vertex -10.2677 10.6381 1.5
      vertex -10.5161 10.3927 1.5
    endloop
  endfacet
  facet normal 0.702798 -0.71139 0
    outer loop
      vertex -10.2677 10.6381 1.5
      vertex -10.5161 10.3927 0
      vertex -10.2677 10.6381 0
    endloop
  endfacet
  facet normal 0.849787 -0.527126 0
    outer loop
      vertex -12.6562 7.64309 1.5
      vertex -12.4721 7.93988 0
      vertex -12.4721 7.93988 1.5
    endloop
  endfacet
  facet normal 0.849787 -0.527126 0
    outer loop
      vertex -12.4721 7.93988 0
      vertex -12.6562 7.64309 1.5
      vertex -12.6562 7.64309 0
    endloop
  endfacet
  facet normal 0.824089 -0.566461 0
    outer loop
      vertex -12.2811 8.23225 1.5
      vertex -12.0833 8.52001 0
      vertex -12.0833 8.52001 1.5
    endloop
  endfacet
  facet normal 0.824089 -0.566461 0
    outer loop
      vertex -12.0833 8.52001 0
      vertex -12.2811 8.23225 1.5
      vertex -12.2811 8.23225 0
    endloop
  endfacet
  facet normal 0.873826 -0.486239 0
    outer loop
      vertex -13.003 7.03688 1.5
      vertex -12.8332 7.34203 0
      vertex -12.8332 7.34203 1.5
    endloop
  endfacet
  facet normal 0.873826 -0.486239 0
    outer loop
      vertex -12.8332 7.34203 0
      vertex -13.003 7.03688 1.5
      vertex -13.003 7.03688 0
    endloop
  endfacet
  facet normal 0.895815 -0.444428 0
    outer loop
      vertex -13.3208 6.41497 1.5
      vertex -13.1656 6.7278 0
      vertex -13.1656 6.7278 1.5
    endloop
  endfacet
  facet normal 0.895815 -0.444428 0
    outer loop
      vertex -13.1656 6.7278 0
      vertex -13.3208 6.41497 1.5
      vertex -13.3208 6.41497 0
    endloop
  endfacet
  facet normal 0.324711 -0.945813 0
    outer loop
      vertex -4.9655 13.9262 0
      vertex -4.63519 14.0396 1.5
      vertex -4.9655 13.9262 1.5
    endloop
  endfacet
  facet normal 0.324711 -0.945813 0
    outer loop
      vertex -4.63519 14.0396 1.5
      vertex -4.9655 13.9262 0
      vertex -4.63519 14.0396 0
    endloop
  endfacet
  facet normal 0.279755 -0.960071 0
    outer loop
      vertex -4.3023 14.1452 0
      vertex -3.96701 14.2429 1.5
      vertex -4.3023 14.1452 1.5
    endloop
  endfacet
  facet normal 0.279755 -0.960071 0
    outer loop
      vertex -3.96701 14.2429 1.5
      vertex -4.3023 14.1452 0
      vertex -3.96701 14.2429 0
    endloop
  endfacet
  facet normal 0.187838 -0.9822 0
    outer loop
      vertex -2.94861 14.488 0
      vertex -2.60559 14.5536 1.5
      vertex -2.94861 14.488 1.5
    endloop
  endfacet
  facet normal 0.187838 -0.9822 0
    outer loop
      vertex -2.60559 14.5536 1.5
      vertex -2.94861 14.488 0
      vertex -2.60559 14.5536 0
    endloop
  endfacet
  facet normal 0.233949 -0.972249 0
    outer loop
      vertex -3.6295 14.3326 0
      vertex -3.28997 14.4143 1.5
      vertex -3.6295 14.3326 1.5
    endloop
  endfacet
  facet normal 0.233949 -0.972249 0
    outer loop
      vertex -3.28997 14.4143 1.5
      vertex -3.6295 14.3326 0
      vertex -3.28997 14.4143 0
    endloop
  endfacet
  facet normal 0.141169 -0.989986 0
    outer loop
      vertex -2.26113 14.6111 0
      vertex -1.9154 14.6604 1.5
      vertex -2.26113 14.6111 1.5
    endloop
  endfacet
  facet normal 0.141169 -0.989986 0
    outer loop
      vertex -1.9154 14.6604 1.5
      vertex -2.26113 14.6111 0
      vertex -1.9154 14.6604 0
    endloop
  endfacet
  facet normal 0.0942091 -0.995552 0
    outer loop
      vertex -1.56861 14.7016 0
      vertex -1.22094 14.7345 1.5
      vertex -1.56861 14.7016 1.5
    endloop
  endfacet
  facet normal 0.0942091 -0.995552 0
    outer loop
      vertex -1.22094 14.7345 1.5
      vertex -1.56861 14.7016 0
      vertex -1.22094 14.7345 0
    endloop
  endfacet
  facet normal 0.0472471 -0.998883 0
    outer loop
      vertex -0.872584 14.7592 0
      vertex -0.523746 14.7757 1.5
      vertex -0.872584 14.7592 1.5
    endloop
  endfacet
  facet normal 0.0472471 -0.998883 0
    outer loop
      vertex -0.523746 14.7757 1.5
      vertex -0.872584 14.7592 0
      vertex -0.523746 14.7757 0
    endloop
  endfacet
  facet normal 0 -1 0
    outer loop
      vertex -0.174615 14.784 0
      vertex 0.174614 14.784 1.5
      vertex -0.174615 14.784 1.5
    endloop
  endfacet
  facet normal 0 -1 -0
    outer loop
      vertex 0.174614 14.784 1.5
      vertex -0.174615 14.784 0
      vertex 0.174614 14.784 0
    endloop
  endfacet
  facet normal 0.517096 -0.855928 0
    outer loop
      vertex -7.79203 12.565 0
      vertex -7.49309 12.7456 1.5
      vertex -7.79203 12.565 1.5
    endloop
  endfacet
  facet normal 0.517096 -0.855928 0
    outer loop
      vertex -7.49309 12.7456 1.5
      vertex -7.79203 12.565 0
      vertex -7.49309 12.7456 0
    endloop
  endfacet
  facet normal 0.45502 -0.890481 0
    outer loop
      vertex -6.88282 13.0852 0
      vertex -6.57185 13.2441 1.5
      vertex -6.88282 13.0852 1.5
    endloop
  endfacet
  facet normal 0.45502 -0.890481 0
    outer loop
      vertex -6.57185 13.2441 1.5
      vertex -6.88282 13.0852 0
      vertex -6.57185 13.2441 0
    endloop
  endfacet
  facet normal 0.369089 -0.929394 0
    outer loop
      vertex -5.61762 13.6762 0
      vertex -5.29304 13.8051 1.5
      vertex -5.61762 13.6762 1.5
    endloop
  endfacet
  facet normal 0.369089 -0.929394 0
    outer loop
      vertex -5.29304 13.8051 1.5
      vertex -5.61762 13.6762 0
      vertex -5.29304 13.8051 0
    endloop
  endfacet
  facet normal 0.556708 -0.830709 0
    outer loop
      vertex -8.37671 12.1831 0
      vertex -8.08663 12.3775 1.5
      vertex -8.37671 12.1831 1.5
    endloop
  endfacet
  facet normal 0.556708 -0.830709 0
    outer loop
      vertex -8.08663 12.3775 1.5
      vertex -8.37671 12.1831 0
      vertex -8.08663 12.3775 0
    endloop
  endfacet
  facet normal 0.668601 -0.743622 0
    outer loop
      vertex -10.0136 10.8777 0
      vertex -9.7539 11.1112 1.5
      vertex -10.0136 10.8777 1.5
    endloop
  endfacet
  facet normal 0.668601 -0.743622 0
    outer loop
      vertex -9.7539 11.1112 1.5
      vertex -10.0136 10.8777 0
      vertex -9.7539 11.1112 0
    endloop
  endfacet
  facet normal -0.302373 -0.95319 0
    outer loop
      vertex 4.3023 14.1452 0
      vertex 4.63519 14.0396 1.5
      vertex 4.3023 14.1452 1.5
    endloop
  endfacet
  facet normal -0.302373 -0.95319 -0
    outer loop
      vertex 4.63519 14.0396 1.5
      vertex 4.3023 14.1452 0
      vertex 4.63519 14.0396 0
    endloop
  endfacet
  facet normal -0.117974 -0.993017 0
    outer loop
      vertex 1.56861 14.7016 0
      vertex 1.9154 14.6604 1.5
      vertex 1.56861 14.7016 1.5
    endloop
  endfacet
  facet normal -0.117974 -0.993017 -0
    outer loop
      vertex 1.9154 14.6604 1.5
      vertex 1.56861 14.7016 0
      vertex 1.9154 14.6604 0
    endloop
  endfacet
  facet normal 0.998259 0.0589877 0
    outer loop
      vertex -14.7479 -1.04683 1.5
      vertex -14.7685 -0.698213 0
      vertex -14.7685 -0.698213 1.5
    endloop
  endfacet
  facet normal 0.998259 0.0589877 0
    outer loop
      vertex -14.7685 -0.698213 0
      vertex -14.7479 -1.04683 1.5
      vertex -14.7479 -1.04683 0
    endloop
  endfacet
  facet normal 0.994341 0.106232 0
    outer loop
      vertex -14.682 -1.74213 1.5
      vertex -14.7191 -1.39487 0
      vertex -14.7191 -1.39487 1.5
    endloop
  endfacet
  facet normal 0.994341 0.106232 0
    outer loop
      vertex -14.7191 -1.39487 0
      vertex -14.682 -1.74213 1.5
      vertex -14.682 -1.74213 0
    endloop
  endfacet
  facet normal 0.98824 0.152909 0
    outer loop
      vertex -14.5834 -2.43353 1.5
      vertex -14.6368 -2.08841 0
      vertex -14.6368 -2.08841 1.5
    endloop
  endfacet
  facet normal 0.98824 0.152909 0
    outer loop
      vertex -14.6368 -2.08841 0
      vertex -14.5834 -2.43353 1.5
      vertex -14.5834 -2.43353 0
    endloop
  endfacet
  facet normal 0.796239 0.604982 0
    outer loop
      vertex -11.6674 -9.08113 1.5
      vertex -11.8787 -8.80303 0
      vertex -11.8787 -8.80303 1.5
    endloop
  endfacet
  facet normal 0.796239 0.604982 0
    outer loop
      vertex -11.8787 -8.80303 0
      vertex -11.6674 -9.08113 1.5
      vertex -11.6674 -9.08113 0
    endloop
  endfacet
  facet normal 0.702798 0.71139 -0
    outer loop
      vertex -10.2677 -10.6381 0
      vertex -10.5161 -10.3927 1.5
      vertex -10.2677 -10.6381 1.5
    endloop
  endfacet
  facet normal 0.702798 0.71139 0
    outer loop
      vertex -10.5161 -10.3927 1.5
      vertex -10.2677 -10.6381 0
      vertex -10.5161 -10.3927 0
    endloop
  endfacet
  facet normal 0.595344 0.803471 -0
    outer loop
      vertex -8.66213 -11.9818 0
      vertex -8.94271 -11.7739 1.5
      vertex -8.66213 -11.9818 1.5
    endloop
  endfacet
  facet normal 0.595344 0.803471 0
    outer loop
      vertex -8.94271 -11.7739 1.5
      vertex -8.66213 -11.9818 0
      vertex -8.94271 -11.7739 0
    endloop
  endfacet
  facet normal 0.517096 0.855928 -0
    outer loop
      vertex -7.49309 -12.7456 0
      vertex -7.79203 -12.565 1.5
      vertex -7.49309 -12.7456 1.5
    endloop
  endfacet
  facet normal 0.517096 0.855928 0
    outer loop
      vertex -7.79203 -12.565 1.5
      vertex -7.49309 -12.7456 0
      vertex -7.79203 -12.565 0
    endloop
  endfacet
  facet normal -0.279755 0.960071 0
    outer loop
      vertex 4.3023 -14.1452 0
      vertex 3.96701 -14.2429 1.5
      vertex 4.3023 -14.1452 1.5
    endloop
  endfacet
  facet normal -0.279755 0.960071 0
    outer loop
      vertex 3.96701 -14.2429 1.5
      vertex 4.3023 -14.1452 0
      vertex 3.96701 -14.2429 0
    endloop
  endfacet
  facet normal 0.279755 0.960071 -0
    outer loop
      vertex -3.96701 -14.2429 0
      vertex -4.3023 -14.1452 1.5
      vertex -3.96701 -14.2429 1.5
    endloop
  endfacet
  facet normal 0.279755 0.960071 0
    outer loop
      vertex -4.3023 -14.1452 1.5
      vertex -3.96701 -14.2429 0
      vertex -4.3023 -14.1452 0
    endloop
  endfacet
  facet normal 0.256853 0.96645 -0
    outer loop
      vertex -3.6295 -14.3326 0
      vertex -3.96701 -14.2429 1.5
      vertex -3.6295 -14.3326 1.5
    endloop
  endfacet
  facet normal 0.256853 0.96645 0
    outer loop
      vertex -3.96701 -14.2429 1.5
      vertex -3.6295 -14.3326 0
      vertex -3.96701 -14.2429 0
    endloop
  endfacet
  facet normal 0.211039 0.977478 -0
    outer loop
      vertex -2.94861 -14.488 0
      vertex -3.28997 -14.4143 1.5
      vertex -2.94861 -14.488 1.5
    endloop
  endfacet
  facet normal 0.211039 0.977478 0
    outer loop
      vertex -3.28997 -14.4143 1.5
      vertex -2.94861 -14.488 0
      vertex -3.28997 -14.4143 0
    endloop
  endfacet
  facet normal 0.233949 0.972249 -0
    outer loop
      vertex -3.28997 -14.4143 0
      vertex -3.6295 -14.3326 1.5
      vertex -3.28997 -14.4143 1.5
    endloop
  endfacet
  facet normal 0.233949 0.972249 0
    outer loop
      vertex -3.6295 -14.3326 1.5
      vertex -3.28997 -14.4143 0
      vertex -3.6295 -14.3326 0
    endloop
  endfacet
  facet normal 0.187838 0.9822 -0
    outer loop
      vertex -2.60559 -14.5536 0
      vertex -2.94861 -14.488 1.5
      vertex -2.60559 -14.5536 1.5
    endloop
  endfacet
  facet normal 0.187838 0.9822 0
    outer loop
      vertex -2.94861 -14.488 1.5
      vertex -2.60559 -14.5536 0
      vertex -2.94861 -14.488 0
    endloop
  endfacet
  facet normal 0.969421 -0.245405 0
    outer loop
      vertex -14.3744 3.45998 1.5
      vertex -14.2887 3.79852 0
      vertex -14.2887 3.79852 1.5
    endloop
  endfacet
  facet normal 0.969421 -0.245405 0
    outer loop
      vertex -14.2887 3.79852 0
      vertex -14.3744 3.45998 1.5
      vertex -14.3744 3.45998 0
    endloop
  endfacet
  facet normal 0.475912 -0.879493 0
    outer loop
      vertex -7.18996 12.919 0
      vertex -6.88282 13.0852 1.5
      vertex -7.18996 12.919 1.5
    endloop
  endfacet
  facet normal 0.475912 -0.879493 0
    outer loop
      vertex -6.88282 13.0852 1.5
      vertex -7.18996 12.919 0
      vertex -6.88282 13.0852 0
    endloop
  endfacet
  facet normal 0.999369 0.0355067 0
    outer loop
      vertex -14.7685 -0.698213 1.5
      vertex -14.7809 -0.349203 0
      vertex -14.7809 -0.349203 1.5
    endloop
  endfacet
  facet normal 0.999369 0.0355067 0
    outer loop
      vertex -14.7809 -0.349203 0
      vertex -14.7685 -0.698213 1.5
      vertex -14.7685 -0.698213 0
    endloop
  endfacet
  facet normal 0.979939 0.199298 0
    outer loop
      vertex -14.4522 -3.11951 1.5
      vertex -14.5218 -2.77729 0
      vertex -14.5218 -2.77729 1.5
    endloop
  endfacet
  facet normal 0.979939 0.199298 0
    outer loop
      vertex -14.5218 -2.77729 0
      vertex -14.4522 -3.11951 1.5
      vertex -14.4522 -3.11951 0
    endloop
  endfacet
  facet normal 0.984321 0.176385 0
    outer loop
      vertex -14.5218 -2.77729 1.5
      vertex -14.5834 -2.43353 0
      vertex -14.5834 -2.43353 1.5
    endloop
  endfacet
  facet normal 0.984321 0.176385 0
    outer loop
      vertex -14.5834 -2.43353 0
      vertex -14.5218 -2.77729 1.5
      vertex -14.5218 -2.77729 0
    endloop
  endfacet
  facet normal 0.974872 0.222766 0
    outer loop
      vertex -14.3744 -3.45998 1.5
      vertex -14.4522 -3.11951 0
      vertex -14.4522 -3.11951 1.5
    endloop
  endfacet
  facet normal 0.974872 0.222766 0
    outer loop
      vertex -14.4522 -3.11951 0
      vertex -14.3744 -3.45998 1.5
      vertex -14.3744 -3.45998 0
    endloop
  endfacet
  facet normal 0.969421 0.245405 0
    outer loop
      vertex -14.2887 -3.79852 1.5
      vertex -14.3744 -3.45998 0
      vertex -14.3744 -3.45998 1.5
    endloop
  endfacet
  facet normal 0.969421 0.245405 0
    outer loop
      vertex -14.3744 -3.45998 0
      vertex -14.2887 -3.79852 1.5
      vertex -14.2887 -3.79852 0
    endloop
  endfacet
  facet normal 0.991588 0.129432 0
    outer loop
      vertex -14.6368 -2.08841 1.5
      vertex -14.682 -1.74213 0
      vertex -14.682 -1.74213 1.5
    endloop
  endfacet
  facet normal 0.991588 0.129432 0
    outer loop
      vertex -14.682 -1.74213 0
      vertex -14.6368 -2.08841 1.5
      vertex -14.6368 -2.08841 0
    endloop
  endfacet
  facet normal 0.949573 0.313546 0
    outer loop
      vertex -13.9839 -4.80068 1.5
      vertex -14.0934 -4.46906 0
      vertex -14.0934 -4.46906 1.5
    endloop
  endfacet
  facet normal 0.949573 0.313546 0
    outer loop
      vertex -14.0934 -4.46906 0
      vertex -13.9839 -4.80068 1.5
      vertex -13.9839 -4.80068 0
    endloop
  endfacet
  facet normal 0.941907 0.335874 0
    outer loop
      vertex -13.8666 -5.12963 1.5
      vertex -13.9839 -4.80068 0
      vertex -13.9839 -4.80068 1.5
    endloop
  endfacet
  facet normal 0.941907 0.335874 0
    outer loop
      vertex -13.9839 -4.80068 0
      vertex -13.8666 -5.12963 1.5
      vertex -13.8666 -5.12963 0
    endloop
  endfacet
  facet normal 0.915759 0.401729 0
    outer loop
      vertex -13.4686 -6.09856 1.5
      vertex -13.6089 -5.77874 0
      vertex -13.6089 -5.77874 1.5
    endloop
  endfacet
  facet normal 0.915759 0.401729 0
    outer loop
      vertex -13.6089 -5.77874 0
      vertex -13.4686 -6.09856 1.5
      vertex -13.4686 -6.09856 0
    endloop
  endfacet
  facet normal 0.873826 0.486239 0
    outer loop
      vertex -12.8332 -7.34203 1.5
      vertex -13.003 -7.03688 0
      vertex -13.003 -7.03688 1.5
    endloop
  endfacet
  facet normal 0.873826 0.486239 0
    outer loop
      vertex -13.003 -7.03688 0
      vertex -12.8332 -7.34203 1.5
      vertex -12.8332 -7.34203 0
    endloop
  endfacet
  facet normal 0.837186 0.546918 0
    outer loop
      vertex -12.2811 -8.23225 1.5
      vertex -12.4721 -7.93988 0
      vertex -12.4721 -7.93988 1.5
    endloop
  endfacet
  facet normal 0.837186 0.546918 0
    outer loop
      vertex -12.4721 -7.93988 0
      vertex -12.2811 -8.23225 1.5
      vertex -12.2811 -8.23225 0
    endloop
  endfacet
  facet normal 0.810412 0.585861 0
    outer loop
      vertex -11.8787 -8.80303 1.5
      vertex -12.0833 -8.52001 0
      vertex -12.0833 -8.52001 1.5
    endloop
  endfacet
  facet normal 0.810412 0.585861 0
    outer loop
      vertex -12.0833 -8.52001 0
      vertex -11.8787 -8.80303 1.5
      vertex -11.8787 -8.80303 0
    endloop
  endfacet
  facet normal 0.735793 0.677207 0
    outer loop
      vertex -10.7587 -10.1414 1.5
      vertex -10.9952 -9.88444 0
      vertex -10.9952 -9.88444 1.5
    endloop
  endfacet
  facet normal 0.735793 0.677207 0
    outer loop
      vertex -10.9952 -9.88444 0
      vertex -10.7587 -10.1414 1.5
      vertex -10.7587 -10.1414 0
    endloop
  endfacet
  facet normal 0.668601 0.743622 -0
    outer loop
      vertex -9.7539 -11.1112 0
      vertex -10.0136 -10.8777 1.5
      vertex -9.7539 -11.1112 1.5
    endloop
  endfacet
  facet normal 0.668601 0.743622 0
    outer loop
      vertex -10.0136 -10.8777 1.5
      vertex -9.7539 -11.1112 0
      vertex -10.0136 -10.8777 0
    endloop
  endfacet
  facet normal 0.632776 0.774335 -0
    outer loop
      vertex -9.2183 -11.5594 0
      vertex -9.48874 -11.3384 1.5
      vertex -9.2183 -11.5594 1.5
    endloop
  endfacet
  facet normal 0.632776 0.774335 0
    outer loop
      vertex -9.48874 -11.3384 1.5
      vertex -9.2183 -11.5594 0
      vertex -9.48874 -11.3384 0
    endloop
  endfacet
  facet normal -0.0237666 0.999718 0
    outer loop
      vertex 0.523745 -14.7757 0
      vertex 0.174614 -14.784 1.5
      vertex 0.523745 -14.7757 1.5
    endloop
  endfacet
  facet normal -0.0237666 0.999718 0
    outer loop
      vertex 0.174614 -14.784 1.5
      vertex 0.523745 -14.7757 0
      vertex 0.174614 -14.784 0
    endloop
  endfacet
  facet normal -0.0472471 0.998883 0
    outer loop
      vertex 0.872583 -14.7592 0
      vertex 0.523745 -14.7757 1.5
      vertex 0.872583 -14.7592 1.5
    endloop
  endfacet
  facet normal -0.0472471 0.998883 0
    outer loop
      vertex 0.523745 -14.7757 1.5
      vertex 0.872583 -14.7592 0
      vertex 0.523745 -14.7757 0
    endloop
  endfacet
  facet normal 0.117974 0.993017 -0
    outer loop
      vertex -1.56861 -14.7016 0
      vertex -1.9154 -14.6604 1.5
      vertex -1.56861 -14.7016 1.5
    endloop
  endfacet
  facet normal 0.117974 0.993017 0
    outer loop
      vertex -1.9154 -14.6604 1.5
      vertex -1.56861 -14.7016 0
      vertex -1.9154 -14.6604 0
    endloop
  endfacet
  facet normal 0 0 -1
    outer loop
      vertex 7.39797 -12.8 1.5
      vertex 21 -11.6 1.5
      vertex 21 -12.8 1.5
    endloop
  endfacet
  facet normal 0 0 -1
    outer loop
      vertex 7.39797 -12.8 1.5
      vertex 7.06888 -11.6 1.5
      vertex 21 -11.6 1.5
    endloop
  endfacet
  facet normal 0 0 -1
    outer loop
      vertex 6.69127 -11.8228 1.5
      vertex 7.39797 -12.8 1.5
      vertex 7.18996 -12.919 1.5
    endloop
  endfacet
  facet normal 0 0 -1
    outer loop
      vertex 7.39797 -12.8 1.5
      vertex 6.99346 -11.6466 1.5
      vertex 7.06888 -11.6 1.5
    endloop
  endfacet
  facet normal 0 0 -1
    outer loop
      vertex 6.38463 -11.9912 1.5
      vertex 7.18996 -12.919 1.5
      vertex 6.88282 -13.0852 1.5
    endloop
  endfacet
  facet normal 0 0 -1
    outer loop
      vertex 7.39797 -12.8 1.5
      vertex 6.69127 -11.8228 1.5
      vertex 6.99346 -11.6466 1.5
    endloop
  endfacet
  facet normal 0 0 -1
    outer loop
      vertex 6.07377 -12.1516 1.5
      vertex 6.88282 -13.0852 1.5
      vertex 6.57185 -13.2441 1.5
    endloop
  endfacet
  facet normal 0 0 -1
    outer loop
      vertex 7.18996 -12.919 1.5
      vertex 6.38463 -11.9912 1.5
      vertex 6.69127 -11.8228 1.5
    endloop
  endfacet
  facet normal 0 0 -1
    outer loop
      vertex 5.75888 -12.304 1.5
      vertex 6.57185 -13.2441 1.5
      vertex 6.2572 -13.3957 1.5
    endloop
  endfacet
  facet normal 0 0 -1
    outer loop
      vertex 6.88282 -13.0852 1.5
      vertex 6.07377 -12.1516 1.5
      vertex 6.38463 -11.9912 1.5
    endloop
  endfacet
  facet normal 0 0 -1
    outer loop
      vertex 5.75888 -12.304 1.5
      vertex 6.2572 -13.3957 1.5
      vertex 5.93907 -13.5397 1.5
    endloop
  endfacet
  facet normal 0 0 -1
    outer loop
      vertex 6.57185 -13.2441 1.5
      vertex 5.75888 -12.304 1.5
      vertex 6.07377 -12.1516 1.5
    endloop
  endfacet
  facet normal 0 0 -1
    outer loop
      vertex 5.44017 -12.4482 1.5
      vertex 5.93907 -13.5397 1.5
      vertex 5.61762 -13.6762 1.5
    endloop
  endfacet
  facet normal 0 0 -1
    outer loop
      vertex 5.93907 -13.5397 1.5
      vertex 5.44017 -12.4482 1.5
      vertex 5.75888 -12.304 1.5
    endloop
  endfacet
  facet normal 0 0 -1
    outer loop
      vertex 5.11785 -12.5841 1.5
      vertex 5.61762 -13.6762 1.5
      vertex 5.29304 -13.8051 1.5
    endloop
  endfacet
  facet normal 0 0 -1
    outer loop
      vertex 5.61762 -13.6762 1.5
      vertex 5.11785 -12.5841 1.5
      vertex 5.44017 -12.4482 1.5
    endloop
  endfacet
  facet normal 0 0 -1
    outer loop
      vertex 4.79214 -12.7117 1.5
      vertex 5.29304 -13.8051 1.5
      vertex 4.9655 -13.9262 1.5
    endloop
  endfacet
  facet normal 0 0 -1
    outer loop
      vertex 5.29304 -13.8051 1.5
      vertex 4.79214 -12.7117 1.5
      vertex 5.11785 -12.5841 1.5
    endloop
  endfacet
  facet normal 0 0 -1
    outer loop
      vertex 4.46325 -12.8309 1.5
      vertex 4.9655 -13.9262 1.5
      vertex 4.63519 -14.0396 1.5
    endloop
  endfacet
  facet normal 0 0 -1
    outer loop
      vertex 4.9655 -13.9262 1.5
      vertex 4.46325 -12.8309 1.5
      vertex 4.79214 -12.7117 1.5
    endloop
  endfacet
  facet normal 0 0 -1
    outer loop
      vertex 4.1314 -12.9416 1.5
      vertex 4.63519 -14.0396 1.5
      vertex 4.3023 -14.1452 1.5
    endloop
  endfacet
  facet normal 0 0 -1
    outer loop
      vertex 4.63519 -14.0396 1.5
      vertex 4.1314 -12.9416 1.5
      vertex 4.46325 -12.8309 1.5
    endloop
  endfacet
  facet normal 0 0 -1
    outer loop
      vertex 3.79681 -13.0436 1.5
      vertex 4.3023 -14.1452 1.5
      vertex 3.96701 -14.2429 1.5
    endloop
  endfacet
  facet normal 0 0 -1
    outer loop
      vertex 4.3023 -14.1452 1.5
      vertex 3.79681 -13.0436 1.5
      vertex 4.1314 -12.9416 1.5
    endloop
  endfacet
  facet normal 0 0 -1
    outer loop
      vertex 3.45971 -13.1371 1.5
      vertex 3.96701 -14.2429 1.5
      vertex 3.6295 -14.3326 1.5
    endloop
  endfacet
  facet normal 0 0 -1
    outer loop
      vertex 3.96701 -14.2429 1.5
      vertex 3.45971 -13.1371 1.5
      vertex 3.79681 -13.0436 1.5
    endloop
  endfacet
  facet normal 0 0 -1
    outer loop
      vertex 3.12031 -13.2218 1.5
      vertex 3.6295 -14.3326 1.5
      vertex 3.28997 -14.4143 1.5
    endloop
  endfacet
  facet normal 0 0 -1
    outer loop
      vertex 3.6295 -14.3326 1.5
      vertex 3.12031 -13.2218 1.5
      vertex 3.45971 -13.1371 1.5
    endloop
  endfacet
  facet normal 0 0 -1
    outer loop
      vertex 2.77884 -13.2978 1.5
      vertex 3.28997 -14.4143 1.5
      vertex 2.9486 -14.488 1.5
    endloop
  endfacet
  facet normal 0 0 -1
    outer loop
      vertex 3.28997 -14.4143 1.5
      vertex 2.77884 -13.2978 1.5
      vertex 3.12031 -13.2218 1.5
    endloop
  endfacet
  facet normal 0 0 -1
    outer loop
      vertex 2.43553 -13.3649 1.5
      vertex 2.9486 -14.488 1.5
      vertex 2.60559 -14.5536 1.5
    endloop
  endfacet
  facet normal 0 0 -1
    outer loop
      vertex 2.9486 -14.488 1.5
      vertex 2.43553 -13.3649 1.5
      vertex 2.77884 -13.2978 1.5
    endloop
  endfacet
  facet normal 0 0 -1
    outer loop
      vertex 2.0906 -13.4232 1.5
      vertex 2.60559 -14.5536 1.5
      vertex 2.26113 -14.6111 1.5
    endloop
  endfacet
  facet normal 0 0 -1
    outer loop
      vertex 2.60559 -14.5536 1.5
      vertex 2.0906 -13.4232 1.5
      vertex 2.43553 -13.3649 1.5
    endloop
  endfacet
  facet normal 0 0 -1
    outer loop
      vertex 1.9154 -14.6604 1.5
      vertex 2.0906 -13.4232 1.5
      vertex 2.26113 -14.6111 1.5
    endloop
  endfacet
  facet normal 0 0 -1
    outer loop
      vertex 1.9154 -14.6604 1.5
      vertex 1.74429 -13.4726 1.5
      vertex 2.0906 -13.4232 1.5
    endloop
  endfacet
  facet normal 0 0 -1
    outer loop
      vertex 1.56861 -14.7016 1.5
      vertex 1.74429 -13.4726 1.5
      vertex 1.9154 -14.6604 1.5
    endloop
  endfacet
  facet normal 0 0 -1
    outer loop
      vertex 1.56861 -14.7016 1.5
      vertex 1.39682 -13.513 1.5
      vertex 1.74429 -13.4726 1.5
    endloop
  endfacet
  facet normal 0 0 -1
    outer loop
      vertex 1.22093 -14.7345 1.5
      vertex 1.39682 -13.513 1.5
      vertex 1.56861 -14.7016 1.5
    endloop
  endfacet
  facet normal 0 0 -1
    outer loop
      vertex 1.22093 -14.7345 1.5
      vertex 1.04843 -13.5445 1.5
      vertex 1.39682 -13.513 1.5
    endloop
  endfacet
  facet normal 0 0 -1
    outer loop
      vertex 0.872583 -14.7592 1.5
      vertex 1.04843 -13.5445 1.5
      vertex 1.22093 -14.7345 1.5
    endloop
  endfacet
  facet normal 0 0 -1
    outer loop
      vertex 0.872583 -14.7592 1.5
      vertex 0.699338 -13.567 1.5
      vertex 1.04843 -13.5445 1.5
    endloop
  endfacet
  facet normal 0 0 -1
    outer loop
      vertex 0.523745 -14.7757 1.5
      vertex 0.699338 -13.567 1.5
      vertex 0.872583 -14.7592 1.5
    endloop
  endfacet
  facet normal 0 0 -1
    outer loop
      vertex 0.523745 -14.7757 1.5
      vertex 0.349785 -13.5805 1.5
      vertex 0.699338 -13.567 1.5
    endloop
  endfacet
  facet normal 0 0 -1
    outer loop
      vertex 0.174614 -14.784 1.5
      vertex 0.349785 -13.5805 1.5
      vertex 0.523745 -14.7757 1.5
    endloop
  endfacet
  facet normal 0 0 -1
    outer loop
      vertex 0.174614 -14.784 1.5
      vertex 0 -13.585 1.5
      vertex 0.349785 -13.5805 1.5
    endloop
  endfacet
  facet normal 0 0 -1
    outer loop
      vertex -0.174615 -14.784 1.5
      vertex 0 -13.585 1.5
      vertex 0.174614 -14.784 1.5
    endloop
  endfacet
  facet normal 0 0 -1
    outer loop
      vertex -0.174615 -14.784 1.5
      vertex -0.349786 -13.5805 1.5
      vertex 0 -13.585 1.5
    endloop
  endfacet
  facet normal 0 0 -1
    outer loop
      vertex -0.523746 -14.7757 1.5
      vertex -0.349786 -13.5805 1.5
      vertex -0.174615 -14.784 1.5
    endloop
  endfacet
  facet normal 0 0 -1
    outer loop
      vertex -0.523746 -14.7757 1.5
      vertex -0.699339 -13.567 1.5
      vertex -0.349786 -13.5805 1.5
    endloop
  endfacet
  facet normal 0 0 -1
    outer loop
      vertex -0.872584 -14.7592 1.5
      vertex -0.699339 -13.567 1.5
      vertex -0.523746 -14.7757 1.5
    endloop
  endfacet
  facet normal 0 0 -1
    outer loop
      vertex -0.872584 -14.7592 1.5
      vertex -1.04843 -13.5445 1.5
      vertex -0.699339 -13.567 1.5
    endloop
  endfacet
  facet normal 0 0 -1
    outer loop
      vertex -1.22094 -14.7345 1.5
      vertex -1.04843 -13.5445 1.5
      vertex -0.872584 -14.7592 1.5
    endloop
  endfacet
  facet normal 0 0 -1
    outer loop
      vertex -1.22094 -14.7345 1.5
      vertex -1.39682 -13.513 1.5
      vertex -1.04843 -13.5445 1.5
    endloop
  endfacet
  facet normal 0 0 -1
    outer loop
      vertex -1.56861 -14.7016 1.5
      vertex -1.39682 -13.513 1.5
      vertex -1.22094 -14.7345 1.5
    endloop
  endfacet
  facet normal 0 0 -1
    outer loop
      vertex -1.56861 -14.7016 1.5
      vertex -1.74429 -13.4726 1.5
      vertex -1.39682 -13.513 1.5
    endloop
  endfacet
  facet normal 0 0 -1
    outer loop
      vertex -1.9154 -14.6604 1.5
      vertex -1.74429 -13.4726 1.5
      vertex -1.56861 -14.7016 1.5
    endloop
  endfacet
  facet normal 0 0 -1
    outer loop
      vertex -1.9154 -14.6604 1.5
      vertex -2.0906 -13.4232 1.5
      vertex -1.74429 -13.4726 1.5
    endloop
  endfacet
  facet normal 0 0 -1
    outer loop
      vertex -2.26113 -14.6111 1.5
      vertex -2.0906 -13.4232 1.5
      vertex -1.9154 -14.6604 1.5
    endloop
  endfacet
  facet normal 0 0 -1
    outer loop
      vertex -2.60559 -14.5536 1.5
      vertex -2.0906 -13.4232 1.5
      vertex -2.26113 -14.6111 1.5
    endloop
  endfacet
  facet normal -0 0 -1
    outer loop
      vertex -2.0906 -13.4232 1.5
      vertex -2.60559 -14.5536 1.5
      vertex -2.43553 -13.3649 1.5
    endloop
  endfacet
  facet normal 0 0 -1
    outer loop
      vertex -2.94861 -14.488 1.5
      vertex -2.43553 -13.3649 1.5
      vertex -2.60559 -14.5536 1.5
    endloop
  endfacet
  facet normal -0 0 -1
    outer loop
      vertex -2.43553 -13.3649 1.5
      vertex -2.94861 -14.488 1.5
      vertex -2.77884 -13.2978 1.5
    endloop
  endfacet
  facet normal 0 0 -1
    outer loop
      vertex -3.28997 -14.4143 1.5
      vertex -2.77884 -13.2978 1.5
      vertex -2.94861 -14.488 1.5
    endloop
  endfacet
  facet normal -0 0 -1
    outer loop
      vertex -2.77884 -13.2978 1.5
      vertex -3.28997 -14.4143 1.5
      vertex -3.12031 -13.2218 1.5
    endloop
  endfacet
  facet normal 0 0 -1
    outer loop
      vertex -3.6295 -14.3326 1.5
      vertex -3.12031 -13.2218 1.5
      vertex -3.28997 -14.4143 1.5
    endloop
  endfacet
  facet normal -0 0 -1
    outer loop
      vertex -3.12031 -13.2218 1.5
      vertex -3.6295 -14.3326 1.5
      vertex -3.45971 -13.1371 1.5
    endloop
  endfacet
  facet normal 0 0 -1
    outer loop
      vertex -3.96701 -14.2429 1.5
      vertex -3.45971 -13.1371 1.5
      vertex -3.6295 -14.3326 1.5
    endloop
  endfacet
  facet normal -0 0 -1
    outer loop
      vertex -3.45971 -13.1371 1.5
      vertex -3.96701 -14.2429 1.5
      vertex -3.79681 -13.0436 1.5
    endloop
  endfacet
  facet normal 0 0 -1
    outer loop
      vertex -4.3023 -14.1452 1.5
      vertex -3.79681 -13.0436 1.5
      vertex -3.96701 -14.2429 1.5
    endloop
  endfacet
  facet normal -0 0 -1
    outer loop
      vertex -3.79681 -13.0436 1.5
      vertex -4.3023 -14.1452 1.5
      vertex -4.1314 -12.9416 1.5
    endloop
  endfacet
  facet normal 0 0 -1
    outer loop
      vertex -4.63519 -14.0396 1.5
      vertex -4.1314 -12.9416 1.5
      vertex -4.3023 -14.1452 1.5
    endloop
  endfacet
  facet normal -0 0 -1
    outer loop
      vertex -4.1314 -12.9416 1.5
      vertex -4.63519 -14.0396 1.5
      vertex -4.46325 -12.8309 1.5
    endloop
  endfacet
  facet normal 0 0 -1
    outer loop
      vertex -4.9655 -13.9262 1.5
      vertex -4.46325 -12.8309 1.5
      vertex -4.63519 -14.0396 1.5
    endloop
  endfacet
  facet normal -0 0 -1
    outer loop
      vertex -4.46325 -12.8309 1.5
      vertex -4.9655 -13.9262 1.5
      vertex -4.79214 -12.7117 1.5
    endloop
  endfacet
  facet normal 0 0 -1
    outer loop
      vertex -5.29304 -13.8051 1.5
      vertex -4.79214 -12.7117 1.5
      vertex -4.9655 -13.9262 1.5
    endloop
  endfacet
  facet normal -0 0 -1
    outer loop
      vertex -4.79214 -12.7117 1.5
      vertex -5.29304 -13.8051 1.5
      vertex -5.11785 -12.5841 1.5
    endloop
  endfacet
  facet normal 0 0 -1
    outer loop
      vertex -5.61762 -13.6762 1.5
      vertex -5.11785 -12.5841 1.5
      vertex -5.29304 -13.8051 1.5
    endloop
  endfacet
  facet normal -0 0 -1
    outer loop
      vertex -5.11785 -12.5841 1.5
      vertex -5.61762 -13.6762 1.5
      vertex -5.44017 -12.4482 1.5
    endloop
  endfacet
  facet normal 0 0 -1
    outer loop
      vertex -5.93907 -13.5397 1.5
      vertex -5.44017 -12.4482 1.5
      vertex -5.61762 -13.6762 1.5
    endloop
  endfacet
  facet normal -0 0 -1
    outer loop
      vertex -5.44017 -12.4482 1.5
      vertex -5.93907 -13.5397 1.5
      vertex -5.75888 -12.304 1.5
    endloop
  endfacet
  facet normal 0 0 -1
    outer loop
      vertex -6.2572 -13.3957 1.5
      vertex -5.75888 -12.304 1.5
      vertex -5.93907 -13.5397 1.5
    endloop
  endfacet
  facet normal 0 0 -1
    outer loop
      vertex -6.57185 -13.2441 1.5
      vertex -5.75888 -12.304 1.5
      vertex -6.2572 -13.3957 1.5
    endloop
  endfacet
  facet normal -0 0 -1
    outer loop
      vertex -5.75888 -12.304 1.5
      vertex -6.57185 -13.2441 1.5
      vertex -6.07377 -12.1516 1.5
    endloop
  endfacet
  facet normal 0 0 -1
    outer loop
      vertex -6.88282 -13.0852 1.5
      vertex -6.07377 -12.1516 1.5
      vertex -6.57185 -13.2441 1.5
    endloop
  endfacet
  facet normal -0 0 -1
    outer loop
      vertex -6.07377 -12.1516 1.5
      vertex -6.88282 -13.0852 1.5
      vertex -6.38463 -11.9912 1.5
    endloop
  endfacet
  facet normal 0 0 -1
    outer loop
      vertex -7.18996 -12.919 1.5
      vertex -6.38463 -11.9912 1.5
      vertex -6.88282 -13.0852 1.5
    endloop
  endfacet
  facet normal -0 0 -1
    outer loop
      vertex -6.38463 -11.9912 1.5
      vertex -7.18996 -12.919 1.5
      vertex -6.69127 -11.8228 1.5
    endloop
  endfacet
  facet normal 0 0 -1
    outer loop
      vertex -7.49309 -12.7456 1.5
      vertex -6.69127 -11.8228 1.5
      vertex -7.18996 -12.919 1.5
    endloop
  endfacet
  facet normal -0 0 -1
    outer loop
      vertex -6.69127 -11.8228 1.5
      vertex -7.49309 -12.7456 1.5
      vertex -6.99346 -11.6466 1.5
    endloop
  endfacet
  facet normal 0 0 -1
    outer loop
      vertex -7.79203 -12.565 1.5
      vertex -6.99346 -11.6466 1.5
      vertex -7.49309 -12.7456 1.5
    endloop
  endfacet
  facet normal -0 0 -1
    outer loop
      vertex -6.99346 -11.6466 1.5
      vertex -7.79203 -12.565 1.5
      vertex -7.29102 -11.4627 1.5
    endloop
  endfacet
  facet normal 0 0 -1
    outer loop
      vertex -8.08663 -12.3775 1.5
      vertex -7.29102 -11.4627 1.5
      vertex -7.79203 -12.565 1.5
    endloop
  endfacet
  facet normal -0 0 -1
    outer loop
      vertex -7.29102 -11.4627 1.5
      vertex -8.08663 -12.3775 1.5
      vertex -7.58374 -11.2712 1.5
    endloop
  endfacet
  facet normal 0 0 -1
    outer loop
      vertex -8.37671 -12.1831 1.5
      vertex -7.58374 -11.2712 1.5
      vertex -8.08663 -12.3775 1.5
    endloop
  endfacet
  facet normal -0 0 -1
    outer loop
      vertex -7.58374 -11.2712 1.5
      vertex -8.37671 -12.1831 1.5
      vertex -7.87144 -11.0722 1.5
    endloop
  endfacet
  facet normal 0 0 -1
    outer loop
      vertex -8.66213 -11.9818 1.5
      vertex -7.87144 -11.0722 1.5
      vertex -8.37671 -12.1831 1.5
    endloop
  endfacet
  facet normal -0 0 -1
    outer loop
      vertex -7.87144 -11.0722 1.5
      vertex -8.66213 -11.9818 1.5
      vertex -8.15391 -10.8658 1.5
    endloop
  endfacet
  facet normal 0 0 -1
    outer loop
      vertex -8.94271 -11.7739 1.5
      vertex -8.15391 -10.8658 1.5
      vertex -8.66213 -11.9818 1.5
    endloop
  endfacet
  facet normal -0 0 -1
    outer loop
      vertex -8.15391 -10.8658 1.5
      vertex -8.94271 -11.7739 1.5
      vertex -8.43098 -10.6523 1.5
    endloop
  endfacet
  facet normal 0 0 -1
    outer loop
      vertex -9.2183 -11.5594 1.5
      vertex -8.43098 -10.6523 1.5
      vertex -8.94271 -11.7739 1.5
    endloop
  endfacet
  facet normal -0 0 -1
    outer loop
      vertex -8.43098 -10.6523 1.5
      vertex -9.2183 -11.5594 1.5
      vertex -8.70246 -10.4317 1.5
    endloop
  endfacet
  facet normal 0 0 -1
    outer loop
      vertex -9.48874 -11.3384 1.5
      vertex -8.70246 -10.4317 1.5
      vertex -9.2183 -11.5594 1.5
    endloop
  endfacet
  facet normal -0 0 -1
    outer loop
      vertex -8.70246 -10.4317 1.5
      vertex -9.48874 -11.3384 1.5
      vertex -8.96817 -10.2041 1.5
    endloop
  endfacet
  facet normal 0 0 -1
    outer loop
      vertex -9.7539 -11.1112 1.5
      vertex -8.96817 -10.2041 1.5
      vertex -9.48874 -11.3384 1.5
    endloop
  endfacet
  facet normal 0 0 -1
    outer loop
      vertex -10.0136 -10.8777 1.5
      vertex -8.96817 -10.2041 1.5
      vertex -9.7539 -11.1112 1.5
    endloop
  endfacet
  facet normal -0 0 -1
    outer loop
      vertex -8.96817 -10.2041 1.5
      vertex -10.0136 -10.8777 1.5
      vertex -9.22793 -9.96983 1.5
    endloop
  endfacet
  facet normal 0 0 -1
    outer loop
      vertex -10.2677 -10.6381 1.5
      vertex -9.22793 -9.96983 1.5
      vertex -10.0136 -10.8777 1.5
    endloop
  endfacet
  facet normal -0 0 -1
    outer loop
      vertex -9.22793 -9.96983 1.5
      vertex -10.2677 -10.6381 1.5
      vertex -9.48157 -9.72893 1.5
    endloop
  endfacet
  facet normal 0 0 -1
    outer loop
      vertex -10.5161 -10.3927 1.5
      vertex -9.48157 -9.72893 1.5
      vertex -10.2677 -10.6381 1.5
    endloop
  endfacet
  facet normal -0 0 -1
    outer loop
      vertex -9.48157 -9.72893 1.5
      vertex -10.5161 -10.3927 1.5
      vertex -9.72893 -9.48157 1.5
    endloop
  endfacet
  facet normal 0 0 -1
    outer loop
      vertex -10.7587 -10.1414 1.5
      vertex -9.72893 -9.48157 1.5
      vertex -10.5161 -10.3927 1.5
    endloop
  endfacet
  facet normal -0 0 -1
    outer loop
      vertex -9.72893 -9.48157 1.5
      vertex -10.7587 -10.1414 1.5
      vertex -9.96983 -9.22793 1.5
    endloop
  endfacet
  facet normal 0 0 -1
    outer loop
      vertex -10.9952 -9.88444 1.5
      vertex -9.96983 -9.22793 1.5
      vertex -10.7587 -10.1414 1.5
    endloop
  endfacet
  facet normal -0 0 -1
    outer loop
      vertex -9.96983 -9.22793 1.5
      vertex -10.9952 -9.88444 1.5
      vertex -10.2041 -8.96817 1.5
    endloop
  endfacet
  facet normal 0 0 -1
    outer loop
      vertex -11.2256 -9.62199 1.5
      vertex -10.2041 -8.96817 1.5
      vertex -10.9952 -9.88444 1.5
    endloop
  endfacet
  facet normal -0 0 -1
    outer loop
      vertex -10.2041 -8.96817 1.5
      vertex -11.2256 -9.62199 1.5
      vertex -10.4317 -8.70246 1.5
    endloop
  endfacet
  facet normal 0 0 -1
    outer loop
      vertex -11.4497 -9.35417 1.5
      vertex -10.4317 -8.70246 1.5
      vertex -11.2256 -9.62199 1.5
    endloop
  endfacet
  facet normal -0 0 -1
    outer loop
      vertex -10.4317 -8.70246 1.5
      vertex -11.4497 -9.35417 1.5
      vertex -10.6523 -8.43098 1.5
    endloop
  endfacet
  facet normal 0 0 -1
    outer loop
      vertex -11.6674 -9.08113 1.5
      vertex -10.6523 -8.43098 1.5
      vertex -11.4497 -9.35417 1.5
    endloop
  endfacet
  facet normal -0 0 -1
    outer loop
      vertex -10.6523 -8.43098 1.5
      vertex -11.6674 -9.08113 1.5
      vertex -10.8658 -8.15391 1.5
    endloop
  endfacet
  facet normal 0 0 -1
    outer loop
      vertex -11.8787 -8.80303 1.5
      vertex -10.8658 -8.15391 1.5
      vertex -11.6674 -9.08113 1.5
    endloop
  endfacet
  facet normal -0 0 -1
    outer loop
      vertex -10.8658 -8.15391 1.5
      vertex -11.8787 -8.80303 1.5
      vertex -11.0722 -7.87144 1.5
    endloop
  endfacet
  facet normal 0 0 -1
    outer loop
      vertex -12.0833 -8.52001 1.5
      vertex -11.0722 -7.87144 1.5
      vertex -11.8787 -8.80303 1.5
    endloop
  endfacet
  facet normal -0 0 -1
    outer loop
      vertex -11.0722 -7.87144 1.5
      vertex -12.0833 -8.52001 1.5
      vertex -11.2712 -7.58374 1.5
    endloop
  endfacet
  facet normal 0 0 -1
    outer loop
      vertex -12.2811 -8.23225 1.5
      vertex -11.2712 -7.58374 1.5
      vertex -12.0833 -8.52001 1.5
    endloop
  endfacet
  facet normal -0 0 -1
    outer loop
      vertex -11.2712 -7.58374 1.5
      vertex -12.2811 -8.23225 1.5
      vertex -11.4627 -7.29102 1.5
    endloop
  endfacet
  facet normal 0 0 -1
    outer loop
      vertex -12.4721 -7.93988 1.5
      vertex -11.4627 -7.29102 1.5
      vertex -12.2811 -8.23225 1.5
    endloop
  endfacet
  facet normal 0 0 -1
    outer loop
      vertex -12.6562 -7.64309 1.5
      vertex -11.4627 -7.29102 1.5
      vertex -12.4721 -7.93988 1.5
    endloop
  endfacet
  facet normal -0 0 -1
    outer loop
      vertex -11.4627 -7.29102 1.5
      vertex -12.6562 -7.64309 1.5
      vertex -11.6466 -6.99346 1.5
    endloop
  endfacet
  facet normal 0 0 -1
    outer loop
      vertex -12.8332 -7.34203 1.5
      vertex -11.6466 -6.99346 1.5
      vertex -12.6562 -7.64309 1.5
    endloop
  endfacet
  facet normal -0 0 -1
    outer loop
      vertex -11.6466 -6.99346 1.5
      vertex -12.8332 -7.34203 1.5
      vertex -11.8228 -6.69127 1.5
    endloop
  endfacet
  facet normal 0 0 -1
    outer loop
      vertex -13.003 -7.03688 1.5
      vertex -11.8228 -6.69127 1.5
      vertex -12.8332 -7.34203 1.5
    endloop
  endfacet
  facet normal -0 0 -1
    outer loop
      vertex -11.8228 -6.69127 1.5
      vertex -13.003 -7.03688 1.5
      vertex -11.9912 -6.38463 1.5
    endloop
  endfacet
  facet normal 0 0 -1
    outer loop
      vertex -13.1656 -6.7278 1.5
      vertex -11.9912 -6.38463 1.5
      vertex -13.003 -7.03688 1.5
    endloop
  endfacet
  facet normal -0 0 -1
    outer loop
      vertex -11.9912 -6.38463 1.5
      vertex -13.1656 -6.7278 1.5
      vertex -12.1516 -6.07377 1.5
    endloop
  endfacet
  facet normal 0 0 -1
    outer loop
      vertex -13.3208 -6.41497 1.5
      vertex -12.1516 -6.07377 1.5
      vertex -13.1656 -6.7278 1.5
    endloop
  endfacet
  facet normal -0 0 -1
    outer loop
      vertex -12.1516 -6.07377 1.5
      vertex -13.3208 -6.41497 1.5
      vertex -12.304 -5.75888 1.5
    endloop
  endfacet
  facet normal 0 0 -1
    outer loop
      vertex -13.4686 -6.09856 1.5
      vertex -12.304 -5.75888 1.5
      vertex -13.3208 -6.41497 1.5
    endloop
  endfacet
  facet normal -0 0 -1
    outer loop
      vertex -12.304 -5.75888 1.5
      vertex -13.4686 -6.09856 1.5
      vertex -12.4482 -5.44017 1.5
    endloop
  endfacet
  facet normal 0 0 -1
    outer loop
      vertex -13.6089 -5.77874 1.5
      vertex -12.4482 -5.44017 1.5
      vertex -13.4686 -6.09856 1.5
    endloop
  endfacet
  facet normal -0 0 -1
    outer loop
      vertex -12.4482 -5.44017 1.5
      vertex -13.6089 -5.77874 1.5
      vertex -12.5841 -5.11785 1.5
    endloop
  endfacet
  facet normal 0 0 -1
    outer loop
      vertex -13.7416 -5.45571 1.5
      vertex -12.5841 -5.11785 1.5
      vertex -13.6089 -5.77874 1.5
    endloop
  endfacet
  facet normal -0 0 -1
    outer loop
      vertex -12.5841 -5.11785 1.5
      vertex -13.7416 -5.45571 1.5
      vertex -12.7117 -4.79214 1.5
    endloop
  endfacet
  facet normal 0 0 -1
    outer loop
      vertex -13.8666 -5.12963 1.5
      vertex -12.7117 -4.79214 1.5
      vertex -13.7416 -5.45571 1.5
    endloop
  endfacet
  facet normal -0 0 -1
    outer loop
      vertex -12.7117 -4.79214 1.5
      vertex -13.8666 -5.12963 1.5
      vertex -12.8309 -4.46325 1.5
    endloop
  endfacet
  facet normal 0 0 -1
    outer loop
      vertex -13.9839 -4.80068 1.5
      vertex -12.8309 -4.46325 1.5
      vertex -13.8666 -5.12963 1.5
    endloop
  endfacet
  facet normal -0 0 -1
    outer loop
      vertex -12.8309 -4.46325 1.5
      vertex -13.9839 -4.80068 1.5
      vertex -12.9416 -4.1314 1.5
    endloop
  endfacet
  facet normal 0 0 -1
    outer loop
      vertex -14.0934 -4.46906 1.5
      vertex -12.9416 -4.1314 1.5
      vertex -13.9839 -4.80068 1.5
    endloop
  endfacet
  facet normal -0 0 -1
    outer loop
      vertex -12.9416 -4.1314 1.5
      vertex -14.0934 -4.46906 1.5
      vertex -13.0436 -3.79681 1.5
    endloop
  endfacet
  facet normal 0 0 -1
    outer loop
      vertex -14.195 -4.13494 1.5
      vertex -13.0436 -3.79681 1.5
      vertex -14.0934 -4.46906 1.5
    endloop
  endfacet
  facet normal 0 0 -1
    outer loop
      vertex -14.2887 -3.79852 1.5
      vertex -13.0436 -3.79681 1.5
      vertex -14.195 -4.13494 1.5
    endloop
  endfacet
  facet normal -0 0 -1
    outer loop
      vertex -13.0436 -3.79681 1.5
      vertex -14.2887 -3.79852 1.5
      vertex -13.1371 -3.45971 1.5
    endloop
  endfacet
  facet normal 0 0 -1
    outer loop
      vertex -14.3744 -3.45998 1.5
      vertex -13.1371 -3.45971 1.5
      vertex -14.2887 -3.79852 1.5
    endloop
  endfacet
  facet normal -0 0 -1
    outer loop
      vertex -13.1371 -3.45971 1.5
      vertex -14.3744 -3.45998 1.5
      vertex -13.2218 -3.12031 1.5
    endloop
  endfacet
  facet normal 0 0 -1
    outer loop
      vertex -13.2218 -3.12031 1.5
      vertex -14.4522 -3.11951 1.5
      vertex -13.2978 -2.77884 1.5
    endloop
  endfacet
  facet normal 0 0 -1
    outer loop
      vertex -14.4522 -3.11951 1.5
      vertex -13.2218 -3.12031 1.5
      vertex -14.3744 -3.45998 1.5
    endloop
  endfacet
  facet normal 0 0 -1
    outer loop
      vertex 21 11.6 1.5
      vertex 7.39797 12.8 1.5
      vertex 21 12.8 1.5
    endloop
  endfacet
  facet normal 0 0 -1
    outer loop
      vertex 7.06888 11.6 1.5
      vertex 7.39797 12.8 1.5
      vertex 21 11.6 1.5
    endloop
  endfacet
  facet normal 0 0 -1
    outer loop
      vertex 6.99346 11.6466 1.5
      vertex 7.39797 12.8 1.5
      vertex 7.06888 11.6 1.5
    endloop
  endfacet
  facet normal 0 0 -1
    outer loop
      vertex 6.69127 11.8228 1.5
      vertex 7.39797 12.8 1.5
      vertex 6.99346 11.6466 1.5
    endloop
  endfacet
  facet normal -0 0 -1
    outer loop
      vertex 7.39797 12.8 1.5
      vertex 6.69127 11.8228 1.5
      vertex 7.18996 12.919 1.5
    endloop
  endfacet
  facet normal 0 0 -1
    outer loop
      vertex 6.38463 11.9912 1.5
      vertex 7.18996 12.919 1.5
      vertex 6.69127 11.8228 1.5
    endloop
  endfacet
  facet normal -0 0 -1
    outer loop
      vertex 7.18996 12.919 1.5
      vertex 6.38463 11.9912 1.5
      vertex 6.88282 13.0852 1.5
    endloop
  endfacet
  facet normal 0 0 -1
    outer loop
      vertex 6.07377 12.1516 1.5
      vertex 6.88282 13.0852 1.5
      vertex 6.38463 11.9912 1.5
    endloop
  endfacet
  facet normal -0 0 -1
    outer loop
      vertex 6.88282 13.0852 1.5
      vertex 6.07377 12.1516 1.5
      vertex 6.57185 13.2441 1.5
    endloop
  endfacet
  facet normal 0 0 -1
    outer loop
      vertex 5.75888 12.304 1.5
      vertex 6.57185 13.2441 1.5
      vertex 6.07377 12.1516 1.5
    endloop
  endfacet
  facet normal -0 0 -1
    outer loop
      vertex 6.57185 13.2441 1.5
      vertex 5.75888 12.304 1.5
      vertex 6.2572 13.3957 1.5
    endloop
  endfacet
  facet normal -0 0 -1
    outer loop
      vertex 6.2572 13.3957 1.5
      vertex 5.75888 12.304 1.5
      vertex 5.93907 13.5397 1.5
    endloop
  endfacet
  facet normal 0 0 -1
    outer loop
      vertex 5.44017 12.4482 1.5
      vertex 5.93907 13.5397 1.5
      vertex 5.75888 12.304 1.5
    endloop
  endfacet
  facet normal -0 0 -1
    outer loop
      vertex 5.93907 13.5397 1.5
      vertex 5.44017 12.4482 1.5
      vertex 5.61762 13.6762 1.5
    endloop
  endfacet
  facet normal 0 0 -1
    outer loop
      vertex 5.11785 12.5841 1.5
      vertex 5.61762 13.6762 1.5
      vertex 5.44017 12.4482 1.5
    endloop
  endfacet
  facet normal -0 0 -1
    outer loop
      vertex 5.61762 13.6762 1.5
      vertex 5.11785 12.5841 1.5
      vertex 5.29304 13.8051 1.5
    endloop
  endfacet
  facet normal 0 0 -1
    outer loop
      vertex 4.79214 12.7117 1.5
      vertex 5.29304 13.8051 1.5
      vertex 5.11785 12.5841 1.5
    endloop
  endfacet
  facet normal -0 0 -1
    outer loop
      vertex 5.29304 13.8051 1.5
      vertex 4.79214 12.7117 1.5
      vertex 4.9655 13.9262 1.5
    endloop
  endfacet
  facet normal 0 0 -1
    outer loop
      vertex 4.46325 12.8309 1.5
      vertex 4.9655 13.9262 1.5
      vertex 4.79214 12.7117 1.5
    endloop
  endfacet
  facet normal -0 0 -1
    outer loop
      vertex 4.9655 13.9262 1.5
      vertex 4.46325 12.8309 1.5
      vertex 4.63519 14.0396 1.5
    endloop
  endfacet
  facet normal 0 0 -1
    outer loop
      vertex 4.1314 12.9416 1.5
      vertex 4.63519 14.0396 1.5
      vertex 4.46325 12.8309 1.5
    endloop
  endfacet
  facet normal -0 0 -1
    outer loop
      vertex 4.63519 14.0396 1.5
      vertex 4.1314 12.9416 1.5
      vertex 4.3023 14.1452 1.5
    endloop
  endfacet
  facet normal 0 0 -1
    outer loop
      vertex 3.79681 13.0436 1.5
      vertex 4.3023 14.1452 1.5
      vertex 4.1314 12.9416 1.5
    endloop
  endfacet
  facet normal -0 0 -1
    outer loop
      vertex 4.3023 14.1452 1.5
      vertex 3.79681 13.0436 1.5
      vertex 3.96701 14.2429 1.5
    endloop
  endfacet
  facet normal 0 0 -1
    outer loop
      vertex 3.45971 13.1371 1.5
      vertex 3.96701 14.2429 1.5
      vertex 3.79681 13.0436 1.5
    endloop
  endfacet
  facet normal -0 0 -1
    outer loop
      vertex 3.96701 14.2429 1.5
      vertex 3.45971 13.1371 1.5
      vertex 3.6295 14.3326 1.5
    endloop
  endfacet
  facet normal 0 0 -1
    outer loop
      vertex 3.12031 13.2218 1.5
      vertex 3.6295 14.3326 1.5
      vertex 3.45971 13.1371 1.5
    endloop
  endfacet
  facet normal -0 0 -1
    outer loop
      vertex 3.6295 14.3326 1.5
      vertex 3.12031 13.2218 1.5
      vertex 3.28997 14.4143 1.5
    endloop
  endfacet
  facet normal 0 0 -1
    outer loop
      vertex 2.77884 13.2978 1.5
      vertex 3.28997 14.4143 1.5
      vertex 3.12031 13.2218 1.5
    endloop
  endfacet
  facet normal -0 0 -1
    outer loop
      vertex 3.28997 14.4143 1.5
      vertex 2.77884 13.2978 1.5
      vertex 2.9486 14.488 1.5
    endloop
  endfacet
  facet normal 0 0 -1
    outer loop
      vertex 2.43553 13.3649 1.5
      vertex 2.9486 14.488 1.5
      vertex 2.77884 13.2978 1.5
    endloop
  endfacet
  facet normal -0 0 -1
    outer loop
      vertex 2.9486 14.488 1.5
      vertex 2.43553 13.3649 1.5
      vertex 2.60559 14.5536 1.5
    endloop
  endfacet
  facet normal 0 0 -1
    outer loop
      vertex 2.0906 13.4232 1.5
      vertex 2.60559 14.5536 1.5
      vertex 2.43553 13.3649 1.5
    endloop
  endfacet
  facet normal -0 0 -1
    outer loop
      vertex 2.60559 14.5536 1.5
      vertex 2.0906 13.4232 1.5
      vertex 2.26113 14.6111 1.5
    endloop
  endfacet
  facet normal 0 0 -1
    outer loop
      vertex 2.0906 13.4232 1.5
      vertex 1.9154 14.6604 1.5
      vertex 2.26113 14.6111 1.5
    endloop
  endfacet
  facet normal 0 0 -1
    outer loop
      vertex 1.74429 13.4726 1.5
      vertex 1.9154 14.6604 1.5
      vertex 2.0906 13.4232 1.5
    endloop
  endfacet
  facet normal 0 0 -1
    outer loop
      vertex 1.74429 13.4726 1.5
      vertex 1.56861 14.7016 1.5
      vertex 1.9154 14.6604 1.5
    endloop
  endfacet
  facet normal 0 0 -1
    outer loop
      vertex 1.39682 13.513 1.5
      vertex 1.56861 14.7016 1.5
      vertex 1.74429 13.4726 1.5
    endloop
  endfacet
  facet normal 0 0 -1
    outer loop
      vertex 1.39682 13.513 1.5
      vertex 1.22093 14.7345 1.5
      vertex 1.56861 14.7016 1.5
    endloop
  endfacet
  facet normal 0 0 -1
    outer loop
      vertex 1.04843 13.5445 1.5
      vertex 1.22093 14.7345 1.5
      vertex 1.39682 13.513 1.5
    endloop
  endfacet
  facet normal 0 0 -1
    outer loop
      vertex 1.04843 13.5445 1.5
      vertex 0.872583 14.7592 1.5
      vertex 1.22093 14.7345 1.5
    endloop
  endfacet
  facet normal 0 0 -1
    outer loop
      vertex 0.699338 13.567 1.5
      vertex 0.872583 14.7592 1.5
      vertex 1.04843 13.5445 1.5
    endloop
  endfacet
  facet normal 0 0 -1
    outer loop
      vertex 0.699338 13.567 1.5
      vertex 0.523745 14.7757 1.5
      vertex 0.872583 14.7592 1.5
    endloop
  endfacet
  facet normal 0 0 -1
    outer loop
      vertex 0.349785 13.5805 1.5
      vertex 0.523745 14.7757 1.5
      vertex 0.699338 13.567 1.5
    endloop
  endfacet
  facet normal 0 0 -1
    outer loop
      vertex 0.349785 13.5805 1.5
      vertex 0.174614 14.784 1.5
      vertex 0.523745 14.7757 1.5
    endloop
  endfacet
  facet normal 0 0 -1
    outer loop
      vertex 0 13.585 1.5
      vertex 0.174614 14.784 1.5
      vertex 0.349785 13.5805 1.5
    endloop
  endfacet
  facet normal 0 0 -1
    outer loop
      vertex 0 13.585 1.5
      vertex -0.174615 14.784 1.5
      vertex 0.174614 14.784 1.5
    endloop
  endfacet
  facet normal 0 0 -1
    outer loop
      vertex -0.349786 13.5805 1.5
      vertex -0.174615 14.784 1.5
      vertex 0 13.585 1.5
    endloop
  endfacet
  facet normal 0 0 -1
    outer loop
      vertex -0.349786 13.5805 1.5
      vertex -0.523746 14.7757 1.5
      vertex -0.174615 14.784 1.5
    endloop
  endfacet
  facet normal 0 0 -1
    outer loop
      vertex -0.699339 13.567 1.5
      vertex -0.523746 14.7757 1.5
      vertex -0.349786 13.5805 1.5
    endloop
  endfacet
  facet normal 0 0 -1
    outer loop
      vertex -0.699339 13.567 1.5
      vertex -0.872584 14.7592 1.5
      vertex -0.523746 14.7757 1.5
    endloop
  endfacet
  facet normal 0 0 -1
    outer loop
      vertex -1.04843 13.5445 1.5
      vertex -0.872584 14.7592 1.5
      vertex -0.699339 13.567 1.5
    endloop
  endfacet
  facet normal 0 0 -1
    outer loop
      vertex -1.04843 13.5445 1.5
      vertex -1.22094 14.7345 1.5
      vertex -0.872584 14.7592 1.5
    endloop
  endfacet
  facet normal 0 0 -1
    outer loop
      vertex -1.39682 13.513 1.5
      vertex -1.22094 14.7345 1.5
      vertex -1.04843 13.5445 1.5
    endloop
  endfacet
  facet normal 0 0 -1
    outer loop
      vertex -1.39682 13.513 1.5
      vertex -1.56861 14.7016 1.5
      vertex -1.22094 14.7345 1.5
    endloop
  endfacet
  facet normal 0 0 -1
    outer loop
      vertex -1.74429 13.4726 1.5
      vertex -1.56861 14.7016 1.5
      vertex -1.39682 13.513 1.5
    endloop
  endfacet
  facet normal 0 0 -1
    outer loop
      vertex -1.74429 13.4726 1.5
      vertex -1.9154 14.6604 1.5
      vertex -1.56861 14.7016 1.5
    endloop
  endfacet
  facet normal 0 0 -1
    outer loop
      vertex -2.0906 13.4232 1.5
      vertex -1.9154 14.6604 1.5
      vertex -1.74429 13.4726 1.5
    endloop
  endfacet
  facet normal 0 0 -1
    outer loop
      vertex -2.0906 13.4232 1.5
      vertex -2.26113 14.6111 1.5
      vertex -1.9154 14.6604 1.5
    endloop
  endfacet
  facet normal 0 0 -1
    outer loop
      vertex -2.60559 14.5536 1.5
      vertex -2.0906 13.4232 1.5
      vertex -2.43553 13.3649 1.5
    endloop
  endfacet
  facet normal 0 0 -1
    outer loop
      vertex -2.0906 13.4232 1.5
      vertex -2.60559 14.5536 1.5
      vertex -2.26113 14.6111 1.5
    endloop
  endfacet
  facet normal 0 0 -1
    outer loop
      vertex -2.94861 14.488 1.5
      vertex -2.43553 13.3649 1.5
      vertex -2.77884 13.2978 1.5
    endloop
  endfacet
  facet normal 0 0 -1
    outer loop
      vertex -2.43553 13.3649 1.5
      vertex -2.94861 14.488 1.5
      vertex -2.60559 14.5536 1.5
    endloop
  endfacet
  facet normal 0 0 -1
    outer loop
      vertex -3.28997 14.4143 1.5
      vertex -2.77884 13.2978 1.5
      vertex -3.12031 13.2218 1.5
    endloop
  endfacet
  facet normal 0 0 -1
    outer loop
      vertex -2.77884 13.2978 1.5
      vertex -3.28997 14.4143 1.5
      vertex -2.94861 14.488 1.5
    endloop
  endfacet
  facet normal 0 0 -1
    outer loop
      vertex -3.6295 14.3326 1.5
      vertex -3.12031 13.2218 1.5
      vertex -3.45971 13.1371 1.5
    endloop
  endfacet
  facet normal 0 0 -1
    outer loop
      vertex -3.12031 13.2218 1.5
      vertex -3.6295 14.3326 1.5
      vertex -3.28997 14.4143 1.5
    endloop
  endfacet
  facet normal 0 0 -1
    outer loop
      vertex -3.96701 14.2429 1.5
      vertex -3.45971 13.1371 1.5
      vertex -3.79681 13.0436 1.5
    endloop
  endfacet
  facet normal 0 0 -1
    outer loop
      vertex -3.45971 13.1371 1.5
      vertex -3.96701 14.2429 1.5
      vertex -3.6295 14.3326 1.5
    endloop
  endfacet
  facet normal 0 0 -1
    outer loop
      vertex -4.3023 14.1452 1.5
      vertex -3.79681 13.0436 1.5
      vertex -4.1314 12.9416 1.5
    endloop
  endfacet
  facet normal 0 0 -1
    outer loop
      vertex -3.79681 13.0436 1.5
      vertex -4.3023 14.1452 1.5
      vertex -3.96701 14.2429 1.5
    endloop
  endfacet
  facet normal 0 0 -1
    outer loop
      vertex -4.63519 14.0396 1.5
      vertex -4.1314 12.9416 1.5
      vertex -4.46325 12.8309 1.5
    endloop
  endfacet
  facet normal 0 0 -1
    outer loop
      vertex -4.1314 12.9416 1.5
      vertex -4.63519 14.0396 1.5
      vertex -4.3023 14.1452 1.5
    endloop
  endfacet
  facet normal 0 0 -1
    outer loop
      vertex -4.9655 13.9262 1.5
      vertex -4.46325 12.8309 1.5
      vertex -4.79214 12.7117 1.5
    endloop
  endfacet
  facet normal 0 0 -1
    outer loop
      vertex -4.46325 12.8309 1.5
      vertex -4.9655 13.9262 1.5
      vertex -4.63519 14.0396 1.5
    endloop
  endfacet
  facet normal 0 0 -1
    outer loop
      vertex -5.29304 13.8051 1.5
      vertex -4.79214 12.7117 1.5
      vertex -5.11785 12.5841 1.5
    endloop
  endfacet
  facet normal 0 0 -1
    outer loop
      vertex -4.79214 12.7117 1.5
      vertex -5.29304 13.8051 1.5
      vertex -4.9655 13.9262 1.5
    endloop
  endfacet
  facet normal 0 0 -1
    outer loop
      vertex -5.61762 13.6762 1.5
      vertex -5.11785 12.5841 1.5
      vertex -5.44017 12.4482 1.5
    endloop
  endfacet
  facet normal 0 0 -1
    outer loop
      vertex -5.11785 12.5841 1.5
      vertex -5.61762 13.6762 1.5
      vertex -5.29304 13.8051 1.5
    endloop
  endfacet
  facet normal 0 0 -1
    outer loop
      vertex -5.93907 13.5397 1.5
      vertex -5.44017 12.4482 1.5
      vertex -5.75888 12.304 1.5
    endloop
  endfacet
  facet normal 0 0 -1
    outer loop
      vertex -5.44017 12.4482 1.5
      vertex -5.93907 13.5397 1.5
      vertex -5.61762 13.6762 1.5
    endloop
  endfacet
  facet normal 0 0 -1
    outer loop
      vertex -6.57185 13.2441 1.5
      vertex -5.75888 12.304 1.5
      vertex -6.07377 12.1516 1.5
    endloop
  endfacet
  facet normal 0 0 -1
    outer loop
      vertex -5.75888 12.304 1.5
      vertex -6.2572 13.3957 1.5
      vertex -5.93907 13.5397 1.5
    endloop
  endfacet
  facet normal 0 0 -1
    outer loop
      vertex -6.88282 13.0852 1.5
      vertex -6.07377 12.1516 1.5
      vertex -6.38463 11.9912 1.5
    endloop
  endfacet
  facet normal 0 0 -1
    outer loop
      vertex -5.75888 12.304 1.5
      vertex -6.57185 13.2441 1.5
      vertex -6.2572 13.3957 1.5
    endloop
  endfacet
  facet normal 0 0 -1
    outer loop
      vertex -7.18996 12.919 1.5
      vertex -6.38463 11.9912 1.5
      vertex -6.69127 11.8228 1.5
    endloop
  endfacet
  facet normal 0 0 -1
    outer loop
      vertex -6.07377 12.1516 1.5
      vertex -6.88282 13.0852 1.5
      vertex -6.57185 13.2441 1.5
    endloop
  endfacet
  facet normal 0 0 -1
    outer loop
      vertex -7.49309 12.7456 1.5
      vertex -6.69127 11.8228 1.5
      vertex -6.99346 11.6466 1.5
    endloop
  endfacet
  facet normal 0 0 -1
    outer loop
      vertex -6.38463 11.9912 1.5
      vertex -7.18996 12.919 1.5
      vertex -6.88282 13.0852 1.5
    endloop
  endfacet
  facet normal 0 0 -1
    outer loop
      vertex -7.79203 12.565 1.5
      vertex -6.99346 11.6466 1.5
      vertex -7.29102 11.4627 1.5
    endloop
  endfacet
  facet normal 0 0 -1
    outer loop
      vertex -6.69127 11.8228 1.5
      vertex -7.49309 12.7456 1.5
      vertex -7.18996 12.919 1.5
    endloop
  endfacet
  facet normal 0 0 -1
    outer loop
      vertex -8.08663 12.3775 1.5
      vertex -7.29102 11.4627 1.5
      vertex -7.58374 11.2712 1.5
    endloop
  endfacet
  facet normal 0 0 -1
    outer loop
      vertex -6.99346 11.6466 1.5
      vertex -7.79203 12.565 1.5
      vertex -7.49309 12.7456 1.5
    endloop
  endfacet
  facet normal 0 0 -1
    outer loop
      vertex -8.37671 12.1831 1.5
      vertex -7.58374 11.2712 1.5
      vertex -7.87144 11.0722 1.5
    endloop
  endfacet
  facet normal 0 0 -1
    outer loop
      vertex -7.29102 11.4627 1.5
      vertex -8.08663 12.3775 1.5
      vertex -7.79203 12.565 1.5
    endloop
  endfacet
  facet normal 0 0 -1
    outer loop
      vertex -8.66213 11.9818 1.5
      vertex -7.87144 11.0722 1.5
      vertex -8.15391 10.8658 1.5
    endloop
  endfacet
  facet normal 0 0 -1
    outer loop
      vertex -7.58374 11.2712 1.5
      vertex -8.37671 12.1831 1.5
      vertex -8.08663 12.3775 1.5
    endloop
  endfacet
  facet normal 0 0 -1
    outer loop
      vertex -8.94271 11.7739 1.5
      vertex -8.15391 10.8658 1.5
      vertex -8.43098 10.6523 1.5
    endloop
  endfacet
  facet normal 0 0 -1
    outer loop
      vertex -7.87144 11.0722 1.5
      vertex -8.66213 11.9818 1.5
      vertex -8.37671 12.1831 1.5
    endloop
  endfacet
  facet normal 0 0 -1
    outer loop
      vertex -9.2183 11.5594 1.5
      vertex -8.43098 10.6523 1.5
      vertex -8.70246 10.4317 1.5
    endloop
  endfacet
  facet normal 0 0 -1
    outer loop
      vertex -8.15391 10.8658 1.5
      vertex -8.94271 11.7739 1.5
      vertex -8.66213 11.9818 1.5
    endloop
  endfacet
  facet normal 0 0 -1
    outer loop
      vertex -9.48874 11.3384 1.5
      vertex -8.70246 10.4317 1.5
      vertex -8.96817 10.2041 1.5
    endloop
  endfacet
  facet normal 0 0 -1
    outer loop
      vertex -8.43098 10.6523 1.5
      vertex -9.2183 11.5594 1.5
      vertex -8.94271 11.7739 1.5
    endloop
  endfacet
  facet normal 0 0 -1
    outer loop
      vertex -10.0136 10.8777 1.5
      vertex -8.96817 10.2041 1.5
      vertex -9.22793 9.96983 1.5
    endloop
  endfacet
  facet normal 0 0 -1
    outer loop
      vertex -10.2677 10.6381 1.5
      vertex -9.22793 9.96983 1.5
      vertex -9.48157 9.72893 1.5
    endloop
  endfacet
  facet normal 0 0 -1
    outer loop
      vertex -8.70246 10.4317 1.5
      vertex -9.48874 11.3384 1.5
      vertex -9.2183 11.5594 1.5
    endloop
  endfacet
  facet normal 0 0 -1
    outer loop
      vertex -10.5161 10.3927 1.5
      vertex -9.48157 9.72893 1.5
      vertex -9.72893 9.48157 1.5
    endloop
  endfacet
  facet normal 0 0 -1
    outer loop
      vertex -8.96817 10.2041 1.5
      vertex -9.7539 11.1112 1.5
      vertex -9.48874 11.3384 1.5
    endloop
  endfacet
  facet normal 0 0 -1
    outer loop
      vertex -10.7587 10.1414 1.5
      vertex -9.72893 9.48157 1.5
      vertex -9.96983 9.22793 1.5
    endloop
  endfacet
  facet normal 0 0 -1
    outer loop
      vertex -8.96817 10.2041 1.5
      vertex -10.0136 10.8777 1.5
      vertex -9.7539 11.1112 1.5
    endloop
  endfacet
  facet normal 0 0 -1
    outer loop
      vertex -10.9952 9.88444 1.5
      vertex -9.96983 9.22793 1.5
      vertex -10.2041 8.96817 1.5
    endloop
  endfacet
  facet normal 0 0 -1
    outer loop
      vertex -9.22793 9.96983 1.5
      vertex -10.2677 10.6381 1.5
      vertex -10.0136 10.8777 1.5
    endloop
  endfacet
  facet normal 0 0 -1
    outer loop
      vertex -11.2256 9.62199 1.5
      vertex -10.2041 8.96817 1.5
      vertex -10.4317 8.70246 1.5
    endloop
  endfacet
  facet normal 0 0 -1
    outer loop
      vertex -9.48157 9.72893 1.5
      vertex -10.5161 10.3927 1.5
      vertex -10.2677 10.6381 1.5
    endloop
  endfacet
  facet normal 0 0 -1
    outer loop
      vertex -11.4497 9.35417 1.5
      vertex -10.4317 8.70246 1.5
      vertex -10.6523 8.43098 1.5
    endloop
  endfacet
  facet normal 0 0 -1
    outer loop
      vertex -9.72893 9.48157 1.5
      vertex -10.7587 10.1414 1.5
      vertex -10.5161 10.3927 1.5
    endloop
  endfacet
  facet normal 0 0 -1
    outer loop
      vertex -11.6674 9.08113 1.5
      vertex -10.6523 8.43098 1.5
      vertex -10.8658 8.15391 1.5
    endloop
  endfacet
  facet normal 0 0 -1
    outer loop
      vertex -9.96983 9.22793 1.5
      vertex -10.9952 9.88444 1.5
      vertex -10.7587 10.1414 1.5
    endloop
  endfacet
  facet normal 0 0 -1
    outer loop
      vertex -11.8787 8.80303 1.5
      vertex -10.8658 8.15391 1.5
      vertex -11.0722 7.87144 1.5
    endloop
  endfacet
  facet normal 0 0 -1
    outer loop
      vertex -10.2041 8.96817 1.5
      vertex -11.2256 9.62199 1.5
      vertex -10.9952 9.88444 1.5
    endloop
  endfacet
  facet normal 0 0 -1
    outer loop
      vertex -12.0833 8.52001 1.5
      vertex -11.0722 7.87144 1.5
      vertex -11.2712 7.58374 1.5
    endloop
  endfacet
  facet normal 0 0 -1
    outer loop
      vertex -10.4317 8.70246 1.5
      vertex -11.4497 9.35417 1.5
      vertex -11.2256 9.62199 1.5
    endloop
  endfacet
  facet normal 0 0 -1
    outer loop
      vertex -12.2811 8.23225 1.5
      vertex -11.2712 7.58374 1.5
      vertex -11.4627 7.29102 1.5
    endloop
  endfacet
  facet normal 0 0 -1
    outer loop
      vertex -12.6562 7.64309 1.5
      vertex -11.4627 7.29102 1.5
      vertex -11.6466 6.99346 1.5
    endloop
  endfacet
  facet normal 0 0 -1
    outer loop
      vertex -10.6523 8.43098 1.5
      vertex -11.6674 9.08113 1.5
      vertex -11.4497 9.35417 1.5
    endloop
  endfacet
  facet normal 0 0 -1
    outer loop
      vertex -12.8332 7.34203 1.5
      vertex -11.6466 6.99346 1.5
      vertex -11.8228 6.69127 1.5
    endloop
  endfacet
  facet normal 0 0 -1
    outer loop
      vertex -10.8658 8.15391 1.5
      vertex -11.8787 8.80303 1.5
      vertex -11.6674 9.08113 1.5
    endloop
  endfacet
  facet normal 0 0 -1
    outer loop
      vertex -13.003 7.03688 1.5
      vertex -11.8228 6.69127 1.5
      vertex -11.9912 6.38463 1.5
    endloop
  endfacet
  facet normal 0 0 -1
    outer loop
      vertex -11.0722 7.87144 1.5
      vertex -12.0833 8.52001 1.5
      vertex -11.8787 8.80303 1.5
    endloop
  endfacet
  facet normal 0 0 -1
    outer loop
      vertex -13.1656 6.7278 1.5
      vertex -11.9912 6.38463 1.5
      vertex -12.1516 6.07377 1.5
    endloop
  endfacet
  facet normal 0 0 -1
    outer loop
      vertex -11.2712 7.58374 1.5
      vertex -12.2811 8.23225 1.5
      vertex -12.0833 8.52001 1.5
    endloop
  endfacet
  facet normal 0 0 -1
    outer loop
      vertex -13.3208 6.41497 1.5
      vertex -12.1516 6.07377 1.5
      vertex -12.304 5.75888 1.5
    endloop
  endfacet
  facet normal 0 0 -1
    outer loop
      vertex -13.4686 6.09856 1.5
      vertex -12.304 5.75888 1.5
      vertex -12.4482 5.44017 1.5
    endloop
  endfacet
  facet normal 0 0 -1
    outer loop
      vertex -11.4627 7.29102 1.5
      vertex -12.4721 7.93988 1.5
      vertex -12.2811 8.23225 1.5
    endloop
  endfacet
  facet normal 0 0 -1
    outer loop
      vertex -13.6089 5.77874 1.5
      vertex -12.4482 5.44017 1.5
      vertex -12.5841 5.11785 1.5
    endloop
  endfacet
  facet normal 0 0 -1
    outer loop
      vertex -11.4627 7.29102 1.5
      vertex -12.6562 7.64309 1.5
      vertex -12.4721 7.93988 1.5
    endloop
  endfacet
  facet normal 0 0 -1
    outer loop
      vertex -13.7416 5.45571 1.5
      vertex -12.5841 5.11785 1.5
      vertex -12.7117 4.79214 1.5
    endloop
  endfacet
  facet normal 0 0 -1
    outer loop
      vertex -13.8666 5.12963 1.5
      vertex -12.7117 4.79214 1.5
      vertex -12.8309 4.46325 1.5
    endloop
  endfacet
  facet normal 0 0 -1
    outer loop
      vertex -11.6466 6.99346 1.5
      vertex -12.8332 7.34203 1.5
      vertex -12.6562 7.64309 1.5
    endloop
  endfacet
  facet normal 0 0 -1
    outer loop
      vertex -13.9839 4.80068 1.5
      vertex -12.8309 4.46325 1.5
      vertex -12.9416 4.1314 1.5
    endloop
  endfacet
  facet normal 0 0 -1
    outer loop
      vertex -11.8228 6.69127 1.5
      vertex -13.003 7.03688 1.5
      vertex -12.8332 7.34203 1.5
    endloop
  endfacet
  facet normal 0 0 -1
    outer loop
      vertex -14.0934 4.46906 1.5
      vertex -12.9416 4.1314 1.5
      vertex -13.0436 3.79681 1.5
    endloop
  endfacet
  facet normal 0 0 -1
    outer loop
      vertex -14.2887 3.79852 1.5
      vertex -13.0436 3.79681 1.5
      vertex -13.1371 3.45971 1.5
    endloop
  endfacet
  facet normal 0 0 -1
    outer loop
      vertex -11.9912 6.38463 1.5
      vertex -13.1656 6.7278 1.5
      vertex -13.003 7.03688 1.5
    endloop
  endfacet
  facet normal 0 0 -1
    outer loop
      vertex -14.3744 3.45998 1.5
      vertex -13.1371 3.45971 1.5
      vertex -13.2218 3.12031 1.5
    endloop
  endfacet
  facet normal 0 0 -1
    outer loop
      vertex -14.4522 3.11951 1.5
      vertex -13.2218 3.12031 1.5
      vertex -13.2978 2.77884 1.5
    endloop
  endfacet
  facet normal 0 0 -1
    outer loop
      vertex -12.1516 6.07377 1.5
      vertex -13.3208 6.41497 1.5
      vertex -13.1656 6.7278 1.5
    endloop
  endfacet
  facet normal 0 0 -1
    outer loop
      vertex -14.5218 2.77729 1.5
      vertex -13.2978 2.77884 1.5
      vertex -13.3649 2.43553 1.5
    endloop
  endfacet
  facet normal 0 0 -1
    outer loop
      vertex -14.5834 2.43353 1.5
      vertex -13.3649 2.43553 1.5
      vertex -13.4232 2.0906 1.5
    endloop
  endfacet
  facet normal 0 0 -1
    outer loop
      vertex -12.304 5.75888 1.5
      vertex -13.4686 6.09856 1.5
      vertex -13.3208 6.41497 1.5
    endloop
  endfacet
  facet normal 0 0 -1
    outer loop
      vertex -14.6368 2.08841 1.5
      vertex -13.4232 2.0906 1.5
      vertex -13.4726 1.74429 1.5
    endloop
  endfacet
  facet normal 0 0 -1
    outer loop
      vertex -14.682 1.74213 1.5
      vertex -13.4726 1.74429 1.5
      vertex -13.513 1.39682 1.5
    endloop
  endfacet
  facet normal 0 0 -1
    outer loop
      vertex -14.7191 1.39487 1.5
      vertex -13.513 1.39682 1.5
      vertex -13.5445 1.04843 1.5
    endloop
  endfacet
  facet normal 0 0 -1
    outer loop
      vertex -14.7479 1.04683 1.5
      vertex -13.5445 1.04843 1.5
      vertex -13.567 0.699338 1.5
    endloop
  endfacet
  facet normal 0 0 -1
    outer loop
      vertex -14.7685 0.698213 1.5
      vertex -13.567 0.699338 1.5
      vertex -13.5805 0.349785 1.5
    endloop
  endfacet
  facet normal 0 0 -1
    outer loop
      vertex -12.4482 5.44017 1.5
      vertex -13.6089 5.77874 1.5
      vertex -13.4686 6.09856 1.5
    endloop
  endfacet
  facet normal 0 0 -1
    outer loop
      vertex -14.7809 0.349203 1.5
      vertex -13.5805 0.349785 1.5
      vertex -13.585 0 1.5
    endloop
  endfacet
  facet normal 0 0 -1
    outer loop
      vertex -14.5218 -2.77729 1.5
      vertex -13.2978 -2.77884 1.5
      vertex -14.4522 -3.11951 1.5
    endloop
  endfacet
  facet normal 0 0 -1
    outer loop
      vertex -13.2978 -2.77884 1.5
      vertex -14.5218 -2.77729 1.5
      vertex -13.3649 -2.43553 1.5
    endloop
  endfacet
  facet normal 0 0 -1
    outer loop
      vertex -12.5841 5.11785 1.5
      vertex -13.7416 5.45571 1.5
      vertex -13.6089 5.77874 1.5
    endloop
  endfacet
  facet normal 0 0 -1
    outer loop
      vertex -14.5834 -2.43353 1.5
      vertex -13.3649 -2.43553 1.5
      vertex -14.5218 -2.77729 1.5
    endloop
  endfacet
  facet normal 0 0 -1
    outer loop
      vertex -12.7117 4.79214 1.5
      vertex -13.8666 5.12963 1.5
      vertex -13.7416 5.45571 1.5
    endloop
  endfacet
  facet normal 0 0 -1
    outer loop
      vertex -13.3649 -2.43553 1.5
      vertex -14.5834 -2.43353 1.5
      vertex -13.4232 -2.0906 1.5
    endloop
  endfacet
  facet normal 0 0 -1
    outer loop
      vertex -12.8309 4.46325 1.5
      vertex -13.9839 4.80068 1.5
      vertex -13.8666 5.12963 1.5
    endloop
  endfacet
  facet normal 0 0 -1
    outer loop
      vertex -14.6368 -2.08841 1.5
      vertex -13.4232 -2.0906 1.5
      vertex -14.5834 -2.43353 1.5
    endloop
  endfacet
  facet normal 0 0 -1
    outer loop
      vertex -12.9416 4.1314 1.5
      vertex -14.0934 4.46906 1.5
      vertex -13.9839 4.80068 1.5
    endloop
  endfacet
  facet normal 0 0 -1
    outer loop
      vertex -13.4232 -2.0906 1.5
      vertex -14.6368 -2.08841 1.5
      vertex -13.4726 -1.74429 1.5
    endloop
  endfacet
  facet normal 0 0 -1
    outer loop
      vertex -13.0436 3.79681 1.5
      vertex -14.195 4.13494 1.5
      vertex -14.0934 4.46906 1.5
    endloop
  endfacet
  facet normal 0 0 -1
    outer loop
      vertex -14.682 -1.74213 1.5
      vertex -13.4726 -1.74429 1.5
      vertex -14.6368 -2.08841 1.5
    endloop
  endfacet
  facet normal 0 0 -1
    outer loop
      vertex -13.0436 3.79681 1.5
      vertex -14.2887 3.79852 1.5
      vertex -14.195 4.13494 1.5
    endloop
  endfacet
  facet normal 0 0 -1
    outer loop
      vertex -13.4726 -1.74429 1.5
      vertex -14.682 -1.74213 1.5
      vertex -13.513 -1.39682 1.5
    endloop
  endfacet
  facet normal 0 0 -1
    outer loop
      vertex -13.1371 3.45971 1.5
      vertex -14.3744 3.45998 1.5
      vertex -14.2887 3.79852 1.5
    endloop
  endfacet
  facet normal 0 0 -1
    outer loop
      vertex -14.7191 -1.39487 1.5
      vertex -13.513 -1.39682 1.5
      vertex -14.682 -1.74213 1.5
    endloop
  endfacet
  facet normal -0 0 -1
    outer loop
      vertex -13.2218 3.12031 1.5
      vertex -14.4522 3.11951 1.5
      vertex -14.3744 3.45998 1.5
    endloop
  endfacet
  facet normal 0 0 -1
    outer loop
      vertex -13.513 -1.39682 1.5
      vertex -14.7191 -1.39487 1.5
      vertex -13.5445 -1.04843 1.5
    endloop
  endfacet
  facet normal -0 0 -1
    outer loop
      vertex -13.2978 2.77884 1.5
      vertex -14.5218 2.77729 1.5
      vertex -14.4522 3.11951 1.5
    endloop
  endfacet
  facet normal 0 0 -1
    outer loop
      vertex -14.7479 -1.04683 1.5
      vertex -13.5445 -1.04843 1.5
      vertex -14.7191 -1.39487 1.5
    endloop
  endfacet
  facet normal -0 0 -1
    outer loop
      vertex -13.3649 2.43553 1.5
      vertex -14.5834 2.43353 1.5
      vertex -14.5218 2.77729 1.5
    endloop
  endfacet
  facet normal 0 0 -1
    outer loop
      vertex -13.5445 -1.04843 1.5
      vertex -14.7479 -1.04683 1.5
      vertex -13.567 -0.699338 1.5
    endloop
  endfacet
  facet normal -0 0 -1
    outer loop
      vertex -13.4232 2.0906 1.5
      vertex -14.6368 2.08841 1.5
      vertex -14.5834 2.43353 1.5
    endloop
  endfacet
  facet normal 0 0 -1
    outer loop
      vertex -14.7685 -0.698213 1.5
      vertex -13.567 -0.699338 1.5
      vertex -14.7479 -1.04683 1.5
    endloop
  endfacet
  facet normal -0 0 -1
    outer loop
      vertex -13.4726 1.74429 1.5
      vertex -14.682 1.74213 1.5
      vertex -14.6368 2.08841 1.5
    endloop
  endfacet
  facet normal 0 0 -1
    outer loop
      vertex -13.567 -0.699338 1.5
      vertex -14.7685 -0.698213 1.5
      vertex -13.5805 -0.349785 1.5
    endloop
  endfacet
  facet normal -0 0 -1
    outer loop
      vertex -13.513 1.39682 1.5
      vertex -14.7191 1.39487 1.5
      vertex -14.682 1.74213 1.5
    endloop
  endfacet
  facet normal 0 0 -1
    outer loop
      vertex -14.7809 -0.349203 1.5
      vertex -13.5805 -0.349785 1.5
      vertex -14.7685 -0.698213 1.5
    endloop
  endfacet
  facet normal -0 0 -1
    outer loop
      vertex -13.5445 1.04843 1.5
      vertex -14.7479 1.04683 1.5
      vertex -14.7191 1.39487 1.5
    endloop
  endfacet
  facet normal 0 0 -1
    outer loop
      vertex -13.5805 -0.349785 1.5
      vertex -14.7809 -0.349203 1.5
      vertex -13.585 0 1.5
    endloop
  endfacet
  facet normal -0 0 -1
    outer loop
      vertex -13.567 0.699338 1.5
      vertex -14.7685 0.698213 1.5
      vertex -14.7479 1.04683 1.5
    endloop
  endfacet
  facet normal 0 0 -1
    outer loop
      vertex -14.785 0 1.5
      vertex -13.585 0 1.5
      vertex -14.7809 -0.349203 1.5
    endloop
  endfacet
  facet normal -0 0 -1
    outer loop
      vertex -13.5805 0.349785 1.5
      vertex -14.7809 0.349203 1.5
      vertex -14.7685 0.698213 1.5
    endloop
  endfacet
  facet normal 0 0 -1
    outer loop
      vertex -13.585 0 1.5
      vertex -14.785 0 1.5
      vertex -14.7809 0.349203 1.5
    endloop
  endfacet
  facet normal 0.369089 0.929394 -0
    outer loop
      vertex -5.29304 -13.8051 0
      vertex -5.61762 -13.6762 1.5
      vertex -5.29304 -13.8051 1.5
    endloop
  endfacet
  facet normal 0.369089 0.929394 0
    outer loop
      vertex -5.61762 -13.6762 1.5
      vertex -5.29304 -13.8051 0
      vertex -5.61762 -13.6762 0
    endloop
  endfacet
  facet normal 0.956745 0.290929 0
    outer loop
      vertex -14.0934 -4.46906 1.5
      vertex -14.195 -4.13494 0
      vertex -14.195 -4.13494 1.5
    endloop
  endfacet
  facet normal 0.956745 0.290929 0
    outer loop
      vertex -14.195 -4.13494 0
      vertex -14.0934 -4.46906 1.5
      vertex -14.0934 -4.46906 0
    endloop
  endfacet
  facet normal 0.885005 0.465581 0
    outer loop
      vertex -13.003 -7.03688 1.5
      vertex -13.1656 -6.7278 0
      vertex -13.1656 -6.7278 1.5
    endloop
  endfacet
  facet normal 0.885005 0.465581 0
    outer loop
      vertex -13.1656 -6.7278 0
      vertex -13.003 -7.03688 1.5
      vertex -13.003 -7.03688 0
    endloop
  endfacet
  facet normal 0.895815 0.444428 0
    outer loop
      vertex -13.1656 -6.7278 1.5
      vertex -13.3208 -6.41497 0
      vertex -13.3208 -6.41497 1.5
    endloop
  endfacet
  facet normal 0.895815 0.444428 0
    outer loop
      vertex -13.3208 -6.41497 0
      vertex -13.1656 -6.7278 1.5
      vertex -13.1656 -6.7278 0
    endloop
  endfacet
  facet normal 0.78189 0.623416 0
    outer loop
      vertex -11.4497 -9.35417 1.5
      vertex -11.6674 -9.08113 0
      vertex -11.6674 -9.08113 1.5
    endloop
  endfacet
  facet normal 0.78189 0.623416 0
    outer loop
      vertex -11.6674 -9.08113 0
      vertex -11.4497 -9.35417 1.5
      vertex -11.4497 -9.35417 0
    endloop
  endfacet
  facet normal 0.766929 0.641732 0
    outer loop
      vertex -11.2256 -9.62199 1.5
      vertex -11.4497 -9.35417 0
      vertex -11.4497 -9.35417 1.5
    endloop
  endfacet
  facet normal 0.766929 0.641732 0
    outer loop
      vertex -11.4497 -9.35417 0
      vertex -11.2256 -9.62199 1.5
      vertex -11.2256 -9.62199 0
    endloop
  endfacet
  facet normal 0.824089 0.566461 0
    outer loop
      vertex -12.0833 -8.52001 1.5
      vertex -12.2811 -8.23225 0
      vertex -12.2811 -8.23225 1.5
    endloop
  endfacet
  facet normal 0.824089 0.566461 0
    outer loop
      vertex -12.2811 -8.23225 0
      vertex -12.0833 -8.52001 1.5
      vertex -12.0833 -8.52001 0
    endloop
  endfacet
  facet normal 0.751503 0.65973 0
    outer loop
      vertex -10.9952 -9.88444 1.5
      vertex -11.2256 -9.62199 0
      vertex -11.2256 -9.62199 1.5
    endloop
  endfacet
  facet normal 0.751503 0.65973 0
    outer loop
      vertex -11.2256 -9.62199 0
      vertex -10.9952 -9.88444 1.5
      vertex -10.9952 -9.88444 0
    endloop
  endfacet
  facet normal 0.686043 0.727561 -0
    outer loop
      vertex -10.0136 -10.8777 0
      vertex -10.2677 -10.6381 1.5
      vertex -10.0136 -10.8777 1.5
    endloop
  endfacet
  facet normal 0.686043 0.727561 0
    outer loop
      vertex -10.2677 -10.6381 1.5
      vertex -10.0136 -10.8777 0
      vertex -10.2677 -10.6381 0
    endloop
  endfacet
  facet normal 0.614212 0.789141 -0
    outer loop
      vertex -8.94271 -11.7739 0
      vertex -9.2183 -11.5594 1.5
      vertex -8.94271 -11.7739 1.5
    endloop
  endfacet
  facet normal 0.614212 0.789141 0
    outer loop
      vertex -9.2183 -11.5594 1.5
      vertex -8.94271 -11.7739 0
      vertex -9.2183 -11.5594 0
    endloop
  endfacet
  facet normal 0.650659 0.75937 -0
    outer loop
      vertex -9.48874 -11.3384 0
      vertex -9.7539 -11.1112 1.5
      vertex -9.48874 -11.3384 1.5
    endloop
  endfacet
  facet normal 0.650659 0.75937 0
    outer loop
      vertex -9.7539 -11.1112 1.5
      vertex -9.48874 -11.3384 0
      vertex -9.7539 -11.1112 0
    endloop
  endfacet
  facet normal 0.536931 0.843626 -0
    outer loop
      vertex -7.79203 -12.565 0
      vertex -8.08663 -12.3775 1.5
      vertex -7.79203 -12.565 1.5
    endloop
  endfacet
  facet normal 0.536931 0.843626 0
    outer loop
      vertex -8.08663 -12.3775 1.5
      vertex -7.79203 -12.565 0
      vertex -8.08663 -12.3775 0
    endloop
  endfacet
  facet normal 0.45502 0.890481 -0
    outer loop
      vertex -6.57185 -13.2441 0
      vertex -6.88282 -13.0852 1.5
      vertex -6.57185 -13.2441 1.5
    endloop
  endfacet
  facet normal 0.45502 0.890481 0
    outer loop
      vertex -6.88282 -13.0852 1.5
      vertex -6.57185 -13.2441 0
      vertex -6.88282 -13.0852 0
    endloop
  endfacet
  facet normal 0.434052 0.900888 -0
    outer loop
      vertex -6.2572 -13.3957 0
      vertex -6.57185 -13.2441 1.5
      vertex -6.2572 -13.3957 1.5
    endloop
  endfacet
  facet normal 0.434052 0.900888 0
    outer loop
      vertex -6.57185 -13.2441 1.5
      vertex -6.2572 -13.3957 0
      vertex -6.57185 -13.2441 0
    endloop
  endfacet
  facet normal 0.412368 0.911018 -0
    outer loop
      vertex -5.93907 -13.5397 0
      vertex -6.2572 -13.3957 1.5
      vertex -5.93907 -13.5397 1.5
    endloop
  endfacet
  facet normal 0.412368 0.911018 0
    outer loop
      vertex -6.2572 -13.3957 1.5
      vertex -5.93907 -13.5397 0
      vertex -6.2572 -13.3957 0
    endloop
  endfacet
  facet normal 0.475912 0.879493 -0
    outer loop
      vertex -6.88282 -13.0852 0
      vertex -7.18996 -12.919 1.5
      vertex -6.88282 -13.0852 1.5
    endloop
  endfacet
  facet normal 0.475912 0.879493 0
    outer loop
      vertex -7.18996 -12.919 1.5
      vertex -6.88282 -13.0852 0
      vertex -7.18996 -12.919 0
    endloop
  endfacet
  facet normal 0.496534 0.868017 -0
    outer loop
      vertex -7.18996 -12.919 0
      vertex -7.49309 -12.7456 1.5
      vertex -7.18996 -12.919 1.5
    endloop
  endfacet
  facet normal 0.496534 0.868017 0
    outer loop
      vertex -7.49309 -12.7456 1.5
      vertex -7.18996 -12.919 0
      vertex -7.49309 -12.7456 0
    endloop
  endfacet
  facet normal -0.0707287 0.997496 0
    outer loop
      vertex 1.22093 -14.7345 0
      vertex 0.872583 -14.7592 1.5
      vertex 1.22093 -14.7345 1.5
    endloop
  endfacet
  facet normal -0.0707287 0.997496 0
    outer loop
      vertex 0.872583 -14.7592 1.5
      vertex 1.22093 -14.7345 0
      vertex 0.872583 -14.7592 0
    endloop
  endfacet
  facet normal -0.16465 0.986352 0
    outer loop
      vertex 2.60559 -14.5536 0
      vertex 2.26113 -14.6111 1.5
      vertex 2.60559 -14.5536 1.5
    endloop
  endfacet
  facet normal -0.16465 0.986352 0
    outer loop
      vertex 2.26113 -14.6111 1.5
      vertex 2.60559 -14.5536 0
      vertex 2.26113 -14.6111 0
    endloop
  endfacet
  facet normal -0.141169 0.989986 0
    outer loop
      vertex 2.26113 -14.6111 0
      vertex 1.9154 -14.6604 1.5
      vertex 2.26113 -14.6111 1.5
    endloop
  endfacet
  facet normal -0.141169 0.989986 0
    outer loop
      vertex 1.9154 -14.6604 1.5
      vertex 2.26113 -14.6111 0
      vertex 1.9154 -14.6604 0
    endloop
  endfacet
  facet normal -0.45502 0.890481 0
    outer loop
      vertex 6.88282 -13.0852 0
      vertex 6.57185 -13.2441 1.5
      vertex 6.88282 -13.0852 1.5
    endloop
  endfacet
  facet normal -0.45502 0.890481 0
    outer loop
      vertex 6.57185 -13.2441 1.5
      vertex 6.88282 -13.0852 0
      vertex 6.57185 -13.2441 0
    endloop
  endfacet
  facet normal -0.302373 0.95319 0
    outer loop
      vertex 4.63519 -14.0396 0
      vertex 4.3023 -14.1452 1.5
      vertex 4.63519 -14.0396 1.5
    endloop
  endfacet
  facet normal -0.302373 0.95319 0
    outer loop
      vertex 4.3023 -14.1452 1.5
      vertex 4.63519 -14.0396 0
      vertex 4.3023 -14.1452 0
    endloop
  endfacet
  facet normal -0.346783 0.937946 0
    outer loop
      vertex 5.29304 -13.8051 0
      vertex 4.9655 -13.9262 1.5
      vertex 5.29304 -13.8051 1.5
    endloop
  endfacet
  facet normal -0.346783 0.937946 0
    outer loop
      vertex 4.9655 -13.9262 1.5
      vertex 5.29304 -13.8051 0
      vertex 4.9655 -13.9262 0
    endloop
  endfacet
  facet normal 0.141169 0.989986 -0
    outer loop
      vertex -1.9154 -14.6604 0
      vertex -2.26113 -14.6111 1.5
      vertex -1.9154 -14.6604 1.5
    endloop
  endfacet
  facet normal 0.141169 0.989986 0
    outer loop
      vertex -2.26113 -14.6111 1.5
      vertex -1.9154 -14.6604 0
      vertex -2.26113 -14.6111 0
    endloop
  endfacet
  facet normal 0.0472471 0.998883 -0
    outer loop
      vertex -0.523746 -14.7757 0
      vertex -0.872584 -14.7592 1.5
      vertex -0.523746 -14.7757 1.5
    endloop
  endfacet
  facet normal 0.0472471 0.998883 0
    outer loop
      vertex -0.872584 -14.7592 1.5
      vertex -0.523746 -14.7757 0
      vertex -0.872584 -14.7592 0
    endloop
  endfacet
  facet normal 0.0237666 0.999718 -0
    outer loop
      vertex -0.174615 -14.784 0
      vertex -0.523746 -14.7757 1.5
      vertex -0.174615 -14.784 1.5
    endloop
  endfacet
  facet normal 0.0237666 0.999718 0
    outer loop
      vertex -0.523746 -14.7757 1.5
      vertex -0.174615 -14.784 0
      vertex -0.523746 -14.7757 0
    endloop
  endfacet
  facet normal 0.862052 0.50682 0
    outer loop
      vertex -12.6562 -7.64309 1.5
      vertex -12.8332 -7.34203 0
      vertex -12.8332 -7.34203 1.5
    endloop
  endfacet
  facet normal 0.862052 0.50682 0
    outer loop
      vertex -12.8332 -7.34203 0
      vertex -12.6562 -7.64309 1.5
      vertex -12.6562 -7.64309 0
    endloop
  endfacet
  facet normal 0.849787 0.527126 0
    outer loop
      vertex -12.4721 -7.93988 1.5
      vertex -12.6562 -7.64309 0
      vertex -12.6562 -7.64309 1.5
    endloop
  endfacet
  facet normal 0.849787 0.527126 0
    outer loop
      vertex -12.6562 -7.64309 0
      vertex -12.4721 -7.93988 1.5
      vertex -12.4721 -7.93988 0
    endloop
  endfacet
  facet normal 0.576353 0.817201 -0
    outer loop
      vertex -8.37671 -12.1831 0
      vertex -8.66213 -11.9818 1.5
      vertex -8.37671 -12.1831 1.5
    endloop
  endfacet
  facet normal 0.576353 0.817201 0
    outer loop
      vertex -8.66213 -11.9818 1.5
      vertex -8.37671 -12.1831 0
      vertex -8.66213 -11.9818 0
    endloop
  endfacet
  facet normal 0.556708 0.830709 -0
    outer loop
      vertex -8.08663 -12.3775 0
      vertex -8.37671 -12.1831 1.5
      vertex -8.08663 -12.3775 1.5
    endloop
  endfacet
  facet normal 0.556708 0.830709 0
    outer loop
      vertex -8.37671 -12.1831 1.5
      vertex -8.08663 -12.3775 0
      vertex -8.37671 -12.1831 0
    endloop
  endfacet
  facet normal -0.0942064 0.995553 0
    outer loop
      vertex 1.56861 -14.7016 0
      vertex 1.22093 -14.7345 1.5
      vertex 1.56861 -14.7016 1.5
    endloop
  endfacet
  facet normal -0.0942064 0.995553 0
    outer loop
      vertex 1.22093 -14.7345 1.5
      vertex 1.56861 -14.7016 0
      vertex 1.22093 -14.7345 0
    endloop
  endfacet
  facet normal -0.117974 0.993017 0
    outer loop
      vertex 1.9154 -14.6604 0
      vertex 1.56861 -14.7016 1.5
      vertex 1.9154 -14.6604 1.5
    endloop
  endfacet
  facet normal -0.117974 0.993017 0
    outer loop
      vertex 1.56861 -14.7016 1.5
      vertex 1.9154 -14.6604 0
      vertex 1.56861 -14.7016 0
    endloop
  endfacet
  facet normal -0.211033 0.977479 0
    outer loop
      vertex 3.28997 -14.4143 0
      vertex 2.9486 -14.488 1.5
      vertex 3.28997 -14.4143 1.5
    endloop
  endfacet
  facet normal -0.211033 0.977479 0
    outer loop
      vertex 2.9486 -14.488 1.5
      vertex 3.28997 -14.4143 0
      vertex 2.9486 -14.488 0
    endloop
  endfacet
  facet normal -0.256853 0.96645 0
    outer loop
      vertex 3.96701 -14.2429 0
      vertex 3.6295 -14.3326 1.5
      vertex 3.96701 -14.2429 1.5
    endloop
  endfacet
  facet normal -0.256853 0.96645 0
    outer loop
      vertex 3.6295 -14.3326 1.5
      vertex 3.96701 -14.2429 0
      vertex 3.6295 -14.3326 0
    endloop
  endfacet
  facet normal -0.390859 0.920451 0
    outer loop
      vertex 5.93907 -13.5397 0
      vertex 5.61762 -13.6762 1.5
      vertex 5.93907 -13.5397 1.5
    endloop
  endfacet
  facet normal -0.390859 0.920451 0
    outer loop
      vertex 5.61762 -13.6762 1.5
      vertex 5.93907 -13.5397 0
      vertex 5.61762 -13.6762 0
    endloop
  endfacet
  facet normal -0.233949 0.972249 0
    outer loop
      vertex 3.6295 -14.3326 0
      vertex 3.28997 -14.4143 1.5
      vertex 3.6295 -14.3326 1.5
    endloop
  endfacet
  facet normal -0.233949 0.972249 0
    outer loop
      vertex 3.28997 -14.4143 1.5
      vertex 3.6295 -14.3326 0
      vertex 3.28997 -14.4143 0
    endloop
  endfacet
  facet normal -0.434052 0.900888 0
    outer loop
      vertex 6.57185 -13.2441 0
      vertex 6.2572 -13.3957 1.5
      vertex 6.57185 -13.2441 1.5
    endloop
  endfacet
  facet normal -0.434052 0.900888 0
    outer loop
      vertex 6.2572 -13.3957 1.5
      vertex 6.57185 -13.2441 0
      vertex 6.2572 -13.3957 0
    endloop
  endfacet
  facet normal -0.412368 0.911018 0
    outer loop
      vertex 6.2572 -13.3957 0
      vertex 5.93907 -13.5397 1.5
      vertex 6.2572 -13.3957 1.5
    endloop
  endfacet
  facet normal -0.412368 0.911018 0
    outer loop
      vertex 5.93907 -13.5397 1.5
      vertex 6.2572 -13.3957 0
      vertex 5.93907 -13.5397 0
    endloop
  endfacet
  facet normal -0.49657 0.867997 0
    outer loop
      vertex 7.39797 -12.8 0
      vertex 7.18996 -12.919 1.5
      vertex 7.39797 -12.8 1.5
    endloop
  endfacet
  facet normal -0.49657 0.867997 0
    outer loop
      vertex 7.18996 -12.919 1.5
      vertex 7.39797 -12.8 0
      vertex 7.18996 -12.919 0
    endloop
  endfacet
  facet normal -0.324711 0.945813 0
    outer loop
      vertex 4.9655 -13.9262 0
      vertex 4.63519 -14.0396 1.5
      vertex 4.9655 -13.9262 1.5
    endloop
  endfacet
  facet normal -0.324711 0.945813 0
    outer loop
      vertex 4.63519 -14.0396 1.5
      vertex 4.9655 -13.9262 0
      vertex 4.63519 -14.0396 0
    endloop
  endfacet
  facet normal -0.475912 0.879493 0
    outer loop
      vertex 7.18996 -12.919 0
      vertex 6.88282 -13.0852 1.5
      vertex 7.18996 -12.919 1.5
    endloop
  endfacet
  facet normal -0.475912 0.879493 0
    outer loop
      vertex 6.88282 -13.0852 1.5
      vertex 7.18996 -12.919 0
      vertex 6.88282 -13.0852 0
    endloop
  endfacet
  facet normal 0 1 -0
    outer loop
      vertex 21 -12.8 0
      vertex 7.39797 -12.8 1.5
      vertex 21 -12.8 1.5
    endloop
  endfacet
  facet normal 0 1 0
    outer loop
      vertex 7.39797 -12.8 1.5
      vertex 21 -12.8 0
      vertex 7.39797 -12.8 0
    endloop
  endfacet
  facet normal 0 -1 0
    outer loop
      vertex 7.39797 12.8 0
      vertex 21 12.8 1.5
      vertex 7.39797 12.8 1.5
    endloop
  endfacet
  facet normal 0 -1 -0
    outer loop
      vertex 21 12.8 1.5
      vertex 7.39797 12.8 0
      vertex 21 12.8 0
    endloop
  endfacet
  facet normal 1 -0 0
    outer loop
      vertex -4 -18.75 36
      vertex -4 -16.25 0
      vertex -4 -16.25 36
    endloop
  endfacet
  facet normal 1 0 0
    outer loop
      vertex -4 -16.25 0
      vertex -4 -18.75 36
      vertex -4 -18.75 0
    endloop
  endfacet
  facet normal 0 1 -0
    outer loop
      vertex 21 -18.75 0
      vertex -4 -18.75 36
      vertex 21 -18.75 36
    endloop
  endfacet
  facet normal 0 1 0
    outer loop
      vertex -4 -18.75 36
      vertex 21 -18.75 0
      vertex -4 -18.75 0
    endloop
  endfacet
  facet normal 0 -1 0
    outer loop
      vertex -4 -16.25 0
      vertex 21 -16.25 36
      vertex -4 -16.25 36
    endloop
  endfacet
  facet normal 0 -1 -0
    outer loop
      vertex 21 -16.25 36
      vertex -4 -16.25 0
      vertex 21 -16.25 0
    endloop
  endfacet
  facet normal 0 -1 0
    outer loop
      vertex -4 18.75 0
      vertex 21 18.75 36
      vertex -4 18.75 36
    endloop
  endfacet
  facet normal 0 -1 -0
    outer loop
      vertex 21 18.75 36
      vertex -4 18.75 0
      vertex 21 18.75 0
    endloop
  endfacet
  facet normal 1 -0 0
    outer loop
      vertex -4 16.25 36
      vertex -4 18.75 0
      vertex -4 18.75 36
    endloop
  endfacet
  facet normal 1 0 0
    outer loop
      vertex -4 18.75 0
      vertex -4 16.25 36
      vertex -4 16.25 0
    endloop
  endfacet
  facet normal 0 1 -0
    outer loop
      vertex 21 16.25 0
      vertex -4 16.25 36
      vertex 21 16.25 36
    endloop
  endfacet
  facet normal 0 1 0
    outer loop
      vertex -4 16.25 36
      vertex 21 16.25 0
      vertex -4 16.25 0
    endloop
  endfacet
  facet normal 0 -0.10458 0.994516
    outer loop
      vertex -21 -23.6959 35.9513
      vertex -17.1027 -23.3488 35.9878
      vertex -21 -23.3488 35.9878
    endloop
  endfacet
  facet normal -1.66066e-05 -0.104396 0.994536
    outer loop
      vertex -17.1027 -23.3488 35.9878
      vertex -21 -23.6959 35.9513
      vertex -16.9151 -23.607 35.9607
    endloop
  endfacet
  facet normal 0 -0.105151 0.994456
    outer loop
      vertex -16.9151 -23.607 35.9607
      vertex -21 -23.6959 35.9513
      vertex -16.8293 -23.6959 35.9513
    endloop
  endfacet
  facet normal 0 -0.10458 0.994516
    outer loop
      vertex -12.902 -23.3488 35.9878
      vertex 21 -23.6959 35.9513
      vertex 21 -23.3488 35.9878
    endloop
  endfacet
  facet normal -6.32711e-07 -0.104642 0.99451
    outer loop
      vertex -12.9775 -23.4695 35.9751
      vertex 21 -23.6959 35.9513
      vertex -12.902 -23.3488 35.9878
    endloop
  endfacet
  facet normal 0 -0.104548 0.99452
    outer loop
      vertex 21 -23.6959 35.9513
      vertex -12.9775 -23.4695 35.9751
      vertex -13.1674 -23.6959 35.9513
    endloop
  endfacet
  facet normal 0 -0.173638 0.98481
    outer loop
      vertex -21 -24.0396 35.8907
      vertex -16.8293 -23.6959 35.9513
      vertex -21 -23.6959 35.9513
    endloop
  endfacet
  facet normal -2.93662e-05 -0.173293 0.98487
    outer loop
      vertex -16.8293 -23.6959 35.9513
      vertex -21 -24.0396 35.8907
      vertex -16.6728 -23.8579 35.9228
    endloop
  endfacet
  facet normal 0 -0.173971 0.984751
    outer loop
      vertex -16.6728 -23.8579 35.9228
      vertex -21 -24.0396 35.8907
      vertex -16.4403 -24.0396 35.8907
    endloop
  endfacet
  facet normal 0 -0.173638 0.98481
    outer loop
      vertex -13.1674 -23.6959 35.9513
      vertex 21 -24.0396 35.8907
      vertex 21 -23.6959 35.9513
    endloop
  endfacet
  facet normal -5.77176e-06 -0.174195 0.984711
    outer loop
      vertex -13.2017 -23.7366 35.9441
      vertex 21 -24.0396 35.8907
      vertex -13.1674 -23.6959 35.9513
    endloop
  endfacet
  facet normal 1.25348e-06 -0.173426 0.984847
    outer loop
      vertex -13.4608 -23.97 35.903
      vertex 21 -24.0396 35.8907
      vertex -13.2017 -23.7366 35.9441
    endloop
  endfacet
  facet normal 0 -0.174027 0.984741
    outer loop
      vertex 21 -24.0396 35.8907
      vertex -13.4608 -23.97 35.903
      vertex -13.5639 -24.0396 35.8907
    endloop
  endfacet
  facet normal 0 -0.0349557 0.999389
    outer loop
      vertex -12.7153 -23 36
      vertex 21 -23.3488 35.9878
      vertex 21 -23 36
    endloop
  endfacet
  facet normal -1.45067e-06 -0.0350957 0.999384
    outer loop
      vertex -12.7926 -23.1737 35.9939
      vertex 21 -23.3488 35.9878
      vertex -12.7153 -23 36
    endloop
  endfacet
  facet normal 0 -0.0348161 0.999394
    outer loop
      vertex 21 -23.3488 35.9878
      vertex -12.7926 -23.1737 35.9939
      vertex -12.902 -23.3488 35.9878
    endloop
  endfacet
  facet normal 0 -0.0349557 0.999389
    outer loop
      vertex -21 -23.3488 35.9878
      vertex -17.29 -23 36
      vertex -21 -23 36
    endloop
  endfacet
  facet normal 6.69802e-05 -0.0356672 0.999364
    outer loop
      vertex -17.29 -23 36
      vertex -21 -23.3488 35.9878
      vertex -17.2839 -23.0168 35.9994
    endloop
  endfacet
  facet normal 1.06695e-05 -0.0350377 0.999386
    outer loop
      vertex -17.2839 -23.0168 35.9994
      vertex -21 -23.3488 35.9878
      vertex -17.1201 -23.3248 35.9886
    endloop
  endfacet
  facet normal 0 -0.0333148 0.999445
    outer loop
      vertex -17.1201 -23.3248 35.9886
      vertex -21 -23.3488 35.9878
      vertex -17.1027 -23.3488 35.9878
    endloop
  endfacet
  facet normal 1 0 0
    outer loop
      vertex 21 -27.9969 31.1745
      vertex 21 -18.75 36
      vertex 21 -23 36
    endloop
  endfacet
  facet normal 1 0 0
    outer loop
      vertex 21 -18.75 36
      vertex 21 -27.9969 31.1745
      vertex 21 -18.75 0
    endloop
  endfacet
  facet normal 1 0 0
    outer loop
      vertex 21 -27.9969 31.1745
      vertex 21 -23 36
      vertex 21 -23.3488 35.9878
    endloop
  endfacet
  facet normal 1 -0 0
    outer loop
      vertex 21 -27.9969 4.82552
      vertex 21 -18.75 0
      vertex 21 -27.9969 31.1745
    endloop
  endfacet
  facet normal 1 0 0
    outer loop
      vertex 21 -27.9969 31.1745
      vertex 21 -23.3488 35.9878
      vertex 21 -23.6959 35.9513
    endloop
  endfacet
  facet normal 1 0 0
    outer loop
      vertex 21 -18.75 0
      vertex 21 -27.9969 4.82552
      vertex 21 -23 0
    endloop
  endfacet
  facet normal 1 0 0
    outer loop
      vertex 21 -27.9969 31.1745
      vertex 21 -23.6959 35.9513
      vertex 21 -24.0396 35.8907
    endloop
  endfacet
  facet normal 1 0 0
    outer loop
      vertex 21 -23 0
      vertex 21 -27.9969 4.82552
      vertex 21 -23.3488 0.0121918
    endloop
  endfacet
  facet normal 1 0 0
    outer loop
      vertex 21 -27.9969 31.1745
      vertex 21 -24.0396 35.8907
      vertex 21 -24.3782 35.8063
    endloop
  endfacet
  facet normal 1 0 0
    outer loop
      vertex 21 -23.3488 0.0121918
      vertex 21 -27.9969 4.82552
      vertex 21 -23.6959 0.0486603
    endloop
  endfacet
  facet normal 1 0 0
    outer loop
      vertex 21 -27.9969 31.1745
      vertex 21 -24.3782 35.8063
      vertex 21 -24.7101 35.6985
    endloop
  endfacet
  facet normal 1 0 0
    outer loop
      vertex 21 -23.6959 0.0486603
      vertex 21 -27.9969 4.82552
      vertex 21 -24.0396 0.109268
    endloop
  endfacet
  facet normal 1 0 0
    outer loop
      vertex 21 -27.9969 31.1745
      vertex 21 -24.7101 35.6985
      vertex 21 -25.0337 35.5677
    endloop
  endfacet
  facet normal 1 0 0
    outer loop
      vertex 21 -24.0396 0.109268
      vertex 21 -27.9969 4.82552
      vertex 21 -24.3782 0.193695
    endloop
  endfacet
  facet normal 1 0 0
    outer loop
      vertex 21 -27.9969 31.1745
      vertex 21 -25.0337 35.5677
      vertex 21 -25.3474 35.4147
    endloop
  endfacet
  facet normal 1 0 0
    outer loop
      vertex 21 -24.3782 0.193695
      vertex 21 -27.9969 4.82552
      vertex 21 -24.7101 0.301544
    endloop
  endfacet
  facet normal 1 0 0
    outer loop
      vertex 21 -27.9969 31.1745
      vertex 21 -25.3474 35.4147
      vertex 21 -25.6496 35.2402
    endloop
  endfacet
  facet normal 1 0 0
    outer loop
      vertex 21 -24.7101 0.301544
      vertex 21 -27.9969 4.82552
      vertex 21 -25.0337 0.432281
    endloop
  endfacet
  facet normal 1 0 0
    outer loop
      vertex 21 -27.9969 31.1745
      vertex 21 -25.6496 35.2402
      vertex 21 -25.9389 35.0451
    endloop
  endfacet
  facet normal 1 0 0
    outer loop
      vertex 21 -25.0337 0.432281
      vertex 21 -27.9969 4.82552
      vertex 21 -25.3474 0.585266
    endloop
  endfacet
  facet normal 1 0 0
    outer loop
      vertex 21 -27.9969 31.1745
      vertex 21 -25.9389 35.0451
      vertex 21 -26.2139 34.8302
    endloop
  endfacet
  facet normal 1 0 0
    outer loop
      vertex 21 -25.3474 0.585266
      vertex 21 -27.9969 4.82552
      vertex 21 -25.6496 0.759766
    endloop
  endfacet
  facet normal 1 0 0
    outer loop
      vertex 21 -27.9969 31.1745
      vertex 21 -26.2139 34.8302
      vertex 21 -26.4733 34.5967
    endloop
  endfacet
  facet normal 1 0 0
    outer loop
      vertex 21 -25.6496 0.759766
      vertex 21 -27.9969 4.82552
      vertex 21 -25.9389 0.954926
    endloop
  endfacet
  facet normal 1 0 0
    outer loop
      vertex 21 -27.9969 31.1745
      vertex 21 -26.4733 34.5967
      vertex 21 -26.7157 34.3456
    endloop
  endfacet
  facet normal 1 0 0
    outer loop
      vertex 21 -25.9389 0.954926
      vertex 21 -27.9969 4.82552
      vertex 21 -26.2139 1.16978
    endloop
  endfacet
  facet normal 1 0 0
    outer loop
      vertex 21 -27.9969 31.1745
      vertex 21 -26.7157 34.3456
      vertex 21 -26.94 34.0783
    endloop
  endfacet
  facet normal 1 0 0
    outer loop
      vertex 21 -26.2139 1.16978
      vertex 21 -27.9969 4.82552
      vertex 21 -26.4733 1.40331
    endloop
  endfacet
  facet normal 1 0 0
    outer loop
      vertex 21 -27.9969 31.1745
      vertex 21 -26.94 34.0783
      vertex 21 -27.1452 33.796
    endloop
  endfacet
  facet normal 1 0 0
    outer loop
      vertex 21 -26.4733 1.40331
      vertex 21 -27.9969 4.82552
      vertex 21 -26.7157 1.65436
    endloop
  endfacet
  facet normal 1 0 0
    outer loop
      vertex 21 -27.9969 31.1745
      vertex 21 -27.1452 33.796
      vertex 21 -27.3301 33.5
    endloop
  endfacet
  facet normal 1 0 0
    outer loop
      vertex 21 -26.7157 1.65436
      vertex 21 -27.9969 4.82552
      vertex 21 -26.94 1.92171
    endloop
  endfacet
  facet normal 1 0 0
    outer loop
      vertex 21 -27.9969 31.1745
      vertex 21 -27.3301 33.5
      vertex 21 -27.494 33.1918
    endloop
  endfacet
  facet normal 1 0 0
    outer loop
      vertex 21 -26.94 1.92171
      vertex 21 -27.9969 4.82552
      vertex 21 -27.1452 2.20404
    endloop
  endfacet
  facet normal 1 0 0
    outer loop
      vertex 21 -27.9969 31.1745
      vertex 21 -27.494 33.1918
      vertex 21 -27.6359 32.873
    endloop
  endfacet
  facet normal 1 0 0
    outer loop
      vertex 21 -27.1452 2.20404
      vertex 21 -27.9969 4.82552
      vertex 21 -27.3301 2.5
    endloop
  endfacet
  facet normal 1 0 0
    outer loop
      vertex 21 -27.9969 31.1745
      vertex 21 -27.6359 32.873
      vertex 21 -27.7553 32.5451
    endloop
  endfacet
  facet normal 1 0 0
    outer loop
      vertex 21 -27.3301 2.5
      vertex 21 -27.9969 4.82552
      vertex 21 -27.494 2.80815
    endloop
  endfacet
  facet normal 1 0 0
    outer loop
      vertex 21 -27.9969 31.1745
      vertex 21 -27.7553 32.5451
      vertex 21 -27.8515 32.2096
    endloop
  endfacet
  facet normal 1 0 0
    outer loop
      vertex 21 -27.494 2.80815
      vertex 21 -27.9969 4.82552
      vertex 21 -27.6359 3.12697
    endloop
  endfacet
  facet normal 1 0 0
    outer loop
      vertex 21 -27.9969 31.1745
      vertex 21 -27.8515 32.2096
      vertex 21 -27.924 31.8682
    endloop
  endfacet
  facet normal 1 0 0
    outer loop
      vertex 21 -27.6359 3.12697
      vertex 21 -27.9969 4.82552
      vertex 21 -27.7553 3.45493
    endloop
  endfacet
  facet normal 1 0 0
    outer loop
      vertex 21 -27.9969 31.1745
      vertex 21 -27.924 31.8682
      vertex 21 -27.9726 31.5226
    endloop
  endfacet
  facet normal 1 0 0
    outer loop
      vertex 21 -27.7553 3.45493
      vertex 21 -27.9969 4.82552
      vertex 21 -27.8515 3.79041
    endloop
  endfacet
  facet normal 1 0 0
    outer loop
      vertex 21 -27.8515 3.79041
      vertex 21 -27.9969 4.82552
      vertex 21 -27.924 4.13176
    endloop
  endfacet
  facet normal 1 0 0
    outer loop
      vertex 21 -27.924 4.13176
      vertex 21 -27.9969 4.82552
      vertex 21 -27.9726 4.47737
    endloop
  endfacet
  facet normal 1 0 0
    outer loop
      vertex 21 23 36
      vertex 21 27.9969 31.1745
      vertex 21 27.9726 31.5226
    endloop
  endfacet
  facet normal 1 0 0
    outer loop
      vertex 21 27.9969 31.1745
      vertex 21 18.75 36
      vertex 21 27.9969 4.82552
    endloop
  endfacet
  facet normal 1 0 0
    outer loop
      vertex 21 23 36
      vertex 21 27.9726 31.5226
      vertex 21 27.924 31.8682
    endloop
  endfacet
  facet normal 1 0 0
    outer loop
      vertex 21 18.75 0
      vertex 21 27.9969 4.82552
      vertex 21 18.75 36
    endloop
  endfacet
  facet normal 1 0 0
    outer loop
      vertex 21 23 36
      vertex 21 27.924 31.8682
      vertex 21 27.8515 32.2096
    endloop
  endfacet
  facet normal 1 0 -0
    outer loop
      vertex 21 23 0
      vertex 21 27.9969 4.82552
      vertex 21 18.75 0
    endloop
  endfacet
  facet normal 1 0 0
    outer loop
      vertex 21 23 36
      vertex 21 27.8515 32.2096
      vertex 21 27.7553 32.5451
    endloop
  endfacet
  facet normal 1 0 0
    outer loop
      vertex 21 27.9969 4.82552
      vertex 21 23 0
      vertex 21 27.9726 4.47737
    endloop
  endfacet
  facet normal 1 0 0
    outer loop
      vertex 21 23 36
      vertex 21 27.7553 32.5451
      vertex 21 27.6359 32.873
    endloop
  endfacet
  facet normal 1 0 0
    outer loop
      vertex 21 27.9726 4.47737
      vertex 21 23 0
      vertex 21 27.924 4.13176
    endloop
  endfacet
  facet normal 1 0 0
    outer loop
      vertex 21 23 36
      vertex 21 27.6359 32.873
      vertex 21 27.494 33.1918
    endloop
  endfacet
  facet normal 1 0 0
    outer loop
      vertex 21 27.924 4.13176
      vertex 21 23 0
      vertex 21 27.8515 3.79041
    endloop
  endfacet
  facet normal 1 0 0
    outer loop
      vertex 21 23 36
      vertex 21 27.494 33.1918
      vertex 21 27.3301 33.5
    endloop
  endfacet
  facet normal 1 0 0
    outer loop
      vertex 21 27.8515 3.79041
      vertex 21 23 0
      vertex 21 27.7553 3.45493
    endloop
  endfacet
  facet normal 1 0 0
    outer loop
      vertex 21 23 36
      vertex 21 27.3301 33.5
      vertex 21 27.1452 33.796
    endloop
  endfacet
  facet normal 1 0 0
    outer loop
      vertex 21 27.7553 3.45493
      vertex 21 23 0
      vertex 21 27.6359 3.12697
    endloop
  endfacet
  facet normal 1 0 0
    outer loop
      vertex 21 23 36
      vertex 21 27.1452 33.796
      vertex 21 26.94 34.0783
    endloop
  endfacet
  facet normal 1 0 0
    outer loop
      vertex 21 27.6359 3.12697
      vertex 21 23 0
      vertex 21 27.494 2.80815
    endloop
  endfacet
  facet normal 1 0 0
    outer loop
      vertex 21 23 36
      vertex 21 26.94 34.0783
      vertex 21 26.7157 34.3456
    endloop
  endfacet
  facet normal 1 0 0
    outer loop
      vertex 21 27.494 2.80815
      vertex 21 23 0
      vertex 21 27.3301 2.5
    endloop
  endfacet
  facet normal 1 0 0
    outer loop
      vertex 21 23 36
      vertex 21 26.7157 34.3456
      vertex 21 26.4733 34.5967
    endloop
  endfacet
  facet normal 1 0 0
    outer loop
      vertex 21 27.3301 2.5
      vertex 21 23 0
      vertex 21 27.1452 2.20404
    endloop
  endfacet
  facet normal 1 0 0
    outer loop
      vertex 21 23 36
      vertex 21 26.4733 34.5967
      vertex 21 26.2139 34.8302
    endloop
  endfacet
  facet normal 1 0 0
    outer loop
      vertex 21 27.1452 2.20404
      vertex 21 23 0
      vertex 21 26.94 1.92171
    endloop
  endfacet
  facet normal 1 0 0
    outer loop
      vertex 21 23 36
      vertex 21 26.2139 34.8302
      vertex 21 25.9389 35.0451
    endloop
  endfacet
  facet normal 1 0 0
    outer loop
      vertex 21 26.94 1.92171
      vertex 21 23 0
      vertex 21 26.7157 1.65436
    endloop
  endfacet
  facet normal 1 0 0
    outer loop
      vertex 21 23 36
      vertex 21 25.9389 35.0451
      vertex 21 25.6496 35.2402
    endloop
  endfacet
  facet normal 1 0 0
    outer loop
      vertex 21 26.7157 1.65436
      vertex 21 23 0
      vertex 21 26.4733 1.40331
    endloop
  endfacet
  facet normal 1 0 0
    outer loop
      vertex 21 23 36
      vertex 21 25.6496 35.2402
      vertex 21 25.3474 35.4147
    endloop
  endfacet
  facet normal 1 0 0
    outer loop
      vertex 21 26.4733 1.40331
      vertex 21 23 0
      vertex 21 26.2139 1.16978
    endloop
  endfacet
  facet normal 1 0 0
    outer loop
      vertex 21 23 36
      vertex 21 25.3474 35.4147
      vertex 21 25.0337 35.5677
    endloop
  endfacet
  facet normal 1 0 0
    outer loop
      vertex 21 26.2139 1.16978
      vertex 21 23 0
      vertex 21 25.9389 0.954926
    endloop
  endfacet
  facet normal 1 0 0
    outer loop
      vertex 21 23 36
      vertex 21 25.0337 35.5677
      vertex 21 24.7101 35.6985
    endloop
  endfacet
  facet normal 1 0 0
    outer loop
      vertex 21 27.9969 31.1745
      vertex 21 23 36
      vertex 21 18.75 36
    endloop
  endfacet
  facet normal 1 0 0
    outer loop
      vertex 21 23 36
      vertex 21 24.7101 35.6985
      vertex 21 24.3782 35.8063
    endloop
  endfacet
  facet normal 1 0 0
    outer loop
      vertex 21 25.9389 0.954926
      vertex 21 23 0
      vertex 21 25.6496 0.759766
    endloop
  endfacet
  facet normal 1 0 0
    outer loop
      vertex 21 23 36
      vertex 21 24.3782 35.8063
      vertex 21 24.0396 35.8907
    endloop
  endfacet
  facet normal 1 0 0
    outer loop
      vertex 21 25.0337 0.432281
      vertex 21 23 0
      vertex 21 24.7101 0.301544
    endloop
  endfacet
  facet normal 1 0 0
    outer loop
      vertex 21 23 36
      vertex 21 24.0396 35.8907
      vertex 21 23.6959 35.9513
    endloop
  endfacet
  facet normal 1 0 0
    outer loop
      vertex 21 24.7101 0.301544
      vertex 21 23 0
      vertex 21 24.3782 0.193695
    endloop
  endfacet
  facet normal 1 0 0
    outer loop
      vertex 21 23 36
      vertex 21 23.6959 35.9513
      vertex 21 23.3488 35.9878
    endloop
  endfacet
  facet normal 1 0 0
    outer loop
      vertex 21 24.3782 0.193695
      vertex 21 23 0
      vertex 21 24.0396 0.109268
    endloop
  endfacet
  facet normal 1 0 0
    outer loop
      vertex 21 24.0396 0.109268
      vertex 21 23 0
      vertex 21 23.6959 0.0486603
    endloop
  endfacet
  facet normal 1 0 0
    outer loop
      vertex 21 23.6959 0.0486603
      vertex 21 23 0
      vertex 21 23.3488 0.0121918
    endloop
  endfacet
  facet normal 1 0 0
    outer loop
      vertex 21 25.6496 0.759766
      vertex 21 23 0
      vertex 21 25.3474 0.585266
    endloop
  endfacet
  facet normal 1 0 0
    outer loop
      vertex 21 25.3474 0.585266
      vertex 21 23 0
      vertex 21 25.0337 0.432281
    endloop
  endfacet
  facet normal 1 0 0
    outer loop
      vertex 21 16.25 36
      vertex 21 12.8 1.5
      vertex 21 16.25 0
    endloop
  endfacet
  facet normal 1 -0 0
    outer loop
      vertex 21 11.6 36
      vertex 21 12.8 1.5
      vertex 21 16.25 36
    endloop
  endfacet
  facet normal 1 0 0
    outer loop
      vertex 21 12.8 1.5
      vertex 21 11.6 36
      vertex 21 11.6 1.5
    endloop
  endfacet
  facet normal 1 0 0
    outer loop
      vertex 21 16.25 0
      vertex 21 12.8 1.5
      vertex 21 12.8 0
    endloop
  endfacet
  facet normal 1 0 0
    outer loop
      vertex 21 -11.6 36
      vertex 21 -12.8 1.5
      vertex 21 -11.6 1.5
    endloop
  endfacet
  facet normal 1 -0 0
    outer loop
      vertex 21 -16.25 36
      vertex 21 -12.8 1.5
      vertex 21 -11.6 36
    endloop
  endfacet
  facet normal 1 0 0
    outer loop
      vertex 21 -16.25 0
      vertex 21 -12.8 1.5
      vertex 21 -16.25 36
    endloop
  endfacet
  facet normal 1 0 0
    outer loop
      vertex 21 -12.8 1.5
      vertex 21 -16.25 0
      vertex 21 -12.8 0
    endloop
  endfacet
  facet normal -0 0 -1
    outer loop
      vertex -17.4757 -22.3479 0
      vertex -21 -23 0
      vertex -17.5 -22 0
    endloop
  endfacet
  facet normal -0 0 -1
    outer loop
      vertex -17.4032 -22.6891 0
      vertex -21 -23 0
      vertex -17.4757 -22.3479 0
    endloop
  endfacet
  facet normal 0 0 -1
    outer loop
      vertex -21 -23 0
      vertex -17.4032 -22.6891 0
      vertex -17.29 -23 0
    endloop
  endfacet
  facet normal 0 0 -1
    outer loop
      vertex 21 -23 0
      vertex -4 -18.75 0
      vertex 21 -18.75 0
    endloop
  endfacet
  facet normal 0 0 -1
    outer loop
      vertex -6.57185 -13.2441 0
      vertex -4 -16.25 0
      vertex -4 -18.75 0
    endloop
  endfacet
  facet normal 0 0 -1
    outer loop
      vertex -4 -16.25 0
      vertex -4.63519 -14.0396 0
      vertex -4.3023 -14.1452 0
    endloop
  endfacet
  facet normal 0 0 -1
    outer loop
      vertex -4 -16.25 0
      vertex -4.9655 -13.9262 0
      vertex -4.63519 -14.0396 0
    endloop
  endfacet
  facet normal 0 0 -1
    outer loop
      vertex -4 -16.25 0
      vertex -5.29304 -13.8051 0
      vertex -4.9655 -13.9262 0
    endloop
  endfacet
  facet normal 0 0 -1
    outer loop
      vertex -4 -16.25 0
      vertex -5.61762 -13.6762 0
      vertex -5.29304 -13.8051 0
    endloop
  endfacet
  facet normal 0 0 -1
    outer loop
      vertex -4 -16.25 0
      vertex -5.93907 -13.5397 0
      vertex -5.61762 -13.6762 0
    endloop
  endfacet
  facet normal 0 0 -1
    outer loop
      vertex -4 -16.25 0
      vertex -6.2572 -13.3957 0
      vertex -5.93907 -13.5397 0
    endloop
  endfacet
  facet normal 0 0 -1
    outer loop
      vertex -4 -16.25 0
      vertex -6.57185 -13.2441 0
      vertex -6.2572 -13.3957 0
    endloop
  endfacet
  facet normal 0 0 -1
    outer loop
      vertex -12.9775 -20.5305 0
      vertex -6.57185 -13.2441 0
      vertex -4 -18.75 0
    endloop
  endfacet
  facet normal -0 0 -1
    outer loop
      vertex -6.57185 -13.2441 0
      vertex -12.9775 -20.5305 0
      vertex -6.88282 -13.0852 0
    endloop
  endfacet
  facet normal -0 0 -1
    outer loop
      vertex -6.88282 -13.0852 0
      vertex -12.9775 -20.5305 0
      vertex -7.18996 -12.919 0
    endloop
  endfacet
  facet normal 0 0 -1
    outer loop
      vertex -13.2017 -20.2634 0
      vertex -7.18996 -12.919 0
      vertex -12.9775 -20.5305 0
    endloop
  endfacet
  facet normal -0 0 -1
    outer loop
      vertex -7.18996 -12.919 0
      vertex -13.2017 -20.2634 0
      vertex -7.49309 -12.7456 0
    endloop
  endfacet
  facet normal -0 0 -1
    outer loop
      vertex -7.49309 -12.7456 0
      vertex -13.2017 -20.2634 0
      vertex -7.79203 -12.565 0
    endloop
  endfacet
  facet normal 0 0 -1
    outer loop
      vertex -13.4608 -20.03 0
      vertex -7.79203 -12.565 0
      vertex -13.2017 -20.2634 0
    endloop
  endfacet
  facet normal -0 0 -1
    outer loop
      vertex -7.79203 -12.565 0
      vertex -13.4608 -20.03 0
      vertex -8.08663 -12.3775 0
    endloop
  endfacet
  facet normal -0 0 -1
    outer loop
      vertex -8.08663 -12.3775 0
      vertex -13.4608 -20.03 0
      vertex -8.37671 -12.1831 0
    endloop
  endfacet
  facet normal -0 0 -1
    outer loop
      vertex -8.37671 -12.1831 0
      vertex -13.75 -19.8349 0
      vertex -8.66213 -11.9818 0
    endloop
  endfacet
  facet normal -0 0 -1
    outer loop
      vertex -8.66213 -11.9818 0
      vertex -13.75 -19.8349 0
      vertex -8.94271 -11.7739 0
    endloop
  endfacet
  facet normal 0 0 -1
    outer loop
      vertex -14.0635 -19.682 0
      vertex -8.94271 -11.7739 0
      vertex -13.75 -19.8349 0
    endloop
  endfacet
  facet normal -0 0 -1
    outer loop
      vertex -8.94271 -11.7739 0
      vertex -14.0635 -19.682 0
      vertex -9.2183 -11.5594 0
    endloop
  endfacet
  facet normal -0 0 -1
    outer loop
      vertex -9.2183 -11.5594 0
      vertex -14.0635 -19.682 0
      vertex -9.48874 -11.3384 0
    endloop
  endfacet
  facet normal 0 0 -1
    outer loop
      vertex -14.3952 -19.5743 0
      vertex -9.48874 -11.3384 0
      vertex -14.0635 -19.682 0
    endloop
  endfacet
  facet normal -0 0 -1
    outer loop
      vertex -9.48874 -11.3384 0
      vertex -14.3952 -19.5743 0
      vertex -9.7539 -11.1112 0
    endloop
  endfacet
  facet normal -0 0 -1
    outer loop
      vertex -9.7539 -11.1112 0
      vertex -14.3952 -19.5743 0
      vertex -10.0136 -10.8777 0
    endloop
  endfacet
  facet normal 0 0 -1
    outer loop
      vertex -14.7387 -19.5137 0
      vertex -10.2677 -10.6381 0
      vertex -14.3952 -19.5743 0
    endloop
  endfacet
  facet normal -0 0 -1
    outer loop
      vertex -10.2677 -10.6381 0
      vertex -14.7387 -19.5137 0
      vertex -10.5161 -10.3927 0
    endloop
  endfacet
  facet normal 0 0 -1
    outer loop
      vertex -12.9775 -20.5305 0
      vertex -4 -18.75 0
      vertex -12.7926 -20.8263 0
    endloop
  endfacet
  facet normal 0 0 -1
    outer loop
      vertex -12.7926 -20.8263 0
      vertex -4 -18.75 0
      vertex -12.6508 -21.1449 0
    endloop
  endfacet
  facet normal 0 0 -1
    outer loop
      vertex -12.6508 -21.1449 0
      vertex -4 -18.75 0
      vertex -12.5546 -21.4802 0
    endloop
  endfacet
  facet normal 0 0 -1
    outer loop
      vertex -12.5546 -21.4802 0
      vertex -4 -18.75 0
      vertex -12.5061 -21.8256 0
    endloop
  endfacet
  facet normal 0 0 -1
    outer loop
      vertex -12.5061 -21.8256 0
      vertex -4 -18.75 0
      vertex -12.5061 -22.1744 0
    endloop
  endfacet
  facet normal 0 0 -1
    outer loop
      vertex -12.7153 -23 0
      vertex -4 -18.75 0
      vertex 21 -23 0
    endloop
  endfacet
  facet normal 0 0 -1
    outer loop
      vertex -4 -18.75 0
      vertex -12.5546 -22.5198 0
      vertex -12.5061 -22.1744 0
    endloop
  endfacet
  facet normal 0 0 -1
    outer loop
      vertex -4 -18.75 0
      vertex -12.6508 -22.855 0
      vertex -12.5546 -22.5198 0
    endloop
  endfacet
  facet normal 0 0 -1
    outer loop
      vertex -4 -18.75 0
      vertex -12.7153 -23 0
      vertex -12.6508 -22.855 0
    endloop
  endfacet
  facet normal 0 0 -1
    outer loop
      vertex 21 -16.25 0
      vertex 7.39797 -12.8 0
      vertex 21 -12.8 0
    endloop
  endfacet
  facet normal 0 0 -1
    outer loop
      vertex 21 -16.25 0
      vertex 7.18996 -12.919 0
      vertex 7.39797 -12.8 0
    endloop
  endfacet
  facet normal 0 0 -1
    outer loop
      vertex 21 -16.25 0
      vertex 6.88282 -13.0852 0
      vertex 7.18996 -12.919 0
    endloop
  endfacet
  facet normal 0 0 -1
    outer loop
      vertex 21 -16.25 0
      vertex 6.57185 -13.2441 0
      vertex 6.88282 -13.0852 0
    endloop
  endfacet
  facet normal 0 0 -1
    outer loop
      vertex 21 -16.25 0
      vertex 6.2572 -13.3957 0
      vertex 6.57185 -13.2441 0
    endloop
  endfacet
  facet normal 0 0 -1
    outer loop
      vertex 21 -16.25 0
      vertex 5.93907 -13.5397 0
      vertex 6.2572 -13.3957 0
    endloop
  endfacet
  facet normal 0 0 -1
    outer loop
      vertex 21 -16.25 0
      vertex 5.61762 -13.6762 0
      vertex 5.93907 -13.5397 0
    endloop
  endfacet
  facet normal 0 0 -1
    outer loop
      vertex 21 -16.25 0
      vertex 5.29304 -13.8051 0
      vertex 5.61762 -13.6762 0
    endloop
  endfacet
  facet normal 0 0 -1
    outer loop
      vertex 21 -16.25 0
      vertex 4.9655 -13.9262 0
      vertex 5.29304 -13.8051 0
    endloop
  endfacet
  facet normal 0 0 -1
    outer loop
      vertex 21 -16.25 0
      vertex 4.63519 -14.0396 0
      vertex 4.9655 -13.9262 0
    endloop
  endfacet
  facet normal 0 0 -1
    outer loop
      vertex 21 -16.25 0
      vertex 4.3023 -14.1452 0
      vertex 4.63519 -14.0396 0
    endloop
  endfacet
  facet normal 0 0 -1
    outer loop
      vertex 21 -16.25 0
      vertex 3.96701 -14.2429 0
      vertex 4.3023 -14.1452 0
    endloop
  endfacet
  facet normal 0 0 -1
    outer loop
      vertex 21 -16.25 0
      vertex 3.6295 -14.3326 0
      vertex 3.96701 -14.2429 0
    endloop
  endfacet
  facet normal 0 0 -1
    outer loop
      vertex 21 -16.25 0
      vertex 3.28997 -14.4143 0
      vertex 3.6295 -14.3326 0
    endloop
  endfacet
  facet normal 0 0 -1
    outer loop
      vertex 21 -16.25 0
      vertex 2.9486 -14.488 0
      vertex 3.28997 -14.4143 0
    endloop
  endfacet
  facet normal 0 0 -1
    outer loop
      vertex 21 -16.25 0
      vertex 2.60559 -14.5536 0
      vertex 2.9486 -14.488 0
    endloop
  endfacet
  facet normal 0 0 -1
    outer loop
      vertex 21 -16.25 0
      vertex 2.26113 -14.6111 0
      vertex 2.60559 -14.5536 0
    endloop
  endfacet
  facet normal 0 0 -1
    outer loop
      vertex -4 -16.25 0
      vertex 2.26113 -14.6111 0
      vertex 21 -16.25 0
    endloop
  endfacet
  facet normal 0 0 -1
    outer loop
      vertex 2.26113 -14.6111 0
      vertex -4 -16.25 0
      vertex 1.9154 -14.6604 0
    endloop
  endfacet
  facet normal 0 0 -1
    outer loop
      vertex 1.9154 -14.6604 0
      vertex -4 -16.25 0
      vertex 1.56861 -14.7016 0
    endloop
  endfacet
  facet normal 0 0 -1
    outer loop
      vertex 1.56861 -14.7016 0
      vertex -4 -16.25 0
      vertex 1.22093 -14.7345 0
    endloop
  endfacet
  facet normal 0 0 -1
    outer loop
      vertex 1.22093 -14.7345 0
      vertex -4 -16.25 0
      vertex 0.872583 -14.7592 0
    endloop
  endfacet
  facet normal 0 0 -1
    outer loop
      vertex 0.872583 -14.7592 0
      vertex -4 -16.25 0
      vertex 0.523745 -14.7757 0
    endloop
  endfacet
  facet normal 0 0 -1
    outer loop
      vertex 0.523745 -14.7757 0
      vertex -4 -16.25 0
      vertex 0.174614 -14.784 0
    endloop
  endfacet
  facet normal -0 0 -1
    outer loop
      vertex 0.174614 -14.784 0
      vertex -4 -16.25 0
      vertex -0.174615 -14.784 0
    endloop
  endfacet
  facet normal -0 0 -1
    outer loop
      vertex -0.174615 -14.784 0
      vertex -4 -16.25 0
      vertex -0.523746 -14.7757 0
    endloop
  endfacet
  facet normal -0 0 -1
    outer loop
      vertex -0.523746 -14.7757 0
      vertex -4 -16.25 0
      vertex -0.872584 -14.7592 0
    endloop
  endfacet
  facet normal 0 0 -1
    outer loop
      vertex -4 -16.25 0
      vertex -1.22094 -14.7345 0
      vertex -0.872584 -14.7592 0
    endloop
  endfacet
  facet normal 0 0 -1
    outer loop
      vertex -4 -16.25 0
      vertex -1.56861 -14.7016 0
      vertex -1.22094 -14.7345 0
    endloop
  endfacet
  facet normal 0 0 -1
    outer loop
      vertex -4 -16.25 0
      vertex -1.9154 -14.6604 0
      vertex -1.56861 -14.7016 0
    endloop
  endfacet
  facet normal 0 0 -1
    outer loop
      vertex -4 -16.25 0
      vertex -2.26113 -14.6111 0
      vertex -1.9154 -14.6604 0
    endloop
  endfacet
  facet normal 0 0 -1
    outer loop
      vertex -4 -16.25 0
      vertex -2.60559 -14.5536 0
      vertex -2.26113 -14.6111 0
    endloop
  endfacet
  facet normal 0 0 -1
    outer loop
      vertex -4 -16.25 0
      vertex -2.94861 -14.488 0
      vertex -2.60559 -14.5536 0
    endloop
  endfacet
  facet normal 0 0 -1
    outer loop
      vertex -4 -16.25 0
      vertex -3.28997 -14.4143 0
      vertex -2.94861 -14.488 0
    endloop
  endfacet
  facet normal 0 0 -1
    outer loop
      vertex -4 -16.25 0
      vertex -3.6295 -14.3326 0
      vertex -3.28997 -14.4143 0
    endloop
  endfacet
  facet normal 0 0 -1
    outer loop
      vertex -4 -16.25 0
      vertex -3.96701 -14.2429 0
      vertex -3.6295 -14.3326 0
    endloop
  endfacet
  facet normal -0 0 -1
    outer loop
      vertex -3.96701 -14.2429 0
      vertex -4 -16.25 0
      vertex -4.3023 -14.1452 0
    endloop
  endfacet
  facet normal 0 0 -1
    outer loop
      vertex -13.75 -19.8349 0
      vertex -8.37671 -12.1831 0
      vertex -13.4608 -20.03 0
    endloop
  endfacet
  facet normal -0 0 -1
    outer loop
      vertex -10.0136 -10.8777 0
      vertex -14.3952 -19.5743 0
      vertex -10.2677 -10.6381 0
    endloop
  endfacet
  facet normal -0 0 -1
    outer loop
      vertex -10.5161 -10.3927 0
      vertex -14.7387 -19.5137 0
      vertex -10.7587 -10.1414 0
    endloop
  endfacet
  facet normal 0 0 -1
    outer loop
      vertex -15.0872 -19.5015 0
      vertex -10.7587 -10.1414 0
      vertex -14.7387 -19.5137 0
    endloop
  endfacet
  facet normal -0 0 -1
    outer loop
      vertex -10.7587 -10.1414 0
      vertex -15.0872 -19.5015 0
      vertex -10.9952 -9.88444 0
    endloop
  endfacet
  facet normal -0 0 -1
    outer loop
      vertex -10.9952 -9.88444 0
      vertex -15.0872 -19.5015 0
      vertex -11.2256 -9.62199 0
    endloop
  endfacet
  facet normal 0 0 -1
    outer loop
      vertex -15.4341 -19.538 0
      vertex -11.2256 -9.62199 0
      vertex -15.0872 -19.5015 0
    endloop
  endfacet
  facet normal -0 0 -1
    outer loop
      vertex -11.2256 -9.62199 0
      vertex -15.4341 -19.538 0
      vertex -11.4497 -9.35417 0
    endloop
  endfacet
  facet normal -0 0 -1
    outer loop
      vertex -11.4497 -9.35417 0
      vertex -15.4341 -19.538 0
      vertex -11.6674 -9.08113 0
    endloop
  endfacet
  facet normal -0 0 -1
    outer loop
      vertex -11.6674 -9.08113 0
      vertex -15.4341 -19.538 0
      vertex -11.8787 -8.80303 0
    endloop
  endfacet
  facet normal 0 0 -1
    outer loop
      vertex -15.7725 -19.6224 0
      vertex -11.8787 -8.80303 0
      vertex -15.4341 -19.538 0
    endloop
  endfacet
  facet normal -0 0 -1
    outer loop
      vertex -11.8787 -8.80303 0
      vertex -15.7725 -19.6224 0
      vertex -12.0833 -8.52001 0
    endloop
  endfacet
  facet normal -0 0 -1
    outer loop
      vertex -12.0833 -8.52001 0
      vertex -15.7725 -19.6224 0
      vertex -12.2811 -8.23225 0
    endloop
  endfacet
  facet normal 0 0 -1
    outer loop
      vertex -16.0959 -19.753 0
      vertex -12.2811 -8.23225 0
      vertex -15.7725 -19.6224 0
    endloop
  endfacet
  facet normal -0 0 -1
    outer loop
      vertex -12.2811 -8.23225 0
      vertex -16.0959 -19.753 0
      vertex -12.4721 -7.93988 0
    endloop
  endfacet
  facet normal -0 0 -1
    outer loop
      vertex -12.4721 -7.93988 0
      vertex -16.0959 -19.753 0
      vertex -12.6562 -7.64309 0
    endloop
  endfacet
  facet normal -0 0 -1
    outer loop
      vertex -12.6562 -7.64309 0
      vertex -16.0959 -19.753 0
      vertex -12.8332 -7.34203 0
    endloop
  endfacet
  facet normal 0 0 -1
    outer loop
      vertex -16.398 -19.9274 0
      vertex -12.8332 -7.34203 0
      vertex -16.0959 -19.753 0
    endloop
  endfacet
  facet normal -0 0 -1
    outer loop
      vertex -12.8332 -7.34203 0
      vertex -16.398 -19.9274 0
      vertex -13.003 -7.03688 0
    endloop
  endfacet
  facet normal -0 0 -1
    outer loop
      vertex -13.003 -7.03688 0
      vertex -16.398 -19.9274 0
      vertex -13.1656 -6.7278 0
    endloop
  endfacet
  facet normal -0 0 -1
    outer loop
      vertex -13.1656 -6.7278 0
      vertex -16.398 -19.9274 0
      vertex -13.3208 -6.41497 0
    endloop
  endfacet
  facet normal 0 0 -1
    outer loop
      vertex -16.6728 -20.1421 0
      vertex -13.3208 -6.41497 0
      vertex -16.398 -19.9274 0
    endloop
  endfacet
  facet normal -0 0 -1
    outer loop
      vertex -13.3208 -6.41497 0
      vertex -16.6728 -20.1421 0
      vertex -13.4686 -6.09856 0
    endloop
  endfacet
  facet normal -0 0 -1
    outer loop
      vertex -13.4686 -6.09856 0
      vertex -16.6728 -20.1421 0
      vertex -13.6089 -5.77874 0
    endloop
  endfacet
  facet normal -0 0 -1
    outer loop
      vertex -13.6089 -5.77874 0
      vertex -16.6728 -20.1421 0
      vertex -13.7416 -5.45571 0
    endloop
  endfacet
  facet normal 0 0 -1
    outer loop
      vertex -21 -23 0
      vertex -13.7416 -5.45571 0
      vertex -16.6728 -20.1421 0
    endloop
  endfacet
  facet normal -0 0 -1
    outer loop
      vertex -13.7416 -5.45571 0
      vertex -21 -23 0
      vertex -13.8666 -5.12963 0
    endloop
  endfacet
  facet normal -0 0 -1
    outer loop
      vertex -13.8666 -5.12963 0
      vertex -21 -23 0
      vertex -13.9839 -4.80068 0
    endloop
  endfacet
  facet normal -0 0 -1
    outer loop
      vertex -13.9839 -4.80068 0
      vertex -21 -23 0
      vertex -14.0934 -4.46906 0
    endloop
  endfacet
  facet normal -0 0 -1
    outer loop
      vertex -14.0934 -4.46906 0
      vertex -21 -23 0
      vertex -14.195 -4.13494 0
    endloop
  endfacet
  facet normal -0 0 -1
    outer loop
      vertex -14.195 -4.13494 0
      vertex -21 -23 0
      vertex -14.2887 -3.79852 0
    endloop
  endfacet
  facet normal -0 0 -1
    outer loop
      vertex -14.2887 -3.79852 0
      vertex -21 -23 0
      vertex -14.3744 -3.45998 0
    endloop
  endfacet
  facet normal -0 0 -1
    outer loop
      vertex -14.3744 -3.45998 0
      vertex -21 -23 0
      vertex -14.4522 -3.11951 0
    endloop
  endfacet
  facet normal -0 0 -1
    outer loop
      vertex -14.4522 -3.11951 0
      vertex -21 -23 0
      vertex -14.5218 -2.77729 0
    endloop
  endfacet
  facet normal -0 0 -1
    outer loop
      vertex -14.5218 -2.77729 0
      vertex -21 -23 0
      vertex -14.5834 -2.43353 0
    endloop
  endfacet
  facet normal -0 0 -1
    outer loop
      vertex -14.5834 -2.43353 0
      vertex -21 -23 0
      vertex -14.6368 -2.08841 0
    endloop
  endfacet
  facet normal 0 0 -1
    outer loop
      vertex 7.39797 12.8 0
      vertex 21 16.25 0
      vertex 21 12.8 0
    endloop
  endfacet
  facet normal 0 0 -1
    outer loop
      vertex 7.18996 12.919 0
      vertex 21 16.25 0
      vertex 7.39797 12.8 0
    endloop
  endfacet
  facet normal 0 0 -1
    outer loop
      vertex 6.88282 13.0852 0
      vertex 21 16.25 0
      vertex 7.18996 12.919 0
    endloop
  endfacet
  facet normal 0 0 -1
    outer loop
      vertex 6.57185 13.2441 0
      vertex 21 16.25 0
      vertex 6.88282 13.0852 0
    endloop
  endfacet
  facet normal 0 0 -1
    outer loop
      vertex 6.2572 13.3957 0
      vertex 21 16.25 0
      vertex 6.57185 13.2441 0
    endloop
  endfacet
  facet normal 0 0 -1
    outer loop
      vertex 5.93907 13.5397 0
      vertex 21 16.25 0
      vertex 6.2572 13.3957 0
    endloop
  endfacet
  facet normal 0 0 -1
    outer loop
      vertex 5.61762 13.6762 0
      vertex 21 16.25 0
      vertex 5.93907 13.5397 0
    endloop
  endfacet
  facet normal 0 0 -1
    outer loop
      vertex 5.29304 13.8051 0
      vertex 21 16.25 0
      vertex 5.61762 13.6762 0
    endloop
  endfacet
  facet normal 0 0 -1
    outer loop
      vertex 4.9655 13.9262 0
      vertex 21 16.25 0
      vertex 5.29304 13.8051 0
    endloop
  endfacet
  facet normal 0 0 -1
    outer loop
      vertex 4.63519 14.0396 0
      vertex 21 16.25 0
      vertex 4.9655 13.9262 0
    endloop
  endfacet
  facet normal 0 0 -1
    outer loop
      vertex 4.3023 14.1452 0
      vertex 21 16.25 0
      vertex 4.63519 14.0396 0
    endloop
  endfacet
  facet normal 0 0 -1
    outer loop
      vertex 3.96701 14.2429 0
      vertex 21 16.25 0
      vertex 4.3023 14.1452 0
    endloop
  endfacet
  facet normal 0 0 -1
    outer loop
      vertex 3.6295 14.3326 0
      vertex 21 16.25 0
      vertex 3.96701 14.2429 0
    endloop
  endfacet
  facet normal 0 0 -1
    outer loop
      vertex 3.28997 14.4143 0
      vertex 21 16.25 0
      vertex 3.6295 14.3326 0
    endloop
  endfacet
  facet normal 0 0 -1
    outer loop
      vertex 2.9486 14.488 0
      vertex 21 16.25 0
      vertex 3.28997 14.4143 0
    endloop
  endfacet
  facet normal 0 0 -1
    outer loop
      vertex 2.60559 14.5536 0
      vertex 21 16.25 0
      vertex 2.9486 14.488 0
    endloop
  endfacet
  facet normal 0 0 -1
    outer loop
      vertex 2.26113 14.6111 0
      vertex 21 16.25 0
      vertex 2.60559 14.5536 0
    endloop
  endfacet
  facet normal 0 0 -1
    outer loop
      vertex -4 16.25 0
      vertex 2.26113 14.6111 0
      vertex 1.9154 14.6604 0
    endloop
  endfacet
  facet normal 0 0 -1
    outer loop
      vertex -4 16.25 0
      vertex 1.9154 14.6604 0
      vertex 1.56861 14.7016 0
    endloop
  endfacet
  facet normal 0 0 -1
    outer loop
      vertex -4 16.25 0
      vertex 1.56861 14.7016 0
      vertex 1.22093 14.7345 0
    endloop
  endfacet
  facet normal 0 0 -1
    outer loop
      vertex -4 16.25 0
      vertex 1.22093 14.7345 0
      vertex 0.872583 14.7592 0
    endloop
  endfacet
  facet normal 0 0 -1
    outer loop
      vertex -4 16.25 0
      vertex 0.872583 14.7592 0
      vertex 0.523745 14.7757 0
    endloop
  endfacet
  facet normal 0 0 -1
    outer loop
      vertex -4 16.25 0
      vertex 0.523745 14.7757 0
      vertex 0.174614 14.784 0
    endloop
  endfacet
  facet normal 0 0 -1
    outer loop
      vertex -4 16.25 0
      vertex 0.174614 14.784 0
      vertex -0.174615 14.784 0
    endloop
  endfacet
  facet normal 0 0 -1
    outer loop
      vertex -4 16.25 0
      vertex -0.174615 14.784 0
      vertex -0.523746 14.7757 0
    endloop
  endfacet
  facet normal 0 0 -1
    outer loop
      vertex -4 16.25 0
      vertex -0.523746 14.7757 0
      vertex -0.872584 14.7592 0
    endloop
  endfacet
  facet normal 0 0 -1
    outer loop
      vertex 2.26113 14.6111 0
      vertex -4 16.25 0
      vertex 21 16.25 0
    endloop
  endfacet
  facet normal 0 0 -1
    outer loop
      vertex -1.22094 14.7345 0
      vertex -4 16.25 0
      vertex -0.872584 14.7592 0
    endloop
  endfacet
  facet normal 0 0 -1
    outer loop
      vertex -1.56861 14.7016 0
      vertex -4 16.25 0
      vertex -1.22094 14.7345 0
    endloop
  endfacet
  facet normal 0 0 -1
    outer loop
      vertex -1.9154 14.6604 0
      vertex -4 16.25 0
      vertex -1.56861 14.7016 0
    endloop
  endfacet
  facet normal 0 0 -1
    outer loop
      vertex -2.26113 14.6111 0
      vertex -4 16.25 0
      vertex -1.9154 14.6604 0
    endloop
  endfacet
  facet normal 0 0 -1
    outer loop
      vertex -2.60559 14.5536 0
      vertex -4 16.25 0
      vertex -2.26113 14.6111 0
    endloop
  endfacet
  facet normal 0 0 -1
    outer loop
      vertex -2.94861 14.488 0
      vertex -4 16.25 0
      vertex -2.60559 14.5536 0
    endloop
  endfacet
  facet normal 0 0 -1
    outer loop
      vertex -3.28997 14.4143 0
      vertex -4 16.25 0
      vertex -2.94861 14.488 0
    endloop
  endfacet
  facet normal 0 0 -1
    outer loop
      vertex -3.6295 14.3326 0
      vertex -4 16.25 0
      vertex -3.28997 14.4143 0
    endloop
  endfacet
  facet normal 0 0 -1
    outer loop
      vertex -3.96701 14.2429 0
      vertex -4 16.25 0
      vertex -3.6295 14.3326 0
    endloop
  endfacet
  facet normal 0 0 -1
    outer loop
      vertex -4.63519 14.0396 0
      vertex -4 16.25 0
      vertex -4.3023 14.1452 0
    endloop
  endfacet
  facet normal 0 0 -1
    outer loop
      vertex -4.3023 14.1452 0
      vertex -4 16.25 0
      vertex -3.96701 14.2429 0
    endloop
  endfacet
  facet normal 0 0 -1
    outer loop
      vertex -4 18.75 0
      vertex 21 23 0
      vertex 21 18.75 0
    endloop
  endfacet
  facet normal 0 0 -1
    outer loop
      vertex -4.9655 13.9262 0
      vertex -4 16.25 0
      vertex -4.63519 14.0396 0
    endloop
  endfacet
  facet normal 0 0 -1
    outer loop
      vertex -5.29304 13.8051 0
      vertex -4 16.25 0
      vertex -4.9655 13.9262 0
    endloop
  endfacet
  facet normal 0 0 -1
    outer loop
      vertex -5.61762 13.6762 0
      vertex -4 16.25 0
      vertex -5.29304 13.8051 0
    endloop
  endfacet
  facet normal 0 0 -1
    outer loop
      vertex -5.93907 13.5397 0
      vertex -4 16.25 0
      vertex -5.61762 13.6762 0
    endloop
  endfacet
  facet normal 0 0 -1
    outer loop
      vertex -6.2572 13.3957 0
      vertex -4 16.25 0
      vertex -5.93907 13.5397 0
    endloop
  endfacet
  facet normal 0 0 -1
    outer loop
      vertex -6.57185 13.2441 0
      vertex -4 16.25 0
      vertex -6.2572 13.3957 0
    endloop
  endfacet
  facet normal -0 0 -1
    outer loop
      vertex -4 16.25 0
      vertex -6.57185 13.2441 0
      vertex -4 18.75 0
    endloop
  endfacet
  facet normal 0 0 -1
    outer loop
      vertex -6.88282 13.0852 0
      vertex -4 18.75 0
      vertex -6.57185 13.2441 0
    endloop
  endfacet
  facet normal 0 0 -1
    outer loop
      vertex -7.18996 12.919 0
      vertex -4 18.75 0
      vertex -6.88282 13.0852 0
    endloop
  endfacet
  facet normal 0 0 -1
    outer loop
      vertex -7.49309 12.7456 0
      vertex -4 18.75 0
      vertex -7.18996 12.919 0
    endloop
  endfacet
  facet normal 0 0 -1
    outer loop
      vertex -7.79203 12.565 0
      vertex -4 18.75 0
      vertex -7.49309 12.7456 0
    endloop
  endfacet
  facet normal 0 0 -1
    outer loop
      vertex -8.08663 12.3775 0
      vertex -4 18.75 0
      vertex -7.79203 12.565 0
    endloop
  endfacet
  facet normal 0 0 -1
    outer loop
      vertex -21 23 0
      vertex -8.08663 12.3775 0
      vertex -8.37671 12.1831 0
    endloop
  endfacet
  facet normal 0 0 -1
    outer loop
      vertex -21 23 0
      vertex -8.37671 12.1831 0
      vertex -8.66213 11.9818 0
    endloop
  endfacet
  facet normal 0 0 -1
    outer loop
      vertex -21 23 0
      vertex -8.66213 11.9818 0
      vertex -8.94271 11.7739 0
    endloop
  endfacet
  facet normal 0 0 -1
    outer loop
      vertex -21 23 0
      vertex -8.94271 11.7739 0
      vertex -9.2183 11.5594 0
    endloop
  endfacet
  facet normal 0 0 -1
    outer loop
      vertex -21 23 0
      vertex -9.2183 11.5594 0
      vertex -9.48874 11.3384 0
    endloop
  endfacet
  facet normal 0 0 -1
    outer loop
      vertex -21 23 0
      vertex -9.48874 11.3384 0
      vertex -9.7539 11.1112 0
    endloop
  endfacet
  facet normal 0 0 -1
    outer loop
      vertex -21 23 0
      vertex -9.7539 11.1112 0
      vertex -10.0136 10.8777 0
    endloop
  endfacet
  facet normal 0 0 -1
    outer loop
      vertex -21 23 0
      vertex -10.0136 10.8777 0
      vertex -10.2677 10.6381 0
    endloop
  endfacet
  facet normal 0 0 -1
    outer loop
      vertex -21 23 0
      vertex -10.2677 10.6381 0
      vertex -10.5161 10.3927 0
    endloop
  endfacet
  facet normal 0 0 -1
    outer loop
      vertex -21 23 0
      vertex -10.5161 10.3927 0
      vertex -10.7587 10.1414 0
    endloop
  endfacet
  facet normal 0 0 -1
    outer loop
      vertex -21 23 0
      vertex -10.7587 10.1414 0
      vertex -10.9952 9.88444 0
    endloop
  endfacet
  facet normal 0 0 -1
    outer loop
      vertex -21 23 0
      vertex -10.9952 9.88444 0
      vertex -11.2256 9.62199 0
    endloop
  endfacet
  facet normal 0 0 -1
    outer loop
      vertex -21 23 0
      vertex -11.2256 9.62199 0
      vertex -11.4497 9.35417 0
    endloop
  endfacet
  facet normal 0 0 -1
    outer loop
      vertex -21 23 0
      vertex -11.4497 9.35417 0
      vertex -11.6674 9.08113 0
    endloop
  endfacet
  facet normal -0 0 -1
    outer loop
      vertex -14.6368 -2.08841 0
      vertex -21 -23 0
      vertex -14.682 -1.74213 0
    endloop
  endfacet
  facet normal -0 0 -1
    outer loop
      vertex -14.682 -1.74213 0
      vertex -21 -23 0
      vertex -14.7191 -1.39487 0
    endloop
  endfacet
  facet normal -0 0 -1
    outer loop
      vertex -14.7191 -1.39487 0
      vertex -21 -23 0
      vertex -14.7479 -1.04683 0
    endloop
  endfacet
  facet normal -0 0 -1
    outer loop
      vertex -14.7479 -1.04683 0
      vertex -21 -23 0
      vertex -14.7685 -0.698213 0
    endloop
  endfacet
  facet normal -0 0 -1
    outer loop
      vertex -14.7685 -0.698213 0
      vertex -21 -23 0
      vertex -14.7809 -0.349203 0
    endloop
  endfacet
  facet normal -0 0 -1
    outer loop
      vertex -14.7809 -0.349203 0
      vertex -21 -23 0
      vertex -14.785 0 0
    endloop
  endfacet
  facet normal 0 0 -1
    outer loop
      vertex -21 23 0
      vertex -14.785 0 0
      vertex -21 -23 0
    endloop
  endfacet
  facet normal 0 0 -1
    outer loop
      vertex -14.785 0 0
      vertex -21 23 0
      vertex -14.7809 0.349203 0
    endloop
  endfacet
  facet normal 0 0 -1
    outer loop
      vertex -14.7809 0.349203 0
      vertex -21 23 0
      vertex -14.7685 0.698213 0
    endloop
  endfacet
  facet normal 0 0 -1
    outer loop
      vertex -21 -23 0
      vertex -16.6728 -20.1421 0
      vertex -16.9151 -20.393 0
    endloop
  endfacet
  facet normal 0 0 -1
    outer loop
      vertex -21 -23 0
      vertex -16.9151 -20.393 0
      vertex -17.1201 -20.6752 0
    endloop
  endfacet
  facet normal 0 0 -1
    outer loop
      vertex -14.7685 0.698213 0
      vertex -21 23 0
      vertex -14.7479 1.04683 0
    endloop
  endfacet
  facet normal 0 0 -1
    outer loop
      vertex -21 -23 0
      vertex -17.1201 -20.6752 0
      vertex -17.2839 -20.9832 0
    endloop
  endfacet
  facet normal 0 0 -1
    outer loop
      vertex -21 -23 0
      vertex -17.2839 -20.9832 0
      vertex -17.4032 -21.3109 0
    endloop
  endfacet
  facet normal 0 0 -1
    outer loop
      vertex -21 -23 0
      vertex -17.4032 -21.3109 0
      vertex -17.4757 -21.6521 0
    endloop
  endfacet
  facet normal 0 0 -1
    outer loop
      vertex -21 -23 0
      vertex -17.4757 -21.6521 0
      vertex -17.5 -22 0
    endloop
  endfacet
  facet normal 0 0 -1
    outer loop
      vertex -14.7479 1.04683 0
      vertex -21 23 0
      vertex -14.7191 1.39487 0
    endloop
  endfacet
  facet normal 0 0 -1
    outer loop
      vertex -14.7191 1.39487 0
      vertex -21 23 0
      vertex -14.682 1.74213 0
    endloop
  endfacet
  facet normal 0 0 -1
    outer loop
      vertex -14.682 1.74213 0
      vertex -21 23 0
      vertex -14.6368 2.08841 0
    endloop
  endfacet
  facet normal 0 0 -1
    outer loop
      vertex -14.6368 2.08841 0
      vertex -21 23 0
      vertex -14.5834 2.43353 0
    endloop
  endfacet
  facet normal 0 0 -1
    outer loop
      vertex -14.5834 2.43353 0
      vertex -21 23 0
      vertex -14.5218 2.77729 0
    endloop
  endfacet
  facet normal 0 0 -1
    outer loop
      vertex -14.5218 2.77729 0
      vertex -21 23 0
      vertex -14.4522 3.11951 0
    endloop
  endfacet
  facet normal 0 0 -1
    outer loop
      vertex -4 18.75 0
      vertex -21 23 0
      vertex 21 23 0
    endloop
  endfacet
  facet normal 0 0 -1
    outer loop
      vertex -8.08663 12.3775 0
      vertex -21 23 0
      vertex -4 18.75 0
    endloop
  endfacet
  facet normal 0 0 -1
    outer loop
      vertex -11.8787 8.80303 0
      vertex -21 23 0
      vertex -11.6674 9.08113 0
    endloop
  endfacet
  facet normal 0 0 -1
    outer loop
      vertex -12.0833 8.52001 0
      vertex -21 23 0
      vertex -11.8787 8.80303 0
    endloop
  endfacet
  facet normal 0 0 -1
    outer loop
      vertex -12.2811 8.23225 0
      vertex -21 23 0
      vertex -12.0833 8.52001 0
    endloop
  endfacet
  facet normal 0 0 -1
    outer loop
      vertex -12.4721 7.93988 0
      vertex -21 23 0
      vertex -12.2811 8.23225 0
    endloop
  endfacet
  facet normal 0 0 -1
    outer loop
      vertex -12.6562 7.64309 0
      vertex -21 23 0
      vertex -12.4721 7.93988 0
    endloop
  endfacet
  facet normal 0 0 -1
    outer loop
      vertex -12.8332 7.34203 0
      vertex -21 23 0
      vertex -12.6562 7.64309 0
    endloop
  endfacet
  facet normal 0 0 -1
    outer loop
      vertex -13.003 7.03688 0
      vertex -21 23 0
      vertex -12.8332 7.34203 0
    endloop
  endfacet
  facet normal 0 0 -1
    outer loop
      vertex -13.1656 6.7278 0
      vertex -21 23 0
      vertex -13.003 7.03688 0
    endloop
  endfacet
  facet normal 0 0 -1
    outer loop
      vertex -13.3208 6.41497 0
      vertex -21 23 0
      vertex -13.1656 6.7278 0
    endloop
  endfacet
  facet normal 0 0 -1
    outer loop
      vertex -13.4686 6.09856 0
      vertex -21 23 0
      vertex -13.3208 6.41497 0
    endloop
  endfacet
  facet normal 0 0 -1
    outer loop
      vertex -13.6089 5.77874 0
      vertex -21 23 0
      vertex -13.4686 6.09856 0
    endloop
  endfacet
  facet normal 0 0 -1
    outer loop
      vertex -13.7416 5.45571 0
      vertex -21 23 0
      vertex -13.6089 5.77874 0
    endloop
  endfacet
  facet normal 0 0 -1
    outer loop
      vertex -13.8666 5.12963 0
      vertex -21 23 0
      vertex -13.7416 5.45571 0
    endloop
  endfacet
  facet normal 0 0 -1
    outer loop
      vertex -13.9839 4.80068 0
      vertex -21 23 0
      vertex -13.8666 5.12963 0
    endloop
  endfacet
  facet normal 0 0 -1
    outer loop
      vertex -14.0934 4.46906 0
      vertex -21 23 0
      vertex -13.9839 4.80068 0
    endloop
  endfacet
  facet normal 0 0 -1
    outer loop
      vertex -14.195 4.13494 0
      vertex -21 23 0
      vertex -14.0934 4.46906 0
    endloop
  endfacet
  facet normal 0 0 -1
    outer loop
      vertex -14.2887 3.79852 0
      vertex -21 23 0
      vertex -14.195 4.13494 0
    endloop
  endfacet
  facet normal 0 0 -1
    outer loop
      vertex -14.3744 3.45998 0
      vertex -21 23 0
      vertex -14.2887 3.79852 0
    endloop
  endfacet
  facet normal 0 0 -1
    outer loop
      vertex -14.4522 3.11951 0
      vertex -21 23 0
      vertex -14.3744 3.45998 0
    endloop
  endfacet
  facet normal 0 0 1
    outer loop
      vertex 21 23 36
      vertex -4 18.75 36
      vertex 21 18.75 36
    endloop
  endfacet
  facet normal 0 0 1
    outer loop
      vertex -7.29102 11.4627 36
      vertex -4 16.25 36
      vertex -4 18.75 36
    endloop
  endfacet
  facet normal 0 0 1
    outer loop
      vertex -4 16.25 36
      vertex -4.46325 12.8309 36
      vertex -4.1314 12.9416 36
    endloop
  endfacet
  facet normal 0 0 1
    outer loop
      vertex -4 16.25 36
      vertex -4.79214 12.7117 36
      vertex -4.46325 12.8309 36
    endloop
  endfacet
  facet normal 0 0 1
    outer loop
      vertex -4 16.25 36
      vertex -5.11785 12.5841 36
      vertex -4.79214 12.7117 36
    endloop
  endfacet
  facet normal 0 0 1
    outer loop
      vertex -4 16.25 36
      vertex -5.44017 12.4482 36
      vertex -5.11785 12.5841 36
    endloop
  endfacet
  facet normal 0 0 1
    outer loop
      vertex -4 16.25 36
      vertex -5.75888 12.304 36
      vertex -5.44017 12.4482 36
    endloop
  endfacet
  facet normal 0 0 1
    outer loop
      vertex -4 16.25 36
      vertex -6.07377 12.1516 36
      vertex -5.75888 12.304 36
    endloop
  endfacet
  facet normal 0 0 1
    outer loop
      vertex -4 16.25 36
      vertex -6.38463 11.9912 36
      vertex -6.07377 12.1516 36
    endloop
  endfacet
  facet normal 0 0 1
    outer loop
      vertex -4 16.25 36
      vertex -6.69127 11.8228 36
      vertex -6.38463 11.9912 36
    endloop
  endfacet
  facet normal 0 0 1
    outer loop
      vertex -4 16.25 36
      vertex -6.99346 11.6466 36
      vertex -6.69127 11.8228 36
    endloop
  endfacet
  facet normal 0 0 1
    outer loop
      vertex -4 16.25 36
      vertex -7.29102 11.4627 36
      vertex -6.99346 11.6466 36
    endloop
  endfacet
  facet normal 0 0 1
    outer loop
      vertex -4 18.75 36
      vertex -7.58374 11.2712 36
      vertex -7.29102 11.4627 36
    endloop
  endfacet
  facet normal 0 0 1
    outer loop
      vertex -4 18.75 36
      vertex -7.87144 11.0722 36
      vertex -7.58374 11.2712 36
    endloop
  endfacet
  facet normal 0 0 1
    outer loop
      vertex -21 23 36
      vertex -7.87144 11.0722 36
      vertex -4 18.75 36
    endloop
  endfacet
  facet normal 0 0 1
    outer loop
      vertex -7.87144 11.0722 36
      vertex -21 23 36
      vertex -8.15391 10.8658 36
    endloop
  endfacet
  facet normal 0 0 1
    outer loop
      vertex -8.15391 10.8658 36
      vertex -21 23 36
      vertex -8.43098 10.6523 36
    endloop
  endfacet
  facet normal 0 0 1
    outer loop
      vertex -8.43098 10.6523 36
      vertex -21 23 36
      vertex -8.70246 10.4317 36
    endloop
  endfacet
  facet normal 0 0 1
    outer loop
      vertex -8.70246 10.4317 36
      vertex -21 23 36
      vertex -8.96817 10.2041 36
    endloop
  endfacet
  facet normal 0 0 1
    outer loop
      vertex -8.96817 10.2041 36
      vertex -21 23 36
      vertex -9.22793 9.96983 36
    endloop
  endfacet
  facet normal 0 0 1
    outer loop
      vertex -9.22793 9.96983 36
      vertex -21 23 36
      vertex -9.48157 9.72893 36
    endloop
  endfacet
  facet normal 0 0 1
    outer loop
      vertex -9.48157 9.72893 36
      vertex -21 23 36
      vertex -9.72893 9.48157 36
    endloop
  endfacet
  facet normal 0 0 1
    outer loop
      vertex -9.72893 9.48157 36
      vertex -21 23 36
      vertex -9.96983 9.22793 36
    endloop
  endfacet
  facet normal 0 0 1
    outer loop
      vertex -9.96983 9.22793 36
      vertex -21 23 36
      vertex -10.2041 8.96817 36
    endloop
  endfacet
  facet normal 0 0 1
    outer loop
      vertex -10.2041 8.96817 36
      vertex -21 23 36
      vertex -10.4317 8.70246 36
    endloop
  endfacet
  facet normal 0 0 1
    outer loop
      vertex -10.4317 8.70246 36
      vertex -21 23 36
      vertex -10.6523 8.43098 36
    endloop
  endfacet
  facet normal 0 0 1
    outer loop
      vertex -10.6523 8.43098 36
      vertex -21 23 36
      vertex -10.8658 8.15391 36
    endloop
  endfacet
  facet normal 0 0 1
    outer loop
      vertex -10.8658 8.15391 36
      vertex -21 23 36
      vertex -11.0722 7.87144 36
    endloop
  endfacet
  facet normal 0 0 1
    outer loop
      vertex -11.0722 7.87144 36
      vertex -21 23 36
      vertex -11.2712 7.58374 36
    endloop
  endfacet
  facet normal 0 0 1
    outer loop
      vertex -12.304 -5.75888 36
      vertex -14.0635 -19.682 36
      vertex -13.75 -19.8349 36
    endloop
  endfacet
  facet normal 0 0 1
    outer loop
      vertex -21 23 36
      vertex -13.585 0 36
      vertex -13.5805 0.349785 36
    endloop
  endfacet
  facet normal 0 0 1
    outer loop
      vertex -13.5805 -0.349785 36
      vertex -14.3952 -19.5743 36
      vertex -14.0635 -19.682 36
    endloop
  endfacet
  facet normal 0 0 1
    outer loop
      vertex -21 23 36
      vertex -13.5805 0.349785 36
      vertex -13.567 0.699338 36
    endloop
  endfacet
  facet normal 0 0 1
    outer loop
      vertex -13.5805 -0.349785 36
      vertex -14.7387 -19.5137 36
      vertex -14.3952 -19.5743 36
    endloop
  endfacet
  facet normal 0 0 1
    outer loop
      vertex -13.5805 -0.349785 36
      vertex -15.0872 -19.5015 36
      vertex -14.7387 -19.5137 36
    endloop
  endfacet
  facet normal 0 0 1
    outer loop
      vertex -21 23 36
      vertex -13.567 0.699338 36
      vertex -13.5445 1.04843 36
    endloop
  endfacet
  facet normal 0 0 1
    outer loop
      vertex -13.5805 -0.349785 36
      vertex -15.4341 -19.538 36
      vertex -15.0872 -19.5015 36
    endloop
  endfacet
  facet normal 0 0 1
    outer loop
      vertex -21 23 36
      vertex -13.5445 1.04843 36
      vertex -13.513 1.39682 36
    endloop
  endfacet
  facet normal 0 0 1
    outer loop
      vertex -13.5805 -0.349785 36
      vertex -15.7725 -19.6224 36
      vertex -15.4341 -19.538 36
    endloop
  endfacet
  facet normal 0 0 1
    outer loop
      vertex -13.5805 -0.349785 36
      vertex -16.0959 -19.753 36
      vertex -15.7725 -19.6224 36
    endloop
  endfacet
  facet normal 0 0 1
    outer loop
      vertex -21 23 36
      vertex -13.513 1.39682 36
      vertex -13.4726 1.74429 36
    endloop
  endfacet
  facet normal 0 0 1
    outer loop
      vertex -13.5805 -0.349785 36
      vertex -16.398 -19.9274 36
      vertex -16.0959 -19.753 36
    endloop
  endfacet
  facet normal 0 0 1
    outer loop
      vertex -13.5805 -0.349785 36
      vertex -16.6728 -20.1421 36
      vertex -16.398 -19.9274 36
    endloop
  endfacet
  facet normal 0 0 1
    outer loop
      vertex -21 23 36
      vertex -13.4726 1.74429 36
      vertex -13.4232 2.0906 36
    endloop
  endfacet
  facet normal 0 0 1
    outer loop
      vertex -13.5805 -0.349785 36
      vertex -21 -23 36
      vertex -16.6728 -20.1421 36
    endloop
  endfacet
  facet normal 0 0 1
    outer loop
      vertex -16.6728 -20.1421 36
      vertex -21 -23 36
      vertex -16.9151 -20.393 36
    endloop
  endfacet
  facet normal 0 0 1
    outer loop
      vertex -16.9151 -20.393 36
      vertex -21 -23 36
      vertex -17.1201 -20.6752 36
    endloop
  endfacet
  facet normal 0 0 1
    outer loop
      vertex -17.1201 -20.6752 36
      vertex -21 -23 36
      vertex -17.2839 -20.9832 36
    endloop
  endfacet
  facet normal 0 0 1
    outer loop
      vertex -21 23 36
      vertex -13.4232 2.0906 36
      vertex -13.3649 2.43553 36
    endloop
  endfacet
  facet normal 0 0 1
    outer loop
      vertex -17.2839 -20.9832 36
      vertex -21 -23 36
      vertex -17.4032 -21.3109 36
    endloop
  endfacet
  facet normal 0 0 1
    outer loop
      vertex -17.4032 -21.3109 36
      vertex -21 -23 36
      vertex -17.4757 -21.6521 36
    endloop
  endfacet
  facet normal 0 0 1
    outer loop
      vertex -13.585 0 36
      vertex -21 23 36
      vertex -21 -23 36
    endloop
  endfacet
  facet normal 0 0 1
    outer loop
      vertex -13.2978 2.77884 36
      vertex -21 23 36
      vertex -13.3649 2.43553 36
    endloop
  endfacet
  facet normal 0 0 1
    outer loop
      vertex -13.2218 3.12031 36
      vertex -21 23 36
      vertex -13.2978 2.77884 36
    endloop
  endfacet
  facet normal 0 0 1
    outer loop
      vertex -13.1371 3.45971 36
      vertex -21 23 36
      vertex -13.2218 3.12031 36
    endloop
  endfacet
  facet normal 0 0 1
    outer loop
      vertex -13.0436 3.79681 36
      vertex -21 23 36
      vertex -13.1371 3.45971 36
    endloop
  endfacet
  facet normal 0 0 1
    outer loop
      vertex -12.9416 4.1314 36
      vertex -21 23 36
      vertex -13.0436 3.79681 36
    endloop
  endfacet
  facet normal 0 0 1
    outer loop
      vertex -12.8309 4.46325 36
      vertex -21 23 36
      vertex -12.9416 4.1314 36
    endloop
  endfacet
  facet normal 0 0 1
    outer loop
      vertex -12.7117 4.79214 36
      vertex -21 23 36
      vertex -12.8309 4.46325 36
    endloop
  endfacet
  facet normal 0 0 1
    outer loop
      vertex -12.5841 5.11785 36
      vertex -21 23 36
      vertex -12.7117 4.79214 36
    endloop
  endfacet
  facet normal 0 0 1
    outer loop
      vertex -12.4482 5.44017 36
      vertex -21 23 36
      vertex -12.5841 5.11785 36
    endloop
  endfacet
  facet normal 0 0 1
    outer loop
      vertex -12.304 5.75888 36
      vertex -21 23 36
      vertex -12.4482 5.44017 36
    endloop
  endfacet
  facet normal 0 0 1
    outer loop
      vertex -12.1516 6.07377 36
      vertex -21 23 36
      vertex -12.304 5.75888 36
    endloop
  endfacet
  facet normal 0 0 1
    outer loop
      vertex -11.9912 6.38463 36
      vertex -21 23 36
      vertex -12.1516 6.07377 36
    endloop
  endfacet
  facet normal 0 0 1
    outer loop
      vertex -11.8228 6.69127 36
      vertex -21 23 36
      vertex -11.9912 6.38463 36
    endloop
  endfacet
  facet normal 0 0 1
    outer loop
      vertex -11.6466 6.99346 36
      vertex -21 23 36
      vertex -11.8228 6.69127 36
    endloop
  endfacet
  facet normal 0 0 1
    outer loop
      vertex -11.4627 7.29102 36
      vertex -21 23 36
      vertex -11.6466 6.99346 36
    endloop
  endfacet
  facet normal 0 0 1
    outer loop
      vertex -11.2712 7.58374 36
      vertex -21 23 36
      vertex -11.4627 7.29102 36
    endloop
  endfacet
  facet normal -0 0 1
    outer loop
      vertex -21 23 36
      vertex -4 18.75 36
      vertex 21 23 36
    endloop
  endfacet
  facet normal 0 0 1
    outer loop
      vertex 21 16.25 36
      vertex 7.06888 11.6 36
      vertex 21 11.6 36
    endloop
  endfacet
  facet normal 0 0 1
    outer loop
      vertex 21 16.25 36
      vertex 6.99346 11.6466 36
      vertex 7.06888 11.6 36
    endloop
  endfacet
  facet normal 0 0 1
    outer loop
      vertex 21 16.25 36
      vertex 6.69127 11.8228 36
      vertex 6.99346 11.6466 36
    endloop
  endfacet
  facet normal 0 0 1
    outer loop
      vertex 21 16.25 36
      vertex 6.38463 11.9912 36
      vertex 6.69127 11.8228 36
    endloop
  endfacet
  facet normal 0 0 1
    outer loop
      vertex 21 16.25 36
      vertex 6.07377 12.1516 36
      vertex 6.38463 11.9912 36
    endloop
  endfacet
  facet normal 0 0 1
    outer loop
      vertex 21 16.25 36
      vertex 5.75888 12.304 36
      vertex 6.07377 12.1516 36
    endloop
  endfacet
  facet normal 0 0 1
    outer loop
      vertex 21 16.25 36
      vertex 5.44017 12.4482 36
      vertex 5.75888 12.304 36
    endloop
  endfacet
  facet normal 0 0 1
    outer loop
      vertex 21 16.25 36
      vertex 5.11785 12.5841 36
      vertex 5.44017 12.4482 36
    endloop
  endfacet
  facet normal 0 0 1
    outer loop
      vertex 21 16.25 36
      vertex 4.79214 12.7117 36
      vertex 5.11785 12.5841 36
    endloop
  endfacet
  facet normal 0 0 1
    outer loop
      vertex 21 16.25 36
      vertex 4.46325 12.8309 36
      vertex 4.79214 12.7117 36
    endloop
  endfacet
  facet normal 0 0 1
    outer loop
      vertex 21 16.25 36
      vertex 4.1314 12.9416 36
      vertex 4.46325 12.8309 36
    endloop
  endfacet
  facet normal 0 0 1
    outer loop
      vertex 21 16.25 36
      vertex 3.79681 13.0436 36
      vertex 4.1314 12.9416 36
    endloop
  endfacet
  facet normal 0 0 1
    outer loop
      vertex 21 16.25 36
      vertex 3.45971 13.1371 36
      vertex 3.79681 13.0436 36
    endloop
  endfacet
  facet normal 0 0 1
    outer loop
      vertex 21 16.25 36
      vertex 3.12031 13.2218 36
      vertex 3.45971 13.1371 36
    endloop
  endfacet
  facet normal -0 0 1
    outer loop
      vertex -4 16.25 36
      vertex 3.12031 13.2218 36
      vertex 21 16.25 36
    endloop
  endfacet
  facet normal 0 0 1
    outer loop
      vertex 3.12031 13.2218 36
      vertex -4 16.25 36
      vertex 2.77884 13.2978 36
    endloop
  endfacet
  facet normal 0 0 1
    outer loop
      vertex 2.77884 13.2978 36
      vertex -4 16.25 36
      vertex 2.43553 13.3649 36
    endloop
  endfacet
  facet normal 0 0 1
    outer loop
      vertex 2.43553 13.3649 36
      vertex -4 16.25 36
      vertex 2.0906 13.4232 36
    endloop
  endfacet
  facet normal 0 0 1
    outer loop
      vertex 2.0906 13.4232 36
      vertex -4 16.25 36
      vertex 1.74429 13.4726 36
    endloop
  endfacet
  facet normal 0 0 1
    outer loop
      vertex 1.74429 13.4726 36
      vertex -4 16.25 36
      vertex 1.39682 13.513 36
    endloop
  endfacet
  facet normal 0 0 1
    outer loop
      vertex 1.39682 13.513 36
      vertex -4 16.25 36
      vertex 1.04843 13.5445 36
    endloop
  endfacet
  facet normal 0 0 1
    outer loop
      vertex 1.04843 13.5445 36
      vertex -4 16.25 36
      vertex 0.699338 13.567 36
    endloop
  endfacet
  facet normal 0 0 1
    outer loop
      vertex 0.699338 13.567 36
      vertex -4 16.25 36
      vertex 0.349785 13.5805 36
    endloop
  endfacet
  facet normal 0 0 1
    outer loop
      vertex 0.349785 13.5805 36
      vertex -4 16.25 36
      vertex 0 13.585 36
    endloop
  endfacet
  facet normal 0 0 1
    outer loop
      vertex 0 13.585 36
      vertex -4 16.25 36
      vertex -0.349786 13.5805 36
    endloop
  endfacet
  facet normal 0 0 1
    outer loop
      vertex -0.349786 13.5805 36
      vertex -4 16.25 36
      vertex -0.699339 13.567 36
    endloop
  endfacet
  facet normal 0 0 1
    outer loop
      vertex -0.699339 13.567 36
      vertex -4 16.25 36
      vertex -1.04843 13.5445 36
    endloop
  endfacet
  facet normal 0 0 1
    outer loop
      vertex -1.04843 13.5445 36
      vertex -4 16.25 36
      vertex -1.39682 13.513 36
    endloop
  endfacet
  facet normal 0 0 1
    outer loop
      vertex -1.39682 13.513 36
      vertex -4 16.25 36
      vertex -1.74429 13.4726 36
    endloop
  endfacet
  facet normal 0 0 1
    outer loop
      vertex -4 16.25 36
      vertex -2.0906 13.4232 36
      vertex -1.74429 13.4726 36
    endloop
  endfacet
  facet normal 0 0 1
    outer loop
      vertex -4 16.25 36
      vertex -2.43553 13.3649 36
      vertex -2.0906 13.4232 36
    endloop
  endfacet
  facet normal 0 0 1
    outer loop
      vertex -4 16.25 36
      vertex -2.77884 13.2978 36
      vertex -2.43553 13.3649 36
    endloop
  endfacet
  facet normal 0 0 1
    outer loop
      vertex -4 16.25 36
      vertex -3.12031 13.2218 36
      vertex -2.77884 13.2978 36
    endloop
  endfacet
  facet normal 0 0 1
    outer loop
      vertex -4 16.25 36
      vertex -3.45971 13.1371 36
      vertex -3.12031 13.2218 36
    endloop
  endfacet
  facet normal 0 0 1
    outer loop
      vertex -4 16.25 36
      vertex -3.79681 13.0436 36
      vertex -3.45971 13.1371 36
    endloop
  endfacet
  facet normal 0 0 1
    outer loop
      vertex -3.79681 13.0436 36
      vertex -4 16.25 36
      vertex -4.1314 12.9416 36
    endloop
  endfacet
  facet normal 0 0 1
    outer loop
      vertex -4 -18.75 36
      vertex -12.5546 -21.4802 36
      vertex -12.5061 -21.8256 36
    endloop
  endfacet
  facet normal 0 0 1
    outer loop
      vertex -14.0635 -19.682 36
      vertex -12.4482 -5.44017 36
      vertex -12.5841 -5.11785 36
    endloop
  endfacet
  facet normal 0 0 1
    outer loop
      vertex -12.304 -5.75888 36
      vertex -12.6508 -21.1449 36
      vertex -12.5546 -21.4802 36
    endloop
  endfacet
  facet normal 0 0 1
    outer loop
      vertex -14.0635 -19.682 36
      vertex -12.5841 -5.11785 36
      vertex -12.7117 -4.79214 36
    endloop
  endfacet
  facet normal 0 0 1
    outer loop
      vertex -12.304 -5.75888 36
      vertex -12.7926 -20.8263 36
      vertex -12.6508 -21.1449 36
    endloop
  endfacet
  facet normal 0 0 1
    outer loop
      vertex -14.0635 -19.682 36
      vertex -12.7117 -4.79214 36
      vertex -12.8309 -4.46325 36
    endloop
  endfacet
  facet normal 0 0 1
    outer loop
      vertex -14.0635 -19.682 36
      vertex -12.8309 -4.46325 36
      vertex -12.9416 -4.1314 36
    endloop
  endfacet
  facet normal 0 0 1
    outer loop
      vertex -12.304 -5.75888 36
      vertex -12.9775 -20.5305 36
      vertex -12.7926 -20.8263 36
    endloop
  endfacet
  facet normal 0 0 1
    outer loop
      vertex -14.0635 -19.682 36
      vertex -12.9416 -4.1314 36
      vertex -13.0436 -3.79681 36
    endloop
  endfacet
  facet normal 0 0 1
    outer loop
      vertex -14.0635 -19.682 36
      vertex -13.0436 -3.79681 36
      vertex -13.1371 -3.45971 36
    endloop
  endfacet
  facet normal 0 0 1
    outer loop
      vertex -12.304 -5.75888 36
      vertex -13.2017 -20.2634 36
      vertex -12.9775 -20.5305 36
    endloop
  endfacet
  facet normal 0 0 1
    outer loop
      vertex -14.0635 -19.682 36
      vertex -13.1371 -3.45971 36
      vertex -13.2218 -3.12031 36
    endloop
  endfacet
  facet normal 0 0 1
    outer loop
      vertex -14.0635 -19.682 36
      vertex -13.2218 -3.12031 36
      vertex -13.2978 -2.77884 36
    endloop
  endfacet
  facet normal 0 0 1
    outer loop
      vertex -14.0635 -19.682 36
      vertex -13.2978 -2.77884 36
      vertex -13.3649 -2.43553 36
    endloop
  endfacet
  facet normal 0 0 1
    outer loop
      vertex -14.0635 -19.682 36
      vertex -13.3649 -2.43553 36
      vertex -13.4232 -2.0906 36
    endloop
  endfacet
  facet normal 0 0 1
    outer loop
      vertex -12.304 -5.75888 36
      vertex -13.4608 -20.03 36
      vertex -13.2017 -20.2634 36
    endloop
  endfacet
  facet normal 0 0 1
    outer loop
      vertex -14.0635 -19.682 36
      vertex -13.4232 -2.0906 36
      vertex -13.4726 -1.74429 36
    endloop
  endfacet
  facet normal 0 0 1
    outer loop
      vertex -14.0635 -19.682 36
      vertex -13.4726 -1.74429 36
      vertex -13.513 -1.39682 36
    endloop
  endfacet
  facet normal 0 0 1
    outer loop
      vertex -14.0635 -19.682 36
      vertex -13.513 -1.39682 36
      vertex -13.5445 -1.04843 36
    endloop
  endfacet
  facet normal 0 0 1
    outer loop
      vertex -14.0635 -19.682 36
      vertex -13.5445 -1.04843 36
      vertex -13.567 -0.699338 36
    endloop
  endfacet
  facet normal 0 0 1
    outer loop
      vertex -14.0635 -19.682 36
      vertex -13.567 -0.699338 36
      vertex -13.5805 -0.349785 36
    endloop
  endfacet
  facet normal 0 0 1
    outer loop
      vertex -21 -23 36
      vertex -13.5805 -0.349785 36
      vertex -13.585 0 36
    endloop
  endfacet
  facet normal 0 0 1
    outer loop
      vertex -12.304 -5.75888 36
      vertex -13.75 -19.8349 36
      vertex -13.4608 -20.03 36
    endloop
  endfacet
  facet normal -0 0 1
    outer loop
      vertex 7.06888 -11.6 36
      vertex 21 -16.25 36
      vertex 21 -11.6 36
    endloop
  endfacet
  facet normal -0 0 1
    outer loop
      vertex 6.99346 -11.6466 36
      vertex 21 -16.25 36
      vertex 7.06888 -11.6 36
    endloop
  endfacet
  facet normal -0 0 1
    outer loop
      vertex 6.69127 -11.8228 36
      vertex 21 -16.25 36
      vertex 6.99346 -11.6466 36
    endloop
  endfacet
  facet normal -0 0 1
    outer loop
      vertex 6.38463 -11.9912 36
      vertex 21 -16.25 36
      vertex 6.69127 -11.8228 36
    endloop
  endfacet
  facet normal -0 0 1
    outer loop
      vertex 6.07377 -12.1516 36
      vertex 21 -16.25 36
      vertex 6.38463 -11.9912 36
    endloop
  endfacet
  facet normal -0 0 1
    outer loop
      vertex 5.75888 -12.304 36
      vertex 21 -16.25 36
      vertex 6.07377 -12.1516 36
    endloop
  endfacet
  facet normal -0 0 1
    outer loop
      vertex 5.44017 -12.4482 36
      vertex 21 -16.25 36
      vertex 5.75888 -12.304 36
    endloop
  endfacet
  facet normal -0 0 1
    outer loop
      vertex 5.11785 -12.5841 36
      vertex 21 -16.25 36
      vertex 5.44017 -12.4482 36
    endloop
  endfacet
  facet normal -0 0 1
    outer loop
      vertex 4.79214 -12.7117 36
      vertex 21 -16.25 36
      vertex 5.11785 -12.5841 36
    endloop
  endfacet
  facet normal -0 0 1
    outer loop
      vertex 4.46325 -12.8309 36
      vertex 21 -16.25 36
      vertex 4.79214 -12.7117 36
    endloop
  endfacet
  facet normal -0 0 1
    outer loop
      vertex 4.1314 -12.9416 36
      vertex 21 -16.25 36
      vertex 4.46325 -12.8309 36
    endloop
  endfacet
  facet normal -0 0 1
    outer loop
      vertex 3.79681 -13.0436 36
      vertex 21 -16.25 36
      vertex 4.1314 -12.9416 36
    endloop
  endfacet
  facet normal -0 0 1
    outer loop
      vertex 3.45971 -13.1371 36
      vertex 21 -16.25 36
      vertex 3.79681 -13.0436 36
    endloop
  endfacet
  facet normal -0 0 1
    outer loop
      vertex 3.12031 -13.2218 36
      vertex 21 -16.25 36
      vertex 3.45971 -13.1371 36
    endloop
  endfacet
  facet normal 0 0 1
    outer loop
      vertex -4 -16.25 36
      vertex 3.12031 -13.2218 36
      vertex 2.77884 -13.2978 36
    endloop
  endfacet
  facet normal 0 0 1
    outer loop
      vertex -4 -16.25 36
      vertex 2.77884 -13.2978 36
      vertex 2.43553 -13.3649 36
    endloop
  endfacet
  facet normal 0 0 1
    outer loop
      vertex -4 -16.25 36
      vertex 2.43553 -13.3649 36
      vertex 2.0906 -13.4232 36
    endloop
  endfacet
  facet normal 0 0 1
    outer loop
      vertex -4 -16.25 36
      vertex 2.0906 -13.4232 36
      vertex 1.74429 -13.4726 36
    endloop
  endfacet
  facet normal 0 0 1
    outer loop
      vertex -4 -16.25 36
      vertex 1.74429 -13.4726 36
      vertex 1.39682 -13.513 36
    endloop
  endfacet
  facet normal 0 0 1
    outer loop
      vertex -4 -16.25 36
      vertex 1.39682 -13.513 36
      vertex 1.04843 -13.5445 36
    endloop
  endfacet
  facet normal 0 0 1
    outer loop
      vertex -4 -16.25 36
      vertex 1.04843 -13.5445 36
      vertex 0.699338 -13.567 36
    endloop
  endfacet
  facet normal 0 0 1
    outer loop
      vertex -4 -16.25 36
      vertex 0.699338 -13.567 36
      vertex 0.349785 -13.5805 36
    endloop
  endfacet
  facet normal 0 0 1
    outer loop
      vertex -4 -16.25 36
      vertex 0.349785 -13.5805 36
      vertex 0 -13.585 36
    endloop
  endfacet
  facet normal 0 0 1
    outer loop
      vertex -4 -16.25 36
      vertex 0 -13.585 36
      vertex -0.349786 -13.5805 36
    endloop
  endfacet
  facet normal 0 0 1
    outer loop
      vertex -4 -16.25 36
      vertex -0.349786 -13.5805 36
      vertex -0.699339 -13.567 36
    endloop
  endfacet
  facet normal 0 0 1
    outer loop
      vertex -4 -16.25 36
      vertex -0.699339 -13.567 36
      vertex -1.04843 -13.5445 36
    endloop
  endfacet
  facet normal 0 0 1
    outer loop
      vertex -4 -16.25 36
      vertex -1.04843 -13.5445 36
      vertex -1.39682 -13.513 36
    endloop
  endfacet
  facet normal 0 0 1
    outer loop
      vertex -4 -16.25 36
      vertex -1.39682 -13.513 36
      vertex -1.74429 -13.4726 36
    endloop
  endfacet
  facet normal 0 0 1
    outer loop
      vertex 3.12031 -13.2218 36
      vertex -4 -16.25 36
      vertex 21 -16.25 36
    endloop
  endfacet
  facet normal 0 0 1
    outer loop
      vertex -2.0906 -13.4232 36
      vertex -4 -16.25 36
      vertex -1.74429 -13.4726 36
    endloop
  endfacet
  facet normal 0 0 1
    outer loop
      vertex -2.43553 -13.3649 36
      vertex -4 -16.25 36
      vertex -2.0906 -13.4232 36
    endloop
  endfacet
  facet normal 0 0 1
    outer loop
      vertex -2.77884 -13.2978 36
      vertex -4 -16.25 36
      vertex -2.43553 -13.3649 36
    endloop
  endfacet
  facet normal 0 0 1
    outer loop
      vertex -3.12031 -13.2218 36
      vertex -4 -16.25 36
      vertex -2.77884 -13.2978 36
    endloop
  endfacet
  facet normal 0 0 1
    outer loop
      vertex -3.45971 -13.1371 36
      vertex -4 -16.25 36
      vertex -3.12031 -13.2218 36
    endloop
  endfacet
  facet normal 0 0 1
    outer loop
      vertex -3.79681 -13.0436 36
      vertex -4 -16.25 36
      vertex -3.45971 -13.1371 36
    endloop
  endfacet
  facet normal 0 0 1
    outer loop
      vertex -4.46325 -12.8309 36
      vertex -4 -16.25 36
      vertex -4.1314 -12.9416 36
    endloop
  endfacet
  facet normal 0 0 1
    outer loop
      vertex -4.1314 -12.9416 36
      vertex -4 -16.25 36
      vertex -3.79681 -13.0436 36
    endloop
  endfacet
  facet normal -0 0 1
    outer loop
      vertex -4 -18.75 36
      vertex 21 -23 36
      vertex 21 -18.75 36
    endloop
  endfacet
  facet normal 0 0 1
    outer loop
      vertex -4.79214 -12.7117 36
      vertex -4 -16.25 36
      vertex -4.46325 -12.8309 36
    endloop
  endfacet
  facet normal 0 0 1
    outer loop
      vertex -5.11785 -12.5841 36
      vertex -4 -16.25 36
      vertex -4.79214 -12.7117 36
    endloop
  endfacet
  facet normal 0 0 1
    outer loop
      vertex -5.44017 -12.4482 36
      vertex -4 -16.25 36
      vertex -5.11785 -12.5841 36
    endloop
  endfacet
  facet normal 0 0 1
    outer loop
      vertex -5.75888 -12.304 36
      vertex -4 -16.25 36
      vertex -5.44017 -12.4482 36
    endloop
  endfacet
  facet normal 0 0 1
    outer loop
      vertex -6.07377 -12.1516 36
      vertex -4 -16.25 36
      vertex -5.75888 -12.304 36
    endloop
  endfacet
  facet normal 0 0 1
    outer loop
      vertex -6.38463 -11.9912 36
      vertex -4 -16.25 36
      vertex -6.07377 -12.1516 36
    endloop
  endfacet
  facet normal 0 0 1
    outer loop
      vertex -6.69127 -11.8228 36
      vertex -4 -16.25 36
      vertex -6.38463 -11.9912 36
    endloop
  endfacet
  facet normal 0 0 1
    outer loop
      vertex -12.5546 -21.4802 36
      vertex -4 -16.25 36
      vertex -6.69127 -11.8228 36
    endloop
  endfacet
  facet normal 0 0 1
    outer loop
      vertex -12.5546 -21.4802 36
      vertex -6.69127 -11.8228 36
      vertex -6.99346 -11.6466 36
    endloop
  endfacet
  facet normal 0 0 1
    outer loop
      vertex -12.5546 -21.4802 36
      vertex -6.99346 -11.6466 36
      vertex -7.29102 -11.4627 36
    endloop
  endfacet
  facet normal 0 0 1
    outer loop
      vertex -12.5546 -21.4802 36
      vertex -7.29102 -11.4627 36
      vertex -7.58374 -11.2712 36
    endloop
  endfacet
  facet normal 0 0 1
    outer loop
      vertex -12.5546 -21.4802 36
      vertex -7.58374 -11.2712 36
      vertex -7.87144 -11.0722 36
    endloop
  endfacet
  facet normal 0 0 1
    outer loop
      vertex -12.5546 -21.4802 36
      vertex -7.87144 -11.0722 36
      vertex -8.15391 -10.8658 36
    endloop
  endfacet
  facet normal 0 0 1
    outer loop
      vertex -12.5546 -21.4802 36
      vertex -8.15391 -10.8658 36
      vertex -8.43098 -10.6523 36
    endloop
  endfacet
  facet normal 0 0 1
    outer loop
      vertex -12.5546 -21.4802 36
      vertex -8.43098 -10.6523 36
      vertex -8.70246 -10.4317 36
    endloop
  endfacet
  facet normal 0 0 1
    outer loop
      vertex -12.5546 -21.4802 36
      vertex -8.70246 -10.4317 36
      vertex -8.96817 -10.2041 36
    endloop
  endfacet
  facet normal 0 0 1
    outer loop
      vertex -12.5546 -21.4802 36
      vertex -8.96817 -10.2041 36
      vertex -9.22793 -9.96983 36
    endloop
  endfacet
  facet normal 0 0 1
    outer loop
      vertex -12.5546 -21.4802 36
      vertex -9.22793 -9.96983 36
      vertex -9.48157 -9.72893 36
    endloop
  endfacet
  facet normal 0 0 1
    outer loop
      vertex -12.5546 -21.4802 36
      vertex -9.48157 -9.72893 36
      vertex -9.72893 -9.48157 36
    endloop
  endfacet
  facet normal 0 0 1
    outer loop
      vertex -12.5546 -21.4802 36
      vertex -9.72893 -9.48157 36
      vertex -9.96983 -9.22793 36
    endloop
  endfacet
  facet normal 0 0 1
    outer loop
      vertex -12.5546 -21.4802 36
      vertex -9.96983 -9.22793 36
      vertex -10.2041 -8.96817 36
    endloop
  endfacet
  facet normal 0 0 1
    outer loop
      vertex -12.5546 -21.4802 36
      vertex -10.2041 -8.96817 36
      vertex -10.4317 -8.70246 36
    endloop
  endfacet
  facet normal 0 0 1
    outer loop
      vertex -12.5546 -21.4802 36
      vertex -10.4317 -8.70246 36
      vertex -10.6523 -8.43098 36
    endloop
  endfacet
  facet normal 0 0 1
    outer loop
      vertex -12.5546 -21.4802 36
      vertex -10.6523 -8.43098 36
      vertex -10.8658 -8.15391 36
    endloop
  endfacet
  facet normal 0 0 1
    outer loop
      vertex -12.5546 -21.4802 36
      vertex -10.8658 -8.15391 36
      vertex -11.0722 -7.87144 36
    endloop
  endfacet
  facet normal 0 0 1
    outer loop
      vertex -12.5546 -21.4802 36
      vertex -11.0722 -7.87144 36
      vertex -11.2712 -7.58374 36
    endloop
  endfacet
  facet normal 0 0 1
    outer loop
      vertex -12.5546 -21.4802 36
      vertex -11.2712 -7.58374 36
      vertex -11.4627 -7.29102 36
    endloop
  endfacet
  facet normal 0 0 1
    outer loop
      vertex -14.0635 -19.682 36
      vertex -12.304 -5.75888 36
      vertex -12.4482 -5.44017 36
    endloop
  endfacet
  facet normal 0 0 1
    outer loop
      vertex -12.5546 -21.4802 36
      vertex -12.1516 -6.07377 36
      vertex -12.304 -5.75888 36
    endloop
  endfacet
  facet normal 0 0 1
    outer loop
      vertex -12.5546 -21.4802 36
      vertex -11.9912 -6.38463 36
      vertex -12.1516 -6.07377 36
    endloop
  endfacet
  facet normal 0 0 1
    outer loop
      vertex -12.5546 -21.4802 36
      vertex -11.8228 -6.69127 36
      vertex -11.9912 -6.38463 36
    endloop
  endfacet
  facet normal 0 0 1
    outer loop
      vertex -12.5546 -21.4802 36
      vertex -11.6466 -6.99346 36
      vertex -11.8228 -6.69127 36
    endloop
  endfacet
  facet normal 0 0 1
    outer loop
      vertex -12.5546 -21.4802 36
      vertex -11.4627 -7.29102 36
      vertex -11.6466 -6.99346 36
    endloop
  endfacet
  facet normal 0 0 1
    outer loop
      vertex -12.5546 -21.4802 36
      vertex -4 -18.75 36
      vertex -4 -16.25 36
    endloop
  endfacet
  facet normal 0 0 1
    outer loop
      vertex -12.5061 -22.1744 36
      vertex -4 -18.75 36
      vertex -12.5061 -21.8256 36
    endloop
  endfacet
  facet normal 0 0 1
    outer loop
      vertex -12.5546 -22.5198 36
      vertex -4 -18.75 36
      vertex -12.5061 -22.1744 36
    endloop
  endfacet
  facet normal 0 0 1
    outer loop
      vertex -12.6508 -22.855 36
      vertex -4 -18.75 36
      vertex -12.5546 -22.5198 36
    endloop
  endfacet
  facet normal 0 0 1
    outer loop
      vertex -12.7153 -23 36
      vertex -4 -18.75 36
      vertex -12.6508 -22.855 36
    endloop
  endfacet
  facet normal 0 0 1
    outer loop
      vertex -4 -18.75 36
      vertex -12.7153 -23 36
      vertex 21 -23 36
    endloop
  endfacet
  facet normal 0 0 1
    outer loop
      vertex -17.4757 -21.6521 36
      vertex -21 -23 36
      vertex -17.5 -22 36
    endloop
  endfacet
  facet normal 0 0 1
    outer loop
      vertex -17.4032 -22.6891 36
      vertex -21 -23 36
      vertex -17.29 -23 36
    endloop
  endfacet
  facet normal 0 0 1
    outer loop
      vertex -17.4757 -22.3479 36
      vertex -21 -23 36
      vertex -17.4032 -22.6891 36
    endloop
  endfacet
  facet normal 0 0 1
    outer loop
      vertex -17.5 -22 36
      vertex -21 -23 36
      vertex -17.4757 -22.3479 36
    endloop
  endfacet
  facet normal -1 0 0
    outer loop
      vertex -21 23 0
      vertex -21 27.9969 4.82552
      vertex -21 27.9726 4.47737
    endloop
  endfacet
  facet normal -1 -0 0
    outer loop
      vertex -21 27.9969 4.82552
      vertex -21 23 0
      vertex -21 27.9969 31.1745
    endloop
  endfacet
  facet normal -1 0 0
    outer loop
      vertex -21 23 0
      vertex -21 27.9726 4.47737
      vertex -21 27.924 4.13176
    endloop
  endfacet
  facet normal -1 0 0
    outer loop
      vertex -21 23 36
      vertex -21 27.9969 31.1745
      vertex -21 23 0
    endloop
  endfacet
  facet normal -1 0 0
    outer loop
      vertex -21 23 0
      vertex -21 27.924 4.13176
      vertex -21 27.8515 3.79041
    endloop
  endfacet
  facet normal -1 0 0
    outer loop
      vertex -21 27.9969 31.1745
      vertex -21 23 36
      vertex -21 27.9726 31.5226
    endloop
  endfacet
  facet normal -1 0 0
    outer loop
      vertex -21 23 0
      vertex -21 27.8515 3.79041
      vertex -21 27.7553 3.45493
    endloop
  endfacet
  facet normal -1 0 0
    outer loop
      vertex -21 27.9726 31.5226
      vertex -21 23 36
      vertex -21 27.924 31.8682
    endloop
  endfacet
  facet normal -1 0 0
    outer loop
      vertex -21 23 0
      vertex -21 27.7553 3.45493
      vertex -21 27.6359 3.12697
    endloop
  endfacet
  facet normal -1 0 0
    outer loop
      vertex -21 27.924 31.8682
      vertex -21 23 36
      vertex -21 27.8515 32.2096
    endloop
  endfacet
  facet normal -1 0 0
    outer loop
      vertex -21 23 0
      vertex -21 27.6359 3.12697
      vertex -21 27.494 2.80815
    endloop
  endfacet
  facet normal -1 0 0
    outer loop
      vertex -21 27.8515 32.2096
      vertex -21 23 36
      vertex -21 27.7553 32.5451
    endloop
  endfacet
  facet normal -1 0 0
    outer loop
      vertex -21 23 0
      vertex -21 27.494 2.80815
      vertex -21 27.3301 2.5
    endloop
  endfacet
  facet normal -1 0 0
    outer loop
      vertex -21 27.7553 32.5451
      vertex -21 23 36
      vertex -21 27.6359 32.873
    endloop
  endfacet
  facet normal -1 0 0
    outer loop
      vertex -21 23 0
      vertex -21 27.3301 2.5
      vertex -21 27.1452 2.20404
    endloop
  endfacet
  facet normal -1 0 0
    outer loop
      vertex -21 27.6359 32.873
      vertex -21 23 36
      vertex -21 27.494 33.1918
    endloop
  endfacet
  facet normal -1 0 0
    outer loop
      vertex -21 23 0
      vertex -21 27.1452 2.20404
      vertex -21 26.94 1.92171
    endloop
  endfacet
  facet normal -1 0 0
    outer loop
      vertex -21 27.494 33.1918
      vertex -21 23 36
      vertex -21 27.3301 33.5
    endloop
  endfacet
  facet normal -1 0 0
    outer loop
      vertex -21 23 0
      vertex -21 26.94 1.92171
      vertex -21 26.7157 1.65436
    endloop
  endfacet
  facet normal -1 0 0
    outer loop
      vertex -21 27.3301 33.5
      vertex -21 23 36
      vertex -21 27.1452 33.796
    endloop
  endfacet
  facet normal -1 0 0
    outer loop
      vertex -21 23 0
      vertex -21 26.7157 1.65436
      vertex -21 26.4733 1.40331
    endloop
  endfacet
  facet normal -1 0 0
    outer loop
      vertex -21 27.1452 33.796
      vertex -21 23 36
      vertex -21 26.94 34.0783
    endloop
  endfacet
  facet normal -1 0 0
    outer loop
      vertex -21 23 0
      vertex -21 26.4733 1.40331
      vertex -21 26.2139 1.16978
    endloop
  endfacet
  facet normal -1 0 0
    outer loop
      vertex -21 26.94 34.0783
      vertex -21 23 36
      vertex -21 26.7157 34.3456
    endloop
  endfacet
  facet normal -1 0 0
    outer loop
      vertex -21 23 0
      vertex -21 26.2139 1.16978
      vertex -21 25.9389 0.954926
    endloop
  endfacet
  facet normal -1 0 0
    outer loop
      vertex -21 26.7157 34.3456
      vertex -21 23 36
      vertex -21 26.4733 34.5967
    endloop
  endfacet
  facet normal -1 0 0
    outer loop
      vertex -21 23 0
      vertex -21 25.9389 0.954926
      vertex -21 25.6496 0.759766
    endloop
  endfacet
  facet normal -1 0 0
    outer loop
      vertex -21 26.4733 34.5967
      vertex -21 23 36
      vertex -21 26.2139 34.8302
    endloop
  endfacet
  facet normal -1 0 0
    outer loop
      vertex -21 23 0
      vertex -21 25.6496 0.759766
      vertex -21 25.3474 0.585266
    endloop
  endfacet
  facet normal -1 0 0
    outer loop
      vertex -21 26.2139 34.8302
      vertex -21 23 36
      vertex -21 25.9389 35.0451
    endloop
  endfacet
  facet normal -1 0 0
    outer loop
      vertex -21 23 0
      vertex -21 25.3474 0.585266
      vertex -21 25.0337 0.432281
    endloop
  endfacet
  facet normal -1 0 0
    outer loop
      vertex -21 25.9389 35.0451
      vertex -21 23 36
      vertex -21 25.6496 35.2402
    endloop
  endfacet
  facet normal -1 0 0
    outer loop
      vertex -21 23 0
      vertex -21 25.0337 0.432281
      vertex -21 24.7101 0.301544
    endloop
  endfacet
  facet normal -1 0 0
    outer loop
      vertex -21 25.6496 35.2402
      vertex -21 23 36
      vertex -21 25.3474 35.4147
    endloop
  endfacet
  facet normal -1 0 0
    outer loop
      vertex -21 23 0
      vertex -21 24.7101 0.301544
      vertex -21 24.3782 0.193695
    endloop
  endfacet
  facet normal -1 0 0
    outer loop
      vertex -21 25.3474 35.4147
      vertex -21 23 36
      vertex -21 25.0337 35.5677
    endloop
  endfacet
  facet normal -1 0 0
    outer loop
      vertex -21 23 0
      vertex -21 24.3782 0.193695
      vertex -21 24.0396 0.109268
    endloop
  endfacet
  facet normal -1 0 0
    outer loop
      vertex -21 25.0337 35.5677
      vertex -21 23 36
      vertex -21 24.7101 35.6985
    endloop
  endfacet
  facet normal -1 0 0
    outer loop
      vertex -21 23 0
      vertex -21 24.0396 0.109268
      vertex -21 23.6959 0.0486603
    endloop
  endfacet
  facet normal -1 0 0
    outer loop
      vertex -21 24.7101 35.6985
      vertex -21 23 36
      vertex -21 24.3782 35.8063
    endloop
  endfacet
  facet normal -1 0 0
    outer loop
      vertex -21 23 0
      vertex -21 23.6959 0.0486603
      vertex -21 23.3488 0.0121918
    endloop
  endfacet
  facet normal -1 0 0
    outer loop
      vertex -21 24.3782 35.8063
      vertex -21 23 36
      vertex -21 24.0396 35.8907
    endloop
  endfacet
  facet normal -1 0 0
    outer loop
      vertex -21 24.0396 35.8907
      vertex -21 23 36
      vertex -21 23.6959 35.9513
    endloop
  endfacet
  facet normal -1 0 0
    outer loop
      vertex -21 23.6959 35.9513
      vertex -21 23 36
      vertex -21 23.3488 35.9878
    endloop
  endfacet
  facet normal -1 0 0
    outer loop
      vertex -21 -23 0
      vertex -21 23 36
      vertex -21 23 0
    endloop
  endfacet
  facet normal -1 0 0
    outer loop
      vertex -21 -23 0
      vertex -21 -23 36
      vertex -21 23 36
    endloop
  endfacet
  facet normal -1 0 0
    outer loop
      vertex -21 -27.9969 4.82552
      vertex -21 -23 0
      vertex -21 -23.3488 0.0121918
    endloop
  endfacet
  facet normal -1 0 0
    outer loop
      vertex -21 -23 0
      vertex -21 -27.9969 4.82552
      vertex -21 -23 36
    endloop
  endfacet
  facet normal -1 0 0
    outer loop
      vertex -21 -27.9969 4.82552
      vertex -21 -23.3488 0.0121918
      vertex -21 -23.6959 0.0486603
    endloop
  endfacet
  facet normal -1 0 0
    outer loop
      vertex -21 -27.9969 31.1745
      vertex -21 -23 36
      vertex -21 -27.9969 4.82552
    endloop
  endfacet
  facet normal -1 0 0
    outer loop
      vertex -21 -27.9969 4.82552
      vertex -21 -23.6959 0.0486603
      vertex -21 -24.0396 0.109268
    endloop
  endfacet
  facet normal -1 0 0
    outer loop
      vertex -21 -23 36
      vertex -21 -27.9969 31.1745
      vertex -21 -23.3488 35.9878
    endloop
  endfacet
  facet normal -1 0 0
    outer loop
      vertex -21 -27.9969 4.82552
      vertex -21 -24.0396 0.109268
      vertex -21 -24.3782 0.193695
    endloop
  endfacet
  facet normal -1 0 0
    outer loop
      vertex -21 -23.3488 35.9878
      vertex -21 -27.9969 31.1745
      vertex -21 -23.6959 35.9513
    endloop
  endfacet
  facet normal -1 0 0
    outer loop
      vertex -21 -27.9969 4.82552
      vertex -21 -24.3782 0.193695
      vertex -21 -24.7101 0.301544
    endloop
  endfacet
  facet normal -1 0 0
    outer loop
      vertex -21 -23.6959 35.9513
      vertex -21 -27.9969 31.1745
      vertex -21 -24.0396 35.8907
    endloop
  endfacet
  facet normal -1 0 0
    outer loop
      vertex -21 -27.9969 4.82552
      vertex -21 -24.7101 0.301544
      vertex -21 -25.0337 0.432281
    endloop
  endfacet
  facet normal -1 0 0
    outer loop
      vertex -21 -24.0396 35.8907
      vertex -21 -27.9969 31.1745
      vertex -21 -24.3782 35.8063
    endloop
  endfacet
  facet normal -1 0 0
    outer loop
      vertex -21 -27.9969 4.82552
      vertex -21 -25.0337 0.432281
      vertex -21 -25.3474 0.585266
    endloop
  endfacet
  facet normal -1 0 0
    outer loop
      vertex -21 -24.3782 35.8063
      vertex -21 -27.9969 31.1745
      vertex -21 -24.7101 35.6985
    endloop
  endfacet
  facet normal -1 0 0
    outer loop
      vertex -21 -27.9969 4.82552
      vertex -21 -25.3474 0.585266
      vertex -21 -25.6496 0.759766
    endloop
  endfacet
  facet normal -1 0 0
    outer loop
      vertex -21 -24.7101 35.6985
      vertex -21 -27.9969 31.1745
      vertex -21 -25.0337 35.5677
    endloop
  endfacet
  facet normal -1 0 0
    outer loop
      vertex -21 -27.9969 4.82552
      vertex -21 -25.6496 0.759766
      vertex -21 -25.9389 0.954926
    endloop
  endfacet
  facet normal -1 0 0
    outer loop
      vertex -21 -25.0337 35.5677
      vertex -21 -27.9969 31.1745
      vertex -21 -25.3474 35.4147
    endloop
  endfacet
  facet normal -1 0 0
    outer loop
      vertex -21 -27.9969 4.82552
      vertex -21 -25.9389 0.954926
      vertex -21 -26.2139 1.16978
    endloop
  endfacet
  facet normal -1 0 0
    outer loop
      vertex -21 -25.3474 35.4147
      vertex -21 -27.9969 31.1745
      vertex -21 -25.6496 35.2402
    endloop
  endfacet
  facet normal -1 0 0
    outer loop
      vertex -21 -27.9969 4.82552
      vertex -21 -26.2139 1.16978
      vertex -21 -26.4733 1.40331
    endloop
  endfacet
  facet normal -1 0 0
    outer loop
      vertex -21 -25.6496 35.2402
      vertex -21 -27.9969 31.1745
      vertex -21 -25.9389 35.0451
    endloop
  endfacet
  facet normal -1 0 0
    outer loop
      vertex -21 -27.9969 4.82552
      vertex -21 -26.4733 1.40331
      vertex -21 -26.7157 1.65436
    endloop
  endfacet
  facet normal -1 0 0
    outer loop
      vertex -21 -25.9389 35.0451
      vertex -21 -27.9969 31.1745
      vertex -21 -26.2139 34.8302
    endloop
  endfacet
  facet normal -1 0 0
    outer loop
      vertex -21 -27.9969 4.82552
      vertex -21 -26.7157 1.65436
      vertex -21 -26.94 1.92171
    endloop
  endfacet
  facet normal -1 0 0
    outer loop
      vertex -21 -26.2139 34.8302
      vertex -21 -27.9969 31.1745
      vertex -21 -26.4733 34.5967
    endloop
  endfacet
  facet normal -1 0 0
    outer loop
      vertex -21 -27.9969 4.82552
      vertex -21 -26.94 1.92171
      vertex -21 -27.1452 2.20404
    endloop
  endfacet
  facet normal -1 0 0
    outer loop
      vertex -21 -26.4733 34.5967
      vertex -21 -27.9969 31.1745
      vertex -21 -26.7157 34.3456
    endloop
  endfacet
  facet normal -1 0 0
    outer loop
      vertex -21 -27.9969 4.82552
      vertex -21 -27.1452 2.20404
      vertex -21 -27.3301 2.5
    endloop
  endfacet
  facet normal -1 0 0
    outer loop
      vertex -21 -26.7157 34.3456
      vertex -21 -27.9969 31.1745
      vertex -21 -26.94 34.0783
    endloop
  endfacet
  facet normal -1 0 0
    outer loop
      vertex -21 -27.9969 4.82552
      vertex -21 -27.3301 2.5
      vertex -21 -27.494 2.80815
    endloop
  endfacet
  facet normal -1 0 0
    outer loop
      vertex -21 -26.94 34.0783
      vertex -21 -27.9969 31.1745
      vertex -21 -27.1452 33.796
    endloop
  endfacet
  facet normal -1 0 0
    outer loop
      vertex -21 -27.9969 4.82552
      vertex -21 -27.494 2.80815
      vertex -21 -27.6359 3.12697
    endloop
  endfacet
  facet normal -1 0 0
    outer loop
      vertex -21 -27.1452 33.796
      vertex -21 -27.9969 31.1745
      vertex -21 -27.3301 33.5
    endloop
  endfacet
  facet normal -1 0 0
    outer loop
      vertex -21 -27.9969 4.82552
      vertex -21 -27.6359 3.12697
      vertex -21 -27.7553 3.45493
    endloop
  endfacet
  facet normal -1 0 0
    outer loop
      vertex -21 -27.3301 33.5
      vertex -21 -27.9969 31.1745
      vertex -21 -27.494 33.1918
    endloop
  endfacet
  facet normal -1 0 0
    outer loop
      vertex -21 -27.9969 4.82552
      vertex -21 -27.7553 3.45493
      vertex -21 -27.8515 3.79041
    endloop
  endfacet
  facet normal -1 0 0
    outer loop
      vertex -21 -27.494 33.1918
      vertex -21 -27.9969 31.1745
      vertex -21 -27.6359 32.873
    endloop
  endfacet
  facet normal -1 0 0
    outer loop
      vertex -21 -27.9969 4.82552
      vertex -21 -27.8515 3.79041
      vertex -21 -27.924 4.13176
    endloop
  endfacet
  facet normal -1 0 0
    outer loop
      vertex -21 -27.6359 32.873
      vertex -21 -27.9969 31.1745
      vertex -21 -27.7553 32.5451
    endloop
  endfacet
  facet normal -1 0 0
    outer loop
      vertex -21 -27.9969 4.82552
      vertex -21 -27.924 4.13176
      vertex -21 -27.9726 4.47737
    endloop
  endfacet
  facet normal -1 0 0
    outer loop
      vertex -21 -27.7553 32.5451
      vertex -21 -27.9969 31.1745
      vertex -21 -27.8515 32.2096
    endloop
  endfacet
  facet normal -1 0 0
    outer loop
      vertex -21 -27.8515 32.2096
      vertex -21 -27.9969 31.1745
      vertex -21 -27.924 31.8682
    endloop
  endfacet
  facet normal -1 0 0
    outer loop
      vertex -21 -27.924 31.8682
      vertex -21 -27.9969 31.1745
      vertex -21 -27.9726 31.5226
    endloop
  endfacet
  facet normal 0 0.997573 -0.0696281
    outer loop
      vertex 21 27.9726 4.47737
      vertex -21 27.9969 4.82552
      vertex 21 27.9969 4.82552
    endloop
  endfacet
  facet normal 0 0.997573 -0.0696281
    outer loop
      vertex -21 27.9969 4.82552
      vertex 21 27.9726 4.47737
      vertex -21 27.9726 4.47737
    endloop
  endfacet
  facet normal 0 1 -0
    outer loop
      vertex 21 27.9969 4.82552
      vertex -21 27.9969 31.1745
      vertex 21 27.9969 31.1745
    endloop
  endfacet
  facet normal 0 1 0
    outer loop
      vertex -21 27.9969 31.1745
      vertex 21 27.9969 4.82552
      vertex -21 27.9969 4.82552
    endloop
  endfacet
  facet normal 0 0.104491 -0.994526
    outer loop
      vertex -21 23.3488 0.0121918
      vertex 21 23.6959 0.0486603
      vertex 21 23.3488 0.0121918
    endloop
  endfacet
  facet normal 0 0.104491 -0.994526
    outer loop
      vertex 21 23.6959 0.0486603
      vertex -21 23.3488 0.0121918
      vertex -21 23.6959 0.0486603
    endloop
  endfacet
  facet normal 0 0.0349322 -0.99939
    outer loop
      vertex -21 23 0
      vertex 21 23.3488 0.0121918
      vertex 21 23 0
    endloop
  endfacet
  facet normal 0 0.0349322 -0.99939
    outer loop
      vertex 21 23.3488 0.0121918
      vertex -21 23 0
      vertex -21 23.3488 0.0121918
    endloop
  endfacet
  facet normal 0 -0.374747 0.927127
    outer loop
      vertex -21 -24.7101 35.6985
      vertex 21 -25.0337 35.5677
      vertex 21 -24.7101 35.6985
    endloop
  endfacet
  facet normal 0 -0.374747 0.927127
    outer loop
      vertex 21 -25.0337 35.5677
      vertex -21 -24.7101 35.6985
      vertex -21 -25.0337 35.5677
    endloop
  endfacet
  facet normal -0 0.374747 0.927127
    outer loop
      vertex -21 25.0337 35.5677
      vertex 21 24.7101 35.6985
      vertex 21 25.0337 35.5677
    endloop
  endfacet
  facet normal 0 0.374747 0.927127
    outer loop
      vertex 21 24.7101 35.6985
      vertex -21 25.0337 35.5677
      vertex -21 24.7101 35.6985
    endloop
  endfacet
  facet normal -0 0.0349557 0.999389
    outer loop
      vertex -21 23.3488 35.9878
      vertex 21 23 36
      vertex 21 23.3488 35.9878
    endloop
  endfacet
  facet normal 0 0.0349557 0.999389
    outer loop
      vertex 21 23 36
      vertex -21 23.3488 35.9878
      vertex -21 23 36
    endloop
  endfacet
  facet normal 0 0.719392 -0.694605
    outer loop
      vertex 21 26.4733 1.40331
      vertex -21 26.7157 1.65436
      vertex 21 26.7157 1.65436
    endloop
  endfacet
  facet normal 0 0.719392 -0.694605
    outer loop
      vertex -21 26.7157 1.65436
      vertex 21 26.4733 1.40331
      vertex -21 26.4733 1.40331
    endloop
  endfacet
  facet normal 0 -0.0349322 -0.99939
    outer loop
      vertex 21 -23.3488 0.0121918
      vertex -12.7153 -23 0
      vertex 21 -23 0
    endloop
  endfacet
  facet normal 1.49613e-08 -0.0349308 -0.99939
    outer loop
      vertex 21 -23.3488 0.0121918
      vertex -12.7926 -23.1737 0.00607118
      vertex -12.7153 -23 0
    endloop
  endfacet
  facet normal 0 -0.0349337 -0.99939
    outer loop
      vertex -12.7926 -23.1737 0.00607118
      vertex 21 -23.3488 0.0121918
      vertex -12.902 -23.3488 0.0121918
    endloop
  endfacet
  facet normal 0 -0.0348954 -0.999391
    outer loop
      vertex -21 -23.3488 0.0121918
      vertex -17.1201 -23.3248 0.0113538
      vertex -17.1027 -23.3488 0.0121918
    endloop
  endfacet
  facet normal 2.15392e-07 -0.0349302 -0.99939
    outer loop
      vertex -21 -23.3488 0.0121918
      vertex -17.2839 -23.0168 0.0005887
      vertex -17.1201 -23.3248 0.0113538
    endloop
  endfacet
  facet normal 8.00555e-06 -0.0350173 -0.999387
    outer loop
      vertex -21 -23.3488 0.0121918
      vertex -17.29 -23 0
      vertex -17.2839 -23.0168 0.0005887
    endloop
  endfacet
  facet normal -0 -0.0349322 -0.99939
    outer loop
      vertex -17.29 -23 0
      vertex -21 -23.3488 0.0121918
      vertex -21 -23 0
    endloop
  endfacet
  facet normal 0 -0.309038 -0.95105
    outer loop
      vertex 21 -24.7101 0.301544
      vertex -14.2488 -24.3782 0.193695
      vertex 21 -24.3782 0.193695
    endloop
  endfacet
  facet normal -3.69079e-06 -0.309393 -0.950934
    outer loop
      vertex 21 -24.7101 0.301544
      vertex -14.3952 -24.4257 0.20915
      vertex -14.2488 -24.3782 0.193695
    endloop
  endfacet
  facet normal 1.00461e-06 -0.308864 -0.951106
    outer loop
      vertex 21 -24.7101 0.301544
      vertex -14.7387 -24.4863 0.228829
      vertex -14.3952 -24.4257 0.20915
    endloop
  endfacet
  facet normal 3.69014e-06 -0.308476 -0.951232
    outer loop
      vertex 21 -24.7101 0.301544
      vertex -15.0872 -24.4985 0.232784
      vertex -14.7387 -24.4863 0.228829
    endloop
  endfacet
  facet normal 0 -0.309045 -0.951047
    outer loop
      vertex -21 -24.7101 0.301544
      vertex -15.0872 -24.4985 0.232784
      vertex 21 -24.7101 0.301544
    endloop
  endfacet
  facet normal -1.02815e-05 -0.308786 -0.951132
    outer loop
      vertex -21 -24.7101 0.301544
      vertex -15.4341 -24.462 0.220938
      vertex -15.0872 -24.4985 0.232784
    endloop
  endfacet
  facet normal 7.27369e-06 -0.309142 -0.951016
    outer loop
      vertex -21 -24.7101 0.301544
      vertex -15.7704 -24.3782 0.193695
      vertex -15.4341 -24.462 0.220938
    endloop
  endfacet
  facet normal -0 -0.309038 -0.95105
    outer loop
      vertex -15.7704 -24.3782 0.193695
      vertex -21 -24.7101 0.301544
      vertex -21 -24.3782 0.193695
    endloop
  endfacet
  facet normal 0 -1 0
    outer loop
      vertex -21 -27.9969 4.82552
      vertex 21 -27.9969 31.1745
      vertex -21 -27.9969 31.1745
    endloop
  endfacet
  facet normal 0 -1 -0
    outer loop
      vertex 21 -27.9969 31.1745
      vertex -21 -27.9969 4.82552
      vertex 21 -27.9969 4.82552
    endloop
  endfacet
  facet normal -0 0.438367 0.898796
    outer loop
      vertex -21 25.3474 35.4147
      vertex 21 25.0337 35.5677
      vertex 21 25.3474 35.4147
    endloop
  endfacet
  facet normal 0 0.438367 0.898796
    outer loop
      vertex 21 25.0337 35.5677
      vertex -21 25.3474 35.4147
      vertex -21 25.0337 35.5677
    endloop
  endfacet
  facet normal -0 0.500053 0.865995
    outer loop
      vertex -21 25.6496 35.2402
      vertex 21 25.3474 35.4147
      vertex 21 25.6496 35.2402
    endloop
  endfacet
  facet normal 0 0.500053 0.865995
    outer loop
      vertex 21 25.3474 35.4147
      vertex -21 25.6496 35.2402
      vertex -21 25.3474 35.4147
    endloop
  endfacet
  facet normal -0 0.559123 0.829084
    outer loop
      vertex -21 25.9389 35.0451
      vertex 21 25.6496 35.2402
      vertex 21 25.9389 35.0451
    endloop
  endfacet
  facet normal 0 0.559123 0.829084
    outer loop
      vertex 21 25.6496 35.2402
      vertex -21 25.9389 35.0451
      vertex -21 25.6496 35.2402
    endloop
  endfacet
  facet normal -0 0.173638 0.98481
    outer loop
      vertex -21 24.0396 35.8907
      vertex 21 23.6959 35.9513
      vertex 21 24.0396 35.8907
    endloop
  endfacet
  facet normal 0 0.173638 0.98481
    outer loop
      vertex 21 23.6959 35.9513
      vertex -21 24.0396 35.8907
      vertex -21 23.6959 35.9513
    endloop
  endfacet
  facet normal -0 0.308911 0.951091
    outer loop
      vertex -21 24.7101 35.6985
      vertex 21 24.3782 35.8063
      vertex 21 24.7101 35.6985
    endloop
  endfacet
  facet normal 0 0.308911 0.951091
    outer loop
      vertex 21 24.3782 35.8063
      vertex -21 24.7101 35.6985
      vertex -21 24.3782 35.8063
    endloop
  endfacet
  facet normal -0 0.10458 0.994516
    outer loop
      vertex -21 23.6959 35.9513
      vertex 21 23.3488 35.9878
      vertex 21 23.6959 35.9513
    endloop
  endfacet
  facet normal 0 0.10458 0.994516
    outer loop
      vertex 21 23.3488 35.9878
      vertex -21 23.6959 35.9513
      vertex -21 23.3488 35.9878
    endloop
  endfacet
  facet normal 0 0.438332 -0.898813
    outer loop
      vertex -21 25.0337 0.432281
      vertex 21 25.3474 0.585266
      vertex 21 25.0337 0.432281
    endloop
  endfacet
  facet normal 0 0.438332 -0.898813
    outer loop
      vertex 21 25.3474 0.585266
      vertex -21 25.0337 0.432281
      vertex -21 25.3474 0.585266
    endloop
  endfacet
  facet normal 0 0.882915 0.469532
    outer loop
      vertex 21 27.494 33.1918
      vertex -21 27.3301 33.5
      vertex 21 27.3301 33.5
    endloop
  endfacet
  facet normal 0 0.882915 0.469532
    outer loop
      vertex -21 27.3301 33.5
      vertex 21 27.494 33.1918
      vertex -21 27.494 33.1918
    endloop
  endfacet
  facet normal 0 -0.104486 -0.994526
    outer loop
      vertex -21 -23.6959 0.0486603
      vertex -16.9151 -23.607 0.0393204
      vertex -16.8293 -23.6959 0.0486603
    endloop
  endfacet
  facet normal 1.58137e-07 -0.104493 -0.994526
    outer loop
      vertex -21 -23.6959 0.0486603
      vertex -17.1027 -23.3488 0.0121918
      vertex -16.9151 -23.607 0.0393204
    endloop
  endfacet
  facet normal -0 -0.104491 -0.994526
    outer loop
      vertex -17.1027 -23.3488 0.0121918
      vertex -21 -23.6959 0.0486603
      vertex -21 -23.3488 0.0121918
    endloop
  endfacet
  facet normal 0 -0.104491 -0.994526
    outer loop
      vertex 21 -23.6959 0.0486603
      vertex -12.902 -23.3488 0.0121918
      vertex 21 -23.3488 0.0121918
    endloop
  endfacet
  facet normal 4.17427e-08 -0.104487 -0.994526
    outer loop
      vertex 21 -23.6959 0.0486603
      vertex -12.9775 -23.4695 0.0248728
      vertex -12.902 -23.3488 0.0121918
    endloop
  endfacet
  facet normal 0 -0.104493 -0.994526
    outer loop
      vertex -12.9775 -23.4695 0.0248728
      vertex 21 -23.6959 0.0486603
      vertex -13.1674 -23.6959 0.0486603
    endloop
  endfacet
  facet normal 0 -0.96126 -0.275644
    outer loop
      vertex -21 -27.7553 3.45493
      vertex 21 -27.8515 3.79041
      vertex -21 -27.8515 3.79041
    endloop
  endfacet
  facet normal 0 -0.96126 -0.275644
    outer loop
      vertex 21 -27.8515 3.79041
      vertex -21 -27.7553 3.45493
      vertex 21 -27.7553 3.45493
    endloop
  endfacet
  facet normal 0 -0.990257 0.139255
    outer loop
      vertex -21 -27.9726 31.5226
      vertex 21 -27.924 31.8682
      vertex -21 -27.924 31.8682
    endloop
  endfacet
  facet normal 0 -0.990257 0.139255
    outer loop
      vertex 21 -27.924 31.8682
      vertex -21 -27.9726 31.5226
      vertex 21 -27.9726 31.5226
    endloop
  endfacet
  facet normal 0 -0.978187 0.207729
    outer loop
      vertex -21 -27.924 31.8682
      vertex 21 -27.8515 32.2096
      vertex -21 -27.8515 32.2096
    endloop
  endfacet
  facet normal 0 -0.978187 0.207729
    outer loop
      vertex 21 -27.8515 32.2096
      vertex -21 -27.924 31.8682
      vertex 21 -27.924 31.8682
    endloop
  endfacet
  facet normal 0 -0.848127 0.529793
    outer loop
      vertex -21 -27.3301 33.5
      vertex 21 -27.1452 33.796
      vertex -21 -27.1452 33.796
    endloop
  endfacet
  facet normal 0 -0.848127 0.529793
    outer loop
      vertex 21 -27.1452 33.796
      vertex -21 -27.3301 33.5
      vertex 21 -27.3301 33.5
    endloop
  endfacet
  facet normal -0 0.241861 0.970311
    outer loop
      vertex -21 24.3782 35.8063
      vertex 21 24.0396 35.8907
      vertex 21 24.3782 35.8063
    endloop
  endfacet
  facet normal 0 0.241861 0.970311
    outer loop
      vertex 21 24.0396 35.8907
      vertex -21 24.3782 35.8063
      vertex -21 24.0396 35.8907
    endloop
  endfacet
  facet normal 0 0.309038 -0.95105
    outer loop
      vertex -21 24.3782 0.193695
      vertex 21 24.7101 0.301544
      vertex 21 24.3782 0.193695
    endloop
  endfacet
  facet normal 0 0.309038 -0.95105
    outer loop
      vertex 21 24.7101 0.301544
      vertex -21 24.3782 0.193695
      vertex -21 24.7101 0.301544
    endloop
  endfacet
  facet normal 0 0.97818 -0.207758
    outer loop
      vertex 21 27.8515 3.79041
      vertex -21 27.924 4.13176
      vertex 21 27.924 4.13176
    endloop
  endfacet
  facet normal 0 0.97818 -0.207758
    outer loop
      vertex -21 27.924 4.13176
      vertex 21 27.8515 3.79041
      vertex -21 27.8515 3.79041
    endloop
  endfacet
  facet normal 0 0.96126 -0.275644
    outer loop
      vertex 21 27.7553 3.45493
      vertex -21 27.8515 3.79041
      vertex 21 27.8515 3.79041
    endloop
  endfacet
  facet normal 0 0.96126 -0.275644
    outer loop
      vertex -21 27.8515 3.79041
      vertex 21 27.7553 3.45493
      vertex -21 27.7553 3.45493
    endloop
  endfacet
  facet normal 0 0.939663 -0.342102
    outer loop
      vertex 21 27.6359 3.12697
      vertex -21 27.7553 3.45493
      vertex 21 27.7553 3.45493
    endloop
  endfacet
  facet normal 0 0.939663 -0.342102
    outer loop
      vertex -21 27.7553 3.45493
      vertex 21 27.6359 3.12697
      vertex -21 27.6359 3.12697
    endloop
  endfacet
  facet normal 0 0.808914 -0.587926
    outer loop
      vertex 21 26.94 1.92171
      vertex -21 27.1452 2.20404
      vertex 21 27.1452 2.20404
    endloop
  endfacet
  facet normal 0 0.808914 -0.587926
    outer loop
      vertex -21 27.1452 2.20404
      vertex 21 26.94 1.92171
      vertex -21 26.94 1.92171
    endloop
  endfacet
  facet normal 0 0.766091 -0.642732
    outer loop
      vertex 21 26.7157 1.65436
      vertex -21 26.94 1.92171
      vertex 21 26.94 1.92171
    endloop
  endfacet
  facet normal 0 0.766091 -0.642732
    outer loop
      vertex -21 26.94 1.92171
      vertex 21 26.7157 1.65436
      vertex -21 26.7157 1.65436
    endloop
  endfacet
  facet normal 0 0.848095 -0.529844
    outer loop
      vertex 21 27.1452 2.20404
      vertex -21 27.3301 2.5
      vertex 21 27.3301 2.5
    endloop
  endfacet
  facet normal 0 0.848095 -0.529844
    outer loop
      vertex -21 27.3301 2.5
      vertex 21 27.1452 2.20404
      vertex -21 27.1452 2.20404
    endloop
  endfacet
  facet normal 0 0.913596 -0.406622
    outer loop
      vertex 21 27.494 2.80815
      vertex -21 27.6359 3.12697
      vertex 21 27.6359 3.12697
    endloop
  endfacet
  facet normal 0 0.913596 -0.406622
    outer loop
      vertex -21 27.6359 3.12697
      vertex 21 27.494 2.80815
      vertex -21 27.494 2.80815
    endloop
  endfacet
  facet normal 0 0.669076 -0.743194
    outer loop
      vertex -21 26.2139 1.16978
      vertex 21 26.4733 1.40331
      vertex 21 26.2139 1.16978
    endloop
  endfacet
  facet normal 0 0.669076 -0.743194
    outer loop
      vertex 21 26.4733 1.40331
      vertex -21 26.2139 1.16978
      vertex -21 26.4733 1.40331
    endloop
  endfacet
  facet normal 0 0.615662 -0.78801
    outer loop
      vertex -21 25.9389 0.954926
      vertex 21 26.2139 1.16978
      vertex 21 25.9389 0.954926
    endloop
  endfacet
  facet normal 0 0.615662 -0.78801
    outer loop
      vertex 21 26.2139 1.16978
      vertex -21 25.9389 0.954926
      vertex -21 26.2139 1.16978
    endloop
  endfacet
  facet normal 0 0.374592 -0.92719
    outer loop
      vertex -21 24.7101 0.301544
      vertex 21 25.0337 0.432281
      vertex 21 24.7101 0.301544
    endloop
  endfacet
  facet normal 0 0.374592 -0.92719
    outer loop
      vertex 21 25.0337 0.432281
      vertex -21 24.7101 0.301544
      vertex -21 25.0337 0.432281
    endloop
  endfacet
  facet normal 0 0.939643 0.342157
    outer loop
      vertex 21 27.7553 32.5451
      vertex -21 27.6359 32.873
      vertex 21 27.6359 32.873
    endloop
  endfacet
  facet normal 0 0.939643 0.342157
    outer loop
      vertex -21 27.6359 32.873
      vertex 21 27.7553 32.5451
      vertex -21 27.7553 32.5451
    endloop
  endfacet
  facet normal 0 0.961264 0.275629
    outer loop
      vertex 21 27.8515 32.2096
      vertex -21 27.7553 32.5451
      vertex 21 27.7553 32.5451
    endloop
  endfacet
  facet normal 0 0.961264 0.275629
    outer loop
      vertex -21 27.7553 32.5451
      vertex 21 27.8515 32.2096
      vertex -21 27.8515 32.2096
    endloop
  endfacet
  facet normal 0 0.766032 0.642802
    outer loop
      vertex 21 26.94 34.0783
      vertex -21 26.7157 34.3456
      vertex 21 26.7157 34.3456
    endloop
  endfacet
  facet normal 0 0.766032 0.642802
    outer loop
      vertex -21 26.7157 34.3456
      vertex 21 26.94 34.0783
      vertex -21 26.94 34.0783
    endloop
  endfacet
  facet normal 0 0.848127 0.529793
    outer loop
      vertex 21 27.3301 33.5
      vertex -21 27.1452 33.796
      vertex 21 27.1452 33.796
    endloop
  endfacet
  facet normal 0 0.848127 0.529793
    outer loop
      vertex -21 27.1452 33.796
      vertex 21 27.3301 33.5
      vertex -21 27.3301 33.5
    endloop
  endfacet
  facet normal 0 0.719461 0.694533
    outer loop
      vertex 21 26.7157 34.3456
      vertex -21 26.4733 34.5967
      vertex 21 26.4733 34.5967
    endloop
  endfacet
  facet normal 0 0.719461 0.694533
    outer loop
      vertex -21 26.4733 34.5967
      vertex 21 26.7157 34.3456
      vertex -21 26.7157 34.3456
    endloop
  endfacet
  facet normal -0 0.615744 0.787946
    outer loop
      vertex -21 26.2139 34.8302
      vertex 21 25.9389 35.0451
      vertex 21 26.2139 34.8302
    endloop
  endfacet
  facet normal 0 0.615744 0.787946
    outer loop
      vertex 21 25.9389 35.0451
      vertex -21 26.2139 34.8302
      vertex -21 25.9389 35.0451
    endloop
  endfacet
  facet normal 0 -0.559242 -0.829005
    outer loop
      vertex -21 -25.9389 0.954926
      vertex 21 -25.6496 0.759766
      vertex 21 -25.9389 0.954926
    endloop
  endfacet
  facet normal -0 -0.559242 -0.829005
    outer loop
      vertex 21 -25.6496 0.759766
      vertex -21 -25.9389 0.954926
      vertex -21 -25.6496 0.759766
    endloop
  endfacet
  facet normal 0 -0.438332 -0.898813
    outer loop
      vertex -21 -25.3474 0.585266
      vertex 21 -25.0337 0.432281
      vertex 21 -25.3474 0.585266
    endloop
  endfacet
  facet normal -0 -0.438332 -0.898813
    outer loop
      vertex 21 -25.0337 0.432281
      vertex -21 -25.3474 0.585266
      vertex -21 -25.0337 0.432281
    endloop
  endfacet
  facet normal 0 -0.241934 -0.970293
    outer loop
      vertex 21 -24.3782 0.193695
      vertex -13.5639 -24.0396 0.109268
      vertex 21 -24.0396 0.109268
    endloop
  endfacet
  facet normal -4.87926e-08 -0.241939 -0.970292
    outer loop
      vertex 21 -24.3782 0.193695
      vertex -13.75 -24.1651 0.140561
      vertex -13.5639 -24.0396 0.109268
    endloop
  endfacet
  facet normal 1.08841e-07 -0.241915 -0.970298
    outer loop
      vertex 21 -24.3782 0.193695
      vertex -14.0635 -24.318 0.178682
      vertex -13.75 -24.1651 0.140561
    endloop
  endfacet
  facet normal 0 -0.241974 -0.970283
    outer loop
      vertex -14.0635 -24.318 0.178682
      vertex 21 -24.3782 0.193695
      vertex -14.2488 -24.3782 0.193695
    endloop
  endfacet
  facet normal 0 -0.216414 -0.976302
    outer loop
      vertex -21 -24.3782 0.193695
      vertex -15.7725 -24.3776 0.193562
      vertex -15.7704 -24.3782 0.193695
    endloop
  endfacet
  facet normal 3.09138e-06 -0.242011 -0.970274
    outer loop
      vertex -21 -24.3782 0.193695
      vertex -16.0959 -24.247 0.160986
      vertex -15.7725 -24.3776 0.193562
    endloop
  endfacet
  facet normal -5.20437e-09 -0.241902 -0.970301
    outer loop
      vertex -21 -24.3782 0.193695
      vertex -16.398 -24.0726 0.117507
      vertex -16.0959 -24.247 0.160986
    endloop
  endfacet
  facet normal 2.13977e-05 -0.242205 -0.970225
    outer loop
      vertex -21 -24.3782 0.193695
      vertex -16.4403 -24.0396 0.109268
      vertex -16.398 -24.0726 0.117507
    endloop
  endfacet
  facet normal -0 -0.241934 -0.970293
    outer loop
      vertex -16.4403 -24.0396 0.109268
      vertex -21 -24.3782 0.193695
      vertex -21 -24.0396 0.109268
    endloop
  endfacet
  facet normal 0 -0.17366 -0.984806
    outer loop
      vertex 21 -24.0396 0.109268
      vertex -13.1674 -23.6959 0.0486603
      vertex 21 -23.6959 0.0486603
    endloop
  endfacet
  facet normal -3.62117e-06 -0.174009 -0.984744
    outer loop
      vertex 21 -24.0396 0.109268
      vertex -13.2017 -23.7366 0.0558523
      vertex -13.1674 -23.6959 0.0486603
    endloop
  endfacet
  facet normal -3.5332e-07 -0.173651 -0.984807
    outer loop
      vertex 21 -24.0396 0.109268
      vertex -13.4608 -23.97 0.0970078
      vertex -13.2017 -23.7366 0.0558523
    endloop
  endfacet
  facet normal 0 -0.173481 -0.984837
    outer loop
      vertex -13.4608 -23.97 0.0970078
      vertex 21 -24.0396 0.109268
      vertex -13.5639 -24.0396 0.109268
    endloop
  endfacet
  facet normal 0 -0.173654 -0.984807
    outer loop
      vertex -21 -24.0396 0.109268
      vertex -16.6728 -23.8579 0.0772282
      vertex -16.4403 -24.0396 0.109268
    endloop
  endfacet
  facet normal 4.58797e-07 -0.173665 -0.984805
    outer loop
      vertex -21 -24.0396 0.109268
      vertex -16.8293 -23.6959 0.0486603
      vertex -16.6728 -23.8579 0.0772282
    endloop
  endfacet
  facet normal -0 -0.17366 -0.984806
    outer loop
      vertex -16.8293 -23.6959 0.0486603
      vertex -21 -24.0396 0.109268
      vertex -21 -23.6959 0.0486603
    endloop
  endfacet
  facet normal 0 -0.939663 -0.342102
    outer loop
      vertex -21 -27.6359 3.12697
      vertex 21 -27.7553 3.45493
      vertex -21 -27.7553 3.45493
    endloop
  endfacet
  facet normal 0 -0.939663 -0.342102
    outer loop
      vertex 21 -27.7553 3.45493
      vertex -21 -27.6359 3.12697
      vertex 21 -27.6359 3.12697
    endloop
  endfacet
  facet normal 0 -0.913596 -0.406622
    outer loop
      vertex -21 -27.494 2.80815
      vertex 21 -27.6359 3.12697
      vertex -21 -27.6359 3.12697
    endloop
  endfacet
  facet normal 0 -0.913596 -0.406622
    outer loop
      vertex 21 -27.6359 3.12697
      vertex -21 -27.494 2.80815
      vertex 21 -27.494 2.80815
    endloop
  endfacet
  facet normal 0 -0.669076 -0.743194
    outer loop
      vertex -21 -26.4733 1.40331
      vertex 21 -26.2139 1.16978
      vertex 21 -26.4733 1.40331
    endloop
  endfacet
  facet normal -0 -0.669076 -0.743194
    outer loop
      vertex 21 -26.2139 1.16978
      vertex -21 -26.4733 1.40331
      vertex -21 -26.2139 1.16978
    endloop
  endfacet
  facet normal 0 -0.961264 0.275629
    outer loop
      vertex -21 -27.8515 32.2096
      vertex 21 -27.7553 32.5451
      vertex -21 -27.7553 32.5451
    endloop
  endfacet
  facet normal 0 -0.961264 0.275629
    outer loop
      vertex 21 -27.7553 32.5451
      vertex -21 -27.8515 32.2096
      vertex 21 -27.8515 32.2096
    endloop
  endfacet
  facet normal 0 -0.997572 0.0696381
    outer loop
      vertex -21 -27.9969 31.1745
      vertex 21 -27.9726 31.5226
      vertex -21 -27.9726 31.5226
    endloop
  endfacet
  facet normal 0 -0.997572 0.0696381
    outer loop
      vertex 21 -27.9726 31.5226
      vertex -21 -27.9969 31.1745
      vertex 21 -27.9969 31.1745
    endloop
  endfacet
  facet normal 0 -0.808885 0.587967
    outer loop
      vertex -21 -27.1452 33.796
      vertex 21 -26.94 34.0783
      vertex -21 -26.94 34.0783
    endloop
  endfacet
  facet normal 0 -0.808885 0.587967
    outer loop
      vertex 21 -26.94 34.0783
      vertex -21 -27.1452 33.796
      vertex 21 -27.1452 33.796
    endloop
  endfacet
  facet normal 0 -0.766032 0.642802
    outer loop
      vertex -21 -26.94 34.0783
      vertex 21 -26.7157 34.3456
      vertex -21 -26.7157 34.3456
    endloop
  endfacet
  facet normal 0 -0.766032 0.642802
    outer loop
      vertex 21 -26.7157 34.3456
      vertex -21 -26.94 34.0783
      vertex 21 -26.94 34.0783
    endloop
  endfacet
  facet normal 0 -0.719461 0.694533
    outer loop
      vertex -21 -26.7157 34.3456
      vertex 21 -26.4733 34.5967
      vertex -21 -26.4733 34.5967
    endloop
  endfacet
  facet normal 0 -0.719461 0.694533
    outer loop
      vertex 21 -26.4733 34.5967
      vertex -21 -26.7157 34.3456
      vertex 21 -26.7157 34.3456
    endloop
  endfacet
  facet normal 0 0.990257 -0.139251
    outer loop
      vertex 21 27.924 4.13176
      vertex -21 27.9726 4.47737
      vertex 21 27.9726 4.47737
    endloop
  endfacet
  facet normal 0 0.990257 -0.139251
    outer loop
      vertex -21 27.9726 4.47737
      vertex 21 27.924 4.13176
      vertex -21 27.924 4.13176
    endloop
  endfacet
  facet normal 0 0.882884 -0.469592
    outer loop
      vertex 21 27.3301 2.5
      vertex -21 27.494 2.80815
      vertex 21 27.494 2.80815
    endloop
  endfacet
  facet normal 0 0.882884 -0.469592
    outer loop
      vertex -21 27.494 2.80815
      vertex 21 27.3301 2.5
      vertex -21 27.3301 2.5
    endloop
  endfacet
  facet normal 0 0.559242 -0.829005
    outer loop
      vertex -21 25.6496 0.759766
      vertex 21 25.9389 0.954926
      vertex 21 25.6496 0.759766
    endloop
  endfacet
  facet normal 0 0.559242 -0.829005
    outer loop
      vertex 21 25.9389 0.954926
      vertex -21 25.6496 0.759766
      vertex -21 25.9389 0.954926
    endloop
  endfacet
  facet normal 0 0.500053 -0.865995
    outer loop
      vertex -21 25.3474 0.585266
      vertex 21 25.6496 0.759766
      vertex 21 25.3474 0.585266
    endloop
  endfacet
  facet normal 0 0.500053 -0.865995
    outer loop
      vertex 21 25.6496 0.759766
      vertex -21 25.3474 0.585266
      vertex -21 25.6496 0.759766
    endloop
  endfacet
  facet normal 0 0.241934 -0.970293
    outer loop
      vertex -21 24.0396 0.109268
      vertex 21 24.3782 0.193695
      vertex 21 24.0396 0.109268
    endloop
  endfacet
  facet normal 0 0.241934 -0.970293
    outer loop
      vertex 21 24.3782 0.193695
      vertex -21 24.0396 0.109268
      vertex -21 24.3782 0.193695
    endloop
  endfacet
  facet normal 0 0.17366 -0.984806
    outer loop
      vertex -21 23.6959 0.0486603
      vertex 21 24.0396 0.109268
      vertex 21 23.6959 0.0486603
    endloop
  endfacet
  facet normal 0 0.17366 -0.984806
    outer loop
      vertex 21 24.0396 0.109268
      vertex -21 23.6959 0.0486603
      vertex -21 24.0396 0.109268
    endloop
  endfacet
  facet normal 0 0.913587 0.406644
    outer loop
      vertex 21 27.6359 32.873
      vertex -21 27.494 33.1918
      vertex 21 27.494 33.1918
    endloop
  endfacet
  facet normal 0 0.913587 0.406644
    outer loop
      vertex -21 27.494 33.1918
      vertex 21 27.6359 32.873
      vertex -21 27.6359 32.873
    endloop
  endfacet
  facet normal 0 0.978187 0.207729
    outer loop
      vertex 21 27.924 31.8682
      vertex -21 27.8515 32.2096
      vertex 21 27.8515 32.2096
    endloop
  endfacet
  facet normal 0 0.978187 0.207729
    outer loop
      vertex -21 27.8515 32.2096
      vertex 21 27.924 31.8682
      vertex -21 27.924 31.8682
    endloop
  endfacet
  facet normal 0 0.990257 0.139255
    outer loop
      vertex 21 27.9726 31.5226
      vertex -21 27.924 31.8682
      vertex 21 27.924 31.8682
    endloop
  endfacet
  facet normal 0 0.990257 0.139255
    outer loop
      vertex -21 27.924 31.8682
      vertex 21 27.9726 31.5226
      vertex -21 27.9726 31.5226
    endloop
  endfacet
  facet normal 0 0.997572 0.0696381
    outer loop
      vertex 21 27.9969 31.1745
      vertex -21 27.9726 31.5226
      vertex 21 27.9726 31.5226
    endloop
  endfacet
  facet normal 0 0.997572 0.0696381
    outer loop
      vertex -21 27.9726 31.5226
      vertex 21 27.9969 31.1745
      vertex -21 27.9969 31.1745
    endloop
  endfacet
  facet normal 0 0.808885 0.587967
    outer loop
      vertex 21 27.1452 33.796
      vertex -21 26.94 34.0783
      vertex 21 26.94 34.0783
    endloop
  endfacet
  facet normal 0 0.808885 0.587967
    outer loop
      vertex -21 26.94 34.0783
      vertex 21 27.1452 33.796
      vertex -21 27.1452 33.796
    endloop
  endfacet
  facet normal -0 0.669028 0.743237
    outer loop
      vertex -21 26.4733 34.5967
      vertex 21 26.2139 34.8302
      vertex 21 26.4733 34.5967
    endloop
  endfacet
  facet normal 0 0.669028 0.743237
    outer loop
      vertex 21 26.2139 34.8302
      vertex -21 26.4733 34.5967
      vertex -21 26.2139 34.8302
    endloop
  endfacet
  facet normal 0 -0.997573 -0.0696281
    outer loop
      vertex -21 -27.9726 4.47737
      vertex 21 -27.9969 4.82552
      vertex -21 -27.9969 4.82552
    endloop
  endfacet
  facet normal 0 -0.997573 -0.0696281
    outer loop
      vertex 21 -27.9969 4.82552
      vertex -21 -27.9726 4.47737
      vertex 21 -27.9726 4.47737
    endloop
  endfacet
  facet normal 0 -0.97818 -0.207758
    outer loop
      vertex -21 -27.8515 3.79041
      vertex 21 -27.924 4.13176
      vertex -21 -27.924 4.13176
    endloop
  endfacet
  facet normal 0 -0.97818 -0.207758
    outer loop
      vertex 21 -27.924 4.13176
      vertex -21 -27.8515 3.79041
      vertex 21 -27.8515 3.79041
    endloop
  endfacet
  facet normal 0 -0.848095 -0.529844
    outer loop
      vertex -21 -27.1452 2.20404
      vertex 21 -27.3301 2.5
      vertex -21 -27.3301 2.5
    endloop
  endfacet
  facet normal 0 -0.848095 -0.529844
    outer loop
      vertex 21 -27.3301 2.5
      vertex -21 -27.1452 2.20404
      vertex 21 -27.1452 2.20404
    endloop
  endfacet
  facet normal 0 -0.719392 -0.694605
    outer loop
      vertex -21 -26.4733 1.40331
      vertex 21 -26.7157 1.65436
      vertex -21 -26.7157 1.65436
    endloop
  endfacet
  facet normal 0 -0.719392 -0.694605
    outer loop
      vertex 21 -26.7157 1.65436
      vertex -21 -26.4733 1.40331
      vertex 21 -26.4733 1.40331
    endloop
  endfacet
  facet normal 0 -0.939643 0.342157
    outer loop
      vertex -21 -27.7553 32.5451
      vertex 21 -27.6359 32.873
      vertex -21 -27.6359 32.873
    endloop
  endfacet
  facet normal 0 -0.939643 0.342157
    outer loop
      vertex 21 -27.6359 32.873
      vertex -21 -27.7553 32.5451
      vertex 21 -27.7553 32.5451
    endloop
  endfacet
  facet normal 0 -0.669028 0.743237
    outer loop
      vertex -21 -26.2139 34.8302
      vertex 21 -26.4733 34.5967
      vertex 21 -26.2139 34.8302
    endloop
  endfacet
  facet normal 0 -0.669028 0.743237
    outer loop
      vertex 21 -26.4733 34.5967
      vertex -21 -26.2139 34.8302
      vertex -21 -26.4733 34.5967
    endloop
  endfacet
  facet normal 0 -0.615744 0.787946
    outer loop
      vertex -21 -25.9389 35.0451
      vertex 21 -26.2139 34.8302
      vertex 21 -25.9389 35.0451
    endloop
  endfacet
  facet normal 0 -0.615744 0.787946
    outer loop
      vertex 21 -26.2139 34.8302
      vertex -21 -25.9389 35.0451
      vertex -21 -26.2139 34.8302
    endloop
  endfacet
  facet normal 0 -0.438367 0.898796
    outer loop
      vertex -21 -25.0337 35.5677
      vertex 21 -25.3474 35.4147
      vertex 21 -25.0337 35.5677
    endloop
  endfacet
  facet normal 0 -0.438367 0.898796
    outer loop
      vertex 21 -25.3474 35.4147
      vertex -21 -25.0337 35.5677
      vertex -21 -25.3474 35.4147
    endloop
  endfacet
  facet normal 0 -0.615662 -0.78801
    outer loop
      vertex -21 -26.2139 1.16978
      vertex 21 -25.9389 0.954926
      vertex 21 -26.2139 1.16978
    endloop
  endfacet
  facet normal -0 -0.615662 -0.78801
    outer loop
      vertex 21 -25.9389 0.954926
      vertex -21 -26.2139 1.16978
      vertex -21 -25.9389 0.954926
    endloop
  endfacet
  facet normal 0 -0.500053 -0.865995
    outer loop
      vertex -21 -25.6496 0.759766
      vertex 21 -25.3474 0.585266
      vertex 21 -25.6496 0.759766
    endloop
  endfacet
  facet normal -0 -0.500053 -0.865995
    outer loop
      vertex 21 -25.3474 0.585266
      vertex -21 -25.6496 0.759766
      vertex -21 -25.3474 0.585266
    endloop
  endfacet
  facet normal 0 -0.374592 -0.92719
    outer loop
      vertex -21 -25.0337 0.432281
      vertex 21 -24.7101 0.301544
      vertex 21 -25.0337 0.432281
    endloop
  endfacet
  facet normal -0 -0.374592 -0.92719
    outer loop
      vertex 21 -24.7101 0.301544
      vertex -21 -25.0337 0.432281
      vertex -21 -24.7101 0.301544
    endloop
  endfacet
  facet normal 0 -0.990257 -0.139251
    outer loop
      vertex -21 -27.924 4.13176
      vertex 21 -27.9726 4.47737
      vertex -21 -27.9726 4.47737
    endloop
  endfacet
  facet normal 0 -0.990257 -0.139251
    outer loop
      vertex 21 -27.9726 4.47737
      vertex -21 -27.924 4.13176
      vertex 21 -27.924 4.13176
    endloop
  endfacet
  facet normal 0 -0.882915 0.469532
    outer loop
      vertex -21 -27.494 33.1918
      vertex 21 -27.3301 33.5
      vertex -21 -27.3301 33.5
    endloop
  endfacet
  facet normal 0 -0.882915 0.469532
    outer loop
      vertex 21 -27.3301 33.5
      vertex -21 -27.494 33.1918
      vertex 21 -27.494 33.1918
    endloop
  endfacet
  facet normal 0 -0.913587 0.406644
    outer loop
      vertex -21 -27.6359 32.873
      vertex 21 -27.494 33.1918
      vertex -21 -27.494 33.1918
    endloop
  endfacet
  facet normal 0 -0.913587 0.406644
    outer loop
      vertex 21 -27.494 33.1918
      vertex -21 -27.6359 32.873
      vertex 21 -27.6359 32.873
    endloop
  endfacet
  facet normal 0 -0.882884 -0.469592
    outer loop
      vertex -21 -27.3301 2.5
      vertex 21 -27.494 2.80815
      vertex -21 -27.494 2.80815
    endloop
  endfacet
  facet normal 0 -0.882884 -0.469592
    outer loop
      vertex 21 -27.494 2.80815
      vertex -21 -27.3301 2.5
      vertex 21 -27.3301 2.5
    endloop
  endfacet
  facet normal 0 -0.766091 -0.642732
    outer loop
      vertex -21 -26.7157 1.65436
      vertex 21 -26.94 1.92171
      vertex -21 -26.94 1.92171
    endloop
  endfacet
  facet normal 0 -0.766091 -0.642732
    outer loop
      vertex 21 -26.94 1.92171
      vertex -21 -26.7157 1.65436
      vertex 21 -26.7157 1.65436
    endloop
  endfacet
  facet normal 0 -0.808914 -0.587926
    outer loop
      vertex -21 -26.94 1.92171
      vertex 21 -27.1452 2.20404
      vertex -21 -27.1452 2.20404
    endloop
  endfacet
  facet normal 0 -0.808914 -0.587926
    outer loop
      vertex 21 -27.1452 2.20404
      vertex -21 -26.94 1.92171
      vertex 21 -26.94 1.92171
    endloop
  endfacet
  facet normal 0 -0.559123 0.829084
    outer loop
      vertex -21 -25.6496 35.2402
      vertex 21 -25.9389 35.0451
      vertex 21 -25.6496 35.2402
    endloop
  endfacet
  facet normal 0 -0.559123 0.829084
    outer loop
      vertex 21 -25.9389 35.0451
      vertex -21 -25.6496 35.2402
      vertex -21 -25.9389 35.0451
    endloop
  endfacet
  facet normal 0 -0.500053 0.865995
    outer loop
      vertex -21 -25.3474 35.4147
      vertex 21 -25.6496 35.2402
      vertex 21 -25.3474 35.4147
    endloop
  endfacet
  facet normal 0 -0.500053 0.865995
    outer loop
      vertex 21 -25.6496 35.2402
      vertex -21 -25.3474 35.4147
      vertex -21 -25.6496 35.2402
    endloop
  endfacet
  facet normal 0 -0.308911 0.951091
    outer loop
      vertex -14.2488 -24.3782 35.8063
      vertex 21 -24.7101 35.6985
      vertex 21 -24.3782 35.8063
    endloop
  endfacet
  facet normal 5.10158e-06 -0.308421 0.95125
    outer loop
      vertex -14.3952 -24.4257 35.7909
      vertex 21 -24.7101 35.6985
      vertex -14.2488 -24.3782 35.8063
    endloop
  endfacet
  facet normal -1.37395e-06 -0.30915 0.951013
    outer loop
      vertex -14.7387 -24.4863 35.7712
      vertex 21 -24.7101 35.6985
      vertex -14.3952 -24.4257 35.7909
    endloop
  endfacet
  facet normal -1.52721e-05 -0.311157 0.950359
    outer loop
      vertex -15.0872 -24.4985 35.7672
      vertex 21 -24.7101 35.6985
      vertex -14.7387 -24.4863 35.7712
    endloop
  endfacet
  facet normal 0 -0.308911 0.951091
    outer loop
      vertex -21 -24.7101 35.6985
      vertex -15.7704 -24.3782 35.8063
      vertex -21 -24.3782 35.8063
    endloop
  endfacet
  facet normal -1.03095e-05 -0.308764 0.951139
    outer loop
      vertex -15.7704 -24.3782 35.8063
      vertex -21 -24.7101 35.6985
      vertex -15.4341 -24.462 35.7791
    endloop
  endfacet
  facet normal 0 -0.308801 0.951127
    outer loop
      vertex -15.0872 -24.4985 35.7672
      vertex -21 -24.7101 35.6985
      vertex 21 -24.7101 35.6985
    endloop
  endfacet
  facet normal 3.44869e-05 -0.309673 0.950843
    outer loop
      vertex -15.4341 -24.462 35.7791
      vertex -21 -24.7101 35.6985
      vertex -15.0872 -24.4985 35.7672
    endloop
  endfacet
  facet normal 0 -0.241861 0.970311
    outer loop
      vertex -13.5639 -24.0396 35.8907
      vertex 21 -24.3782 35.8063
      vertex 21 -24.0396 35.8907
    endloop
  endfacet
  facet normal -1.31846e-06 -0.241988 0.970279
    outer loop
      vertex -13.75 -24.1651 35.8594
      vertex 21 -24.3782 35.8063
      vertex -13.5639 -24.0396 35.8907
    endloop
  endfacet
  facet normal -2.16427e-08 -0.241789 0.970329
    outer loop
      vertex -14.0635 -24.318 35.8213
      vertex 21 -24.3782 35.8063
      vertex -13.75 -24.1651 35.8594
    endloop
  endfacet
  facet normal 0 -0.241777 0.970332
    outer loop
      vertex 21 -24.3782 35.8063
      vertex -14.0635 -24.318 35.8213
      vertex -14.2488 -24.3782 35.8063
    endloop
  endfacet
  facet normal 0 -0.241861 0.970311
    outer loop
      vertex -21 -24.3782 35.8063
      vertex -16.4403 -24.0396 35.8907
      vertex -21 -24.0396 35.8907
    endloop
  endfacet
  facet normal -5.11169e-05 -0.241213 0.970472
    outer loop
      vertex -16.4403 -24.0396 35.8907
      vertex -21 -24.3782 35.8063
      vertex -16.398 -24.0726 35.8825
    endloop
  endfacet
  facet normal 4.68381e-06 -0.242004 0.970275
    outer loop
      vertex -16.398 -24.0726 35.8825
      vertex -21 -24.3782 35.8063
      vertex -16.0959 -24.247 35.839
    endloop
  endfacet
  facet normal 9.23485e-06 -0.242164 0.970235
    outer loop
      vertex -16.0959 -24.247 35.839
      vertex -21 -24.3782 35.8063
      vertex -15.7725 -24.3776 35.8064
    endloop
  endfacet
  facet normal 0 -0.164399 0.986394
    outer loop
      vertex -15.7725 -24.3776 35.8064
      vertex -21 -24.3782 35.8063
      vertex -15.7704 -24.3782 35.8063
    endloop
  endfacet
  facet normal 0.499962 -0.866047 0
    outer loop
      vertex -16.398 -19.9274 0
      vertex -16.0959 -19.753 36
      vertex -16.398 -19.9274 36
    endloop
  endfacet
  facet normal 0.499962 -0.866047 0
    outer loop
      vertex -16.0959 -19.753 36
      vertex -16.398 -19.9274 0
      vertex -16.0959 -19.753 0
    endloop
  endfacet
  facet normal -0.96122 -0.275781 0
    outer loop
      vertex -12.5546 -21.4802 0
      vertex -12.6508 -21.1449 36
      vertex -12.6508 -21.1449 0
    endloop
  endfacet
  facet normal -0.96122 -0.275781 0
    outer loop
      vertex -12.6508 -21.1449 36
      vertex -12.5546 -21.4802 0
      vertex -12.5546 -21.4802 36
    endloop
  endfacet
  facet normal 0.978162 0.207845 0
    outer loop
      vertex -17.4032 -22.6891 36
      vertex -17.4757 -22.3479 0
      vertex -17.4757 -22.3479 36
    endloop
  endfacet
  facet normal 0.978162 0.207845 0
    outer loop
      vertex -17.4757 -22.3479 0
      vertex -17.4032 -22.6891 36
      vertex -17.4032 -22.6891 0
    endloop
  endfacet
  facet normal -0.310159 0.950539 0.0166657
    outer loop
      vertex -14.0635 -24.318 35.8213
      vertex -14.3952 -24.4257 35.7909
      vertex -14.2488 -24.3782 35.8063
    endloop
  endfacet
  facet normal -0.30882 0.95112 0
    outer loop
      vertex -14.0635 -24.318 35.8213
      vertex -14.3952 -24.4257 0.20915
      vertex -14.3952 -24.4257 35.7909
    endloop
  endfacet
  facet normal -0.30882 0.95112 0
    outer loop
      vertex -14.0635 -24.318 0.178682
      vertex -14.3952 -24.4257 0.20915
      vertex -14.0635 -24.318 35.8213
    endloop
  endfacet
  facet normal -0.310146 0.950547 -0.0164584
    outer loop
      vertex -14.3952 -24.4257 0.20915
      vertex -14.0635 -24.318 0.178682
      vertex -14.2488 -24.3782 0.193695
    endloop
  endfacet
  facet normal -0.438361 -0.898799 0
    outer loop
      vertex -14.0635 -19.682 0
      vertex -13.75 -19.8349 36
      vertex -14.0635 -19.682 36
    endloop
  endfacet
  facet normal -0.438361 -0.898799 -0
    outer loop
      vertex -13.75 -19.8349 36
      vertex -14.0635 -19.682 0
      vertex -13.75 -19.8349 0
    endloop
  endfacet
  facet normal -0.913599 -0.406617 0
    outer loop
      vertex -12.6508 -21.1449 0
      vertex -12.7926 -20.8263 36
      vertex -12.7926 -20.8263 0
    endloop
  endfacet
  facet normal -0.913599 -0.406617 0
    outer loop
      vertex -12.7926 -20.8263 36
      vertex -12.6508 -21.1449 0
      vertex -12.6508 -21.1449 36
    endloop
  endfacet
  facet normal -0.438361 0.898799 0
    outer loop
      vertex -13.75 -24.1651 35.8594
      vertex -14.0635 -24.318 0.178682
      vertex -14.0635 -24.318 35.8213
    endloop
  endfacet
  facet normal -0.438361 0.898799 0
    outer loop
      vertex -14.0635 -24.318 0.178682
      vertex -13.75 -24.1651 35.8594
      vertex -13.75 -24.1651 0.140561
    endloop
  endfacet
  facet normal -0.848186 0.529625 -0.00885576
    outer loop
      vertex -12.9775 -23.4695 0.0248728
      vertex -12.7926 -23.1737 0.00607118
      vertex -12.902 -23.3488 0.0121918
    endloop
  endfacet
  facet normal -0.847966 0.53005 0
    outer loop
      vertex -12.7926 -23.1737 0.00607118
      vertex -12.9775 -23.4695 0.0248728
      vertex -12.7926 -23.1737 35.9939
    endloop
  endfacet
  facet normal -0.847966 0.53005 0
    outer loop
      vertex -12.9775 -23.4695 35.9751
      vertex -12.7926 -23.1737 35.9939
      vertex -12.9775 -23.4695 0.0248728
    endloop
  endfacet
  facet normal -0.848185 0.529627 0.00882112
    outer loop
      vertex -12.7926 -23.1737 35.9939
      vertex -12.9775 -23.4695 35.9751
      vertex -12.902 -23.3488 35.9878
    endloop
  endfacet
  facet normal 0.882908 -0.469546 0
    outer loop
      vertex -17.2839 -20.9832 36
      vertex -17.1201 -20.6752 0
      vertex -17.1201 -20.6752 36
    endloop
  endfacet
  facet normal 0.882908 -0.469546 0
    outer loop
      vertex -17.1201 -20.6752 0
      vertex -17.2839 -20.9832 36
      vertex -17.2839 -20.9832 0
    endloop
  endfacet
  facet normal 0.809058 -0.587728 0
    outer loop
      vertex -17.1201 -20.6752 36
      vertex -16.9151 -20.393 0
      vertex -16.9151 -20.393 36
    endloop
  endfacet
  facet normal 0.809058 -0.587728 0
    outer loop
      vertex -16.9151 -20.393 0
      vertex -17.1201 -20.6752 36
      vertex -17.1201 -20.6752 0
    endloop
  endfacet
  facet normal 0.719327 -0.694671 0
    outer loop
      vertex -16.9151 -20.393 36
      vertex -16.6728 -20.1421 0
      vertex -16.6728 -20.1421 36
    endloop
  endfacet
  facet normal 0.719327 -0.694671 0
    outer loop
      vertex -16.6728 -20.1421 0
      vertex -16.9151 -20.393 36
      vertex -16.9151 -20.393 0
    endloop
  endfacet
  facet normal -0.0349857 -0.999388 0
    outer loop
      vertex -15.0872 -19.5015 0
      vertex -14.7387 -19.5137 36
      vertex -15.0872 -19.5015 36
    endloop
  endfacet
  facet normal -0.0349857 -0.999388 -0
    outer loop
      vertex -14.7387 -19.5137 36
      vertex -15.0872 -19.5015 0
      vertex -14.7387 -19.5137 0
    endloop
  endfacet
  facet normal 0.10464 -0.99451 0
    outer loop
      vertex -15.4341 -19.538 0
      vertex -15.0872 -19.5015 36
      vertex -15.4341 -19.538 36
    endloop
  endfacet
  facet normal 0.10464 -0.99451 0
    outer loop
      vertex -15.0872 -19.5015 36
      vertex -15.4341 -19.538 0
      vertex -15.0872 -19.5015 0
    endloop
  endfacet
  facet normal -0.765936 -0.642916 0
    outer loop
      vertex -12.9775 -20.5305 0
      vertex -13.2017 -20.2634 36
      vertex -13.2017 -20.2634 0
    endloop
  endfacet
  facet normal -0.765936 -0.642916 0
    outer loop
      vertex -13.2017 -20.2634 36
      vertex -12.9775 -20.5305 0
      vertex -12.9775 -20.5305 36
    endloop
  endfacet
  facet normal -0.559256 -0.828995 0
    outer loop
      vertex -13.75 -19.8349 0
      vertex -13.4608 -20.03 36
      vertex -13.75 -19.8349 36
    endloop
  endfacet
  facet normal -0.559256 -0.828995 -0
    outer loop
      vertex -13.4608 -20.03 36
      vertex -13.75 -19.8349 0
      vertex -13.4608 -20.03 0
    endloop
  endfacet
  facet normal -0.173736 -0.984792 0
    outer loop
      vertex -14.7387 -19.5137 0
      vertex -14.3952 -19.5743 36
      vertex -14.7387 -19.5137 36
    endloop
  endfacet
  facet normal -0.173736 -0.984792 -0
    outer loop
      vertex -14.3952 -19.5743 36
      vertex -14.7387 -19.5137 0
      vertex -14.3952 -19.5743 0
    endloop
  endfacet
  facet normal -0.669297 -0.742995 0
    outer loop
      vertex -13.4608 -20.03 0
      vertex -13.2017 -20.2634 36
      vertex -13.4608 -20.03 36
    endloop
  endfacet
  facet normal -0.669297 -0.742995 -0
    outer loop
      vertex -13.2017 -20.2634 36
      vertex -13.4608 -20.03 0
      vertex -13.2017 -20.2634 0
    endloop
  endfacet
  facet normal 0.10464 0.99451 -0
    outer loop
      vertex -15.0872 -24.4985 0.232784
      vertex -15.4341 -24.462 35.7791
      vertex -15.0872 -24.4985 35.7672
    endloop
  endfacet
  facet normal 0.10464 0.99451 0
    outer loop
      vertex -15.4341 -24.462 35.7791
      vertex -15.0872 -24.4985 0.232784
      vertex -15.4341 -24.462 0.220938
    endloop
  endfacet
  facet normal 0.22189 0.656447 0.721001
    outer loop
      vertex -15.4341 -24.462 35.7791
      vertex -15.7725 -24.3776 35.8064
      vertex -15.7704 -24.3782 35.8063
    endloop
  endfacet
  facet normal 0.241996 0.970277 -0
    outer loop
      vertex -15.4341 -24.462 0.220938
      vertex -15.7725 -24.3776 35.8064
      vertex -15.4341 -24.462 35.7791
    endloop
  endfacet
  facet normal 0.241789 0.970329 -2.09028e-06
    outer loop
      vertex -15.7704 -24.3782 0.193695
      vertex -15.7725 -24.3776 35.8064
      vertex -15.4341 -24.462 0.220938
    endloop
  endfacet
  facet normal 0.274721 0.961524 0
    outer loop
      vertex -15.7725 -24.3776 35.8064
      vertex -15.7704 -24.3782 0.193695
      vertex -15.7725 -24.3776 0.193562
    endloop
  endfacet
  facet normal 0.720007 0.693902 0.0094377
    outer loop
      vertex -16.6728 -23.8579 35.9228
      vertex -16.9151 -23.607 35.9607
      vertex -16.8293 -23.6959 35.9513
    endloop
  endfacet
  facet normal 0.719327 0.694671 0
    outer loop
      vertex -16.9151 -23.607 35.9607
      vertex -16.6728 -23.8579 35.9228
      vertex -16.9151 -23.607 0.0393204
    endloop
  endfacet
  facet normal 0.719327 0.694671 -0
    outer loop
      vertex -16.6728 -23.8579 0.0772282
      vertex -16.9151 -23.607 0.0393204
      vertex -16.6728 -23.8579 35.9228
    endloop
  endfacet
  facet normal 0.719997 0.693914 -0.00929258
    outer loop
      vertex -16.9151 -23.607 0.0393204
      vertex -16.6728 -23.8579 0.0772282
      vertex -16.8293 -23.6959 0.0486603
    endloop
  endfacet
  facet normal 0.499962 0.866047 -0
    outer loop
      vertex -16.0959 -24.247 0.160986
      vertex -16.398 -24.0726 35.8825
      vertex -16.0959 -24.247 35.839
    endloop
  endfacet
  facet normal 0.499962 0.866047 0
    outer loop
      vertex -16.398 -24.0726 35.8825
      vertex -16.0959 -24.247 0.160986
      vertex -16.398 -24.0726 0.117507
    endloop
  endfacet
  facet normal -0.560452 0.828101 0.0119271
    outer loop
      vertex -13.4608 -23.97 35.903
      vertex -13.75 -24.1651 35.8594
      vertex -13.5639 -24.0396 35.8907
    endloop
  endfacet
  facet normal -0.559256 0.828995 0
    outer loop
      vertex -13.4608 -23.97 35.903
      vertex -13.75 -24.1651 0.140561
      vertex -13.75 -24.1651 35.8594
    endloop
  endfacet
  facet normal -0.559256 0.828995 0
    outer loop
      vertex -13.4608 -23.97 0.0970078
      vertex -13.75 -24.1651 0.140561
      vertex -13.4608 -23.97 35.903
    endloop
  endfacet
  facet normal -0.560442 0.828109 -0.0118428
    outer loop
      vertex -13.75 -24.1651 0.140561
      vertex -13.4608 -23.97 0.0970078
      vertex -13.5639 -24.0396 0.109268
    endloop
  endfacet
  facet normal -0.990285 0.139053 0
    outer loop
      vertex -12.5546 -22.5198 0
      vertex -12.5061 -22.1744 36
      vertex -12.5061 -22.1744 0
    endloop
  endfacet
  facet normal -0.990285 0.139053 0
    outer loop
      vertex -12.5061 -22.1744 36
      vertex -12.5546 -22.5198 0
      vertex -12.5546 -22.5198 36
    endloop
  endfacet
  facet normal -0.767668 0.639434 -0.0425514
    outer loop
      vertex -13.2017 -23.7366 0.0558523
      vertex -12.9775 -23.4695 0.0248728
      vertex -13.1674 -23.6959 0.0486603
    endloop
  endfacet
  facet normal -0.765936 0.642916 0
    outer loop
      vertex -12.9775 -23.4695 0.0248728
      vertex -13.2017 -23.7366 0.0558523
      vertex -12.9775 -23.4695 35.9751
    endloop
  endfacet
  facet normal -0.765936 0.642916 0
    outer loop
      vertex -13.2017 -23.7366 35.9441
      vertex -12.9775 -23.4695 35.9751
      vertex -13.2017 -23.7366 0.0558523
    endloop
  endfacet
  facet normal -0.767667 0.63944 0.0424676
    outer loop
      vertex -12.9775 -23.4695 35.9751
      vertex -13.2017 -23.7366 35.9441
      vertex -13.1674 -23.6959 35.9513
    endloop
  endfacet
  facet normal 0.978162 -0.207845 0
    outer loop
      vertex -17.4757 -21.6521 36
      vertex -17.4032 -21.3109 0
      vertex -17.4032 -21.3109 36
    endloop
  endfacet
  facet normal 0.978162 -0.207845 0
    outer loop
      vertex -17.4032 -21.3109 0
      vertex -17.4757 -21.6521 36
      vertex -17.4757 -21.6521 0
    endloop
  endfacet
  facet normal 0.939668 -0.342088 0
    outer loop
      vertex -17.4032 -21.3109 36
      vertex -17.2839 -20.9832 0
      vertex -17.2839 -20.9832 36
    endloop
  endfacet
  facet normal 0.939668 -0.342088 0
    outer loop
      vertex -17.2839 -20.9832 0
      vertex -17.4032 -21.3109 36
      vertex -17.4032 -21.3109 0
    endloop
  endfacet
  facet normal 0.241996 -0.970277 0
    outer loop
      vertex -15.7725 -19.6224 0
      vertex -15.4341 -19.538 36
      vertex -15.7725 -19.6224 36
    endloop
  endfacet
  facet normal 0.241996 -0.970277 0
    outer loop
      vertex -15.4341 -19.538 36
      vertex -15.7725 -19.6224 0
      vertex -15.4341 -19.538 0
    endloop
  endfacet
  facet normal 0.374454 -0.927246 0
    outer loop
      vertex -16.0959 -19.753 0
      vertex -15.7725 -19.6224 36
      vertex -16.0959 -19.753 36
    endloop
  endfacet
  facet normal 0.374454 -0.927246 0
    outer loop
      vertex -15.7725 -19.6224 36
      vertex -16.0959 -19.753 0
      vertex -15.7725 -19.6224 0
    endloop
  endfacet
  facet normal -1 0 0
    outer loop
      vertex -12.5061 -22.1744 0
      vertex -12.5061 -21.8256 36
      vertex -12.5061 -21.8256 0
    endloop
  endfacet
  facet normal -1 -0 0
    outer loop
      vertex -12.5061 -21.8256 36
      vertex -12.5061 -22.1744 0
      vertex -12.5061 -22.1744 36
    endloop
  endfacet
  facet normal -0.990285 -0.139053 0
    outer loop
      vertex -12.5061 -21.8256 0
      vertex -12.5546 -21.4802 36
      vertex -12.5546 -21.4802 0
    endloop
  endfacet
  facet normal -0.990285 -0.139053 0
    outer loop
      vertex -12.5546 -21.4802 36
      vertex -12.5061 -21.8256 0
      vertex -12.5061 -21.8256 36
    endloop
  endfacet
  facet normal -0.847966 -0.53005 0
    outer loop
      vertex -12.7926 -20.8263 0
      vertex -12.9775 -20.5305 36
      vertex -12.9775 -20.5305 0
    endloop
  endfacet
  facet normal -0.847966 -0.53005 0
    outer loop
      vertex -12.9775 -20.5305 36
      vertex -12.7926 -20.8263 0
      vertex -12.7926 -20.8263 36
    endloop
  endfacet
  facet normal -0.30882 -0.95112 0
    outer loop
      vertex -14.3952 -19.5743 0
      vertex -14.0635 -19.682 36
      vertex -14.3952 -19.5743 36
    endloop
  endfacet
  facet normal -0.30882 -0.95112 -0
    outer loop
      vertex -14.0635 -19.682 36
      vertex -14.3952 -19.5743 0
      vertex -14.0635 -19.682 0
    endloop
  endfacet
  facet normal 0.99757 -0.0696779 0
    outer loop
      vertex -17.5 -22 36
      vertex -17.4757 -21.6521 0
      vertex -17.4757 -21.6521 36
    endloop
  endfacet
  facet normal 0.99757 -0.0696779 0
    outer loop
      vertex -17.4757 -21.6521 0
      vertex -17.5 -22 36
      vertex -17.5 -22 0
    endloop
  endfacet
  facet normal 0.809764 0.586488 0.0177337
    outer loop
      vertex -16.9151 -23.607 35.9607
      vertex -17.1201 -23.3248 35.9886
      vertex -17.1027 -23.3488 35.9878
    endloop
  endfacet
  facet normal 0.809058 0.587728 0
    outer loop
      vertex -17.1201 -23.3248 35.9886
      vertex -16.9151 -23.607 35.9607
      vertex -17.1201 -23.3248 0.0113538
    endloop
  endfacet
  facet normal 0.809058 0.587728 -0
    outer loop
      vertex -16.9151 -23.607 0.0393204
      vertex -17.1201 -23.3248 0.0113538
      vertex -16.9151 -23.607 35.9607
    endloop
  endfacet
  facet normal 0.809778 0.586457 -0.0181062
    outer loop
      vertex -17.1201 -23.3248 0.0113538
      vertex -16.9151 -23.607 0.0393204
      vertex -17.1027 -23.3488 0.0121918
    endloop
  endfacet
  facet normal 0.617302 0.786492 0.0192226
    outer loop
      vertex -16.398 -24.0726 35.8825
      vertex -16.6728 -23.8579 35.9228
      vertex -16.4403 -24.0396 35.8907
    endloop
  endfacet
  facet normal 0.615666 0.788007 -0
    outer loop
      vertex -16.398 -24.0726 0.117507
      vertex -16.6728 -23.8579 35.9228
      vertex -16.398 -24.0726 35.8825
    endloop
  endfacet
  facet normal 0.617269 0.786527 -0.018825
    outer loop
      vertex -16.6728 -23.8579 0.0772282
      vertex -16.398 -24.0726 0.117507
      vertex -16.4403 -24.0396 0.109268
    endloop
  endfacet
  facet normal 0.615666 0.788007 0
    outer loop
      vertex -16.398 -24.0726 0.117507
      vertex -16.6728 -23.8579 0.0772282
      vertex -16.6728 -23.8579 35.9228
    endloop
  endfacet
  facet normal -0.0349857 0.999388 0
    outer loop
      vertex -14.7387 -24.4863 35.7712
      vertex -15.0872 -24.4985 0.232784
      vertex -15.0872 -24.4985 35.7672
    endloop
  endfacet
  facet normal -0.0349857 0.999388 0
    outer loop
      vertex -15.0872 -24.4985 0.232784
      vertex -14.7387 -24.4863 35.7712
      vertex -14.7387 -24.4863 0.228829
    endloop
  endfacet
  facet normal -0.173736 0.984792 0
    outer loop
      vertex -14.3952 -24.4257 35.7909
      vertex -14.7387 -24.4863 0.228829
      vertex -14.7387 -24.4863 35.7712
    endloop
  endfacet
  facet normal -0.173736 0.984792 0
    outer loop
      vertex -14.7387 -24.4863 0.228829
      vertex -14.3952 -24.4257 35.7909
      vertex -14.3952 -24.4257 0.20915
    endloop
  endfacet
  facet normal -0.669297 0.742995 0
    outer loop
      vertex -13.2017 -23.7366 35.9441
      vertex -13.4608 -23.97 0.0970078
      vertex -13.4608 -23.97 35.903
    endloop
  endfacet
  facet normal -0.669297 0.742995 0
    outer loop
      vertex -13.4608 -23.97 0.0970078
      vertex -13.2017 -23.7366 35.9441
      vertex -13.2017 -23.7366 0.0558523
    endloop
  endfacet
  facet normal -0.961199 0.275857 0
    outer loop
      vertex -12.6508 -22.855 0
      vertex -12.5546 -22.5198 36
      vertex -12.5546 -22.5198 0
    endloop
  endfacet
  facet normal -0.961199 0.275857 0
    outer loop
      vertex -12.5546 -22.5198 36
      vertex -12.6508 -22.855 0
      vertex -12.6508 -22.855 36
    endloop
  endfacet
  facet normal -0.91367 0.406426 -0.00503373
    outer loop
      vertex -12.7926 -23.1737 0.00607118
      vertex -12.6508 -22.855 0
      vertex -12.7153 -23 0
    endloop
  endfacet
  facet normal -0.913646 0.406511 0
    outer loop
      vertex -12.6508 -22.855 0
      vertex -12.7926 -23.1737 0.00607118
      vertex -12.6508 -22.855 36
    endloop
  endfacet
  facet normal -0.913646 0.406511 0
    outer loop
      vertex -12.7926 -23.1737 35.9939
      vertex -12.6508 -22.855 36
      vertex -12.7926 -23.1737 0.00607118
    endloop
  endfacet
  facet normal -0.91367 0.406426 0.00500995
    outer loop
      vertex -12.6508 -22.855 36
      vertex -12.7926 -23.1737 35.9939
      vertex -12.7153 -23 36
    endloop
  endfacet
  facet normal 0.615666 -0.788007 0
    outer loop
      vertex -16.6728 -20.1421 0
      vertex -16.398 -19.9274 36
      vertex -16.6728 -20.1421 36
    endloop
  endfacet
  facet normal 0.615666 -0.788007 0
    outer loop
      vertex -16.398 -19.9274 36
      vertex -16.6728 -20.1421 0
      vertex -16.398 -19.9274 0
    endloop
  endfacet
  facet normal 0.99757 0.0696779 0
    outer loop
      vertex -17.4757 -22.3479 36
      vertex -17.5 -22 0
      vertex -17.5 -22 36
    endloop
  endfacet
  facet normal 0.99757 0.0696779 0
    outer loop
      vertex -17.5 -22 0
      vertex -17.4757 -22.3479 36
      vertex -17.4757 -22.3479 0
    endloop
  endfacet
  facet normal 0.374454 0.927246 -0
    outer loop
      vertex -15.7725 -24.3776 0.193562
      vertex -16.0959 -24.247 35.839
      vertex -15.7725 -24.3776 35.8064
    endloop
  endfacet
  facet normal 0.374454 0.927246 0
    outer loop
      vertex -16.0959 -24.247 35.839
      vertex -15.7725 -24.3776 0.193562
      vertex -16.0959 -24.247 0.160986
    endloop
  endfacet
  facet normal 0.939321 0.342011 -0.0265371
    outer loop
      vertex -17.2839 -23.0168 35.9994
      vertex -17.4032 -22.6891 36
      vertex -17.29 -23 36
    endloop
  endfacet
  facet normal 0.939668 0.342088 0
    outer loop
      vertex -17.4032 -22.6891 36
      vertex -17.2839 -23.0168 35.9994
      vertex -17.4032 -22.6891 0
    endloop
  endfacet
  facet normal 0.939668 0.342088 -0
    outer loop
      vertex -17.2839 -23.0168 0.0005887
      vertex -17.4032 -22.6891 0
      vertex -17.2839 -23.0168 35.9994
    endloop
  endfacet
  facet normal 0.939308 0.342006 0.0270461
    outer loop
      vertex -17.4032 -22.6891 0
      vertex -17.2839 -23.0168 0.0005887
      vertex -17.29 -23 0
    endloop
  endfacet
  facet normal 0.882908 0.469546 0
    outer loop
      vertex -17.1201 -23.3248 35.9886
      vertex -17.2839 -23.0168 0.0005887
      vertex -17.2839 -23.0168 35.9994
    endloop
  endfacet
  facet normal 0.882908 0.469546 0
    outer loop
      vertex -17.2839 -23.0168 0.0005887
      vertex -17.1201 -23.3248 35.9886
      vertex -17.1201 -23.3248 0.0113538
    endloop
  endfacet
endsolid OpenSCAD_Model
