solid OpenSCAD_Model
  facet normal 0.0489209 0.998803 -0
    outer loop
      vertex 109.68 127.252 0
      vertex 108.7 127.3 42
      vertex 109.68 127.252 42
    endloop
  endfacet
  facet normal 0.0489209 0.998803 0
    outer loop
      vertex 108.7 127.3 42
      vertex 109.68 127.252 0
      vertex 108.7 127.3 0
    endloop
  endfacet
  facet normal -0.243506 0.969899 0
    outer loop
      vertex 8.0491 127.108 0
      vertex 7.09715 126.869 42
      vertex 8.0491 127.108 42
    endloop
  endfacet
  facet normal -0.243506 0.969899 0
    outer loop
      vertex 7.09715 126.869 42
      vertex 8.0491 127.108 0
      vertex 7.09715 126.869 0
    endloop
  endfacet
  facet normal -0.989175 -0.146738 0
    outer loop
      vertex 0.192154 16.6491 0
      vertex 0.0481567 17.6198 42
      vertex 0.0481567 17.6198 0
    endloop
  endfacet
  facet normal -0.989175 -0.146738 0
    outer loop
      vertex 0.0481567 17.6198 42
      vertex 0.192154 16.6491 0
      vertex 0.192154 16.6491 42
    endloop
  endfacet
  facet normal 0.427955 0.9038 -0
    outer loop
      vertex 113.414 126.119 0
      vertex 112.527 126.539 42
      vertex 113.414 126.119 42
    endloop
  endfacet
  facet normal 0.427955 0.9038 0
    outer loop
      vertex 112.527 126.539 42
      vertex 113.414 126.119 0
      vertex 112.527 126.539 0
    endloop
  endfacet
  facet normal 0.427614 -0.903962 0
    outer loop
      vertex 112.527 9.3612 0
      vertex 113.414 9.78079 42
      vertex 112.527 9.3612 42
    endloop
  endfacet
  facet normal 0.427614 -0.903962 0
    outer loop
      vertex 113.414 9.78079 42
      vertex 112.527 9.3612 0
      vertex 113.414 9.78079 0
    endloop
  endfacet
  facet normal 0.671607 -0.740908 0
    outer loop
      vertex 115.044 10.8699 0
      vertex 115.771 11.5289 42
      vertex 115.044 10.8699 42
    endloop
  endfacet
  facet normal 0.671607 -0.740908 0
    outer loop
      vertex 115.771 11.5289 42
      vertex 115.044 10.8699 0
      vertex 115.771 11.5289 0
    endloop
  endfacet
  facet normal 0 1 -0
    outer loop
      vertex 108.7 127.3 0
      vertex 10 127.3 42
      vertex 108.7 127.3 42
    endloop
  endfacet
  facet normal 0 1 0
    outer loop
      vertex 10 127.3 42
      vertex 108.7 127.3 0
      vertex 10 127.3 0
    endloop
  endfacet
  facet normal 0 -1 0
    outer loop
      vertex 10 8.6 0
      vertex 30 8.6 4.8
      vertex 10 8.6 4.8
    endloop
  endfacet
  facet normal 0 -1 -0
    outer loop
      vertex 30 8.6 4.8
      vertex 10 8.6 0
      vertex 88.7 8.6 4.8
    endloop
  endfacet
  facet normal 0 -1 0
    outer loop
      vertex 108.7 8.6 0
      vertex 88.7 8.6 4.8
      vertex 10 8.6 0
    endloop
  endfacet
  facet normal 0 -1 0
    outer loop
      vertex 88.7 8.6 4.8
      vertex 108.7 8.6 0
      vertex 108.7 8.6 4.8
    endloop
  endfacet
  facet normal 0 -1 0
    outer loop
      vertex 30 8.6 4.8
      vertex 88.7 8.6 42
      vertex 30 8.6 42
    endloop
  endfacet
  facet normal 0 -1 -0
    outer loop
      vertex 88.7 8.6 42
      vertex 30 8.6 4.8
      vertex 88.7 8.6 4.8
    endloop
  endfacet
  facet normal -0.989182 0.146694 0
    outer loop
      vertex 0.0481567 118.28 0
      vertex 0.192154 119.251 42
      vertex 0.192154 119.251 0
    endloop
  endfacet
  facet normal -0.989182 0.146694 0
    outer loop
      vertex 0.192154 119.251 42
      vertex 0.0481567 118.28 0
      vertex 0.0481567 118.28 42
    endloop
  endfacet
  facet normal 0.989182 0.146696 0
    outer loop
      vertex 118.652 118.28 42
      vertex 118.508 119.251 0
      vertex 118.508 119.251 42
    endloop
  endfacet
  facet normal 0.989182 0.146696 0
    outer loop
      vertex 118.508 119.251 0
      vertex 118.652 118.28 42
      vertex 118.652 118.28 0
    endloop
  endfacet
  facet normal -1 0 0
    outer loop
      vertex 0 18.6 0
      vertex 0 117.3 42
      vertex 0 117.3 0
    endloop
  endfacet
  facet normal -1 -0 0
    outer loop
      vertex 0 117.3 42
      vertex 0 18.6 0
      vertex 0 18.6 42
    endloop
  endfacet
  facet normal 0.741 -0.671505 0
    outer loop
      vertex 115.771 11.5289 42
      vertex 116.43 12.2561 0
      vertex 116.43 12.2561 42
    endloop
  endfacet
  facet normal 0.741 -0.671505 0
    outer loop
      vertex 116.43 12.2561 0
      vertex 115.771 11.5289 42
      vertex 115.771 11.5289 0
    endloop
  endfacet
  facet normal 0.242967 -0.970035 0
    outer loop
      vertex 110.651 8.79216 0
      vertex 111.603 9.03061 42
      vertex 110.651 8.79216 42
    endloop
  endfacet
  facet normal 0.242967 -0.970035 0
    outer loop
      vertex 111.603 9.03061 42
      vertex 110.651 8.79216 0
      vertex 111.603 9.03061 0
    endloop
  endfacet
  facet normal -0.998795 -0.0490703 0
    outer loop
      vertex 0.0481567 17.6198 0
      vertex 0 18.6 42
      vertex 0 18.6 0
    endloop
  endfacet
  facet normal -0.998795 -0.0490703 0
    outer loop
      vertex 0 18.6 42
      vertex 0.0481567 17.6198 0
      vertex 0.0481567 17.6198 42
    endloop
  endfacet
  facet normal 0.903837 -0.427876 0
    outer loop
      vertex 117.519 13.886 42
      vertex 117.939 14.7732 0
      vertex 117.939 14.7732 42
    endloop
  endfacet
  facet normal 0.903837 -0.427876 0
    outer loop
      vertex 117.939 14.7732 0
      vertex 117.519 13.886 42
      vertex 117.519 13.886 0
    endloop
  endfacet
  facet normal -0.513713 0.857962 0
    outer loop
      vertex 5.28603 126.119 0
      vertex 4.44429 125.615 42
      vertex 5.28603 126.119 42
    endloop
  endfacet
  facet normal -0.513713 0.857962 0
    outer loop
      vertex 4.44429 125.615 42
      vertex 5.28603 126.119 0
      vertex 4.44429 125.615 0
    endloop
  endfacet
  facet normal 0.513596 0.858032 -0
    outer loop
      vertex 114.256 125.615 0
      vertex 113.414 126.119 42
      vertex 114.256 125.615 42
    endloop
  endfacet
  facet normal 0.513596 0.858032 0
    outer loop
      vertex 113.414 126.119 42
      vertex 114.256 125.615 0
      vertex 113.414 126.119 0
    endloop
  endfacet
  facet normal -0.595973 0.803005 0
    outer loop
      vertex 4.44429 125.615 0
      vertex 3.65607 125.03 42
      vertex 4.44429 125.615 42
    endloop
  endfacet
  facet normal -0.595973 0.803005 0
    outer loop
      vertex 3.65607 125.03 42
      vertex 4.44429 125.615 0
      vertex 3.65607 125.03 0
    endloop
  endfacet
  facet normal -0.998795 0.0490803 0
    outer loop
      vertex 0 117.3 0
      vertex 0.0481567 118.28 42
      vertex 0.0481567 118.28 0
    endloop
  endfacet
  facet normal -0.998795 0.0490803 0
    outer loop
      vertex 0.0481567 118.28 42
      vertex 0 117.3 0
      vertex 0 117.3 42
    endloop
  endfacet
  facet normal -0.336876 -0.941549 0
    outer loop
      vertex 6.17317 9.3612 0
      vertex 7.09715 9.03061 42
      vertex 6.17317 9.3612 42
    endloop
  endfacet
  facet normal -0.336876 -0.941549 -0
    outer loop
      vertex 7.09715 9.03061 42
      vertex 6.17317 9.3612 0
      vertex 7.09715 9.03061 0
    endloop
  endfacet
  facet normal 0.513979 -0.857803 0
    outer loop
      vertex 113.414 9.78079 0
      vertex 114.256 10.2853 42
      vertex 113.414 9.78079 42
    endloop
  endfacet
  facet normal 0.513979 -0.857803 0
    outer loop
      vertex 114.256 10.2853 42
      vertex 113.414 9.78079 0
      vertex 114.256 10.2853 0
    endloop
  endfacet
  facet normal -0.857803 0.513979 0
    outer loop
      vertex 1.18079 122.014 0
      vertex 1.6853 122.856 42
      vertex 1.6853 122.856 0
    endloop
  endfacet
  facet normal -0.857803 0.513979 0
    outer loop
      vertex 1.6853 122.856 42
      vertex 1.18079 122.014 0
      vertex 1.18079 122.014 42
    endloop
  endfacet
  facet normal -0.671531 -0.740977 0
    outer loop
      vertex 2.92892 11.5289 0
      vertex 3.65607 10.8699 42
      vertex 2.92892 11.5289 42
    endloop
  endfacet
  facet normal -0.671531 -0.740977 -0
    outer loop
      vertex 3.65607 10.8699 42
      vertex 2.92892 11.5289 0
      vertex 3.65607 10.8699 0
    endloop
  endfacet
  facet normal 0.146696 -0.989182 0
    outer loop
      vertex 109.68 8.64816 0
      vertex 110.651 8.79216 42
      vertex 109.68 8.64816 42
    endloop
  endfacet
  facet normal 0.146696 -0.989182 0
    outer loop
      vertex 110.651 8.79216 42
      vertex 109.68 8.64816 0
      vertex 110.651 8.79216 0
    endloop
  endfacet
  facet normal -0.146738 -0.989175 0
    outer loop
      vertex 8.0491 8.79216 0
      vertex 9.01982 8.64816 42
      vertex 8.0491 8.79216 42
    endloop
  endfacet
  facet normal -0.146738 -0.989175 -0
    outer loop
      vertex 9.01982 8.64816 42
      vertex 8.0491 8.79216 0
      vertex 9.01982 8.64816 0
    endloop
  endfacet
  facet normal 0.9038 0.427955 0
    outer loop
      vertex 117.939 121.127 42
      vertex 117.519 122.014 0
      vertex 117.519 122.014 42
    endloop
  endfacet
  facet normal 0.9038 0.427955 0
    outer loop
      vertex 117.519 122.014 0
      vertex 117.939 121.127 42
      vertex 117.939 121.127 0
    endloop
  endfacet
  facet normal -0.970029 -0.24299 0
    outer loop
      vertex 0.430603 15.6972 0
      vertex 0.192154 16.6491 42
      vertex 0.192154 16.6491 0
    endloop
  endfacet
  facet normal -0.970029 -0.24299 0
    outer loop
      vertex 0.192154 16.6491 42
      vertex 0.430603 15.6972 0
      vertex 0.430603 15.6972 42
    endloop
  endfacet
  facet normal -0.0490746 -0.998795 0
    outer loop
      vertex 9.01982 8.64816 42
      vertex 10 8.6 4.8
      vertex 10 8.6 42
    endloop
  endfacet
  facet normal -0.0490746 -0.998795 0
    outer loop
      vertex 9.01982 8.64816 0
      vertex 10 8.6 4.8
      vertex 9.01982 8.64816 42
    endloop
  endfacet
  facet normal -0.0490746 -0.998795 -0
    outer loop
      vertex 10 8.6 4.8
      vertex 9.01982 8.64816 0
      vertex 10 8.6 0
    endloop
  endfacet
  facet normal -0.80312 0.595817 0
    outer loop
      vertex 1.6853 122.856 0
      vertex 2.2699 123.644 42
      vertex 2.2699 123.644 0
    endloop
  endfacet
  facet normal -0.80312 0.595817 0
    outer loop
      vertex 2.2699 123.644 42
      vertex 1.6853 122.856 0
      vertex 1.6853 122.856 42
    endloop
  endfacet
  facet normal 0.998803 0.0489209 0
    outer loop
      vertex 118.7 117.3 42
      vertex 118.652 118.28 0
      vertex 118.652 118.28 42
    endloop
  endfacet
  facet normal 0.998803 0.0489209 0
    outer loop
      vertex 118.652 118.28 0
      vertex 118.7 117.3 42
      vertex 118.7 117.3 0
    endloop
  endfacet
  facet normal 0.941742 -0.336336 0
    outer loop
      vertex 117.939 14.7732 42
      vertex 118.269 15.6972 0
      vertex 118.269 15.6972 42
    endloop
  endfacet
  facet normal 0.941742 -0.336336 0
    outer loop
      vertex 118.269 15.6972 0
      vertex 117.939 14.7732 42
      vertex 117.939 14.7732 0
    endloop
  endfacet
  facet normal 0.59608 0.802925 -0
    outer loop
      vertex 115.044 125.03 0
      vertex 114.256 125.615 42
      vertex 115.044 125.03 42
    endloop
  endfacet
  facet normal 0.59608 0.802925 0
    outer loop
      vertex 114.256 125.615 42
      vertex 115.044 125.03 0
      vertex 114.256 125.615 0
    endloop
  endfacet
  facet normal -0.903962 0.427614 0
    outer loop
      vertex 0.7612 121.127 0
      vertex 1.18079 122.014 42
      vertex 1.18079 122.014 0
    endloop
  endfacet
  facet normal -0.903962 0.427614 0
    outer loop
      vertex 1.18079 122.014 42
      vertex 0.7612 121.127 0
      vertex 0.7612 121.127 42
    endloop
  endfacet
  facet normal -0.941549 0.336876 0
    outer loop
      vertex 0.430603 120.203 0
      vertex 0.7612 121.127 42
      vertex 0.7612 121.127 0
    endloop
  endfacet
  facet normal -0.941549 0.336876 0
    outer loop
      vertex 0.7612 121.127 42
      vertex 0.430603 120.203 0
      vertex 0.430603 120.203 42
    endloop
  endfacet
  facet normal -0.941549 -0.336876 0
    outer loop
      vertex 0.7612 14.7732 0
      vertex 0.430603 15.6972 42
      vertex 0.430603 15.6972 0
    endloop
  endfacet
  facet normal -0.941549 -0.336876 0
    outer loop
      vertex 0.430603 15.6972 42
      vertex 0.7612 14.7732 0
      vertex 0.7612 14.7732 42
    endloop
  endfacet
  facet normal -0.242979 -0.970032 0
    outer loop
      vertex 7.09715 9.03061 0
      vertex 8.0491 8.79216 42
      vertex 7.09715 9.03061 42
    endloop
  endfacet
  facet normal -0.242979 -0.970032 -0
    outer loop
      vertex 8.0491 8.79216 42
      vertex 7.09715 9.03061 0
      vertex 8.0491 8.79216 0
    endloop
  endfacet
  facet normal -0.970035 0.242966 0
    outer loop
      vertex 0.192154 119.251 0
      vertex 0.430603 120.203 42
      vertex 0.430603 120.203 0
    endloop
  endfacet
  facet normal -0.970035 0.242966 0
    outer loop
      vertex 0.430603 120.203 42
      vertex 0.192154 119.251 0
      vertex 0.192154 119.251 42
    endloop
  endfacet
  facet normal 0.969896 -0.243518 0
    outer loop
      vertex 118.269 15.6972 42
      vertex 118.508 16.6491 0
      vertex 118.508 16.6491 42
    endloop
  endfacet
  facet normal 0.969896 -0.243518 0
    outer loop
      vertex 118.508 16.6491 0
      vertex 118.269 15.6972 42
      vertex 118.269 15.6972 0
    endloop
  endfacet
  facet normal 0.33687 -0.941551 0
    outer loop
      vertex 111.603 9.03061 0
      vertex 112.527 9.3612 42
      vertex 111.603 9.03061 42
    endloop
  endfacet
  facet normal 0.33687 -0.941551 0
    outer loop
      vertex 112.527 9.3612 42
      vertex 111.603 9.03061 0
      vertex 112.527 9.3612 0
    endloop
  endfacet
  facet normal -0.740898 0.671618 0
    outer loop
      vertex 2.2699 123.644 0
      vertex 2.92892 124.371 42
      vertex 2.92892 124.371 0
    endloop
  endfacet
  facet normal -0.740898 0.671618 0
    outer loop
      vertex 2.92892 124.371 42
      vertex 2.2699 123.644 0
      vertex 2.2699 123.644 42
    endloop
  endfacet
  facet normal 0.595817 -0.80312 0
    outer loop
      vertex 114.256 10.2853 0
      vertex 115.044 10.8699 42
      vertex 114.256 10.2853 42
    endloop
  endfacet
  facet normal 0.595817 -0.80312 0
    outer loop
      vertex 115.044 10.8699 42
      vertex 114.256 10.2853 0
      vertex 115.044 10.8699 0
    endloop
  endfacet
  facet normal -0.514096 -0.857733 0
    outer loop
      vertex 4.44429 10.2853 0
      vertex 5.28603 9.78079 42
      vertex 4.44429 10.2853 42
    endloop
  endfacet
  facet normal -0.514096 -0.857733 -0
    outer loop
      vertex 5.28603 9.78079 42
      vertex 4.44429 10.2853 0
      vertex 5.28603 9.78079 0
    endloop
  endfacet
  facet normal 0.941742 0.336336 0
    outer loop
      vertex 118.269 120.203 42
      vertex 117.939 121.127 0
      vertex 117.939 121.127 42
    endloop
  endfacet
  facet normal 0.941742 0.336336 0
    outer loop
      vertex 117.939 121.127 0
      vertex 118.269 120.203 42
      vertex 118.269 120.203 0
    endloop
  endfacet
  facet normal -0.671531 0.740977 0
    outer loop
      vertex 3.65607 125.03 0
      vertex 2.92892 124.371 42
      vertex 3.65607 125.03 42
    endloop
  endfacet
  facet normal -0.671531 0.740977 0
    outer loop
      vertex 2.92892 124.371 42
      vertex 3.65607 125.03 0
      vertex 2.92892 124.371 0
    endloop
  endfacet
  facet normal -0.903999 -0.427535 0
    outer loop
      vertex 1.18079 13.886 0
      vertex 0.7612 14.7732 42
      vertex 0.7612 14.7732 0
    endloop
  endfacet
  facet normal -0.903999 -0.427535 0
    outer loop
      vertex 0.7612 14.7732 42
      vertex 1.18079 13.886 0
      vertex 1.18079 13.886 42
    endloop
  endfacet
  facet normal -0.4279 0.903826 0
    outer loop
      vertex 6.17317 126.539 0
      vertex 5.28603 126.119 42
      vertex 6.17317 126.539 42
    endloop
  endfacet
  facet normal -0.4279 0.903826 0
    outer loop
      vertex 5.28603 126.119 42
      vertex 6.17317 126.539 0
      vertex 5.28603 126.119 0
    endloop
  endfacet
  facet normal -0.336343 0.94174 0
    outer loop
      vertex 7.09715 126.869 0
      vertex 6.17317 126.539 42
      vertex 7.09715 126.869 42
    endloop
  endfacet
  facet normal -0.336343 0.94174 0
    outer loop
      vertex 6.17317 126.539 42
      vertex 7.09715 126.869 0
      vertex 6.17317 126.539 0
    endloop
  endfacet
  facet normal 0.671607 0.740908 -0
    outer loop
      vertex 115.771 124.371 0
      vertex 115.044 125.03 42
      vertex 115.771 124.371 42
    endloop
  endfacet
  facet normal 0.671607 0.740908 0
    outer loop
      vertex 115.044 125.03 42
      vertex 115.771 124.371 0
      vertex 115.044 125.03 0
    endloop
  endfacet
  facet normal 0.802997 -0.595983 0
    outer loop
      vertex 116.43 12.2561 42
      vertex 117.015 13.0443 0
      vertex 117.015 13.0443 42
    endloop
  endfacet
  facet normal 0.802997 -0.595983 0
    outer loop
      vertex 117.015 13.0443 0
      vertex 116.43 12.2561 42
      vertex 116.43 12.2561 0
    endloop
  endfacet
  facet normal -0.146738 0.989175 0
    outer loop
      vertex 9.01982 127.252 0
      vertex 8.0491 127.108 42
      vertex 9.01982 127.252 42
    endloop
  endfacet
  facet normal -0.146738 0.989175 0
    outer loop
      vertex 8.0491 127.108 42
      vertex 9.01982 127.252 0
      vertex 8.0491 127.108 0
    endloop
  endfacet
  facet normal 0.969902 0.243494 0
    outer loop
      vertex 118.508 119.251 42
      vertex 118.269 120.203 0
      vertex 118.269 120.203 42
    endloop
  endfacet
  facet normal 0.969902 0.243494 0
    outer loop
      vertex 118.269 120.203 0
      vertex 118.508 119.251 42
      vertex 118.508 119.251 0
    endloop
  endfacet
  facet normal -0.803192 -0.59572 0
    outer loop
      vertex 2.2699 12.2561 0
      vertex 1.6853 13.0443 42
      vertex 1.6853 13.0443 0
    endloop
  endfacet
  facet normal -0.803192 -0.59572 0
    outer loop
      vertex 1.6853 13.0443 42
      vertex 2.2699 12.2561 0
      vertex 2.2699 12.2561 42
    endloop
  endfacet
  facet normal 1 -0 0
    outer loop
      vertex 118.7 18.6 42
      vertex 118.7 117.3 0
      vertex 118.7 117.3 42
    endloop
  endfacet
  facet normal 1 0 0
    outer loop
      vertex 118.7 117.3 0
      vertex 118.7 18.6 42
      vertex 118.7 18.6 0
    endloop
  endfacet
  facet normal 0.0490836 -0.998795 0
    outer loop
      vertex 108.7 8.6 4.8
      vertex 109.68 8.64816 42
      vertex 108.7 8.6 42
    endloop
  endfacet
  facet normal 0.0490836 -0.998795 0
    outer loop
      vertex 109.68 8.64816 0
      vertex 108.7 8.6 4.8
      vertex 108.7 8.6 0
    endloop
  endfacet
  facet normal 0.0490836 -0.998795 0
    outer loop
      vertex 108.7 8.6 4.8
      vertex 109.68 8.64816 0
      vertex 109.68 8.64816 42
    endloop
  endfacet
  facet normal -0.048912 0.998803 0
    outer loop
      vertex 10 127.3 0
      vertex 9.01982 127.252 42
      vertex 10 127.3 42
    endloop
  endfacet
  facet normal -0.048912 0.998803 0
    outer loop
      vertex 9.01982 127.252 42
      vertex 10 127.3 0
      vertex 9.01982 127.252 0
    endloop
  endfacet
  facet normal -0.857722 -0.514114 0
    outer loop
      vertex 1.6853 13.0443 0
      vertex 1.18079 13.886 42
      vertex 1.18079 13.886 0
    endloop
  endfacet
  facet normal -0.857722 -0.514114 0
    outer loop
      vertex 1.18079 13.886 42
      vertex 1.6853 13.0443 0
      vertex 1.6853 13.0443 42
    endloop
  endfacet
  facet normal -0.59571 -0.8032 0
    outer loop
      vertex 3.65607 10.8699 0
      vertex 4.44429 10.2853 42
      vertex 3.65607 10.8699 42
    endloop
  endfacet
  facet normal -0.59571 -0.8032 -0
    outer loop
      vertex 4.44429 10.2853 42
      vertex 3.65607 10.8699 0
      vertex 4.44429 10.2853 0
    endloop
  endfacet
  facet normal 0.146696 0.989182 -0
    outer loop
      vertex 110.651 127.108 0
      vertex 109.68 127.252 42
      vertex 110.651 127.108 42
    endloop
  endfacet
  facet normal 0.146696 0.989182 0
    outer loop
      vertex 109.68 127.252 42
      vertex 110.651 127.108 0
      vertex 109.68 127.252 0
    endloop
  endfacet
  facet normal 0.989175 -0.146741 0
    outer loop
      vertex 118.508 16.6491 42
      vertex 118.652 17.6198 0
      vertex 118.652 17.6198 42
    endloop
  endfacet
  facet normal 0.989175 -0.146741 0
    outer loop
      vertex 118.652 17.6198 0
      vertex 118.508 16.6491 42
      vertex 118.508 16.6491 0
    endloop
  endfacet
  facet normal 0.336336 0.941742 -0
    outer loop
      vertex 112.527 126.539 0
      vertex 111.603 126.869 42
      vertex 112.527 126.539 42
    endloop
  endfacet
  facet normal 0.336336 0.941742 0
    outer loop
      vertex 111.603 126.869 42
      vertex 112.527 126.539 0
      vertex 111.603 126.869 0
    endloop
  endfacet
  facet normal 0 0 1
    outer loop
      vertex 9.33348 11.8327 42
      vertex 10 8.6 42
      vertex 10 11.8 42
    endloop
  endfacet
  facet normal 0 0 1
    outer loop
      vertex 9.33348 11.8327 42
      vertex 9.01982 8.64816 42
      vertex 10 8.6 42
    endloop
  endfacet
  facet normal 0 0 1
    outer loop
      vertex 8.67339 11.9307 42
      vertex 9.01982 8.64816 42
      vertex 9.33348 11.8327 42
    endloop
  endfacet
  facet normal 0 0 1
    outer loop
      vertex 8.67339 11.9307 42
      vertex 8.0491 8.79216 42
      vertex 9.01982 8.64816 42
    endloop
  endfacet
  facet normal 0 0 1
    outer loop
      vertex 8.02606 12.0928 42
      vertex 8.0491 8.79216 42
      vertex 8.67339 11.9307 42
    endloop
  endfacet
  facet normal 0 0 1
    outer loop
      vertex 7.09715 9.03061 42
      vertex 8.02606 12.0928 42
      vertex 7.39775 12.3176 42
    endloop
  endfacet
  facet normal 0 0 1
    outer loop
      vertex 8.02606 12.0928 42
      vertex 7.09715 9.03061 42
      vertex 8.0491 8.79216 42
    endloop
  endfacet
  facet normal 0 0 1
    outer loop
      vertex 6.17317 9.3612 42
      vertex 7.39775 12.3176 42
      vertex 6.79449 12.6029 42
    endloop
  endfacet
  facet normal 0 0 1
    outer loop
      vertex 5.28603 9.78079 42
      vertex 6.79449 12.6029 42
      vertex 6.22212 12.946 42
    endloop
  endfacet
  facet normal 0 0 1
    outer loop
      vertex 7.39775 12.3176 42
      vertex 6.17317 9.3612 42
      vertex 7.09715 9.03061 42
    endloop
  endfacet
  facet normal 0 0 1
    outer loop
      vertex 4.44429 10.2853 42
      vertex 6.22212 12.946 42
      vertex 5.68613 13.3435 42
    endloop
  endfacet
  facet normal 0 0 1
    outer loop
      vertex 6.79449 12.6029 42
      vertex 5.28603 9.78079 42
      vertex 6.17317 9.3612 42
    endloop
  endfacet
  facet normal 0 0 1
    outer loop
      vertex 3.65607 10.8699 42
      vertex 5.68613 13.3435 42
      vertex 5.19168 13.7917 42
    endloop
  endfacet
  facet normal 0 0 1
    outer loop
      vertex 2.92892 11.5289 42
      vertex 5.19168 13.7917 42
      vertex 4.74353 14.2861 42
    endloop
  endfacet
  facet normal 0 0 1
    outer loop
      vertex 6.22212 12.946 42
      vertex 4.44429 10.2853 42
      vertex 5.28603 9.78079 42
    endloop
  endfacet
  facet normal 0 0 1
    outer loop
      vertex 2.2699 12.2561 42
      vertex 4.74353 14.2861 42
      vertex 4.34601 14.8221 42
    endloop
  endfacet
  facet normal 0 0 1
    outer loop
      vertex 1.6853 13.0443 42
      vertex 4.34601 14.8221 42
      vertex 4.00293 15.3945 42
    endloop
  endfacet
  facet normal 0 0 1
    outer loop
      vertex 1.18079 13.886 42
      vertex 4.00293 15.3945 42
      vertex 3.71762 15.9978 42
    endloop
  endfacet
  facet normal 0 0 1
    outer loop
      vertex 5.68613 13.3435 42
      vertex 3.65607 10.8699 42
      vertex 4.44429 10.2853 42
    endloop
  endfacet
  facet normal 0 0 1
    outer loop
      vertex 0.7612 14.7732 42
      vertex 3.71762 15.9978 42
      vertex 3.49281 16.6261 42
    endloop
  endfacet
  facet normal 0 0 1
    outer loop
      vertex 0.430603 15.6972 42
      vertex 3.49281 16.6261 42
      vertex 3.33066 17.2734 42
    endloop
  endfacet
  facet normal 0 0 1
    outer loop
      vertex 0.192154 16.6491 42
      vertex 3.33066 17.2734 42
      vertex 3.23274 17.9335 42
    endloop
  endfacet
  facet normal 0 0 1
    outer loop
      vertex 5.19168 13.7917 42
      vertex 2.92892 11.5289 42
      vertex 3.65607 10.8699 42
    endloop
  endfacet
  facet normal 0 0 1
    outer loop
      vertex 0.0481567 17.6198 42
      vertex 3.23274 17.9335 42
      vertex 3.2 18.6 42
    endloop
  endfacet
  facet normal 0 0 1
    outer loop
      vertex 3.2 117.3 42
      vertex 0 117.3 42
      vertex 3.2 18.6 42
    endloop
  endfacet
  facet normal 0 0 1
    outer loop
      vertex 0 117.3 42
      vertex 2.92892 124.371 42
      vertex 2.2699 123.644 42
    endloop
  endfacet
  facet normal 0 0 1
    outer loop
      vertex 0 18.6 42
      vertex 3.2 18.6 42
      vertex 0 117.3 42
    endloop
  endfacet
  facet normal 0 0 1
    outer loop
      vertex 0 117.3 42
      vertex 2.2699 123.644 42
      vertex 1.6853 122.856 42
    endloop
  endfacet
  facet normal 0 -0 1
    outer loop
      vertex 0.0481567 17.6198 42
      vertex 3.2 18.6 42
      vertex 0 18.6 42
    endloop
  endfacet
  facet normal 0 0 1
    outer loop
      vertex 0 117.3 42
      vertex 1.6853 122.856 42
      vertex 1.18079 122.014 42
    endloop
  endfacet
  facet normal 0 0 1
    outer loop
      vertex 4.74353 14.2861 42
      vertex 2.2699 12.2561 42
      vertex 2.92892 11.5289 42
    endloop
  endfacet
  facet normal 0 0 1
    outer loop
      vertex 0 117.3 42
      vertex 1.18079 122.014 42
      vertex 0.7612 121.127 42
    endloop
  endfacet
  facet normal 0 0 1
    outer loop
      vertex 4.34601 14.8221 42
      vertex 1.6853 13.0443 42
      vertex 2.2699 12.2561 42
    endloop
  endfacet
  facet normal 0 0 1
    outer loop
      vertex 0 117.3 42
      vertex 0.7612 121.127 42
      vertex 0.430603 120.203 42
    endloop
  endfacet
  facet normal 0 0 1
    outer loop
      vertex 4.00293 15.3945 42
      vertex 1.18079 13.886 42
      vertex 1.6853 13.0443 42
    endloop
  endfacet
  facet normal 0 0 1
    outer loop
      vertex 0 117.3 42
      vertex 0.430603 120.203 42
      vertex 0.192154 119.251 42
    endloop
  endfacet
  facet normal 0 0 1
    outer loop
      vertex 3.71762 15.9978 42
      vertex 0.7612 14.7732 42
      vertex 1.18079 13.886 42
    endloop
  endfacet
  facet normal 0 0 1
    outer loop
      vertex 0 117.3 42
      vertex 0.192154 119.251 42
      vertex 0.0481567 118.28 42
    endloop
  endfacet
  facet normal 0 0 1
    outer loop
      vertex 3.49281 16.6261 42
      vertex 0.430603 15.6972 42
      vertex 0.7612 14.7732 42
    endloop
  endfacet
  facet normal 0 0 1
    outer loop
      vertex 3.33066 17.2734 42
      vertex 0.192154 16.6491 42
      vertex 0.430603 15.6972 42
    endloop
  endfacet
  facet normal 0 0 1
    outer loop
      vertex 3.23274 17.9335 42
      vertex 0.0481567 17.6198 42
      vertex 0.192154 16.6491 42
    endloop
  endfacet
  facet normal 0 0 1
    outer loop
      vertex 10 11.8 42
      vertex 30 11.8 42
      vertex 30 18.6 42
    endloop
  endfacet
  facet normal 0 0 1
    outer loop
      vertex 30 11.8 42
      vertex 10 11.8 42
      vertex 30 8.6 42
    endloop
  endfacet
  facet normal 0 0 1
    outer loop
      vertex 10 11.8 42
      vertex 30 18.6 42
      vertex 10 18.6 42
    endloop
  endfacet
  facet normal 0 0 1
    outer loop
      vertex 10 8.6 42
      vertex 30 8.6 42
      vertex 10 11.8 42
    endloop
  endfacet
  facet normal 0 0 1
    outer loop
      vertex 30 8.6 42
      vertex 10 8.6 42
      vertex 30 8 42
    endloop
  endfacet
  facet normal 0 0 1
    outer loop
      vertex 30 8 42
      vertex 10 8.6 42
      vertex 10 8 42
    endloop
  endfacet
  facet normal -0 0 1
    outer loop
      vertex 30 11.8 42
      vertex 88.7 8.6 42
      vertex 88.7 11.8 42
    endloop
  endfacet
  facet normal 0 0 1
    outer loop
      vertex 88.7 8.6 42
      vertex 30 11.8 42
      vertex 30 8.6 42
    endloop
  endfacet
  facet normal 0 0 1
    outer loop
      vertex 88.7 11.8 42
      vertex 108.7 11.8 42
      vertex 108.7 18.6 42
    endloop
  endfacet
  facet normal 0 0 1
    outer loop
      vertex 108.7 11.8 42
      vertex 88.7 11.8 42
      vertex 108.7 8.6 42
    endloop
  endfacet
  facet normal 0 0 1
    outer loop
      vertex 88.7 11.8 42
      vertex 108.7 18.6 42
      vertex 88.7 18.6 42
    endloop
  endfacet
  facet normal 0 0 1
    outer loop
      vertex 88.7 8.6 42
      vertex 108.7 8.6 42
      vertex 88.7 11.8 42
    endloop
  endfacet
  facet normal 0 0 1
    outer loop
      vertex 108.7 8.6 42
      vertex 88.7 8.6 42
      vertex 108.7 8 42
    endloop
  endfacet
  facet normal 0 0 1
    outer loop
      vertex 108.7 8 42
      vertex 88.7 8.6 42
      vertex 88.7 8 42
    endloop
  endfacet
  facet normal 0 0 1
    outer loop
      vertex 115.5 117.3 42
      vertex 118.7 117.3 42
      vertex 118.652 118.28 42
    endloop
  endfacet
  facet normal 0 0 1
    outer loop
      vertex 118.7 117.3 42
      vertex 115.5 117.3 42
      vertex 118.7 18.6 42
    endloop
  endfacet
  facet normal 0 0 1
    outer loop
      vertex 115.467 117.967 42
      vertex 118.652 118.28 42
      vertex 118.508 119.251 42
    endloop
  endfacet
  facet normal 0 0 1
    outer loop
      vertex 115.5 18.6 42
      vertex 118.7 18.6 42
      vertex 115.5 117.3 42
    endloop
  endfacet
  facet normal 0 0 1
    outer loop
      vertex 115.369 118.627 42
      vertex 118.508 119.251 42
      vertex 118.269 120.203 42
    endloop
  endfacet
  facet normal 0 0 1
    outer loop
      vertex 118.7 18.6 42
      vertex 115.5 18.6 42
      vertex 118.652 17.6198 42
    endloop
  endfacet
  facet normal 0 0 1
    outer loop
      vertex 115.207 119.274 42
      vertex 118.269 120.203 42
      vertex 117.939 121.127 42
    endloop
  endfacet
  facet normal -0 0 1
    outer loop
      vertex 115.467 17.9335 42
      vertex 118.652 17.6198 42
      vertex 115.5 18.6 42
    endloop
  endfacet
  facet normal 0 0 1
    outer loop
      vertex 114.982 119.902 42
      vertex 117.939 121.127 42
      vertex 117.519 122.014 42
    endloop
  endfacet
  facet normal 0 0 1
    outer loop
      vertex 118.652 17.6198 42
      vertex 115.467 17.9335 42
      vertex 118.508 16.6491 42
    endloop
  endfacet
  facet normal 0 0 1
    outer loop
      vertex 114.697 120.506 42
      vertex 117.519 122.014 42
      vertex 117.015 122.856 42
    endloop
  endfacet
  facet normal -0 0 1
    outer loop
      vertex 115.369 17.2734 42
      vertex 118.508 16.6491 42
      vertex 115.467 17.9335 42
    endloop
  endfacet
  facet normal 0 0 1
    outer loop
      vertex 114.354 121.078 42
      vertex 117.015 122.856 42
      vertex 116.43 123.644 42
    endloop
  endfacet
  facet normal 0 0 1
    outer loop
      vertex 118.508 16.6491 42
      vertex 115.369 17.2734 42
      vertex 118.269 15.6972 42
    endloop
  endfacet
  facet normal 0 0 1
    outer loop
      vertex 113.956 121.614 42
      vertex 116.43 123.644 42
      vertex 115.771 124.371 42
    endloop
  endfacet
  facet normal -0 0 1
    outer loop
      vertex 115.207 16.6261 42
      vertex 118.269 15.6972 42
      vertex 115.369 17.2734 42
    endloop
  endfacet
  facet normal 0 0 1
    outer loop
      vertex 118.269 15.6972 42
      vertex 115.207 16.6261 42
      vertex 117.939 14.7732 42
    endloop
  endfacet
  facet normal 0 0 1
    outer loop
      vertex 118.652 118.28 42
      vertex 115.467 117.967 42
      vertex 115.5 117.3 42
    endloop
  endfacet
  facet normal 0 0 1
    outer loop
      vertex 118.508 119.251 42
      vertex 115.369 118.627 42
      vertex 115.467 117.967 42
    endloop
  endfacet
  facet normal 0 0 1
    outer loop
      vertex 118.269 120.203 42
      vertex 115.207 119.274 42
      vertex 115.369 118.627 42
    endloop
  endfacet
  facet normal 0 0 1
    outer loop
      vertex 113.508 122.108 42
      vertex 115.771 124.371 42
      vertex 115.044 125.03 42
    endloop
  endfacet
  facet normal 0 0 1
    outer loop
      vertex 117.939 121.127 42
      vertex 114.982 119.902 42
      vertex 115.207 119.274 42
    endloop
  endfacet
  facet normal 0 0 1
    outer loop
      vertex 117.519 122.014 42
      vertex 114.697 120.506 42
      vertex 114.982 119.902 42
    endloop
  endfacet
  facet normal 0 0 1
    outer loop
      vertex 117.015 122.856 42
      vertex 114.354 121.078 42
      vertex 114.697 120.506 42
    endloop
  endfacet
  facet normal 0 0 1
    outer loop
      vertex 113.014 122.556 42
      vertex 115.044 125.03 42
      vertex 114.256 125.615 42
    endloop
  endfacet
  facet normal 0 0 1
    outer loop
      vertex 116.43 123.644 42
      vertex 113.956 121.614 42
      vertex 114.354 121.078 42
    endloop
  endfacet
  facet normal 0 0 1
    outer loop
      vertex 115.771 124.371 42
      vertex 113.508 122.108 42
      vertex 113.956 121.614 42
    endloop
  endfacet
  facet normal 0 0 1
    outer loop
      vertex 112.478 122.954 42
      vertex 114.256 125.615 42
      vertex 113.414 126.119 42
    endloop
  endfacet
  facet normal 0 0 1
    outer loop
      vertex 115.044 125.03 42
      vertex 113.014 122.556 42
      vertex 113.508 122.108 42
    endloop
  endfacet
  facet normal 0 0 1
    outer loop
      vertex 111.906 123.297 42
      vertex 113.414 126.119 42
      vertex 112.527 126.539 42
    endloop
  endfacet
  facet normal 0 0 1
    outer loop
      vertex 114.256 125.615 42
      vertex 112.478 122.954 42
      vertex 113.014 122.556 42
    endloop
  endfacet
  facet normal 0 0 1
    outer loop
      vertex 113.414 126.119 42
      vertex 111.906 123.297 42
      vertex 112.478 122.954 42
    endloop
  endfacet
  facet normal 0 0 1
    outer loop
      vertex 111.302 123.582 42
      vertex 112.527 126.539 42
      vertex 111.603 126.869 42
    endloop
  endfacet
  facet normal 0 0 1
    outer loop
      vertex 112.527 126.539 42
      vertex 111.302 123.582 42
      vertex 111.906 123.297 42
    endloop
  endfacet
  facet normal 0 0 1
    outer loop
      vertex 111.603 126.869 42
      vertex 110.674 123.807 42
      vertex 111.302 123.582 42
    endloop
  endfacet
  facet normal 0 0 1
    outer loop
      vertex 110.651 127.108 42
      vertex 110.674 123.807 42
      vertex 111.603 126.869 42
    endloop
  endfacet
  facet normal 0 0 1
    outer loop
      vertex 110.651 127.108 42
      vertex 110.027 123.969 42
      vertex 110.674 123.807 42
    endloop
  endfacet
  facet normal 0 0 1
    outer loop
      vertex 109.68 127.252 42
      vertex 110.027 123.969 42
      vertex 110.651 127.108 42
    endloop
  endfacet
  facet normal 0 0 1
    outer loop
      vertex 109.68 127.252 42
      vertex 109.367 124.067 42
      vertex 110.027 123.969 42
    endloop
  endfacet
  facet normal 0 0 1
    outer loop
      vertex 108.7 127.3 42
      vertex 109.367 124.067 42
      vertex 109.68 127.252 42
    endloop
  endfacet
  facet normal 0 0 1
    outer loop
      vertex 108.7 127.3 42
      vertex 108.7 124.1 42
      vertex 109.367 124.067 42
    endloop
  endfacet
  facet normal -0 0 1
    outer loop
      vertex 10 127.3 42
      vertex 108.7 124.1 42
      vertex 108.7 127.3 42
    endloop
  endfacet
  facet normal 0 0 1
    outer loop
      vertex 10 127.3 42
      vertex 10 124.1 42
      vertex 108.7 124.1 42
    endloop
  endfacet
  facet normal 0 0 1
    outer loop
      vertex 10 127.3 42
      vertex 9.33348 124.067 42
      vertex 10 124.1 42
    endloop
  endfacet
  facet normal -0 0 1
    outer loop
      vertex 9.01982 127.252 42
      vertex 9.33348 124.067 42
      vertex 10 127.3 42
    endloop
  endfacet
  facet normal 0 0 1
    outer loop
      vertex 9.01982 127.252 42
      vertex 8.67339 123.969 42
      vertex 9.33348 124.067 42
    endloop
  endfacet
  facet normal -0 0 1
    outer loop
      vertex 8.0491 127.108 42
      vertex 8.67339 123.969 42
      vertex 9.01982 127.252 42
    endloop
  endfacet
  facet normal 0 0 1
    outer loop
      vertex 8.0491 127.108 42
      vertex 8.02606 123.807 42
      vertex 8.67339 123.969 42
    endloop
  endfacet
  facet normal -0 0 1
    outer loop
      vertex 7.09715 126.869 42
      vertex 8.02606 123.807 42
      vertex 8.0491 127.108 42
    endloop
  endfacet
  facet normal 0 0 1
    outer loop
      vertex 8.02606 123.807 42
      vertex 7.09715 126.869 42
      vertex 7.39775 123.582 42
    endloop
  endfacet
  facet normal -0 0 1
    outer loop
      vertex 6.17317 126.539 42
      vertex 7.39775 123.582 42
      vertex 7.09715 126.869 42
    endloop
  endfacet
  facet normal 0 0 1
    outer loop
      vertex 7.39775 123.582 42
      vertex 6.17317 126.539 42
      vertex 6.79449 123.297 42
    endloop
  endfacet
  facet normal -0 0 1
    outer loop
      vertex 5.28603 126.119 42
      vertex 6.79449 123.297 42
      vertex 6.17317 126.539 42
    endloop
  endfacet
  facet normal 0 0 1
    outer loop
      vertex 6.79449 123.297 42
      vertex 5.28603 126.119 42
      vertex 6.22212 122.954 42
    endloop
  endfacet
  facet normal -0 0 1
    outer loop
      vertex 4.44429 125.615 42
      vertex 6.22212 122.954 42
      vertex 5.28603 126.119 42
    endloop
  endfacet
  facet normal 0 0 1
    outer loop
      vertex 6.22212 122.954 42
      vertex 4.44429 125.615 42
      vertex 5.68613 122.556 42
    endloop
  endfacet
  facet normal -0 0 1
    outer loop
      vertex 3.65607 125.03 42
      vertex 5.68613 122.556 42
      vertex 4.44429 125.615 42
    endloop
  endfacet
  facet normal 0 0 1
    outer loop
      vertex 5.68613 122.556 42
      vertex 3.65607 125.03 42
      vertex 5.19168 122.108 42
    endloop
  endfacet
  facet normal -0 0 1
    outer loop
      vertex 2.92892 124.371 42
      vertex 5.19168 122.108 42
      vertex 3.65607 125.03 42
    endloop
  endfacet
  facet normal 0 0 1
    outer loop
      vertex 5.19168 122.108 42
      vertex 2.92892 124.371 42
      vertex 4.74353 121.614 42
    endloop
  endfacet
  facet normal 0 0 1
    outer loop
      vertex 4.74353 121.614 42
      vertex 2.92892 124.371 42
      vertex 4.34601 121.078 42
    endloop
  endfacet
  facet normal 0 0 1
    outer loop
      vertex 4.34601 121.078 42
      vertex 2.92892 124.371 42
      vertex 4.00293 120.506 42
    endloop
  endfacet
  facet normal 0 0 1
    outer loop
      vertex 4.00293 120.506 42
      vertex 2.92892 124.371 42
      vertex 3.71762 119.902 42
    endloop
  endfacet
  facet normal 0 0 1
    outer loop
      vertex 0 117.3 42
      vertex 3.71762 119.902 42
      vertex 2.92892 124.371 42
    endloop
  endfacet
  facet normal 0 0 1
    outer loop
      vertex 3.71762 119.902 42
      vertex 0 117.3 42
      vertex 3.49281 119.274 42
    endloop
  endfacet
  facet normal 0 0 1
    outer loop
      vertex 3.23274 117.967 42
      vertex 0 117.3 42
      vertex 3.2 117.3 42
    endloop
  endfacet
  facet normal 0 0 1
    outer loop
      vertex 3.33066 118.627 42
      vertex 0 117.3 42
      vertex 3.23274 117.967 42
    endloop
  endfacet
  facet normal 0 0 1
    outer loop
      vertex 3.49281 119.274 42
      vertex 0 117.3 42
      vertex 3.33066 118.627 42
    endloop
  endfacet
  facet normal -0 0 1
    outer loop
      vertex 114.982 15.9978 42
      vertex 117.939 14.7732 42
      vertex 115.207 16.6261 42
    endloop
  endfacet
  facet normal 0 0 1
    outer loop
      vertex 117.939 14.7732 42
      vertex 114.982 15.9978 42
      vertex 117.519 13.886 42
    endloop
  endfacet
  facet normal -0 0 1
    outer loop
      vertex 114.697 15.3945 42
      vertex 117.519 13.886 42
      vertex 114.982 15.9978 42
    endloop
  endfacet
  facet normal 0 0 1
    outer loop
      vertex 117.519 13.886 42
      vertex 114.697 15.3945 42
      vertex 117.015 13.0443 42
    endloop
  endfacet
  facet normal -0 0 1
    outer loop
      vertex 114.354 14.8221 42
      vertex 117.015 13.0443 42
      vertex 114.697 15.3945 42
    endloop
  endfacet
  facet normal 0 0 1
    outer loop
      vertex 117.015 13.0443 42
      vertex 114.354 14.8221 42
      vertex 116.43 12.2561 42
    endloop
  endfacet
  facet normal -0 0 1
    outer loop
      vertex 113.956 14.2861 42
      vertex 116.43 12.2561 42
      vertex 114.354 14.8221 42
    endloop
  endfacet
  facet normal 0 0 1
    outer loop
      vertex 116.43 12.2561 42
      vertex 113.956 14.2861 42
      vertex 115.771 11.5289 42
    endloop
  endfacet
  facet normal -0 0 1
    outer loop
      vertex 113.508 13.7917 42
      vertex 115.771 11.5289 42
      vertex 113.956 14.2861 42
    endloop
  endfacet
  facet normal 0 0 1
    outer loop
      vertex 115.771 11.5289 42
      vertex 113.508 13.7917 42
      vertex 115.044 10.8699 42
    endloop
  endfacet
  facet normal -0 0 1
    outer loop
      vertex 113.014 13.3435 42
      vertex 115.044 10.8699 42
      vertex 113.508 13.7917 42
    endloop
  endfacet
  facet normal 0 0 1
    outer loop
      vertex 115.044 10.8699 42
      vertex 113.014 13.3435 42
      vertex 114.256 10.2853 42
    endloop
  endfacet
  facet normal -0 0 1
    outer loop
      vertex 112.478 12.946 42
      vertex 114.256 10.2853 42
      vertex 113.014 13.3435 42
    endloop
  endfacet
  facet normal 0 0 1
    outer loop
      vertex 114.256 10.2853 42
      vertex 112.478 12.946 42
      vertex 113.414 9.78079 42
    endloop
  endfacet
  facet normal -0 0 1
    outer loop
      vertex 111.906 12.6029 42
      vertex 113.414 9.78079 42
      vertex 112.478 12.946 42
    endloop
  endfacet
  facet normal 0 0 1
    outer loop
      vertex 113.414 9.78079 42
      vertex 111.906 12.6029 42
      vertex 112.527 9.3612 42
    endloop
  endfacet
  facet normal -0 0 1
    outer loop
      vertex 111.302 12.3176 42
      vertex 112.527 9.3612 42
      vertex 111.906 12.6029 42
    endloop
  endfacet
  facet normal 0 0 1
    outer loop
      vertex 112.527 9.3612 42
      vertex 111.302 12.3176 42
      vertex 111.603 9.03061 42
    endloop
  endfacet
  facet normal -0 0 1
    outer loop
      vertex 110.674 12.0928 42
      vertex 111.603 9.03061 42
      vertex 111.302 12.3176 42
    endloop
  endfacet
  facet normal 0 0 1
    outer loop
      vertex 110.674 12.0928 42
      vertex 110.651 8.79216 42
      vertex 111.603 9.03061 42
    endloop
  endfacet
  facet normal -0 0 1
    outer loop
      vertex 110.027 11.9307 42
      vertex 110.651 8.79216 42
      vertex 110.674 12.0928 42
    endloop
  endfacet
  facet normal 0 0 1
    outer loop
      vertex 110.027 11.9307 42
      vertex 109.68 8.64816 42
      vertex 110.651 8.79216 42
    endloop
  endfacet
  facet normal -0 0 1
    outer loop
      vertex 109.367 11.8327 42
      vertex 109.68 8.64816 42
      vertex 110.027 11.9307 42
    endloop
  endfacet
  facet normal -0 0 1
    outer loop
      vertex 108.7 11.8 42
      vertex 109.68 8.64816 42
      vertex 109.367 11.8327 42
    endloop
  endfacet
  facet normal 0 0 1
    outer loop
      vertex 109.68 8.64816 42
      vertex 108.7 11.8 42
      vertex 108.7 8.6 42
    endloop
  endfacet
  facet normal 0.740908 0.671607 0
    outer loop
      vertex 116.43 123.644 42
      vertex 115.771 124.371 0
      vertex 115.771 124.371 42
    endloop
  endfacet
  facet normal 0.740908 0.671607 0
    outer loop
      vertex 115.771 124.371 0
      vertex 116.43 123.644 42
      vertex 116.43 123.644 0
    endloop
  endfacet
  facet normal -0.740989 -0.671517 0
    outer loop
      vertex 2.92892 11.5289 0
      vertex 2.2699 12.2561 42
      vertex 2.2699 12.2561 0
    endloop
  endfacet
  facet normal -0.740989 -0.671517 0
    outer loop
      vertex 2.2699 12.2561 42
      vertex 2.92892 11.5289 0
      vertex 2.92892 11.5289 42
    endloop
  endfacet
  facet normal 0.858032 0.513596 0
    outer loop
      vertex 117.519 122.014 42
      vertex 117.015 122.856 0
      vertex 117.015 122.856 42
    endloop
  endfacet
  facet normal 0.858032 0.513596 0
    outer loop
      vertex 117.015 122.856 0
      vertex 117.519 122.014 42
      vertex 117.519 122.014 0
    endloop
  endfacet
  facet normal 0.857951 -0.513731 0
    outer loop
      vertex 117.015 13.0443 42
      vertex 117.519 13.886 0
      vertex 117.519 13.886 42
    endloop
  endfacet
  facet normal 0.857951 -0.513731 0
    outer loop
      vertex 117.519 13.886 0
      vertex 117.015 13.0443 42
      vertex 117.015 13.0443 0
    endloop
  endfacet
  facet normal -0.427558 -0.903988 0
    outer loop
      vertex 5.28603 9.78079 0
      vertex 6.17317 9.3612 42
      vertex 5.28603 9.78079 42
    endloop
  endfacet
  facet normal -0.427558 -0.903988 -0
    outer loop
      vertex 6.17317 9.3612 42
      vertex 5.28603 9.78079 0
      vertex 6.17317 9.3612 0
    endloop
  endfacet
  facet normal 0.243494 0.969902 -0
    outer loop
      vertex 111.603 126.869 0
      vertex 110.651 127.108 42
      vertex 111.603 126.869 42
    endloop
  endfacet
  facet normal 0.243494 0.969902 0
    outer loop
      vertex 110.651 127.108 42
      vertex 111.603 126.869 0
      vertex 110.651 127.108 0
    endloop
  endfacet
  facet normal 0.998803 -0.048911 0
    outer loop
      vertex 118.652 17.6198 42
      vertex 118.7 18.6 0
      vertex 118.7 18.6 42
    endloop
  endfacet
  facet normal 0.998803 -0.048911 0
    outer loop
      vertex 118.7 18.6 0
      vertex 118.652 17.6198 42
      vertex 118.652 17.6198 0
    endloop
  endfacet
  facet normal 0 0 -1
    outer loop
      vertex 108.7 8.6 0
      vertex 118.7 18.6 0
      vertex 118.652 17.6198 0
    endloop
  endfacet
  facet normal 0 0 -1
    outer loop
      vertex 118.7 18.6 0
      vertex 86.85 67.95 0
      vertex 118.7 117.3 0
    endloop
  endfacet
  facet normal 0 0 -1
    outer loop
      vertex 108.7 8.6 0
      vertex 118.652 17.6198 0
      vertex 118.508 16.6491 0
    endloop
  endfacet
  facet normal 0 0 -1
    outer loop
      vertex 86.7176 70.6455 0
      vertex 118.7 117.3 0
      vertex 86.85 67.95 0
    endloop
  endfacet
  facet normal 0 0 -1
    outer loop
      vertex 108.7 8.6 0
      vertex 118.508 16.6491 0
      vertex 118.269 15.6972 0
    endloop
  endfacet
  facet normal 0 -0 -1
    outer loop
      vertex 106.868 113.032 0
      vertex 118.7 117.3 0
      vertex 86.7176 70.6455 0
    endloop
  endfacet
  facet normal 0 0 -1
    outer loop
      vertex 108.7 8.6 0
      vertex 118.269 15.6972 0
      vertex 117.939 14.7732 0
    endloop
  endfacet
  facet normal 0 -0 -1
    outer loop
      vertex 107.161 113.228 0
      vertex 118.7 117.3 0
      vertex 107.019 113.122 0
    endloop
  endfacet
  facet normal 0 0 -1
    outer loop
      vertex 108.7 8.6 0
      vertex 117.939 14.7732 0
      vertex 117.519 13.886 0
    endloop
  endfacet
  facet normal 0 -0 -1
    outer loop
      vertex 107.682 113.93 0
      vertex 118.7 117.3 0
      vertex 107.607 113.771 0
    endloop
  endfacet
  facet normal 0 0 -1
    outer loop
      vertex 108.7 8.6 0
      vertex 117.519 13.886 0
      vertex 117.015 13.0443 0
    endloop
  endfacet
  facet normal 0 -0 -1
    outer loop
      vertex 107.742 114.097 0
      vertex 118.7 117.3 0
      vertex 107.682 113.93 0
    endloop
  endfacet
  facet normal 0 0 -1
    outer loop
      vertex 108.7 8.6 0
      vertex 117.015 13.0443 0
      vertex 116.43 12.2561 0
    endloop
  endfacet
  facet normal 0 -0 -1
    outer loop
      vertex 107.81 114.443 0
      vertex 118.7 117.3 0
      vertex 107.784 114.268 0
    endloop
  endfacet
  facet normal 0 0 -1
    outer loop
      vertex 108.7 8.6 0
      vertex 116.43 12.2561 0
      vertex 115.771 11.5289 0
    endloop
  endfacet
  facet normal 0 0 -1
    outer loop
      vertex 107.81 114.795 0
      vertex 118.7 117.3 0
      vertex 107.819 114.619 0
    endloop
  endfacet
  facet normal 0 0 -1
    outer loop
      vertex 108.7 8.6 0
      vertex 115.771 11.5289 0
      vertex 115.044 10.8699 0
    endloop
  endfacet
  facet normal 0 0 -1
    outer loop
      vertex 107.784 114.97 0
      vertex 118.7 117.3 0
      vertex 107.81 114.795 0
    endloop
  endfacet
  facet normal 0 0 -1
    outer loop
      vertex 108.7 8.6 0
      vertex 115.044 10.8699 0
      vertex 114.256 10.2853 0
    endloop
  endfacet
  facet normal 0 0 -1
    outer loop
      vertex 107.682 115.308 0
      vertex 118.7 117.3 0
      vertex 107.742 115.142 0
    endloop
  endfacet
  facet normal 0 0 -1
    outer loop
      vertex 108.7 8.6 0
      vertex 114.256 10.2853 0
      vertex 113.414 9.78079 0
    endloop
  endfacet
  facet normal -0 0 -1
    outer loop
      vertex 118.652 118.28 0
      vertex 107.682 115.308 0
      vertex 118.508 119.251 0
    endloop
  endfacet
  facet normal 0 0 -1
    outer loop
      vertex 108.7 8.6 0
      vertex 113.414 9.78079 0
      vertex 112.527 9.3612 0
    endloop
  endfacet
  facet normal 0 0 -1
    outer loop
      vertex 107.607 115.468 0
      vertex 118.508 119.251 0
      vertex 107.682 115.308 0
    endloop
  endfacet
  facet normal 0 0 -1
    outer loop
      vertex 108.7 8.6 0
      vertex 112.527 9.3612 0
      vertex 111.603 9.03061 0
    endloop
  endfacet
  facet normal 0 0 -1
    outer loop
      vertex 107.516 115.619 0
      vertex 118.269 120.203 0
      vertex 107.607 115.468 0
    endloop
  endfacet
  facet normal 0 0 -1
    outer loop
      vertex 108.7 8.6 0
      vertex 111.603 9.03061 0
      vertex 110.651 8.79216 0
    endloop
  endfacet
  facet normal -0 0 -1
    outer loop
      vertex 118.269 120.203 0
      vertex 107.516 115.619 0
      vertex 117.939 121.127 0
    endloop
  endfacet
  facet normal 0 0 -1
    outer loop
      vertex 108.7 8.6 0
      vertex 110.651 8.79216 0
      vertex 109.68 8.64816 0
    endloop
  endfacet
  facet normal 0 0 -1
    outer loop
      vertex 107.41 115.761 0
      vertex 117.519 122.014 0
      vertex 107.516 115.619 0
    endloop
  endfacet
  facet normal -0 0 -1
    outer loop
      vertex 118.7 18.6 0
      vertex 108.7 8.6 0
      vertex 78.7954 48.5046 0
    endloop
  endfacet
  facet normal -0 0 -1
    outer loop
      vertex 117.015 122.856 0
      vertex 107.41 115.761 0
      vertex 116.43 123.644 0
    endloop
  endfacet
  facet normal 0 0 -1
    outer loop
      vertex 107.292 115.892 0
      vertex 116.43 123.644 0
      vertex 107.41 115.761 0
    endloop
  endfacet
  facet normal -0 0 -1
    outer loop
      vertex 116.43 123.644 0
      vertex 107.292 115.892 0
      vertex 115.771 124.371 0
    endloop
  endfacet
  facet normal -0 0 -1
    outer loop
      vertex 117.519 122.014 0
      vertex 107.41 115.761 0
      vertex 117.015 122.856 0
    endloop
  endfacet
  facet normal -0 0 -1
    outer loop
      vertex 117.939 121.127 0
      vertex 107.516 115.619 0
      vertex 117.519 122.014 0
    endloop
  endfacet
  facet normal -0 0 -1
    outer loop
      vertex 118.508 119.251 0
      vertex 107.607 115.468 0
      vertex 118.269 120.203 0
    endloop
  endfacet
  facet normal -0 0 -1
    outer loop
      vertex 118.7 117.3 0
      vertex 107.682 115.308 0
      vertex 118.652 118.28 0
    endloop
  endfacet
  facet normal 0 0 -1
    outer loop
      vertex 107.742 115.142 0
      vertex 118.7 117.3 0
      vertex 107.784 114.97 0
    endloop
  endfacet
  facet normal 0 -0 -1
    outer loop
      vertex 107.819 114.619 0
      vertex 118.7 117.3 0
      vertex 107.81 114.443 0
    endloop
  endfacet
  facet normal 0 -0 -1
    outer loop
      vertex 107.784 114.268 0
      vertex 118.7 117.3 0
      vertex 107.742 114.097 0
    endloop
  endfacet
  facet normal 0 0 -1
    outer loop
      vertex 118.7 18.6 0
      vertex 86.7176 65.2545 0
      vertex 86.85 67.95 0
    endloop
  endfacet
  facet normal 0 -0 -1
    outer loop
      vertex 107.516 113.619 0
      vertex 118.7 117.3 0
      vertex 107.41 113.477 0
    endloop
  endfacet
  facet normal 0 -0 -1
    outer loop
      vertex 107.607 113.771 0
      vertex 118.7 117.3 0
      vertex 107.516 113.619 0
    endloop
  endfacet
  facet normal 0 -0 -1
    outer loop
      vertex 107.292 113.346 0
      vertex 118.7 117.3 0
      vertex 107.161 113.228 0
    endloop
  endfacet
  facet normal 0 -0 -1
    outer loop
      vertex 107.41 113.477 0
      vertex 118.7 117.3 0
      vertex 107.292 113.346 0
    endloop
  endfacet
  facet normal 0 0 -1
    outer loop
      vertex 118.7 117.3 0
      vertex 106.868 113.032 0
      vertex 107.019 113.122 0
    endloop
  endfacet
  facet normal 0 0 -1
    outer loop
      vertex 86.3216 73.315 0
      vertex 106.868 113.032 0
      vertex 86.7176 70.6455 0
    endloop
  endfacet
  facet normal 0 0 -1
    outer loop
      vertex 106.868 113.032 0
      vertex 86.3216 73.315 0
      vertex 106.708 112.956 0
    endloop
  endfacet
  facet normal 0 0 -1
    outer loop
      vertex 106.708 112.956 0
      vertex 86.3216 73.315 0
      vertex 106.542 112.897 0
    endloop
  endfacet
  facet normal 0 0 -1
    outer loop
      vertex 106.542 112.897 0
      vertex 85.6659 75.9328 0
      vertex 106.37 112.854 0
    endloop
  endfacet
  facet normal 0 0 -1
    outer loop
      vertex 84.7567 78.4738 0
      vertex 106.37 112.854 0
      vertex 85.6659 75.9328 0
    endloop
  endfacet
  facet normal 0 0 -1
    outer loop
      vertex 106.37 112.854 0
      vertex 84.7567 78.4738 0
      vertex 106.195 112.828 0
    endloop
  endfacet
  facet normal 0 0 -1
    outer loop
      vertex 106.195 112.828 0
      vertex 84.7567 78.4738 0
      vertex 106.019 112.819 0
    endloop
  endfacet
  facet normal 0 0 -1
    outer loop
      vertex 83.6028 80.9134 0
      vertex 106.019 112.819 0
      vertex 84.7567 78.4738 0
    endloop
  endfacet
  facet normal -0 0 -1
    outer loop
      vertex 106.019 112.819 0
      vertex 83.6028 80.9134 0
      vertex 105.843 112.828 0
    endloop
  endfacet
  facet normal -0 0 -1
    outer loop
      vertex 105.843 112.828 0
      vertex 83.6028 80.9134 0
      vertex 105.668 112.854 0
    endloop
  endfacet
  facet normal -0 0 -1
    outer loop
      vertex 105.668 112.854 0
      vertex 83.6028 80.9134 0
      vertex 105.497 112.897 0
    endloop
  endfacet
  facet normal 0 0 -1
    outer loop
      vertex 82.2154 83.2282 0
      vertex 105.497 112.897 0
      vertex 83.6028 80.9134 0
    endloop
  endfacet
  facet normal -0 0 -1
    outer loop
      vertex 105.497 112.897 0
      vertex 82.2154 83.2282 0
      vertex 105.33 112.956 0
    endloop
  endfacet
  facet normal -0 0 -1
    outer loop
      vertex 105.33 112.956 0
      vertex 82.2154 83.2282 0
      vertex 105.171 113.032 0
    endloop
  endfacet
  facet normal 0 0 -1
    outer loop
      vertex 80.6078 85.3958 0
      vertex 105.171 113.032 0
      vertex 82.2154 83.2282 0
    endloop
  endfacet
  facet normal -0 0 -1
    outer loop
      vertex 105.171 113.032 0
      vertex 80.6078 85.3958 0
      vertex 105.019 113.122 0
    endloop
  endfacet
  facet normal -0 0 -1
    outer loop
      vertex 105.019 113.122 0
      vertex 80.6078 85.3958 0
      vertex 104.877 113.228 0
    endloop
  endfacet
  facet normal 0 0 -1
    outer loop
      vertex 78.7954 87.3954 0
      vertex 104.877 113.228 0
      vertex 80.6078 85.3958 0
    endloop
  endfacet
  facet normal -0 0 -1
    outer loop
      vertex 104.877 113.228 0
      vertex 78.7954 87.3954 0
      vertex 104.746 113.346 0
    endloop
  endfacet
  facet normal 0 0 -1
    outer loop
      vertex 85.6659 75.9328 0
      vertex 106.542 112.897 0
      vertex 86.3216 73.315 0
    endloop
  endfacet
  facet normal 0 0 -1
    outer loop
      vertex 118.7 18.6 0
      vertex 86.3216 62.585 0
      vertex 86.7176 65.2545 0
    endloop
  endfacet
  facet normal 0 0 -1
    outer loop
      vertex 118.7 18.6 0
      vertex 85.6659 59.9672 0
      vertex 86.3216 62.585 0
    endloop
  endfacet
  facet normal 0 0 -1
    outer loop
      vertex 118.7 18.6 0
      vertex 84.7567 57.4262 0
      vertex 85.6659 59.9672 0
    endloop
  endfacet
  facet normal 0 0 -1
    outer loop
      vertex 118.7 18.6 0
      vertex 83.6028 54.9866 0
      vertex 84.7567 57.4262 0
    endloop
  endfacet
  facet normal 0 0 -1
    outer loop
      vertex 118.7 18.6 0
      vertex 82.2154 52.6718 0
      vertex 83.6028 54.9866 0
    endloop
  endfacet
  facet normal 0 0 -1
    outer loop
      vertex 118.7 18.6 0
      vertex 80.6078 50.5042 0
      vertex 82.2154 52.6718 0
    endloop
  endfacet
  facet normal 0 0 -1
    outer loop
      vertex 118.7 18.6 0
      vertex 78.7954 48.5046 0
      vertex 80.6078 50.5042 0
    endloop
  endfacet
  facet normal 0 0 -1
    outer loop
      vertex 108.7 8.6 0
      vertex 76.7958 46.6922 0
      vertex 78.7954 48.5046 0
    endloop
  endfacet
  facet normal 0 0 -1
    outer loop
      vertex 108.7 8.6 0
      vertex 74.6282 45.0846 0
      vertex 76.7958 46.6922 0
    endloop
  endfacet
  facet normal 0 0 -1
    outer loop
      vertex 108.7 8.6 0
      vertex 72.3134 43.6972 0
      vertex 74.6282 45.0846 0
    endloop
  endfacet
  facet normal 0 0 -1
    outer loop
      vertex 108.7 8.6 0
      vertex 69.8738 42.5433 0
      vertex 72.3134 43.6972 0
    endloop
  endfacet
  facet normal 0 0 -1
    outer loop
      vertex 108.7 8.6 0
      vertex 67.3328 41.6341 0
      vertex 69.8738 42.5433 0
    endloop
  endfacet
  facet normal 0 0 -1
    outer loop
      vertex 108.7 8.6 0
      vertex 64.715 40.9784 0
      vertex 67.3328 41.6341 0
    endloop
  endfacet
  facet normal 0 0 -1
    outer loop
      vertex 108.7 8.6 0
      vertex 62.0455 40.5824 0
      vertex 64.715 40.9784 0
    endloop
  endfacet
  facet normal 0 0 -1
    outer loop
      vertex 108.7 8.6 0
      vertex 59.35 40.45 0
      vertex 62.0455 40.5824 0
    endloop
  endfacet
  facet normal 0 0 -1
    outer loop
      vertex 10 8.6 0
      vertex 59.35 40.45 0
      vertex 108.7 8.6 0
    endloop
  endfacet
  facet normal -0 0 -1
    outer loop
      vertex 59.35 40.45 0
      vertex 10 8.6 0
      vertex 56.6545 40.5824 0
    endloop
  endfacet
  facet normal -0 0 -1
    outer loop
      vertex 56.6545 40.5824 0
      vertex 10 8.6 0
      vertex 53.985 40.9784 0
    endloop
  endfacet
  facet normal 0 -0 -1
    outer loop
      vertex 14.2684 20.4324 0
      vertex 53.985 40.9784 0
      vertex 10 8.6 0
    endloop
  endfacet
  facet normal 0 -0 -1
    outer loop
      vertex 14.3439 20.5921 0
      vertex 53.985 40.9784 0
      vertex 14.2684 20.4324 0
    endloop
  endfacet
  facet normal 0 0 -1
    outer loop
      vertex 13.9537 22.5537 0
      vertex 39.9046 48.5046 0
      vertex 14.0724 22.4229 0
    endloop
  endfacet
  facet normal -0 0 -1
    outer loop
      vertex 41.9042 46.6922 0
      vertex 14.0724 22.4229 0
      vertex 39.9046 48.5046 0
    endloop
  endfacet
  facet normal 0 0 -1
    outer loop
      vertex 14.0724 22.4229 0
      vertex 41.9042 46.6922 0
      vertex 14.1776 22.281 0
    endloop
  endfacet
  facet normal 0 0 -1
    outer loop
      vertex 14.1776 22.281 0
      vertex 41.9042 46.6922 0
      vertex 14.2684 22.1295 0
    endloop
  endfacet
  facet normal -0 0 -1
    outer loop
      vertex 44.0718 45.0846 0
      vertex 14.2684 22.1295 0
      vertex 41.9042 46.6922 0
    endloop
  endfacet
  facet normal 0 0 -1
    outer loop
      vertex 14.2684 22.1295 0
      vertex 44.0718 45.0846 0
      vertex 14.3439 21.9698 0
    endloop
  endfacet
  facet normal 0 0 -1
    outer loop
      vertex 14.3439 21.9698 0
      vertex 44.0718 45.0846 0
      vertex 14.4034 21.8035 0
    endloop
  endfacet
  facet normal 0 0 -1
    outer loop
      vertex 14.4034 21.8035 0
      vertex 44.0718 45.0846 0
      vertex 14.4464 21.6321 0
    endloop
  endfacet
  facet normal -0 0 -1
    outer loop
      vertex 46.3866 43.6972 0
      vertex 14.4464 21.6321 0
      vertex 44.0718 45.0846 0
    endloop
  endfacet
  facet normal 0 0 -1
    outer loop
      vertex 14.4464 21.6321 0
      vertex 46.3866 43.6972 0
      vertex 14.4723 21.4574 0
    endloop
  endfacet
  facet normal 0 0 -1
    outer loop
      vertex 14.4723 21.4574 0
      vertex 46.3866 43.6972 0
      vertex 14.481 21.281 0
    endloop
  endfacet
  facet normal -0 0 -1
    outer loop
      vertex 53.985 40.9784 0
      vertex 14.3439 20.5921 0
      vertex 51.3672 41.6341 0
    endloop
  endfacet
  facet normal -0 0 -1
    outer loop
      vertex 48.8262 42.5433 0
      vertex 14.481 21.281 0
      vertex 46.3866 43.6972 0
    endloop
  endfacet
  facet normal 0 -0 -1
    outer loop
      vertex 14.481 21.281 0
      vertex 48.8262 42.5433 0
      vertex 14.4723 21.1045 0
    endloop
  endfacet
  facet normal 0 -0 -1
    outer loop
      vertex 14.4723 21.1045 0
      vertex 48.8262 42.5433 0
      vertex 14.4464 20.9298 0
    endloop
  endfacet
  facet normal -0 0 -1
    outer loop
      vertex 51.3672 41.6341 0
      vertex 14.4464 20.9298 0
      vertex 48.8262 42.5433 0
    endloop
  endfacet
  facet normal 0 -0 -1
    outer loop
      vertex 14.4464 20.9298 0
      vertex 51.3672 41.6341 0
      vertex 14.4034 20.7584 0
    endloop
  endfacet
  facet normal 0 -0 -1
    outer loop
      vertex 14.4034 20.7584 0
      vertex 51.3672 41.6341 0
      vertex 14.3439 20.5921 0
    endloop
  endfacet
  facet normal 0 0 -1
    outer loop
      vertex 14.2684 20.4324 0
      vertex 10 8.6 0
      vertex 14.1776 20.2809 0
    endloop
  endfacet
  facet normal 0 0 -1
    outer loop
      vertex 14.1776 20.2809 0
      vertex 10 8.6 0
      vertex 14.0724 20.139 0
    endloop
  endfacet
  facet normal 0 0 -1
    outer loop
      vertex 14.0724 20.139 0
      vertex 10 8.6 0
      vertex 13.9537 20.0082 0
    endloop
  endfacet
  facet normal 0 0 -1
    outer loop
      vertex 13.9537 20.0082 0
      vertex 10 8.6 0
      vertex 13.8229 19.8895 0
    endloop
  endfacet
  facet normal 0 0 -1
    outer loop
      vertex 13.8229 19.8895 0
      vertex 10 8.6 0
      vertex 13.681 19.7843 0
    endloop
  endfacet
  facet normal 0 0 -1
    outer loop
      vertex 13.681 19.7843 0
      vertex 10 8.6 0
      vertex 13.5295 19.6935 0
    endloop
  endfacet
  facet normal 0 0 -1
    outer loop
      vertex 13.5295 19.6935 0
      vertex 10 8.6 0
      vertex 13.3698 19.618 0
    endloop
  endfacet
  facet normal 0 0 -1
    outer loop
      vertex 13.3698 19.618 0
      vertex 10 8.6 0
      vertex 13.2035 19.5585 0
    endloop
  endfacet
  facet normal 0 0 -1
    outer loop
      vertex 13.2035 19.5585 0
      vertex 10 8.6 0
      vertex 13.0321 19.5155 0
    endloop
  endfacet
  facet normal 0 0 -1
    outer loop
      vertex 13.0321 19.5155 0
      vertex 10 8.6 0
      vertex 12.8574 19.4896 0
    endloop
  endfacet
  facet normal 0 0 -1
    outer loop
      vertex 12.8574 19.4896 0
      vertex 10 8.6 0
      vertex 12.681 19.481 0
    endloop
  endfacet
  facet normal 0 0 -1
    outer loop
      vertex 2.92892 11.5289 0
      vertex 11.4082 20.0082 0
      vertex 3.65607 10.8699 0
    endloop
  endfacet
  facet normal -0 0 -1
    outer loop
      vertex 11.539 19.8895 0
      vertex 3.65607 10.8699 0
      vertex 11.4082 20.0082 0
    endloop
  endfacet
  facet normal 0 0 -1
    outer loop
      vertex 3.65607 10.8699 0
      vertex 11.539 19.8895 0
      vertex 4.44429 10.2853 0
    endloop
  endfacet
  facet normal 0 0 -1
    outer loop
      vertex 4.44429 10.2853 0
      vertex 11.539 19.8895 0
      vertex 5.28603 9.78079 0
    endloop
  endfacet
  facet normal -0 0 -1
    outer loop
      vertex 11.6809 19.7843 0
      vertex 5.28603 9.78079 0
      vertex 11.539 19.8895 0
    endloop
  endfacet
  facet normal 0 0 -1
    outer loop
      vertex 5.28603 9.78079 0
      vertex 11.6809 19.7843 0
      vertex 6.17317 9.3612 0
    endloop
  endfacet
  facet normal 0 0 -1
    outer loop
      vertex 6.17317 9.3612 0
      vertex 11.6809 19.7843 0
      vertex 7.09715 9.03061 0
    endloop
  endfacet
  facet normal -0 0 -1
    outer loop
      vertex 11.8324 19.6935 0
      vertex 7.09715 9.03061 0
      vertex 11.6809 19.7843 0
    endloop
  endfacet
  facet normal 0 0 -1
    outer loop
      vertex 7.09715 9.03061 0
      vertex 11.8324 19.6935 0
      vertex 8.0491 8.79216 0
    endloop
  endfacet
  facet normal 0 0 -1
    outer loop
      vertex 8.0491 8.79216 0
      vertex 11.8324 19.6935 0
      vertex 9.01982 8.64816 0
    endloop
  endfacet
  facet normal -0 0 -1
    outer loop
      vertex 11.9921 19.618 0
      vertex 9.01982 8.64816 0
      vertex 11.8324 19.6935 0
    endloop
  endfacet
  facet normal 0 0 -1
    outer loop
      vertex 9.01982 8.64816 0
      vertex 11.9921 19.618 0
      vertex 10 8.6 0
    endloop
  endfacet
  facet normal -0 0 -1
    outer loop
      vertex 12.1584 19.5585 0
      vertex 10 8.6 0
      vertex 11.9921 19.618 0
    endloop
  endfacet
  facet normal -0 0 -1
    outer loop
      vertex 12.3298 19.5155 0
      vertex 10 8.6 0
      vertex 12.1584 19.5585 0
    endloop
  endfacet
  facet normal -0 0 -1
    outer loop
      vertex 12.5045 19.4896 0
      vertex 10 8.6 0
      vertex 12.3298 19.5155 0
    endloop
  endfacet
  facet normal -0 0 -1
    outer loop
      vertex 12.681 19.481 0
      vertex 10 8.6 0
      vertex 12.5045 19.4896 0
    endloop
  endfacet
  facet normal -0 0 -1
    outer loop
      vertex 115.771 124.371 0
      vertex 107.292 115.892 0
      vertex 115.044 125.03 0
    endloop
  endfacet
  facet normal 0 0 -1
    outer loop
      vertex 107.161 116.01 0
      vertex 115.044 125.03 0
      vertex 107.292 115.892 0
    endloop
  endfacet
  facet normal -0 0 -1
    outer loop
      vertex 115.044 125.03 0
      vertex 107.161 116.01 0
      vertex 114.256 125.615 0
    endloop
  endfacet
  facet normal -0 0 -1
    outer loop
      vertex 114.256 125.615 0
      vertex 107.161 116.01 0
      vertex 113.414 126.119 0
    endloop
  endfacet
  facet normal 0 0 -1
    outer loop
      vertex 107.019 116.116 0
      vertex 113.414 126.119 0
      vertex 107.161 116.01 0
    endloop
  endfacet
  facet normal -0 0 -1
    outer loop
      vertex 113.414 126.119 0
      vertex 107.019 116.116 0
      vertex 112.527 126.539 0
    endloop
  endfacet
  facet normal -0 0 -1
    outer loop
      vertex 112.527 126.539 0
      vertex 107.019 116.116 0
      vertex 111.603 126.869 0
    endloop
  endfacet
  facet normal 0 0 -1
    outer loop
      vertex 106.868 116.207 0
      vertex 111.603 126.869 0
      vertex 107.019 116.116 0
    endloop
  endfacet
  facet normal -0 0 -1
    outer loop
      vertex 111.603 126.869 0
      vertex 106.868 116.207 0
      vertex 110.651 127.108 0
    endloop
  endfacet
  facet normal -0 0 -1
    outer loop
      vertex 110.651 127.108 0
      vertex 106.868 116.207 0
      vertex 109.68 127.252 0
    endloop
  endfacet
  facet normal 0 0 -1
    outer loop
      vertex 106.708 116.282 0
      vertex 109.68 127.252 0
      vertex 106.868 116.207 0
    endloop
  endfacet
  facet normal -0 0 -1
    outer loop
      vertex 109.68 127.252 0
      vertex 106.708 116.282 0
      vertex 108.7 127.3 0
    endloop
  endfacet
  facet normal 0 0 -1
    outer loop
      vertex 106.542 116.342 0
      vertex 108.7 127.3 0
      vertex 106.708 116.282 0
    endloop
  endfacet
  facet normal 0 0 -1
    outer loop
      vertex 106.37 116.384 0
      vertex 108.7 127.3 0
      vertex 106.542 116.342 0
    endloop
  endfacet
  facet normal 0 0 -1
    outer loop
      vertex 106.195 116.41 0
      vertex 108.7 127.3 0
      vertex 106.37 116.384 0
    endloop
  endfacet
  facet normal 0 0 -1
    outer loop
      vertex 106.019 116.419 0
      vertex 108.7 127.3 0
      vertex 106.195 116.41 0
    endloop
  endfacet
  facet normal 0 0 -1
    outer loop
      vertex 105.843 116.41 0
      vertex 108.7 127.3 0
      vertex 106.019 116.419 0
    endloop
  endfacet
  facet normal 0 0 -1
    outer loop
      vertex 105.668 116.384 0
      vertex 108.7 127.3 0
      vertex 105.843 116.41 0
    endloop
  endfacet
  facet normal 0 0 -1
    outer loop
      vertex 105.497 116.342 0
      vertex 108.7 127.3 0
      vertex 105.668 116.384 0
    endloop
  endfacet
  facet normal 0 0 -1
    outer loop
      vertex 105.33 116.282 0
      vertex 108.7 127.3 0
      vertex 105.497 116.342 0
    endloop
  endfacet
  facet normal 0 0 -1
    outer loop
      vertex 105.171 116.207 0
      vertex 108.7 127.3 0
      vertex 105.33 116.282 0
    endloop
  endfacet
  facet normal 0 0 -1
    outer loop
      vertex 105.019 116.116 0
      vertex 108.7 127.3 0
      vertex 105.171 116.207 0
    endloop
  endfacet
  facet normal 0 0 -1
    outer loop
      vertex 104.877 116.01 0
      vertex 108.7 127.3 0
      vertex 105.019 116.116 0
    endloop
  endfacet
  facet normal 0 0 -1
    outer loop
      vertex 104.746 115.892 0
      vertex 108.7 127.3 0
      vertex 104.877 116.01 0
    endloop
  endfacet
  facet normal 0 0 -1
    outer loop
      vertex 104.628 115.761 0
      vertex 108.7 127.3 0
      vertex 104.746 115.892 0
    endloop
  endfacet
  facet normal 0 0 -1
    outer loop
      vertex 104.522 115.619 0
      vertex 108.7 127.3 0
      vertex 104.628 115.761 0
    endloop
  endfacet
  facet normal 0 0 -1
    outer loop
      vertex 104.432 115.468 0
      vertex 108.7 127.3 0
      vertex 104.522 115.619 0
    endloop
  endfacet
  facet normal 0 0 -1
    outer loop
      vertex 64.715 94.9216 0
      vertex 104.432 115.468 0
      vertex 104.356 115.308 0
    endloop
  endfacet
  facet normal -0 0 -1
    outer loop
      vertex 104.746 113.346 0
      vertex 78.7954 87.3954 0
      vertex 104.628 113.477 0
    endloop
  endfacet
  facet normal 0 0 -1
    outer loop
      vertex 76.7958 89.2078 0
      vertex 104.628 113.477 0
      vertex 78.7954 87.3954 0
    endloop
  endfacet
  facet normal -0 0 -1
    outer loop
      vertex 104.628 113.477 0
      vertex 76.7958 89.2078 0
      vertex 104.522 113.619 0
    endloop
  endfacet
  facet normal -0 0 -1
    outer loop
      vertex 104.522 113.619 0
      vertex 76.7958 89.2078 0
      vertex 104.432 113.771 0
    endloop
  endfacet
  facet normal 0 0 -1
    outer loop
      vertex 74.6282 90.8154 0
      vertex 104.432 113.771 0
      vertex 76.7958 89.2078 0
    endloop
  endfacet
  facet normal -0 0 -1
    outer loop
      vertex 104.432 113.771 0
      vertex 74.6282 90.8154 0
      vertex 104.356 113.93 0
    endloop
  endfacet
  facet normal -0 0 -1
    outer loop
      vertex 104.356 113.93 0
      vertex 74.6282 90.8154 0
      vertex 104.297 114.097 0
    endloop
  endfacet
  facet normal -0 0 -1
    outer loop
      vertex 104.297 114.097 0
      vertex 74.6282 90.8154 0
      vertex 104.254 114.268 0
    endloop
  endfacet
  facet normal 0 0 -1
    outer loop
      vertex 72.3134 92.2028 0
      vertex 104.254 114.268 0
      vertex 74.6282 90.8154 0
    endloop
  endfacet
  facet normal -0 0 -1
    outer loop
      vertex 104.254 114.268 0
      vertex 72.3134 92.2028 0
      vertex 104.228 114.443 0
    endloop
  endfacet
  facet normal -0 0 -1
    outer loop
      vertex 104.228 114.443 0
      vertex 72.3134 92.2028 0
      vertex 104.219 114.619 0
    endloop
  endfacet
  facet normal 0 0 -1
    outer loop
      vertex 69.8738 93.3567 0
      vertex 104.219 114.619 0
      vertex 72.3134 92.2028 0
    endloop
  endfacet
  facet normal -0 0 -1
    outer loop
      vertex 104.219 114.619 0
      vertex 69.8738 93.3567 0
      vertex 104.228 114.795 0
    endloop
  endfacet
  facet normal -0 0 -1
    outer loop
      vertex 104.228 114.795 0
      vertex 69.8738 93.3567 0
      vertex 104.254 114.97 0
    endloop
  endfacet
  facet normal 0 0 -1
    outer loop
      vertex 67.3328 94.2659 0
      vertex 104.254 114.97 0
      vertex 69.8738 93.3567 0
    endloop
  endfacet
  facet normal -0 0 -1
    outer loop
      vertex 104.254 114.97 0
      vertex 67.3328 94.2659 0
      vertex 104.297 115.142 0
    endloop
  endfacet
  facet normal -0 0 -1
    outer loop
      vertex 104.297 115.142 0
      vertex 67.3328 94.2659 0
      vertex 104.356 115.308 0
    endloop
  endfacet
  facet normal 0 0 -1
    outer loop
      vertex 64.715 94.9216 0
      vertex 104.356 115.308 0
      vertex 67.3328 94.2659 0
    endloop
  endfacet
  facet normal -0 0 -1
    outer loop
      vertex 104.432 115.468 0
      vertex 64.715 94.9216 0
      vertex 108.7 127.3 0
    endloop
  endfacet
  facet normal 0 0 -1
    outer loop
      vertex 62.0455 95.3176 0
      vertex 108.7 127.3 0
      vertex 64.715 94.9216 0
    endloop
  endfacet
  facet normal 0 0 -1
    outer loop
      vertex 59.35 95.45 0
      vertex 108.7 127.3 0
      vertex 62.0455 95.3176 0
    endloop
  endfacet
  facet normal 0 0 -1
    outer loop
      vertex 10 127.3 0
      vertex 59.35 95.45 0
      vertex 56.6545 95.3176 0
    endloop
  endfacet
  facet normal 0 0 -1
    outer loop
      vertex 10 127.3 0
      vertex 56.6545 95.3176 0
      vertex 53.985 94.9216 0
    endloop
  endfacet
  facet normal 0 0 -1
    outer loop
      vertex 10 127.3 0
      vertex 53.985 94.9216 0
      vertex 51.3672 94.2659 0
    endloop
  endfacet
  facet normal 0 0 -1
    outer loop
      vertex 10 127.3 0
      vertex 51.3672 94.2659 0
      vertex 48.8262 93.3567 0
    endloop
  endfacet
  facet normal 0 0 -1
    outer loop
      vertex 10 127.3 0
      vertex 48.8262 93.3567 0
      vertex 46.3866 92.2028 0
    endloop
  endfacet
  facet normal 0 0 -1
    outer loop
      vertex 13.8229 22.6724 0
      vertex 39.9046 48.5046 0
      vertex 13.9537 22.5537 0
    endloop
  endfacet
  facet normal -0 0 -1
    outer loop
      vertex 39.9046 48.5046 0
      vertex 13.8229 22.6724 0
      vertex 38.0922 50.5042 0
    endloop
  endfacet
  facet normal 0 0 -1
    outer loop
      vertex 13.681 22.7776 0
      vertex 38.0922 50.5042 0
      vertex 13.8229 22.6724 0
    endloop
  endfacet
  facet normal 0 0 -1
    outer loop
      vertex 13.5295 22.8684 0
      vertex 38.0922 50.5042 0
      vertex 13.681 22.7776 0
    endloop
  endfacet
  facet normal -0 0 -1
    outer loop
      vertex 38.0922 50.5042 0
      vertex 13.5295 22.8684 0
      vertex 36.4846 52.6718 0
    endloop
  endfacet
  facet normal 0 0 -1
    outer loop
      vertex 13.3698 22.9439 0
      vertex 36.4846 52.6718 0
      vertex 13.5295 22.8684 0
    endloop
  endfacet
  facet normal 0 0 -1
    outer loop
      vertex 13.2035 23.0034 0
      vertex 36.4846 52.6718 0
      vertex 13.3698 22.9439 0
    endloop
  endfacet
  facet normal -0 0 -1
    outer loop
      vertex 36.4846 52.6718 0
      vertex 13.2035 23.0034 0
      vertex 35.0972 54.9866 0
    endloop
  endfacet
  facet normal 0 0 -1
    outer loop
      vertex 13.0321 23.0464 0
      vertex 35.0972 54.9866 0
      vertex 13.2035 23.0034 0
    endloop
  endfacet
  facet normal 0 0 -1
    outer loop
      vertex 12.8574 23.0723 0
      vertex 35.0972 54.9866 0
      vertex 13.0321 23.0464 0
    endloop
  endfacet
  facet normal 0 0 -1
    outer loop
      vertex 12.681 23.081 0
      vertex 35.0972 54.9866 0
      vertex 12.8574 23.0723 0
    endloop
  endfacet
  facet normal -0 0 -1
    outer loop
      vertex 35.0972 54.9866 0
      vertex 12.681 23.081 0
      vertex 33.9433 57.4262 0
    endloop
  endfacet
  facet normal 0 0 -1
    outer loop
      vertex 12.5045 23.0723 0
      vertex 33.9433 57.4262 0
      vertex 12.681 23.081 0
    endloop
  endfacet
  facet normal 0 0 -1
    outer loop
      vertex 12.3298 23.0464 0
      vertex 33.9433 57.4262 0
      vertex 12.5045 23.0723 0
    endloop
  endfacet
  facet normal -0 0 -1
    outer loop
      vertex 33.9433 57.4262 0
      vertex 12.3298 23.0464 0
      vertex 33.0341 59.9672 0
    endloop
  endfacet
  facet normal 0 0 -1
    outer loop
      vertex 12.1584 23.0034 0
      vertex 33.0341 59.9672 0
      vertex 12.3298 23.0464 0
    endloop
  endfacet
  facet normal -0 0 -1
    outer loop
      vertex 33.0341 59.9672 0
      vertex 12.1584 23.0034 0
      vertex 32.3784 62.585 0
    endloop
  endfacet
  facet normal 0 0 -1
    outer loop
      vertex 11.9921 22.9439 0
      vertex 32.3784 62.585 0
      vertex 12.1584 23.0034 0
    endloop
  endfacet
  facet normal 0 0 -1
    outer loop
      vertex 11.8324 22.8684 0
      vertex 32.3784 62.585 0
      vertex 11.9921 22.9439 0
    endloop
  endfacet
  facet normal -0 0 -1
    outer loop
      vertex 32.3784 62.585 0
      vertex 11.8324 22.8684 0
      vertex 31.9824 65.2545 0
    endloop
  endfacet
  facet normal 0 0 -1
    outer loop
      vertex 0 18.6 0
      vertex 31.9824 65.2545 0
      vertex 11.8324 22.8684 0
    endloop
  endfacet
  facet normal -0 0 -1
    outer loop
      vertex 31.9824 65.2545 0
      vertex 0 18.6 0
      vertex 31.85 67.95 0
    endloop
  endfacet
  facet normal 0 0 -1
    outer loop
      vertex 0 117.3 0
      vertex 31.85 67.95 0
      vertex 0 18.6 0
    endloop
  endfacet
  facet normal 0 0 -1
    outer loop
      vertex 31.85 67.95 0
      vertex 0 117.3 0
      vertex 31.9824 70.6455 0
    endloop
  endfacet
  facet normal 0 0 -1
    outer loop
      vertex 31.9824 70.6455 0
      vertex 0 117.3 0
      vertex 32.3784 73.315 0
    endloop
  endfacet
  facet normal 0 0 -1
    outer loop
      vertex 0 18.6 0
      vertex 11.8324 22.8684 0
      vertex 11.6809 22.7776 0
    endloop
  endfacet
  facet normal 0 0 -1
    outer loop
      vertex 0 18.6 0
      vertex 11.6809 22.7776 0
      vertex 11.539 22.6724 0
    endloop
  endfacet
  facet normal 0 0 -1
    outer loop
      vertex 0 18.6 0
      vertex 11.539 22.6724 0
      vertex 11.4082 22.5537 0
    endloop
  endfacet
  facet normal 0 0 -1
    outer loop
      vertex 0 18.6 0
      vertex 11.4082 22.5537 0
      vertex 11.2895 22.4229 0
    endloop
  endfacet
  facet normal 0 0 -1
    outer loop
      vertex 0 18.6 0
      vertex 11.2895 22.4229 0
      vertex 11.1843 22.281 0
    endloop
  endfacet
  facet normal 0 0 -1
    outer loop
      vertex 0 18.6 0
      vertex 11.1843 22.281 0
      vertex 11.0935 22.1295 0
    endloop
  endfacet
  facet normal 0 0 -1
    outer loop
      vertex 0 18.6 0
      vertex 11.0935 22.1295 0
      vertex 11.018 21.9698 0
    endloop
  endfacet
  facet normal 0 0 -1
    outer loop
      vertex 2.2699 12.2561 0
      vertex 11.4082 20.0082 0
      vertex 2.92892 11.5289 0
    endloop
  endfacet
  facet normal 0 0 -1
    outer loop
      vertex 59.35 95.45 0
      vertex 10 127.3 0
      vertex 108.7 127.3 0
    endloop
  endfacet
  facet normal 0 0 -1
    outer loop
      vertex 44.0718 90.8154 0
      vertex 10 127.3 0
      vertex 46.3866 92.2028 0
    endloop
  endfacet
  facet normal 0 0 -1
    outer loop
      vertex 41.9042 89.2078 0
      vertex 10 127.3 0
      vertex 44.0718 90.8154 0
    endloop
  endfacet
  facet normal 0 0 -1
    outer loop
      vertex 39.9046 87.3954 0
      vertex 10 127.3 0
      vertex 41.9042 89.2078 0
    endloop
  endfacet
  facet normal 0 0 -1
    outer loop
      vertex 0 117.3 0
      vertex 39.9046 87.3954 0
      vertex 38.0922 85.3958 0
    endloop
  endfacet
  facet normal 0 0 -1
    outer loop
      vertex 0 117.3 0
      vertex 38.0922 85.3958 0
      vertex 36.4846 83.2282 0
    endloop
  endfacet
  facet normal 0 0 -1
    outer loop
      vertex 0 117.3 0
      vertex 36.4846 83.2282 0
      vertex 35.0972 80.9134 0
    endloop
  endfacet
  facet normal 0 0 -1
    outer loop
      vertex 0 117.3 0
      vertex 35.0972 80.9134 0
      vertex 33.9433 78.4738 0
    endloop
  endfacet
  facet normal 0 0 -1
    outer loop
      vertex 32.3784 73.315 0
      vertex 0 117.3 0
      vertex 33.0341 75.9328 0
    endloop
  endfacet
  facet normal 0 0 -1
    outer loop
      vertex 0 18.6 0
      vertex 11.018 21.9698 0
      vertex 10.9585 21.8035 0
    endloop
  endfacet
  facet normal 0 0 -1
    outer loop
      vertex 0 18.6 0
      vertex 10.9585 21.8035 0
      vertex 10.9155 21.6321 0
    endloop
  endfacet
  facet normal 0 0 -1
    outer loop
      vertex 0 18.6 0
      vertex 10.9155 21.6321 0
      vertex 10.8896 21.4574 0
    endloop
  endfacet
  facet normal -0 0 -1
    outer loop
      vertex 11.4082 20.0082 0
      vertex 2.2699 12.2561 0
      vertex 11.2895 20.139 0
    endloop
  endfacet
  facet normal 0 0 -1
    outer loop
      vertex 1.6853 13.0443 0
      vertex 11.2895 20.139 0
      vertex 2.2699 12.2561 0
    endloop
  endfacet
  facet normal 0 0 -1
    outer loop
      vertex 33.0341 75.9328 0
      vertex 0 117.3 0
      vertex 33.9433 78.4738 0
    endloop
  endfacet
  facet normal 0 0 -1
    outer loop
      vertex 1.18079 13.886 0
      vertex 11.2895 20.139 0
      vertex 1.6853 13.0443 0
    endloop
  endfacet
  facet normal 0 0 -1
    outer loop
      vertex 39.9046 87.3954 0
      vertex 0 117.3 0
      vertex 10 127.3 0
    endloop
  endfacet
  facet normal -0 0 -1
    outer loop
      vertex 11.2895 20.139 0
      vertex 1.18079 13.886 0
      vertex 11.1843 20.2809 0
    endloop
  endfacet
  facet normal 0 0 -1
    outer loop
      vertex 10 127.3 0
      vertex 0 117.3 0
      vertex 9.01982 127.252 0
    endloop
  endfacet
  facet normal 0 0 -1
    outer loop
      vertex 0.7612 14.7732 0
      vertex 11.1843 20.2809 0
      vertex 1.18079 13.886 0
    endloop
  endfacet
  facet normal 0 0 -1
    outer loop
      vertex 9.01982 127.252 0
      vertex 0 117.3 0
      vertex 8.0491 127.108 0
    endloop
  endfacet
  facet normal 0 0 -1
    outer loop
      vertex 0.430603 15.6972 0
      vertex 11.1843 20.2809 0
      vertex 0.7612 14.7732 0
    endloop
  endfacet
  facet normal 0 0 -1
    outer loop
      vertex 8.0491 127.108 0
      vertex 0 117.3 0
      vertex 7.09715 126.869 0
    endloop
  endfacet
  facet normal -0 0 -1
    outer loop
      vertex 11.1843 20.2809 0
      vertex 0.430603 15.6972 0
      vertex 11.0935 20.4324 0
    endloop
  endfacet
  facet normal 0 0 -1
    outer loop
      vertex 7.09715 126.869 0
      vertex 0 117.3 0
      vertex 6.17317 126.539 0
    endloop
  endfacet
  facet normal 0 0 -1
    outer loop
      vertex 0.192154 16.6491 0
      vertex 11.0935 20.4324 0
      vertex 0.430603 15.6972 0
    endloop
  endfacet
  facet normal 0 0 -1
    outer loop
      vertex 6.17317 126.539 0
      vertex 0 117.3 0
      vertex 5.28603 126.119 0
    endloop
  endfacet
  facet normal -0 0 -1
    outer loop
      vertex 11.0935 20.4324 0
      vertex 0.192154 16.6491 0
      vertex 11.018 20.5921 0
    endloop
  endfacet
  facet normal 0 0 -1
    outer loop
      vertex 5.28603 126.119 0
      vertex 0 117.3 0
      vertex 4.44429 125.615 0
    endloop
  endfacet
  facet normal 0 0 -1
    outer loop
      vertex 0.0481567 17.6198 0
      vertex 11.018 20.5921 0
      vertex 0.192154 16.6491 0
    endloop
  endfacet
  facet normal 0 0 -1
    outer loop
      vertex 4.44429 125.615 0
      vertex 0 117.3 0
      vertex 3.65607 125.03 0
    endloop
  endfacet
  facet normal 0 0 -1
    outer loop
      vertex 0 18.6 0
      vertex 11.018 20.5921 0
      vertex 0.0481567 17.6198 0
    endloop
  endfacet
  facet normal 0 0 -1
    outer loop
      vertex 3.65607 125.03 0
      vertex 0 117.3 0
      vertex 2.92892 124.371 0
    endloop
  endfacet
  facet normal -0 0 -1
    outer loop
      vertex 11.018 20.5921 0
      vertex 0 18.6 0
      vertex 10.9585 20.7584 0
    endloop
  endfacet
  facet normal 0 0 -1
    outer loop
      vertex 2.92892 124.371 0
      vertex 0 117.3 0
      vertex 2.2699 123.644 0
    endloop
  endfacet
  facet normal -0 0 -1
    outer loop
      vertex 10.9585 20.7584 0
      vertex 0 18.6 0
      vertex 10.9155 20.9298 0
    endloop
  endfacet
  facet normal 0 0 -1
    outer loop
      vertex 2.2699 123.644 0
      vertex 0 117.3 0
      vertex 1.6853 122.856 0
    endloop
  endfacet
  facet normal -0 0 -1
    outer loop
      vertex 10.9155 20.9298 0
      vertex 0 18.6 0
      vertex 10.8896 21.1045 0
    endloop
  endfacet
  facet normal 0 0 -1
    outer loop
      vertex 1.6853 122.856 0
      vertex 0 117.3 0
      vertex 1.18079 122.014 0
    endloop
  endfacet
  facet normal -0 0 -1
    outer loop
      vertex 10.8896 21.1045 0
      vertex 0 18.6 0
      vertex 10.881 21.281 0
    endloop
  endfacet
  facet normal 0 0 -1
    outer loop
      vertex 1.18079 122.014 0
      vertex 0 117.3 0
      vertex 0.7612 121.127 0
    endloop
  endfacet
  facet normal -0 0 -1
    outer loop
      vertex 10.881 21.281 0
      vertex 0 18.6 0
      vertex 10.8896 21.4574 0
    endloop
  endfacet
  facet normal 0 0 -1
    outer loop
      vertex 0.7612 121.127 0
      vertex 0 117.3 0
      vertex 0.430603 120.203 0
    endloop
  endfacet
  facet normal 0 0 -1
    outer loop
      vertex 0.430603 120.203 0
      vertex 0 117.3 0
      vertex 0.192154 119.251 0
    endloop
  endfacet
  facet normal 0 0 -1
    outer loop
      vertex 0.192154 119.251 0
      vertex 0 117.3 0
      vertex 0.0481567 118.28 0
    endloop
  endfacet
  facet normal 0.802925 0.59608 0
    outer loop
      vertex 117.015 122.856 42
      vertex 116.43 123.644 0
      vertex 116.43 123.644 42
    endloop
  endfacet
  facet normal 0.802925 0.59608 0
    outer loop
      vertex 116.43 123.644 0
      vertex 117.015 122.856 42
      vertex 117.015 122.856 0
    endloop
  endfacet
  facet normal 0.998796 0.0490631 0
    outer loop
      vertex 3.23274 17.9335 42
      vertex 3.2 18.6 5
      vertex 3.2 18.6 42
    endloop
  endfacet
  facet normal 0.998796 0.0490631 0
    outer loop
      vertex 3.2 18.6 5
      vertex 3.23274 17.9335 42
      vertex 3.23274 17.9335 5
    endloop
  endfacet
  facet normal -0.242888 -0.970054 0
    outer loop
      vertex 110.027 123.969 5
      vertex 110.674 123.807 42
      vertex 110.027 123.969 42
    endloop
  endfacet
  facet normal -0.242888 -0.970054 -0
    outer loop
      vertex 110.674 123.807 42
      vertex 110.027 123.969 5
      vertex 110.674 123.807 5
    endloop
  endfacet
  facet normal -0.146875 -0.989155 0
    outer loop
      vertex 109.367 124.067 5
      vertex 110.027 123.969 42
      vertex 109.367 124.067 42
    endloop
  endfacet
  facet normal -0.146875 -0.989155 -0
    outer loop
      vertex 110.027 123.969 42
      vertex 109.367 124.067 5
      vertex 110.027 123.969 5
    endloop
  endfacet
  facet normal -0.514386 0.857559 0
    outer loop
      vertex 112.478 12.946 5
      vertex 111.906 12.6029 42
      vertex 112.478 12.946 42
    endloop
  endfacet
  facet normal -0.514386 0.857559 0
    outer loop
      vertex 111.906 12.6029 42
      vertex 112.478 12.946 5
      vertex 111.906 12.6029 5
    endloop
  endfacet
  facet normal 0.671441 -0.741058 0
    outer loop
      vertex 5.19168 122.108 5
      vertex 5.68613 122.556 42
      vertex 5.19168 122.108 42
    endloop
  endfacet
  facet normal 0.671441 -0.741058 0
    outer loop
      vertex 5.68613 122.556 42
      vertex 5.19168 122.108 5
      vertex 5.68613 122.556 5
    endloop
  endfacet
  facet normal -0.0494148 -0.998778 0
    outer loop
      vertex 108.7 124.1 5
      vertex 109.367 124.067 42
      vertex 108.7 124.1 42
    endloop
  endfacet
  facet normal -0.0494148 -0.998778 -0
    outer loop
      vertex 109.367 124.067 42
      vertex 108.7 124.1 5
      vertex 109.367 124.067 5
    endloop
  endfacet
  facet normal -0.998777 0.0494518 0
    outer loop
      vertex 115.467 17.9335 5
      vertex 115.5 18.6 42
      vertex 115.5 18.6 5
    endloop
  endfacet
  facet normal -0.998777 0.0494518 0
    outer loop
      vertex 115.5 18.6 42
      vertex 115.467 17.9335 5
      vertex 115.467 17.9335 42
    endloop
  endfacet
  facet normal 0 -1 0
    outer loop
      vertex 10 124.1 5
      vertex 108.7 124.1 42
      vertex 10 124.1 42
    endloop
  endfacet
  facet normal 0 -1 -0
    outer loop
      vertex 108.7 124.1 42
      vertex 10 124.1 5
      vertex 108.7 124.1 5
    endloop
  endfacet
  facet normal -0.941453 0.337143 0
    outer loop
      vertex 114.982 15.9978 5
      vertex 115.207 16.6261 42
      vertex 115.207 16.6261 5
    endloop
  endfacet
  facet normal -0.941453 0.337143 0
    outer loop
      vertex 115.207 16.6261 42
      vertex 114.982 15.9978 5
      vertex 114.982 15.9978 42
    endloop
  endfacet
  facet normal 0.0494503 -0.998777 0
    outer loop
      vertex 9.33348 124.067 5
      vertex 10 124.1 42
      vertex 9.33348 124.067 42
    endloop
  endfacet
  facet normal 0.0494503 -0.998777 0
    outer loop
      vertex 10 124.1 42
      vertex 9.33348 124.067 5
      vertex 10 124.1 5
    endloop
  endfacet
  facet normal 0.857731 0.514099 0
    outer loop
      vertex 4.34601 14.8221 42
      vertex 4.00293 15.3945 5
      vertex 4.00293 15.3945 42
    endloop
  endfacet
  facet normal 0.857731 0.514099 0
    outer loop
      vertex 4.00293 15.3945 5
      vertex 4.34601 14.8221 42
      vertex 4.34601 14.8221 5
    endloop
  endfacet
  facet normal 0.740642 -0.6719 0
    outer loop
      vertex 4.74353 121.614 42
      vertex 5.19168 122.108 5
      vertex 5.19168 122.108 42
    endloop
  endfacet
  facet normal 0.740642 -0.6719 0
    outer loop
      vertex 5.19168 122.108 5
      vertex 4.74353 121.614 42
      vertex 4.74353 121.614 5
    endloop
  endfacet
  facet normal -0.426734 -0.904377 0
    outer loop
      vertex 111.302 123.582 5
      vertex 111.906 123.297 42
      vertex 111.302 123.582 42
    endloop
  endfacet
  facet normal -0.426734 -0.904377 -0
    outer loop
      vertex 111.906 123.297 42
      vertex 111.302 123.582 5
      vertex 111.906 123.297 5
    endloop
  endfacet
  facet normal 0.904198 -0.427114 0
    outer loop
      vertex 3.71762 119.902 42
      vertex 4.00293 120.506 5
      vertex 4.00293 120.506 42
    endloop
  endfacet
  facet normal 0.904198 -0.427114 0
    outer loop
      vertex 4.00293 120.506 5
      vertex 3.71762 119.902 42
      vertex 3.71762 119.902 5
    endloop
  endfacet
  facet normal 0.337138 -0.941455 0
    outer loop
      vertex 7.39775 123.582 5
      vertex 8.02606 123.807 42
      vertex 7.39775 123.582 42
    endloop
  endfacet
  facet normal 0.337138 -0.941455 0
    outer loop
      vertex 8.02606 123.807 42
      vertex 7.39775 123.582 5
      vertex 8.02606 123.807 5
    endloop
  endfacet
  facet normal 0.42753 0.904001 -0
    outer loop
      vertex 7.39775 12.3176 5
      vertex 6.79449 12.6029 42
      vertex 7.39775 12.3176 42
    endloop
  endfacet
  facet normal 0.42753 0.904001 0
    outer loop
      vertex 6.79449 12.6029 42
      vertex 7.39775 12.3176 5
      vertex 6.79449 12.6029 5
    endloop
  endfacet
  facet normal -0.904186 0.427139 0
    outer loop
      vertex 114.697 15.3945 5
      vertex 114.982 15.9978 42
      vertex 114.982 15.9978 5
    endloop
  endfacet
  facet normal -0.904186 0.427139 0
    outer loop
      vertex 114.982 15.9978 42
      vertex 114.697 15.3945 5
      vertex 114.697 15.3945 42
    endloop
  endfacet
  facet normal 0.0490019 0.998799 -0
    outer loop
      vertex 10 11.8 5
      vertex 9.33348 11.8327 42
      vertex 10 11.8 42
    endloop
  endfacet
  facet normal 0.0490019 0.998799 0
    outer loop
      vertex 9.33348 11.8327 42
      vertex 10 11.8 5
      vertex 9.33348 11.8327 5
    endloop
  endfacet
  facet normal -1 0 0
    outer loop
      vertex 115.5 18.6 5
      vertex 115.5 117.3 42
      vertex 115.5 117.3 5
    endloop
  endfacet
  facet normal -1 -0 0
    outer loop
      vertex 115.5 117.3 42
      vertex 115.5 18.6 5
      vertex 115.5 18.6 42
    endloop
  endfacet
  facet normal 1 -0 0
    outer loop
      vertex 3.2 18.6 42
      vertex 3.2 117.3 5
      vertex 3.2 117.3 42
    endloop
  endfacet
  facet normal 1 0 0
    outer loop
      vertex 3.2 117.3 5
      vertex 3.2 18.6 42
      vertex 3.2 18.6 5
    endloop
  endfacet
  facet normal 0.941493 -0.337033 0
    outer loop
      vertex 3.49281 119.274 42
      vertex 3.71762 119.902 5
      vertex 3.71762 119.902 42
    endloop
  endfacet
  facet normal 0.941493 -0.337033 0
    outer loop
      vertex 3.71762 119.902 5
      vertex 3.49281 119.274 42
      vertex 3.49281 119.274 5
    endloop
  endfacet
  facet normal -0.904377 -0.426734 0
    outer loop
      vertex 114.982 119.902 5
      vertex 114.697 120.506 42
      vertex 114.697 120.506 5
    endloop
  endfacet
  facet normal -0.904377 -0.426734 0
    outer loop
      vertex 114.697 120.506 42
      vertex 114.982 119.902 5
      vertex 114.982 119.902 42
    endloop
  endfacet
  facet normal -0.802867 0.596159 0
    outer loop
      vertex 113.956 14.2861 5
      vertex 114.354 14.8221 42
      vertex 114.354 14.8221 5
    endloop
  endfacet
  facet normal -0.802867 0.596159 0
    outer loop
      vertex 114.354 14.8221 42
      vertex 113.956 14.2861 5
      vertex 113.956 14.2861 42
    endloop
  endfacet
  facet normal 0.857572 -0.514363 0
    outer loop
      vertex 4.00293 120.506 42
      vertex 4.34601 121.078 5
      vertex 4.34601 121.078 42
    endloop
  endfacet
  facet normal 0.857572 -0.514363 0
    outer loop
      vertex 4.34601 121.078 5
      vertex 4.00293 120.506 42
      vertex 4.00293 120.506 5
    endloop
  endfacet
  facet normal 0.427162 -0.904175 0
    outer loop
      vertex 6.79449 123.297 5
      vertex 7.39775 123.582 42
      vertex 6.79449 123.297 42
    endloop
  endfacet
  facet normal 0.427162 -0.904175 0
    outer loop
      vertex 7.39775 123.582 42
      vertex 6.79449 123.297 5
      vertex 7.39775 123.582 5
    endloop
  endfacet
  facet normal 0.336873 0.94155 -0
    outer loop
      vertex 8.02606 12.0928 5
      vertex 7.39775 12.3176 42
      vertex 8.02606 12.0928 42
    endloop
  endfacet
  facet normal 0.336873 0.94155 0
    outer loop
      vertex 7.39775 12.3176 42
      vertex 8.02606 12.0928 5
      vertex 7.39775 12.3176 5
    endloop
  endfacet
  facet normal -0.989158 0.146853 0
    outer loop
      vertex 115.369 17.2734 5
      vertex 115.467 17.9335 42
      vertex 115.467 17.9335 5
    endloop
  endfacet
  facet normal -0.989158 0.146853 0
    outer loop
      vertex 115.467 17.9335 42
      vertex 115.369 17.2734 5
      vertex 115.369 17.2734 42
    endloop
  endfacet
  facet normal -0.595675 0.803225 0
    outer loop
      vertex 113.014 13.3435 5
      vertex 112.478 12.946 42
      vertex 113.014 13.3435 42
    endloop
  endfacet
  facet normal -0.595675 0.803225 0
    outer loop
      vertex 112.478 12.946 42
      vertex 113.014 13.3435 5
      vertex 112.478 12.946 5
    endloop
  endfacet
  facet normal 0 1 -0
    outer loop
      vertex 88.7 11.8 5
      vertex 30 11.8 42
      vertex 88.7 11.8 42
    endloop
  endfacet
  facet normal 0 1 0
    outer loop
      vertex 30 11.8 42
      vertex 88.7 11.8 5
      vertex 30 11.8 5
    endloop
  endfacet
  facet normal -0.857625 -0.514275 0
    outer loop
      vertex 114.697 120.506 5
      vertex 114.354 121.078 42
      vertex 114.354 121.078 5
    endloop
  endfacet
  facet normal -0.857625 -0.514275 0
    outer loop
      vertex 114.354 121.078 42
      vertex 114.697 120.506 5
      vertex 114.697 120.506 42
    endloop
  endfacet
  facet normal -0.427102 0.904204 0
    outer loop
      vertex 111.906 12.6029 5
      vertex 111.302 12.3176 42
      vertex 111.906 12.6029 42
    endloop
  endfacet
  facet normal -0.427102 0.904204 0
    outer loop
      vertex 111.302 12.3176 42
      vertex 111.906 12.6029 5
      vertex 111.302 12.3176 5
    endloop
  endfacet
  facet normal 0.146855 0.989158 -0
    outer loop
      vertex 9.33348 11.8327 5
      vertex 8.67339 11.9307 42
      vertex 9.33348 11.8327 42
    endloop
  endfacet
  facet normal 0.146855 0.989158 0
    outer loop
      vertex 8.67339 11.9307 42
      vertex 9.33348 11.8327 5
      vertex 8.67339 11.9307 5
    endloop
  endfacet
  facet normal -0.970054 -0.242888 0
    outer loop
      vertex 115.369 118.627 5
      vertex 115.207 119.274 42
      vertex 115.207 119.274 5
    endloop
  endfacet
  facet normal -0.970054 -0.242888 0
    outer loop
      vertex 115.207 119.274 42
      vertex 115.369 118.627 5
      vertex 115.369 118.627 42
    endloop
  endfacet
  facet normal -0.514275 -0.857625 0
    outer loop
      vertex 111.906 123.297 5
      vertex 112.478 122.954 42
      vertex 111.906 123.297 42
    endloop
  endfacet
  facet normal -0.514275 -0.857625 -0
    outer loop
      vertex 112.478 122.954 42
      vertex 111.906 123.297 5
      vertex 112.478 122.954 5
    endloop
  endfacet
  facet normal 0.970028 0.242994 0
    outer loop
      vertex 3.49281 16.6261 42
      vertex 3.33066 17.2734 5
      vertex 3.33066 17.2734 42
    endloop
  endfacet
  facet normal 0.970028 0.242994 0
    outer loop
      vertex 3.33066 17.2734 5
      vertex 3.49281 16.6261 42
      vertex 3.49281 16.6261 5
    endloop
  endfacet
  facet normal -0.941402 -0.337286 0
    outer loop
      vertex 115.207 119.274 5
      vertex 114.982 119.902 42
      vertex 114.982 119.902 5
    endloop
  endfacet
  facet normal -0.941402 -0.337286 0
    outer loop
      vertex 114.982 119.902 42
      vertex 115.207 119.274 5
      vertex 115.207 119.274 42
    endloop
  endfacet
  facet normal 0.146855 -0.989158 0
    outer loop
      vertex 8.67339 123.969 5
      vertex 9.33348 124.067 42
      vertex 8.67339 123.969 42
    endloop
  endfacet
  facet normal 0.146855 -0.989158 0
    outer loop
      vertex 9.33348 124.067 42
      vertex 8.67339 123.969 5
      vertex 9.33348 124.067 5
    endloop
  endfacet
  facet normal 0.671606 0.740909 -0
    outer loop
      vertex 5.68613 13.3435 5
      vertex 5.19168 13.7917 42
      vertex 5.68613 13.3435 42
    endloop
  endfacet
  facet normal 0.671606 0.740909 0
    outer loop
      vertex 5.19168 13.7917 42
      vertex 5.68613 13.3435 5
      vertex 5.19168 13.7917 5
    endloop
  endfacet
  facet normal -0.741024 0.671478 0
    outer loop
      vertex 113.508 13.7917 5
      vertex 113.956 14.2861 42
      vertex 113.956 14.2861 5
    endloop
  endfacet
  facet normal -0.741024 0.671478 0
    outer loop
      vertex 113.956 14.2861 42
      vertex 113.508 13.7917 5
      vertex 113.508 13.7917 42
    endloop
  endfacet
  facet normal 0.904006 0.427519 0
    outer loop
      vertex 4.00293 15.3945 42
      vertex 3.71762 15.9978 5
      vertex 3.71762 15.9978 42
    endloop
  endfacet
  facet normal 0.904006 0.427519 0
    outer loop
      vertex 3.71762 15.9978 5
      vertex 4.00293 15.3945 42
      vertex 4.00293 15.3945 5
    endloop
  endfacet
  facet normal -0.243029 0.970019 0
    outer loop
      vertex 110.674 12.0928 5
      vertex 110.027 11.9307 42
      vertex 110.674 12.0928 42
    endloop
  endfacet
  facet normal -0.243029 0.970019 0
    outer loop
      vertex 110.027 11.9307 42
      vertex 110.674 12.0928 5
      vertex 110.027 11.9307 5
    endloop
  endfacet
  facet normal 0.242913 0.970048 -0
    outer loop
      vertex 8.67339 11.9307 5
      vertex 8.02606 12.0928 42
      vertex 8.67339 11.9307 42
    endloop
  endfacet
  facet normal 0.242913 0.970048 0
    outer loop
      vertex 8.02606 12.0928 42
      vertex 8.67339 11.9307 5
      vertex 8.02606 12.0928 5
    endloop
  endfacet
  facet normal 0.803211 0.595695 0
    outer loop
      vertex 4.74353 14.2861 42
      vertex 4.34601 14.8221 5
      vertex 4.34601 14.8221 42
    endloop
  endfacet
  facet normal 0.803211 0.595695 0
    outer loop
      vertex 4.34601 14.8221 5
      vertex 4.74353 14.2861 42
      vertex 4.74353 14.2861 5
    endloop
  endfacet
  facet normal 0.596166 -0.802861 0
    outer loop
      vertex 5.68613 122.556 5
      vertex 6.22212 122.954 42
      vertex 5.68613 122.556 42
    endloop
  endfacet
  facet normal 0.596166 -0.802861 0
    outer loop
      vertex 6.22212 122.954 42
      vertex 5.68613 122.556 5
      vertex 6.22212 122.954 5
    endloop
  endfacet
  facet normal -0.857784 0.514011 0
    outer loop
      vertex 114.354 14.8221 5
      vertex 114.697 15.3945 42
      vertex 114.697 15.3945 5
    endloop
  endfacet
  facet normal -0.857784 0.514011 0
    outer loop
      vertex 114.697 15.3945 42
      vertex 114.354 14.8221 5
      vertex 114.354 14.8221 42
    endloop
  endfacet
  facet normal 0.514031 -0.857772 0
    outer loop
      vertex 6.22212 122.954 5
      vertex 6.79449 123.297 42
      vertex 6.22212 122.954 42
    endloop
  endfacet
  facet normal 0.514031 -0.857772 0
    outer loop
      vertex 6.79449 123.297 42
      vertex 6.22212 122.954 5
      vertex 6.79449 123.297 5
    endloop
  endfacet
  facet normal 0.941544 0.336891 0
    outer loop
      vertex 3.71762 15.9978 42
      vertex 3.49281 16.6261 5
      vertex 3.49281 16.6261 42
    endloop
  endfacet
  facet normal 0.941544 0.336891 0
    outer loop
      vertex 3.49281 16.6261 5
      vertex 3.71762 15.9978 42
      vertex 3.71762 15.9978 5
    endloop
  endfacet
  facet normal 0.970001 -0.2431 0
    outer loop
      vertex 3.33066 118.627 42
      vertex 3.49281 119.274 5
      vertex 3.49281 119.274 42
    endloop
  endfacet
  facet normal 0.970001 -0.2431 0
    outer loop
      vertex 3.49281 119.274 5
      vertex 3.33066 118.627 42
      vertex 3.33066 118.627 5
    endloop
  endfacet
  facet normal 0.740912 0.671602 0
    outer loop
      vertex 5.19168 13.7917 42
      vertex 4.74353 14.2861 5
      vertex 4.74353 14.2861 42
    endloop
  endfacet
  facet normal 0.740912 0.671602 0
    outer loop
      vertex 4.74353 14.2861 5
      vertex 5.19168 13.7917 42
      vertex 5.19168 13.7917 5
    endloop
  endfacet
  facet normal -0.671941 0.740605 0
    outer loop
      vertex 113.508 13.7917 5
      vertex 113.014 13.3435 42
      vertex 113.508 13.7917 42
    endloop
  endfacet
  facet normal -0.671941 0.740605 0
    outer loop
      vertex 113.014 13.3435 42
      vertex 113.508 13.7917 5
      vertex 113.014 13.3435 5
    endloop
  endfacet
  facet normal 0.595683 0.80322 -0
    outer loop
      vertex 6.22212 12.946 5
      vertex 5.68613 13.3435 42
      vertex 6.22212 12.946 42
    endloop
  endfacet
  facet normal 0.595683 0.80322 0
    outer loop
      vertex 5.68613 13.3435 42
      vertex 6.22212 12.946 5
      vertex 5.68613 13.3435 5
    endloop
  endfacet
  facet normal 0.514141 0.857706 -0
    outer loop
      vertex 6.79449 12.6029 5
      vertex 6.22212 12.946 42
      vertex 6.79449 12.6029 42
    endloop
  endfacet
  facet normal 0.514141 0.857706 0
    outer loop
      vertex 6.22212 12.946 42
      vertex 6.79449 12.6029 5
      vertex 6.22212 12.946 5
    endloop
  endfacet
  facet normal 0.242772 -0.970083 0
    outer loop
      vertex 8.02606 123.807 5
      vertex 8.67339 123.969 42
      vertex 8.02606 123.807 42
    endloop
  endfacet
  facet normal 0.242772 -0.970083 0
    outer loop
      vertex 8.67339 123.969 42
      vertex 8.02606 123.807 5
      vertex 8.67339 123.969 5
    endloop
  endfacet
  facet normal -0.146875 0.989155 0
    outer loop
      vertex 110.027 11.9307 5
      vertex 109.367 11.8327 42
      vertex 110.027 11.9307 42
    endloop
  endfacet
  facet normal -0.146875 0.989155 0
    outer loop
      vertex 109.367 11.8327 42
      vertex 110.027 11.9307 5
      vertex 109.367 11.8327 5
    endloop
  endfacet
  facet normal 0.998797 -0.0490264 0
    outer loop
      vertex 3.2 117.3 42
      vertex 3.23274 117.967 5
      vertex 3.23274 117.967 42
    endloop
  endfacet
  facet normal 0.998797 -0.0490264 0
    outer loop
      vertex 3.23274 117.967 5
      vertex 3.2 117.3 42
      vertex 3.2 117.3 5
    endloop
  endfacet
  facet normal 0.989176 0.146735 0
    outer loop
      vertex 3.33066 17.2734 42
      vertex 3.23274 17.9335 5
      vertex 3.23274 17.9335 42
    endloop
  endfacet
  facet normal 0.989176 0.146735 0
    outer loop
      vertex 3.23274 17.9335 5
      vertex 3.33066 17.2734 42
      vertex 3.33066 17.2734 5
    endloop
  endfacet
  facet normal -0.671777 -0.740754 0
    outer loop
      vertex 113.014 122.556 5
      vertex 113.508 122.108 42
      vertex 113.014 122.556 42
    endloop
  endfacet
  facet normal -0.671777 -0.740754 -0
    outer loop
      vertex 113.508 122.108 42
      vertex 113.014 122.556 5
      vertex 113.508 122.108 5
    endloop
  endfacet
  facet normal 0.803211 -0.595695 0
    outer loop
      vertex 4.34601 121.078 42
      vertex 4.74353 121.614 5
      vertex 4.74353 121.614 42
    endloop
  endfacet
  facet normal 0.803211 -0.595695 0
    outer loop
      vertex 4.74353 121.614 5
      vertex 4.34601 121.078 42
      vertex 4.34601 121.078 5
    endloop
  endfacet
  facet normal -0.740754 -0.671777 0
    outer loop
      vertex 113.956 121.614 5
      vertex 113.508 122.108 42
      vertex 113.508 122.108 5
    endloop
  endfacet
  facet normal -0.740754 -0.671777 0
    outer loop
      vertex 113.508 122.108 42
      vertex 113.956 121.614 5
      vertex 113.956 121.614 42
    endloop
  endfacet
  facet normal -0.0489667 0.9988 0
    outer loop
      vertex 109.367 11.8327 5
      vertex 108.7 11.8 42
      vertex 109.367 11.8327 42
    endloop
  endfacet
  facet normal -0.0489667 0.9988 0
    outer loop
      vertex 108.7 11.8 42
      vertex 109.367 11.8327 5
      vertex 108.7 11.8 5
    endloop
  endfacet
  facet normal -0.998778 -0.0494148 0
    outer loop
      vertex 115.5 117.3 5
      vertex 115.467 117.967 42
      vertex 115.467 117.967 5
    endloop
  endfacet
  facet normal -0.998778 -0.0494148 0
    outer loop
      vertex 115.467 117.967 42
      vertex 115.5 117.3 5
      vertex 115.5 117.3 42
    endloop
  endfacet
  facet normal -0.596159 -0.802867 0
    outer loop
      vertex 112.478 122.954 5
      vertex 113.014 122.556 42
      vertex 112.478 122.954 42
    endloop
  endfacet
  facet normal -0.596159 -0.802867 -0
    outer loop
      vertex 113.014 122.556 42
      vertex 112.478 122.954 5
      vertex 113.014 122.556 5
    endloop
  endfacet
  facet normal -0.970081 0.242782 0
    outer loop
      vertex 115.207 16.6261 5
      vertex 115.369 17.2734 42
      vertex 115.369 17.2734 5
    endloop
  endfacet
  facet normal -0.970081 0.242782 0
    outer loop
      vertex 115.369 17.2734 42
      vertex 115.207 16.6261 5
      vertex 115.207 16.6261 42
    endloop
  endfacet
  facet normal -0.802867 -0.596159 0
    outer loop
      vertex 114.354 121.078 5
      vertex 113.956 121.614 42
      vertex 113.956 121.614 5
    endloop
  endfacet
  facet normal -0.802867 -0.596159 0
    outer loop
      vertex 113.956 121.614 42
      vertex 114.354 121.078 5
      vertex 114.354 121.078 42
    endloop
  endfacet
  facet normal -0.989155 -0.146875 0
    outer loop
      vertex 115.467 117.967 5
      vertex 115.369 118.627 42
      vertex 115.369 118.627 5
    endloop
  endfacet
  facet normal -0.989155 -0.146875 0
    outer loop
      vertex 115.369 118.627 42
      vertex 115.467 117.967 5
      vertex 115.467 117.967 42
    endloop
  endfacet
  facet normal 0.989173 -0.146757 0
    outer loop
      vertex 3.23274 117.967 42
      vertex 3.33066 118.627 5
      vertex 3.33066 118.627 42
    endloop
  endfacet
  facet normal 0.989173 -0.146757 0
    outer loop
      vertex 3.33066 118.627 5
      vertex 3.23274 117.967 42
      vertex 3.23274 117.967 5
    endloop
  endfacet
  facet normal -0.33702 0.941497 0
    outer loop
      vertex 111.302 12.3176 5
      vertex 110.674 12.0928 42
      vertex 111.302 12.3176 42
    endloop
  endfacet
  facet normal -0.33702 0.941497 0
    outer loop
      vertex 110.674 12.0928 42
      vertex 111.302 12.3176 5
      vertex 110.674 12.0928 5
    endloop
  endfacet
  facet normal -0.337286 -0.941402 0
    outer loop
      vertex 110.674 123.807 5
      vertex 111.302 123.582 42
      vertex 110.674 123.807 42
    endloop
  endfacet
  facet normal -0.337286 -0.941402 -0
    outer loop
      vertex 111.302 123.582 42
      vertex 110.674 123.807 5
      vertex 111.302 123.582 5
    endloop
  endfacet
  facet normal 0 0.970019 0.243027
    outer loop
      vertex 30 7.92314 48.7804
      vertex 10 7.82776 49.1611
      vertex 30 7.82776 49.1611
    endloop
  endfacet
  facet normal 0 0.970019 0.243027
    outer loop
      vertex 10 7.82776 49.1611
      vertex 30 7.92314 48.7804
      vertex 10 7.92314 48.7804
    endloop
  endfacet
  facet normal 0 -0.989177 0.146729
    outer loop
      vertex 10 0.0192612 48.3921
      vertex 30 0.0768593 48.7804
      vertex 10 0.0768593 48.7804
    endloop
  endfacet
  facet normal 0 -0.989177 0.146729
    outer loop
      vertex 30 0.0768593 48.7804
      vertex 10 0.0192612 48.3921
      vertex 30 0.0192612 48.3921
    endloop
  endfacet
  facet normal 0 0.998796 0.049061
    outer loop
      vertex 30 8 48
      vertex 10 7.98074 48.3921
      vertex 30 7.98074 48.3921
    endloop
  endfacet
  facet normal 0 0.998796 0.049061
    outer loop
      vertex 10 7.98074 48.3921
      vertex 30 8 48
      vertex 10 8 48
    endloop
  endfacet
  facet normal 0 -0.514095 0.857733
    outer loop
      vertex 10 2.11441 51.5277
      vertex 30 1.77772 51.3259
      vertex 30 2.11441 51.5277
    endloop
  endfacet
  facet normal 0 -0.514095 0.857733
    outer loop
      vertex 30 1.77772 51.3259
      vertex 10 2.11441 51.5277
      vertex 10 1.77772 51.3259
    endloop
  endfacet
  facet normal 0 -0.242787 0.97008
    outer loop
      vertex 10 3.21964 51.9231
      vertex 30 2.83886 51.8278
      vertex 30 3.21964 51.9231
    endloop
  endfacet
  facet normal 0 -0.242787 0.97008
    outer loop
      vertex 30 2.83886 51.8278
      vertex 10 3.21964 51.9231
      vertex 10 2.83886 51.8278
    endloop
  endfacet
  facet normal 0 0.904014 0.427503
    outer loop
      vertex 30 7.69552 49.5307
      vertex 10 7.52769 49.8856
      vertex 30 7.52769 49.8856
    endloop
  endfacet
  facet normal 0 0.904014 0.427503
    outer loop
      vertex 10 7.52769 49.8856
      vertex 30 7.69552 49.5307
      vertex 10 7.69552 49.5307
    endloop
  endfacet
  facet normal 0 -0.595806 0.803128
    outer loop
      vertex 10 1.77772 51.3259
      vertex 30 1.46243 51.092
      vertex 30 1.77772 51.3259
    endloop
  endfacet
  facet normal 0 -0.595806 0.803128
    outer loop
      vertex 30 1.46243 51.092
      vertex 10 1.77772 51.3259
      vertex 10 1.46243 51.092
    endloop
  endfacet
  facet normal 0 -0.803214 0.59569
    outer loop
      vertex 10 0.674122 50.2223
      vertex 30 0.907959 50.5376
      vertex 10 0.907959 50.5376
    endloop
  endfacet
  facet normal 0 -0.803214 0.59569
    outer loop
      vertex 30 0.907959 50.5376
      vertex 10 0.674122 50.2223
      vertex 30 0.674122 50.2223
    endloop
  endfacet
  facet normal 0 -0.941546 0.336885
    outer loop
      vertex 10 0.172239 49.1611
      vertex 30 0.304482 49.5307
      vertex 10 0.304482 49.5307
    endloop
  endfacet
  facet normal 0 -0.941546 0.336885
    outer loop
      vertex 30 0.304482 49.5307
      vertex 10 0.172239 49.1611
      vertex 30 0.172239 49.1611
    endloop
  endfacet
  facet normal -0 0.42748 0.904025
    outer loop
      vertex 10 5.88559 51.5277
      vertex 30 5.53073 51.6955
      vertex 30 5.88559 51.5277
    endloop
  endfacet
  facet normal 0 0.42748 0.904025
    outer loop
      vertex 30 5.53073 51.6955
      vertex 10 5.88559 51.5277
      vertex 10 5.53073 51.6955
    endloop
  endfacet
  facet normal 0 -0.0491664 0.998791
    outer loop
      vertex 10 4 52
      vertex 30 3.60793 51.9807
      vertex 30 4 52
    endloop
  endfacet
  facet normal 0 -0.0491664 0.998791
    outer loop
      vertex 30 3.60793 51.9807
      vertex 10 4 52
      vertex 10 3.60793 51.9807
    endloop
  endfacet
  facet normal -0 0.514095 0.857733
    outer loop
      vertex 10 6.22228 51.3259
      vertex 30 5.88559 51.5277
      vertex 30 6.22228 51.3259
    endloop
  endfacet
  facet normal 0 0.514095 0.857733
    outer loop
      vertex 30 5.88559 51.5277
      vertex 10 6.22228 51.3259
      vertex 10 5.88559 51.5277
    endloop
  endfacet
  facet normal 0 0.80321 0.595695
    outer loop
      vertex 30 7.32588 50.2223
      vertex 10 7.09204 50.5376
      vertex 30 7.09204 50.5376
    endloop
  endfacet
  facet normal 0 0.80321 0.595695
    outer loop
      vertex 10 7.09204 50.5376
      vertex 30 7.32588 50.2223
      vertex 10 7.32588 50.2223
    endloop
  endfacet
  facet normal 0 -0.42748 0.904025
    outer loop
      vertex 10 2.46927 51.6955
      vertex 30 2.11441 51.5277
      vertex 30 2.46927 51.6955
    endloop
  endfacet
  facet normal 0 -0.42748 0.904025
    outer loop
      vertex 30 2.11441 51.5277
      vertex 10 2.46927 51.6955
      vertex 10 2.11441 51.5277
    endloop
  endfacet
  facet normal 0 -0.671531 0.740977
    outer loop
      vertex 10 1.46243 51.092
      vertex 30 1.17157 50.8284
      vertex 30 1.46243 51.092
    endloop
  endfacet
  facet normal 0 -0.671531 0.740977
    outer loop
      vertex 30 1.17157 50.8284
      vertex 10 1.46243 51.092
      vertex 10 1.17157 50.8284
    endloop
  endfacet
  facet normal 0 -0.337022 0.941497
    outer loop
      vertex 10 2.83886 51.8278
      vertex 30 2.46927 51.6955
      vertex 30 2.83886 51.8278
    endloop
  endfacet
  facet normal 0 -0.337022 0.941497
    outer loop
      vertex 30 2.46927 51.6955
      vertex 10 2.83886 51.8278
      vertex 10 2.46927 51.6955
    endloop
  endfacet
  facet normal -0 0.337022 0.941497
    outer loop
      vertex 10 5.53073 51.6955
      vertex 30 5.16114 51.8278
      vertex 30 5.53073 51.6955
    endloop
  endfacet
  facet normal 0 0.337022 0.941497
    outer loop
      vertex 30 5.16114 51.8278
      vertex 10 5.53073 51.6955
      vertex 10 5.16114 51.8278
    endloop
  endfacet
  facet normal 0 0.989176 0.146733
    outer loop
      vertex 30 7.98074 48.3921
      vertex 10 7.92314 48.7804
      vertex 30 7.92314 48.7804
    endloop
  endfacet
  facet normal 0 0.989176 0.146733
    outer loop
      vertex 10 7.92314 48.7804
      vertex 30 7.98074 48.3921
      vertex 10 7.98074 48.3921
    endloop
  endfacet
  facet normal 0 -0.857733 0.514095
    outer loop
      vertex 10 0.472316 49.8856
      vertex 30 0.674122 50.2223
      vertex 10 0.674122 50.2223
    endloop
  endfacet
  facet normal 0 -0.857733 0.514095
    outer loop
      vertex 30 0.674122 50.2223
      vertex 10 0.472316 49.8856
      vertex 30 0.472316 49.8856
    endloop
  endfacet
  facet normal -0 0.146737 0.989176
    outer loop
      vertex 10 4.78036 51.9231
      vertex 30 4.39207 51.9807
      vertex 30 4.78036 51.9231
    endloop
  endfacet
  facet normal 0 0.146737 0.989176
    outer loop
      vertex 30 4.39207 51.9807
      vertex 10 4.78036 51.9231
      vertex 10 4.39207 51.9807
    endloop
  endfacet
  facet normal -0 0.595806 0.803128
    outer loop
      vertex 10 6.53757 51.092
      vertex 30 6.22228 51.3259
      vertex 30 6.53757 51.092
    endloop
  endfacet
  facet normal 0 0.595806 0.803128
    outer loop
      vertex 30 6.22228 51.3259
      vertex 10 6.53757 51.092
      vertex 10 6.22228 51.3259
    endloop
  endfacet
  facet normal 0 0.941548 0.336879
    outer loop
      vertex 30 7.82776 49.1611
      vertex 10 7.69552 49.5307
      vertex 30 7.69552 49.5307
    endloop
  endfacet
  facet normal 0 0.941548 0.336879
    outer loop
      vertex 10 7.69552 49.5307
      vertex 30 7.82776 49.1611
      vertex 10 7.82776 49.1611
    endloop
  endfacet
  facet normal 0 -0.146737 0.989176
    outer loop
      vertex 10 3.60793 51.9807
      vertex 30 3.21964 51.9231
      vertex 30 3.60793 51.9807
    endloop
  endfacet
  facet normal 0 -0.146737 0.989176
    outer loop
      vertex 30 3.21964 51.9231
      vertex 10 3.60793 51.9807
      vertex 10 3.21964 51.9231
    endloop
  endfacet
  facet normal -0 0.0491664 0.998791
    outer loop
      vertex 10 4.39207 51.9807
      vertex 30 4 52
      vertex 30 4.39207 51.9807
    endloop
  endfacet
  facet normal 0 0.0491664 0.998791
    outer loop
      vertex 30 4 52
      vertex 10 4.39207 51.9807
      vertex 10 4 52
    endloop
  endfacet
  facet normal 0 0.857729 0.514102
    outer loop
      vertex 30 7.52769 49.8856
      vertex 10 7.32588 50.2223
      vertex 30 7.32588 50.2223
    endloop
  endfacet
  facet normal 0 0.857729 0.514102
    outer loop
      vertex 10 7.32588 50.2223
      vertex 30 7.52769 49.8856
      vertex 10 7.52769 49.8856
    endloop
  endfacet
  facet normal 0 -0.740894 0.671622
    outer loop
      vertex 10 0.907959 50.5376
      vertex 30 1.17157 50.8284
      vertex 10 1.17157 50.8284
    endloop
  endfacet
  facet normal 0 -0.740894 0.671622
    outer loop
      vertex 30 1.17157 50.8284
      vertex 10 0.907959 50.5376
      vertex 30 0.907959 50.5376
    endloop
  endfacet
  facet normal 0 0.740895 0.671621
    outer loop
      vertex 30 7.09204 50.5376
      vertex 10 6.82843 50.8284
      vertex 30 6.82843 50.8284
    endloop
  endfacet
  facet normal 0 0.740895 0.671621
    outer loop
      vertex 10 6.82843 50.8284
      vertex 30 7.09204 50.5376
      vertex 10 7.09204 50.5376
    endloop
  endfacet
  facet normal -0 0.671531 0.740977
    outer loop
      vertex 10 6.82843 50.8284
      vertex 30 6.53757 51.092
      vertex 30 6.82843 50.8284
    endloop
  endfacet
  facet normal 0 0.671531 0.740977
    outer loop
      vertex 30 6.53757 51.092
      vertex 10 6.82843 50.8284
      vertex 10 6.53757 51.092
    endloop
  endfacet
  facet normal 0 -0.90401 0.427511
    outer loop
      vertex 10 0.304482 49.5307
      vertex 30 0.472316 49.8856
      vertex 10 0.472316 49.8856
    endloop
  endfacet
  facet normal 0 -0.90401 0.427511
    outer loop
      vertex 30 0.472316 49.8856
      vertex 10 0.304482 49.5307
      vertex 30 0.304482 49.5307
    endloop
  endfacet
  facet normal 0 -0.97002 0.243026
    outer loop
      vertex 10 0.0768593 48.7804
      vertex 30 0.172239 49.1611
      vertex 10 0.172239 49.1611
    endloop
  endfacet
  facet normal 0 -0.97002 0.243026
    outer loop
      vertex 30 0.172239 49.1611
      vertex 10 0.0768593 48.7804
      vertex 30 0.0768593 48.7804
    endloop
  endfacet
  facet normal -0 0.242787 0.97008
    outer loop
      vertex 10 5.16114 51.8278
      vertex 30 4.78036 51.9231
      vertex 30 5.16114 51.8278
    endloop
  endfacet
  facet normal 0 0.242787 0.97008
    outer loop
      vertex 30 4.78036 51.9231
      vertex 10 5.16114 51.8278
      vertex 10 4.78036 51.9231
    endloop
  endfacet
  facet normal -1 0 0
    outer loop
      vertex 10 8.6 4.8
      vertex 10 8 42
      vertex 10 8.6 42
    endloop
  endfacet
  facet normal -1 0 0
    outer loop
      vertex 10 4.70711 47.2929
      vertex 10 8 48
      vertex 10 8 42
    endloop
  endfacet
  facet normal -1 0 -0
    outer loop
      vertex 10 4.83147 47.4444
      vertex 10 8 48
      vertex 10 4.77301 47.3656
    endloop
  endfacet
  facet normal -1 0 -0
    outer loop
      vertex 10 4.92388 47.6173
      vertex 10 8 48
      vertex 10 4.88192 47.5286
    endloop
  endfacet
  facet normal -1 0 0
    outer loop
      vertex 10 7.62939e-07 41.6
      vertex 10 8 42
      vertex 10 8.6 4.8
    endloop
  endfacet
  facet normal -1 0 -0
    outer loop
      vertex 10 4 47
      vertex 10 8 42
      vertex 10 7.62939e-07 41.6
    endloop
  endfacet
  facet normal -1 0 -0
    outer loop
      vertex 10 4.70711 47.2929
      vertex 10 8 42
      vertex 10 4.63439 47.227
    endloop
  endfacet
  facet normal -1 0 -0
    outer loop
      vertex 10 4.95694 47.7097
      vertex 10 8 48
      vertex 10 4.92388 47.6173
    endloop
  endfacet
  facet normal -1 0 -0
    outer loop
      vertex 10 4.99519 47.902
      vertex 10 8 48
      vertex 10 4.98079 47.8049
    endloop
  endfacet
  facet normal -1 0 0
    outer loop
      vertex 10 8 48
      vertex 10 5 48
      vertex 10 7.98074 48.3921
    endloop
  endfacet
  facet normal -1 -0 0
    outer loop
      vertex 10 7.98074 48.3921
      vertex 10 4.99519 48.098
      vertex 10 7.92314 48.7804
    endloop
  endfacet
  facet normal -1 -0 0
    outer loop
      vertex 10 7.92314 48.7804
      vertex 10 4.98079 48.1951
      vertex 10 7.82776 49.1611
    endloop
  endfacet
  facet normal -1 -0 0
    outer loop
      vertex 10 7.82776 49.1611
      vertex 10 4.95694 48.2903
      vertex 10 7.69552 49.5307
    endloop
  endfacet
  facet normal -1 -0 0
    outer loop
      vertex 10 7.69552 49.5307
      vertex 10 4.92388 48.3827
      vertex 10 7.52769 49.8856
    endloop
  endfacet
  facet normal -1 -0 0
    outer loop
      vertex 10 7.52769 49.8856
      vertex 10 4.88192 48.4714
      vertex 10 7.32588 50.2223
    endloop
  endfacet
  facet normal -1 -0 0
    outer loop
      vertex 10 7.32588 50.2223
      vertex 10 4.83147 48.5556
      vertex 10 7.09204 50.5376
    endloop
  endfacet
  facet normal -1 0 0
    outer loop
      vertex 10 4.83147 48.5556
      vertex 10 7.32588 50.2223
      vertex 10 4.88192 48.4714
    endloop
  endfacet
  facet normal -1 0 0
    outer loop
      vertex 10 4.88192 48.4714
      vertex 10 7.52769 49.8856
      vertex 10 4.92388 48.3827
    endloop
  endfacet
  facet normal -1 0 0
    outer loop
      vertex 10 4.92388 48.3827
      vertex 10 7.69552 49.5307
      vertex 10 4.95694 48.2903
    endloop
  endfacet
  facet normal -1 0 0
    outer loop
      vertex 10 4.95694 48.2903
      vertex 10 7.82776 49.1611
      vertex 10 4.98079 48.1951
    endloop
  endfacet
  facet normal -1 0 0
    outer loop
      vertex 10 4.98079 48.1951
      vertex 10 7.92314 48.7804
      vertex 10 4.99519 48.098
    endloop
  endfacet
  facet normal -1 0 0
    outer loop
      vertex 10 4.99519 48.098
      vertex 10 7.98074 48.3921
      vertex 10 5 48
    endloop
  endfacet
  facet normal -1 0 -0
    outer loop
      vertex 10 5 48
      vertex 10 8 48
      vertex 10 4.99519 47.902
    endloop
  endfacet
  facet normal -1 0 -0
    outer loop
      vertex 10 4.98079 47.8049
      vertex 10 8 48
      vertex 10 4.95694 47.7097
    endloop
  endfacet
  facet normal -1 0 -0
    outer loop
      vertex 10 4.88192 47.5286
      vertex 10 8 48
      vertex 10 4.83147 47.4444
    endloop
  endfacet
  facet normal -1 0 0
    outer loop
      vertex 10 8 48
      vertex 10 4.70711 47.2929
      vertex 10 4.77301 47.3656
    endloop
  endfacet
  facet normal -1 0 0
    outer loop
      vertex 10 8 42
      vertex 10 4.55557 47.1685
      vertex 10 4.63439 47.227
    endloop
  endfacet
  facet normal -1 0 0
    outer loop
      vertex 10 8 42
      vertex 10 4.4714 47.1181
      vertex 10 4.55557 47.1685
    endloop
  endfacet
  facet normal -1 0 0
    outer loop
      vertex 10 8 42
      vertex 10 4.38268 47.0761
      vertex 10 4.4714 47.1181
    endloop
  endfacet
  facet normal -1 0 0
    outer loop
      vertex 10 8 42
      vertex 10 4.29029 47.0431
      vertex 10 4.38268 47.0761
    endloop
  endfacet
  facet normal -1 0 0
    outer loop
      vertex 10 8 42
      vertex 10 4.19509 47.0192
      vertex 10 4.29029 47.0431
    endloop
  endfacet
  facet normal -1 0 0
    outer loop
      vertex 10 8 42
      vertex 10 4.09802 47.0048
      vertex 10 4.19509 47.0192
    endloop
  endfacet
  facet normal -1 0 0
    outer loop
      vertex 10 8 42
      vertex 10 4 47
      vertex 10 4.09802 47.0048
    endloop
  endfacet
  facet normal -1 -0 0
    outer loop
      vertex 10 4 47
      vertex 10 7.62939e-07 41.6
      vertex 10 3.90198 47.0048
    endloop
  endfacet
  facet normal -1 -0 0
    outer loop
      vertex 10 3.90198 47.0048
      vertex 10 7.62939e-07 41.6
      vertex 10 3.80491 47.0192
    endloop
  endfacet
  facet normal -1 -0 0
    outer loop
      vertex 10 3.80491 47.0192
      vertex 10 7.62939e-07 41.6
      vertex 10 3.70972 47.0431
    endloop
  endfacet
  facet normal -1 -0 0
    outer loop
      vertex 10 3.70972 47.0431
      vertex 10 7.62939e-07 41.6
      vertex 10 3.61732 47.0761
    endloop
  endfacet
  facet normal -1 -0 0
    outer loop
      vertex 10 3.61732 47.0761
      vertex 10 7.62939e-07 41.6
      vertex 10 3.5286 47.1181
    endloop
  endfacet
  facet normal -1 -0 0
    outer loop
      vertex 10 3.5286 47.1181
      vertex 10 7.62939e-07 41.6
      vertex 10 3.44443 47.1685
    endloop
  endfacet
  facet normal -1 -0 0
    outer loop
      vertex 10 3.44443 47.1685
      vertex 10 7.62939e-07 41.6
      vertex 10 3.36561 47.227
    endloop
  endfacet
  facet normal -1 -0 0
    outer loop
      vertex 10 3.36561 47.227
      vertex 10 7.62939e-07 41.6
      vertex 10 3.29289 47.2929
    endloop
  endfacet
  facet normal -1 0 0
    outer loop
      vertex 10 7.62939e-07 48
      vertex 10 3.29289 47.2929
      vertex 10 7.62939e-07 41.6
    endloop
  endfacet
  facet normal -1 0 0
    outer loop
      vertex 10 3.29289 47.2929
      vertex 10 7.62939e-07 48
      vertex 10 3.22699 47.3656
    endloop
  endfacet
  facet normal -1 0 0
    outer loop
      vertex 10 3.22699 47.3656
      vertex 10 7.62939e-07 48
      vertex 10 3.16853 47.4444
    endloop
  endfacet
  facet normal -1 0 0
    outer loop
      vertex 10 3.16853 47.4444
      vertex 10 7.62939e-07 48
      vertex 10 3.11808 47.5286
    endloop
  endfacet
  facet normal -1 0 0
    outer loop
      vertex 10 3.11808 47.5286
      vertex 10 7.62939e-07 48
      vertex 10 3.07612 47.6173
    endloop
  endfacet
  facet normal -1 0 0
    outer loop
      vertex 10 3.07612 47.6173
      vertex 10 7.62939e-07 48
      vertex 10 3.04306 47.7097
    endloop
  endfacet
  facet normal -1 0 0
    outer loop
      vertex 10 3.61732 48.9239
      vertex 10 2.46927 51.6955
      vertex 10 2.83886 51.8278
    endloop
  endfacet
  facet normal -1 0 0
    outer loop
      vertex 10 7.62939e-07 48
      vertex 10 3 48
      vertex 10 3.00482 47.902
    endloop
  endfacet
  facet normal -1 0 0
    outer loop
      vertex 10 3.04306 47.7097
      vertex 10 7.62939e-07 48
      vertex 10 3.01922 47.8049
    endloop
  endfacet
  facet normal -1 0 0
    outer loop
      vertex 10 3.01922 47.8049
      vertex 10 7.62939e-07 48
      vertex 10 3.00482 47.902
    endloop
  endfacet
  facet normal -1 0 0
    outer loop
      vertex 10 3 48
      vertex 10 7.62939e-07 48
      vertex 10 0.0192612 48.3921
    endloop
  endfacet
  facet normal -1 0 0
    outer loop
      vertex 10 3.00482 48.098
      vertex 10 2.11441 51.5277
      vertex 10 2.46927 51.6955
    endloop
  endfacet
  facet normal -1 0 0
    outer loop
      vertex 10 3.00482 48.098
      vertex 10 1.77772 51.3259
      vertex 10 2.11441 51.5277
    endloop
  endfacet
  facet normal -1 0 0
    outer loop
      vertex 10 3.00482 48.098
      vertex 10 1.46243 51.092
      vertex 10 1.77772 51.3259
    endloop
  endfacet
  facet normal -1 0 0
    outer loop
      vertex 10 3.00482 48.098
      vertex 10 1.17157 50.8284
      vertex 10 1.46243 51.092
    endloop
  endfacet
  facet normal -1 0 0
    outer loop
      vertex 10 3.00482 48.098
      vertex 10 0.907959 50.5376
      vertex 10 1.17157 50.8284
    endloop
  endfacet
  facet normal -1 0 0
    outer loop
      vertex 10 3.00482 48.098
      vertex 10 0.674122 50.2223
      vertex 10 0.907959 50.5376
    endloop
  endfacet
  facet normal -1 0 0
    outer loop
      vertex 10 3.00482 48.098
      vertex 10 0.472316 49.8856
      vertex 10 0.674122 50.2223
    endloop
  endfacet
  facet normal -1 0 0
    outer loop
      vertex 10 3.00482 48.098
      vertex 10 0.304482 49.5307
      vertex 10 0.472316 49.8856
    endloop
  endfacet
  facet normal -1 0 0
    outer loop
      vertex 10 3.00482 48.098
      vertex 10 0.172239 49.1611
      vertex 10 0.304482 49.5307
    endloop
  endfacet
  facet normal -1 0 0
    outer loop
      vertex 10 3.00482 48.098
      vertex 10 0.0768593 48.7804
      vertex 10 0.172239 49.1611
    endloop
  endfacet
  facet normal -1 0 0
    outer loop
      vertex 10 3.00482 48.098
      vertex 10 0.0192612 48.3921
      vertex 10 0.0768593 48.7804
    endloop
  endfacet
  facet normal -1 0 0
    outer loop
      vertex 10 4.77301 48.6344
      vertex 10 7.09204 50.5376
      vertex 10 4.83147 48.5556
    endloop
  endfacet
  facet normal -1 -0 0
    outer loop
      vertex 10 7.09204 50.5376
      vertex 10 4.77301 48.6344
      vertex 10 6.82843 50.8284
    endloop
  endfacet
  facet normal -1 0 0
    outer loop
      vertex 10 4.70711 48.7071
      vertex 10 6.82843 50.8284
      vertex 10 4.77301 48.6344
    endloop
  endfacet
  facet normal -1 -0 0
    outer loop
      vertex 10 6.82843 50.8284
      vertex 10 4.70711 48.7071
      vertex 10 6.53757 51.092
    endloop
  endfacet
  facet normal -1 0 0
    outer loop
      vertex 10 4.63439 48.773
      vertex 10 6.53757 51.092
      vertex 10 4.70711 48.7071
    endloop
  endfacet
  facet normal -1 -0 0
    outer loop
      vertex 10 6.53757 51.092
      vertex 10 4.63439 48.773
      vertex 10 6.22228 51.3259
    endloop
  endfacet
  facet normal -1 0 0
    outer loop
      vertex 10 4.55557 48.8315
      vertex 10 6.22228 51.3259
      vertex 10 4.63439 48.773
    endloop
  endfacet
  facet normal -1 -0 0
    outer loop
      vertex 10 6.22228 51.3259
      vertex 10 4.55557 48.8315
      vertex 10 5.88559 51.5277
    endloop
  endfacet
  facet normal -1 0 0
    outer loop
      vertex 10 4.4714 48.8819
      vertex 10 5.88559 51.5277
      vertex 10 4.55557 48.8315
    endloop
  endfacet
  facet normal -1 -0 0
    outer loop
      vertex 10 5.88559 51.5277
      vertex 10 4.4714 48.8819
      vertex 10 5.53073 51.6955
    endloop
  endfacet
  facet normal -1 0 0
    outer loop
      vertex 10 4.38268 48.9239
      vertex 10 5.53073 51.6955
      vertex 10 4.4714 48.8819
    endloop
  endfacet
  facet normal -1 -0 0
    outer loop
      vertex 10 5.53073 51.6955
      vertex 10 4.38268 48.9239
      vertex 10 5.16114 51.8278
    endloop
  endfacet
  facet normal -1 0 0
    outer loop
      vertex 10 4.29029 48.9569
      vertex 10 5.16114 51.8278
      vertex 10 4.38268 48.9239
    endloop
  endfacet
  facet normal -1 -0 0
    outer loop
      vertex 10 5.16114 51.8278
      vertex 10 4.29029 48.9569
      vertex 10 4.78036 51.9231
    endloop
  endfacet
  facet normal -1 0 0
    outer loop
      vertex 10 4.19509 48.9808
      vertex 10 4.78036 51.9231
      vertex 10 4.29029 48.9569
    endloop
  endfacet
  facet normal -1 -0 0
    outer loop
      vertex 10 4.78036 51.9231
      vertex 10 4.19509 48.9808
      vertex 10 4.39207 51.9807
    endloop
  endfacet
  facet normal -1 0 0
    outer loop
      vertex 10 4.09802 48.9952
      vertex 10 4.39207 51.9807
      vertex 10 4.19509 48.9808
    endloop
  endfacet
  facet normal -1 0 0
    outer loop
      vertex 10 4 49
      vertex 10 4.39207 51.9807
      vertex 10 4.09802 48.9952
    endloop
  endfacet
  facet normal -1 0 0
    outer loop
      vertex 10 4 49
      vertex 10 4 52
      vertex 10 4.39207 51.9807
    endloop
  endfacet
  facet normal -1 0 0
    outer loop
      vertex 10 3.90198 48.9952
      vertex 10 4 52
      vertex 10 4 49
    endloop
  endfacet
  facet normal -1 0 0
    outer loop
      vertex 10 3.60793 51.9807
      vertex 10 3.90198 48.9952
      vertex 10 3.80491 48.9808
    endloop
  endfacet
  facet normal -1 0 0
    outer loop
      vertex 10 3.21964 51.9231
      vertex 10 3.80491 48.9808
      vertex 10 3.70972 48.9569
    endloop
  endfacet
  facet normal -1 0 0
    outer loop
      vertex 10 2.83886 51.8278
      vertex 10 3.70972 48.9569
      vertex 10 3.61732 48.9239
    endloop
  endfacet
  facet normal -1 0 0
    outer loop
      vertex 10 3.90198 48.9952
      vertex 10 3.60793 51.9807
      vertex 10 4 52
    endloop
  endfacet
  facet normal -1 0 0
    outer loop
      vertex 10 2.46927 51.6955
      vertex 10 3.61732 48.9239
      vertex 10 3.5286 48.8819
    endloop
  endfacet
  facet normal -1 0 0
    outer loop
      vertex 10 2.46927 51.6955
      vertex 10 3.5286 48.8819
      vertex 10 3.44443 48.8315
    endloop
  endfacet
  facet normal -1 0 0
    outer loop
      vertex 10 2.46927 51.6955
      vertex 10 3.44443 48.8315
      vertex 10 3.36561 48.773
    endloop
  endfacet
  facet normal -1 0 0
    outer loop
      vertex 10 2.46927 51.6955
      vertex 10 3.36561 48.773
      vertex 10 3.29289 48.7071
    endloop
  endfacet
  facet normal -1 0 0
    outer loop
      vertex 10 2.46927 51.6955
      vertex 10 3.29289 48.7071
      vertex 10 3.22699 48.6344
    endloop
  endfacet
  facet normal -1 0 0
    outer loop
      vertex 10 3.80491 48.9808
      vertex 10 3.21964 51.9231
      vertex 10 3.60793 51.9807
    endloop
  endfacet
  facet normal -1 0 0
    outer loop
      vertex 10 2.46927 51.6955
      vertex 10 3.22699 48.6344
      vertex 10 3.16853 48.5556
    endloop
  endfacet
  facet normal -1 0 0
    outer loop
      vertex 10 2.46927 51.6955
      vertex 10 3.16853 48.5556
      vertex 10 3.11808 48.4714
    endloop
  endfacet
  facet normal -1 0 0
    outer loop
      vertex 10 2.46927 51.6955
      vertex 10 3.11808 48.4714
      vertex 10 3.07612 48.3827
    endloop
  endfacet
  facet normal -1 0 0
    outer loop
      vertex 10 2.46927 51.6955
      vertex 10 3.07612 48.3827
      vertex 10 3.04306 48.2903
    endloop
  endfacet
  facet normal -1 0 0
    outer loop
      vertex 10 2.46927 51.6955
      vertex 10 3.04306 48.2903
      vertex 10 3.01922 48.1951
    endloop
  endfacet
  facet normal -1 0 0
    outer loop
      vertex 10 2.46927 51.6955
      vertex 10 3.01922 48.1951
      vertex 10 3.00482 48.098
    endloop
  endfacet
  facet normal -1 0 0
    outer loop
      vertex 10 3.70972 48.9569
      vertex 10 2.83886 51.8278
      vertex 10 3.21964 51.9231
    endloop
  endfacet
  facet normal -1 0 0
    outer loop
      vertex 10 0.0192612 48.3921
      vertex 10 3.00482 48.098
      vertex 10 3 48
    endloop
  endfacet
  facet normal -1 0 0
    outer loop
      vertex 10 11.8 5
      vertex 10 18.6 42
      vertex 10 18.6 5
    endloop
  endfacet
  facet normal -1 -0 0
    outer loop
      vertex 10 18.6 42
      vertex 10 11.8 5
      vertex 10 11.8 42
    endloop
  endfacet
  facet normal 1 0 0
    outer loop
      vertex 30 5 48
      vertex 30 8 48
      vertex 30 7.98074 48.3921
    endloop
  endfacet
  facet normal 1 -0 0
    outer loop
      vertex 30 8 42
      vertex 30 8.6 4.8
      vertex 30 8.6 42
    endloop
  endfacet
  facet normal 1 0 0
    outer loop
      vertex 30 4.99519 48.098
      vertex 30 7.98074 48.3921
      vertex 30 7.92314 48.7804
    endloop
  endfacet
  facet normal 1 0 0
    outer loop
      vertex 30 4.98079 48.1951
      vertex 30 7.92314 48.7804
      vertex 30 7.82776 49.1611
    endloop
  endfacet
  facet normal 1 0 0
    outer loop
      vertex 30 8 48
      vertex 30 4.83147 47.4444
      vertex 30 4.77301 47.3656
    endloop
  endfacet
  facet normal 1 0 0
    outer loop
      vertex 30 4.95694 48.2903
      vertex 30 7.82776 49.1611
      vertex 30 7.69552 49.5307
    endloop
  endfacet
  facet normal 1 0 0
    outer loop
      vertex 30 4.92388 48.3827
      vertex 30 7.69552 49.5307
      vertex 30 7.52769 49.8856
    endloop
  endfacet
  facet normal 1 0 0
    outer loop
      vertex 30 4.88192 48.4714
      vertex 30 7.52769 49.8856
      vertex 30 7.32588 50.2223
    endloop
  endfacet
  facet normal 1 0 0
    outer loop
      vertex 30 4.83147 48.5556
      vertex 30 7.32588 50.2223
      vertex 30 7.09204 50.5376
    endloop
  endfacet
  facet normal 1 0 0
    outer loop
      vertex 30 4.77301 48.6344
      vertex 30 7.09204 50.5376
      vertex 30 6.82843 50.8284
    endloop
  endfacet
  facet normal 1 0 0
    outer loop
      vertex 30 4.70711 48.7071
      vertex 30 6.82843 50.8284
      vertex 30 6.53757 51.092
    endloop
  endfacet
  facet normal 1 0 0
    outer loop
      vertex 30 4.63439 48.773
      vertex 30 6.53757 51.092
      vertex 30 6.22228 51.3259
    endloop
  endfacet
  facet normal 1 0 0
    outer loop
      vertex 30 4.55557 48.8315
      vertex 30 6.22228 51.3259
      vertex 30 5.88559 51.5277
    endloop
  endfacet
  facet normal 1 0 0
    outer loop
      vertex 30 4.4714 48.8819
      vertex 30 5.88559 51.5277
      vertex 30 5.53073 51.6955
    endloop
  endfacet
  facet normal 1 0 0
    outer loop
      vertex 30 4.38268 48.9239
      vertex 30 5.53073 51.6955
      vertex 30 5.16114 51.8278
    endloop
  endfacet
  facet normal 1 0 0
    outer loop
      vertex 30 8 48
      vertex 30 5 48
      vertex 30 4.99519 47.902
    endloop
  endfacet
  facet normal 1 0 0
    outer loop
      vertex 30 8 48
      vertex 30 4.99519 47.902
      vertex 30 4.98079 47.8049
    endloop
  endfacet
  facet normal 1 0 0
    outer loop
      vertex 30 8 48
      vertex 30 4.98079 47.8049
      vertex 30 4.95694 47.7097
    endloop
  endfacet
  facet normal 1 0 0
    outer loop
      vertex 30 8 48
      vertex 30 4.95694 47.7097
      vertex 30 4.92388 47.6173
    endloop
  endfacet
  facet normal 1 0 0
    outer loop
      vertex 30 8 48
      vertex 30 4.92388 47.6173
      vertex 30 4.88192 47.5286
    endloop
  endfacet
  facet normal 1 0 0
    outer loop
      vertex 30 8 48
      vertex 30 4.88192 47.5286
      vertex 30 4.83147 47.4444
    endloop
  endfacet
  facet normal 1 0 0
    outer loop
      vertex 30 4.70711 47.2929
      vertex 30 8 48
      vertex 30 4.77301 47.3656
    endloop
  endfacet
  facet normal 1 0 0
    outer loop
      vertex 30 8 48
      vertex 30 4.70711 47.2929
      vertex 30 8 42
    endloop
  endfacet
  facet normal 1 0 0
    outer loop
      vertex 30 8 42
      vertex 30 4.70711 47.2929
      vertex 30 4.63439 47.227
    endloop
  endfacet
  facet normal 1 -0 0
    outer loop
      vertex 30 4.55557 47.1685
      vertex 30 8 42
      vertex 30 4.63439 47.227
    endloop
  endfacet
  facet normal 1 -0 0
    outer loop
      vertex 30 4.4714 47.1181
      vertex 30 8 42
      vertex 30 4.55557 47.1685
    endloop
  endfacet
  facet normal 1 -0 0
    outer loop
      vertex 30 4.38268 47.0761
      vertex 30 8 42
      vertex 30 4.4714 47.1181
    endloop
  endfacet
  facet normal 1 -0 0
    outer loop
      vertex 30 4.29029 47.0431
      vertex 30 8 42
      vertex 30 4.38268 47.0761
    endloop
  endfacet
  facet normal 1 -0 0
    outer loop
      vertex 30 4.19509 47.0192
      vertex 30 8 42
      vertex 30 4.29029 47.0431
    endloop
  endfacet
  facet normal 1 -0 0
    outer loop
      vertex 30 4.09802 47.0048
      vertex 30 8 42
      vertex 30 4.19509 47.0192
    endloop
  endfacet
  facet normal 1 -0 0
    outer loop
      vertex 30 4 47
      vertex 30 8 42
      vertex 30 4.09802 47.0048
    endloop
  endfacet
  facet normal 1 0 0
    outer loop
      vertex 30 8 42
      vertex 30 4 47
      vertex 30 7.62939e-07 41.6
    endloop
  endfacet
  facet normal 1 0 0
    outer loop
      vertex 30 7.62939e-07 41.6
      vertex 30 4 47
      vertex 30 3.90198 47.0048
    endloop
  endfacet
  facet normal 1 0 0
    outer loop
      vertex 30 7.62939e-07 41.6
      vertex 30 3.90198 47.0048
      vertex 30 3.80491 47.0192
    endloop
  endfacet
  facet normal 1 0 0
    outer loop
      vertex 30 7.62939e-07 41.6
      vertex 30 3.80491 47.0192
      vertex 30 3.70972 47.0431
    endloop
  endfacet
  facet normal 1 0 0
    outer loop
      vertex 30 7.62939e-07 41.6
      vertex 30 3.70972 47.0431
      vertex 30 3.61732 47.0761
    endloop
  endfacet
  facet normal 1 0 0
    outer loop
      vertex 30 7.62939e-07 41.6
      vertex 30 3.61732 47.0761
      vertex 30 3.5286 47.1181
    endloop
  endfacet
  facet normal 1 0 0
    outer loop
      vertex 30 7.62939e-07 41.6
      vertex 30 3.5286 47.1181
      vertex 30 3.44443 47.1685
    endloop
  endfacet
  facet normal 1 0 0
    outer loop
      vertex 30 7.62939e-07 41.6
      vertex 30 3.44443 47.1685
      vertex 30 3.36561 47.227
    endloop
  endfacet
  facet normal 1 0 0
    outer loop
      vertex 30 7.62939e-07 41.6
      vertex 30 3.36561 47.227
      vertex 30 3.29289 47.2929
    endloop
  endfacet
  facet normal 1 0 0
    outer loop
      vertex 30 7.62939e-07 48
      vertex 30 3.29289 47.2929
      vertex 30 3.22699 47.3656
    endloop
  endfacet
  facet normal 1 0 0
    outer loop
      vertex 30 7.62939e-07 48
      vertex 30 3.22699 47.3656
      vertex 30 3.16853 47.4444
    endloop
  endfacet
  facet normal 1 0 0
    outer loop
      vertex 30 7.62939e-07 48
      vertex 30 3.16853 47.4444
      vertex 30 3.11808 47.5286
    endloop
  endfacet
  facet normal 1 0 0
    outer loop
      vertex 30 7.62939e-07 48
      vertex 30 3.11808 47.5286
      vertex 30 3.07612 47.6173
    endloop
  endfacet
  facet normal 1 0 0
    outer loop
      vertex 30 7.62939e-07 48
      vertex 30 3.07612 47.6173
      vertex 30 3.04306 47.7097
    endloop
  endfacet
  facet normal 1 0 0
    outer loop
      vertex 30 7.62939e-07 48
      vertex 30 3.04306 47.7097
      vertex 30 3.01922 47.8049
    endloop
  endfacet
  facet normal 1 0 0
    outer loop
      vertex 30 7.62939e-07 48
      vertex 30 3.01922 47.8049
      vertex 30 3.00482 47.902
    endloop
  endfacet
  facet normal 1 -0 0
    outer loop
      vertex 30 0.674122 50.2223
      vertex 30 3.16853 48.5556
      vertex 30 0.907959 50.5376
    endloop
  endfacet
  facet normal 1 0 0
    outer loop
      vertex 30 3.16853 48.5556
      vertex 30 0.674122 50.2223
      vertex 30 3.11808 48.4714
    endloop
  endfacet
  facet normal 1 -0 0
    outer loop
      vertex 30 0.472316 49.8856
      vertex 30 3.11808 48.4714
      vertex 30 0.674122 50.2223
    endloop
  endfacet
  facet normal 1 0 0
    outer loop
      vertex 30 3.11808 48.4714
      vertex 30 0.472316 49.8856
      vertex 30 3.07612 48.3827
    endloop
  endfacet
  facet normal 1 -0 0
    outer loop
      vertex 30 0.304482 49.5307
      vertex 30 3.07612 48.3827
      vertex 30 0.472316 49.8856
    endloop
  endfacet
  facet normal 1 0 0
    outer loop
      vertex 30 3.07612 48.3827
      vertex 30 0.304482 49.5307
      vertex 30 3.04306 48.2903
    endloop
  endfacet
  facet normal 1 -0 0
    outer loop
      vertex 30 0.172239 49.1611
      vertex 30 3.04306 48.2903
      vertex 30 0.304482 49.5307
    endloop
  endfacet
  facet normal 1 0 0
    outer loop
      vertex 30 3.04306 48.2903
      vertex 30 0.172239 49.1611
      vertex 30 3.01922 48.1951
    endloop
  endfacet
  facet normal 1 -0 0
    outer loop
      vertex 30 0.0768593 48.7804
      vertex 30 3.01922 48.1951
      vertex 30 0.172239 49.1611
    endloop
  endfacet
  facet normal 1 0 0
    outer loop
      vertex 30 3.01922 48.1951
      vertex 30 0.0768593 48.7804
      vertex 30 3.00482 48.098
    endloop
  endfacet
  facet normal 1 -0 0
    outer loop
      vertex 30 0.0192612 48.3921
      vertex 30 3.00482 48.098
      vertex 30 0.0768593 48.7804
    endloop
  endfacet
  facet normal 1 0 0
    outer loop
      vertex 30 3.00482 48.098
      vertex 30 0.0192612 48.3921
      vertex 30 3 48
    endloop
  endfacet
  facet normal 1 0 0
    outer loop
      vertex 30 7.62939e-07 48
      vertex 30 3 48
      vertex 30 0.0192612 48.3921
    endloop
  endfacet
  facet normal 1 0 0
    outer loop
      vertex 30 3 48
      vertex 30 7.62939e-07 48
      vertex 30 3.00482 47.902
    endloop
  endfacet
  facet normal 1 0 0
    outer loop
      vertex 30 3.29289 47.2929
      vertex 30 7.62939e-07 48
      vertex 30 7.62939e-07 41.6
    endloop
  endfacet
  facet normal 1 0 0
    outer loop
      vertex 30 8 42
      vertex 30 7.62939e-07 41.6
      vertex 30 8.6 4.8
    endloop
  endfacet
  facet normal 1 0 0
    outer loop
      vertex 30 7.98074 48.3921
      vertex 30 4.99519 48.098
      vertex 30 5 48
    endloop
  endfacet
  facet normal 1 0 0
    outer loop
      vertex 30 7.92314 48.7804
      vertex 30 4.98079 48.1951
      vertex 30 4.99519 48.098
    endloop
  endfacet
  facet normal 1 0 0
    outer loop
      vertex 30 7.82776 49.1611
      vertex 30 4.95694 48.2903
      vertex 30 4.98079 48.1951
    endloop
  endfacet
  facet normal 1 0 0
    outer loop
      vertex 30 7.69552 49.5307
      vertex 30 4.92388 48.3827
      vertex 30 4.95694 48.2903
    endloop
  endfacet
  facet normal 1 0 0
    outer loop
      vertex 30 7.52769 49.8856
      vertex 30 4.88192 48.4714
      vertex 30 4.92388 48.3827
    endloop
  endfacet
  facet normal 1 0 0
    outer loop
      vertex 30 7.32588 50.2223
      vertex 30 4.83147 48.5556
      vertex 30 4.88192 48.4714
    endloop
  endfacet
  facet normal 1 0 0
    outer loop
      vertex 30 4.29029 48.9569
      vertex 30 5.16114 51.8278
      vertex 30 4.78036 51.9231
    endloop
  endfacet
  facet normal 1 0 0
    outer loop
      vertex 30 7.09204 50.5376
      vertex 30 4.77301 48.6344
      vertex 30 4.83147 48.5556
    endloop
  endfacet
  facet normal 1 0 0
    outer loop
      vertex 30 6.82843 50.8284
      vertex 30 4.70711 48.7071
      vertex 30 4.77301 48.6344
    endloop
  endfacet
  facet normal 1 0 0
    outer loop
      vertex 30 6.53757 51.092
      vertex 30 4.63439 48.773
      vertex 30 4.70711 48.7071
    endloop
  endfacet
  facet normal 1 0 0
    outer loop
      vertex 30 6.22228 51.3259
      vertex 30 4.55557 48.8315
      vertex 30 4.63439 48.773
    endloop
  endfacet
  facet normal 1 0 0
    outer loop
      vertex 30 5.88559 51.5277
      vertex 30 4.4714 48.8819
      vertex 30 4.55557 48.8315
    endloop
  endfacet
  facet normal 1 0 0
    outer loop
      vertex 30 4.19509 48.9808
      vertex 30 4.78036 51.9231
      vertex 30 4.39207 51.9807
    endloop
  endfacet
  facet normal 1 0 0
    outer loop
      vertex 30 5.53073 51.6955
      vertex 30 4.38268 48.9239
      vertex 30 4.4714 48.8819
    endloop
  endfacet
  facet normal 1 0 0
    outer loop
      vertex 30 5.16114 51.8278
      vertex 30 4.29029 48.9569
      vertex 30 4.38268 48.9239
    endloop
  endfacet
  facet normal 1 0 0
    outer loop
      vertex 30 4.78036 51.9231
      vertex 30 4.19509 48.9808
      vertex 30 4.29029 48.9569
    endloop
  endfacet
  facet normal 1 0 0
    outer loop
      vertex 30 4.39207 51.9807
      vertex 30 4.09802 48.9952
      vertex 30 4.19509 48.9808
    endloop
  endfacet
  facet normal 1 0 0
    outer loop
      vertex 30 4 52
      vertex 30 4.09802 48.9952
      vertex 30 4.39207 51.9807
    endloop
  endfacet
  facet normal 1 0 0
    outer loop
      vertex 30 4 52
      vertex 30 4 49
      vertex 30 4.09802 48.9952
    endloop
  endfacet
  facet normal 1 0 0
    outer loop
      vertex 30 4 52
      vertex 30 3.90198 48.9952
      vertex 30 4 49
    endloop
  endfacet
  facet normal 1 -0 0
    outer loop
      vertex 30 3.60793 51.9807
      vertex 30 3.90198 48.9952
      vertex 30 4 52
    endloop
  endfacet
  facet normal 1 0 0
    outer loop
      vertex 30 3.90198 48.9952
      vertex 30 3.60793 51.9807
      vertex 30 3.80491 48.9808
    endloop
  endfacet
  facet normal 1 -0 0
    outer loop
      vertex 30 3.21964 51.9231
      vertex 30 3.80491 48.9808
      vertex 30 3.60793 51.9807
    endloop
  endfacet
  facet normal 1 0 0
    outer loop
      vertex 30 3.80491 48.9808
      vertex 30 3.21964 51.9231
      vertex 30 3.70972 48.9569
    endloop
  endfacet
  facet normal 1 -0 0
    outer loop
      vertex 30 2.83886 51.8278
      vertex 30 3.70972 48.9569
      vertex 30 3.21964 51.9231
    endloop
  endfacet
  facet normal 1 0 0
    outer loop
      vertex 30 3.70972 48.9569
      vertex 30 2.83886 51.8278
      vertex 30 3.61732 48.9239
    endloop
  endfacet
  facet normal 1 -0 0
    outer loop
      vertex 30 2.46927 51.6955
      vertex 30 3.61732 48.9239
      vertex 30 2.83886 51.8278
    endloop
  endfacet
  facet normal 1 0 0
    outer loop
      vertex 30 3.61732 48.9239
      vertex 30 2.46927 51.6955
      vertex 30 3.5286 48.8819
    endloop
  endfacet
  facet normal 1 -0 0
    outer loop
      vertex 30 2.11441 51.5277
      vertex 30 3.5286 48.8819
      vertex 30 2.46927 51.6955
    endloop
  endfacet
  facet normal 1 0 0
    outer loop
      vertex 30 3.5286 48.8819
      vertex 30 2.11441 51.5277
      vertex 30 3.44443 48.8315
    endloop
  endfacet
  facet normal 1 -0 0
    outer loop
      vertex 30 1.77772 51.3259
      vertex 30 3.44443 48.8315
      vertex 30 2.11441 51.5277
    endloop
  endfacet
  facet normal 1 0 0
    outer loop
      vertex 30 3.44443 48.8315
      vertex 30 1.77772 51.3259
      vertex 30 3.36561 48.773
    endloop
  endfacet
  facet normal 1 -0 0
    outer loop
      vertex 30 1.46243 51.092
      vertex 30 3.36561 48.773
      vertex 30 1.77772 51.3259
    endloop
  endfacet
  facet normal 1 0 0
    outer loop
      vertex 30 3.36561 48.773
      vertex 30 1.46243 51.092
      vertex 30 3.29289 48.7071
    endloop
  endfacet
  facet normal 1 -0 0
    outer loop
      vertex 30 1.17157 50.8284
      vertex 30 3.29289 48.7071
      vertex 30 1.46243 51.092
    endloop
  endfacet
  facet normal 1 0 0
    outer loop
      vertex 30 3.29289 48.7071
      vertex 30 1.17157 50.8284
      vertex 30 3.22699 48.6344
    endloop
  endfacet
  facet normal 1 0 0
    outer loop
      vertex 30 3.22699 48.6344
      vertex 30 0.907959 50.5376
      vertex 30 3.16853 48.5556
    endloop
  endfacet
  facet normal 1 -0 0
    outer loop
      vertex 30 0.907959 50.5376
      vertex 30 3.22699 48.6344
      vertex 30 1.17157 50.8284
    endloop
  endfacet
  facet normal 1 -0 0
    outer loop
      vertex 30 11.8 42
      vertex 30 18.6 5
      vertex 30 18.6 42
    endloop
  endfacet
  facet normal 1 0 0
    outer loop
      vertex 30 18.6 5
      vertex 30 11.8 42
      vertex 30 11.8 5
    endloop
  endfacet
  facet normal 0 -0.998796 0.0490621
    outer loop
      vertex 10 7.62939e-07 48
      vertex 30 0.0192612 48.3921
      vertex 10 0.0192612 48.3921
    endloop
  endfacet
  facet normal 0 -0.998796 0.0490621
    outer loop
      vertex 30 0.0192612 48.3921
      vertex 10 7.62939e-07 48
      vertex 30 7.62939e-07 48
    endloop
  endfacet
  facet normal 0 -0.973763 -0.227564
    outer loop
      vertex 10 8.6 4.8
      vertex 30 7.62939e-07 41.6
      vertex 10 7.62939e-07 41.6
    endloop
  endfacet
  facet normal 0 -0.973763 -0.227564
    outer loop
      vertex 30 7.62939e-07 41.6
      vertex 10 8.6 4.8
      vertex 30 8.6 4.8
    endloop
  endfacet
  facet normal 0 1 0
    outer loop
      vertex 30 18.6 42
      vertex 14.5153 18.6 5.2
      vertex 10 18.6 42
    endloop
  endfacet
  facet normal 0 1 -0
    outer loop
      vertex 30 18.6 5
      vertex 14.5153 18.6 5.2
      vertex 30 18.6 42
    endloop
  endfacet
  facet normal 0 1 0
    outer loop
      vertex 14.5153 18.6 5.2
      vertex 30 18.6 5
      vertex 14.5153 18.6 5
    endloop
  endfacet
  facet normal 0 1 -0
    outer loop
      vertex 10.8466 18.6 5.2
      vertex 10 18.6 42
      vertex 14.5153 18.6 5.2
    endloop
  endfacet
  facet normal 0 1 0
    outer loop
      vertex 10 18.6 5
      vertex 10.8466 18.6 5.2
      vertex 10.8466 18.6 5
    endloop
  endfacet
  facet normal 0 1 0
    outer loop
      vertex 10.8466 18.6 5.2
      vertex 10 18.6 5
      vertex 10 18.6 42
    endloop
  endfacet
  facet normal 0 -1 0
    outer loop
      vertex 10 7.62939e-07 41.6
      vertex 30 7.62939e-07 48
      vertex 10 7.62939e-07 48
    endloop
  endfacet
  facet normal 0 -1 -0
    outer loop
      vertex 30 7.62939e-07 48
      vertex 10 7.62939e-07 41.6
      vertex 30 7.62939e-07 41.6
    endloop
  endfacet
  facet normal 0 1 -0
    outer loop
      vertex 30 8 42
      vertex 10 8 48
      vertex 30 8 48
    endloop
  endfacet
  facet normal 0 1 0
    outer loop
      vertex 10 8 48
      vertex 30 8 42
      vertex 10 8 42
    endloop
  endfacet
  facet normal 0 -0.970023 -0.243015
    outer loop
      vertex 10 4.98079 48.1951
      vertex 30 4.95694 48.2903
      vertex 10 4.95694 48.2903
    endloop
  endfacet
  facet normal 0 -0.970023 -0.243015
    outer loop
      vertex 30 4.95694 48.2903
      vertex 10 4.98079 48.1951
      vertex 30 4.98079 48.1951
    endloop
  endfacet
  facet normal 0 0.243518 -0.969896
    outer loop
      vertex 10 3.70972 48.9569
      vertex 30 3.80491 48.9808
      vertex 30 3.70972 48.9569
    endloop
  endfacet
  facet normal 0 0.243518 -0.969896
    outer loop
      vertex 30 3.80491 48.9808
      vertex 10 3.70972 48.9569
      vertex 10 3.80491 48.9808
    endloop
  endfacet
  facet normal 0 -0.427876 0.903837
    outer loop
      vertex 10 4.4714 47.1181
      vertex 30 4.38268 47.0761
      vertex 30 4.4714 47.1181
    endloop
  endfacet
  facet normal 0 -0.427876 0.903837
    outer loop
      vertex 30 4.38268 47.0761
      vertex 10 4.4714 47.1181
      vertex 10 4.38268 47.0761
    endloop
  endfacet
  facet normal 0 -0.80312 -0.595817
    outer loop
      vertex 10 4.83147 48.5556
      vertex 30 4.77301 48.6344
      vertex 10 4.77301 48.6344
    endloop
  endfacet
  facet normal 0 -0.80312 -0.595817
    outer loop
      vertex 30 4.77301 48.6344
      vertex 10 4.83147 48.5556
      vertex 30 4.83147 48.5556
    endloop
  endfacet
  facet normal 0 -0.998798 -0.0490226
    outer loop
      vertex 10 5 48
      vertex 30 4.99519 48.098
      vertex 10 4.99519 48.098
    endloop
  endfacet
  facet normal 0 -0.998798 -0.0490226
    outer loop
      vertex 30 4.99519 48.098
      vertex 10 5 48
      vertex 30 5 48
    endloop
  endfacet
  facet normal 0 -0.513731 0.857951
    outer loop
      vertex 10 4.55557 47.1685
      vertex 30 4.4714 47.1181
      vertex 30 4.55557 47.1685
    endloop
  endfacet
  facet normal 0 -0.513731 0.857951
    outer loop
      vertex 30 4.4714 47.1181
      vertex 10 4.55557 47.1685
      vertex 10 4.4714 47.1181
    endloop
  endfacet
  facet normal 0 -0.336369 0.94173
    outer loop
      vertex 10 4.38268 47.0761
      vertex 30 4.29029 47.0431
      vertex 30 4.38268 47.0761
    endloop
  endfacet
  facet normal 0 -0.336369 0.94173
    outer loop
      vertex 30 4.29029 47.0431
      vertex 10 4.38268 47.0761
      vertex 10 4.29029 47.0431
    endloop
  endfacet
  facet normal 0 0.857807 0.513971
    outer loop
      vertex 30 3.16853 47.4444
      vertex 10 3.11808 47.5286
      vertex 30 3.11808 47.5286
    endloop
  endfacet
  facet normal 0 0.857807 0.513971
    outer loop
      vertex 10 3.11808 47.5286
      vertex 30 3.16853 47.4444
      vertex 10 3.16853 47.4444
    endloop
  endfacet
  facet normal 0 0.970047 -0.242919
    outer loop
      vertex 30 3.01922 48.1951
      vertex 10 3.04306 48.2903
      vertex 30 3.04306 48.2903
    endloop
  endfacet
  facet normal 0 0.970047 -0.242919
    outer loop
      vertex 10 3.04306 48.2903
      vertex 30 3.01922 48.1951
      vertex 10 3.01922 48.1951
    endloop
  endfacet
  facet normal 0 0.671505 -0.741
    outer loop
      vertex 10 3.29289 48.7071
      vertex 30 3.36561 48.773
      vertex 30 3.29289 48.7071
    endloop
  endfacet
  facet normal 0 0.671505 -0.741
    outer loop
      vertex 30 3.36561 48.773
      vertex 10 3.29289 48.7071
      vertex 10 3.36561 48.773
    endloop
  endfacet
  facet normal 0 0.513731 -0.857951
    outer loop
      vertex 10 3.44443 48.8315
      vertex 30 3.5286 48.8819
      vertex 30 3.44443 48.8315
    endloop
  endfacet
  facet normal 0 0.513731 -0.857951
    outer loop
      vertex 30 3.5286 48.8819
      vertex 10 3.44443 48.8315
      vertex 10 3.5286 48.8819
    endloop
  endfacet
  facet normal 0 -0.146741 0.989175
    outer loop
      vertex 10 4.19509 47.0192
      vertex 30 4.09802 47.0048
      vertex 30 4.19509 47.0192
    endloop
  endfacet
  facet normal 0 -0.146741 0.989175
    outer loop
      vertex 30 4.09802 47.0048
      vertex 10 4.19509 47.0192
      vertex 10 4.09802 47.0048
    endloop
  endfacet
  facet normal 0 0.80312 -0.595817
    outer loop
      vertex 30 3.16853 48.5556
      vertex 10 3.22699 48.6344
      vertex 30 3.22699 48.6344
    endloop
  endfacet
  facet normal 0 0.80312 -0.595817
    outer loop
      vertex 10 3.22699 48.6344
      vertex 30 3.16853 48.5556
      vertex 10 3.16853 48.5556
    endloop
  endfacet
  facet normal 0 -0.513731 -0.857951
    outer loop
      vertex 10 4.4714 48.8819
      vertex 30 4.55557 48.8315
      vertex 30 4.4714 48.8819
    endloop
  endfacet
  facet normal -0 -0.513731 -0.857951
    outer loop
      vertex 30 4.55557 48.8315
      vertex 10 4.4714 48.8819
      vertex 10 4.55557 48.8315
    endloop
  endfacet
  facet normal -0 0.513731 0.857951
    outer loop
      vertex 10 3.5286 47.1181
      vertex 30 3.44443 47.1685
      vertex 30 3.5286 47.1181
    endloop
  endfacet
  facet normal 0 0.513731 0.857951
    outer loop
      vertex 30 3.44443 47.1685
      vertex 10 3.5286 47.1181
      vertex 10 3.44443 47.1685
    endloop
  endfacet
  facet normal 0 -0.048911 -0.998803
    outer loop
      vertex 10 4 49
      vertex 30 4.09802 48.9952
      vertex 30 4 49
    endloop
  endfacet
  facet normal -0 -0.048911 -0.998803
    outer loop
      vertex 30 4.09802 48.9952
      vertex 10 4 49
      vertex 10 4.09802 48.9952
    endloop
  endfacet
  facet normal 0 -0.146741 -0.989175
    outer loop
      vertex 10 4.09802 48.9952
      vertex 30 4.19509 48.9808
      vertex 30 4.09802 48.9952
    endloop
  endfacet
  facet normal -0 -0.146741 -0.989175
    outer loop
      vertex 30 4.19509 48.9808
      vertex 10 4.09802 48.9952
      vertex 10 4.19509 48.9808
    endloop
  endfacet
  facet normal 0 0.941548 -0.336879
    outer loop
      vertex 30 3.04306 48.2903
      vertex 10 3.07612 48.3827
      vertex 30 3.07612 48.3827
    endloop
  endfacet
  facet normal 0 0.941548 -0.336879
    outer loop
      vertex 10 3.07612 48.3827
      vertex 30 3.04306 48.2903
      vertex 10 3.04306 48.2903
    endloop
  endfacet
  facet normal 0 -0.336369 -0.94173
    outer loop
      vertex 10 4.29029 48.9569
      vertex 30 4.38268 48.9239
      vertex 30 4.29029 48.9569
    endloop
  endfacet
  facet normal -0 -0.336369 -0.94173
    outer loop
      vertex 30 4.38268 48.9239
      vertex 10 4.29029 48.9569
      vertex 10 4.38268 48.9239
    endloop
  endfacet
  facet normal -0 0.427876 0.903837
    outer loop
      vertex 10 3.61732 47.0761
      vertex 30 3.5286 47.1181
      vertex 30 3.61732 47.0761
    endloop
  endfacet
  facet normal 0 0.427876 0.903837
    outer loop
      vertex 30 3.5286 47.1181
      vertex 10 3.61732 47.0761
      vertex 10 3.5286 47.1181
    endloop
  endfacet
  facet normal -0 0.336336 0.941742
    outer loop
      vertex 10 3.70972 47.0431
      vertex 30 3.61732 47.0761
      vertex 30 3.70972 47.0431
    endloop
  endfacet
  facet normal 0 0.336336 0.941742
    outer loop
      vertex 30 3.61732 47.0761
      vertex 10 3.70972 47.0431
      vertex 10 3.61732 47.0761
    endloop
  endfacet
  facet normal 0 -0.595983 -0.802997
    outer loop
      vertex 10 4.55557 48.8315
      vertex 30 4.63439 48.773
      vertex 30 4.55557 48.8315
    endloop
  endfacet
  facet normal -0 -0.595983 -0.802997
    outer loop
      vertex 30 4.63439 48.773
      vertex 10 4.55557 48.8315
      vertex 10 4.63439 48.773
    endloop
  endfacet
  facet normal 0 0.903958 -0.427622
    outer loop
      vertex 30 3.07612 48.3827
      vertex 10 3.11808 48.4714
      vertex 30 3.11808 48.4714
    endloop
  endfacet
  facet normal 0 0.903958 -0.427622
    outer loop
      vertex 10 3.11808 48.4714
      vertex 30 3.07612 48.3827
      vertex 10 3.07612 48.3827
    endloop
  endfacet
  facet normal 0 -0.80312 0.595817
    outer loop
      vertex 10 4.77301 47.3656
      vertex 30 4.83147 47.4444
      vertex 10 4.83147 47.4444
    endloop
  endfacet
  facet normal 0 -0.80312 0.595817
    outer loop
      vertex 30 4.83147 47.4444
      vertex 10 4.77301 47.3656
      vertex 30 4.77301 47.3656
    endloop
  endfacet
  facet normal 0 0.989182 -0.146696
    outer loop
      vertex 30 3.00482 48.098
      vertex 10 3.01922 48.1951
      vertex 30 3.01922 48.1951
    endloop
  endfacet
  facet normal 0 0.989182 -0.146696
    outer loop
      vertex 10 3.01922 48.1951
      vertex 30 3.00482 48.098
      vertex 10 3.00482 48.098
    endloop
  endfacet
  facet normal 0 0.941548 0.336879
    outer loop
      vertex 30 3.07612 47.6173
      vertex 10 3.04306 47.7097
      vertex 30 3.04306 47.7097
    endloop
  endfacet
  facet normal 0 0.941548 0.336879
    outer loop
      vertex 10 3.04306 47.7097
      vertex 30 3.07612 47.6173
      vertex 10 3.07612 47.6173
    endloop
  endfacet
  facet normal 0 0.427876 -0.903837
    outer loop
      vertex 10 3.5286 48.8819
      vertex 30 3.61732 48.9239
      vertex 30 3.5286 48.8819
    endloop
  endfacet
  facet normal 0 0.427876 -0.903837
    outer loop
      vertex 30 3.61732 48.9239
      vertex 10 3.5286 48.8819
      vertex 10 3.61732 48.9239
    endloop
  endfacet
  facet normal 0 -0.903958 0.427622
    outer loop
      vertex 10 4.88192 47.5286
      vertex 30 4.92388 47.6173
      vertex 10 4.92388 47.6173
    endloop
  endfacet
  facet normal 0 -0.903958 0.427622
    outer loop
      vertex 30 4.92388 47.6173
      vertex 10 4.88192 47.5286
      vertex 30 4.88192 47.5286
    endloop
  endfacet
  facet normal -0 0.595983 0.802997
    outer loop
      vertex 10 3.44443 47.1685
      vertex 30 3.36561 47.227
      vertex 30 3.44443 47.1685
    endloop
  endfacet
  facet normal 0 0.595983 0.802997
    outer loop
      vertex 30 3.36561 47.227
      vertex 10 3.44443 47.1685
      vertex 10 3.36561 47.227
    endloop
  endfacet
  facet normal 0 0.857807 -0.513971
    outer loop
      vertex 30 3.11808 48.4714
      vertex 10 3.16853 48.5556
      vertex 30 3.16853 48.5556
    endloop
  endfacet
  facet normal 0 0.857807 -0.513971
    outer loop
      vertex 10 3.16853 48.5556
      vertex 30 3.11808 48.4714
      vertex 10 3.11808 48.4714
    endloop
  endfacet
  facet normal 0 0.903958 0.427622
    outer loop
      vertex 30 3.11808 47.5286
      vertex 10 3.07612 47.6173
      vertex 30 3.07612 47.6173
    endloop
  endfacet
  facet normal 0 0.903958 0.427622
    outer loop
      vertex 10 3.07612 47.6173
      vertex 30 3.11808 47.5286
      vertex 10 3.11808 47.5286
    endloop
  endfacet
  facet normal 0 -0.998798 0.0490226
    outer loop
      vertex 10 4.99519 47.902
      vertex 30 5 48
      vertex 10 5 48
    endloop
  endfacet
  facet normal 0 -0.998798 0.0490226
    outer loop
      vertex 30 5 48
      vertex 10 4.99519 47.902
      vertex 30 4.99519 47.902
    endloop
  endfacet
  facet normal 0 -0.989182 -0.146696
    outer loop
      vertex 10 4.99519 48.098
      vertex 30 4.98079 48.1951
      vertex 10 4.98079 48.1951
    endloop
  endfacet
  facet normal 0 -0.989182 -0.146696
    outer loop
      vertex 30 4.98079 48.1951
      vertex 10 4.99519 48.098
      vertex 30 4.99519 48.098
    endloop
  endfacet
  facet normal 0 -0.941548 0.336879
    outer loop
      vertex 10 4.92388 47.6173
      vertex 30 4.95694 47.7097
      vertex 10 4.95694 47.7097
    endloop
  endfacet
  facet normal 0 -0.941548 0.336879
    outer loop
      vertex 30 4.95694 47.7097
      vertex 10 4.92388 47.6173
      vertex 30 4.92388 47.6173
    endloop
  endfacet
  facet normal 0 -0.243494 0.969902
    outer loop
      vertex 10 4.29029 47.0431
      vertex 30 4.19509 47.0192
      vertex 30 4.29029 47.0431
    endloop
  endfacet
  facet normal 0 -0.243494 0.969902
    outer loop
      vertex 30 4.19509 47.0192
      vertex 10 4.29029 47.0431
      vertex 10 4.19509 47.0192
    endloop
  endfacet
  facet normal 0 -0.941548 -0.336879
    outer loop
      vertex 10 4.95694 48.2903
      vertex 30 4.92388 48.3827
      vertex 10 4.92388 48.3827
    endloop
  endfacet
  facet normal 0 -0.941548 -0.336879
    outer loop
      vertex 30 4.92388 48.3827
      vertex 10 4.95694 48.2903
      vertex 30 4.95694 48.2903
    endloop
  endfacet
  facet normal 0 0.998793 0.0491243
    outer loop
      vertex 30 3.00482 47.902
      vertex 10 3 48
      vertex 30 3 48
    endloop
  endfacet
  facet normal 0 0.998793 0.0491243
    outer loop
      vertex 10 3 48
      vertex 30 3.00482 47.902
      vertex 10 3.00482 47.902
    endloop
  endfacet
  facet normal 0 -0.989182 0.146696
    outer loop
      vertex 10 4.98079 47.8049
      vertex 30 4.99519 47.902
      vertex 10 4.99519 47.902
    endloop
  endfacet
  facet normal 0 -0.989182 0.146696
    outer loop
      vertex 30 4.99519 47.902
      vertex 10 4.98079 47.8049
      vertex 30 4.98079 47.8049
    endloop
  endfacet
  facet normal -0 0.671505 0.741
    outer loop
      vertex 10 3.36561 47.227
      vertex 30 3.29289 47.2929
      vertex 30 3.36561 47.227
    endloop
  endfacet
  facet normal 0 0.671505 0.741
    outer loop
      vertex 30 3.29289 47.2929
      vertex 10 3.36561 47.227
      vertex 10 3.29289 47.2929
    endloop
  endfacet
  facet normal 0 -0.970023 0.243015
    outer loop
      vertex 10 4.95694 47.7097
      vertex 30 4.98079 47.8049
      vertex 10 4.98079 47.8049
    endloop
  endfacet
  facet normal 0 -0.970023 0.243015
    outer loop
      vertex 30 4.98079 47.8049
      vertex 10 4.95694 47.7097
      vertex 30 4.95694 47.7097
    endloop
  endfacet
  facet normal 0 -0.903958 -0.427622
    outer loop
      vertex 10 4.92388 48.3827
      vertex 30 4.88192 48.4714
      vertex 10 4.88192 48.4714
    endloop
  endfacet
  facet normal 0 -0.903958 -0.427622
    outer loop
      vertex 30 4.88192 48.4714
      vertex 10 4.92388 48.3827
      vertex 30 4.92388 48.3827
    endloop
  endfacet
  facet normal 0 -0.671505 -0.741
    outer loop
      vertex 10 4.63439 48.773
      vertex 30 4.70711 48.7071
      vertex 30 4.63439 48.773
    endloop
  endfacet
  facet normal -0 -0.671505 -0.741
    outer loop
      vertex 30 4.70711 48.7071
      vertex 10 4.63439 48.773
      vertex 10 4.70711 48.7071
    endloop
  endfacet
  facet normal 0 -0.740908 -0.671607
    outer loop
      vertex 10 4.77301 48.6344
      vertex 30 4.70711 48.7071
      vertex 10 4.70711 48.7071
    endloop
  endfacet
  facet normal 0 -0.740908 -0.671607
    outer loop
      vertex 30 4.70711 48.7071
      vertex 10 4.77301 48.6344
      vertex 30 4.77301 48.6344
    endloop
  endfacet
  facet normal 0 0.336336 -0.941742
    outer loop
      vertex 10 3.61732 48.9239
      vertex 30 3.70972 48.9569
      vertex 30 3.61732 48.9239
    endloop
  endfacet
  facet normal 0 0.336336 -0.941742
    outer loop
      vertex 30 3.70972 48.9569
      vertex 10 3.61732 48.9239
      vertex 10 3.70972 48.9569
    endloop
  endfacet
  facet normal 0 -0.857807 0.513971
    outer loop
      vertex 10 4.83147 47.4444
      vertex 30 4.88192 47.5286
      vertex 10 4.88192 47.5286
    endloop
  endfacet
  facet normal 0 -0.857807 0.513971
    outer loop
      vertex 30 4.88192 47.5286
      vertex 10 4.83147 47.4444
      vertex 30 4.83147 47.4444
    endloop
  endfacet
  facet normal 0 -0.427876 -0.903837
    outer loop
      vertex 10 4.38268 48.9239
      vertex 30 4.4714 48.8819
      vertex 30 4.38268 48.9239
    endloop
  endfacet
  facet normal -0 -0.427876 -0.903837
    outer loop
      vertex 30 4.4714 48.8819
      vertex 10 4.38268 48.9239
      vertex 10 4.4714 48.8819
    endloop
  endfacet
  facet normal -0 0.146741 0.989175
    outer loop
      vertex 10 3.90198 47.0048
      vertex 30 3.80491 47.0192
      vertex 30 3.90198 47.0048
    endloop
  endfacet
  facet normal 0 0.146741 0.989175
    outer loop
      vertex 30 3.80491 47.0192
      vertex 10 3.90198 47.0048
      vertex 10 3.80491 47.0192
    endloop
  endfacet
  facet normal -0 0.048911 0.998803
    outer loop
      vertex 10 4 47
      vertex 30 3.90198 47.0048
      vertex 30 4 47
    endloop
  endfacet
  facet normal 0 0.048911 0.998803
    outer loop
      vertex 30 3.90198 47.0048
      vertex 10 4 47
      vertex 10 3.90198 47.0048
    endloop
  endfacet
  facet normal 0 -0.857807 -0.513971
    outer loop
      vertex 10 4.88192 48.4714
      vertex 30 4.83147 48.5556
      vertex 10 4.83147 48.5556
    endloop
  endfacet
  facet normal 0 -0.857807 -0.513971
    outer loop
      vertex 30 4.83147 48.5556
      vertex 10 4.88192 48.4714
      vertex 30 4.88192 48.4714
    endloop
  endfacet
  facet normal 0 0.048911 -0.998803
    outer loop
      vertex 10 3.90198 48.9952
      vertex 30 4 49
      vertex 30 3.90198 48.9952
    endloop
  endfacet
  facet normal 0 0.048911 -0.998803
    outer loop
      vertex 30 4 49
      vertex 10 3.90198 48.9952
      vertex 10 4 49
    endloop
  endfacet
  facet normal 0 0.595983 -0.802997
    outer loop
      vertex 10 3.36561 48.773
      vertex 30 3.44443 48.8315
      vertex 30 3.36561 48.773
    endloop
  endfacet
  facet normal 0 0.595983 -0.802997
    outer loop
      vertex 30 3.44443 48.8315
      vertex 10 3.36561 48.773
      vertex 10 3.44443 48.8315
    endloop
  endfacet
  facet normal 0 0.740908 -0.671607
    outer loop
      vertex 30 3.22699 48.6344
      vertex 10 3.29289 48.7071
      vertex 30 3.29289 48.7071
    endloop
  endfacet
  facet normal 0 0.740908 -0.671607
    outer loop
      vertex 10 3.29289 48.7071
      vertex 30 3.22699 48.6344
      vertex 10 3.22699 48.6344
    endloop
  endfacet
  facet normal 0 -0.048911 0.998803
    outer loop
      vertex 10 4.09802 47.0048
      vertex 30 4 47
      vertex 30 4.09802 47.0048
    endloop
  endfacet
  facet normal 0 -0.048911 0.998803
    outer loop
      vertex 30 4 47
      vertex 10 4.09802 47.0048
      vertex 10 4 47
    endloop
  endfacet
  facet normal 0 0.146741 -0.989175
    outer loop
      vertex 10 3.80491 48.9808
      vertex 30 3.90198 48.9952
      vertex 30 3.80491 48.9808
    endloop
  endfacet
  facet normal 0 0.146741 -0.989175
    outer loop
      vertex 30 3.90198 48.9952
      vertex 10 3.80491 48.9808
      vertex 10 3.90198 48.9952
    endloop
  endfacet
  facet normal 0 0.970047 0.242919
    outer loop
      vertex 30 3.04306 47.7097
      vertex 10 3.01922 47.8049
      vertex 30 3.01922 47.8049
    endloop
  endfacet
  facet normal 0 0.970047 0.242919
    outer loop
      vertex 10 3.01922 47.8049
      vertex 30 3.04306 47.7097
      vertex 10 3.04306 47.7097
    endloop
  endfacet
  facet normal -0 0.243518 0.969896
    outer loop
      vertex 10 3.80491 47.0192
      vertex 30 3.70972 47.0431
      vertex 30 3.80491 47.0192
    endloop
  endfacet
  facet normal 0 0.243518 0.969896
    outer loop
      vertex 30 3.70972 47.0431
      vertex 10 3.80491 47.0192
      vertex 10 3.70972 47.0431
    endloop
  endfacet
  facet normal 0 -0.671505 0.741
    outer loop
      vertex 10 4.70711 47.2929
      vertex 30 4.63439 47.227
      vertex 30 4.70711 47.2929
    endloop
  endfacet
  facet normal 0 -0.671505 0.741
    outer loop
      vertex 30 4.63439 47.227
      vertex 10 4.70711 47.2929
      vertex 10 4.63439 47.227
    endloop
  endfacet
  facet normal 0 -0.243494 -0.969902
    outer loop
      vertex 10 4.19509 48.9808
      vertex 30 4.29029 48.9569
      vertex 30 4.19509 48.9808
    endloop
  endfacet
  facet normal -0 -0.243494 -0.969902
    outer loop
      vertex 30 4.29029 48.9569
      vertex 10 4.19509 48.9808
      vertex 10 4.29029 48.9569
    endloop
  endfacet
  facet normal 0 0.740908 0.671607
    outer loop
      vertex 30 3.29289 47.2929
      vertex 10 3.22699 47.3656
      vertex 30 3.22699 47.3656
    endloop
  endfacet
  facet normal 0 0.740908 0.671607
    outer loop
      vertex 10 3.22699 47.3656
      vertex 30 3.29289 47.2929
      vertex 10 3.29289 47.2929
    endloop
  endfacet
  facet normal 0 0.989182 0.146696
    outer loop
      vertex 30 3.01922 47.8049
      vertex 10 3.00482 47.902
      vertex 30 3.00482 47.902
    endloop
  endfacet
  facet normal 0 0.989182 0.146696
    outer loop
      vertex 10 3.00482 47.902
      vertex 30 3.01922 47.8049
      vertex 10 3.01922 47.8049
    endloop
  endfacet
  facet normal 0 -0.595983 0.802997
    outer loop
      vertex 10 4.63439 47.227
      vertex 30 4.55557 47.1685
      vertex 30 4.63439 47.227
    endloop
  endfacet
  facet normal 0 -0.595983 0.802997
    outer loop
      vertex 30 4.55557 47.1685
      vertex 10 4.63439 47.227
      vertex 10 4.55557 47.1685
    endloop
  endfacet
  facet normal 0 0.80312 0.595817
    outer loop
      vertex 30 3.22699 47.3656
      vertex 10 3.16853 47.4444
      vertex 30 3.16853 47.4444
    endloop
  endfacet
  facet normal 0 0.80312 0.595817
    outer loop
      vertex 10 3.16853 47.4444
      vertex 30 3.22699 47.3656
      vertex 10 3.22699 47.3656
    endloop
  endfacet
  facet normal 0 0.998793 -0.0491243
    outer loop
      vertex 30 3 48
      vertex 10 3.00482 48.098
      vertex 30 3.00482 48.098
    endloop
  endfacet
  facet normal 0 0.998793 -0.0491243
    outer loop
      vertex 10 3.00482 48.098
      vertex 30 3 48
      vertex 10 3 48
    endloop
  endfacet
  facet normal 0 -0.740908 0.671607
    outer loop
      vertex 10 4.70711 47.2929
      vertex 30 4.77301 47.3656
      vertex 10 4.77301 47.3656
    endloop
  endfacet
  facet normal 0 -0.740908 0.671607
    outer loop
      vertex 30 4.77301 47.3656
      vertex 10 4.70711 47.2929
      vertex 30 4.70711 47.2929
    endloop
  endfacet
  facet normal 0 0.970019 0.243027
    outer loop
      vertex 108.7 7.92314 48.7804
      vertex 88.7 7.82776 49.1611
      vertex 108.7 7.82776 49.1611
    endloop
  endfacet
  facet normal 0 0.970019 0.243027
    outer loop
      vertex 88.7 7.82776 49.1611
      vertex 108.7 7.92314 48.7804
      vertex 88.7 7.92314 48.7804
    endloop
  endfacet
  facet normal 0 -0.989177 0.146729
    outer loop
      vertex 88.7 0.0192612 48.3921
      vertex 108.7 0.0768593 48.7804
      vertex 88.7 0.0768593 48.7804
    endloop
  endfacet
  facet normal 0 -0.989177 0.146729
    outer loop
      vertex 108.7 0.0768593 48.7804
      vertex 88.7 0.0192612 48.3921
      vertex 108.7 0.0192612 48.3921
    endloop
  endfacet
  facet normal 0 0.998796 0.049061
    outer loop
      vertex 108.7 8 48
      vertex 88.7 7.98074 48.3921
      vertex 108.7 7.98074 48.3921
    endloop
  endfacet
  facet normal 0 0.998796 0.049061
    outer loop
      vertex 88.7 7.98074 48.3921
      vertex 108.7 8 48
      vertex 88.7 8 48
    endloop
  endfacet
  facet normal 0 -0.514095 0.857733
    outer loop
      vertex 88.7 2.11441 51.5277
      vertex 108.7 1.77772 51.3259
      vertex 108.7 2.11441 51.5277
    endloop
  endfacet
  facet normal 0 -0.514095 0.857733
    outer loop
      vertex 108.7 1.77772 51.3259
      vertex 88.7 2.11441 51.5277
      vertex 88.7 1.77772 51.3259
    endloop
  endfacet
  facet normal 0 -0.242787 0.97008
    outer loop
      vertex 88.7 3.21964 51.9231
      vertex 108.7 2.83886 51.8278
      vertex 108.7 3.21964 51.9231
    endloop
  endfacet
  facet normal 0 -0.242787 0.97008
    outer loop
      vertex 108.7 2.83886 51.8278
      vertex 88.7 3.21964 51.9231
      vertex 88.7 2.83886 51.8278
    endloop
  endfacet
  facet normal 0 0.904014 0.427503
    outer loop
      vertex 108.7 7.69552 49.5307
      vertex 88.7 7.52769 49.8856
      vertex 108.7 7.52769 49.8856
    endloop
  endfacet
  facet normal 0 0.904014 0.427503
    outer loop
      vertex 88.7 7.52769 49.8856
      vertex 108.7 7.69552 49.5307
      vertex 88.7 7.69552 49.5307
    endloop
  endfacet
  facet normal 0 -0.595806 0.803128
    outer loop
      vertex 88.7 1.77772 51.3259
      vertex 108.7 1.46243 51.092
      vertex 108.7 1.77772 51.3259
    endloop
  endfacet
  facet normal 0 -0.595806 0.803128
    outer loop
      vertex 108.7 1.46243 51.092
      vertex 88.7 1.77772 51.3259
      vertex 88.7 1.46243 51.092
    endloop
  endfacet
  facet normal 0 -0.803214 0.59569
    outer loop
      vertex 88.7 0.674122 50.2223
      vertex 108.7 0.907959 50.5376
      vertex 88.7 0.907959 50.5376
    endloop
  endfacet
  facet normal 0 -0.803214 0.59569
    outer loop
      vertex 108.7 0.907959 50.5376
      vertex 88.7 0.674122 50.2223
      vertex 108.7 0.674122 50.2223
    endloop
  endfacet
  facet normal 0 -0.941546 0.336885
    outer loop
      vertex 88.7 0.172239 49.1611
      vertex 108.7 0.304482 49.5307
      vertex 88.7 0.304482 49.5307
    endloop
  endfacet
  facet normal 0 -0.941546 0.336885
    outer loop
      vertex 108.7 0.304482 49.5307
      vertex 88.7 0.172239 49.1611
      vertex 108.7 0.172239 49.1611
    endloop
  endfacet
  facet normal -0 0.42748 0.904025
    outer loop
      vertex 88.7 5.88559 51.5277
      vertex 108.7 5.53073 51.6955
      vertex 108.7 5.88559 51.5277
    endloop
  endfacet
  facet normal 0 0.42748 0.904025
    outer loop
      vertex 108.7 5.53073 51.6955
      vertex 88.7 5.88559 51.5277
      vertex 88.7 5.53073 51.6955
    endloop
  endfacet
  facet normal 0 -0.0491664 0.998791
    outer loop
      vertex 88.7 4 52
      vertex 108.7 3.60793 51.9807
      vertex 108.7 4 52
    endloop
  endfacet
  facet normal 0 -0.0491664 0.998791
    outer loop
      vertex 108.7 3.60793 51.9807
      vertex 88.7 4 52
      vertex 88.7 3.60793 51.9807
    endloop
  endfacet
  facet normal -0 0.514095 0.857733
    outer loop
      vertex 88.7 6.22228 51.3259
      vertex 108.7 5.88559 51.5277
      vertex 108.7 6.22228 51.3259
    endloop
  endfacet
  facet normal 0 0.514095 0.857733
    outer loop
      vertex 108.7 5.88559 51.5277
      vertex 88.7 6.22228 51.3259
      vertex 88.7 5.88559 51.5277
    endloop
  endfacet
  facet normal 0 0.80321 0.595695
    outer loop
      vertex 108.7 7.32588 50.2223
      vertex 88.7 7.09204 50.5376
      vertex 108.7 7.09204 50.5376
    endloop
  endfacet
  facet normal 0 0.80321 0.595695
    outer loop
      vertex 88.7 7.09204 50.5376
      vertex 108.7 7.32588 50.2223
      vertex 88.7 7.32588 50.2223
    endloop
  endfacet
  facet normal 0 -0.42748 0.904025
    outer loop
      vertex 88.7 2.46927 51.6955
      vertex 108.7 2.11441 51.5277
      vertex 108.7 2.46927 51.6955
    endloop
  endfacet
  facet normal 0 -0.42748 0.904025
    outer loop
      vertex 108.7 2.11441 51.5277
      vertex 88.7 2.46927 51.6955
      vertex 88.7 2.11441 51.5277
    endloop
  endfacet
  facet normal 0 -0.671531 0.740977
    outer loop
      vertex 88.7 1.46243 51.092
      vertex 108.7 1.17157 50.8284
      vertex 108.7 1.46243 51.092
    endloop
  endfacet
  facet normal 0 -0.671531 0.740977
    outer loop
      vertex 108.7 1.17157 50.8284
      vertex 88.7 1.46243 51.092
      vertex 88.7 1.17157 50.8284
    endloop
  endfacet
  facet normal 0 -0.337022 0.941497
    outer loop
      vertex 88.7 2.83886 51.8278
      vertex 108.7 2.46927 51.6955
      vertex 108.7 2.83886 51.8278
    endloop
  endfacet
  facet normal 0 -0.337022 0.941497
    outer loop
      vertex 108.7 2.46927 51.6955
      vertex 88.7 2.83886 51.8278
      vertex 88.7 2.46927 51.6955
    endloop
  endfacet
  facet normal -0 0.337022 0.941497
    outer loop
      vertex 88.7 5.53073 51.6955
      vertex 108.7 5.16114 51.8278
      vertex 108.7 5.53073 51.6955
    endloop
  endfacet
  facet normal 0 0.337022 0.941497
    outer loop
      vertex 108.7 5.16114 51.8278
      vertex 88.7 5.53073 51.6955
      vertex 88.7 5.16114 51.8278
    endloop
  endfacet
  facet normal 0 0.989176 0.146733
    outer loop
      vertex 108.7 7.98074 48.3921
      vertex 88.7 7.92314 48.7804
      vertex 108.7 7.92314 48.7804
    endloop
  endfacet
  facet normal 0 0.989176 0.146733
    outer loop
      vertex 88.7 7.92314 48.7804
      vertex 108.7 7.98074 48.3921
      vertex 88.7 7.98074 48.3921
    endloop
  endfacet
  facet normal 0 -0.857733 0.514095
    outer loop
      vertex 88.7 0.472316 49.8856
      vertex 108.7 0.674122 50.2223
      vertex 88.7 0.674122 50.2223
    endloop
  endfacet
  facet normal 0 -0.857733 0.514095
    outer loop
      vertex 108.7 0.674122 50.2223
      vertex 88.7 0.472316 49.8856
      vertex 108.7 0.472316 49.8856
    endloop
  endfacet
  facet normal -0 0.146737 0.989176
    outer loop
      vertex 88.7 4.78036 51.9231
      vertex 108.7 4.39207 51.9807
      vertex 108.7 4.78036 51.9231
    endloop
  endfacet
  facet normal 0 0.146737 0.989176
    outer loop
      vertex 108.7 4.39207 51.9807
      vertex 88.7 4.78036 51.9231
      vertex 88.7 4.39207 51.9807
    endloop
  endfacet
  facet normal -0 0.595806 0.803128
    outer loop
      vertex 88.7 6.53757 51.092
      vertex 108.7 6.22228 51.3259
      vertex 108.7 6.53757 51.092
    endloop
  endfacet
  facet normal 0 0.595806 0.803128
    outer loop
      vertex 108.7 6.22228 51.3259
      vertex 88.7 6.53757 51.092
      vertex 88.7 6.22228 51.3259
    endloop
  endfacet
  facet normal 0 0.941548 0.336879
    outer loop
      vertex 108.7 7.82776 49.1611
      vertex 88.7 7.69552 49.5307
      vertex 108.7 7.69552 49.5307
    endloop
  endfacet
  facet normal 0 0.941548 0.336879
    outer loop
      vertex 88.7 7.69552 49.5307
      vertex 108.7 7.82776 49.1611
      vertex 88.7 7.82776 49.1611
    endloop
  endfacet
  facet normal 0 -0.146737 0.989176
    outer loop
      vertex 88.7 3.60793 51.9807
      vertex 108.7 3.21964 51.9231
      vertex 108.7 3.60793 51.9807
    endloop
  endfacet
  facet normal 0 -0.146737 0.989176
    outer loop
      vertex 108.7 3.21964 51.9231
      vertex 88.7 3.60793 51.9807
      vertex 88.7 3.21964 51.9231
    endloop
  endfacet
  facet normal -0 0.0491664 0.998791
    outer loop
      vertex 88.7 4.39207 51.9807
      vertex 108.7 4 52
      vertex 108.7 4.39207 51.9807
    endloop
  endfacet
  facet normal 0 0.0491664 0.998791
    outer loop
      vertex 108.7 4 52
      vertex 88.7 4.39207 51.9807
      vertex 88.7 4 52
    endloop
  endfacet
  facet normal 0 0.857729 0.514102
    outer loop
      vertex 108.7 7.52769 49.8856
      vertex 88.7 7.32588 50.2223
      vertex 108.7 7.32588 50.2223
    endloop
  endfacet
  facet normal 0 0.857729 0.514102
    outer loop
      vertex 88.7 7.32588 50.2223
      vertex 108.7 7.52769 49.8856
      vertex 88.7 7.52769 49.8856
    endloop
  endfacet
  facet normal 0 -0.740894 0.671622
    outer loop
      vertex 88.7 0.907959 50.5376
      vertex 108.7 1.17157 50.8284
      vertex 88.7 1.17157 50.8284
    endloop
  endfacet
  facet normal 0 -0.740894 0.671622
    outer loop
      vertex 108.7 1.17157 50.8284
      vertex 88.7 0.907959 50.5376
      vertex 108.7 0.907959 50.5376
    endloop
  endfacet
  facet normal 0 0.740895 0.671621
    outer loop
      vertex 108.7 7.09204 50.5376
      vertex 88.7 6.82843 50.8284
      vertex 108.7 6.82843 50.8284
    endloop
  endfacet
  facet normal 0 0.740895 0.671621
    outer loop
      vertex 88.7 6.82843 50.8284
      vertex 108.7 7.09204 50.5376
      vertex 88.7 7.09204 50.5376
    endloop
  endfacet
  facet normal -0 0.671531 0.740977
    outer loop
      vertex 88.7 6.82843 50.8284
      vertex 108.7 6.53757 51.092
      vertex 108.7 6.82843 50.8284
    endloop
  endfacet
  facet normal 0 0.671531 0.740977
    outer loop
      vertex 108.7 6.53757 51.092
      vertex 88.7 6.82843 50.8284
      vertex 88.7 6.53757 51.092
    endloop
  endfacet
  facet normal 0 -0.90401 0.427511
    outer loop
      vertex 88.7 0.304482 49.5307
      vertex 108.7 0.472316 49.8856
      vertex 88.7 0.472316 49.8856
    endloop
  endfacet
  facet normal 0 -0.90401 0.427511
    outer loop
      vertex 108.7 0.472316 49.8856
      vertex 88.7 0.304482 49.5307
      vertex 108.7 0.304482 49.5307
    endloop
  endfacet
  facet normal 0 -0.97002 0.243026
    outer loop
      vertex 88.7 0.0768593 48.7804
      vertex 108.7 0.172239 49.1611
      vertex 88.7 0.172239 49.1611
    endloop
  endfacet
  facet normal 0 -0.97002 0.243026
    outer loop
      vertex 108.7 0.172239 49.1611
      vertex 88.7 0.0768593 48.7804
      vertex 108.7 0.0768593 48.7804
    endloop
  endfacet
  facet normal -0 0.242787 0.97008
    outer loop
      vertex 88.7 5.16114 51.8278
      vertex 108.7 4.78036 51.9231
      vertex 108.7 5.16114 51.8278
    endloop
  endfacet
  facet normal 0 0.242787 0.97008
    outer loop
      vertex 108.7 4.78036 51.9231
      vertex 88.7 5.16114 51.8278
      vertex 88.7 4.78036 51.9231
    endloop
  endfacet
  facet normal -1 0 0
    outer loop
      vertex 88.7 8.6 4.8
      vertex 88.7 8 42
      vertex 88.7 8.6 42
    endloop
  endfacet
  facet normal -1 0 0
    outer loop
      vertex 88.7 4.70711 47.2929
      vertex 88.7 8 48
      vertex 88.7 8 42
    endloop
  endfacet
  facet normal -1 0 -0
    outer loop
      vertex 88.7 4.83147 47.4444
      vertex 88.7 8 48
      vertex 88.7 4.77301 47.3656
    endloop
  endfacet
  facet normal -1 0 -0
    outer loop
      vertex 88.7 4.92388 47.6173
      vertex 88.7 8 48
      vertex 88.7 4.88192 47.5286
    endloop
  endfacet
  facet normal -1 0 0
    outer loop
      vertex 88.7 7.62939e-07 41.6
      vertex 88.7 8 42
      vertex 88.7 8.6 4.8
    endloop
  endfacet
  facet normal -1 0 -0
    outer loop
      vertex 88.7 4 47
      vertex 88.7 8 42
      vertex 88.7 7.62939e-07 41.6
    endloop
  endfacet
  facet normal -1 0 -0
    outer loop
      vertex 88.7 4.70711 47.2929
      vertex 88.7 8 42
      vertex 88.7 4.63439 47.227
    endloop
  endfacet
  facet normal -1 0 -0
    outer loop
      vertex 88.7 4.95694 47.7097
      vertex 88.7 8 48
      vertex 88.7 4.92388 47.6173
    endloop
  endfacet
  facet normal -1 0 -0
    outer loop
      vertex 88.7 4.99519 47.902
      vertex 88.7 8 48
      vertex 88.7 4.98079 47.8049
    endloop
  endfacet
  facet normal -1 0 0
    outer loop
      vertex 88.7 8 48
      vertex 88.7 5 48
      vertex 88.7 7.98074 48.3921
    endloop
  endfacet
  facet normal -1 -0 0
    outer loop
      vertex 88.7 7.98074 48.3921
      vertex 88.7 4.99519 48.098
      vertex 88.7 7.92314 48.7804
    endloop
  endfacet
  facet normal -1 -0 0
    outer loop
      vertex 88.7 7.92314 48.7804
      vertex 88.7 4.98079 48.1951
      vertex 88.7 7.82776 49.1611
    endloop
  endfacet
  facet normal -1 -0 0
    outer loop
      vertex 88.7 7.82776 49.1611
      vertex 88.7 4.95694 48.2903
      vertex 88.7 7.69552 49.5307
    endloop
  endfacet
  facet normal -1 -0 0
    outer loop
      vertex 88.7 7.69552 49.5307
      vertex 88.7 4.92388 48.3827
      vertex 88.7 7.52769 49.8856
    endloop
  endfacet
  facet normal -1 -0 0
    outer loop
      vertex 88.7 7.52769 49.8856
      vertex 88.7 4.88192 48.4714
      vertex 88.7 7.32588 50.2223
    endloop
  endfacet
  facet normal -1 -0 0
    outer loop
      vertex 88.7 7.32588 50.2223
      vertex 88.7 4.83147 48.5556
      vertex 88.7 7.09204 50.5376
    endloop
  endfacet
  facet normal -1 0 0
    outer loop
      vertex 88.7 4.83147 48.5556
      vertex 88.7 7.32588 50.2223
      vertex 88.7 4.88192 48.4714
    endloop
  endfacet
  facet normal -1 0 0
    outer loop
      vertex 88.7 4.88192 48.4714
      vertex 88.7 7.52769 49.8856
      vertex 88.7 4.92388 48.3827
    endloop
  endfacet
  facet normal -1 0 0
    outer loop
      vertex 88.7 4.92388 48.3827
      vertex 88.7 7.69552 49.5307
      vertex 88.7 4.95694 48.2903
    endloop
  endfacet
  facet normal -1 0 0
    outer loop
      vertex 88.7 4.95694 48.2903
      vertex 88.7 7.82776 49.1611
      vertex 88.7 4.98079 48.1951
    endloop
  endfacet
  facet normal -1 0 0
    outer loop
      vertex 88.7 4.98079 48.1951
      vertex 88.7 7.92314 48.7804
      vertex 88.7 4.99519 48.098
    endloop
  endfacet
  facet normal -1 0 0
    outer loop
      vertex 88.7 4.99519 48.098
      vertex 88.7 7.98074 48.3921
      vertex 88.7 5 48
    endloop
  endfacet
  facet normal -1 0 -0
    outer loop
      vertex 88.7 5 48
      vertex 88.7 8 48
      vertex 88.7 4.99519 47.902
    endloop
  endfacet
  facet normal -1 0 -0
    outer loop
      vertex 88.7 4.98079 47.8049
      vertex 88.7 8 48
      vertex 88.7 4.95694 47.7097
    endloop
  endfacet
  facet normal -1 0 -0
    outer loop
      vertex 88.7 4.88192 47.5286
      vertex 88.7 8 48
      vertex 88.7 4.83147 47.4444
    endloop
  endfacet
  facet normal -1 0 0
    outer loop
      vertex 88.7 8 48
      vertex 88.7 4.70711 47.2929
      vertex 88.7 4.77301 47.3656
    endloop
  endfacet
  facet normal -1 0 0
    outer loop
      vertex 88.7 8 42
      vertex 88.7 4.55557 47.1685
      vertex 88.7 4.63439 47.227
    endloop
  endfacet
  facet normal -1 0 0
    outer loop
      vertex 88.7 8 42
      vertex 88.7 4.4714 47.1181
      vertex 88.7 4.55557 47.1685
    endloop
  endfacet
  facet normal -1 0 0
    outer loop
      vertex 88.7 8 42
      vertex 88.7 4.38268 47.0761
      vertex 88.7 4.4714 47.1181
    endloop
  endfacet
  facet normal -1 0 0
    outer loop
      vertex 88.7 8 42
      vertex 88.7 4.29029 47.0431
      vertex 88.7 4.38268 47.0761
    endloop
  endfacet
  facet normal -1 0 0
    outer loop
      vertex 88.7 8 42
      vertex 88.7 4.19509 47.0192
      vertex 88.7 4.29029 47.0431
    endloop
  endfacet
  facet normal -1 0 0
    outer loop
      vertex 88.7 8 42
      vertex 88.7 4.09802 47.0048
      vertex 88.7 4.19509 47.0192
    endloop
  endfacet
  facet normal -1 0 0
    outer loop
      vertex 88.7 8 42
      vertex 88.7 4 47
      vertex 88.7 4.09802 47.0048
    endloop
  endfacet
  facet normal -1 -0 0
    outer loop
      vertex 88.7 4 47
      vertex 88.7 7.62939e-07 41.6
      vertex 88.7 3.90198 47.0048
    endloop
  endfacet
  facet normal -1 -0 0
    outer loop
      vertex 88.7 3.90198 47.0048
      vertex 88.7 7.62939e-07 41.6
      vertex 88.7 3.80491 47.0192
    endloop
  endfacet
  facet normal -1 -0 0
    outer loop
      vertex 88.7 3.80491 47.0192
      vertex 88.7 7.62939e-07 41.6
      vertex 88.7 3.70972 47.0431
    endloop
  endfacet
  facet normal -1 -0 0
    outer loop
      vertex 88.7 3.70972 47.0431
      vertex 88.7 7.62939e-07 41.6
      vertex 88.7 3.61732 47.0761
    endloop
  endfacet
  facet normal -1 -0 0
    outer loop
      vertex 88.7 3.61732 47.0761
      vertex 88.7 7.62939e-07 41.6
      vertex 88.7 3.5286 47.1181
    endloop
  endfacet
  facet normal -1 -0 0
    outer loop
      vertex 88.7 3.5286 47.1181
      vertex 88.7 7.62939e-07 41.6
      vertex 88.7 3.44443 47.1685
    endloop
  endfacet
  facet normal -1 -0 0
    outer loop
      vertex 88.7 3.44443 47.1685
      vertex 88.7 7.62939e-07 41.6
      vertex 88.7 3.36561 47.227
    endloop
  endfacet
  facet normal -1 -0 0
    outer loop
      vertex 88.7 3.36561 47.227
      vertex 88.7 7.62939e-07 41.6
      vertex 88.7 3.29289 47.2929
    endloop
  endfacet
  facet normal -1 0 0
    outer loop
      vertex 88.7 7.62939e-07 48
      vertex 88.7 3.29289 47.2929
      vertex 88.7 7.62939e-07 41.6
    endloop
  endfacet
  facet normal -1 0 0
    outer loop
      vertex 88.7 3.29289 47.2929
      vertex 88.7 7.62939e-07 48
      vertex 88.7 3.22699 47.3656
    endloop
  endfacet
  facet normal -1 0 0
    outer loop
      vertex 88.7 3.22699 47.3656
      vertex 88.7 7.62939e-07 48
      vertex 88.7 3.16853 47.4444
    endloop
  endfacet
  facet normal -1 0 0
    outer loop
      vertex 88.7 3.16853 47.4444
      vertex 88.7 7.62939e-07 48
      vertex 88.7 3.11808 47.5286
    endloop
  endfacet
  facet normal -1 0 0
    outer loop
      vertex 88.7 3.11808 47.5286
      vertex 88.7 7.62939e-07 48
      vertex 88.7 3.07612 47.6173
    endloop
  endfacet
  facet normal -1 0 0
    outer loop
      vertex 88.7 3.07612 47.6173
      vertex 88.7 7.62939e-07 48
      vertex 88.7 3.04306 47.7097
    endloop
  endfacet
  facet normal -1 0 0
    outer loop
      vertex 88.7 3.61732 48.9239
      vertex 88.7 2.46927 51.6955
      vertex 88.7 2.83886 51.8278
    endloop
  endfacet
  facet normal -1 0 0
    outer loop
      vertex 88.7 7.62939e-07 48
      vertex 88.7 3 48
      vertex 88.7 3.00482 47.902
    endloop
  endfacet
  facet normal -1 0 0
    outer loop
      vertex 88.7 3.04306 47.7097
      vertex 88.7 7.62939e-07 48
      vertex 88.7 3.01922 47.8049
    endloop
  endfacet
  facet normal -1 0 0
    outer loop
      vertex 88.7 3.01922 47.8049
      vertex 88.7 7.62939e-07 48
      vertex 88.7 3.00482 47.902
    endloop
  endfacet
  facet normal -1 0 0
    outer loop
      vertex 88.7 3 48
      vertex 88.7 7.62939e-07 48
      vertex 88.7 0.0192612 48.3921
    endloop
  endfacet
  facet normal -1 0 0
    outer loop
      vertex 88.7 3.00482 48.098
      vertex 88.7 2.11441 51.5277
      vertex 88.7 2.46927 51.6955
    endloop
  endfacet
  facet normal -1 0 0
    outer loop
      vertex 88.7 3.00482 48.098
      vertex 88.7 1.77772 51.3259
      vertex 88.7 2.11441 51.5277
    endloop
  endfacet
  facet normal -1 0 0
    outer loop
      vertex 88.7 3.00482 48.098
      vertex 88.7 1.46243 51.092
      vertex 88.7 1.77772 51.3259
    endloop
  endfacet
  facet normal -1 0 0
    outer loop
      vertex 88.7 3.00482 48.098
      vertex 88.7 1.17157 50.8284
      vertex 88.7 1.46243 51.092
    endloop
  endfacet
  facet normal -1 0 0
    outer loop
      vertex 88.7 3.00482 48.098
      vertex 88.7 0.907959 50.5376
      vertex 88.7 1.17157 50.8284
    endloop
  endfacet
  facet normal -1 0 0
    outer loop
      vertex 88.7 3.00482 48.098
      vertex 88.7 0.674122 50.2223
      vertex 88.7 0.907959 50.5376
    endloop
  endfacet
  facet normal -1 0 0
    outer loop
      vertex 88.7 3.00482 48.098
      vertex 88.7 0.472316 49.8856
      vertex 88.7 0.674122 50.2223
    endloop
  endfacet
  facet normal -1 0 0
    outer loop
      vertex 88.7 3.00482 48.098
      vertex 88.7 0.304482 49.5307
      vertex 88.7 0.472316 49.8856
    endloop
  endfacet
  facet normal -1 0 0
    outer loop
      vertex 88.7 3.00482 48.098
      vertex 88.7 0.172239 49.1611
      vertex 88.7 0.304482 49.5307
    endloop
  endfacet
  facet normal -1 0 0
    outer loop
      vertex 88.7 3.00482 48.098
      vertex 88.7 0.0768593 48.7804
      vertex 88.7 0.172239 49.1611
    endloop
  endfacet
  facet normal -1 0 0
    outer loop
      vertex 88.7 3.00482 48.098
      vertex 88.7 0.0192612 48.3921
      vertex 88.7 0.0768593 48.7804
    endloop
  endfacet
  facet normal -1 0 0
    outer loop
      vertex 88.7 4.77301 48.6344
      vertex 88.7 7.09204 50.5376
      vertex 88.7 4.83147 48.5556
    endloop
  endfacet
  facet normal -1 -0 0
    outer loop
      vertex 88.7 7.09204 50.5376
      vertex 88.7 4.77301 48.6344
      vertex 88.7 6.82843 50.8284
    endloop
  endfacet
  facet normal -1 0 0
    outer loop
      vertex 88.7 4.70711 48.7071
      vertex 88.7 6.82843 50.8284
      vertex 88.7 4.77301 48.6344
    endloop
  endfacet
  facet normal -1 -0 0
    outer loop
      vertex 88.7 6.82843 50.8284
      vertex 88.7 4.70711 48.7071
      vertex 88.7 6.53757 51.092
    endloop
  endfacet
  facet normal -1 0 0
    outer loop
      vertex 88.7 4.63439 48.773
      vertex 88.7 6.53757 51.092
      vertex 88.7 4.70711 48.7071
    endloop
  endfacet
  facet normal -1 -0 0
    outer loop
      vertex 88.7 6.53757 51.092
      vertex 88.7 4.63439 48.773
      vertex 88.7 6.22228 51.3259
    endloop
  endfacet
  facet normal -1 0 0
    outer loop
      vertex 88.7 4.55557 48.8315
      vertex 88.7 6.22228 51.3259
      vertex 88.7 4.63439 48.773
    endloop
  endfacet
  facet normal -1 -0 0
    outer loop
      vertex 88.7 6.22228 51.3259
      vertex 88.7 4.55557 48.8315
      vertex 88.7 5.88559 51.5277
    endloop
  endfacet
  facet normal -1 0 0
    outer loop
      vertex 88.7 4.4714 48.8819
      vertex 88.7 5.88559 51.5277
      vertex 88.7 4.55557 48.8315
    endloop
  endfacet
  facet normal -1 -0 0
    outer loop
      vertex 88.7 5.88559 51.5277
      vertex 88.7 4.4714 48.8819
      vertex 88.7 5.53073 51.6955
    endloop
  endfacet
  facet normal -1 0 0
    outer loop
      vertex 88.7 4.38268 48.9239
      vertex 88.7 5.53073 51.6955
      vertex 88.7 4.4714 48.8819
    endloop
  endfacet
  facet normal -1 -0 0
    outer loop
      vertex 88.7 5.53073 51.6955
      vertex 88.7 4.38268 48.9239
      vertex 88.7 5.16114 51.8278
    endloop
  endfacet
  facet normal -1 0 0
    outer loop
      vertex 88.7 4.29029 48.9569
      vertex 88.7 5.16114 51.8278
      vertex 88.7 4.38268 48.9239
    endloop
  endfacet
  facet normal -1 -0 0
    outer loop
      vertex 88.7 5.16114 51.8278
      vertex 88.7 4.29029 48.9569
      vertex 88.7 4.78036 51.9231
    endloop
  endfacet
  facet normal -1 0 0
    outer loop
      vertex 88.7 4.19509 48.9808
      vertex 88.7 4.78036 51.9231
      vertex 88.7 4.29029 48.9569
    endloop
  endfacet
  facet normal -1 -0 0
    outer loop
      vertex 88.7 4.78036 51.9231
      vertex 88.7 4.19509 48.9808
      vertex 88.7 4.39207 51.9807
    endloop
  endfacet
  facet normal -1 0 0
    outer loop
      vertex 88.7 4.09802 48.9952
      vertex 88.7 4.39207 51.9807
      vertex 88.7 4.19509 48.9808
    endloop
  endfacet
  facet normal -1 0 0
    outer loop
      vertex 88.7 4 49
      vertex 88.7 4.39207 51.9807
      vertex 88.7 4.09802 48.9952
    endloop
  endfacet
  facet normal -1 0 0
    outer loop
      vertex 88.7 4 49
      vertex 88.7 4 52
      vertex 88.7 4.39207 51.9807
    endloop
  endfacet
  facet normal -1 0 0
    outer loop
      vertex 88.7 3.90198 48.9952
      vertex 88.7 4 52
      vertex 88.7 4 49
    endloop
  endfacet
  facet normal -1 0 0
    outer loop
      vertex 88.7 3.60793 51.9807
      vertex 88.7 3.90198 48.9952
      vertex 88.7 3.80491 48.9808
    endloop
  endfacet
  facet normal -1 0 0
    outer loop
      vertex 88.7 3.21964 51.9231
      vertex 88.7 3.80491 48.9808
      vertex 88.7 3.70972 48.9569
    endloop
  endfacet
  facet normal -1 0 0
    outer loop
      vertex 88.7 2.83886 51.8278
      vertex 88.7 3.70972 48.9569
      vertex 88.7 3.61732 48.9239
    endloop
  endfacet
  facet normal -1 0 0
    outer loop
      vertex 88.7 3.90198 48.9952
      vertex 88.7 3.60793 51.9807
      vertex 88.7 4 52
    endloop
  endfacet
  facet normal -1 0 0
    outer loop
      vertex 88.7 2.46927 51.6955
      vertex 88.7 3.61732 48.9239
      vertex 88.7 3.5286 48.8819
    endloop
  endfacet
  facet normal -1 0 0
    outer loop
      vertex 88.7 2.46927 51.6955
      vertex 88.7 3.5286 48.8819
      vertex 88.7 3.44443 48.8315
    endloop
  endfacet
  facet normal -1 0 0
    outer loop
      vertex 88.7 2.46927 51.6955
      vertex 88.7 3.44443 48.8315
      vertex 88.7 3.36561 48.773
    endloop
  endfacet
  facet normal -1 0 0
    outer loop
      vertex 88.7 2.46927 51.6955
      vertex 88.7 3.36561 48.773
      vertex 88.7 3.29289 48.7071
    endloop
  endfacet
  facet normal -1 0 0
    outer loop
      vertex 88.7 2.46927 51.6955
      vertex 88.7 3.29289 48.7071
      vertex 88.7 3.22699 48.6344
    endloop
  endfacet
  facet normal -1 0 0
    outer loop
      vertex 88.7 3.80491 48.9808
      vertex 88.7 3.21964 51.9231
      vertex 88.7 3.60793 51.9807
    endloop
  endfacet
  facet normal -1 0 0
    outer loop
      vertex 88.7 2.46927 51.6955
      vertex 88.7 3.22699 48.6344
      vertex 88.7 3.16853 48.5556
    endloop
  endfacet
  facet normal -1 0 0
    outer loop
      vertex 88.7 2.46927 51.6955
      vertex 88.7 3.16853 48.5556
      vertex 88.7 3.11808 48.4714
    endloop
  endfacet
  facet normal -1 0 0
    outer loop
      vertex 88.7 2.46927 51.6955
      vertex 88.7 3.11808 48.4714
      vertex 88.7 3.07612 48.3827
    endloop
  endfacet
  facet normal -1 0 0
    outer loop
      vertex 88.7 2.46927 51.6955
      vertex 88.7 3.07612 48.3827
      vertex 88.7 3.04306 48.2903
    endloop
  endfacet
  facet normal -1 0 0
    outer loop
      vertex 88.7 2.46927 51.6955
      vertex 88.7 3.04306 48.2903
      vertex 88.7 3.01922 48.1951
    endloop
  endfacet
  facet normal -1 0 0
    outer loop
      vertex 88.7 2.46927 51.6955
      vertex 88.7 3.01922 48.1951
      vertex 88.7 3.00482 48.098
    endloop
  endfacet
  facet normal -1 0 0
    outer loop
      vertex 88.7 3.70972 48.9569
      vertex 88.7 2.83886 51.8278
      vertex 88.7 3.21964 51.9231
    endloop
  endfacet
  facet normal -1 0 0
    outer loop
      vertex 88.7 0.0192612 48.3921
      vertex 88.7 3.00482 48.098
      vertex 88.7 3 48
    endloop
  endfacet
  facet normal -1 0 0
    outer loop
      vertex 88.7 11.8 5
      vertex 88.7 18.6 42
      vertex 88.7 18.6 5
    endloop
  endfacet
  facet normal -1 -0 0
    outer loop
      vertex 88.7 18.6 42
      vertex 88.7 11.8 5
      vertex 88.7 11.8 42
    endloop
  endfacet
  facet normal 1 0 0
    outer loop
      vertex 108.7 5 48
      vertex 108.7 8 48
      vertex 108.7 7.98074 48.3921
    endloop
  endfacet
  facet normal 1 -0 0
    outer loop
      vertex 108.7 8 42
      vertex 108.7 8.6 4.8
      vertex 108.7 8.6 42
    endloop
  endfacet
  facet normal 1 0 0
    outer loop
      vertex 108.7 4.99519 48.098
      vertex 108.7 7.98074 48.3921
      vertex 108.7 7.92314 48.7804
    endloop
  endfacet
  facet normal 1 0 0
    outer loop
      vertex 108.7 4.98079 48.1951
      vertex 108.7 7.92314 48.7804
      vertex 108.7 7.82776 49.1611
    endloop
  endfacet
  facet normal 1 0 0
    outer loop
      vertex 108.7 8 48
      vertex 108.7 4.83147 47.4444
      vertex 108.7 4.77301 47.3656
    endloop
  endfacet
  facet normal 1 0 0
    outer loop
      vertex 108.7 4.95694 48.2903
      vertex 108.7 7.82776 49.1611
      vertex 108.7 7.69552 49.5307
    endloop
  endfacet
  facet normal 1 0 0
    outer loop
      vertex 108.7 4.92388 48.3827
      vertex 108.7 7.69552 49.5307
      vertex 108.7 7.52769 49.8856
    endloop
  endfacet
  facet normal 1 0 0
    outer loop
      vertex 108.7 4.88192 48.4714
      vertex 108.7 7.52769 49.8856
      vertex 108.7 7.32588 50.2223
    endloop
  endfacet
  facet normal 1 0 0
    outer loop
      vertex 108.7 4.83147 48.5556
      vertex 108.7 7.32588 50.2223
      vertex 108.7 7.09204 50.5376
    endloop
  endfacet
  facet normal 1 0 0
    outer loop
      vertex 108.7 4.77301 48.6344
      vertex 108.7 7.09204 50.5376
      vertex 108.7 6.82843 50.8284
    endloop
  endfacet
  facet normal 1 0 0
    outer loop
      vertex 108.7 4.70711 48.7071
      vertex 108.7 6.82843 50.8284
      vertex 108.7 6.53757 51.092
    endloop
  endfacet
  facet normal 1 0 0
    outer loop
      vertex 108.7 4.63439 48.773
      vertex 108.7 6.53757 51.092
      vertex 108.7 6.22228 51.3259
    endloop
  endfacet
  facet normal 1 0 0
    outer loop
      vertex 108.7 4.55557 48.8315
      vertex 108.7 6.22228 51.3259
      vertex 108.7 5.88559 51.5277
    endloop
  endfacet
  facet normal 1 0 0
    outer loop
      vertex 108.7 4.4714 48.8819
      vertex 108.7 5.88559 51.5277
      vertex 108.7 5.53073 51.6955
    endloop
  endfacet
  facet normal 1 0 0
    outer loop
      vertex 108.7 4.38268 48.9239
      vertex 108.7 5.53073 51.6955
      vertex 108.7 5.16114 51.8278
    endloop
  endfacet
  facet normal 1 0 0
    outer loop
      vertex 108.7 8 48
      vertex 108.7 5 48
      vertex 108.7 4.99519 47.902
    endloop
  endfacet
  facet normal 1 0 0
    outer loop
      vertex 108.7 8 48
      vertex 108.7 4.99519 47.902
      vertex 108.7 4.98079 47.8049
    endloop
  endfacet
  facet normal 1 0 0
    outer loop
      vertex 108.7 8 48
      vertex 108.7 4.98079 47.8049
      vertex 108.7 4.95694 47.7097
    endloop
  endfacet
  facet normal 1 0 0
    outer loop
      vertex 108.7 8 48
      vertex 108.7 4.95694 47.7097
      vertex 108.7 4.92388 47.6173
    endloop
  endfacet
  facet normal 1 0 0
    outer loop
      vertex 108.7 8 48
      vertex 108.7 4.92388 47.6173
      vertex 108.7 4.88192 47.5286
    endloop
  endfacet
  facet normal 1 0 0
    outer loop
      vertex 108.7 8 48
      vertex 108.7 4.88192 47.5286
      vertex 108.7 4.83147 47.4444
    endloop
  endfacet
  facet normal 1 0 0
    outer loop
      vertex 108.7 4.70711 47.2929
      vertex 108.7 8 48
      vertex 108.7 4.77301 47.3656
    endloop
  endfacet
  facet normal 1 0 0
    outer loop
      vertex 108.7 8 48
      vertex 108.7 4.70711 47.2929
      vertex 108.7 8 42
    endloop
  endfacet
  facet normal 1 0 0
    outer loop
      vertex 108.7 8 42
      vertex 108.7 4.70711 47.2929
      vertex 108.7 4.63439 47.227
    endloop
  endfacet
  facet normal 1 -0 0
    outer loop
      vertex 108.7 4.55557 47.1685
      vertex 108.7 8 42
      vertex 108.7 4.63439 47.227
    endloop
  endfacet
  facet normal 1 -0 0
    outer loop
      vertex 108.7 4.4714 47.1181
      vertex 108.7 8 42
      vertex 108.7 4.55557 47.1685
    endloop
  endfacet
  facet normal 1 -0 0
    outer loop
      vertex 108.7 4.38268 47.0761
      vertex 108.7 8 42
      vertex 108.7 4.4714 47.1181
    endloop
  endfacet
  facet normal 1 -0 0
    outer loop
      vertex 108.7 4.29029 47.0431
      vertex 108.7 8 42
      vertex 108.7 4.38268 47.0761
    endloop
  endfacet
  facet normal 1 -0 0
    outer loop
      vertex 108.7 4.19509 47.0192
      vertex 108.7 8 42
      vertex 108.7 4.29029 47.0431
    endloop
  endfacet
  facet normal 1 -0 0
    outer loop
      vertex 108.7 4.09802 47.0048
      vertex 108.7 8 42
      vertex 108.7 4.19509 47.0192
    endloop
  endfacet
  facet normal 1 -0 0
    outer loop
      vertex 108.7 4 47
      vertex 108.7 8 42
      vertex 108.7 4.09802 47.0048
    endloop
  endfacet
  facet normal 1 0 0
    outer loop
      vertex 108.7 8 42
      vertex 108.7 4 47
      vertex 108.7 7.62939e-07 41.6
    endloop
  endfacet
  facet normal 1 0 0
    outer loop
      vertex 108.7 7.62939e-07 41.6
      vertex 108.7 4 47
      vertex 108.7 3.90198 47.0048
    endloop
  endfacet
  facet normal 1 0 0
    outer loop
      vertex 108.7 7.62939e-07 41.6
      vertex 108.7 3.90198 47.0048
      vertex 108.7 3.80491 47.0192
    endloop
  endfacet
  facet normal 1 0 0
    outer loop
      vertex 108.7 7.62939e-07 41.6
      vertex 108.7 3.80491 47.0192
      vertex 108.7 3.70972 47.0431
    endloop
  endfacet
  facet normal 1 0 0
    outer loop
      vertex 108.7 7.62939e-07 41.6
      vertex 108.7 3.70972 47.0431
      vertex 108.7 3.61732 47.0761
    endloop
  endfacet
  facet normal 1 0 0
    outer loop
      vertex 108.7 7.62939e-07 41.6
      vertex 108.7 3.61732 47.0761
      vertex 108.7 3.5286 47.1181
    endloop
  endfacet
  facet normal 1 0 0
    outer loop
      vertex 108.7 7.62939e-07 41.6
      vertex 108.7 3.5286 47.1181
      vertex 108.7 3.44443 47.1685
    endloop
  endfacet
  facet normal 1 0 0
    outer loop
      vertex 108.7 7.62939e-07 41.6
      vertex 108.7 3.44443 47.1685
      vertex 108.7 3.36561 47.227
    endloop
  endfacet
  facet normal 1 0 0
    outer loop
      vertex 108.7 7.62939e-07 41.6
      vertex 108.7 3.36561 47.227
      vertex 108.7 3.29289 47.2929
    endloop
  endfacet
  facet normal 1 0 0
    outer loop
      vertex 108.7 7.62939e-07 48
      vertex 108.7 3.29289 47.2929
      vertex 108.7 3.22699 47.3656
    endloop
  endfacet
  facet normal 1 0 0
    outer loop
      vertex 108.7 7.62939e-07 48
      vertex 108.7 3.22699 47.3656
      vertex 108.7 3.16853 47.4444
    endloop
  endfacet
  facet normal 1 0 0
    outer loop
      vertex 108.7 7.62939e-07 48
      vertex 108.7 3.16853 47.4444
      vertex 108.7 3.11808 47.5286
    endloop
  endfacet
  facet normal 1 0 0
    outer loop
      vertex 108.7 7.62939e-07 48
      vertex 108.7 3.11808 47.5286
      vertex 108.7 3.07612 47.6173
    endloop
  endfacet
  facet normal 1 0 0
    outer loop
      vertex 108.7 7.62939e-07 48
      vertex 108.7 3.07612 47.6173
      vertex 108.7 3.04306 47.7097
    endloop
  endfacet
  facet normal 1 0 0
    outer loop
      vertex 108.7 7.62939e-07 48
      vertex 108.7 3.04306 47.7097
      vertex 108.7 3.01922 47.8049
    endloop
  endfacet
  facet normal 1 0 0
    outer loop
      vertex 108.7 7.62939e-07 48
      vertex 108.7 3.01922 47.8049
      vertex 108.7 3.00482 47.902
    endloop
  endfacet
  facet normal 1 -0 0
    outer loop
      vertex 108.7 0.674122 50.2223
      vertex 108.7 3.16853 48.5556
      vertex 108.7 0.907959 50.5376
    endloop
  endfacet
  facet normal 1 0 0
    outer loop
      vertex 108.7 3.16853 48.5556
      vertex 108.7 0.674122 50.2223
      vertex 108.7 3.11808 48.4714
    endloop
  endfacet
  facet normal 1 -0 0
    outer loop
      vertex 108.7 0.472316 49.8856
      vertex 108.7 3.11808 48.4714
      vertex 108.7 0.674122 50.2223
    endloop
  endfacet
  facet normal 1 0 0
    outer loop
      vertex 108.7 3.11808 48.4714
      vertex 108.7 0.472316 49.8856
      vertex 108.7 3.07612 48.3827
    endloop
  endfacet
  facet normal 1 -0 0
    outer loop
      vertex 108.7 0.304482 49.5307
      vertex 108.7 3.07612 48.3827
      vertex 108.7 0.472316 49.8856
    endloop
  endfacet
  facet normal 1 0 0
    outer loop
      vertex 108.7 3.07612 48.3827
      vertex 108.7 0.304482 49.5307
      vertex 108.7 3.04306 48.2903
    endloop
  endfacet
  facet normal 1 -0 0
    outer loop
      vertex 108.7 0.172239 49.1611
      vertex 108.7 3.04306 48.2903
      vertex 108.7 0.304482 49.5307
    endloop
  endfacet
  facet normal 1 0 0
    outer loop
      vertex 108.7 3.04306 48.2903
      vertex 108.7 0.172239 49.1611
      vertex 108.7 3.01922 48.1951
    endloop
  endfacet
  facet normal 1 -0 0
    outer loop
      vertex 108.7 0.0768593 48.7804
      vertex 108.7 3.01922 48.1951
      vertex 108.7 0.172239 49.1611
    endloop
  endfacet
  facet normal 1 0 0
    outer loop
      vertex 108.7 3.01922 48.1951
      vertex 108.7 0.0768593 48.7804
      vertex 108.7 3.00482 48.098
    endloop
  endfacet
  facet normal 1 -0 0
    outer loop
      vertex 108.7 0.0192612 48.3921
      vertex 108.7 3.00482 48.098
      vertex 108.7 0.0768593 48.7804
    endloop
  endfacet
  facet normal 1 0 0
    outer loop
      vertex 108.7 3.00482 48.098
      vertex 108.7 0.0192612 48.3921
      vertex 108.7 3 48
    endloop
  endfacet
  facet normal 1 0 0
    outer loop
      vertex 108.7 7.62939e-07 48
      vertex 108.7 3 48
      vertex 108.7 0.0192612 48.3921
    endloop
  endfacet
  facet normal 1 0 0
    outer loop
      vertex 108.7 3 48
      vertex 108.7 7.62939e-07 48
      vertex 108.7 3.00482 47.902
    endloop
  endfacet
  facet normal 1 0 0
    outer loop
      vertex 108.7 3.29289 47.2929
      vertex 108.7 7.62939e-07 48
      vertex 108.7 7.62939e-07 41.6
    endloop
  endfacet
  facet normal 1 0 0
    outer loop
      vertex 108.7 8 42
      vertex 108.7 7.62939e-07 41.6
      vertex 108.7 8.6 4.8
    endloop
  endfacet
  facet normal 1 0 0
    outer loop
      vertex 108.7 7.98074 48.3921
      vertex 108.7 4.99519 48.098
      vertex 108.7 5 48
    endloop
  endfacet
  facet normal 1 0 0
    outer loop
      vertex 108.7 7.92314 48.7804
      vertex 108.7 4.98079 48.1951
      vertex 108.7 4.99519 48.098
    endloop
  endfacet
  facet normal 1 0 0
    outer loop
      vertex 108.7 7.82776 49.1611
      vertex 108.7 4.95694 48.2903
      vertex 108.7 4.98079 48.1951
    endloop
  endfacet
  facet normal 1 0 0
    outer loop
      vertex 108.7 7.69552 49.5307
      vertex 108.7 4.92388 48.3827
      vertex 108.7 4.95694 48.2903
    endloop
  endfacet
  facet normal 1 0 0
    outer loop
      vertex 108.7 7.52769 49.8856
      vertex 108.7 4.88192 48.4714
      vertex 108.7 4.92388 48.3827
    endloop
  endfacet
  facet normal 1 0 0
    outer loop
      vertex 108.7 7.32588 50.2223
      vertex 108.7 4.83147 48.5556
      vertex 108.7 4.88192 48.4714
    endloop
  endfacet
  facet normal 1 0 0
    outer loop
      vertex 108.7 4.29029 48.9569
      vertex 108.7 5.16114 51.8278
      vertex 108.7 4.78036 51.9231
    endloop
  endfacet
  facet normal 1 0 0
    outer loop
      vertex 108.7 7.09204 50.5376
      vertex 108.7 4.77301 48.6344
      vertex 108.7 4.83147 48.5556
    endloop
  endfacet
  facet normal 1 0 0
    outer loop
      vertex 108.7 6.82843 50.8284
      vertex 108.7 4.70711 48.7071
      vertex 108.7 4.77301 48.6344
    endloop
  endfacet
  facet normal 1 0 0
    outer loop
      vertex 108.7 6.53757 51.092
      vertex 108.7 4.63439 48.773
      vertex 108.7 4.70711 48.7071
    endloop
  endfacet
  facet normal 1 0 0
    outer loop
      vertex 108.7 6.22228 51.3259
      vertex 108.7 4.55557 48.8315
      vertex 108.7 4.63439 48.773
    endloop
  endfacet
  facet normal 1 0 0
    outer loop
      vertex 108.7 5.88559 51.5277
      vertex 108.7 4.4714 48.8819
      vertex 108.7 4.55557 48.8315
    endloop
  endfacet
  facet normal 1 0 0
    outer loop
      vertex 108.7 4.19509 48.9808
      vertex 108.7 4.78036 51.9231
      vertex 108.7 4.39207 51.9807
    endloop
  endfacet
  facet normal 1 0 0
    outer loop
      vertex 108.7 5.53073 51.6955
      vertex 108.7 4.38268 48.9239
      vertex 108.7 4.4714 48.8819
    endloop
  endfacet
  facet normal 1 0 0
    outer loop
      vertex 108.7 5.16114 51.8278
      vertex 108.7 4.29029 48.9569
      vertex 108.7 4.38268 48.9239
    endloop
  endfacet
  facet normal 1 0 0
    outer loop
      vertex 108.7 4.78036 51.9231
      vertex 108.7 4.19509 48.9808
      vertex 108.7 4.29029 48.9569
    endloop
  endfacet
  facet normal 1 0 0
    outer loop
      vertex 108.7 4.39207 51.9807
      vertex 108.7 4.09802 48.9952
      vertex 108.7 4.19509 48.9808
    endloop
  endfacet
  facet normal 1 0 0
    outer loop
      vertex 108.7 4 52
      vertex 108.7 4.09802 48.9952
      vertex 108.7 4.39207 51.9807
    endloop
  endfacet
  facet normal 1 0 0
    outer loop
      vertex 108.7 4 52
      vertex 108.7 4 49
      vertex 108.7 4.09802 48.9952
    endloop
  endfacet
  facet normal 1 0 0
    outer loop
      vertex 108.7 4 52
      vertex 108.7 3.90198 48.9952
      vertex 108.7 4 49
    endloop
  endfacet
  facet normal 1 -0 0
    outer loop
      vertex 108.7 3.60793 51.9807
      vertex 108.7 3.90198 48.9952
      vertex 108.7 4 52
    endloop
  endfacet
  facet normal 1 0 0
    outer loop
      vertex 108.7 3.90198 48.9952
      vertex 108.7 3.60793 51.9807
      vertex 108.7 3.80491 48.9808
    endloop
  endfacet
  facet normal 1 -0 0
    outer loop
      vertex 108.7 3.21964 51.9231
      vertex 108.7 3.80491 48.9808
      vertex 108.7 3.60793 51.9807
    endloop
  endfacet
  facet normal 1 0 0
    outer loop
      vertex 108.7 3.80491 48.9808
      vertex 108.7 3.21964 51.9231
      vertex 108.7 3.70972 48.9569
    endloop
  endfacet
  facet normal 1 -0 0
    outer loop
      vertex 108.7 2.83886 51.8278
      vertex 108.7 3.70972 48.9569
      vertex 108.7 3.21964 51.9231
    endloop
  endfacet
  facet normal 1 0 0
    outer loop
      vertex 108.7 3.70972 48.9569
      vertex 108.7 2.83886 51.8278
      vertex 108.7 3.61732 48.9239
    endloop
  endfacet
  facet normal 1 -0 0
    outer loop
      vertex 108.7 2.46927 51.6955
      vertex 108.7 3.61732 48.9239
      vertex 108.7 2.83886 51.8278
    endloop
  endfacet
  facet normal 1 0 0
    outer loop
      vertex 108.7 3.61732 48.9239
      vertex 108.7 2.46927 51.6955
      vertex 108.7 3.5286 48.8819
    endloop
  endfacet
  facet normal 1 -0 0
    outer loop
      vertex 108.7 2.11441 51.5277
      vertex 108.7 3.5286 48.8819
      vertex 108.7 2.46927 51.6955
    endloop
  endfacet
  facet normal 1 0 0
    outer loop
      vertex 108.7 3.5286 48.8819
      vertex 108.7 2.11441 51.5277
      vertex 108.7 3.44443 48.8315
    endloop
  endfacet
  facet normal 1 -0 0
    outer loop
      vertex 108.7 1.77772 51.3259
      vertex 108.7 3.44443 48.8315
      vertex 108.7 2.11441 51.5277
    endloop
  endfacet
  facet normal 1 0 0
    outer loop
      vertex 108.7 3.44443 48.8315
      vertex 108.7 1.77772 51.3259
      vertex 108.7 3.36561 48.773
    endloop
  endfacet
  facet normal 1 -0 0
    outer loop
      vertex 108.7 1.46243 51.092
      vertex 108.7 3.36561 48.773
      vertex 108.7 1.77772 51.3259
    endloop
  endfacet
  facet normal 1 0 0
    outer loop
      vertex 108.7 3.36561 48.773
      vertex 108.7 1.46243 51.092
      vertex 108.7 3.29289 48.7071
    endloop
  endfacet
  facet normal 1 -0 0
    outer loop
      vertex 108.7 1.17157 50.8284
      vertex 108.7 3.29289 48.7071
      vertex 108.7 1.46243 51.092
    endloop
  endfacet
  facet normal 1 0 0
    outer loop
      vertex 108.7 3.29289 48.7071
      vertex 108.7 1.17157 50.8284
      vertex 108.7 3.22699 48.6344
    endloop
  endfacet
  facet normal 1 0 0
    outer loop
      vertex 108.7 3.22699 48.6344
      vertex 108.7 0.907959 50.5376
      vertex 108.7 3.16853 48.5556
    endloop
  endfacet
  facet normal 1 -0 0
    outer loop
      vertex 108.7 0.907959 50.5376
      vertex 108.7 3.22699 48.6344
      vertex 108.7 1.17157 50.8284
    endloop
  endfacet
  facet normal 1 -0 0
    outer loop
      vertex 108.7 11.8 42
      vertex 108.7 18.6 5
      vertex 108.7 18.6 42
    endloop
  endfacet
  facet normal 1 0 0
    outer loop
      vertex 108.7 18.6 5
      vertex 108.7 11.8 42
      vertex 108.7 11.8 5
    endloop
  endfacet
  facet normal 0 -0.998796 0.0490621
    outer loop
      vertex 88.7 7.62939e-07 48
      vertex 108.7 0.0192612 48.3921
      vertex 88.7 0.0192612 48.3921
    endloop
  endfacet
  facet normal 0 -0.998796 0.0490621
    outer loop
      vertex 108.7 0.0192612 48.3921
      vertex 88.7 7.62939e-07 48
      vertex 108.7 7.62939e-07 48
    endloop
  endfacet
  facet normal 0 -0.973763 -0.227564
    outer loop
      vertex 88.7 8.6 4.8
      vertex 108.7 7.62939e-07 41.6
      vertex 88.7 7.62939e-07 41.6
    endloop
  endfacet
  facet normal 0 -0.973763 -0.227564
    outer loop
      vertex 108.7 7.62939e-07 41.6
      vertex 88.7 8.6 4.8
      vertex 108.7 8.6 4.8
    endloop
  endfacet
  facet normal 0 1 -0
    outer loop
      vertex 108.7 18.6 5
      vertex 88.7 18.6 42
      vertex 108.7 18.6 42
    endloop
  endfacet
  facet normal 0 1 0
    outer loop
      vertex 88.7 18.6 42
      vertex 108.7 18.6 5
      vertex 88.7 18.6 5
    endloop
  endfacet
  facet normal 0 -1 0
    outer loop
      vertex 88.7 7.62939e-07 41.6
      vertex 108.7 7.62939e-07 48
      vertex 88.7 7.62939e-07 48
    endloop
  endfacet
  facet normal 0 -1 -0
    outer loop
      vertex 108.7 7.62939e-07 48
      vertex 88.7 7.62939e-07 41.6
      vertex 108.7 7.62939e-07 41.6
    endloop
  endfacet
  facet normal 0 1 -0
    outer loop
      vertex 108.7 8 42
      vertex 88.7 8 48
      vertex 108.7 8 48
    endloop
  endfacet
  facet normal 0 1 0
    outer loop
      vertex 88.7 8 48
      vertex 108.7 8 42
      vertex 88.7 8 42
    endloop
  endfacet
  facet normal 0 -0.970023 -0.243015
    outer loop
      vertex 88.7 4.98079 48.1951
      vertex 108.7 4.95694 48.2903
      vertex 88.7 4.95694 48.2903
    endloop
  endfacet
  facet normal 0 -0.970023 -0.243015
    outer loop
      vertex 108.7 4.95694 48.2903
      vertex 88.7 4.98079 48.1951
      vertex 108.7 4.98079 48.1951
    endloop
  endfacet
  facet normal 0 0.243518 -0.969896
    outer loop
      vertex 88.7 3.70972 48.9569
      vertex 108.7 3.80491 48.9808
      vertex 108.7 3.70972 48.9569
    endloop
  endfacet
  facet normal 0 0.243518 -0.969896
    outer loop
      vertex 108.7 3.80491 48.9808
      vertex 88.7 3.70972 48.9569
      vertex 88.7 3.80491 48.9808
    endloop
  endfacet
  facet normal 0 -0.80312 -0.595817
    outer loop
      vertex 88.7 4.83147 48.5556
      vertex 108.7 4.77301 48.6344
      vertex 88.7 4.77301 48.6344
    endloop
  endfacet
  facet normal 0 -0.80312 -0.595817
    outer loop
      vertex 108.7 4.77301 48.6344
      vertex 88.7 4.83147 48.5556
      vertex 108.7 4.83147 48.5556
    endloop
  endfacet
  facet normal 0 -0.998798 -0.0490226
    outer loop
      vertex 88.7 5 48
      vertex 108.7 4.99519 48.098
      vertex 88.7 4.99519 48.098
    endloop
  endfacet
  facet normal 0 -0.998798 -0.0490226
    outer loop
      vertex 108.7 4.99519 48.098
      vertex 88.7 5 48
      vertex 108.7 5 48
    endloop
  endfacet
  facet normal 0 -0.513731 0.857951
    outer loop
      vertex 88.7 4.55557 47.1685
      vertex 108.7 4.4714 47.1181
      vertex 108.7 4.55557 47.1685
    endloop
  endfacet
  facet normal 0 -0.513731 0.857951
    outer loop
      vertex 108.7 4.4714 47.1181
      vertex 88.7 4.55557 47.1685
      vertex 88.7 4.4714 47.1181
    endloop
  endfacet
  facet normal 0 -0.336369 0.94173
    outer loop
      vertex 88.7 4.38268 47.0761
      vertex 108.7 4.29029 47.0431
      vertex 108.7 4.38268 47.0761
    endloop
  endfacet
  facet normal 0 -0.336369 0.94173
    outer loop
      vertex 108.7 4.29029 47.0431
      vertex 88.7 4.38268 47.0761
      vertex 88.7 4.29029 47.0431
    endloop
  endfacet
  facet normal 0 0.857807 0.513971
    outer loop
      vertex 108.7 3.16853 47.4444
      vertex 88.7 3.11808 47.5286
      vertex 108.7 3.11808 47.5286
    endloop
  endfacet
  facet normal 0 0.857807 0.513971
    outer loop
      vertex 88.7 3.11808 47.5286
      vertex 108.7 3.16853 47.4444
      vertex 88.7 3.16853 47.4444
    endloop
  endfacet
  facet normal 0 0.970047 -0.242919
    outer loop
      vertex 108.7 3.01922 48.1951
      vertex 88.7 3.04306 48.2903
      vertex 108.7 3.04306 48.2903
    endloop
  endfacet
  facet normal 0 0.970047 -0.242919
    outer loop
      vertex 88.7 3.04306 48.2903
      vertex 108.7 3.01922 48.1951
      vertex 88.7 3.01922 48.1951
    endloop
  endfacet
  facet normal 0 0.671505 -0.741
    outer loop
      vertex 88.7 3.29289 48.7071
      vertex 108.7 3.36561 48.773
      vertex 108.7 3.29289 48.7071
    endloop
  endfacet
  facet normal 0 0.671505 -0.741
    outer loop
      vertex 108.7 3.36561 48.773
      vertex 88.7 3.29289 48.7071
      vertex 88.7 3.36561 48.773
    endloop
  endfacet
  facet normal 0 0.513731 -0.857951
    outer loop
      vertex 88.7 3.44443 48.8315
      vertex 108.7 3.5286 48.8819
      vertex 108.7 3.44443 48.8315
    endloop
  endfacet
  facet normal 0 0.513731 -0.857951
    outer loop
      vertex 108.7 3.5286 48.8819
      vertex 88.7 3.44443 48.8315
      vertex 88.7 3.5286 48.8819
    endloop
  endfacet
  facet normal 0 -0.146741 0.989175
    outer loop
      vertex 88.7 4.19509 47.0192
      vertex 108.7 4.09802 47.0048
      vertex 108.7 4.19509 47.0192
    endloop
  endfacet
  facet normal 0 -0.146741 0.989175
    outer loop
      vertex 108.7 4.09802 47.0048
      vertex 88.7 4.19509 47.0192
      vertex 88.7 4.09802 47.0048
    endloop
  endfacet
  facet normal 0 0.80312 -0.595817
    outer loop
      vertex 108.7 3.16853 48.5556
      vertex 88.7 3.22699 48.6344
      vertex 108.7 3.22699 48.6344
    endloop
  endfacet
  facet normal 0 0.80312 -0.595817
    outer loop
      vertex 88.7 3.22699 48.6344
      vertex 108.7 3.16853 48.5556
      vertex 88.7 3.16853 48.5556
    endloop
  endfacet
  facet normal 0 -0.513731 -0.857951
    outer loop
      vertex 88.7 4.4714 48.8819
      vertex 108.7 4.55557 48.8315
      vertex 108.7 4.4714 48.8819
    endloop
  endfacet
  facet normal -0 -0.513731 -0.857951
    outer loop
      vertex 108.7 4.55557 48.8315
      vertex 88.7 4.4714 48.8819
      vertex 88.7 4.55557 48.8315
    endloop
  endfacet
  facet normal -0 0.513731 0.857951
    outer loop
      vertex 88.7 3.5286 47.1181
      vertex 108.7 3.44443 47.1685
      vertex 108.7 3.5286 47.1181
    endloop
  endfacet
  facet normal 0 0.513731 0.857951
    outer loop
      vertex 108.7 3.44443 47.1685
      vertex 88.7 3.5286 47.1181
      vertex 88.7 3.44443 47.1685
    endloop
  endfacet
  facet normal 0 -0.146741 -0.989175
    outer loop
      vertex 88.7 4.09802 48.9952
      vertex 108.7 4.19509 48.9808
      vertex 108.7 4.09802 48.9952
    endloop
  endfacet
  facet normal -0 -0.146741 -0.989175
    outer loop
      vertex 108.7 4.19509 48.9808
      vertex 88.7 4.09802 48.9952
      vertex 88.7 4.19509 48.9808
    endloop
  endfacet
  facet normal 0 0.941548 -0.336879
    outer loop
      vertex 108.7 3.04306 48.2903
      vertex 88.7 3.07612 48.3827
      vertex 108.7 3.07612 48.3827
    endloop
  endfacet
  facet normal 0 0.941548 -0.336879
    outer loop
      vertex 88.7 3.07612 48.3827
      vertex 108.7 3.04306 48.2903
      vertex 88.7 3.04306 48.2903
    endloop
  endfacet
  facet normal 0 -0.336369 -0.94173
    outer loop
      vertex 88.7 4.29029 48.9569
      vertex 108.7 4.38268 48.9239
      vertex 108.7 4.29029 48.9569
    endloop
  endfacet
  facet normal -0 -0.336369 -0.94173
    outer loop
      vertex 108.7 4.38268 48.9239
      vertex 88.7 4.29029 48.9569
      vertex 88.7 4.38268 48.9239
    endloop
  endfacet
  facet normal -0 0.427876 0.903837
    outer loop
      vertex 88.7 3.61732 47.0761
      vertex 108.7 3.5286 47.1181
      vertex 108.7 3.61732 47.0761
    endloop
  endfacet
  facet normal 0 0.427876 0.903837
    outer loop
      vertex 108.7 3.5286 47.1181
      vertex 88.7 3.61732 47.0761
      vertex 88.7 3.5286 47.1181
    endloop
  endfacet
  facet normal -0 0.336336 0.941742
    outer loop
      vertex 88.7 3.70972 47.0431
      vertex 108.7 3.61732 47.0761
      vertex 108.7 3.70972 47.0431
    endloop
  endfacet
  facet normal 0 0.336336 0.941742
    outer loop
      vertex 108.7 3.61732 47.0761
      vertex 88.7 3.70972 47.0431
      vertex 88.7 3.61732 47.0761
    endloop
  endfacet
  facet normal 0 -0.595983 -0.802997
    outer loop
      vertex 88.7 4.55557 48.8315
      vertex 108.7 4.63439 48.773
      vertex 108.7 4.55557 48.8315
    endloop
  endfacet
  facet normal -0 -0.595983 -0.802997
    outer loop
      vertex 108.7 4.63439 48.773
      vertex 88.7 4.55557 48.8315
      vertex 88.7 4.63439 48.773
    endloop
  endfacet
  facet normal 0 0.903958 -0.427622
    outer loop
      vertex 108.7 3.07612 48.3827
      vertex 88.7 3.11808 48.4714
      vertex 108.7 3.11808 48.4714
    endloop
  endfacet
  facet normal 0 0.903958 -0.427622
    outer loop
      vertex 88.7 3.11808 48.4714
      vertex 108.7 3.07612 48.3827
      vertex 88.7 3.07612 48.3827
    endloop
  endfacet
  facet normal 0 -0.80312 0.595817
    outer loop
      vertex 88.7 4.77301 47.3656
      vertex 108.7 4.83147 47.4444
      vertex 88.7 4.83147 47.4444
    endloop
  endfacet
  facet normal 0 -0.80312 0.595817
    outer loop
      vertex 108.7 4.83147 47.4444
      vertex 88.7 4.77301 47.3656
      vertex 108.7 4.77301 47.3656
    endloop
  endfacet
  facet normal 0 0.989182 -0.146696
    outer loop
      vertex 108.7 3.00482 48.098
      vertex 88.7 3.01922 48.1951
      vertex 108.7 3.01922 48.1951
    endloop
  endfacet
  facet normal 0 0.989182 -0.146696
    outer loop
      vertex 88.7 3.01922 48.1951
      vertex 108.7 3.00482 48.098
      vertex 88.7 3.00482 48.098
    endloop
  endfacet
  facet normal 0 -0.048911 -0.998803
    outer loop
      vertex 88.7 4 49
      vertex 108.7 4.09802 48.9952
      vertex 108.7 4 49
    endloop
  endfacet
  facet normal -0 -0.048911 -0.998803
    outer loop
      vertex 108.7 4.09802 48.9952
      vertex 88.7 4 49
      vertex 88.7 4.09802 48.9952
    endloop
  endfacet
  facet normal 0 0.941548 0.336879
    outer loop
      vertex 108.7 3.07612 47.6173
      vertex 88.7 3.04306 47.7097
      vertex 108.7 3.04306 47.7097
    endloop
  endfacet
  facet normal 0 0.941548 0.336879
    outer loop
      vertex 88.7 3.04306 47.7097
      vertex 108.7 3.07612 47.6173
      vertex 88.7 3.07612 47.6173
    endloop
  endfacet
  facet normal 0 0.427876 -0.903837
    outer loop
      vertex 88.7 3.5286 48.8819
      vertex 108.7 3.61732 48.9239
      vertex 108.7 3.5286 48.8819
    endloop
  endfacet
  facet normal 0 0.427876 -0.903837
    outer loop
      vertex 108.7 3.61732 48.9239
      vertex 88.7 3.5286 48.8819
      vertex 88.7 3.61732 48.9239
    endloop
  endfacet
  facet normal 0 -0.903958 0.427622
    outer loop
      vertex 88.7 4.88192 47.5286
      vertex 108.7 4.92388 47.6173
      vertex 88.7 4.92388 47.6173
    endloop
  endfacet
  facet normal 0 -0.903958 0.427622
    outer loop
      vertex 108.7 4.92388 47.6173
      vertex 88.7 4.88192 47.5286
      vertex 108.7 4.88192 47.5286
    endloop
  endfacet
  facet normal -0 0.595983 0.802997
    outer loop
      vertex 88.7 3.44443 47.1685
      vertex 108.7 3.36561 47.227
      vertex 108.7 3.44443 47.1685
    endloop
  endfacet
  facet normal 0 0.595983 0.802997
    outer loop
      vertex 108.7 3.36561 47.227
      vertex 88.7 3.44443 47.1685
      vertex 88.7 3.36561 47.227
    endloop
  endfacet
  facet normal 0 0.857807 -0.513971
    outer loop
      vertex 108.7 3.11808 48.4714
      vertex 88.7 3.16853 48.5556
      vertex 108.7 3.16853 48.5556
    endloop
  endfacet
  facet normal 0 0.857807 -0.513971
    outer loop
      vertex 88.7 3.16853 48.5556
      vertex 108.7 3.11808 48.4714
      vertex 88.7 3.11808 48.4714
    endloop
  endfacet
  facet normal 0 0.903958 0.427622
    outer loop
      vertex 108.7 3.11808 47.5286
      vertex 88.7 3.07612 47.6173
      vertex 108.7 3.07612 47.6173
    endloop
  endfacet
  facet normal 0 0.903958 0.427622
    outer loop
      vertex 88.7 3.07612 47.6173
      vertex 108.7 3.11808 47.5286
      vertex 88.7 3.11808 47.5286
    endloop
  endfacet
  facet normal 0 -0.998798 0.0490226
    outer loop
      vertex 88.7 4.99519 47.902
      vertex 108.7 5 48
      vertex 88.7 5 48
    endloop
  endfacet
  facet normal 0 -0.998798 0.0490226
    outer loop
      vertex 108.7 5 48
      vertex 88.7 4.99519 47.902
      vertex 108.7 4.99519 47.902
    endloop
  endfacet
  facet normal 0 -0.989182 -0.146696
    outer loop
      vertex 88.7 4.99519 48.098
      vertex 108.7 4.98079 48.1951
      vertex 88.7 4.98079 48.1951
    endloop
  endfacet
  facet normal 0 -0.989182 -0.146696
    outer loop
      vertex 108.7 4.98079 48.1951
      vertex 88.7 4.99519 48.098
      vertex 108.7 4.99519 48.098
    endloop
  endfacet
  facet normal 0 -0.941548 0.336879
    outer loop
      vertex 88.7 4.92388 47.6173
      vertex 108.7 4.95694 47.7097
      vertex 88.7 4.95694 47.7097
    endloop
  endfacet
  facet normal 0 -0.941548 0.336879
    outer loop
      vertex 108.7 4.95694 47.7097
      vertex 88.7 4.92388 47.6173
      vertex 108.7 4.92388 47.6173
    endloop
  endfacet
  facet normal 0 -0.243494 0.969902
    outer loop
      vertex 88.7 4.29029 47.0431
      vertex 108.7 4.19509 47.0192
      vertex 108.7 4.29029 47.0431
    endloop
  endfacet
  facet normal 0 -0.243494 0.969902
    outer loop
      vertex 108.7 4.19509 47.0192
      vertex 88.7 4.29029 47.0431
      vertex 88.7 4.19509 47.0192
    endloop
  endfacet
  facet normal 0 -0.941548 -0.336879
    outer loop
      vertex 88.7 4.95694 48.2903
      vertex 108.7 4.92388 48.3827
      vertex 88.7 4.92388 48.3827
    endloop
  endfacet
  facet normal 0 -0.941548 -0.336879
    outer loop
      vertex 108.7 4.92388 48.3827
      vertex 88.7 4.95694 48.2903
      vertex 108.7 4.95694 48.2903
    endloop
  endfacet
  facet normal 0 0.998793 0.0491243
    outer loop
      vertex 108.7 3.00482 47.902
      vertex 88.7 3 48
      vertex 108.7 3 48
    endloop
  endfacet
  facet normal 0 0.998793 0.0491243
    outer loop
      vertex 88.7 3 48
      vertex 108.7 3.00482 47.902
      vertex 88.7 3.00482 47.902
    endloop
  endfacet
  facet normal 0 -0.989182 0.146696
    outer loop
      vertex 88.7 4.98079 47.8049
      vertex 108.7 4.99519 47.902
      vertex 88.7 4.99519 47.902
    endloop
  endfacet
  facet normal 0 -0.989182 0.146696
    outer loop
      vertex 108.7 4.99519 47.902
      vertex 88.7 4.98079 47.8049
      vertex 108.7 4.98079 47.8049
    endloop
  endfacet
  facet normal -0 0.671505 0.741
    outer loop
      vertex 88.7 3.36561 47.227
      vertex 108.7 3.29289 47.2929
      vertex 108.7 3.36561 47.227
    endloop
  endfacet
  facet normal 0 0.671505 0.741
    outer loop
      vertex 108.7 3.29289 47.2929
      vertex 88.7 3.36561 47.227
      vertex 88.7 3.29289 47.2929
    endloop
  endfacet
  facet normal 0 -0.970023 0.243015
    outer loop
      vertex 88.7 4.95694 47.7097
      vertex 108.7 4.98079 47.8049
      vertex 88.7 4.98079 47.8049
    endloop
  endfacet
  facet normal 0 -0.970023 0.243015
    outer loop
      vertex 108.7 4.98079 47.8049
      vertex 88.7 4.95694 47.7097
      vertex 108.7 4.95694 47.7097
    endloop
  endfacet
  facet normal 0 -0.903958 -0.427622
    outer loop
      vertex 88.7 4.92388 48.3827
      vertex 108.7 4.88192 48.4714
      vertex 88.7 4.88192 48.4714
    endloop
  endfacet
  facet normal 0 -0.903958 -0.427622
    outer loop
      vertex 108.7 4.88192 48.4714
      vertex 88.7 4.92388 48.3827
      vertex 108.7 4.92388 48.3827
    endloop
  endfacet
  facet normal 0 -0.671505 -0.741
    outer loop
      vertex 88.7 4.63439 48.773
      vertex 108.7 4.70711 48.7071
      vertex 108.7 4.63439 48.773
    endloop
  endfacet
  facet normal -0 -0.671505 -0.741
    outer loop
      vertex 108.7 4.70711 48.7071
      vertex 88.7 4.63439 48.773
      vertex 88.7 4.70711 48.7071
    endloop
  endfacet
  facet normal 0 -0.740908 -0.671607
    outer loop
      vertex 88.7 4.77301 48.6344
      vertex 108.7 4.70711 48.7071
      vertex 88.7 4.70711 48.7071
    endloop
  endfacet
  facet normal 0 -0.740908 -0.671607
    outer loop
      vertex 108.7 4.70711 48.7071
      vertex 88.7 4.77301 48.6344
      vertex 108.7 4.77301 48.6344
    endloop
  endfacet
  facet normal 0 0.336336 -0.941742
    outer loop
      vertex 88.7 3.61732 48.9239
      vertex 108.7 3.70972 48.9569
      vertex 108.7 3.61732 48.9239
    endloop
  endfacet
  facet normal 0 0.336336 -0.941742
    outer loop
      vertex 108.7 3.70972 48.9569
      vertex 88.7 3.61732 48.9239
      vertex 88.7 3.70972 48.9569
    endloop
  endfacet
  facet normal 0 -0.857807 0.513971
    outer loop
      vertex 88.7 4.83147 47.4444
      vertex 108.7 4.88192 47.5286
      vertex 88.7 4.88192 47.5286
    endloop
  endfacet
  facet normal 0 -0.857807 0.513971
    outer loop
      vertex 108.7 4.88192 47.5286
      vertex 88.7 4.83147 47.4444
      vertex 108.7 4.83147 47.4444
    endloop
  endfacet
  facet normal 0 -0.427876 -0.903837
    outer loop
      vertex 88.7 4.38268 48.9239
      vertex 108.7 4.4714 48.8819
      vertex 108.7 4.38268 48.9239
    endloop
  endfacet
  facet normal -0 -0.427876 -0.903837
    outer loop
      vertex 108.7 4.4714 48.8819
      vertex 88.7 4.38268 48.9239
      vertex 88.7 4.4714 48.8819
    endloop
  endfacet
  facet normal -0 0.146741 0.989175
    outer loop
      vertex 88.7 3.90198 47.0048
      vertex 108.7 3.80491 47.0192
      vertex 108.7 3.90198 47.0048
    endloop
  endfacet
  facet normal 0 0.146741 0.989175
    outer loop
      vertex 108.7 3.80491 47.0192
      vertex 88.7 3.90198 47.0048
      vertex 88.7 3.80491 47.0192
    endloop
  endfacet
  facet normal 0 0.595983 -0.802997
    outer loop
      vertex 88.7 3.36561 48.773
      vertex 108.7 3.44443 48.8315
      vertex 108.7 3.36561 48.773
    endloop
  endfacet
  facet normal 0 0.595983 -0.802997
    outer loop
      vertex 108.7 3.44443 48.8315
      vertex 88.7 3.36561 48.773
      vertex 88.7 3.44443 48.8315
    endloop
  endfacet
  facet normal -0 0.048911 0.998803
    outer loop
      vertex 88.7 4 47
      vertex 108.7 3.90198 47.0048
      vertex 108.7 4 47
    endloop
  endfacet
  facet normal 0 0.048911 0.998803
    outer loop
      vertex 108.7 3.90198 47.0048
      vertex 88.7 4 47
      vertex 88.7 3.90198 47.0048
    endloop
  endfacet
  facet normal 0 -0.857807 -0.513971
    outer loop
      vertex 88.7 4.88192 48.4714
      vertex 108.7 4.83147 48.5556
      vertex 88.7 4.83147 48.5556
    endloop
  endfacet
  facet normal 0 -0.857807 -0.513971
    outer loop
      vertex 108.7 4.83147 48.5556
      vertex 88.7 4.88192 48.4714
      vertex 108.7 4.88192 48.4714
    endloop
  endfacet
  facet normal 0 0.048911 -0.998803
    outer loop
      vertex 88.7 3.90198 48.9952
      vertex 108.7 4 49
      vertex 108.7 3.90198 48.9952
    endloop
  endfacet
  facet normal 0 0.048911 -0.998803
    outer loop
      vertex 108.7 4 49
      vertex 88.7 3.90198 48.9952
      vertex 88.7 4 49
    endloop
  endfacet
  facet normal 0 0.740908 -0.671607
    outer loop
      vertex 108.7 3.22699 48.6344
      vertex 88.7 3.29289 48.7071
      vertex 108.7 3.29289 48.7071
    endloop
  endfacet
  facet normal 0 0.740908 -0.671607
    outer loop
      vertex 88.7 3.29289 48.7071
      vertex 108.7 3.22699 48.6344
      vertex 88.7 3.22699 48.6344
    endloop
  endfacet
  facet normal 0 -0.048911 0.998803
    outer loop
      vertex 88.7 4.09802 47.0048
      vertex 108.7 4 47
      vertex 108.7 4.09802 47.0048
    endloop
  endfacet
  facet normal 0 -0.048911 0.998803
    outer loop
      vertex 108.7 4 47
      vertex 88.7 4.09802 47.0048
      vertex 88.7 4 47
    endloop
  endfacet
  facet normal 0 0.146741 -0.989175
    outer loop
      vertex 88.7 3.80491 48.9808
      vertex 108.7 3.90198 48.9952
      vertex 108.7 3.80491 48.9808
    endloop
  endfacet
  facet normal 0 0.146741 -0.989175
    outer loop
      vertex 108.7 3.90198 48.9952
      vertex 88.7 3.80491 48.9808
      vertex 88.7 3.90198 48.9952
    endloop
  endfacet
  facet normal 0 0.970047 0.242919
    outer loop
      vertex 108.7 3.04306 47.7097
      vertex 88.7 3.01922 47.8049
      vertex 108.7 3.01922 47.8049
    endloop
  endfacet
  facet normal 0 0.970047 0.242919
    outer loop
      vertex 88.7 3.01922 47.8049
      vertex 108.7 3.04306 47.7097
      vertex 88.7 3.04306 47.7097
    endloop
  endfacet
  facet normal -0 0.243518 0.969896
    outer loop
      vertex 88.7 3.80491 47.0192
      vertex 108.7 3.70972 47.0431
      vertex 108.7 3.80491 47.0192
    endloop
  endfacet
  facet normal 0 0.243518 0.969896
    outer loop
      vertex 108.7 3.70972 47.0431
      vertex 88.7 3.80491 47.0192
      vertex 88.7 3.70972 47.0431
    endloop
  endfacet
  facet normal 0 -0.671505 0.741
    outer loop
      vertex 88.7 4.70711 47.2929
      vertex 108.7 4.63439 47.227
      vertex 108.7 4.70711 47.2929
    endloop
  endfacet
  facet normal 0 -0.671505 0.741
    outer loop
      vertex 108.7 4.63439 47.227
      vertex 88.7 4.70711 47.2929
      vertex 88.7 4.63439 47.227
    endloop
  endfacet
  facet normal 0 -0.243494 -0.969902
    outer loop
      vertex 88.7 4.19509 48.9808
      vertex 108.7 4.29029 48.9569
      vertex 108.7 4.19509 48.9808
    endloop
  endfacet
  facet normal -0 -0.243494 -0.969902
    outer loop
      vertex 108.7 4.29029 48.9569
      vertex 88.7 4.19509 48.9808
      vertex 88.7 4.29029 48.9569
    endloop
  endfacet
  facet normal 0 0.740908 0.671607
    outer loop
      vertex 108.7 3.29289 47.2929
      vertex 88.7 3.22699 47.3656
      vertex 108.7 3.22699 47.3656
    endloop
  endfacet
  facet normal 0 0.740908 0.671607
    outer loop
      vertex 88.7 3.22699 47.3656
      vertex 108.7 3.29289 47.2929
      vertex 88.7 3.29289 47.2929
    endloop
  endfacet
  facet normal 0 -0.427876 0.903837
    outer loop
      vertex 88.7 4.4714 47.1181
      vertex 108.7 4.38268 47.0761
      vertex 108.7 4.4714 47.1181
    endloop
  endfacet
  facet normal 0 -0.427876 0.903837
    outer loop
      vertex 108.7 4.38268 47.0761
      vertex 88.7 4.4714 47.1181
      vertex 88.7 4.38268 47.0761
    endloop
  endfacet
  facet normal 0 0.989182 0.146696
    outer loop
      vertex 108.7 3.01922 47.8049
      vertex 88.7 3.00482 47.902
      vertex 108.7 3.00482 47.902
    endloop
  endfacet
  facet normal 0 0.989182 0.146696
    outer loop
      vertex 88.7 3.00482 47.902
      vertex 108.7 3.01922 47.8049
      vertex 88.7 3.01922 47.8049
    endloop
  endfacet
  facet normal 0 -0.595983 0.802997
    outer loop
      vertex 88.7 4.63439 47.227
      vertex 108.7 4.55557 47.1685
      vertex 108.7 4.63439 47.227
    endloop
  endfacet
  facet normal 0 -0.595983 0.802997
    outer loop
      vertex 108.7 4.55557 47.1685
      vertex 88.7 4.63439 47.227
      vertex 88.7 4.55557 47.1685
    endloop
  endfacet
  facet normal 0 0.80312 0.595817
    outer loop
      vertex 108.7 3.22699 47.3656
      vertex 88.7 3.16853 47.4444
      vertex 108.7 3.16853 47.4444
    endloop
  endfacet
  facet normal 0 0.80312 0.595817
    outer loop
      vertex 88.7 3.16853 47.4444
      vertex 108.7 3.22699 47.3656
      vertex 88.7 3.22699 47.3656
    endloop
  endfacet
  facet normal 0 0.998793 -0.0491243
    outer loop
      vertex 108.7 3 48
      vertex 88.7 3.00482 48.098
      vertex 108.7 3.00482 48.098
    endloop
  endfacet
  facet normal 0 0.998793 -0.0491243
    outer loop
      vertex 88.7 3.00482 48.098
      vertex 108.7 3 48
      vertex 88.7 3 48
    endloop
  endfacet
  facet normal 0 -0.740908 0.671607
    outer loop
      vertex 88.7 4.70711 47.2929
      vertex 108.7 4.77301 47.3656
      vertex 88.7 4.77301 47.3656
    endloop
  endfacet
  facet normal 0 -0.740908 0.671607
    outer loop
      vertex 108.7 4.77301 47.3656
      vertex 88.7 4.70711 47.2929
      vertex 108.7 4.70711 47.2929
    endloop
  endfacet
  facet normal 0 0 1
    outer loop
      vertex 108.081 112.107 5
      vertex 115.5 117.3 5
      vertex 108.317 112.321 5
    endloop
  endfacet
  facet normal 0 0 1
    outer loop
      vertex 115.5 117.3 5
      vertex 108.081 112.107 5
      vertex 115.5 18.6 5
    endloop
  endfacet
  facet normal -0 0 1
    outer loop
      vertex 86.85 67.95 5
      vertex 115.5 18.6 5
      vertex 108.081 112.107 5
    endloop
  endfacet
  facet normal 0 0 1
    outer loop
      vertex 86.85 67.95 5
      vertex 108.081 112.107 5
      vertex 107.825 111.917 5
    endloop
  endfacet
  facet normal 0 0 1
    outer loop
      vertex 86.7176 70.6455 5
      vertex 107.825 111.917 5
      vertex 107.551 111.753 5
    endloop
  endfacet
  facet normal 0 0 1
    outer loop
      vertex 86.3216 73.315 5
      vertex 107.551 111.753 5
      vertex 107.263 111.616 5
    endloop
  endfacet
  facet normal 0 0 1
    outer loop
      vertex 86.3216 73.315 5
      vertex 107.263 111.616 5
      vertex 106.962 111.509 5
    endloop
  endfacet
  facet normal 0 0 1
    outer loop
      vertex 85.6659 75.9328 5
      vertex 106.962 111.509 5
      vertex 106.653 111.431 5
    endloop
  endfacet
  facet normal 0 0 1
    outer loop
      vertex 85.6659 75.9328 5
      vertex 106.653 111.431 5
      vertex 106.338 111.385 5
    endloop
  endfacet
  facet normal 0 0 1
    outer loop
      vertex 84.7567 78.4738 5
      vertex 106.338 111.385 5
      vertex 106.019 111.369 5
    endloop
  endfacet
  facet normal 0 0 1
    outer loop
      vertex 84.7567 78.4738 5
      vertex 106.019 111.369 5
      vertex 105.7 111.385 5
    endloop
  endfacet
  facet normal 0 0 1
    outer loop
      vertex 83.6028 80.9134 5
      vertex 105.7 111.385 5
      vertex 105.385 111.431 5
    endloop
  endfacet
  facet normal 0 0 1
    outer loop
      vertex 83.6028 80.9134 5
      vertex 105.385 111.431 5
      vertex 105.076 111.509 5
    endloop
  endfacet
  facet normal 0 0 1
    outer loop
      vertex 82.2154 83.2282 5
      vertex 105.076 111.509 5
      vertex 104.775 111.616 5
    endloop
  endfacet
  facet normal 0 0 1
    outer loop
      vertex 82.2154 83.2282 5
      vertex 104.775 111.616 5
      vertex 104.487 111.753 5
    endloop
  endfacet
  facet normal 0 0 1
    outer loop
      vertex 80.6078 85.3958 5
      vertex 104.487 111.753 5
      vertex 104.213 111.917 5
    endloop
  endfacet
  facet normal 0 0 1
    outer loop
      vertex 80.6078 85.3958 5
      vertex 104.213 111.917 5
      vertex 103.957 112.107 5
    endloop
  endfacet
  facet normal 0 0 1
    outer loop
      vertex 78.7954 87.3954 5
      vertex 103.957 112.107 5
      vertex 103.721 112.321 5
    endloop
  endfacet
  facet normal 0 0 1
    outer loop
      vertex 78.7954 87.3954 5
      vertex 103.721 112.321 5
      vertex 103.507 112.557 5
    endloop
  endfacet
  facet normal 0 0 1
    outer loop
      vertex 76.7958 89.2078 5
      vertex 103.507 112.557 5
      vertex 103.317 112.813 5
    endloop
  endfacet
  facet normal 0 0 1
    outer loop
      vertex 76.7958 89.2078 5
      vertex 103.317 112.813 5
      vertex 103.153 113.087 5
    endloop
  endfacet
  facet normal 0 0 1
    outer loop
      vertex 74.6282 90.8154 5
      vertex 103.153 113.087 5
      vertex 103.016 113.375 5
    endloop
  endfacet
  facet normal 0 0 1
    outer loop
      vertex 74.6282 90.8154 5
      vertex 103.016 113.375 5
      vertex 102.909 113.676 5
    endloop
  endfacet
  facet normal 0 0 1
    outer loop
      vertex 72.3134 92.2028 5
      vertex 102.909 113.676 5
      vertex 102.831 113.985 5
    endloop
  endfacet
  facet normal 0 0 1
    outer loop
      vertex 72.3134 92.2028 5
      vertex 102.831 113.985 5
      vertex 102.785 114.3 5
    endloop
  endfacet
  facet normal -0 0 1
    outer loop
      vertex 86.7176 65.2545 5
      vertex 115.5 18.6 5
      vertex 86.85 67.95 5
    endloop
  endfacet
  facet normal 0 0 1
    outer loop
      vertex 69.8738 93.3567 5
      vertex 102.785 114.3 5
      vertex 102.769 114.619 5
    endloop
  endfacet
  facet normal 0 0 1
    outer loop
      vertex 109.022 115.863 5
      vertex 115.5 117.3 5
      vertex 115.467 117.967 5
    endloop
  endfacet
  facet normal 0 0 1
    outer loop
      vertex 108.531 112.557 5
      vertex 115.5 117.3 5
      vertex 108.721 112.813 5
    endloop
  endfacet
  facet normal 0 0 1
    outer loop
      vertex 108.885 116.151 5
      vertex 115.467 117.967 5
      vertex 115.369 118.627 5
    endloop
  endfacet
  facet normal 0 0 1
    outer loop
      vertex 108.317 112.321 5
      vertex 115.5 117.3 5
      vertex 108.531 112.557 5
    endloop
  endfacet
  facet normal 0 0 1
    outer loop
      vertex 108.885 116.151 5
      vertex 115.369 118.627 5
      vertex 115.207 119.274 5
    endloop
  endfacet
  facet normal 0 0 1
    outer loop
      vertex 115.5 18.6 5
      vertex 108.7 18.6 5
      vertex 115.467 17.9335 5
    endloop
  endfacet
  facet normal 0 0 1
    outer loop
      vertex 108.721 116.425 5
      vertex 115.207 119.274 5
      vertex 114.982 119.902 5
    endloop
  endfacet
  facet normal 0 0 1
    outer loop
      vertex 115.467 17.9335 5
      vertex 108.7 18.6 5
      vertex 115.369 17.2734 5
    endloop
  endfacet
  facet normal 0 0 1
    outer loop
      vertex 108.721 116.425 5
      vertex 114.982 119.902 5
      vertex 114.697 120.506 5
    endloop
  endfacet
  facet normal 0 0 1
    outer loop
      vertex 115.369 17.2734 5
      vertex 108.7 18.6 5
      vertex 115.207 16.6261 5
    endloop
  endfacet
  facet normal 0 0 1
    outer loop
      vertex 108.531 116.681 5
      vertex 114.697 120.506 5
      vertex 114.354 121.078 5
    endloop
  endfacet
  facet normal 0 0 1
    outer loop
      vertex 115.5 117.3 5
      vertex 108.885 113.087 5
      vertex 108.721 112.813 5
    endloop
  endfacet
  facet normal 0 0 1
    outer loop
      vertex 108.531 116.681 5
      vertex 114.354 121.078 5
      vertex 113.956 121.614 5
    endloop
  endfacet
  facet normal 0 0 1
    outer loop
      vertex 115.207 16.6261 5
      vertex 108.7 18.6 5
      vertex 114.982 15.9978 5
    endloop
  endfacet
  facet normal 0 0 1
    outer loop
      vertex 108.317 116.917 5
      vertex 113.956 121.614 5
      vertex 113.508 122.108 5
    endloop
  endfacet
  facet normal 0 0 1
    outer loop
      vertex 115.5 117.3 5
      vertex 109.022 113.375 5
      vertex 108.885 113.087 5
    endloop
  endfacet
  facet normal 0 0 1
    outer loop
      vertex 108.317 116.917 5
      vertex 113.508 122.108 5
      vertex 113.014 122.556 5
    endloop
  endfacet
  facet normal 0 0 1
    outer loop
      vertex 114.982 15.9978 5
      vertex 108.7 18.6 5
      vertex 114.697 15.3945 5
    endloop
  endfacet
  facet normal 0 0 1
    outer loop
      vertex 108.081 117.131 5
      vertex 113.014 122.556 5
      vertex 112.478 122.954 5
    endloop
  endfacet
  facet normal 0 0 1
    outer loop
      vertex 115.5 117.3 5
      vertex 109.129 113.676 5
      vertex 109.022 113.375 5
    endloop
  endfacet
  facet normal 0 0 1
    outer loop
      vertex 108.081 117.131 5
      vertex 112.478 122.954 5
      vertex 111.906 123.297 5
    endloop
  endfacet
  facet normal 0 0 1
    outer loop
      vertex 115.5 117.3 5
      vertex 109.207 113.985 5
      vertex 109.129 113.676 5
    endloop
  endfacet
  facet normal 0 0 1
    outer loop
      vertex 107.825 117.321 5
      vertex 111.906 123.297 5
      vertex 111.302 123.582 5
    endloop
  endfacet
  facet normal 0 0 1
    outer loop
      vertex 114.697 15.3945 5
      vertex 108.7 18.6 5
      vertex 114.354 14.8221 5
    endloop
  endfacet
  facet normal 0 0 1
    outer loop
      vertex 107.825 117.321 5
      vertex 111.302 123.582 5
      vertex 110.674 123.807 5
    endloop
  endfacet
  facet normal 0 0 1
    outer loop
      vertex 115.5 117.3 5
      vertex 109.253 114.3 5
      vertex 109.207 113.985 5
    endloop
  endfacet
  facet normal 0 0 1
    outer loop
      vertex 107.825 117.321 5
      vertex 110.674 123.807 5
      vertex 110.027 123.969 5
    endloop
  endfacet
  facet normal 0 0 1
    outer loop
      vertex 114.354 14.8221 5
      vertex 108.7 18.6 5
      vertex 113.956 14.2861 5
    endloop
  endfacet
  facet normal 0 0 1
    outer loop
      vertex 107.551 117.485 5
      vertex 110.027 123.969 5
      vertex 109.367 124.067 5
    endloop
  endfacet
  facet normal 0 0 1
    outer loop
      vertex 115.5 117.3 5
      vertex 109.269 114.619 5
      vertex 109.253 114.3 5
    endloop
  endfacet
  facet normal 0 0 1
    outer loop
      vertex 113.956 14.2861 5
      vertex 108.7 18.6 5
      vertex 113.508 13.7917 5
    endloop
  endfacet
  facet normal 0 0 1
    outer loop
      vertex 115.5 117.3 5
      vertex 109.253 114.938 5
      vertex 109.269 114.619 5
    endloop
  endfacet
  facet normal 0 0 1
    outer loop
      vertex 115.5 117.3 5
      vertex 109.207 115.253 5
      vertex 109.253 114.938 5
    endloop
  endfacet
  facet normal 0 0 1
    outer loop
      vertex 115.5 117.3 5
      vertex 109.129 115.562 5
      vertex 109.207 115.253 5
    endloop
  endfacet
  facet normal 0 0 1
    outer loop
      vertex 115.5 117.3 5
      vertex 109.022 115.863 5
      vertex 109.129 115.562 5
    endloop
  endfacet
  facet normal 0 0 1
    outer loop
      vertex 115.467 117.967 5
      vertex 108.885 116.151 5
      vertex 109.022 115.863 5
    endloop
  endfacet
  facet normal 0 0 1
    outer loop
      vertex 115.207 119.274 5
      vertex 108.721 116.425 5
      vertex 108.885 116.151 5
    endloop
  endfacet
  facet normal 0 0 1
    outer loop
      vertex 107.551 117.485 5
      vertex 109.367 124.067 5
      vertex 108.7 124.1 5
    endloop
  endfacet
  facet normal 0 0 1
    outer loop
      vertex 114.697 120.506 5
      vertex 108.531 116.681 5
      vertex 108.721 116.425 5
    endloop
  endfacet
  facet normal 0 0 1
    outer loop
      vertex 113.956 121.614 5
      vertex 108.317 116.917 5
      vertex 108.531 116.681 5
    endloop
  endfacet
  facet normal 0 0 1
    outer loop
      vertex 113.014 122.556 5
      vertex 108.081 117.131 5
      vertex 108.317 116.917 5
    endloop
  endfacet
  facet normal 0 0 1
    outer loop
      vertex 111.906 123.297 5
      vertex 107.825 117.321 5
      vertex 108.081 117.131 5
    endloop
  endfacet
  facet normal 0 0 1
    outer loop
      vertex 110.027 123.969 5
      vertex 107.551 117.485 5
      vertex 107.825 117.321 5
    endloop
  endfacet
  facet normal 0 0 1
    outer loop
      vertex 108.7 124.1 5
      vertex 107.263 117.622 5
      vertex 107.551 117.485 5
    endloop
  endfacet
  facet normal 0 0 1
    outer loop
      vertex 108.7 124.1 5
      vertex 106.962 117.729 5
      vertex 107.263 117.622 5
    endloop
  endfacet
  facet normal 0 0 1
    outer loop
      vertex 108.7 124.1 5
      vertex 106.653 117.807 5
      vertex 106.962 117.729 5
    endloop
  endfacet
  facet normal 0 0 1
    outer loop
      vertex 108.7 124.1 5
      vertex 106.338 117.853 5
      vertex 106.653 117.807 5
    endloop
  endfacet
  facet normal 0 0 1
    outer loop
      vertex 108.7 124.1 5
      vertex 106.019 117.869 5
      vertex 106.338 117.853 5
    endloop
  endfacet
  facet normal 0 0 1
    outer loop
      vertex 108.7 124.1 5
      vertex 105.7 117.853 5
      vertex 106.019 117.869 5
    endloop
  endfacet
  facet normal 0 0 1
    outer loop
      vertex 108.7 124.1 5
      vertex 105.385 117.807 5
      vertex 105.7 117.853 5
    endloop
  endfacet
  facet normal 0 0 1
    outer loop
      vertex 108.7 124.1 5
      vertex 105.076 117.729 5
      vertex 105.385 117.807 5
    endloop
  endfacet
  facet normal 0 0 1
    outer loop
      vertex 108.7 124.1 5
      vertex 104.775 117.622 5
      vertex 105.076 117.729 5
    endloop
  endfacet
  facet normal 0 0 1
    outer loop
      vertex 108.7 124.1 5
      vertex 104.487 117.485 5
      vertex 104.775 117.622 5
    endloop
  endfacet
  facet normal 0 0 1
    outer loop
      vertex 108.7 124.1 5
      vertex 104.213 117.321 5
      vertex 104.487 117.485 5
    endloop
  endfacet
  facet normal 0 0 1
    outer loop
      vertex 108.7 124.1 5
      vertex 103.957 117.131 5
      vertex 104.213 117.321 5
    endloop
  endfacet
  facet normal 0 0 1
    outer loop
      vertex 108.7 124.1 5
      vertex 103.721 116.917 5
      vertex 103.957 117.131 5
    endloop
  endfacet
  facet normal 0 0 1
    outer loop
      vertex 108.7 124.1 5
      vertex 103.507 116.681 5
      vertex 103.721 116.917 5
    endloop
  endfacet
  facet normal -0 0 1
    outer loop
      vertex 10 124.1 5
      vertex 103.507 116.681 5
      vertex 108.7 124.1 5
    endloop
  endfacet
  facet normal 0 0 1
    outer loop
      vertex 69.8738 93.3567 5
      vertex 102.769 114.619 5
      vertex 102.785 114.938 5
    endloop
  endfacet
  facet normal -0 0 1
    outer loop
      vertex 85.6659 59.9672 5
      vertex 115.5 18.6 5
      vertex 86.3216 62.585 5
    endloop
  endfacet
  facet normal -0 0 1
    outer loop
      vertex 86.3216 62.585 5
      vertex 115.5 18.6 5
      vertex 86.7176 65.2545 5
    endloop
  endfacet
  facet normal 0 0 1
    outer loop
      vertex 67.3328 94.2659 5
      vertex 102.785 114.938 5
      vertex 102.831 115.253 5
    endloop
  endfacet
  facet normal 0 0 1
    outer loop
      vertex 67.3328 94.2659 5
      vertex 102.831 115.253 5
      vertex 102.909 115.562 5
    endloop
  endfacet
  facet normal 0 0 1
    outer loop
      vertex 107.825 111.917 5
      vertex 86.7176 70.6455 5
      vertex 86.85 67.95 5
    endloop
  endfacet
  facet normal 0 0 1
    outer loop
      vertex 64.715 94.9216 5
      vertex 102.909 115.562 5
      vertex 103.016 115.863 5
    endloop
  endfacet
  facet normal 0 0 1
    outer loop
      vertex 107.551 111.753 5
      vertex 86.3216 73.315 5
      vertex 86.7176 70.6455 5
    endloop
  endfacet
  facet normal 0 0 1
    outer loop
      vertex 106.962 111.509 5
      vertex 85.6659 75.9328 5
      vertex 86.3216 73.315 5
    endloop
  endfacet
  facet normal 0 0 1
    outer loop
      vertex 106.338 111.385 5
      vertex 84.7567 78.4738 5
      vertex 85.6659 75.9328 5
    endloop
  endfacet
  facet normal 0 0 1
    outer loop
      vertex 64.715 94.9216 5
      vertex 103.016 115.863 5
      vertex 103.153 116.151 5
    endloop
  endfacet
  facet normal 0 0 1
    outer loop
      vertex 105.7 111.385 5
      vertex 83.6028 80.9134 5
      vertex 84.7567 78.4738 5
    endloop
  endfacet
  facet normal 0 0 1
    outer loop
      vertex 105.076 111.509 5
      vertex 82.2154 83.2282 5
      vertex 83.6028 80.9134 5
    endloop
  endfacet
  facet normal 0 0 1
    outer loop
      vertex 62.0455 95.3176 5
      vertex 103.153 116.151 5
      vertex 103.317 116.425 5
    endloop
  endfacet
  facet normal 0 0 1
    outer loop
      vertex 104.487 111.753 5
      vertex 80.6078 85.3958 5
      vertex 82.2154 83.2282 5
    endloop
  endfacet
  facet normal 0 -0 1
    outer loop
      vertex 59.35 95.45 5
      vertex 103.507 116.681 5
      vertex 10 124.1 5
    endloop
  endfacet
  facet normal 0 0 1
    outer loop
      vertex 103.957 112.107 5
      vertex 78.7954 87.3954 5
      vertex 80.6078 85.3958 5
    endloop
  endfacet
  facet normal 0 0 1
    outer loop
      vertex 103.507 112.557 5
      vertex 76.7958 89.2078 5
      vertex 78.7954 87.3954 5
    endloop
  endfacet
  facet normal 0 0 1
    outer loop
      vertex 103.153 113.087 5
      vertex 74.6282 90.8154 5
      vertex 76.7958 89.2078 5
    endloop
  endfacet
  facet normal 0 0 1
    outer loop
      vertex 102.909 113.676 5
      vertex 72.3134 92.2028 5
      vertex 74.6282 90.8154 5
    endloop
  endfacet
  facet normal 0 0 1
    outer loop
      vertex 102.785 114.3 5
      vertex 69.8738 93.3567 5
      vertex 72.3134 92.2028 5
    endloop
  endfacet
  facet normal 0 0 1
    outer loop
      vertex 102.785 114.938 5
      vertex 67.3328 94.2659 5
      vertex 69.8738 93.3567 5
    endloop
  endfacet
  facet normal 0 0 1
    outer loop
      vertex 102.909 115.562 5
      vertex 64.715 94.9216 5
      vertex 67.3328 94.2659 5
    endloop
  endfacet
  facet normal 0 0 1
    outer loop
      vertex 103.153 116.151 5
      vertex 62.0455 95.3176 5
      vertex 64.715 94.9216 5
    endloop
  endfacet
  facet normal 0 0 1
    outer loop
      vertex 103.317 116.425 5
      vertex 59.35 95.45 5
      vertex 62.0455 95.3176 5
    endloop
  endfacet
  facet normal 0 0 1
    outer loop
      vertex 103.507 116.681 5
      vertex 59.35 95.45 5
      vertex 103.317 116.425 5
    endloop
  endfacet
  facet normal 0 0 1
    outer loop
      vertex 59.35 95.45 5
      vertex 10 124.1 5
      vertex 56.6545 95.3176 5
    endloop
  endfacet
  facet normal 0 0 1
    outer loop
      vertex 56.6545 95.3176 5
      vertex 10 124.1 5
      vertex 53.985 94.9216 5
    endloop
  endfacet
  facet normal 0 0 1
    outer loop
      vertex 53.985 94.9216 5
      vertex 10 124.1 5
      vertex 51.3672 94.2659 5
    endloop
  endfacet
  facet normal 0 0 1
    outer loop
      vertex 51.3672 94.2659 5
      vertex 10 124.1 5
      vertex 48.8262 93.3567 5
    endloop
  endfacet
  facet normal 0 0 1
    outer loop
      vertex 39.9046 48.5046 5
      vertex 15.931 21.281 5
      vertex 30 18.6 5
    endloop
  endfacet
  facet normal 0 0 1
    outer loop
      vertex 3.2 117.3 5
      vertex 31.85 67.95 5
      vertex 31.9824 70.6455 5
    endloop
  endfacet
  facet normal 0 0 1
    outer loop
      vertex 3.2 117.3 5
      vertex 31.9824 70.6455 5
      vertex 32.3784 73.315 5
    endloop
  endfacet
  facet normal 0 0 1
    outer loop
      vertex 3.2 117.3 5
      vertex 32.3784 73.315 5
      vertex 33.0341 75.9328 5
    endloop
  endfacet
  facet normal 0 0 1
    outer loop
      vertex 31.9824 65.2545 5
      vertex 15.9153 21.5995 5
      vertex 15.931 21.281 5
    endloop
  endfacet
  facet normal 0 0 1
    outer loop
      vertex 31.9824 65.2545 5
      vertex 15.8685 21.915 5
      vertex 15.9153 21.5995 5
    endloop
  endfacet
  facet normal 0 0 1
    outer loop
      vertex 31.9824 65.2545 5
      vertex 15.791 22.2244 5
      vertex 15.8685 21.915 5
    endloop
  endfacet
  facet normal 0 0 1
    outer loop
      vertex 31.9824 65.2545 5
      vertex 15.6836 22.5247 5
      vertex 15.791 22.2244 5
    endloop
  endfacet
  facet normal 0 0 1
    outer loop
      vertex 31.9824 65.2545 5
      vertex 15.5472 22.813 5
      vertex 15.6836 22.5247 5
    endloop
  endfacet
  facet normal 0 0 1
    outer loop
      vertex 31.9824 65.2545 5
      vertex 15.3832 23.0866 5
      vertex 15.5472 22.813 5
    endloop
  endfacet
  facet normal 0 0 1
    outer loop
      vertex 31.9824 65.2545 5
      vertex 15.1932 23.3427 5
      vertex 15.3832 23.0866 5
    endloop
  endfacet
  facet normal 0 0 1
    outer loop
      vertex 31.9824 65.2545 5
      vertex 14.979 23.5791 5
      vertex 15.1932 23.3427 5
    endloop
  endfacet
  facet normal 0 0 1
    outer loop
      vertex 31.9824 65.2545 5
      vertex 14.7427 23.7932 5
      vertex 14.979 23.5791 5
    endloop
  endfacet
  facet normal 0 0 1
    outer loop
      vertex 31.9824 65.2545 5
      vertex 14.4866 23.9832 5
      vertex 14.7427 23.7932 5
    endloop
  endfacet
  facet normal 0 0 1
    outer loop
      vertex 31.9824 65.2545 5
      vertex 14.213 24.1472 5
      vertex 14.4866 23.9832 5
    endloop
  endfacet
  facet normal 0 0 1
    outer loop
      vertex 3.2 117.3 5
      vertex 33.0341 75.9328 5
      vertex 33.9433 78.4738 5
    endloop
  endfacet
  facet normal 0 0 1
    outer loop
      vertex 31.9824 65.2545 5
      vertex 13.9247 24.2836 5
      vertex 14.213 24.1472 5
    endloop
  endfacet
  facet normal 0 0 1
    outer loop
      vertex 31.9824 65.2545 5
      vertex 13.6244 24.391 5
      vertex 13.9247 24.2836 5
    endloop
  endfacet
  facet normal 0 0 1
    outer loop
      vertex 31.9824 65.2545 5
      vertex 13.315 24.4685 5
      vertex 13.6244 24.391 5
    endloop
  endfacet
  facet normal 0 0 1
    outer loop
      vertex 31.9824 65.2545 5
      vertex 12.9995 24.5153 5
      vertex 13.315 24.4685 5
    endloop
  endfacet
  facet normal 0 0 1
    outer loop
      vertex 31.9824 65.2545 5
      vertex 12.681 24.531 5
      vertex 12.9995 24.5153 5
    endloop
  endfacet
  facet normal 0 0 1
    outer loop
      vertex 31.9824 65.2545 5
      vertex 12.3624 24.5153 5
      vertex 12.681 24.531 5
    endloop
  endfacet
  facet normal 0 0 1
    outer loop
      vertex 31.9824 65.2545 5
      vertex 12.0469 24.4685 5
      vertex 12.3624 24.5153 5
    endloop
  endfacet
  facet normal 0 0 1
    outer loop
      vertex 31.9824 65.2545 5
      vertex 11.7375 24.391 5
      vertex 12.0469 24.4685 5
    endloop
  endfacet
  facet normal 0 0 1
    outer loop
      vertex 31.9824 65.2545 5
      vertex 11.4372 24.2836 5
      vertex 11.7375 24.391 5
    endloop
  endfacet
  facet normal 0 0 1
    outer loop
      vertex 31.9824 65.2545 5
      vertex 11.1489 24.1472 5
      vertex 11.4372 24.2836 5
    endloop
  endfacet
  facet normal 0 0 1
    outer loop
      vertex 31.9824 65.2545 5
      vertex 10.8753 23.9832 5
      vertex 11.1489 24.1472 5
    endloop
  endfacet
  facet normal 0 0 1
    outer loop
      vertex 31.85 67.95 5
      vertex 3.2 117.3 5
      vertex 10.6192 23.7932 5
    endloop
  endfacet
  facet normal 0 0 1
    outer loop
      vertex 31.85 67.95 5
      vertex 10.6192 23.7932 5
      vertex 10.8753 23.9832 5
    endloop
  endfacet
  facet normal 0 0 1
    outer loop
      vertex 3.2 18.6 5
      vertex 10.6192 23.7932 5
      vertex 3.2 117.3 5
    endloop
  endfacet
  facet normal 0 0 1
    outer loop
      vertex 48.8262 93.3567 5
      vertex 10 124.1 5
      vertex 46.3866 92.2028 5
    endloop
  endfacet
  facet normal 0 0 1
    outer loop
      vertex 10 124.1 5
      vertex 44.0718 90.8154 5
      vertex 46.3866 92.2028 5
    endloop
  endfacet
  facet normal 0 0 1
    outer loop
      vertex 10 124.1 5
      vertex 41.9042 89.2078 5
      vertex 44.0718 90.8154 5
    endloop
  endfacet
  facet normal 0 0 1
    outer loop
      vertex 10 124.1 5
      vertex 39.9046 87.3954 5
      vertex 41.9042 89.2078 5
    endloop
  endfacet
  facet normal -0 0 1
    outer loop
      vertex 3.2 117.3 5
      vertex 39.9046 87.3954 5
      vertex 10 124.1 5
    endloop
  endfacet
  facet normal 0 0 1
    outer loop
      vertex 39.9046 87.3954 5
      vertex 3.2 117.3 5
      vertex 38.0922 85.3958 5
    endloop
  endfacet
  facet normal 0 0 1
    outer loop
      vertex 38.0922 85.3958 5
      vertex 3.2 117.3 5
      vertex 36.4846 83.2282 5
    endloop
  endfacet
  facet normal 0 0 1
    outer loop
      vertex 36.4846 83.2282 5
      vertex 3.2 117.3 5
      vertex 35.0972 80.9134 5
    endloop
  endfacet
  facet normal 0 0 1
    outer loop
      vertex 35.0972 80.9134 5
      vertex 3.2 117.3 5
      vertex 33.9433 78.4738 5
    endloop
  endfacet
  facet normal 0 0 1
    outer loop
      vertex 10.6192 23.7932 5
      vertex 3.2 18.6 5
      vertex 10.3829 23.5791 5
    endloop
  endfacet
  facet normal 0 0 1
    outer loop
      vertex 10.3829 23.5791 5
      vertex 3.2 18.6 5
      vertex 10.1687 23.3427 5
    endloop
  endfacet
  facet normal 0 0 1
    outer loop
      vertex 10.1687 23.3427 5
      vertex 3.2 18.6 5
      vertex 9.97868 23.0866 5
    endloop
  endfacet
  facet normal 0 0 1
    outer loop
      vertex 9.97868 23.0866 5
      vertex 3.2 18.6 5
      vertex 9.81471 22.813 5
    endloop
  endfacet
  facet normal 0 0 1
    outer loop
      vertex 9.81471 22.813 5
      vertex 3.2 18.6 5
      vertex 9.67834 22.5247 5
    endloop
  endfacet
  facet normal 0 0 1
    outer loop
      vertex 9.67834 22.5247 5
      vertex 3.2 18.6 5
      vertex 9.5709 22.2244 5
    endloop
  endfacet
  facet normal 0 0 1
    outer loop
      vertex 9.5709 22.2244 5
      vertex 3.2 18.6 5
      vertex 9.4934 21.915 5
    endloop
  endfacet
  facet normal 0 0 1
    outer loop
      vertex 3.2 117.3 5
      vertex 10 124.1 5
      vertex 9.33348 124.067 5
    endloop
  endfacet
  facet normal 0 0 1
    outer loop
      vertex 113.508 13.7917 5
      vertex 108.7 18.6 5
      vertex 113.014 13.3435 5
    endloop
  endfacet
  facet normal 0 0 1
    outer loop
      vertex 110.674 12.0928 5
      vertex 108.7 18.6 5
      vertex 110.027 11.9307 5
    endloop
  endfacet
  facet normal 0 0 1
    outer loop
      vertex 111.302 12.3176 5
      vertex 108.7 18.6 5
      vertex 110.674 12.0928 5
    endloop
  endfacet
  facet normal 0 0 1
    outer loop
      vertex 111.906 12.6029 5
      vertex 108.7 18.6 5
      vertex 111.302 12.3176 5
    endloop
  endfacet
  facet normal 0 0 1
    outer loop
      vertex 112.478 12.946 5
      vertex 108.7 18.6 5
      vertex 111.906 12.6029 5
    endloop
  endfacet
  facet normal 0 0 1
    outer loop
      vertex 113.014 13.3435 5
      vertex 108.7 18.6 5
      vertex 112.478 12.946 5
    endloop
  endfacet
  facet normal 0 0 1
    outer loop
      vertex 110.027 11.9307 5
      vertex 108.7 18.6 5
      vertex 109.367 11.8327 5
    endloop
  endfacet
  facet normal 0 0 1
    outer loop
      vertex 109.367 11.8327 5
      vertex 108.7 18.6 5
      vertex 108.7 11.8 5
    endloop
  endfacet
  facet normal -0 0 1
    outer loop
      vertex 84.7567 57.4262 5
      vertex 115.5 18.6 5
      vertex 85.6659 59.9672 5
    endloop
  endfacet
  facet normal 0 0 1
    outer loop
      vertex 115.5 18.6 5
      vertex 84.7567 57.4262 5
      vertex 108.7 18.6 5
    endloop
  endfacet
  facet normal -0 0 1
    outer loop
      vertex 83.6028 54.9866 5
      vertex 108.7 18.6 5
      vertex 84.7567 57.4262 5
    endloop
  endfacet
  facet normal -0 0 1
    outer loop
      vertex 82.2154 52.6718 5
      vertex 108.7 18.6 5
      vertex 83.6028 54.9866 5
    endloop
  endfacet
  facet normal -0 0 1
    outer loop
      vertex 80.6078 50.5042 5
      vertex 108.7 18.6 5
      vertex 82.2154 52.6718 5
    endloop
  endfacet
  facet normal 0 0 1
    outer loop
      vertex 108.7 18.6 5
      vertex 80.6078 50.5042 5
      vertex 88.7 18.6 5
    endloop
  endfacet
  facet normal -0 0 1
    outer loop
      vertex 78.7954 48.5046 5
      vertex 88.7 18.6 5
      vertex 80.6078 50.5042 5
    endloop
  endfacet
  facet normal -0 0 1
    outer loop
      vertex 76.7958 46.6922 5
      vertex 88.7 18.6 5
      vertex 78.7954 48.5046 5
    endloop
  endfacet
  facet normal -0 0 1
    outer loop
      vertex 74.6282 45.0846 5
      vertex 88.7 18.6 5
      vertex 76.7958 46.6922 5
    endloop
  endfacet
  facet normal -0 0 1
    outer loop
      vertex 72.3134 43.6972 5
      vertex 88.7 18.6 5
      vertex 74.6282 45.0846 5
    endloop
  endfacet
  facet normal -0 0 1
    outer loop
      vertex 69.8738 42.5433 5
      vertex 88.7 18.6 5
      vertex 72.3134 43.6972 5
    endloop
  endfacet
  facet normal -0 0 1
    outer loop
      vertex 67.3328 41.6341 5
      vertex 88.7 18.6 5
      vertex 69.8738 42.5433 5
    endloop
  endfacet
  facet normal -0 0 1
    outer loop
      vertex 64.715 40.9784 5
      vertex 88.7 18.6 5
      vertex 67.3328 41.6341 5
    endloop
  endfacet
  facet normal -0 0 1
    outer loop
      vertex 62.0455 40.5824 5
      vertex 88.7 18.6 5
      vertex 64.715 40.9784 5
    endloop
  endfacet
  facet normal 0 0 1
    outer loop
      vertex 88.7 18.6 5
      vertex 62.0455 40.5824 5
      vertex 88.7 11.8 5
    endloop
  endfacet
  facet normal -0 0 1
    outer loop
      vertex 59.35 40.45 5
      vertex 88.7 11.8 5
      vertex 62.0455 40.5824 5
    endloop
  endfacet
  facet normal 0 0 1
    outer loop
      vertex 30 11.8 5
      vertex 59.35 40.45 5
      vertex 56.6545 40.5824 5
    endloop
  endfacet
  facet normal 0 0 1
    outer loop
      vertex 30 18.6 5
      vertex 56.6545 40.5824 5
      vertex 53.985 40.9784 5
    endloop
  endfacet
  facet normal 0 0 1
    outer loop
      vertex 30 18.6 5
      vertex 53.985 40.9784 5
      vertex 51.3672 41.6341 5
    endloop
  endfacet
  facet normal 0 0 1
    outer loop
      vertex 30 18.6 5
      vertex 51.3672 41.6341 5
      vertex 48.8262 42.5433 5
    endloop
  endfacet
  facet normal 0 0 1
    outer loop
      vertex 30 18.6 5
      vertex 48.8262 42.5433 5
      vertex 46.3866 43.6972 5
    endloop
  endfacet
  facet normal 0 0 1
    outer loop
      vertex 30 18.6 5
      vertex 46.3866 43.6972 5
      vertex 44.0718 45.0846 5
    endloop
  endfacet
  facet normal 0 0 1
    outer loop
      vertex 30 18.6 5
      vertex 44.0718 45.0846 5
      vertex 41.9042 46.6922 5
    endloop
  endfacet
  facet normal 0 0 1
    outer loop
      vertex 10.8753 23.9832 5
      vertex 31.9824 65.2545 5
      vertex 31.85 67.95 5
    endloop
  endfacet
  facet normal 0 0 1
    outer loop
      vertex 15.931 21.281 5
      vertex 32.3784 62.585 5
      vertex 31.9824 65.2545 5
    endloop
  endfacet
  facet normal 0 0 1
    outer loop
      vertex 15.931 21.281 5
      vertex 33.0341 59.9672 5
      vertex 32.3784 62.585 5
    endloop
  endfacet
  facet normal 0 0 1
    outer loop
      vertex 15.931 21.281 5
      vertex 33.9433 57.4262 5
      vertex 33.0341 59.9672 5
    endloop
  endfacet
  facet normal 0 0 1
    outer loop
      vertex 15.931 21.281 5
      vertex 35.0972 54.9866 5
      vertex 33.9433 57.4262 5
    endloop
  endfacet
  facet normal 0 0 1
    outer loop
      vertex 15.931 21.281 5
      vertex 36.4846 52.6718 5
      vertex 35.0972 54.9866 5
    endloop
  endfacet
  facet normal 0 0 1
    outer loop
      vertex 15.931 21.281 5
      vertex 38.0922 50.5042 5
      vertex 36.4846 52.6718 5
    endloop
  endfacet
  facet normal 0 0 1
    outer loop
      vertex 15.931 21.281 5
      vertex 39.9046 48.5046 5
      vertex 38.0922 50.5042 5
    endloop
  endfacet
  facet normal 0 0 1
    outer loop
      vertex 30 18.6 5
      vertex 41.9042 46.6922 5
      vertex 39.9046 48.5046 5
    endloop
  endfacet
  facet normal 0 0 1
    outer loop
      vertex 56.6545 40.5824 5
      vertex 30 18.6 5
      vertex 30 11.8 5
    endloop
  endfacet
  facet normal 0 0 1
    outer loop
      vertex 59.35 40.45 5
      vertex 30 11.8 5
      vertex 88.7 11.8 5
    endloop
  endfacet
  facet normal -0 0 1
    outer loop
      vertex 15.9153 20.9624 5
      vertex 30 18.6 5
      vertex 15.931 21.281 5
    endloop
  endfacet
  facet normal -0 0 1
    outer loop
      vertex 15.8685 20.6469 5
      vertex 30 18.6 5
      vertex 15.9153 20.9624 5
    endloop
  endfacet
  facet normal -0 0 1
    outer loop
      vertex 15.791 20.3375 5
      vertex 30 18.6 5
      vertex 15.8685 20.6469 5
    endloop
  endfacet
  facet normal -0 0 1
    outer loop
      vertex 15.6836 20.0372 5
      vertex 30 18.6 5
      vertex 15.791 20.3375 5
    endloop
  endfacet
  facet normal -0 0 1
    outer loop
      vertex 15.5472 19.7489 5
      vertex 30 18.6 5
      vertex 15.6836 20.0372 5
    endloop
  endfacet
  facet normal -0 0 1
    outer loop
      vertex 15.3832 19.4753 5
      vertex 30 18.6 5
      vertex 15.5472 19.7489 5
    endloop
  endfacet
  facet normal -0 0 1
    outer loop
      vertex 15.1932 19.2192 5
      vertex 30 18.6 5
      vertex 15.3832 19.4753 5
    endloop
  endfacet
  facet normal -0 0 1
    outer loop
      vertex 14.979 18.9829 5
      vertex 30 18.6 5
      vertex 15.1932 19.2192 5
    endloop
  endfacet
  facet normal -0 0 1
    outer loop
      vertex 14.7427 18.7687 5
      vertex 30 18.6 5
      vertex 14.979 18.9829 5
    endloop
  endfacet
  facet normal 0 0 1
    outer loop
      vertex 30 18.6 5
      vertex 14.7427 18.7687 5
      vertex 14.5153 18.6 5
    endloop
  endfacet
  facet normal 0 0 1
    outer loop
      vertex 10.6192 18.7687 5
      vertex 10 18.6 5
      vertex 10.8466 18.6 5
    endloop
  endfacet
  facet normal 0 0 1
    outer loop
      vertex 10.3829 18.9829 5
      vertex 10 18.6 5
      vertex 10.6192 18.7687 5
    endloop
  endfacet
  facet normal 0 0 1
    outer loop
      vertex 10.1687 19.2192 5
      vertex 10 18.6 5
      vertex 10.3829 18.9829 5
    endloop
  endfacet
  facet normal 0 0 1
    outer loop
      vertex 9.97868 19.4753 5
      vertex 10 18.6 5
      vertex 10.1687 19.2192 5
    endloop
  endfacet
  facet normal 0 0 1
    outer loop
      vertex 9.81471 19.7489 5
      vertex 10 18.6 5
      vertex 9.97868 19.4753 5
    endloop
  endfacet
  facet normal 0 0 1
    outer loop
      vertex 9.67834 20.0372 5
      vertex 10 18.6 5
      vertex 9.81471 19.7489 5
    endloop
  endfacet
  facet normal 0 0 1
    outer loop
      vertex 3.2 18.6 5
      vertex 10 18.6 5
      vertex 9.67834 20.0372 5
    endloop
  endfacet
  facet normal 0 0 1
    outer loop
      vertex 3.2 18.6 5
      vertex 9.67834 20.0372 5
      vertex 9.5709 20.3375 5
    endloop
  endfacet
  facet normal 0 0 1
    outer loop
      vertex 3.2 18.6 5
      vertex 9.5709 20.3375 5
      vertex 9.4934 20.6469 5
    endloop
  endfacet
  facet normal 0 0 1
    outer loop
      vertex 3.2 18.6 5
      vertex 9.4934 20.6469 5
      vertex 9.4466 20.9624 5
    endloop
  endfacet
  facet normal 0 0 1
    outer loop
      vertex 10 18.6 5
      vertex 9.33348 11.8327 5
      vertex 10 11.8 5
    endloop
  endfacet
  facet normal 0 0 1
    outer loop
      vertex 3.2 18.6 5
      vertex 9.4466 20.9624 5
      vertex 9.43095 21.281 5
    endloop
  endfacet
  facet normal 0 0 1
    outer loop
      vertex 9.4934 21.915 5
      vertex 3.2 18.6 5
      vertex 9.4466 21.5995 5
    endloop
  endfacet
  facet normal 0 0 1
    outer loop
      vertex 3.2 117.3 5
      vertex 9.33348 124.067 5
      vertex 8.67339 123.969 5
    endloop
  endfacet
  facet normal 0 0 1
    outer loop
      vertex 9.4466 21.5995 5
      vertex 3.2 18.6 5
      vertex 9.43095 21.281 5
    endloop
  endfacet
  facet normal 0 0 1
    outer loop
      vertex 3.2 117.3 5
      vertex 8.67339 123.969 5
      vertex 8.02606 123.807 5
    endloop
  endfacet
  facet normal 0 0 1
    outer loop
      vertex 10 18.6 5
      vertex 3.2 18.6 5
      vertex 3.23274 17.9335 5
    endloop
  endfacet
  facet normal 0 0 1
    outer loop
      vertex 3.2 117.3 5
      vertex 8.02606 123.807 5
      vertex 7.39775 123.582 5
    endloop
  endfacet
  facet normal 0 0 1
    outer loop
      vertex 10 18.6 5
      vertex 8.67339 11.9307 5
      vertex 9.33348 11.8327 5
    endloop
  endfacet
  facet normal 0 0 1
    outer loop
      vertex 3.2 117.3 5
      vertex 7.39775 123.582 5
      vertex 6.79449 123.297 5
    endloop
  endfacet
  facet normal 0 0 1
    outer loop
      vertex 10 18.6 5
      vertex 8.02606 12.0928 5
      vertex 8.67339 11.9307 5
    endloop
  endfacet
  facet normal 0 0 1
    outer loop
      vertex 3.2 117.3 5
      vertex 6.79449 123.297 5
      vertex 6.22212 122.954 5
    endloop
  endfacet
  facet normal 0 0 1
    outer loop
      vertex 10 18.6 5
      vertex 7.39775 12.3176 5
      vertex 8.02606 12.0928 5
    endloop
  endfacet
  facet normal 0 0 1
    outer loop
      vertex 3.2 117.3 5
      vertex 6.22212 122.954 5
      vertex 5.68613 122.556 5
    endloop
  endfacet
  facet normal 0 0 1
    outer loop
      vertex 10 18.6 5
      vertex 6.79449 12.6029 5
      vertex 7.39775 12.3176 5
    endloop
  endfacet
  facet normal 0 0 1
    outer loop
      vertex 3.2 117.3 5
      vertex 5.68613 122.556 5
      vertex 5.19168 122.108 5
    endloop
  endfacet
  facet normal 0 0 1
    outer loop
      vertex 10 18.6 5
      vertex 6.22212 12.946 5
      vertex 6.79449 12.6029 5
    endloop
  endfacet
  facet normal 0 0 1
    outer loop
      vertex 3.2 117.3 5
      vertex 5.19168 122.108 5
      vertex 4.74353 121.614 5
    endloop
  endfacet
  facet normal 0 0 1
    outer loop
      vertex 10 18.6 5
      vertex 5.68613 13.3435 5
      vertex 6.22212 12.946 5
    endloop
  endfacet
  facet normal 0 0 1
    outer loop
      vertex 3.2 117.3 5
      vertex 4.74353 121.614 5
      vertex 4.34601 121.078 5
    endloop
  endfacet
  facet normal 0 0 1
    outer loop
      vertex 10 18.6 5
      vertex 5.19168 13.7917 5
      vertex 5.68613 13.3435 5
    endloop
  endfacet
  facet normal 0 0 1
    outer loop
      vertex 3.2 117.3 5
      vertex 4.34601 121.078 5
      vertex 4.00293 120.506 5
    endloop
  endfacet
  facet normal 0 0 1
    outer loop
      vertex 10 18.6 5
      vertex 4.74353 14.2861 5
      vertex 5.19168 13.7917 5
    endloop
  endfacet
  facet normal 0 0 1
    outer loop
      vertex 3.2 117.3 5
      vertex 4.00293 120.506 5
      vertex 3.71762 119.902 5
    endloop
  endfacet
  facet normal 0 0 1
    outer loop
      vertex 10 18.6 5
      vertex 4.34601 14.8221 5
      vertex 4.74353 14.2861 5
    endloop
  endfacet
  facet normal 0 0 1
    outer loop
      vertex 3.2 117.3 5
      vertex 3.71762 119.902 5
      vertex 3.49281 119.274 5
    endloop
  endfacet
  facet normal 0 0 1
    outer loop
      vertex 10 18.6 5
      vertex 4.00293 15.3945 5
      vertex 4.34601 14.8221 5
    endloop
  endfacet
  facet normal 0 0 1
    outer loop
      vertex 3.2 117.3 5
      vertex 3.49281 119.274 5
      vertex 3.33066 118.627 5
    endloop
  endfacet
  facet normal 0 0 1
    outer loop
      vertex 10 18.6 5
      vertex 3.71762 15.9978 5
      vertex 4.00293 15.3945 5
    endloop
  endfacet
  facet normal 0 0 1
    outer loop
      vertex 3.2 117.3 5
      vertex 3.33066 118.627 5
      vertex 3.23274 117.967 5
    endloop
  endfacet
  facet normal 0 0 1
    outer loop
      vertex 10 18.6 5
      vertex 3.49281 16.6261 5
      vertex 3.71762 15.9978 5
    endloop
  endfacet
  facet normal 0 0 1
    outer loop
      vertex 10 18.6 5
      vertex 3.33066 17.2734 5
      vertex 3.49281 16.6261 5
    endloop
  endfacet
  facet normal 0 0 1
    outer loop
      vertex 10 18.6 5
      vertex 3.23274 17.9335 5
      vertex 3.33066 17.2734 5
    endloop
  endfacet
  facet normal -0.146651 0.989188 0
    outer loop
      vertex 13.0321 19.5155 0
      vertex 12.8574 19.4896 2
      vertex 13.0321 19.5155 2
    endloop
  endfacet
  facet normal -0.146651 0.989188 0
    outer loop
      vertex 12.8574 19.4896 2
      vertex 13.0321 19.5155 0
      vertex 12.8574 19.4896 0
    endloop
  endfacet
  facet normal -0.595552 -0.803316 0
    outer loop
      vertex 13.681 22.7776 0
      vertex 13.8229 22.6724 2
      vertex 13.681 22.7776 2
    endloop
  endfacet
  facet normal -0.595552 -0.803316 -0
    outer loop
      vertex 13.8229 22.6724 2
      vertex 13.681 22.7776 0
      vertex 13.8229 22.6724 0
    endloop
  endfacet
  facet normal -0.989188 -0.146651 0
    outer loop
      vertex 14.4723 21.4574 0
      vertex 14.4464 21.6321 2
      vertex 14.4464 21.6321 0
    endloop
  endfacet
  facet normal -0.989188 -0.146651 0
    outer loop
      vertex 14.4464 21.6321 2
      vertex 14.4723 21.4574 0
      vertex 14.4723 21.4574 2
    endloop
  endfacet
  facet normal -0.998786 -0.0492599 0
    outer loop
      vertex 14.481 21.281 0
      vertex 14.4723 21.4574 2
      vertex 14.4723 21.4574 0
    endloop
  endfacet
  facet normal -0.998786 -0.0492599 0
    outer loop
      vertex 14.4723 21.4574 2
      vertex 14.481 21.281 0
      vertex 14.481 21.281 2
    endloop
  endfacet
  facet normal -0.969942 -0.243334 0
    outer loop
      vertex 14.4464 21.6321 0
      vertex 14.4034 21.8035 2
      vertex 14.4034 21.8035 0
    endloop
  endfacet
  facet normal -0.969942 -0.243334 0
    outer loop
      vertex 14.4034 21.8035 2
      vertex 14.4464 21.6321 0
      vertex 14.4464 21.6321 2
    endloop
  endfacet
  facet normal 0.427405 -0.90406 0
    outer loop
      vertex 11.8324 22.8684 0
      vertex 11.9921 22.9439 2
      vertex 11.8324 22.8684 2
    endloop
  endfacet
  facet normal 0.427405 -0.90406 0
    outer loop
      vertex 11.9921 22.9439 2
      vertex 11.8324 22.8684 0
      vertex 11.9921 22.9439 0
    endloop
  endfacet
  facet normal -0.336874 -0.94155 0
    outer loop
      vertex 13.2035 23.0034 0
      vertex 13.3698 22.9439 2
      vertex 13.2035 23.0034 2
    endloop
  endfacet
  facet normal -0.336874 -0.94155 -0
    outer loop
      vertex 13.3698 22.9439 2
      vertex 13.2035 23.0034 0
      vertex 13.3698 22.9439 0
    endloop
  endfacet
  facet normal 0.595552 -0.803316 0
    outer loop
      vertex 11.539 22.6724 0
      vertex 11.6809 22.7776 2
      vertex 11.539 22.6724 2
    endloop
  endfacet
  facet normal 0.595552 -0.803316 0
    outer loop
      vertex 11.6809 22.7776 2
      vertex 11.539 22.6724 0
      vertex 11.6809 22.7776 0
    endloop
  endfacet
  facet normal -0.427405 0.90406 0
    outer loop
      vertex 13.5295 19.6935 0
      vertex 13.3698 19.618 2
      vertex 13.5295 19.6935 2
    endloop
  endfacet
  facet normal -0.427405 0.90406 0
    outer loop
      vertex 13.3698 19.618 2
      vertex 13.5295 19.6935 0
      vertex 13.3698 19.618 0
    endloop
  endfacet
  facet normal -0.998787 0.049232 0
    outer loop
      vertex 14.4723 21.1045 0
      vertex 14.481 21.281 2
      vertex 14.481 21.281 0
    endloop
  endfacet
  facet normal -0.998787 0.049232 0
    outer loop
      vertex 14.481 21.281 2
      vertex 14.4723 21.1045 0
      vertex 14.4723 21.1045 2
    endloop
  endfacet
  facet normal 0.336874 -0.94155 0
    outer loop
      vertex 11.9921 22.9439 0
      vertex 12.1584 23.0034 2
      vertex 11.9921 22.9439 2
    endloop
  endfacet
  facet normal 0.336874 -0.94155 0
    outer loop
      vertex 12.1584 23.0034 2
      vertex 11.9921 22.9439 0
      vertex 12.1584 23.0034 0
    endloop
  endfacet
  facet normal -0.336874 0.94155 0
    outer loop
      vertex 13.3698 19.618 0
      vertex 13.2035 19.5585 2
      vertex 13.3698 19.618 2
    endloop
  endfacet
  facet normal -0.336874 0.94155 0
    outer loop
      vertex 13.2035 19.5585 2
      vertex 13.3698 19.618 0
      vertex 13.2035 19.5585 0
    endloop
  endfacet
  facet normal -0.514079 -0.857743 0
    outer loop
      vertex 13.5295 22.8684 0
      vertex 13.681 22.7776 2
      vertex 13.5295 22.8684 2
    endloop
  endfacet
  facet normal -0.514079 -0.857743 -0
    outer loop
      vertex 13.681 22.7776 2
      vertex 13.5295 22.8684 0
      vertex 13.681 22.7776 0
    endloop
  endfacet
  facet normal 0.427405 0.90406 -0
    outer loop
      vertex 11.9921 19.618 0
      vertex 11.8324 19.6935 2
      vertex 11.9921 19.618 2
    endloop
  endfacet
  facet normal 0.427405 0.90406 0
    outer loop
      vertex 11.8324 19.6935 2
      vertex 11.9921 19.618 0
      vertex 11.8324 19.6935 0
    endloop
  endfacet
  facet normal 0.803316 0.595552 0
    outer loop
      vertex 11.2895 20.139 2
      vertex 11.1843 20.2809 0
      vertex 11.1843 20.2809 2
    endloop
  endfacet
  facet normal 0.803316 0.595552 0
    outer loop
      vertex 11.1843 20.2809 0
      vertex 11.2895 20.139 2
      vertex 11.2895 20.139 0
    endloop
  endfacet
  facet normal 0.857743 0.514079 0
    outer loop
      vertex 11.1843 20.2809 2
      vertex 11.0935 20.4324 0
      vertex 11.0935 20.4324 2
    endloop
  endfacet
  facet normal 0.857743 0.514079 0
    outer loop
      vertex 11.0935 20.4324 0
      vertex 11.1843 20.2809 2
      vertex 11.1843 20.2809 0
    endloop
  endfacet
  facet normal 0.857743 -0.514079 0
    outer loop
      vertex 11.0935 22.1295 2
      vertex 11.1843 22.281 0
      vertex 11.1843 22.281 2
    endloop
  endfacet
  facet normal 0.857743 -0.514079 0
    outer loop
      vertex 11.1843 22.281 0
      vertex 11.0935 22.1295 2
      vertex 11.0935 22.1295 0
    endloop
  endfacet
  facet normal 0.049232 -0.998787 0
    outer loop
      vertex 12.5045 23.0723 0
      vertex 12.681 23.081 2
      vertex 12.5045 23.0723 2
    endloop
  endfacet
  facet normal 0.049232 -0.998787 0
    outer loop
      vertex 12.681 23.081 2
      vertex 12.5045 23.0723 0
      vertex 12.681 23.081 0
    endloop
  endfacet
  facet normal -0.803316 0.595552 0
    outer loop
      vertex 14.0724 20.139 0
      vertex 14.1776 20.2809 2
      vertex 14.1776 20.2809 0
    endloop
  endfacet
  facet normal -0.803316 0.595552 0
    outer loop
      vertex 14.1776 20.2809 2
      vertex 14.0724 20.139 0
      vertex 14.0724 20.139 2
    endloop
  endfacet
  facet normal -0.514079 0.857743 0
    outer loop
      vertex 13.681 19.7843 0
      vertex 13.5295 19.6935 2
      vertex 13.681 19.7843 2
    endloop
  endfacet
  facet normal -0.514079 0.857743 0
    outer loop
      vertex 13.5295 19.6935 2
      vertex 13.681 19.7843 0
      vertex 13.5295 19.6935 0
    endloop
  endfacet
  facet normal -0.94155 0.336874 0
    outer loop
      vertex 14.3439 20.5921 0
      vertex 14.4034 20.7584 2
      vertex 14.4034 20.7584 0
    endloop
  endfacet
  facet normal -0.94155 0.336874 0
    outer loop
      vertex 14.4034 20.7584 2
      vertex 14.3439 20.5921 0
      vertex 14.3439 20.5921 2
    endloop
  endfacet
  facet normal 0.672024 -0.740529 0
    outer loop
      vertex 11.4082 22.5537 0
      vertex 11.539 22.6724 2
      vertex 11.4082 22.5537 2
    endloop
  endfacet
  facet normal 0.672024 -0.740529 0
    outer loop
      vertex 11.539 22.6724 2
      vertex 11.4082 22.5537 0
      vertex 11.539 22.6724 0
    endloop
  endfacet
  facet normal 0.146651 -0.989188 0
    outer loop
      vertex 12.3298 23.0464 0
      vertex 12.5045 23.0723 2
      vertex 12.3298 23.0464 2
    endloop
  endfacet
  facet normal 0.146651 -0.989188 0
    outer loop
      vertex 12.5045 23.0723 2
      vertex 12.3298 23.0464 0
      vertex 12.5045 23.0723 0
    endloop
  endfacet
  facet normal 0.146651 0.989188 -0
    outer loop
      vertex 12.5045 19.4896 0
      vertex 12.3298 19.5155 2
      vertex 12.5045 19.4896 2
    endloop
  endfacet
  facet normal 0.146651 0.989188 0
    outer loop
      vertex 12.3298 19.5155 2
      vertex 12.5045 19.4896 0
      vertex 12.3298 19.5155 0
    endloop
  endfacet
  facet normal 0.90406 0.427405 0
    outer loop
      vertex 11.0935 20.4324 2
      vertex 11.018 20.5921 0
      vertex 11.018 20.5921 2
    endloop
  endfacet
  facet normal 0.90406 0.427405 0
    outer loop
      vertex 11.018 20.5921 0
      vertex 11.0935 20.4324 2
      vertex 11.0935 20.4324 0
    endloop
  endfacet
  facet normal -0.672024 -0.740529 0
    outer loop
      vertex 13.8229 22.6724 0
      vertex 13.9537 22.5537 2
      vertex 13.8229 22.6724 2
    endloop
  endfacet
  facet normal -0.672024 -0.740529 -0
    outer loop
      vertex 13.9537 22.5537 2
      vertex 13.8229 22.6724 0
      vertex 13.9537 22.5537 0
    endloop
  endfacet
  facet normal -0.857743 0.514079 0
    outer loop
      vertex 14.1776 20.2809 0
      vertex 14.2684 20.4324 2
      vertex 14.2684 20.4324 0
    endloop
  endfacet
  facet normal -0.857743 0.514079 0
    outer loop
      vertex 14.2684 20.4324 2
      vertex 14.1776 20.2809 0
      vertex 14.1776 20.2809 2
    endloop
  endfacet
  facet normal 0.514079 -0.857743 0
    outer loop
      vertex 11.6809 22.7776 0
      vertex 11.8324 22.8684 2
      vertex 11.6809 22.7776 2
    endloop
  endfacet
  facet normal 0.514079 -0.857743 0
    outer loop
      vertex 11.8324 22.8684 2
      vertex 11.6809 22.7776 0
      vertex 11.8324 22.8684 0
    endloop
  endfacet
  facet normal 0.243334 -0.969942 0
    outer loop
      vertex 12.1584 23.0034 0
      vertex 12.3298 23.0464 2
      vertex 12.1584 23.0034 2
    endloop
  endfacet
  facet normal 0.243334 -0.969942 0
    outer loop
      vertex 12.3298 23.0464 2
      vertex 12.1584 23.0034 0
      vertex 12.3298 23.0464 0
    endloop
  endfacet
  facet normal -0.427405 -0.90406 0
    outer loop
      vertex 13.3698 22.9439 0
      vertex 13.5295 22.8684 2
      vertex 13.3698 22.9439 2
    endloop
  endfacet
  facet normal -0.427405 -0.90406 -0
    outer loop
      vertex 13.5295 22.8684 2
      vertex 13.3698 22.9439 0
      vertex 13.5295 22.8684 0
    endloop
  endfacet
  facet normal -0.048695 0.998814 0
    outer loop
      vertex 12.8574 19.4896 0
      vertex 12.681 19.481 2
      vertex 12.8574 19.4896 2
    endloop
  endfacet
  facet normal -0.048695 0.998814 0
    outer loop
      vertex 12.681 19.481 2
      vertex 12.8574 19.4896 0
      vertex 12.681 19.481 0
    endloop
  endfacet
  facet normal -0.803316 -0.595552 0
    outer loop
      vertex 14.1776 22.281 0
      vertex 14.0724 22.4229 2
      vertex 14.0724 22.4229 0
    endloop
  endfacet
  facet normal -0.803316 -0.595552 0
    outer loop
      vertex 14.0724 22.4229 2
      vertex 14.1776 22.281 0
      vertex 14.1776 22.281 2
    endloop
  endfacet
  facet normal -0.0492599 -0.998786 0
    outer loop
      vertex 12.681 23.081 0
      vertex 12.8574 23.0723 2
      vertex 12.681 23.081 2
    endloop
  endfacet
  facet normal -0.0492599 -0.998786 -0
    outer loop
      vertex 12.8574 23.0723 2
      vertex 12.681 23.081 0
      vertex 12.8574 23.0723 0
    endloop
  endfacet
  facet normal 0.989188 -0.146651 0
    outer loop
      vertex 10.8896 21.4574 2
      vertex 10.9155 21.6321 0
      vertex 10.9155 21.6321 2
    endloop
  endfacet
  facet normal 0.989188 -0.146651 0
    outer loop
      vertex 10.9155 21.6321 0
      vertex 10.8896 21.4574 2
      vertex 10.8896 21.4574 0
    endloop
  endfacet
  facet normal 0.336874 0.94155 -0
    outer loop
      vertex 12.1584 19.5585 0
      vertex 11.9921 19.618 2
      vertex 12.1584 19.5585 2
    endloop
  endfacet
  facet normal 0.336874 0.94155 0
    outer loop
      vertex 11.9921 19.618 2
      vertex 12.1584 19.5585 0
      vertex 11.9921 19.618 0
    endloop
  endfacet
  facet normal 0.969942 -0.243334 0
    outer loop
      vertex 10.9155 21.6321 2
      vertex 10.9585 21.8035 0
      vertex 10.9585 21.8035 2
    endloop
  endfacet
  facet normal 0.969942 -0.243334 0
    outer loop
      vertex 10.9585 21.8035 0
      vertex 10.9155 21.6321 2
      vertex 10.9155 21.6321 0
    endloop
  endfacet
  facet normal 0.0486675 0.998815 -0
    outer loop
      vertex 12.681 19.481 0
      vertex 12.5045 19.4896 2
      vertex 12.681 19.481 2
    endloop
  endfacet
  facet normal 0.0486675 0.998815 0
    outer loop
      vertex 12.5045 19.4896 2
      vertex 12.681 19.481 0
      vertex 12.5045 19.4896 0
    endloop
  endfacet
  facet normal 0.998814 -0.048695 0
    outer loop
      vertex 10.881 21.281 2
      vertex 10.8896 21.4574 0
      vertex 10.8896 21.4574 2
    endloop
  endfacet
  facet normal 0.998814 -0.048695 0
    outer loop
      vertex 10.8896 21.4574 0
      vertex 10.881 21.281 2
      vertex 10.881 21.281 0
    endloop
  endfacet
  facet normal 0.672024 0.740529 -0
    outer loop
      vertex 11.539 19.8895 0
      vertex 11.4082 20.0082 2
      vertex 11.539 19.8895 2
    endloop
  endfacet
  facet normal 0.672024 0.740529 0
    outer loop
      vertex 11.4082 20.0082 2
      vertex 11.539 19.8895 0
      vertex 11.4082 20.0082 0
    endloop
  endfacet
  facet normal 0.740529 0.672024 0
    outer loop
      vertex 11.4082 20.0082 2
      vertex 11.2895 20.139 0
      vertex 11.2895 20.139 2
    endloop
  endfacet
  facet normal 0.740529 0.672024 0
    outer loop
      vertex 11.2895 20.139 0
      vertex 11.4082 20.0082 2
      vertex 11.4082 20.0082 0
    endloop
  endfacet
  facet normal 0.740529 -0.672024 0
    outer loop
      vertex 11.2895 22.4229 2
      vertex 11.4082 22.5537 0
      vertex 11.4082 22.5537 2
    endloop
  endfacet
  facet normal 0.740529 -0.672024 0
    outer loop
      vertex 11.4082 22.5537 0
      vertex 11.2895 22.4229 2
      vertex 11.2895 22.4229 0
    endloop
  endfacet
  facet normal -0.94155 -0.336874 0
    outer loop
      vertex 14.4034 21.8035 0
      vertex 14.3439 21.9698 2
      vertex 14.3439 21.9698 0
    endloop
  endfacet
  facet normal -0.94155 -0.336874 0
    outer loop
      vertex 14.3439 21.9698 2
      vertex 14.4034 21.8035 0
      vertex 14.4034 21.8035 2
    endloop
  endfacet
  facet normal -0.969942 0.243334 0
    outer loop
      vertex 14.4034 20.7584 0
      vertex 14.4464 20.9298 2
      vertex 14.4464 20.9298 0
    endloop
  endfacet
  facet normal -0.969942 0.243334 0
    outer loop
      vertex 14.4464 20.9298 2
      vertex 14.4034 20.7584 0
      vertex 14.4034 20.7584 2
    endloop
  endfacet
  facet normal 0.969942 0.243334 0
    outer loop
      vertex 10.9585 20.7584 2
      vertex 10.9155 20.9298 0
      vertex 10.9155 20.9298 2
    endloop
  endfacet
  facet normal 0.969942 0.243334 0
    outer loop
      vertex 10.9155 20.9298 0
      vertex 10.9585 20.7584 2
      vertex 10.9585 20.7584 0
    endloop
  endfacet
  facet normal -0.90406 -0.427405 0
    outer loop
      vertex 14.3439 21.9698 0
      vertex 14.2684 22.1295 2
      vertex 14.2684 22.1295 0
    endloop
  endfacet
  facet normal -0.90406 -0.427405 0
    outer loop
      vertex 14.2684 22.1295 2
      vertex 14.3439 21.9698 0
      vertex 14.3439 21.9698 2
    endloop
  endfacet
  facet normal -0.989188 0.146651 0
    outer loop
      vertex 14.4464 20.9298 0
      vertex 14.4723 21.1045 2
      vertex 14.4723 21.1045 0
    endloop
  endfacet
  facet normal -0.989188 0.146651 0
    outer loop
      vertex 14.4723 21.1045 2
      vertex 14.4464 20.9298 0
      vertex 14.4464 20.9298 2
    endloop
  endfacet
  facet normal -0.857743 -0.514079 0
    outer loop
      vertex 14.2684 22.1295 0
      vertex 14.1776 22.281 2
      vertex 14.1776 22.281 0
    endloop
  endfacet
  facet normal -0.857743 -0.514079 0
    outer loop
      vertex 14.1776 22.281 2
      vertex 14.2684 22.1295 0
      vertex 14.2684 22.1295 2
    endloop
  endfacet
  facet normal -0.90406 0.427405 0
    outer loop
      vertex 14.2684 20.4324 0
      vertex 14.3439 20.5921 2
      vertex 14.3439 20.5921 0
    endloop
  endfacet
  facet normal -0.90406 0.427405 0
    outer loop
      vertex 14.3439 20.5921 2
      vertex 14.2684 20.4324 0
      vertex 14.2684 20.4324 2
    endloop
  endfacet
  facet normal 0.803316 -0.595552 0
    outer loop
      vertex 11.1843 22.281 2
      vertex 11.2895 22.4229 0
      vertex 11.2895 22.4229 2
    endloop
  endfacet
  facet normal 0.803316 -0.595552 0
    outer loop
      vertex 11.2895 22.4229 0
      vertex 11.1843 22.281 2
      vertex 11.1843 22.281 0
    endloop
  endfacet
  facet normal 0.94155 -0.336874 0
    outer loop
      vertex 10.9585 21.8035 2
      vertex 11.018 21.9698 0
      vertex 11.018 21.9698 2
    endloop
  endfacet
  facet normal 0.94155 -0.336874 0
    outer loop
      vertex 11.018 21.9698 0
      vertex 10.9585 21.8035 2
      vertex 10.9585 21.8035 0
    endloop
  endfacet
  facet normal -0.740529 -0.672024 0
    outer loop
      vertex 14.0724 22.4229 0
      vertex 13.9537 22.5537 2
      vertex 13.9537 22.5537 0
    endloop
  endfacet
  facet normal -0.740529 -0.672024 0
    outer loop
      vertex 13.9537 22.5537 2
      vertex 14.0724 22.4229 0
      vertex 14.0724 22.4229 2
    endloop
  endfacet
  facet normal 0.989188 0.146651 0
    outer loop
      vertex 10.9155 20.9298 2
      vertex 10.8896 21.1045 0
      vertex 10.8896 21.1045 2
    endloop
  endfacet
  facet normal 0.989188 0.146651 0
    outer loop
      vertex 10.8896 21.1045 0
      vertex 10.9155 20.9298 2
      vertex 10.9155 20.9298 0
    endloop
  endfacet
  facet normal -0.243334 -0.969942 0
    outer loop
      vertex 13.0321 23.0464 0
      vertex 13.2035 23.0034 2
      vertex 13.0321 23.0464 2
    endloop
  endfacet
  facet normal -0.243334 -0.969942 -0
    outer loop
      vertex 13.2035 23.0034 2
      vertex 13.0321 23.0464 0
      vertex 13.2035 23.0034 0
    endloop
  endfacet
  facet normal 0.94155 0.336874 0
    outer loop
      vertex 11.018 20.5921 2
      vertex 10.9585 20.7584 0
      vertex 10.9585 20.7584 2
    endloop
  endfacet
  facet normal 0.94155 0.336874 0
    outer loop
      vertex 10.9585 20.7584 0
      vertex 11.018 20.5921 2
      vertex 11.018 20.5921 0
    endloop
  endfacet
  facet normal -0.595552 0.803316 0
    outer loop
      vertex 13.8229 19.8895 0
      vertex 13.681 19.7843 2
      vertex 13.8229 19.8895 2
    endloop
  endfacet
  facet normal -0.595552 0.803316 0
    outer loop
      vertex 13.681 19.7843 2
      vertex 13.8229 19.8895 0
      vertex 13.681 19.7843 0
    endloop
  endfacet
  facet normal 0.243334 0.969942 -0
    outer loop
      vertex 12.3298 19.5155 0
      vertex 12.1584 19.5585 2
      vertex 12.3298 19.5155 2
    endloop
  endfacet
  facet normal 0.243334 0.969942 0
    outer loop
      vertex 12.1584 19.5585 2
      vertex 12.3298 19.5155 0
      vertex 12.1584 19.5585 0
    endloop
  endfacet
  facet normal -0.243334 0.969942 0
    outer loop
      vertex 13.2035 19.5585 0
      vertex 13.0321 19.5155 2
      vertex 13.2035 19.5585 2
    endloop
  endfacet
  facet normal -0.243334 0.969942 0
    outer loop
      vertex 13.0321 19.5155 2
      vertex 13.2035 19.5585 0
      vertex 13.0321 19.5155 0
    endloop
  endfacet
  facet normal -0.672024 0.740529 0
    outer loop
      vertex 13.9537 20.0082 0
      vertex 13.8229 19.8895 2
      vertex 13.9537 20.0082 2
    endloop
  endfacet
  facet normal -0.672024 0.740529 0
    outer loop
      vertex 13.8229 19.8895 2
      vertex 13.9537 20.0082 0
      vertex 13.8229 19.8895 0
    endloop
  endfacet
  facet normal -0.740529 0.672024 0
    outer loop
      vertex 13.9537 20.0082 0
      vertex 14.0724 20.139 2
      vertex 14.0724 20.139 0
    endloop
  endfacet
  facet normal -0.740529 0.672024 0
    outer loop
      vertex 14.0724 20.139 2
      vertex 13.9537 20.0082 0
      vertex 13.9537 20.0082 2
    endloop
  endfacet
  facet normal 0.595552 0.803316 -0
    outer loop
      vertex 11.6809 19.7843 0
      vertex 11.539 19.8895 2
      vertex 11.6809 19.7843 2
    endloop
  endfacet
  facet normal 0.595552 0.803316 0
    outer loop
      vertex 11.539 19.8895 2
      vertex 11.6809 19.7843 0
      vertex 11.539 19.8895 0
    endloop
  endfacet
  facet normal 0.514079 0.857743 -0
    outer loop
      vertex 11.8324 19.6935 0
      vertex 11.6809 19.7843 2
      vertex 11.8324 19.6935 2
    endloop
  endfacet
  facet normal 0.514079 0.857743 0
    outer loop
      vertex 11.6809 19.7843 2
      vertex 11.8324 19.6935 0
      vertex 11.6809 19.7843 0
    endloop
  endfacet
  facet normal 0.998815 0.0486675 0
    outer loop
      vertex 10.8896 21.1045 2
      vertex 10.881 21.281 0
      vertex 10.881 21.281 2
    endloop
  endfacet
  facet normal 0.998815 0.0486675 0
    outer loop
      vertex 10.881 21.281 0
      vertex 10.8896 21.1045 2
      vertex 10.8896 21.1045 0
    endloop
  endfacet
  facet normal -0.146651 -0.989188 0
    outer loop
      vertex 12.8574 23.0723 0
      vertex 13.0321 23.0464 2
      vertex 12.8574 23.0723 2
    endloop
  endfacet
  facet normal -0.146651 -0.989188 -0
    outer loop
      vertex 13.0321 23.0464 2
      vertex 12.8574 23.0723 0
      vertex 13.0321 23.0464 0
    endloop
  endfacet
  facet normal 0.90406 -0.427405 0
    outer loop
      vertex 11.018 21.9698 2
      vertex 11.0935 22.1295 0
      vertex 11.0935 22.1295 2
    endloop
  endfacet
  facet normal 0.90406 -0.427405 0
    outer loop
      vertex 11.0935 22.1295 0
      vertex 11.018 21.9698 2
      vertex 11.018 21.9698 0
    endloop
  endfacet
  facet normal -0.14673 -0.989177 0
    outer loop
      vertex 12.9995 24.5153 2
      vertex 13.315 24.4685 5
      vertex 12.9995 24.5153 5
    endloop
  endfacet
  facet normal -0.14673 -0.989177 -0
    outer loop
      vertex 13.315 24.4685 5
      vertex 12.9995 24.5153 2
      vertex 13.315 24.4685 2
    endloop
  endfacet
  facet normal -0.989177 -0.14673 0
    outer loop
      vertex 15.9153 21.5995 2
      vertex 15.8685 21.915 5
      vertex 15.8685 21.915 2
    endloop
  endfacet
  facet normal -0.989177 -0.14673 0
    outer loop
      vertex 15.8685 21.915 5
      vertex 15.9153 21.5995 2
      vertex 15.9153 21.5995 5
    endloop
  endfacet
  facet normal -0.998787 -0.0492338 0
    outer loop
      vertex 15.931 21.281 2
      vertex 15.9153 21.5995 5
      vertex 15.9153 21.5995 2
    endloop
  endfacet
  facet normal -0.998787 -0.0492338 0
    outer loop
      vertex 15.9153 21.5995 5
      vertex 15.931 21.281 2
      vertex 15.931 21.281 5
    endloop
  endfacet
  facet normal -0.970032 -0.242978 0
    outer loop
      vertex 15.8685 21.915 2
      vertex 15.791 22.2244 5
      vertex 15.791 22.2244 2
    endloop
  endfacet
  facet normal -0.970032 -0.242978 0
    outer loop
      vertex 15.791 22.2244 5
      vertex 15.8685 21.915 2
      vertex 15.8685 21.915 5
    endloop
  endfacet
  facet normal -0.336753 0.941593 0
    outer loop
      vertex 13.9247 18.2783 2
      vertex 13.6244 18.1709 5.2
      vertex 13.9247 18.2783 5.2
    endloop
  endfacet
  facet normal -0.336753 0.941593 0
    outer loop
      vertex 13.6244 18.1709 5.2
      vertex 13.9247 18.2783 2
      vertex 13.6244 18.1709 2
    endloop
  endfacet
  facet normal -0.998788 0.0492184 0
    outer loop
      vertex 15.9153 20.9624 2
      vertex 15.931 21.281 5
      vertex 15.931 21.281 2
    endloop
  endfacet
  facet normal -0.998788 0.0492184 0
    outer loop
      vertex 15.931 21.281 5
      vertex 15.9153 20.9624 2
      vertex 15.9153 20.9624 5
    endloop
  endfacet
  facet normal -0.741045 -0.671455 0
    outer loop
      vertex 15.1932 23.3427 2
      vertex 14.979 23.5791 5
      vertex 14.979 23.5791 2
    endloop
  endfacet
  facet normal -0.741045 -0.671455 0
    outer loop
      vertex 14.979 23.5791 5
      vertex 15.1932 23.3427 2
      vertex 15.1932 23.3427 5
    endloop
  endfacet
  facet normal 0.903972 0.427592 0
    outer loop
      vertex 9.81471 19.7489 5
      vertex 9.67834 20.0372 2
      vertex 9.67834 20.0372 5
    endloop
  endfacet
  facet normal 0.903972 0.427592 0
    outer loop
      vertex 9.67834 20.0372 2
      vertex 9.81471 19.7489 5
      vertex 9.81471 19.7489 2
    endloop
  endfacet
  facet normal -0.0489209 0.998803 0
    outer loop
      vertex 12.9995 18.0466 2
      vertex 12.681 18.031 5.2
      vertex 12.9995 18.0466 5.2
    endloop
  endfacet
  facet normal -0.0489209 0.998803 0
    outer loop
      vertex 12.681 18.031 5.2
      vertex 12.9995 18.0466 2
      vertex 12.681 18.031 2
    endloop
  endfacet
  facet normal 0.941553 -0.336865 0
    outer loop
      vertex 9.5709 22.2244 5
      vertex 9.67834 22.5247 2
      vertex 9.67834 22.5247 5
    endloop
  endfacet
  facet normal 0.941553 -0.336865 0
    outer loop
      vertex 9.67834 22.5247 2
      vertex 9.5709 22.2244 5
      vertex 9.5709 22.2244 2
    endloop
  endfacet
  facet normal 0.970032 0.242978 0
    outer loop
      vertex 9.5709 20.3375 5
      vertex 9.4934 20.6469 2
      vertex 9.4934 20.6469 5
    endloop
  endfacet
  facet normal 0.970032 0.242978 0
    outer loop
      vertex 9.4934 20.6469 2
      vertex 9.5709 20.3375 5
      vertex 9.5709 20.3375 2
    endloop
  endfacet
  facet normal -0.857714 -0.514127 0
    outer loop
      vertex 15.5472 22.813 2
      vertex 15.3832 23.0866 5
      vertex 15.3832 23.0866 2
    endloop
  endfacet
  facet normal -0.857714 -0.514127 0
    outer loop
      vertex 15.3832 23.0866 5
      vertex 15.5472 22.813 2
      vertex 15.5472 22.813 5
    endloop
  endfacet
  facet normal -0.427668 0.903936 0
    outer loop
      vertex 14.213 18.4147 2
      vertex 13.9247 18.2783 5.2
      vertex 14.213 18.4147 5.2
    endloop
  endfacet
  facet normal -0.427668 0.903936 0
    outer loop
      vertex 13.9247 18.2783 5.2
      vertex 14.213 18.4147 2
      vertex 13.9247 18.2783 2
    endloop
  endfacet
  facet normal -0.514127 -0.857714 0
    outer loop
      vertex 14.213 24.1472 2
      vertex 14.4866 23.9832 5
      vertex 14.213 24.1472 5
    endloop
  endfacet
  facet normal -0.514127 -0.857714 -0
    outer loop
      vertex 14.4866 23.9832 5
      vertex 14.213 24.1472 2
      vertex 14.4866 23.9832 2
    endloop
  endfacet
  facet normal -0.903936 -0.427668 0
    outer loop
      vertex 15.6836 22.5247 2
      vertex 15.5472 22.813 5
      vertex 15.5472 22.813 2
    endloop
  endfacet
  facet normal -0.903936 -0.427668 0
    outer loop
      vertex 15.5472 22.813 5
      vertex 15.6836 22.5247 2
      vertex 15.6836 22.5247 5
    endloop
  endfacet
  facet normal 0.14673 0.989177 -0
    outer loop
      vertex 12.3624 18.0466 2
      vertex 12.0469 18.0934 5.2
      vertex 12.3624 18.0466 5.2
    endloop
  endfacet
  facet normal 0.14673 0.989177 0
    outer loop
      vertex 12.0469 18.0934 5.2
      vertex 12.3624 18.0466 2
      vertex 12.0469 18.0934 2
    endloop
  endfacet
  facet normal -0.595827 -0.803113 0
    outer loop
      vertex 14.4866 23.9832 2
      vertex 14.7427 23.7932 5
      vertex 14.4866 23.9832 5
    endloop
  endfacet
  facet normal -0.595827 -0.803113 -0
    outer loop
      vertex 14.7427 23.7932 5
      vertex 14.4866 23.9832 2
      vertex 14.7427 23.7932 2
    endloop
  endfacet
  facet normal -0.803113 0.595827 0
    outer loop
      vertex 15.1932 19.2192 2
      vertex 15.3832 19.4753 5
      vertex 15.3832 19.4753 2
    endloop
  endfacet
  facet normal -0.803113 0.595827 0
    outer loop
      vertex 15.3832 19.4753 5
      vertex 15.1932 19.2192 2
      vertex 15.1932 19.2192 5
    endloop
  endfacet
  facet normal 0.595963 0.803012 0
    outer loop
      vertex 10.8753 18.5787 5.2
      vertex 10.8466 18.6 5
      vertex 10.8466 18.6 5.2
    endloop
  endfacet
  facet normal 0.595963 0.803012 -0
    outer loop
      vertex 10.8753 18.5787 2
      vertex 10.8466 18.6 5
      vertex 10.8753 18.5787 5.2
    endloop
  endfacet
  facet normal 0.59581 0.803125 -2.27211e-06
    outer loop
      vertex 10.8753 18.5787 2
      vertex 10.6192 18.7687 5
      vertex 10.8466 18.6 5
    endloop
  endfacet
  facet normal 0.595827 0.803113 0
    outer loop
      vertex 10.6192 18.7687 5
      vertex 10.8753 18.5787 2
      vertex 10.6192 18.7687 2
    endloop
  endfacet
  facet normal -0.59581 0.803125 0
    outer loop
      vertex 14.7427 18.7687 5
      vertex 14.7427 18.7687 2
      vertex 14.5153 18.6 5
    endloop
  endfacet
  facet normal -0.595963 0.803012 0
    outer loop
      vertex 14.5153 18.6 5
      vertex 14.4866 18.5787 5.2
      vertex 14.5153 18.6 5.2
    endloop
  endfacet
  facet normal -0.595827 0.803113 -2.01745e-06
    outer loop
      vertex 14.4866 18.5787 2
      vertex 14.5153 18.6 5
      vertex 14.7427 18.7687 2
    endloop
  endfacet
  facet normal -0.595963 0.803012 0
    outer loop
      vertex 14.5153 18.6 5
      vertex 14.4866 18.5787 2
      vertex 14.4866 18.5787 5.2
    endloop
  endfacet
  facet normal 0.857756 -0.514058 0
    outer loop
      vertex 9.81471 22.813 5
      vertex 9.97868 23.0866 2
      vertex 9.97868 23.0866 5
    endloop
  endfacet
  facet normal 0.857756 -0.514058 0
    outer loop
      vertex 9.97868 23.0866 2
      vertex 9.81471 22.813 5
      vertex 9.81471 22.813 2
    endloop
  endfacet
  facet normal 0.741045 -0.671455 0
    outer loop
      vertex 10.1687 23.3427 5
      vertex 10.3829 23.5791 2
      vertex 10.3829 23.5791 5
    endloop
  endfacet
  facet normal 0.741045 -0.671455 0
    outer loop
      vertex 10.3829 23.5791 2
      vertex 10.1687 23.3427 5
      vertex 10.1687 23.3427 2
    endloop
  endfacet
  facet normal -0.803113 -0.595827 0
    outer loop
      vertex 15.3832 23.0866 2
      vertex 15.1932 23.3427 5
      vertex 15.1932 23.3427 2
    endloop
  endfacet
  facet normal -0.803113 -0.595827 0
    outer loop
      vertex 15.1932 23.3427 5
      vertex 15.3832 23.0866 2
      vertex 15.3832 23.0866 5
    endloop
  endfacet
  facet normal 0.671439 -0.74106 0
    outer loop
      vertex 10.3829 23.5791 2
      vertex 10.6192 23.7932 5
      vertex 10.3829 23.5791 5
    endloop
  endfacet
  facet normal 0.671439 -0.74106 0
    outer loop
      vertex 10.6192 23.7932 5
      vertex 10.3829 23.5791 2
      vertex 10.6192 23.7932 2
    endloop
  endfacet
  facet normal 0.903972 -0.427592 0
    outer loop
      vertex 9.67834 22.5247 5
      vertex 9.81471 22.813 2
      vertex 9.81471 22.813 5
    endloop
  endfacet
  facet normal 0.903972 -0.427592 0
    outer loop
      vertex 9.81471 22.813 2
      vertex 9.67834 22.5247 5
      vertex 9.67834 22.5247 2
    endloop
  endfacet
  facet normal -0.427668 -0.903936 0
    outer loop
      vertex 13.9247 24.2836 2
      vertex 14.213 24.1472 5
      vertex 13.9247 24.2836 5
    endloop
  endfacet
  facet normal -0.427668 -0.903936 -0
    outer loop
      vertex 14.213 24.1472 5
      vertex 13.9247 24.2836 2
      vertex 14.213 24.1472 2
    endloop
  endfacet
  facet normal -0.671439 -0.74106 0
    outer loop
      vertex 14.7427 23.7932 2
      vertex 14.979 23.5791 5
      vertex 14.7427 23.7932 5
    endloop
  endfacet
  facet normal -0.671439 -0.74106 -0
    outer loop
      vertex 14.979 23.5791 5
      vertex 14.7427 23.7932 2
      vertex 14.979 23.5791 2
    endloop
  endfacet
  facet normal -0.941593 0.336753 0
    outer loop
      vertex 15.6836 20.0372 2
      vertex 15.791 20.3375 5
      vertex 15.791 20.3375 2
    endloop
  endfacet
  facet normal -0.941593 0.336753 0
    outer loop
      vertex 15.791 20.3375 5
      vertex 15.6836 20.0372 2
      vertex 15.6836 20.0372 5
    endloop
  endfacet
  facet normal -0.14673 0.989177 0
    outer loop
      vertex 13.315 18.0934 2
      vertex 12.9995 18.0466 5.2
      vertex 13.315 18.0934 5.2
    endloop
  endfacet
  facet normal -0.14673 0.989177 0
    outer loop
      vertex 12.9995 18.0466 5.2
      vertex 13.315 18.0934 2
      vertex 12.9995 18.0466 2
    endloop
  endfacet
  facet normal 0.989177 -0.14673 0
    outer loop
      vertex 9.4466 21.5995 5
      vertex 9.4934 21.915 2
      vertex 9.4934 21.915 5
    endloop
  endfacet
  facet normal 0.989177 -0.14673 0
    outer loop
      vertex 9.4934 21.915 2
      vertex 9.4466 21.5995 5
      vertex 9.4466 21.5995 2
    endloop
  endfacet
  facet normal 0.998796 0.049062 0
    outer loop
      vertex 9.4466 20.9624 5
      vertex 9.43095 21.281 2
      vertex 9.43095 21.281 5
    endloop
  endfacet
  facet normal 0.998796 0.049062 0
    outer loop
      vertex 9.43095 21.281 2
      vertex 9.4466 20.9624 5
      vertex 9.4466 20.9624 2
    endloop
  endfacet
  facet normal -0.941593 -0.336753 0
    outer loop
      vertex 15.791 22.2244 2
      vertex 15.6836 22.5247 5
      vertex 15.6836 22.5247 2
    endloop
  endfacet
  facet normal -0.941593 -0.336753 0
    outer loop
      vertex 15.6836 22.5247 5
      vertex 15.791 22.2244 2
      vertex 15.791 22.2244 5
    endloop
  endfacet
  facet normal -0.242978 -0.970032 0
    outer loop
      vertex 13.315 24.4685 2
      vertex 13.6244 24.391 5
      vertex 13.315 24.4685 5
    endloop
  endfacet
  facet normal -0.242978 -0.970032 -0
    outer loop
      vertex 13.6244 24.391 5
      vertex 13.315 24.4685 2
      vertex 13.6244 24.391 2
    endloop
  endfacet
  facet normal 0.0492184 -0.998788 0
    outer loop
      vertex 12.3624 24.5153 2
      vertex 12.681 24.531 5
      vertex 12.3624 24.5153 5
    endloop
  endfacet
  facet normal 0.0492184 -0.998788 0
    outer loop
      vertex 12.681 24.531 5
      vertex 12.3624 24.5153 2
      vertex 12.681 24.531 2
    endloop
  endfacet
  facet normal -0.970032 0.242978 0
    outer loop
      vertex 15.791 20.3375 2
      vertex 15.8685 20.6469 5
      vertex 15.8685 20.6469 2
    endloop
  endfacet
  facet normal -0.970032 0.242978 0
    outer loop
      vertex 15.8685 20.6469 5
      vertex 15.791 20.3375 2
      vertex 15.791 20.3375 5
    endloop
  endfacet
  facet normal 0.242978 -0.970032 0
    outer loop
      vertex 11.7375 24.391 2
      vertex 12.0469 24.4685 5
      vertex 11.7375 24.391 5
    endloop
  endfacet
  facet normal 0.242978 -0.970032 0
    outer loop
      vertex 12.0469 24.4685 5
      vertex 11.7375 24.391 2
      vertex 12.0469 24.4685 2
    endloop
  endfacet
  facet normal 0.941553 0.336865 0
    outer loop
      vertex 9.67834 20.0372 5
      vertex 9.5709 20.3375 2
      vertex 9.5709 20.3375 5
    endloop
  endfacet
  facet normal 0.941553 0.336865 0
    outer loop
      vertex 9.5709 20.3375 2
      vertex 9.67834 20.0372 5
      vertex 9.67834 20.0372 2
    endloop
  endfacet
  facet normal 0.970032 -0.242978 0
    outer loop
      vertex 9.4934 21.915 5
      vertex 9.5709 22.2244 2
      vertex 9.5709 22.2244 5
    endloop
  endfacet
  facet normal 0.970032 -0.242978 0
    outer loop
      vertex 9.5709 22.2244 2
      vertex 9.4934 21.915 5
      vertex 9.4934 21.915 2
    endloop
  endfacet
  facet normal -0.514127 0.857714 0
    outer loop
      vertex 14.4866 18.5787 2
      vertex 14.213 18.4147 5.2
      vertex 14.4866 18.5787 5.2
    endloop
  endfacet
  facet normal -0.514127 0.857714 0
    outer loop
      vertex 14.213 18.4147 5.2
      vertex 14.4866 18.5787 2
      vertex 14.213 18.4147 2
    endloop
  endfacet
  facet normal -0.857714 0.514127 0
    outer loop
      vertex 15.3832 19.4753 2
      vertex 15.5472 19.7489 5
      vertex 15.5472 19.7489 2
    endloop
  endfacet
  facet normal -0.857714 0.514127 0
    outer loop
      vertex 15.5472 19.7489 5
      vertex 15.3832 19.4753 2
      vertex 15.3832 19.4753 5
    endloop
  endfacet
  facet normal 0.595827 -0.803113 0
    outer loop
      vertex 10.6192 23.7932 2
      vertex 10.8753 23.9832 5
      vertex 10.6192 23.7932 5
    endloop
  endfacet
  facet normal 0.595827 -0.803113 0
    outer loop
      vertex 10.8753 23.9832 5
      vertex 10.6192 23.7932 2
      vertex 10.8753 23.9832 2
    endloop
  endfacet
  facet normal -0.903936 0.427668 0
    outer loop
      vertex 15.5472 19.7489 2
      vertex 15.6836 20.0372 5
      vertex 15.6836 20.0372 2
    endloop
  endfacet
  facet normal -0.903936 0.427668 0
    outer loop
      vertex 15.6836 20.0372 5
      vertex 15.5472 19.7489 2
      vertex 15.5472 19.7489 5
    endloop
  endfacet
  facet normal 0.14673 -0.989177 0
    outer loop
      vertex 12.0469 24.4685 2
      vertex 12.3624 24.5153 5
      vertex 12.0469 24.4685 5
    endloop
  endfacet
  facet normal 0.14673 -0.989177 0
    outer loop
      vertex 12.3624 24.5153 5
      vertex 12.0469 24.4685 2
      vertex 12.3624 24.5153 2
    endloop
  endfacet
  facet normal -0.989177 0.14673 0
    outer loop
      vertex 15.8685 20.6469 2
      vertex 15.9153 20.9624 5
      vertex 15.9153 20.9624 2
    endloop
  endfacet
  facet normal -0.989177 0.14673 0
    outer loop
      vertex 15.9153 20.9624 5
      vertex 15.8685 20.6469 2
      vertex 15.8685 20.6469 5
    endloop
  endfacet
  facet normal 0.242978 0.970032 -0
    outer loop
      vertex 12.0469 18.0934 2
      vertex 11.7375 18.1709 5.2
      vertex 12.0469 18.0934 5.2
    endloop
  endfacet
  facet normal 0.242978 0.970032 0
    outer loop
      vertex 11.7375 18.1709 5.2
      vertex 12.0469 18.0934 2
      vertex 11.7375 18.1709 2
    endloop
  endfacet
  facet normal -0.242978 0.970032 0
    outer loop
      vertex 13.6244 18.1709 2
      vertex 13.315 18.0934 5.2
      vertex 13.6244 18.1709 5.2
    endloop
  endfacet
  facet normal -0.242978 0.970032 0
    outer loop
      vertex 13.315 18.0934 5.2
      vertex 13.6244 18.1709 2
      vertex 13.315 18.0934 2
    endloop
  endfacet
  facet normal 0.514127 -0.857714 0
    outer loop
      vertex 10.8753 23.9832 2
      vertex 11.1489 24.1472 5
      vertex 10.8753 23.9832 5
    endloop
  endfacet
  facet normal 0.514127 -0.857714 0
    outer loop
      vertex 11.1489 24.1472 5
      vertex 10.8753 23.9832 2
      vertex 11.1489 24.1472 2
    endloop
  endfacet
  facet normal 0.427668 -0.903936 0
    outer loop
      vertex 11.1489 24.1472 2
      vertex 11.4372 24.2836 5
      vertex 11.1489 24.1472 5
    endloop
  endfacet
  facet normal 0.427668 -0.903936 0
    outer loop
      vertex 11.4372 24.2836 5
      vertex 11.1489 24.1472 2
      vertex 11.4372 24.2836 2
    endloop
  endfacet
  facet normal 0.740904 0.671611 0
    outer loop
      vertex 10.3829 18.9829 5
      vertex 10.1687 19.2192 2
      vertex 10.1687 19.2192 5
    endloop
  endfacet
  facet normal 0.740904 0.671611 0
    outer loop
      vertex 10.1687 19.2192 2
      vertex 10.3829 18.9829 5
      vertex 10.3829 18.9829 2
    endloop
  endfacet
  facet normal 0.857756 0.514058 0
    outer loop
      vertex 9.97868 19.4753 5
      vertex 9.81471 19.7489 2
      vertex 9.81471 19.7489 5
    endloop
  endfacet
  facet normal 0.857756 0.514058 0
    outer loop
      vertex 9.81471 19.7489 2
      vertex 9.97868 19.4753 5
      vertex 9.97868 19.4753 2
    endloop
  endfacet
  facet normal 0.336753 -0.941593 0
    outer loop
      vertex 11.4372 24.2836 2
      vertex 11.7375 24.391 5
      vertex 11.4372 24.2836 5
    endloop
  endfacet
  facet normal 0.336753 -0.941593 0
    outer loop
      vertex 11.7375 24.391 5
      vertex 11.4372 24.2836 2
      vertex 11.7375 24.391 2
    endloop
  endfacet
  facet normal 0.514127 0.857714 -0
    outer loop
      vertex 11.1489 18.4147 2
      vertex 10.8753 18.5787 5.2
      vertex 11.1489 18.4147 5.2
    endloop
  endfacet
  facet normal 0.514127 0.857714 0
    outer loop
      vertex 10.8753 18.5787 5.2
      vertex 11.1489 18.4147 2
      vertex 10.8753 18.5787 2
    endloop
  endfacet
  facet normal 0.427668 0.903936 -0
    outer loop
      vertex 11.4372 18.2783 2
      vertex 11.1489 18.4147 5.2
      vertex 11.4372 18.2783 5.2
    endloop
  endfacet
  facet normal 0.427668 0.903936 0
    outer loop
      vertex 11.1489 18.4147 5.2
      vertex 11.4372 18.2783 2
      vertex 11.1489 18.4147 2
    endloop
  endfacet
  facet normal 0.803083 0.595868 0
    outer loop
      vertex 10.1687 19.2192 5
      vertex 9.97868 19.4753 2
      vertex 9.97868 19.4753 5
    endloop
  endfacet
  facet normal 0.803083 0.595868 0
    outer loop
      vertex 9.97868 19.4753 2
      vertex 10.1687 19.2192 5
      vertex 10.1687 19.2192 2
    endloop
  endfacet
  facet normal 0.989177 0.14673 0
    outer loop
      vertex 9.4934 20.6469 5
      vertex 9.4466 20.9624 2
      vertex 9.4466 20.9624 5
    endloop
  endfacet
  facet normal 0.989177 0.14673 0
    outer loop
      vertex 9.4466 20.9624 2
      vertex 9.4934 20.6469 5
      vertex 9.4934 20.6469 2
    endloop
  endfacet
  facet normal 0 0 1
    outer loop
      vertex 14.481 21.281 2
      vertex 15.931 21.281 2
      vertex 15.9153 21.5995 2
    endloop
  endfacet
  facet normal 0 0 1
    outer loop
      vertex 14.4723 21.4574 2
      vertex 15.9153 21.5995 2
      vertex 15.8685 21.915 2
    endloop
  endfacet
  facet normal 0 0 1
    outer loop
      vertex 15.931 21.281 2
      vertex 14.481 21.281 2
      vertex 15.9153 20.9624 2
    endloop
  endfacet
  facet normal 0 0 1
    outer loop
      vertex 14.4464 21.6321 2
      vertex 15.8685 21.915 2
      vertex 15.791 22.2244 2
    endloop
  endfacet
  facet normal -0 0 1
    outer loop
      vertex 14.4723 21.1045 2
      vertex 15.9153 20.9624 2
      vertex 14.481 21.281 2
    endloop
  endfacet
  facet normal 0 0 1
    outer loop
      vertex 14.4034 21.8035 2
      vertex 15.791 22.2244 2
      vertex 15.6836 22.5247 2
    endloop
  endfacet
  facet normal 0 0 1
    outer loop
      vertex 15.9153 20.9624 2
      vertex 14.4723 21.1045 2
      vertex 15.8685 20.6469 2
    endloop
  endfacet
  facet normal 0 0 1
    outer loop
      vertex 14.3439 21.9698 2
      vertex 15.6836 22.5247 2
      vertex 15.5472 22.813 2
    endloop
  endfacet
  facet normal -0 0 1
    outer loop
      vertex 14.4464 20.9298 2
      vertex 15.8685 20.6469 2
      vertex 14.4723 21.1045 2
    endloop
  endfacet
  facet normal 0 0 1
    outer loop
      vertex 14.2684 22.1295 2
      vertex 15.5472 22.813 2
      vertex 15.3832 23.0866 2
    endloop
  endfacet
  facet normal 0 0 1
    outer loop
      vertex 15.8685 20.6469 2
      vertex 14.4464 20.9298 2
      vertex 15.791 20.3375 2
    endloop
  endfacet
  facet normal 0 0 1
    outer loop
      vertex 14.1776 22.281 2
      vertex 15.3832 23.0866 2
      vertex 15.1932 23.3427 2
    endloop
  endfacet
  facet normal -0 0 1
    outer loop
      vertex 14.4034 20.7584 2
      vertex 15.791 20.3375 2
      vertex 14.4464 20.9298 2
    endloop
  endfacet
  facet normal 0 0 1
    outer loop
      vertex 14.0724 22.4229 2
      vertex 15.1932 23.3427 2
      vertex 14.979 23.5791 2
    endloop
  endfacet
  facet normal 0 0 1
    outer loop
      vertex 15.791 20.3375 2
      vertex 14.4034 20.7584 2
      vertex 15.6836 20.0372 2
    endloop
  endfacet
  facet normal 0 0 1
    outer loop
      vertex 13.9537 22.5537 2
      vertex 14.979 23.5791 2
      vertex 14.7427 23.7932 2
    endloop
  endfacet
  facet normal -0 0 1
    outer loop
      vertex 14.3439 20.5921 2
      vertex 15.6836 20.0372 2
      vertex 14.4034 20.7584 2
    endloop
  endfacet
  facet normal 0 0 1
    outer loop
      vertex 13.8229 22.6724 2
      vertex 14.7427 23.7932 2
      vertex 14.4866 23.9832 2
    endloop
  endfacet
  facet normal 0 0 1
    outer loop
      vertex 15.6836 20.0372 2
      vertex 14.3439 20.5921 2
      vertex 15.5472 19.7489 2
    endloop
  endfacet
  facet normal -0 0 1
    outer loop
      vertex 14.2684 20.4324 2
      vertex 15.5472 19.7489 2
      vertex 14.3439 20.5921 2
    endloop
  endfacet
  facet normal 0 0 1
    outer loop
      vertex 15.9153 21.5995 2
      vertex 14.4723 21.4574 2
      vertex 14.481 21.281 2
    endloop
  endfacet
  facet normal 0 0 1
    outer loop
      vertex 15.8685 21.915 2
      vertex 14.4464 21.6321 2
      vertex 14.4723 21.4574 2
    endloop
  endfacet
  facet normal 0 0 1
    outer loop
      vertex 15.791 22.2244 2
      vertex 14.4034 21.8035 2
      vertex 14.4464 21.6321 2
    endloop
  endfacet
  facet normal 0 0 1
    outer loop
      vertex 15.6836 22.5247 2
      vertex 14.3439 21.9698 2
      vertex 14.4034 21.8035 2
    endloop
  endfacet
  facet normal 0 0 1
    outer loop
      vertex 15.5472 22.813 2
      vertex 14.2684 22.1295 2
      vertex 14.3439 21.9698 2
    endloop
  endfacet
  facet normal 0 0 1
    outer loop
      vertex 13.681 22.7776 2
      vertex 14.4866 23.9832 2
      vertex 14.213 24.1472 2
    endloop
  endfacet
  facet normal 0 0 1
    outer loop
      vertex 15.3832 23.0866 2
      vertex 14.1776 22.281 2
      vertex 14.2684 22.1295 2
    endloop
  endfacet
  facet normal 0 0 1
    outer loop
      vertex 15.1932 23.3427 2
      vertex 14.0724 22.4229 2
      vertex 14.1776 22.281 2
    endloop
  endfacet
  facet normal 0 0 1
    outer loop
      vertex 14.979 23.5791 2
      vertex 13.9537 22.5537 2
      vertex 14.0724 22.4229 2
    endloop
  endfacet
  facet normal 0 0 1
    outer loop
      vertex 13.5295 22.8684 2
      vertex 14.213 24.1472 2
      vertex 13.9247 24.2836 2
    endloop
  endfacet
  facet normal 0 0 1
    outer loop
      vertex 14.7427 23.7932 2
      vertex 13.8229 22.6724 2
      vertex 13.9537 22.5537 2
    endloop
  endfacet
  facet normal 0 0 1
    outer loop
      vertex 14.4866 23.9832 2
      vertex 13.681 22.7776 2
      vertex 13.8229 22.6724 2
    endloop
  endfacet
  facet normal 0 0 1
    outer loop
      vertex 13.3698 22.9439 2
      vertex 13.9247 24.2836 2
      vertex 13.6244 24.391 2
    endloop
  endfacet
  facet normal 0 0 1
    outer loop
      vertex 14.213 24.1472 2
      vertex 13.5295 22.8684 2
      vertex 13.681 22.7776 2
    endloop
  endfacet
  facet normal 0 0 1
    outer loop
      vertex 13.9247 24.2836 2
      vertex 13.3698 22.9439 2
      vertex 13.5295 22.8684 2
    endloop
  endfacet
  facet normal 0 0 1
    outer loop
      vertex 13.2035 23.0034 2
      vertex 13.6244 24.391 2
      vertex 13.315 24.4685 2
    endloop
  endfacet
  facet normal 0 0 1
    outer loop
      vertex 13.6244 24.391 2
      vertex 13.2035 23.0034 2
      vertex 13.3698 22.9439 2
    endloop
  endfacet
  facet normal 0 0 1
    outer loop
      vertex 13.315 24.4685 2
      vertex 13.0321 23.0464 2
      vertex 13.2035 23.0034 2
    endloop
  endfacet
  facet normal 0 0 1
    outer loop
      vertex 12.9995 24.5153 2
      vertex 13.0321 23.0464 2
      vertex 13.315 24.4685 2
    endloop
  endfacet
  facet normal 0 0 1
    outer loop
      vertex 12.9995 24.5153 2
      vertex 12.8574 23.0723 2
      vertex 13.0321 23.0464 2
    endloop
  endfacet
  facet normal 0 0 1
    outer loop
      vertex 12.681 24.531 2
      vertex 12.8574 23.0723 2
      vertex 12.9995 24.5153 2
    endloop
  endfacet
  facet normal 0 0 1
    outer loop
      vertex 12.681 24.531 2
      vertex 12.681 23.081 2
      vertex 12.8574 23.0723 2
    endloop
  endfacet
  facet normal 0 0 1
    outer loop
      vertex 12.681 24.531 2
      vertex 12.5045 23.0723 2
      vertex 12.681 23.081 2
    endloop
  endfacet
  facet normal -0 0 1
    outer loop
      vertex 12.3624 24.5153 2
      vertex 12.5045 23.0723 2
      vertex 12.681 24.531 2
    endloop
  endfacet
  facet normal 0 0 1
    outer loop
      vertex 12.3624 24.5153 2
      vertex 12.3298 23.0464 2
      vertex 12.5045 23.0723 2
    endloop
  endfacet
  facet normal -0 0 1
    outer loop
      vertex 12.0469 24.4685 2
      vertex 12.3298 23.0464 2
      vertex 12.3624 24.5153 2
    endloop
  endfacet
  facet normal 0 0 1
    outer loop
      vertex 12.3298 23.0464 2
      vertex 12.0469 24.4685 2
      vertex 12.1584 23.0034 2
    endloop
  endfacet
  facet normal -0 0 1
    outer loop
      vertex 11.7375 24.391 2
      vertex 12.1584 23.0034 2
      vertex 12.0469 24.4685 2
    endloop
  endfacet
  facet normal 0 0 1
    outer loop
      vertex 12.1584 23.0034 2
      vertex 11.7375 24.391 2
      vertex 11.9921 22.9439 2
    endloop
  endfacet
  facet normal -0 0 1
    outer loop
      vertex 11.4372 24.2836 2
      vertex 11.9921 22.9439 2
      vertex 11.7375 24.391 2
    endloop
  endfacet
  facet normal 0 0 1
    outer loop
      vertex 11.9921 22.9439 2
      vertex 11.4372 24.2836 2
      vertex 11.8324 22.8684 2
    endloop
  endfacet
  facet normal -0 0 1
    outer loop
      vertex 11.1489 24.1472 2
      vertex 11.8324 22.8684 2
      vertex 11.4372 24.2836 2
    endloop
  endfacet
  facet normal 0 0 1
    outer loop
      vertex 11.8324 22.8684 2
      vertex 11.1489 24.1472 2
      vertex 11.6809 22.7776 2
    endloop
  endfacet
  facet normal -0 0 1
    outer loop
      vertex 10.8753 23.9832 2
      vertex 11.6809 22.7776 2
      vertex 11.1489 24.1472 2
    endloop
  endfacet
  facet normal 0 0 1
    outer loop
      vertex 11.6809 22.7776 2
      vertex 10.8753 23.9832 2
      vertex 11.539 22.6724 2
    endloop
  endfacet
  facet normal -0 0 1
    outer loop
      vertex 10.6192 23.7932 2
      vertex 11.539 22.6724 2
      vertex 10.8753 23.9832 2
    endloop
  endfacet
  facet normal 0 0 1
    outer loop
      vertex 11.539 22.6724 2
      vertex 10.6192 23.7932 2
      vertex 11.4082 22.5537 2
    endloop
  endfacet
  facet normal -0 0 1
    outer loop
      vertex 10.3829 23.5791 2
      vertex 11.4082 22.5537 2
      vertex 10.6192 23.7932 2
    endloop
  endfacet
  facet normal 0 0 1
    outer loop
      vertex 11.4082 22.5537 2
      vertex 10.3829 23.5791 2
      vertex 11.2895 22.4229 2
    endloop
  endfacet
  facet normal -0 0 1
    outer loop
      vertex 10.1687 23.3427 2
      vertex 11.2895 22.4229 2
      vertex 10.3829 23.5791 2
    endloop
  endfacet
  facet normal 0 0 1
    outer loop
      vertex 11.2895 22.4229 2
      vertex 10.1687 23.3427 2
      vertex 11.1843 22.281 2
    endloop
  endfacet
  facet normal -0 0 1
    outer loop
      vertex 9.97868 23.0866 2
      vertex 11.1843 22.281 2
      vertex 10.1687 23.3427 2
    endloop
  endfacet
  facet normal -0 0 1
    outer loop
      vertex 9.81471 22.813 2
      vertex 11.0935 22.1295 2
      vertex 9.97868 23.0866 2
    endloop
  endfacet
  facet normal 0 0 1
    outer loop
      vertex 11.1843 22.281 2
      vertex 9.97868 23.0866 2
      vertex 11.0935 22.1295 2
    endloop
  endfacet
  facet normal 0 0 1
    outer loop
      vertex 15.5472 19.7489 2
      vertex 14.2684 20.4324 2
      vertex 15.3832 19.4753 2
    endloop
  endfacet
  facet normal -0 0 1
    outer loop
      vertex 14.1776 20.2809 2
      vertex 15.3832 19.4753 2
      vertex 14.2684 20.4324 2
    endloop
  endfacet
  facet normal 0 0 1
    outer loop
      vertex 15.3832 19.4753 2
      vertex 14.1776 20.2809 2
      vertex 15.1932 19.2192 2
    endloop
  endfacet
  facet normal -0 0 1
    outer loop
      vertex 14.0724 20.139 2
      vertex 15.1932 19.2192 2
      vertex 14.1776 20.2809 2
    endloop
  endfacet
  facet normal 0 0 1
    outer loop
      vertex 15.1932 19.2192 2
      vertex 14.0724 20.139 2
      vertex 14.979 18.9829 2
    endloop
  endfacet
  facet normal -0 0 1
    outer loop
      vertex 13.9537 20.0082 2
      vertex 14.979 18.9829 2
      vertex 14.0724 20.139 2
    endloop
  endfacet
  facet normal 0 0 1
    outer loop
      vertex 14.979 18.9829 2
      vertex 13.9537 20.0082 2
      vertex 14.7427 18.7687 2
    endloop
  endfacet
  facet normal -0 0 1
    outer loop
      vertex 13.8229 19.8895 2
      vertex 14.7427 18.7687 2
      vertex 13.9537 20.0082 2
    endloop
  endfacet
  facet normal 0 0 1
    outer loop
      vertex 14.7427 18.7687 2
      vertex 13.8229 19.8895 2
      vertex 14.4866 18.5787 2
    endloop
  endfacet
  facet normal -0 0 1
    outer loop
      vertex 13.681 19.7843 2
      vertex 14.4866 18.5787 2
      vertex 13.8229 19.8895 2
    endloop
  endfacet
  facet normal 0 0 1
    outer loop
      vertex 14.4866 18.5787 2
      vertex 13.681 19.7843 2
      vertex 14.213 18.4147 2
    endloop
  endfacet
  facet normal -0 0 1
    outer loop
      vertex 13.5295 19.6935 2
      vertex 14.213 18.4147 2
      vertex 13.681 19.7843 2
    endloop
  endfacet
  facet normal 0 0 1
    outer loop
      vertex 14.213 18.4147 2
      vertex 13.5295 19.6935 2
      vertex 13.9247 18.2783 2
    endloop
  endfacet
  facet normal -0 0 1
    outer loop
      vertex 13.3698 19.618 2
      vertex 13.9247 18.2783 2
      vertex 13.5295 19.6935 2
    endloop
  endfacet
  facet normal 0 0 1
    outer loop
      vertex 13.9247 18.2783 2
      vertex 13.3698 19.618 2
      vertex 13.6244 18.1709 2
    endloop
  endfacet
  facet normal -0 0 1
    outer loop
      vertex 13.2035 19.5585 2
      vertex 13.6244 18.1709 2
      vertex 13.3698 19.618 2
    endloop
  endfacet
  facet normal 0 0 1
    outer loop
      vertex 13.6244 18.1709 2
      vertex 13.2035 19.5585 2
      vertex 13.315 18.0934 2
    endloop
  endfacet
  facet normal -0 0 1
    outer loop
      vertex 13.0321 19.5155 2
      vertex 13.315 18.0934 2
      vertex 13.2035 19.5585 2
    endloop
  endfacet
  facet normal 0 0 1
    outer loop
      vertex 13.0321 19.5155 2
      vertex 12.9995 18.0466 2
      vertex 13.315 18.0934 2
    endloop
  endfacet
  facet normal -0 0 1
    outer loop
      vertex 12.8574 19.4896 2
      vertex 12.9995 18.0466 2
      vertex 13.0321 19.5155 2
    endloop
  endfacet
  facet normal -0 0 1
    outer loop
      vertex 12.681 19.481 2
      vertex 12.9995 18.0466 2
      vertex 12.8574 19.4896 2
    endloop
  endfacet
  facet normal 0 0 1
    outer loop
      vertex 12.681 19.481 2
      vertex 12.681 18.031 2
      vertex 12.9995 18.0466 2
    endloop
  endfacet
  facet normal 0 0 1
    outer loop
      vertex 12.5045 19.4896 2
      vertex 12.681 18.031 2
      vertex 12.681 19.481 2
    endloop
  endfacet
  facet normal 0 0 1
    outer loop
      vertex 12.5045 19.4896 2
      vertex 12.3624 18.0466 2
      vertex 12.681 18.031 2
    endloop
  endfacet
  facet normal 0 0 1
    outer loop
      vertex 12.3298 19.5155 2
      vertex 12.3624 18.0466 2
      vertex 12.5045 19.4896 2
    endloop
  endfacet
  facet normal 0 0 1
    outer loop
      vertex 12.0469 18.0934 2
      vertex 12.3298 19.5155 2
      vertex 12.1584 19.5585 2
    endloop
  endfacet
  facet normal 0 0 1
    outer loop
      vertex 12.3298 19.5155 2
      vertex 12.0469 18.0934 2
      vertex 12.3624 18.0466 2
    endloop
  endfacet
  facet normal 0 0 1
    outer loop
      vertex 11.7375 18.1709 2
      vertex 12.1584 19.5585 2
      vertex 11.9921 19.618 2
    endloop
  endfacet
  facet normal 0 0 1
    outer loop
      vertex 11.4372 18.2783 2
      vertex 11.9921 19.618 2
      vertex 11.8324 19.6935 2
    endloop
  endfacet
  facet normal 0 0 1
    outer loop
      vertex 12.1584 19.5585 2
      vertex 11.7375 18.1709 2
      vertex 12.0469 18.0934 2
    endloop
  endfacet
  facet normal 0 0 1
    outer loop
      vertex 11.1489 18.4147 2
      vertex 11.8324 19.6935 2
      vertex 11.6809 19.7843 2
    endloop
  endfacet
  facet normal 0 0 1
    outer loop
      vertex 10.8753 18.5787 2
      vertex 11.6809 19.7843 2
      vertex 11.539 19.8895 2
    endloop
  endfacet
  facet normal 0 0 1
    outer loop
      vertex 11.9921 19.618 2
      vertex 11.4372 18.2783 2
      vertex 11.7375 18.1709 2
    endloop
  endfacet
  facet normal 0 0 1
    outer loop
      vertex 10.6192 18.7687 2
      vertex 11.539 19.8895 2
      vertex 11.4082 20.0082 2
    endloop
  endfacet
  facet normal 0 0 1
    outer loop
      vertex 10.3829 18.9829 2
      vertex 11.4082 20.0082 2
      vertex 11.2895 20.139 2
    endloop
  endfacet
  facet normal 0 0 1
    outer loop
      vertex 10.1687 19.2192 2
      vertex 11.2895 20.139 2
      vertex 11.1843 20.2809 2
    endloop
  endfacet
  facet normal 0 0 1
    outer loop
      vertex 11.8324 19.6935 2
      vertex 11.1489 18.4147 2
      vertex 11.4372 18.2783 2
    endloop
  endfacet
  facet normal 0 0 1
    outer loop
      vertex 9.97868 19.4753 2
      vertex 11.1843 20.2809 2
      vertex 11.0935 20.4324 2
    endloop
  endfacet
  facet normal 0 0 1
    outer loop
      vertex 9.81471 19.7489 2
      vertex 11.0935 20.4324 2
      vertex 11.018 20.5921 2
    endloop
  endfacet
  facet normal 0 0 1
    outer loop
      vertex 9.67834 20.0372 2
      vertex 11.018 20.5921 2
      vertex 10.9585 20.7584 2
    endloop
  endfacet
  facet normal 0 0 1
    outer loop
      vertex 9.5709 20.3375 2
      vertex 10.9585 20.7584 2
      vertex 10.9155 20.9298 2
    endloop
  endfacet
  facet normal 0 0 1
    outer loop
      vertex 9.4934 20.6469 2
      vertex 10.9155 20.9298 2
      vertex 10.8896 21.1045 2
    endloop
  endfacet
  facet normal 0 0 1
    outer loop
      vertex 11.6809 19.7843 2
      vertex 10.8753 18.5787 2
      vertex 11.1489 18.4147 2
    endloop
  endfacet
  facet normal 0 0 1
    outer loop
      vertex 9.4466 20.9624 2
      vertex 10.8896 21.1045 2
      vertex 10.881 21.281 2
    endloop
  endfacet
  facet normal 0 0 1
    outer loop
      vertex 11.0935 22.1295 2
      vertex 9.81471 22.813 2
      vertex 11.018 21.9698 2
    endloop
  endfacet
  facet normal -0 0 1
    outer loop
      vertex 9.67834 22.5247 2
      vertex 11.018 21.9698 2
      vertex 9.81471 22.813 2
    endloop
  endfacet
  facet normal 0 0 1
    outer loop
      vertex 11.539 19.8895 2
      vertex 10.6192 18.7687 2
      vertex 10.8753 18.5787 2
    endloop
  endfacet
  facet normal 0 0 1
    outer loop
      vertex 11.018 21.9698 2
      vertex 9.67834 22.5247 2
      vertex 10.9585 21.8035 2
    endloop
  endfacet
  facet normal 0 0 1
    outer loop
      vertex 11.4082 20.0082 2
      vertex 10.3829 18.9829 2
      vertex 10.6192 18.7687 2
    endloop
  endfacet
  facet normal -0 0 1
    outer loop
      vertex 9.5709 22.2244 2
      vertex 10.9585 21.8035 2
      vertex 9.67834 22.5247 2
    endloop
  endfacet
  facet normal 0 0 1
    outer loop
      vertex 11.2895 20.139 2
      vertex 10.1687 19.2192 2
      vertex 10.3829 18.9829 2
    endloop
  endfacet
  facet normal 0 0 1
    outer loop
      vertex 10.9585 21.8035 2
      vertex 9.5709 22.2244 2
      vertex 10.9155 21.6321 2
    endloop
  endfacet
  facet normal 0 0 1
    outer loop
      vertex 11.1843 20.2809 2
      vertex 9.97868 19.4753 2
      vertex 10.1687 19.2192 2
    endloop
  endfacet
  facet normal -0 0 1
    outer loop
      vertex 9.4934 21.915 2
      vertex 10.9155 21.6321 2
      vertex 9.5709 22.2244 2
    endloop
  endfacet
  facet normal 0 0 1
    outer loop
      vertex 11.0935 20.4324 2
      vertex 9.81471 19.7489 2
      vertex 9.97868 19.4753 2
    endloop
  endfacet
  facet normal 0 0 1
    outer loop
      vertex 10.9155 21.6321 2
      vertex 9.4934 21.915 2
      vertex 10.8896 21.4574 2
    endloop
  endfacet
  facet normal 0 0 1
    outer loop
      vertex 11.018 20.5921 2
      vertex 9.67834 20.0372 2
      vertex 9.81471 19.7489 2
    endloop
  endfacet
  facet normal -0 0 1
    outer loop
      vertex 9.4466 21.5995 2
      vertex 10.8896 21.4574 2
      vertex 9.4934 21.915 2
    endloop
  endfacet
  facet normal 0 0 1
    outer loop
      vertex 10.9585 20.7584 2
      vertex 9.5709 20.3375 2
      vertex 9.67834 20.0372 2
    endloop
  endfacet
  facet normal 0 0 1
    outer loop
      vertex 10.8896 21.4574 2
      vertex 9.4466 21.5995 2
      vertex 10.881 21.281 2
    endloop
  endfacet
  facet normal 0 0 1
    outer loop
      vertex 10.9155 20.9298 2
      vertex 9.4934 20.6469 2
      vertex 9.5709 20.3375 2
    endloop
  endfacet
  facet normal 0 0 1
    outer loop
      vertex 9.43095 21.281 2
      vertex 10.881 21.281 2
      vertex 9.4466 21.5995 2
    endloop
  endfacet
  facet normal 0 0 1
    outer loop
      vertex 10.8896 21.1045 2
      vertex 9.4466 20.9624 2
      vertex 9.4934 20.6469 2
    endloop
  endfacet
  facet normal 0 0 1
    outer loop
      vertex 10.881 21.281 2
      vertex 9.43095 21.281 2
      vertex 9.4466 20.9624 2
    endloop
  endfacet
  facet normal 0.671611 0.740904 -0
    outer loop
      vertex 10.6192 18.7687 2
      vertex 10.3829 18.9829 5
      vertex 10.6192 18.7687 5
    endloop
  endfacet
  facet normal 0.671611 0.740904 0
    outer loop
      vertex 10.3829 18.9829 5
      vertex 10.6192 18.7687 2
      vertex 10.3829 18.9829 2
    endloop
  endfacet
  facet normal 0.803083 -0.595868 0
    outer loop
      vertex 9.97868 23.0866 5
      vertex 10.1687 23.3427 2
      vertex 10.1687 23.3427 5
    endloop
  endfacet
  facet normal 0.803083 -0.595868 0
    outer loop
      vertex 10.1687 23.3427 2
      vertex 9.97868 23.0866 5
      vertex 9.97868 23.0866 2
    endloop
  endfacet
  facet normal -0.0492338 -0.998787 0
    outer loop
      vertex 12.681 24.531 2
      vertex 12.9995 24.5153 5
      vertex 12.681 24.531 5
    endloop
  endfacet
  facet normal -0.0492338 -0.998787 -0
    outer loop
      vertex 12.9995 24.5153 5
      vertex 12.681 24.531 2
      vertex 12.9995 24.5153 2
    endloop
  endfacet
  facet normal 0 0 -1
    outer loop
      vertex 14.213 18.4147 5.2
      vertex 14.5153 18.6 5.2
      vertex 14.4866 18.5787 5.2
    endloop
  endfacet
  facet normal 0 0 -1
    outer loop
      vertex 13.9247 18.2783 5.2
      vertex 14.5153 18.6 5.2
      vertex 14.213 18.4147 5.2
    endloop
  endfacet
  facet normal 0 0 -1
    outer loop
      vertex 13.6244 18.1709 5.2
      vertex 14.5153 18.6 5.2
      vertex 13.9247 18.2783 5.2
    endloop
  endfacet
  facet normal 0 0 -1
    outer loop
      vertex 13.315 18.0934 5.2
      vertex 14.5153 18.6 5.2
      vertex 13.6244 18.1709 5.2
    endloop
  endfacet
  facet normal 0 0 -1
    outer loop
      vertex 12.9995 18.0466 5.2
      vertex 14.5153 18.6 5.2
      vertex 13.315 18.0934 5.2
    endloop
  endfacet
  facet normal 0 0 -1
    outer loop
      vertex 12.681 18.031 5.2
      vertex 14.5153 18.6 5.2
      vertex 12.9995 18.0466 5.2
    endloop
  endfacet
  facet normal 0 0 -1
    outer loop
      vertex 12.3624 18.0466 5.2
      vertex 14.5153 18.6 5.2
      vertex 12.681 18.031 5.2
    endloop
  endfacet
  facet normal 0 0 -1
    outer loop
      vertex 12.0469 18.0934 5.2
      vertex 14.5153 18.6 5.2
      vertex 12.3624 18.0466 5.2
    endloop
  endfacet
  facet normal 0 0 -1
    outer loop
      vertex 11.7375 18.1709 5.2
      vertex 14.5153 18.6 5.2
      vertex 12.0469 18.0934 5.2
    endloop
  endfacet
  facet normal 0 0 -1
    outer loop
      vertex 11.4372 18.2783 5.2
      vertex 14.5153 18.6 5.2
      vertex 11.7375 18.1709 5.2
    endloop
  endfacet
  facet normal 0 0 -1
    outer loop
      vertex 11.1489 18.4147 5.2
      vertex 14.5153 18.6 5.2
      vertex 11.4372 18.2783 5.2
    endloop
  endfacet
  facet normal 0 0 -1
    outer loop
      vertex 10.8466 18.6 5.2
      vertex 11.1489 18.4147 5.2
      vertex 10.8753 18.5787 5.2
    endloop
  endfacet
  facet normal 0 0 -1
    outer loop
      vertex 11.1489 18.4147 5.2
      vertex 10.8466 18.6 5.2
      vertex 14.5153 18.6 5.2
    endloop
  endfacet
  facet normal 0.0489056 0.998803 -0
    outer loop
      vertex 12.681 18.031 2
      vertex 12.3624 18.0466 5.2
      vertex 12.681 18.031 5.2
    endloop
  endfacet
  facet normal 0.0489056 0.998803 0
    outer loop
      vertex 12.3624 18.0466 5.2
      vertex 12.681 18.031 2
      vertex 12.3624 18.0466 2
    endloop
  endfacet
  facet normal 0.998795 -0.0490774 0
    outer loop
      vertex 9.43095 21.281 5
      vertex 9.4466 21.5995 2
      vertex 9.4466 21.5995 5
    endloop
  endfacet
  facet normal 0.998795 -0.0490774 0
    outer loop
      vertex 9.4466 21.5995 2
      vertex 9.43095 21.281 5
      vertex 9.43095 21.281 2
    endloop
  endfacet
  facet normal 0.336753 0.941593 -0
    outer loop
      vertex 11.7375 18.1709 2
      vertex 11.4372 18.2783 5.2
      vertex 11.7375 18.1709 5.2
    endloop
  endfacet
  facet normal 0.336753 0.941593 0
    outer loop
      vertex 11.4372 18.2783 5.2
      vertex 11.7375 18.1709 2
      vertex 11.4372 18.2783 2
    endloop
  endfacet
  facet normal -0.336753 -0.941593 0
    outer loop
      vertex 13.6244 24.391 2
      vertex 13.9247 24.2836 5
      vertex 13.6244 24.391 5
    endloop
  endfacet
  facet normal -0.336753 -0.941593 -0
    outer loop
      vertex 13.9247 24.2836 5
      vertex 13.6244 24.391 2
      vertex 13.9247 24.2836 2
    endloop
  endfacet
  facet normal -0.740904 0.671611 0
    outer loop
      vertex 14.979 18.9829 2
      vertex 15.1932 19.2192 5
      vertex 15.1932 19.2192 2
    endloop
  endfacet
  facet normal -0.740904 0.671611 0
    outer loop
      vertex 15.1932 19.2192 5
      vertex 14.979 18.9829 2
      vertex 14.979 18.9829 5
    endloop
  endfacet
  facet normal -0.671611 0.740904 0
    outer loop
      vertex 14.979 18.9829 2
      vertex 14.7427 18.7687 5
      vertex 14.979 18.9829 5
    endloop
  endfacet
  facet normal -0.671611 0.740904 0
    outer loop
      vertex 14.7427 18.7687 5
      vertex 14.979 18.9829 2
      vertex 14.7427 18.7687 2
    endloop
  endfacet
  facet normal 0.998695 0.0510696 0
    outer loop
      vertex 104.228 114.443 2
      vertex 104.219 114.619 0
      vertex 104.219 114.619 2
    endloop
  endfacet
  facet normal 0.998695 0.0510696 0
    outer loop
      vertex 104.219 114.619 0
      vertex 104.228 114.443 2
      vertex 104.228 114.443 0
    endloop
  endfacet
  facet normal -0.989143 -0.146958 0
    outer loop
      vertex 107.81 114.795 0
      vertex 107.784 114.97 2
      vertex 107.784 114.97 0
    endloop
  endfacet
  facet normal -0.989143 -0.146958 0
    outer loop
      vertex 107.784 114.97 2
      vertex 107.81 114.795 0
      vertex 107.81 114.795 2
    endloop
  endfacet
  facet normal -0.998695 -0.0510696 0
    outer loop
      vertex 107.819 114.619 0
      vertex 107.81 114.795 2
      vertex 107.81 114.795 0
    endloop
  endfacet
  facet normal -0.998695 -0.0510696 0
    outer loop
      vertex 107.81 114.795 2
      vertex 107.819 114.619 0
      vertex 107.819 114.619 2
    endloop
  endfacet
  facet normal -0.971457 -0.237216 0
    outer loop
      vertex 107.784 114.97 0
      vertex 107.742 115.142 2
      vertex 107.742 115.142 0
    endloop
  endfacet
  facet normal -0.971457 -0.237216 0
    outer loop
      vertex 107.742 115.142 2
      vertex 107.784 114.97 0
      vertex 107.784 114.97 2
    endloop
  endfacet
  facet normal -0.429057 0.903278 0
    outer loop
      vertex 106.868 113.032 0
      vertex 106.708 112.956 2
      vertex 106.868 113.032 2
    endloop
  endfacet
  facet normal -0.429057 0.903278 0
    outer loop
      vertex 106.708 112.956 2
      vertex 106.868 113.032 0
      vertex 106.708 112.956 0
    endloop
  endfacet
  facet normal 0.989143 -0.146958 0
    outer loop
      vertex 104.228 114.795 2
      vertex 104.254 114.97 0
      vertex 104.254 114.97 2
    endloop
  endfacet
  facet normal 0.989143 -0.146958 0
    outer loop
      vertex 104.254 114.97 0
      vertex 104.228 114.795 2
      vertex 104.228 114.795 0
    endloop
  endfacet
  facet normal -0.743012 -0.669278 0
    outer loop
      vertex 107.41 115.761 0
      vertex 107.292 115.892 2
      vertex 107.292 115.892 0
    endloop
  endfacet
  facet normal -0.743012 -0.669278 0
    outer loop
      vertex 107.292 115.892 2
      vertex 107.41 115.761 0
      vertex 107.41 115.761 2
    endloop
  endfacet
  facet normal -0.511984 0.858995 0
    outer loop
      vertex 107.019 113.122 0
      vertex 106.868 113.032 2
      vertex 107.019 113.122 2
    endloop
  endfacet
  facet normal -0.511984 0.858995 0
    outer loop
      vertex 106.868 113.032 2
      vertex 107.019 113.122 0
      vertex 106.868 113.032 0
    endloop
  endfacet
  facet normal -0.424434 -0.905459 0
    outer loop
      vertex 106.708 116.282 0
      vertex 106.868 116.207 2
      vertex 106.708 116.282 2
    endloop
  endfacet
  facet normal -0.424434 -0.905459 -0
    outer loop
      vertex 106.868 116.207 2
      vertex 106.708 116.282 0
      vertex 106.868 116.207 0
    endloop
  endfacet
  facet normal -0.0510696 -0.998695 0
    outer loop
      vertex 106.019 116.419 0
      vertex 106.195 116.41 2
      vertex 106.019 116.419 2
    endloop
  endfacet
  facet normal -0.0510696 -0.998695 -0
    outer loop
      vertex 106.195 116.41 2
      vertex 106.019 116.419 0
      vertex 106.195 116.41 0
    endloop
  endfacet
  facet normal 0.903278 -0.429057 0
    outer loop
      vertex 104.356 115.308 2
      vertex 104.432 115.468 0
      vertex 104.432 115.468 2
    endloop
  endfacet
  facet normal 0.903278 -0.429057 0
    outer loop
      vertex 104.432 115.468 0
      vertex 104.356 115.308 2
      vertex 104.356 115.308 0
    endloop
  endfacet
  facet normal 0.24387 0.969808 -0
    outer loop
      vertex 105.668 112.854 0
      vertex 105.497 112.897 2
      vertex 105.668 112.854 2
    endloop
  endfacet
  facet normal 0.24387 0.969808 0
    outer loop
      vertex 105.497 112.897 2
      vertex 105.668 112.854 0
      vertex 105.497 112.897 0
    endloop
  endfacet
  facet normal -0.146958 0.989143 0
    outer loop
      vertex 106.37 112.854 0
      vertex 106.195 112.828 2
      vertex 106.37 112.854 2
    endloop
  endfacet
  facet normal -0.146958 0.989143 0
    outer loop
      vertex 106.195 112.828 2
      vertex 106.37 112.854 0
      vertex 106.195 112.828 0
    endloop
  endfacet
  facet normal -0.334898 0.942254 0
    outer loop
      vertex 106.708 112.956 0
      vertex 106.542 112.897 2
      vertex 106.708 112.956 2
    endloop
  endfacet
  facet normal -0.334898 0.942254 0
    outer loop
      vertex 106.542 112.897 2
      vertex 106.708 112.956 0
      vertex 106.542 112.897 0
    endloop
  endfacet
  facet normal -0.598193 0.801352 0
    outer loop
      vertex 107.161 113.228 0
      vertex 107.019 113.122 2
      vertex 107.161 113.228 2
    endloop
  endfacet
  facet normal -0.598193 0.801352 0
    outer loop
      vertex 107.019 113.122 2
      vertex 107.161 113.228 0
      vertex 107.019 113.122 0
    endloop
  endfacet
  facet normal -0.905459 -0.424434 0
    outer loop
      vertex 107.682 115.308 0
      vertex 107.607 115.468 2
      vertex 107.607 115.468 0
    endloop
  endfacet
  facet normal -0.905459 -0.424434 0
    outer loop
      vertex 107.607 115.468 2
      vertex 107.682 115.308 0
      vertex 107.682 115.308 2
    endloop
  endfacet
  facet normal -0.598193 -0.801352 0
    outer loop
      vertex 107.019 116.116 0
      vertex 107.161 116.01 2
      vertex 107.019 116.116 2
    endloop
  endfacet
  facet normal -0.598193 -0.801352 -0
    outer loop
      vertex 107.161 116.01 2
      vertex 107.019 116.116 0
      vertex 107.161 116.01 0
    endloop
  endfacet
  facet normal -0.801352 0.598193 0
    outer loop
      vertex 107.41 113.477 0
      vertex 107.516 113.619 2
      vertex 107.516 113.619 0
    endloop
  endfacet
  facet normal -0.801352 0.598193 0
    outer loop
      vertex 107.516 113.619 2
      vertex 107.41 113.477 0
      vertex 107.41 113.477 2
    endloop
  endfacet
  facet normal 0.238525 -0.971136 0
    outer loop
      vertex 105.497 116.342 0
      vertex 105.668 116.384 2
      vertex 105.497 116.342 2
    endloop
  endfacet
  facet normal 0.238525 -0.971136 0
    outer loop
      vertex 105.668 116.384 2
      vertex 105.497 116.342 0
      vertex 105.668 116.384 0
    endloop
  endfacet
  facet normal -0.516163 -0.85649 0
    outer loop
      vertex 106.868 116.207 0
      vertex 107.019 116.116 2
      vertex 106.868 116.207 2
    endloop
  endfacet
  facet normal -0.516163 -0.85649 -0
    outer loop
      vertex 107.019 116.116 2
      vertex 106.868 116.207 0
      vertex 107.019 116.116 0
    endloop
  endfacet
  facet normal 0.513665 -0.857991 0
    outer loop
      vertex 105.019 116.116 0
      vertex 105.171 116.207 2
      vertex 105.019 116.116 2
    endloop
  endfacet
  facet normal 0.513665 -0.857991 0
    outer loop
      vertex 105.171 116.207 2
      vertex 105.019 116.116 0
      vertex 105.171 116.207 0
    endloop
  endfacet
  facet normal -0.242536 0.970143 0
    outer loop
      vertex 106.542 112.897 0
      vertex 106.37 112.854 2
      vertex 106.542 112.897 2
    endloop
  endfacet
  facet normal -0.242536 0.970143 0
    outer loop
      vertex 106.37 112.854 2
      vertex 106.542 112.897 0
      vertex 106.37 112.854 0
    endloop
  endfacet
  facet normal -0.801352 -0.598193 0
    outer loop
      vertex 107.516 115.619 0
      vertex 107.41 115.761 2
      vertex 107.41 115.761 0
    endloop
  endfacet
  facet normal -0.801352 -0.598193 0
    outer loop
      vertex 107.41 115.761 2
      vertex 107.516 115.619 0
      vertex 107.516 115.619 2
    endloop
  endfacet
  facet normal 0.333115 0.942886 -0
    outer loop
      vertex 105.497 112.897 0
      vertex 105.33 112.956 2
      vertex 105.497 112.897 2
    endloop
  endfacet
  facet normal 0.333115 0.942886 0
    outer loop
      vertex 105.33 112.956 2
      vertex 105.497 112.897 0
      vertex 105.33 112.956 0
    endloop
  endfacet
  facet normal -0.237216 -0.971457 0
    outer loop
      vertex 106.37 116.384 0
      vertex 106.542 116.342 2
      vertex 106.37 116.384 2
    endloop
  endfacet
  facet normal -0.237216 -0.971457 -0
    outer loop
      vertex 106.542 116.342 2
      vertex 106.37 116.384 0
      vertex 106.542 116.342 0
    endloop
  endfacet
  facet normal 0.743012 0.669278 0
    outer loop
      vertex 104.746 113.346 2
      vertex 104.628 113.477 0
      vertex 104.628 113.477 2
    endloop
  endfacet
  facet normal 0.743012 0.669278 0
    outer loop
      vertex 104.628 113.477 0
      vertex 104.746 113.346 2
      vertex 104.746 113.346 0
    endloop
  endfacet
  facet normal -0.998695 0.0510696 0
    outer loop
      vertex 107.81 114.443 0
      vertex 107.819 114.619 2
      vertex 107.819 114.619 0
    endloop
  endfacet
  facet normal -0.998695 0.0510696 0
    outer loop
      vertex 107.819 114.619 2
      vertex 107.81 114.443 0
      vertex 107.81 114.443 2
    endloop
  endfacet
  facet normal 0.942886 0.333115 0
    outer loop
      vertex 104.356 113.93 2
      vertex 104.297 114.097 0
      vertex 104.297 114.097 2
    endloop
  endfacet
  facet normal 0.942886 0.333115 0
    outer loop
      vertex 104.297 114.097 0
      vertex 104.356 113.93 2
      vertex 104.356 113.93 0
    endloop
  endfacet
  facet normal -0.904432 0.426619 0
    outer loop
      vertex 107.607 113.771 0
      vertex 107.682 113.93 2
      vertex 107.682 113.93 0
    endloop
  endfacet
  facet normal -0.904432 0.426619 0
    outer loop
      vertex 107.682 113.93 2
      vertex 107.607 113.771 0
      vertex 107.607 113.771 2
    endloop
  endfacet
  facet normal 0.598193 -0.801352 0
    outer loop
      vertex 104.877 116.01 0
      vertex 105.019 116.116 2
      vertex 104.877 116.01 2
    endloop
  endfacet
  facet normal 0.598193 -0.801352 0
    outer loop
      vertex 105.019 116.116 2
      vertex 104.877 116.01 0
      vertex 105.019 116.116 0
    endloop
  endfacet
  facet normal 0.969808 0.24387 0
    outer loop
      vertex 104.297 114.097 2
      vertex 104.254 114.268 0
      vertex 104.254 114.268 2
    endloop
  endfacet
  facet normal 0.969808 0.24387 0
    outer loop
      vertex 104.254 114.268 0
      vertex 104.297 114.097 2
      vertex 104.297 114.097 0
    endloop
  endfacet
  facet normal 0.146958 0.989143 -0
    outer loop
      vertex 105.843 112.828 0
      vertex 105.668 112.854 2
      vertex 105.843 112.828 2
    endloop
  endfacet
  facet normal 0.146958 0.989143 0
    outer loop
      vertex 105.668 112.854 2
      vertex 105.843 112.828 0
      vertex 105.668 112.854 0
    endloop
  endfacet
  facet normal -0.940453 -0.339923 0
    outer loop
      vertex 107.742 115.142 0
      vertex 107.682 115.308 2
      vertex 107.682 115.308 0
    endloop
  endfacet
  facet normal -0.940453 -0.339923 0
    outer loop
      vertex 107.682 115.308 2
      vertex 107.742 115.142 0
      vertex 107.742 115.142 2
    endloop
  endfacet
  facet normal 0.0510696 0.998695 -0
    outer loop
      vertex 106.019 112.819 0
      vertex 105.843 112.828 2
      vertex 106.019 112.819 2
    endloop
  endfacet
  facet normal 0.0510696 0.998695 0
    outer loop
      vertex 105.843 112.828 2
      vertex 106.019 112.819 0
      vertex 105.843 112.828 0
    endloop
  endfacet
  facet normal 0.0510696 -0.998695 0
    outer loop
      vertex 105.843 116.41 0
      vertex 106.019 116.419 2
      vertex 105.843 116.41 2
    endloop
  endfacet
  facet normal 0.0510696 -0.998695 0
    outer loop
      vertex 106.019 116.419 2
      vertex 105.843 116.41 0
      vertex 106.019 116.419 0
    endloop
  endfacet
  facet normal 0.743012 -0.669278 0
    outer loop
      vertex 104.628 115.761 2
      vertex 104.746 115.892 0
      vertex 104.746 115.892 2
    endloop
  endfacet
  facet normal 0.743012 -0.669278 0
    outer loop
      vertex 104.746 115.892 0
      vertex 104.628 115.761 2
      vertex 104.628 115.761 0
    endloop
  endfacet
  facet normal -0.971136 0.238525 0
    outer loop
      vertex 107.742 114.097 0
      vertex 107.784 114.268 2
      vertex 107.784 114.268 0
    endloop
  endfacet
  facet normal -0.971136 0.238525 0
    outer loop
      vertex 107.784 114.268 2
      vertex 107.742 114.097 0
      vertex 107.742 114.097 2
    endloop
  endfacet
  facet normal -0.989143 0.146958 0
    outer loop
      vertex 107.784 114.268 0
      vertex 107.81 114.443 2
      vertex 107.81 114.443 0
    endloop
  endfacet
  facet normal -0.989143 0.146958 0
    outer loop
      vertex 107.81 114.443 2
      vertex 107.784 114.268 0
      vertex 107.784 114.268 2
    endloop
  endfacet
  facet normal 0.669278 0.743012 -0
    outer loop
      vertex 104.877 113.228 0
      vertex 104.746 113.346 2
      vertex 104.877 113.228 2
    endloop
  endfacet
  facet normal 0.669278 0.743012 0
    outer loop
      vertex 104.746 113.346 2
      vertex 104.877 113.228 0
      vertex 104.746 113.346 0
    endloop
  endfacet
  facet normal 0.146958 -0.989143 0
    outer loop
      vertex 105.668 116.384 0
      vertex 105.843 116.41 2
      vertex 105.668 116.384 2
    endloop
  endfacet
  facet normal 0.146958 -0.989143 0
    outer loop
      vertex 105.843 116.41 2
      vertex 105.668 116.384 0
      vertex 105.843 116.41 0
    endloop
  endfacet
  facet normal -0.0510696 0.998695 0
    outer loop
      vertex 106.195 112.828 0
      vertex 106.019 112.819 2
      vertex 106.195 112.828 2
    endloop
  endfacet
  facet normal -0.0510696 0.998695 0
    outer loop
      vertex 106.019 112.819 2
      vertex 106.195 112.828 0
      vertex 106.019 112.819 0
    endloop
  endfacet
  facet normal -0.857991 0.513665 0
    outer loop
      vertex 107.516 113.619 0
      vertex 107.607 113.771 2
      vertex 107.607 113.771 0
    endloop
  endfacet
  facet normal -0.857991 0.513665 0
    outer loop
      vertex 107.607 113.771 2
      vertex 107.516 113.619 0
      vertex 107.516 113.619 2
    endloop
  endfacet
  facet normal 0.858995 -0.511984 0
    outer loop
      vertex 104.432 115.468 2
      vertex 104.522 115.619 0
      vertex 104.522 115.619 2
    endloop
  endfacet
  facet normal 0.858995 -0.511984 0
    outer loop
      vertex 104.522 115.619 0
      vertex 104.432 115.468 2
      vertex 104.432 115.468 0
    endloop
  endfacet
  facet normal -0.941103 0.338121 0
    outer loop
      vertex 107.682 113.93 0
      vertex 107.742 114.097 2
      vertex 107.742 114.097 0
    endloop
  endfacet
  facet normal -0.941103 0.338121 0
    outer loop
      vertex 107.742 114.097 2
      vertex 107.682 113.93 0
      vertex 107.682 113.93 2
    endloop
  endfacet
  facet normal 0.426619 -0.904432 0
    outer loop
      vertex 105.171 116.207 0
      vertex 105.33 116.282 2
      vertex 105.171 116.207 2
    endloop
  endfacet
  facet normal 0.426619 -0.904432 0
    outer loop
      vertex 105.33 116.282 2
      vertex 105.171 116.207 0
      vertex 105.33 116.282 0
    endloop
  endfacet
  facet normal 0.669278 -0.743012 0
    outer loop
      vertex 104.746 115.892 0
      vertex 104.877 116.01 2
      vertex 104.746 115.892 2
    endloop
  endfacet
  facet normal 0.669278 -0.743012 0
    outer loop
      vertex 104.877 116.01 2
      vertex 104.746 115.892 0
      vertex 104.877 116.01 0
    endloop
  endfacet
  facet normal -0.85649 -0.516163 0
    outer loop
      vertex 107.607 115.468 0
      vertex 107.516 115.619 2
      vertex 107.516 115.619 0
    endloop
  endfacet
  facet normal -0.85649 -0.516163 0
    outer loop
      vertex 107.516 115.619 2
      vertex 107.607 115.468 0
      vertex 107.607 115.468 2
    endloop
  endfacet
  facet normal -0.669278 -0.743012 0
    outer loop
      vertex 107.161 116.01 0
      vertex 107.292 115.892 2
      vertex 107.161 116.01 2
    endloop
  endfacet
  facet normal -0.669278 -0.743012 -0
    outer loop
      vertex 107.292 115.892 2
      vertex 107.161 116.01 0
      vertex 107.292 115.892 0
    endloop
  endfacet
  facet normal -0.339923 -0.940453 0
    outer loop
      vertex 106.542 116.342 0
      vertex 106.708 116.282 2
      vertex 106.542 116.342 2
    endloop
  endfacet
  facet normal -0.339923 -0.940453 -0
    outer loop
      vertex 106.708 116.282 2
      vertex 106.542 116.342 0
      vertex 106.708 116.282 0
    endloop
  endfacet
  facet normal 0.338121 -0.941103 0
    outer loop
      vertex 105.33 116.282 0
      vertex 105.497 116.342 2
      vertex 105.33 116.282 2
    endloop
  endfacet
  facet normal 0.338121 -0.941103 0
    outer loop
      vertex 105.497 116.342 2
      vertex 105.33 116.282 0
      vertex 105.497 116.342 0
    endloop
  endfacet
  facet normal 0.860475 0.509492 0
    outer loop
      vertex 104.522 113.619 2
      vertex 104.432 113.771 0
      vertex 104.432 113.771 2
    endloop
  endfacet
  facet normal 0.860475 0.509492 0
    outer loop
      vertex 104.432 113.771 0
      vertex 104.522 113.619 2
      vertex 104.522 113.619 0
    endloop
  endfacet
  facet normal 0.509492 0.860475 -0
    outer loop
      vertex 105.171 113.032 0
      vertex 105.019 113.122 2
      vertex 105.171 113.032 2
    endloop
  endfacet
  facet normal 0.509492 0.860475 0
    outer loop
      vertex 105.019 113.122 2
      vertex 105.171 113.032 0
      vertex 105.019 113.122 0
    endloop
  endfacet
  facet normal 0.431255 0.90223 -0
    outer loop
      vertex 105.33 112.956 0
      vertex 105.171 113.032 2
      vertex 105.33 112.956 2
    endloop
  endfacet
  facet normal 0.431255 0.90223 0
    outer loop
      vertex 105.171 113.032 2
      vertex 105.33 112.956 0
      vertex 105.171 113.032 0
    endloop
  endfacet
  facet normal -0.669278 0.743012 0
    outer loop
      vertex 107.292 113.346 0
      vertex 107.161 113.228 2
      vertex 107.292 113.346 2
    endloop
  endfacet
  facet normal -0.669278 0.743012 0
    outer loop
      vertex 107.161 113.228 2
      vertex 107.292 113.346 0
      vertex 107.161 113.228 0
    endloop
  endfacet
  facet normal 0.598193 0.801352 -0
    outer loop
      vertex 105.019 113.122 0
      vertex 104.877 113.228 2
      vertex 105.019 113.122 2
    endloop
  endfacet
  facet normal 0.598193 0.801352 0
    outer loop
      vertex 104.877 113.228 2
      vertex 105.019 113.122 0
      vertex 104.877 113.228 0
    endloop
  endfacet
  facet normal 0.801352 0.598193 0
    outer loop
      vertex 104.628 113.477 2
      vertex 104.522 113.619 0
      vertex 104.522 113.619 2
    endloop
  endfacet
  facet normal 0.801352 0.598193 0
    outer loop
      vertex 104.522 113.619 0
      vertex 104.628 113.477 2
      vertex 104.628 113.477 0
    endloop
  endfacet
  facet normal 0.989143 0.146958 0
    outer loop
      vertex 104.254 114.268 2
      vertex 104.228 114.443 0
      vertex 104.228 114.443 2
    endloop
  endfacet
  facet normal 0.989143 0.146958 0
    outer loop
      vertex 104.228 114.443 0
      vertex 104.254 114.268 2
      vertex 104.254 114.268 0
    endloop
  endfacet
  facet normal 0.970143 -0.242536 0
    outer loop
      vertex 104.254 114.97 2
      vertex 104.297 115.142 0
      vertex 104.297 115.142 2
    endloop
  endfacet
  facet normal 0.970143 -0.242536 0
    outer loop
      vertex 104.297 115.142 0
      vertex 104.254 114.97 2
      vertex 104.254 114.97 0
    endloop
  endfacet
  facet normal -0.146958 -0.989143 0
    outer loop
      vertex 106.195 116.41 0
      vertex 106.37 116.384 2
      vertex 106.195 116.41 2
    endloop
  endfacet
  facet normal -0.146958 -0.989143 -0
    outer loop
      vertex 106.37 116.384 2
      vertex 106.195 116.41 0
      vertex 106.37 116.384 0
    endloop
  endfacet
  facet normal 0.90223 0.431255 0
    outer loop
      vertex 104.432 113.771 2
      vertex 104.356 113.93 0
      vertex 104.356 113.93 2
    endloop
  endfacet
  facet normal 0.90223 0.431255 0
    outer loop
      vertex 104.356 113.93 0
      vertex 104.432 113.771 2
      vertex 104.432 113.771 0
    endloop
  endfacet
  facet normal 0.942254 -0.334898 0
    outer loop
      vertex 104.297 115.142 2
      vertex 104.356 115.308 0
      vertex 104.356 115.308 2
    endloop
  endfacet
  facet normal 0.942254 -0.334898 0
    outer loop
      vertex 104.356 115.308 0
      vertex 104.297 115.142 2
      vertex 104.297 115.142 0
    endloop
  endfacet
  facet normal 0.801352 -0.598193 0
    outer loop
      vertex 104.522 115.619 2
      vertex 104.628 115.761 0
      vertex 104.628 115.761 2
    endloop
  endfacet
  facet normal 0.801352 -0.598193 0
    outer loop
      vertex 104.628 115.761 0
      vertex 104.522 115.619 2
      vertex 104.522 115.619 0
    endloop
  endfacet
  facet normal 0.998695 -0.0510696 0
    outer loop
      vertex 104.219 114.619 2
      vertex 104.228 114.795 0
      vertex 104.228 114.795 2
    endloop
  endfacet
  facet normal 0.998695 -0.0510696 0
    outer loop
      vertex 104.228 114.795 0
      vertex 104.219 114.619 2
      vertex 104.219 114.619 0
    endloop
  endfacet
  facet normal -0.743012 0.669278 0
    outer loop
      vertex 107.292 113.346 0
      vertex 107.41 113.477 2
      vertex 107.41 113.477 0
    endloop
  endfacet
  facet normal -0.743012 0.669278 0
    outer loop
      vertex 107.41 113.477 2
      vertex 107.292 113.346 0
      vertex 107.292 113.346 2
    endloop
  endfacet
  facet normal -0.740792 -0.671735 0
    outer loop
      vertex 108.531 116.681 2
      vertex 108.317 116.917 5
      vertex 108.317 116.917 2
    endloop
  endfacet
  facet normal -0.740792 -0.671735 0
    outer loop
      vertex 108.317 116.917 5
      vertex 108.531 116.681 2
      vertex 108.531 116.681 5
    endloop
  endfacet
  facet normal -0.989505 -0.144499 0
    outer loop
      vertex 109.253 114.938 2
      vertex 109.207 115.253 5
      vertex 109.207 115.253 2
    endloop
  endfacet
  facet normal -0.989505 -0.144499 0
    outer loop
      vertex 109.207 115.253 5
      vertex 109.253 114.938 2
      vertex 109.253 114.938 5
    endloop
  endfacet
  facet normal -0.998745 -0.0500938 0
    outer loop
      vertex 109.269 114.619 2
      vertex 109.253 114.938 5
      vertex 109.253 114.938 2
    endloop
  endfacet
  facet normal -0.998745 -0.0500938 0
    outer loop
      vertex 109.253 114.938 5
      vertex 109.269 114.619 2
      vertex 109.269 114.619 5
    endloop
  endfacet
  facet normal -0.595977 -0.803001 0
    outer loop
      vertex 107.825 117.321 2
      vertex 108.081 117.131 5
      vertex 107.825 117.321 5
    endloop
  endfacet
  facet normal -0.595977 -0.803001 -0
    outer loop
      vertex 108.081 117.131 5
      vertex 107.825 117.321 2
      vertex 108.081 117.131 2
    endloop
  endfacet
  facet normal -0.595977 0.803001 0
    outer loop
      vertex 108.081 112.107 2
      vertex 107.825 111.917 5
      vertex 108.081 112.107 5
    endloop
  endfacet
  facet normal -0.595977 0.803001 0
    outer loop
      vertex 107.825 111.917 5
      vertex 108.081 112.107 2
      vertex 107.825 111.917 2
    endloop
  endfacet
  facet normal 0.998745 0.0500938 0
    outer loop
      vertex 102.785 114.3 5
      vertex 102.769 114.619 2
      vertex 102.769 114.619 5
    endloop
  endfacet
  facet normal 0.998745 0.0500938 0
    outer loop
      vertex 102.769 114.619 2
      vertex 102.785 114.3 5
      vertex 102.785 114.3 2
    endloop
  endfacet
  facet normal 0.671735 -0.740792 0
    outer loop
      vertex 103.721 116.917 2
      vertex 103.957 117.131 5
      vertex 103.721 116.917 5
    endloop
  endfacet
  facet normal 0.671735 -0.740792 0
    outer loop
      vertex 103.957 117.131 5
      vertex 103.721 116.917 2
      vertex 103.957 117.131 2
    endloop
  endfacet
  facet normal 0.969586 0.24475 0
    outer loop
      vertex 102.909 113.676 5
      vertex 102.831 113.985 2
      vertex 102.831 113.985 5
    endloop
  endfacet
  facet normal 0.969586 0.24475 0
    outer loop
      vertex 102.831 113.985 2
      vertex 102.909 113.676 5
      vertex 102.909 113.676 2
    endloop
  endfacet
  facet normal 0.942237 0.334948 0
    outer loop
      vertex 103.016 113.375 5
      vertex 102.909 113.676 2
      vertex 102.909 113.676 5
    endloop
  endfacet
  facet normal 0.942237 0.334948 0
    outer loop
      vertex 102.909 113.676 2
      vertex 103.016 113.375 5
      vertex 103.016 113.375 2
    endloop
  endfacet
  facet normal -0.942237 0.334948 0
    outer loop
      vertex 109.022 113.375 2
      vertex 109.129 113.676 5
      vertex 109.129 113.676 2
    endloop
  endfacet
  facet normal -0.942237 0.334948 0
    outer loop
      vertex 109.129 113.676 5
      vertex 109.022 113.375 2
      vertex 109.022 113.375 5
    endloop
  endfacet
  facet normal -0.513574 -0.858045 0
    outer loop
      vertex 107.551 117.485 2
      vertex 107.825 117.321 5
      vertex 107.551 117.485 5
    endloop
  endfacet
  facet normal -0.513574 -0.858045 -0
    outer loop
      vertex 107.825 117.321 5
      vertex 107.551 117.485 2
      vertex 107.825 117.321 2
    endloop
  endfacet
  facet normal -0.0500938 -0.998745 0
    outer loop
      vertex 106.019 117.869 2
      vertex 106.338 117.853 5
      vertex 106.019 117.869 5
    endloop
  endfacet
  facet normal -0.0500938 -0.998745 -0
    outer loop
      vertex 106.338 117.853 5
      vertex 106.019 117.869 2
      vertex 106.338 117.853 2
    endloop
  endfacet
  facet normal 0.24475 -0.969586 0
    outer loop
      vertex 105.076 117.729 2
      vertex 105.385 117.807 5
      vertex 105.076 117.729 5
    endloop
  endfacet
  facet normal 0.24475 -0.969586 0
    outer loop
      vertex 105.385 117.807 5
      vertex 105.076 117.729 2
      vertex 105.385 117.807 2
    endloop
  endfacet
  facet normal 0.595977 0.803001 -0
    outer loop
      vertex 104.213 111.917 2
      vertex 103.957 112.107 5
      vertex 104.213 111.917 5
    endloop
  endfacet
  facet normal 0.595977 0.803001 0
    outer loop
      vertex 103.957 112.107 5
      vertex 104.213 111.917 2
      vertex 103.957 112.107 2
    endloop
  endfacet
  facet normal -0.144499 -0.989505 0
    outer loop
      vertex 106.338 117.853 2
      vertex 106.653 117.807 5
      vertex 106.338 117.853 5
    endloop
  endfacet
  facet normal -0.144499 -0.989505 -0
    outer loop
      vertex 106.653 117.807 5
      vertex 106.338 117.853 2
      vertex 106.653 117.807 2
    endloop
  endfacet
  facet normal -0.429568 -0.903034 0
    outer loop
      vertex 107.263 117.622 2
      vertex 107.551 117.485 5
      vertex 107.263 117.622 5
    endloop
  endfacet
  facet normal -0.429568 -0.903034 -0
    outer loop
      vertex 107.551 117.485 5
      vertex 107.263 117.622 2
      vertex 107.551 117.485 2
    endloop
  endfacet
  facet normal 0 0 1
    outer loop
      vertex 107.819 114.619 2
      vertex 109.269 114.619 2
      vertex 109.253 114.938 2
    endloop
  endfacet
  facet normal 0 0 1
    outer loop
      vertex 107.81 114.795 2
      vertex 109.253 114.938 2
      vertex 109.207 115.253 2
    endloop
  endfacet
  facet normal 0 0 1
    outer loop
      vertex 109.269 114.619 2
      vertex 107.819 114.619 2
      vertex 109.253 114.3 2
    endloop
  endfacet
  facet normal 0 0 1
    outer loop
      vertex 107.784 114.97 2
      vertex 109.207 115.253 2
      vertex 109.129 115.562 2
    endloop
  endfacet
  facet normal -0 0 1
    outer loop
      vertex 107.81 114.443 2
      vertex 109.253 114.3 2
      vertex 107.819 114.619 2
    endloop
  endfacet
  facet normal 0 0 1
    outer loop
      vertex 107.742 115.142 2
      vertex 109.129 115.562 2
      vertex 109.022 115.863 2
    endloop
  endfacet
  facet normal 0 0 1
    outer loop
      vertex 109.253 114.3 2
      vertex 107.81 114.443 2
      vertex 109.207 113.985 2
    endloop
  endfacet
  facet normal 0 0 1
    outer loop
      vertex 107.682 115.308 2
      vertex 109.022 115.863 2
      vertex 108.885 116.151 2
    endloop
  endfacet
  facet normal -0 0 1
    outer loop
      vertex 107.784 114.268 2
      vertex 109.207 113.985 2
      vertex 107.81 114.443 2
    endloop
  endfacet
  facet normal 0 0 1
    outer loop
      vertex 107.607 115.468 2
      vertex 108.885 116.151 2
      vertex 108.721 116.425 2
    endloop
  endfacet
  facet normal 0 0 1
    outer loop
      vertex 109.207 113.985 2
      vertex 107.784 114.268 2
      vertex 109.129 113.676 2
    endloop
  endfacet
  facet normal 0 0 1
    outer loop
      vertex 107.516 115.619 2
      vertex 108.721 116.425 2
      vertex 108.531 116.681 2
    endloop
  endfacet
  facet normal -0 0 1
    outer loop
      vertex 107.742 114.097 2
      vertex 109.129 113.676 2
      vertex 107.784 114.268 2
    endloop
  endfacet
  facet normal 0 0 1
    outer loop
      vertex 107.41 115.761 2
      vertex 108.531 116.681 2
      vertex 108.317 116.917 2
    endloop
  endfacet
  facet normal 0 0 1
    outer loop
      vertex 109.129 113.676 2
      vertex 107.742 114.097 2
      vertex 109.022 113.375 2
    endloop
  endfacet
  facet normal 0 0 1
    outer loop
      vertex 107.292 115.892 2
      vertex 108.317 116.917 2
      vertex 108.081 117.131 2
    endloop
  endfacet
  facet normal -0 0 1
    outer loop
      vertex 107.682 113.93 2
      vertex 109.022 113.375 2
      vertex 107.742 114.097 2
    endloop
  endfacet
  facet normal 0 0 1
    outer loop
      vertex 107.161 116.01 2
      vertex 108.081 117.131 2
      vertex 107.825 117.321 2
    endloop
  endfacet
  facet normal 0 0 1
    outer loop
      vertex 109.022 113.375 2
      vertex 107.682 113.93 2
      vertex 108.885 113.087 2
    endloop
  endfacet
  facet normal -0 0 1
    outer loop
      vertex 107.607 113.771 2
      vertex 108.885 113.087 2
      vertex 107.682 113.93 2
    endloop
  endfacet
  facet normal 0 0 1
    outer loop
      vertex 109.253 114.938 2
      vertex 107.81 114.795 2
      vertex 107.819 114.619 2
    endloop
  endfacet
  facet normal 0 0 1
    outer loop
      vertex 109.207 115.253 2
      vertex 107.784 114.97 2
      vertex 107.81 114.795 2
    endloop
  endfacet
  facet normal 0 0 1
    outer loop
      vertex 109.129 115.562 2
      vertex 107.742 115.142 2
      vertex 107.784 114.97 2
    endloop
  endfacet
  facet normal 0 0 1
    outer loop
      vertex 109.022 115.863 2
      vertex 107.682 115.308 2
      vertex 107.742 115.142 2
    endloop
  endfacet
  facet normal 0 0 1
    outer loop
      vertex 108.885 116.151 2
      vertex 107.607 115.468 2
      vertex 107.682 115.308 2
    endloop
  endfacet
  facet normal 0 0 1
    outer loop
      vertex 107.019 116.116 2
      vertex 107.825 117.321 2
      vertex 107.551 117.485 2
    endloop
  endfacet
  facet normal 0 0 1
    outer loop
      vertex 108.721 116.425 2
      vertex 107.516 115.619 2
      vertex 107.607 115.468 2
    endloop
  endfacet
  facet normal 0 0 1
    outer loop
      vertex 108.531 116.681 2
      vertex 107.41 115.761 2
      vertex 107.516 115.619 2
    endloop
  endfacet
  facet normal 0 0 1
    outer loop
      vertex 108.317 116.917 2
      vertex 107.292 115.892 2
      vertex 107.41 115.761 2
    endloop
  endfacet
  facet normal 0 0 1
    outer loop
      vertex 106.868 116.207 2
      vertex 107.551 117.485 2
      vertex 107.263 117.622 2
    endloop
  endfacet
  facet normal 0 0 1
    outer loop
      vertex 108.081 117.131 2
      vertex 107.161 116.01 2
      vertex 107.292 115.892 2
    endloop
  endfacet
  facet normal 0 0 1
    outer loop
      vertex 107.825 117.321 2
      vertex 107.019 116.116 2
      vertex 107.161 116.01 2
    endloop
  endfacet
  facet normal 0 0 1
    outer loop
      vertex 106.708 116.282 2
      vertex 107.263 117.622 2
      vertex 106.962 117.729 2
    endloop
  endfacet
  facet normal 0 0 1
    outer loop
      vertex 107.551 117.485 2
      vertex 106.868 116.207 2
      vertex 107.019 116.116 2
    endloop
  endfacet
  facet normal 0 0 1
    outer loop
      vertex 107.263 117.622 2
      vertex 106.708 116.282 2
      vertex 106.868 116.207 2
    endloop
  endfacet
  facet normal 0 0 1
    outer loop
      vertex 106.542 116.342 2
      vertex 106.962 117.729 2
      vertex 106.653 117.807 2
    endloop
  endfacet
  facet normal 0 0 1
    outer loop
      vertex 106.962 117.729 2
      vertex 106.542 116.342 2
      vertex 106.708 116.282 2
    endloop
  endfacet
  facet normal 0 0 1
    outer loop
      vertex 106.653 117.807 2
      vertex 106.37 116.384 2
      vertex 106.542 116.342 2
    endloop
  endfacet
  facet normal 0 0 1
    outer loop
      vertex 106.338 117.853 2
      vertex 106.37 116.384 2
      vertex 106.653 117.807 2
    endloop
  endfacet
  facet normal 0 0 1
    outer loop
      vertex 106.338 117.853 2
      vertex 106.195 116.41 2
      vertex 106.37 116.384 2
    endloop
  endfacet
  facet normal 0 0 1
    outer loop
      vertex 106.019 117.869 2
      vertex 106.195 116.41 2
      vertex 106.338 117.853 2
    endloop
  endfacet
  facet normal 0 0 1
    outer loop
      vertex 106.019 117.869 2
      vertex 106.019 116.419 2
      vertex 106.195 116.41 2
    endloop
  endfacet
  facet normal 0 0 1
    outer loop
      vertex 106.019 117.869 2
      vertex 105.843 116.41 2
      vertex 106.019 116.419 2
    endloop
  endfacet
  facet normal -0 0 1
    outer loop
      vertex 105.7 117.853 2
      vertex 105.843 116.41 2
      vertex 106.019 117.869 2
    endloop
  endfacet
  facet normal 0 0 1
    outer loop
      vertex 105.7 117.853 2
      vertex 105.668 116.384 2
      vertex 105.843 116.41 2
    endloop
  endfacet
  facet normal -0 0 1
    outer loop
      vertex 105.385 117.807 2
      vertex 105.668 116.384 2
      vertex 105.7 117.853 2
    endloop
  endfacet
  facet normal 0 0 1
    outer loop
      vertex 105.668 116.384 2
      vertex 105.385 117.807 2
      vertex 105.497 116.342 2
    endloop
  endfacet
  facet normal -0 0 1
    outer loop
      vertex 105.076 117.729 2
      vertex 105.497 116.342 2
      vertex 105.385 117.807 2
    endloop
  endfacet
  facet normal 0 0 1
    outer loop
      vertex 105.497 116.342 2
      vertex 105.076 117.729 2
      vertex 105.33 116.282 2
    endloop
  endfacet
  facet normal -0 0 1
    outer loop
      vertex 104.775 117.622 2
      vertex 105.33 116.282 2
      vertex 105.076 117.729 2
    endloop
  endfacet
  facet normal 0 0 1
    outer loop
      vertex 105.33 116.282 2
      vertex 104.775 117.622 2
      vertex 105.171 116.207 2
    endloop
  endfacet
  facet normal -0 0 1
    outer loop
      vertex 104.487 117.485 2
      vertex 105.171 116.207 2
      vertex 104.775 117.622 2
    endloop
  endfacet
  facet normal 0 0 1
    outer loop
      vertex 105.171 116.207 2
      vertex 104.487 117.485 2
      vertex 105.019 116.116 2
    endloop
  endfacet
  facet normal -0 0 1
    outer loop
      vertex 104.213 117.321 2
      vertex 105.019 116.116 2
      vertex 104.487 117.485 2
    endloop
  endfacet
  facet normal 0 0 1
    outer loop
      vertex 105.019 116.116 2
      vertex 104.213 117.321 2
      vertex 104.877 116.01 2
    endloop
  endfacet
  facet normal -0 0 1
    outer loop
      vertex 103.957 117.131 2
      vertex 104.877 116.01 2
      vertex 104.213 117.321 2
    endloop
  endfacet
  facet normal 0 0 1
    outer loop
      vertex 104.877 116.01 2
      vertex 103.957 117.131 2
      vertex 104.746 115.892 2
    endloop
  endfacet
  facet normal -0 0 1
    outer loop
      vertex 103.721 116.917 2
      vertex 104.746 115.892 2
      vertex 103.957 117.131 2
    endloop
  endfacet
  facet normal 0 0 1
    outer loop
      vertex 104.746 115.892 2
      vertex 103.721 116.917 2
      vertex 104.628 115.761 2
    endloop
  endfacet
  facet normal -0 0 1
    outer loop
      vertex 103.507 116.681 2
      vertex 104.628 115.761 2
      vertex 103.721 116.917 2
    endloop
  endfacet
  facet normal 0 0 1
    outer loop
      vertex 104.628 115.761 2
      vertex 103.507 116.681 2
      vertex 104.522 115.619 2
    endloop
  endfacet
  facet normal -0 0 1
    outer loop
      vertex 103.317 116.425 2
      vertex 104.522 115.619 2
      vertex 103.507 116.681 2
    endloop
  endfacet
  facet normal -0 0 1
    outer loop
      vertex 103.153 116.151 2
      vertex 104.432 115.468 2
      vertex 103.317 116.425 2
    endloop
  endfacet
  facet normal 0 0 1
    outer loop
      vertex 104.522 115.619 2
      vertex 103.317 116.425 2
      vertex 104.432 115.468 2
    endloop
  endfacet
  facet normal 0 0 1
    outer loop
      vertex 108.885 113.087 2
      vertex 107.607 113.771 2
      vertex 108.721 112.813 2
    endloop
  endfacet
  facet normal -0 0 1
    outer loop
      vertex 107.516 113.619 2
      vertex 108.721 112.813 2
      vertex 107.607 113.771 2
    endloop
  endfacet
  facet normal 0 0 1
    outer loop
      vertex 108.721 112.813 2
      vertex 107.516 113.619 2
      vertex 108.531 112.557 2
    endloop
  endfacet
  facet normal -0 0 1
    outer loop
      vertex 107.41 113.477 2
      vertex 108.531 112.557 2
      vertex 107.516 113.619 2
    endloop
  endfacet
  facet normal 0 0 1
    outer loop
      vertex 108.531 112.557 2
      vertex 107.41 113.477 2
      vertex 108.317 112.321 2
    endloop
  endfacet
  facet normal -0 0 1
    outer loop
      vertex 107.292 113.346 2
      vertex 108.317 112.321 2
      vertex 107.41 113.477 2
    endloop
  endfacet
  facet normal 0 0 1
    outer loop
      vertex 108.317 112.321 2
      vertex 107.292 113.346 2
      vertex 108.081 112.107 2
    endloop
  endfacet
  facet normal -0 0 1
    outer loop
      vertex 107.161 113.228 2
      vertex 108.081 112.107 2
      vertex 107.292 113.346 2
    endloop
  endfacet
  facet normal 0 0 1
    outer loop
      vertex 108.081 112.107 2
      vertex 107.161 113.228 2
      vertex 107.825 111.917 2
    endloop
  endfacet
  facet normal -0 0 1
    outer loop
      vertex 107.019 113.122 2
      vertex 107.825 111.917 2
      vertex 107.161 113.228 2
    endloop
  endfacet
  facet normal 0 0 1
    outer loop
      vertex 107.825 111.917 2
      vertex 107.019 113.122 2
      vertex 107.551 111.753 2
    endloop
  endfacet
  facet normal -0 0 1
    outer loop
      vertex 106.868 113.032 2
      vertex 107.551 111.753 2
      vertex 107.019 113.122 2
    endloop
  endfacet
  facet normal 0 0 1
    outer loop
      vertex 107.551 111.753 2
      vertex 106.868 113.032 2
      vertex 107.263 111.616 2
    endloop
  endfacet
  facet normal -0 0 1
    outer loop
      vertex 106.708 112.956 2
      vertex 107.263 111.616 2
      vertex 106.868 113.032 2
    endloop
  endfacet
  facet normal 0 0 1
    outer loop
      vertex 107.263 111.616 2
      vertex 106.708 112.956 2
      vertex 106.962 111.509 2
    endloop
  endfacet
  facet normal -0 0 1
    outer loop
      vertex 106.542 112.897 2
      vertex 106.962 111.509 2
      vertex 106.708 112.956 2
    endloop
  endfacet
  facet normal 0 0 1
    outer loop
      vertex 106.962 111.509 2
      vertex 106.542 112.897 2
      vertex 106.653 111.431 2
    endloop
  endfacet
  facet normal -0 0 1
    outer loop
      vertex 106.37 112.854 2
      vertex 106.653 111.431 2
      vertex 106.542 112.897 2
    endloop
  endfacet
  facet normal 0 0 1
    outer loop
      vertex 106.37 112.854 2
      vertex 106.338 111.385 2
      vertex 106.653 111.431 2
    endloop
  endfacet
  facet normal -0 0 1
    outer loop
      vertex 106.195 112.828 2
      vertex 106.338 111.385 2
      vertex 106.37 112.854 2
    endloop
  endfacet
  facet normal -0 0 1
    outer loop
      vertex 106.019 112.819 2
      vertex 106.338 111.385 2
      vertex 106.195 112.828 2
    endloop
  endfacet
  facet normal 0 0 1
    outer loop
      vertex 106.019 112.819 2
      vertex 106.019 111.369 2
      vertex 106.338 111.385 2
    endloop
  endfacet
  facet normal 0 0 1
    outer loop
      vertex 105.843 112.828 2
      vertex 106.019 111.369 2
      vertex 106.019 112.819 2
    endloop
  endfacet
  facet normal 0 0 1
    outer loop
      vertex 105.843 112.828 2
      vertex 105.7 111.385 2
      vertex 106.019 111.369 2
    endloop
  endfacet
  facet normal 0 0 1
    outer loop
      vertex 105.668 112.854 2
      vertex 105.7 111.385 2
      vertex 105.843 112.828 2
    endloop
  endfacet
  facet normal 0 0 1
    outer loop
      vertex 105.385 111.431 2
      vertex 105.668 112.854 2
      vertex 105.497 112.897 2
    endloop
  endfacet
  facet normal 0 0 1
    outer loop
      vertex 105.668 112.854 2
      vertex 105.385 111.431 2
      vertex 105.7 111.385 2
    endloop
  endfacet
  facet normal 0 0 1
    outer loop
      vertex 105.076 111.509 2
      vertex 105.497 112.897 2
      vertex 105.33 112.956 2
    endloop
  endfacet
  facet normal 0 0 1
    outer loop
      vertex 104.775 111.616 2
      vertex 105.33 112.956 2
      vertex 105.171 113.032 2
    endloop
  endfacet
  facet normal 0 0 1
    outer loop
      vertex 105.497 112.897 2
      vertex 105.076 111.509 2
      vertex 105.385 111.431 2
    endloop
  endfacet
  facet normal 0 0 1
    outer loop
      vertex 104.487 111.753 2
      vertex 105.171 113.032 2
      vertex 105.019 113.122 2
    endloop
  endfacet
  facet normal 0 0 1
    outer loop
      vertex 104.213 111.917 2
      vertex 105.019 113.122 2
      vertex 104.877 113.228 2
    endloop
  endfacet
  facet normal 0 0 1
    outer loop
      vertex 105.33 112.956 2
      vertex 104.775 111.616 2
      vertex 105.076 111.509 2
    endloop
  endfacet
  facet normal 0 0 1
    outer loop
      vertex 103.957 112.107 2
      vertex 104.877 113.228 2
      vertex 104.746 113.346 2
    endloop
  endfacet
  facet normal 0 0 1
    outer loop
      vertex 103.721 112.321 2
      vertex 104.746 113.346 2
      vertex 104.628 113.477 2
    endloop
  endfacet
  facet normal 0 0 1
    outer loop
      vertex 103.507 112.557 2
      vertex 104.628 113.477 2
      vertex 104.522 113.619 2
    endloop
  endfacet
  facet normal 0 0 1
    outer loop
      vertex 105.171 113.032 2
      vertex 104.487 111.753 2
      vertex 104.775 111.616 2
    endloop
  endfacet
  facet normal 0 0 1
    outer loop
      vertex 103.317 112.813 2
      vertex 104.522 113.619 2
      vertex 104.432 113.771 2
    endloop
  endfacet
  facet normal 0 0 1
    outer loop
      vertex 103.153 113.087 2
      vertex 104.432 113.771 2
      vertex 104.356 113.93 2
    endloop
  endfacet
  facet normal 0 0 1
    outer loop
      vertex 103.016 113.375 2
      vertex 104.356 113.93 2
      vertex 104.297 114.097 2
    endloop
  endfacet
  facet normal 0 0 1
    outer loop
      vertex 102.909 113.676 2
      vertex 104.297 114.097 2
      vertex 104.254 114.268 2
    endloop
  endfacet
  facet normal 0 0 1
    outer loop
      vertex 102.831 113.985 2
      vertex 104.254 114.268 2
      vertex 104.228 114.443 2
    endloop
  endfacet
  facet normal 0 0 1
    outer loop
      vertex 105.019 113.122 2
      vertex 104.213 111.917 2
      vertex 104.487 111.753 2
    endloop
  endfacet
  facet normal 0 0 1
    outer loop
      vertex 102.785 114.3 2
      vertex 104.228 114.443 2
      vertex 104.219 114.619 2
    endloop
  endfacet
  facet normal 0 0 1
    outer loop
      vertex 104.432 115.468 2
      vertex 103.153 116.151 2
      vertex 104.356 115.308 2
    endloop
  endfacet
  facet normal -0 0 1
    outer loop
      vertex 103.016 115.863 2
      vertex 104.356 115.308 2
      vertex 103.153 116.151 2
    endloop
  endfacet
  facet normal 0 0 1
    outer loop
      vertex 104.877 113.228 2
      vertex 103.957 112.107 2
      vertex 104.213 111.917 2
    endloop
  endfacet
  facet normal 0 0 1
    outer loop
      vertex 104.356 115.308 2
      vertex 103.016 115.863 2
      vertex 104.297 115.142 2
    endloop
  endfacet
  facet normal 0 0 1
    outer loop
      vertex 104.746 113.346 2
      vertex 103.721 112.321 2
      vertex 103.957 112.107 2
    endloop
  endfacet
  facet normal -0 0 1
    outer loop
      vertex 102.909 115.562 2
      vertex 104.297 115.142 2
      vertex 103.016 115.863 2
    endloop
  endfacet
  facet normal 0 0 1
    outer loop
      vertex 104.628 113.477 2
      vertex 103.507 112.557 2
      vertex 103.721 112.321 2
    endloop
  endfacet
  facet normal 0 0 1
    outer loop
      vertex 104.297 115.142 2
      vertex 102.909 115.562 2
      vertex 104.254 114.97 2
    endloop
  endfacet
  facet normal 0 0 1
    outer loop
      vertex 104.522 113.619 2
      vertex 103.317 112.813 2
      vertex 103.507 112.557 2
    endloop
  endfacet
  facet normal -0 0 1
    outer loop
      vertex 102.831 115.253 2
      vertex 104.254 114.97 2
      vertex 102.909 115.562 2
    endloop
  endfacet
  facet normal 0 0 1
    outer loop
      vertex 104.432 113.771 2
      vertex 103.153 113.087 2
      vertex 103.317 112.813 2
    endloop
  endfacet
  facet normal 0 0 1
    outer loop
      vertex 104.254 114.97 2
      vertex 102.831 115.253 2
      vertex 104.228 114.795 2
    endloop
  endfacet
  facet normal 0 0 1
    outer loop
      vertex 104.356 113.93 2
      vertex 103.016 113.375 2
      vertex 103.153 113.087 2
    endloop
  endfacet
  facet normal -0 0 1
    outer loop
      vertex 102.785 114.938 2
      vertex 104.228 114.795 2
      vertex 102.831 115.253 2
    endloop
  endfacet
  facet normal 0 0 1
    outer loop
      vertex 104.297 114.097 2
      vertex 102.909 113.676 2
      vertex 103.016 113.375 2
    endloop
  endfacet
  facet normal 0 0 1
    outer loop
      vertex 104.228 114.795 2
      vertex 102.785 114.938 2
      vertex 104.219 114.619 2
    endloop
  endfacet
  facet normal 0 0 1
    outer loop
      vertex 104.254 114.268 2
      vertex 102.831 113.985 2
      vertex 102.909 113.676 2
    endloop
  endfacet
  facet normal 0 0 1
    outer loop
      vertex 102.769 114.619 2
      vertex 104.219 114.619 2
      vertex 102.785 114.938 2
    endloop
  endfacet
  facet normal 0 0 1
    outer loop
      vertex 104.228 114.443 2
      vertex 102.785 114.3 2
      vertex 102.831 113.985 2
    endloop
  endfacet
  facet normal 0 0 1
    outer loop
      vertex 104.219 114.619 2
      vertex 102.769 114.619 2
      vertex 102.785 114.3 2
    endloop
  endfacet
  facet normal -0.671735 -0.740792 0
    outer loop
      vertex 108.081 117.131 2
      vertex 108.317 116.917 5
      vertex 108.081 117.131 5
    endloop
  endfacet
  facet normal -0.671735 -0.740792 -0
    outer loop
      vertex 108.317 116.917 5
      vertex 108.081 117.131 2
      vertex 108.317 116.917 2
    endloop
  endfacet
  facet normal 0.429568 -0.903034 0
    outer loop
      vertex 104.487 117.485 2
      vertex 104.775 117.622 5
      vertex 104.487 117.485 5
    endloop
  endfacet
  facet normal 0.429568 -0.903034 0
    outer loop
      vertex 104.775 117.622 5
      vertex 104.487 117.485 2
      vertex 104.775 117.622 2
    endloop
  endfacet
  facet normal -0.803001 -0.595977 0
    outer loop
      vertex 108.721 116.425 2
      vertex 108.531 116.681 5
      vertex 108.531 116.681 2
    endloop
  endfacet
  facet normal -0.803001 -0.595977 0
    outer loop
      vertex 108.531 116.681 5
      vertex 108.721 116.425 2
      vertex 108.721 116.425 5
    endloop
  endfacet
  facet normal -0.858045 -0.513574 0
    outer loop
      vertex 108.885 116.151 2
      vertex 108.721 116.425 5
      vertex 108.721 116.425 2
    endloop
  endfacet
  facet normal -0.858045 -0.513574 0
    outer loop
      vertex 108.721 116.425 5
      vertex 108.885 116.151 2
      vertex 108.885 116.151 5
    endloop
  endfacet
  facet normal -0.903034 -0.429568 0
    outer loop
      vertex 109.022 115.863 2
      vertex 108.885 116.151 5
      vertex 108.885 116.151 2
    endloop
  endfacet
  facet normal -0.903034 -0.429568 0
    outer loop
      vertex 108.885 116.151 5
      vertex 109.022 115.863 2
      vertex 109.022 115.863 5
    endloop
  endfacet
  facet normal 0.24475 0.969586 -0
    outer loop
      vertex 105.385 111.431 2
      vertex 105.076 111.509 5
      vertex 105.385 111.431 5
    endloop
  endfacet
  facet normal 0.24475 0.969586 0
    outer loop
      vertex 105.076 111.509 5
      vertex 105.385 111.431 2
      vertex 105.076 111.509 2
    endloop
  endfacet
  facet normal -0.24475 -0.969586 0
    outer loop
      vertex 106.653 117.807 2
      vertex 106.962 117.729 5
      vertex 106.653 117.807 5
    endloop
  endfacet
  facet normal -0.24475 -0.969586 -0
    outer loop
      vertex 106.962 117.729 5
      vertex 106.653 117.807 2
      vertex 106.962 117.729 2
    endloop
  endfacet
  facet normal 0.513574 -0.858045 0
    outer loop
      vertex 104.213 117.321 2
      vertex 104.487 117.485 5
      vertex 104.213 117.321 5
    endloop
  endfacet
  facet normal 0.513574 -0.858045 0
    outer loop
      vertex 104.487 117.485 5
      vertex 104.213 117.321 2
      vertex 104.487 117.485 2
    endloop
  endfacet
  facet normal 0.903034 0.429568 0
    outer loop
      vertex 103.153 113.087 5
      vertex 103.016 113.375 2
      vertex 103.016 113.375 5
    endloop
  endfacet
  facet normal 0.903034 0.429568 0
    outer loop
      vertex 103.016 113.375 2
      vertex 103.153 113.087 5
      vertex 103.153 113.087 2
    endloop
  endfacet
  facet normal -0.334948 -0.942237 0
    outer loop
      vertex 106.962 117.729 2
      vertex 107.263 117.622 5
      vertex 106.962 117.729 5
    endloop
  endfacet
  facet normal -0.334948 -0.942237 -0
    outer loop
      vertex 107.263 117.622 5
      vertex 106.962 117.729 2
      vertex 107.263 117.622 2
    endloop
  endfacet
  facet normal -0.144499 0.989505 0
    outer loop
      vertex 106.653 111.431 2
      vertex 106.338 111.385 5
      vertex 106.653 111.431 5
    endloop
  endfacet
  facet normal -0.144499 0.989505 0
    outer loop
      vertex 106.338 111.385 5
      vertex 106.653 111.431 2
      vertex 106.338 111.385 2
    endloop
  endfacet
  facet normal 0.334948 0.942237 -0
    outer loop
      vertex 105.076 111.509 2
      vertex 104.775 111.616 5
      vertex 105.076 111.509 5
    endloop
  endfacet
  facet normal 0.334948 0.942237 0
    outer loop
      vertex 104.775 111.616 5
      vertex 105.076 111.509 2
      vertex 104.775 111.616 2
    endloop
  endfacet
  facet normal -0.942237 -0.334948 0
    outer loop
      vertex 109.129 115.562 2
      vertex 109.022 115.863 5
      vertex 109.022 115.863 2
    endloop
  endfacet
  facet normal -0.942237 -0.334948 0
    outer loop
      vertex 109.022 115.863 5
      vertex 109.129 115.562 2
      vertex 109.129 115.562 5
    endloop
  endfacet
  facet normal -0.513574 0.858045 0
    outer loop
      vertex 107.825 111.917 2
      vertex 107.551 111.753 5
      vertex 107.825 111.917 5
    endloop
  endfacet
  facet normal -0.513574 0.858045 0
    outer loop
      vertex 107.551 111.753 5
      vertex 107.825 111.917 2
      vertex 107.551 111.753 2
    endloop
  endfacet
  facet normal 0.429568 0.903034 -0
    outer loop
      vertex 104.775 111.616 2
      vertex 104.487 111.753 5
      vertex 104.775 111.616 5
    endloop
  endfacet
  facet normal 0.429568 0.903034 0
    outer loop
      vertex 104.487 111.753 5
      vertex 104.775 111.616 2
      vertex 104.487 111.753 2
    endloop
  endfacet
  facet normal 0.0500938 -0.998745 0
    outer loop
      vertex 105.7 117.853 2
      vertex 106.019 117.869 5
      vertex 105.7 117.853 5
    endloop
  endfacet
  facet normal 0.0500938 -0.998745 0
    outer loop
      vertex 106.019 117.869 5
      vertex 105.7 117.853 2
      vertex 106.019 117.869 2
    endloop
  endfacet
  facet normal 0.595977 -0.803001 0
    outer loop
      vertex 103.957 117.131 2
      vertex 104.213 117.321 5
      vertex 103.957 117.131 5
    endloop
  endfacet
  facet normal 0.595977 -0.803001 0
    outer loop
      vertex 104.213 117.321 5
      vertex 103.957 117.131 2
      vertex 104.213 117.321 2
    endloop
  endfacet
  facet normal -0.334948 0.942237 0
    outer loop
      vertex 107.263 111.616 2
      vertex 106.962 111.509 5
      vertex 107.263 111.616 5
    endloop
  endfacet
  facet normal -0.334948 0.942237 0
    outer loop
      vertex 106.962 111.509 5
      vertex 107.263 111.616 2
      vertex 106.962 111.509 2
    endloop
  endfacet
  facet normal 0.740792 -0.671735 0
    outer loop
      vertex 103.507 116.681 5
      vertex 103.721 116.917 2
      vertex 103.721 116.917 5
    endloop
  endfacet
  facet normal 0.740792 -0.671735 0
    outer loop
      vertex 103.721 116.917 2
      vertex 103.507 116.681 5
      vertex 103.507 116.681 2
    endloop
  endfacet
  facet normal 0.144499 -0.989505 0
    outer loop
      vertex 105.385 117.807 2
      vertex 105.7 117.853 5
      vertex 105.385 117.807 5
    endloop
  endfacet
  facet normal 0.144499 -0.989505 0
    outer loop
      vertex 105.7 117.853 5
      vertex 105.385 117.807 2
      vertex 105.7 117.853 2
    endloop
  endfacet
  facet normal -0.969586 0.24475 0
    outer loop
      vertex 109.129 113.676 2
      vertex 109.207 113.985 5
      vertex 109.207 113.985 2
    endloop
  endfacet
  facet normal -0.969586 0.24475 0
    outer loop
      vertex 109.207 113.985 5
      vertex 109.129 113.676 2
      vertex 109.129 113.676 5
    endloop
  endfacet
  facet normal -0.998745 0.0500938 0
    outer loop
      vertex 109.253 114.3 2
      vertex 109.269 114.619 5
      vertex 109.269 114.619 2
    endloop
  endfacet
  facet normal -0.998745 0.0500938 0
    outer loop
      vertex 109.269 114.619 5
      vertex 109.253 114.3 2
      vertex 109.253 114.3 5
    endloop
  endfacet
  facet normal -0.0500938 0.998745 0
    outer loop
      vertex 106.338 111.385 2
      vertex 106.019 111.369 5
      vertex 106.338 111.385 5
    endloop
  endfacet
  facet normal -0.0500938 0.998745 0
    outer loop
      vertex 106.019 111.369 5
      vertex 106.338 111.385 2
      vertex 106.019 111.369 2
    endloop
  endfacet
  facet normal -0.903034 0.429568 0
    outer loop
      vertex 108.885 113.087 2
      vertex 109.022 113.375 5
      vertex 109.022 113.375 2
    endloop
  endfacet
  facet normal -0.903034 0.429568 0
    outer loop
      vertex 109.022 113.375 5
      vertex 108.885 113.087 2
      vertex 108.885 113.087 5
    endloop
  endfacet
  facet normal -0.803001 0.595977 0
    outer loop
      vertex 108.531 112.557 2
      vertex 108.721 112.813 5
      vertex 108.721 112.813 2
    endloop
  endfacet
  facet normal -0.803001 0.595977 0
    outer loop
      vertex 108.721 112.813 5
      vertex 108.531 112.557 2
      vertex 108.531 112.557 5
    endloop
  endfacet
  facet normal -0.858045 0.513574 0
    outer loop
      vertex 108.721 112.813 2
      vertex 108.885 113.087 5
      vertex 108.885 113.087 2
    endloop
  endfacet
  facet normal -0.858045 0.513574 0
    outer loop
      vertex 108.885 113.087 5
      vertex 108.721 112.813 2
      vertex 108.721 112.813 5
    endloop
  endfacet
  facet normal 0.942237 -0.334948 0
    outer loop
      vertex 102.909 115.562 5
      vertex 103.016 115.863 2
      vertex 103.016 115.863 5
    endloop
  endfacet
  facet normal 0.942237 -0.334948 0
    outer loop
      vertex 103.016 115.863 2
      vertex 102.909 115.562 5
      vertex 102.909 115.562 2
    endloop
  endfacet
  facet normal -0.671735 0.740792 0
    outer loop
      vertex 108.317 112.321 2
      vertex 108.081 112.107 5
      vertex 108.317 112.321 5
    endloop
  endfacet
  facet normal -0.671735 0.740792 0
    outer loop
      vertex 108.081 112.107 5
      vertex 108.317 112.321 2
      vertex 108.081 112.107 2
    endloop
  endfacet
  facet normal -0.24475 0.969586 0
    outer loop
      vertex 106.962 111.509 2
      vertex 106.653 111.431 5
      vertex 106.962 111.509 5
    endloop
  endfacet
  facet normal -0.24475 0.969586 0
    outer loop
      vertex 106.653 111.431 5
      vertex 106.962 111.509 2
      vertex 106.653 111.431 2
    endloop
  endfacet
  facet normal -0.989505 0.144499 0
    outer loop
      vertex 109.207 113.985 2
      vertex 109.253 114.3 5
      vertex 109.253 114.3 2
    endloop
  endfacet
  facet normal -0.989505 0.144499 0
    outer loop
      vertex 109.253 114.3 5
      vertex 109.207 113.985 2
      vertex 109.207 113.985 5
    endloop
  endfacet
  facet normal -0.969586 -0.24475 0
    outer loop
      vertex 109.207 115.253 2
      vertex 109.129 115.562 5
      vertex 109.129 115.562 2
    endloop
  endfacet
  facet normal -0.969586 -0.24475 0
    outer loop
      vertex 109.129 115.562 5
      vertex 109.207 115.253 2
      vertex 109.207 115.253 5
    endloop
  endfacet
  facet normal 0.858045 0.513574 0
    outer loop
      vertex 103.317 112.813 5
      vertex 103.153 113.087 2
      vertex 103.153 113.087 5
    endloop
  endfacet
  facet normal 0.858045 0.513574 0
    outer loop
      vertex 103.153 113.087 2
      vertex 103.317 112.813 5
      vertex 103.317 112.813 2
    endloop
  endfacet
  facet normal 0.969586 -0.24475 0
    outer loop
      vertex 102.831 115.253 5
      vertex 102.909 115.562 2
      vertex 102.909 115.562 5
    endloop
  endfacet
  facet normal 0.969586 -0.24475 0
    outer loop
      vertex 102.909 115.562 2
      vertex 102.831 115.253 5
      vertex 102.831 115.253 2
    endloop
  endfacet
  facet normal 0.740792 0.671735 0
    outer loop
      vertex 103.721 112.321 5
      vertex 103.507 112.557 2
      vertex 103.507 112.557 5
    endloop
  endfacet
  facet normal 0.740792 0.671735 0
    outer loop
      vertex 103.507 112.557 2
      vertex 103.721 112.321 5
      vertex 103.721 112.321 2
    endloop
  endfacet
  facet normal 0.334948 -0.942237 0
    outer loop
      vertex 104.775 117.622 2
      vertex 105.076 117.729 5
      vertex 104.775 117.622 5
    endloop
  endfacet
  facet normal 0.334948 -0.942237 0
    outer loop
      vertex 105.076 117.729 5
      vertex 104.775 117.622 2
      vertex 105.076 117.729 2
    endloop
  endfacet
  facet normal 0.513574 0.858045 -0
    outer loop
      vertex 104.487 111.753 2
      vertex 104.213 111.917 5
      vertex 104.487 111.753 5
    endloop
  endfacet
  facet normal 0.513574 0.858045 0
    outer loop
      vertex 104.213 111.917 5
      vertex 104.487 111.753 2
      vertex 104.213 111.917 2
    endloop
  endfacet
  facet normal -0.429568 0.903034 0
    outer loop
      vertex 107.551 111.753 2
      vertex 107.263 111.616 5
      vertex 107.551 111.753 5
    endloop
  endfacet
  facet normal -0.429568 0.903034 0
    outer loop
      vertex 107.263 111.616 5
      vertex 107.551 111.753 2
      vertex 107.263 111.616 2
    endloop
  endfacet
  facet normal 0.803001 0.595977 0
    outer loop
      vertex 103.507 112.557 5
      vertex 103.317 112.813 2
      vertex 103.317 112.813 5
    endloop
  endfacet
  facet normal 0.803001 0.595977 0
    outer loop
      vertex 103.317 112.813 2
      vertex 103.507 112.557 5
      vertex 103.507 112.557 2
    endloop
  endfacet
  facet normal 0.989505 0.144499 0
    outer loop
      vertex 102.831 113.985 5
      vertex 102.785 114.3 2
      vertex 102.785 114.3 5
    endloop
  endfacet
  facet normal 0.989505 0.144499 0
    outer loop
      vertex 102.785 114.3 2
      vertex 102.831 113.985 5
      vertex 102.831 113.985 2
    endloop
  endfacet
  facet normal 0.671735 0.740792 -0
    outer loop
      vertex 103.957 112.107 2
      vertex 103.721 112.321 5
      vertex 103.957 112.107 5
    endloop
  endfacet
  facet normal 0.671735 0.740792 0
    outer loop
      vertex 103.721 112.321 5
      vertex 103.957 112.107 2
      vertex 103.721 112.321 2
    endloop
  endfacet
  facet normal 0.803001 -0.595977 0
    outer loop
      vertex 103.317 116.425 5
      vertex 103.507 116.681 2
      vertex 103.507 116.681 5
    endloop
  endfacet
  facet normal 0.803001 -0.595977 0
    outer loop
      vertex 103.507 116.681 2
      vertex 103.317 116.425 5
      vertex 103.317 116.425 2
    endloop
  endfacet
  facet normal 0.903034 -0.429568 0
    outer loop
      vertex 103.016 115.863 5
      vertex 103.153 116.151 2
      vertex 103.153 116.151 5
    endloop
  endfacet
  facet normal 0.903034 -0.429568 0
    outer loop
      vertex 103.153 116.151 2
      vertex 103.016 115.863 5
      vertex 103.016 115.863 2
    endloop
  endfacet
  facet normal 0.0500938 0.998745 -0
    outer loop
      vertex 106.019 111.369 2
      vertex 105.7 111.385 5
      vertex 106.019 111.369 5
    endloop
  endfacet
  facet normal 0.0500938 0.998745 0
    outer loop
      vertex 105.7 111.385 5
      vertex 106.019 111.369 2
      vertex 105.7 111.385 2
    endloop
  endfacet
  facet normal 0.144499 0.989505 -0
    outer loop
      vertex 105.7 111.385 2
      vertex 105.385 111.431 5
      vertex 105.7 111.385 5
    endloop
  endfacet
  facet normal 0.144499 0.989505 0
    outer loop
      vertex 105.385 111.431 5
      vertex 105.7 111.385 2
      vertex 105.385 111.431 2
    endloop
  endfacet
  facet normal 0.989505 -0.144499 0
    outer loop
      vertex 102.785 114.938 5
      vertex 102.831 115.253 2
      vertex 102.831 115.253 5
    endloop
  endfacet
  facet normal 0.989505 -0.144499 0
    outer loop
      vertex 102.831 115.253 2
      vertex 102.785 114.938 5
      vertex 102.785 114.938 2
    endloop
  endfacet
  facet normal 0.998745 -0.0500938 0
    outer loop
      vertex 102.769 114.619 5
      vertex 102.785 114.938 2
      vertex 102.785 114.938 5
    endloop
  endfacet
  facet normal 0.998745 -0.0500938 0
    outer loop
      vertex 102.785 114.938 2
      vertex 102.769 114.619 5
      vertex 102.769 114.619 2
    endloop
  endfacet
  facet normal -0.740792 0.671735 0
    outer loop
      vertex 108.317 112.321 2
      vertex 108.531 112.557 5
      vertex 108.531 112.557 2
    endloop
  endfacet
  facet normal -0.740792 0.671735 0
    outer loop
      vertex 108.531 112.557 5
      vertex 108.317 112.321 2
      vertex 108.317 112.321 5
    endloop
  endfacet
  facet normal 0.858045 -0.513574 0
    outer loop
      vertex 103.153 116.151 5
      vertex 103.317 116.425 2
      vertex 103.317 116.425 5
    endloop
  endfacet
  facet normal 0.858045 -0.513574 0
    outer loop
      vertex 103.317 116.425 2
      vertex 103.153 116.151 5
      vertex 103.153 116.151 2
    endloop
  endfacet
  facet normal 0.0490598 -0.998796 0
    outer loop
      vertex 56.6545 95.3176 0
      vertex 59.35 95.45 5
      vertex 56.6545 95.3176 5
    endloop
  endfacet
  facet normal 0.0490598 -0.998796 0
    outer loop
      vertex 59.35 95.45 5
      vertex 56.6545 95.3176 0
      vertex 59.35 95.45 0
    endloop
  endfacet
  facet normal -0.989176 -0.146737 0
    outer loop
      vertex 86.7176 70.6455 0
      vertex 86.3216 73.315 5
      vertex 86.3216 73.315 0
    endloop
  endfacet
  facet normal -0.989176 -0.146737 0
    outer loop
      vertex 86.3216 73.315 5
      vertex 86.7176 70.6455 0
      vertex 86.7176 70.6455 5
    endloop
  endfacet
  facet normal -0.998796 -0.0490598 0
    outer loop
      vertex 86.85 67.95 0
      vertex 86.7176 70.6455 5
      vertex 86.7176 70.6455 0
    endloop
  endfacet
  facet normal -0.998796 -0.0490598 0
    outer loop
      vertex 86.7176 70.6455 5
      vertex 86.85 67.95 0
      vertex 86.85 67.95 5
    endloop
  endfacet
  facet normal -0.970033 -0.242972 0
    outer loop
      vertex 86.3216 73.315 0
      vertex 85.6659 75.9328 5
      vertex 85.6659 75.9328 0
    endloop
  endfacet
  facet normal -0.970033 -0.242972 0
    outer loop
      vertex 85.6659 75.9328 5
      vertex 86.3216 73.315 0
      vertex 86.3216 73.315 5
    endloop
  endfacet
  facet normal -0.998796 0.0490598 0
    outer loop
      vertex 86.7176 65.2545 0
      vertex 86.85 67.95 5
      vertex 86.85 67.95 0
    endloop
  endfacet
  facet normal -0.998796 0.0490598 0
    outer loop
      vertex 86.85 67.95 5
      vertex 86.7176 65.2545 0
      vertex 86.7176 65.2545 5
    endloop
  endfacet
  facet normal 0.242972 -0.970033 0
    outer loop
      vertex 51.3672 94.2659 0
      vertex 53.985 94.9216 5
      vertex 51.3672 94.2659 5
    endloop
  endfacet
  facet normal 0.242972 -0.970033 0
    outer loop
      vertex 53.985 94.9216 5
      vertex 51.3672 94.2659 0
      vertex 53.985 94.9216 0
    endloop
  endfacet
  facet normal -0.242972 -0.970033 0
    outer loop
      vertex 64.715 94.9216 0
      vertex 67.3328 94.2659 5
      vertex 64.715 94.9216 5
    endloop
  endfacet
  facet normal -0.242972 -0.970033 -0
    outer loop
      vertex 67.3328 94.2659 5
      vertex 64.715 94.9216 0
      vertex 67.3328 94.2659 0
    endloop
  endfacet
  facet normal -0.336895 -0.941542 0
    outer loop
      vertex 67.3328 94.2659 0
      vertex 69.8738 93.3567 5
      vertex 67.3328 94.2659 5
    endloop
  endfacet
  facet normal -0.336895 -0.941542 -0
    outer loop
      vertex 69.8738 93.3567 5
      vertex 67.3328 94.2659 0
      vertex 69.8738 93.3567 0
    endloop
  endfacet
  facet normal 0.989176 0.146737 0
    outer loop
      vertex 32.3784 62.585 5
      vertex 31.9824 65.2545 0
      vertex 31.9824 65.2545 5
    endloop
  endfacet
  facet normal 0.989176 0.146737 0
    outer loop
      vertex 31.9824 65.2545 0
      vertex 32.3784 62.585 5
      vertex 32.3784 62.585 0
    endloop
  endfacet
  facet normal -0.803208 -0.595699 0
    outer loop
      vertex 82.2154 83.2282 0
      vertex 80.6078 85.3958 5
      vertex 80.6078 85.3958 0
    endloop
  endfacet
  facet normal -0.803208 -0.595699 0
    outer loop
      vertex 80.6078 85.3958 5
      vertex 82.2154 83.2282 0
      vertex 82.2154 83.2282 5
    endloop
  endfacet
  facet normal -0.514092 -0.857735 0
    outer loop
      vertex 72.3134 92.2028 0
      vertex 74.6282 90.8154 5
      vertex 72.3134 92.2028 5
    endloop
  endfacet
  facet normal -0.514092 -0.857735 -0
    outer loop
      vertex 74.6282 90.8154 5
      vertex 72.3134 92.2028 0
      vertex 74.6282 90.8154 0
    endloop
  endfacet
  facet normal -0.903981 0.427572 0
    outer loop
      vertex 83.6028 54.9866 0
      vertex 84.7567 57.4262 5
      vertex 84.7567 57.4262 0
    endloop
  endfacet
  facet normal -0.903981 0.427572 0
    outer loop
      vertex 84.7567 57.4262 5
      vertex 83.6028 54.9866 0
      vertex 83.6028 54.9866 5
    endloop
  endfacet
  facet normal -0.336895 0.941542 0
    outer loop
      vertex 69.8738 42.5433 0
      vertex 67.3328 41.6341 5
      vertex 69.8738 42.5433 5
    endloop
  endfacet
  facet normal -0.336895 0.941542 0
    outer loop
      vertex 67.3328 41.6341 5
      vertex 69.8738 42.5433 0
      vertex 67.3328 41.6341 0
    endloop
  endfacet
  facet normal 0.427572 0.903981 -0
    outer loop
      vertex 48.8262 42.5433 0
      vertex 46.3866 43.6972 5
      vertex 48.8262 42.5433 5
    endloop
  endfacet
  facet normal 0.427572 0.903981 0
    outer loop
      vertex 46.3866 43.6972 5
      vertex 48.8262 42.5433 0
      vertex 46.3866 43.6972 0
    endloop
  endfacet
  facet normal 0.146737 -0.989176 0
    outer loop
      vertex 53.985 94.9216 0
      vertex 56.6545 95.3176 5
      vertex 53.985 94.9216 5
    endloop
  endfacet
  facet normal 0.146737 -0.989176 0
    outer loop
      vertex 56.6545 95.3176 5
      vertex 53.985 94.9216 0
      vertex 56.6545 95.3176 0
    endloop
  endfacet
  facet normal 0.989176 -0.146737 0
    outer loop
      vertex 31.9824 70.6455 5
      vertex 32.3784 73.315 0
      vertex 32.3784 73.315 5
    endloop
  endfacet
  facet normal 0.989176 -0.146737 0
    outer loop
      vertex 32.3784 73.315 0
      vertex 31.9824 70.6455 5
      vertex 31.9824 70.6455 0
    endloop
  endfacet
  facet normal -0.740939 0.671573 0
    outer loop
      vertex 78.7954 48.5046 0
      vertex 80.6078 50.5042 5
      vertex 80.6078 50.5042 0
    endloop
  endfacet
  facet normal -0.740939 0.671573 0
    outer loop
      vertex 80.6078 50.5042 5
      vertex 78.7954 48.5046 0
      vertex 78.7954 48.5046 5
    endloop
  endfacet
  facet normal 0.336895 -0.941542 0
    outer loop
      vertex 48.8262 93.3567 0
      vertex 51.3672 94.2659 5
      vertex 48.8262 93.3567 5
    endloop
  endfacet
  facet normal 0.336895 -0.941542 0
    outer loop
      vertex 51.3672 94.2659 5
      vertex 48.8262 93.3567 0
      vertex 51.3672 94.2659 0
    endloop
  endfacet
  facet normal -0.595699 -0.803208 0
    outer loop
      vertex 74.6282 90.8154 0
      vertex 76.7958 89.2078 5
      vertex 74.6282 90.8154 5
    endloop
  endfacet
  facet normal -0.595699 -0.803208 -0
    outer loop
      vertex 76.7958 89.2078 5
      vertex 74.6282 90.8154 0
      vertex 76.7958 89.2078 0
    endloop
  endfacet
  facet normal 0.941542 -0.336895 0
    outer loop
      vertex 33.0341 75.9328 5
      vertex 33.9433 78.4738 0
      vertex 33.9433 78.4738 5
    endloop
  endfacet
  facet normal 0.941542 -0.336895 0
    outer loop
      vertex 33.9433 78.4738 0
      vertex 33.0341 75.9328 5
      vertex 33.0341 75.9328 0
    endloop
  endfacet
  facet normal -0.989176 0.146737 0
    outer loop
      vertex 86.3216 62.585 0
      vertex 86.7176 65.2545 5
      vertex 86.7176 65.2545 0
    endloop
  endfacet
  facet normal -0.989176 0.146737 0
    outer loop
      vertex 86.7176 65.2545 5
      vertex 86.3216 62.585 0
      vertex 86.3216 62.585 5
    endloop
  endfacet
  facet normal 0.514092 0.857735 -0
    outer loop
      vertex 46.3866 43.6972 0
      vertex 44.0718 45.0846 5
      vertex 46.3866 43.6972 5
    endloop
  endfacet
  facet normal 0.514092 0.857735 0
    outer loop
      vertex 44.0718 45.0846 5
      vertex 46.3866 43.6972 0
      vertex 44.0718 45.0846 0
    endloop
  endfacet
  facet normal 0.740939 0.671573 0
    outer loop
      vertex 39.9046 48.5046 5
      vertex 38.0922 50.5042 0
      vertex 38.0922 50.5042 5
    endloop
  endfacet
  facet normal 0.740939 0.671573 0
    outer loop
      vertex 38.0922 50.5042 0
      vertex 39.9046 48.5046 5
      vertex 39.9046 48.5046 0
    endloop
  endfacet
  facet normal 0.0490598 0.998796 -0
    outer loop
      vertex 59.35 40.45 0
      vertex 56.6545 40.5824 5
      vertex 59.35 40.45 5
    endloop
  endfacet
  facet normal 0.0490598 0.998796 0
    outer loop
      vertex 56.6545 40.5824 5
      vertex 59.35 40.45 0
      vertex 56.6545 40.5824 0
    endloop
  endfacet
  facet normal 0.803208 0.595699 0
    outer loop
      vertex 38.0922 50.5042 5
      vertex 36.4846 52.6718 0
      vertex 36.4846 52.6718 5
    endloop
  endfacet
  facet normal 0.803208 0.595699 0
    outer loop
      vertex 36.4846 52.6718 0
      vertex 38.0922 50.5042 5
      vertex 38.0922 50.5042 0
    endloop
  endfacet
  facet normal -0.970033 0.242972 0
    outer loop
      vertex 85.6659 59.9672 0
      vertex 86.3216 62.585 5
      vertex 86.3216 62.585 0
    endloop
  endfacet
  facet normal -0.970033 0.242972 0
    outer loop
      vertex 86.3216 62.585 5
      vertex 85.6659 59.9672 0
      vertex 85.6659 59.9672 5
    endloop
  endfacet
  facet normal -0.857735 0.514092 0
    outer loop
      vertex 82.2154 52.6718 0
      vertex 83.6028 54.9866 5
      vertex 83.6028 54.9866 0
    endloop
  endfacet
  facet normal -0.857735 0.514092 0
    outer loop
      vertex 83.6028 54.9866 5
      vertex 82.2154 52.6718 0
      vertex 82.2154 52.6718 5
    endloop
  endfacet
  facet normal -0.427572 -0.903981 0
    outer loop
      vertex 69.8738 93.3567 0
      vertex 72.3134 92.2028 5
      vertex 69.8738 93.3567 5
    endloop
  endfacet
  facet normal -0.427572 -0.903981 -0
    outer loop
      vertex 72.3134 92.2028 5
      vertex 69.8738 93.3567 0
      vertex 72.3134 92.2028 0
    endloop
  endfacet
  facet normal 0.941542 0.336895 0
    outer loop
      vertex 33.9433 57.4262 5
      vertex 33.0341 59.9672 0
      vertex 33.0341 59.9672 5
    endloop
  endfacet
  facet normal 0.941542 0.336895 0
    outer loop
      vertex 33.0341 59.9672 0
      vertex 33.9433 57.4262 5
      vertex 33.9433 57.4262 0
    endloop
  endfacet
  facet normal 0.998796 0.0490598 0
    outer loop
      vertex 31.9824 65.2545 5
      vertex 31.85 67.95 0
      vertex 31.85 67.95 5
    endloop
  endfacet
  facet normal 0.998796 0.0490598 0
    outer loop
      vertex 31.85 67.95 0
      vertex 31.9824 65.2545 5
      vertex 31.9824 65.2545 0
    endloop
  endfacet
  facet normal 0.803208 -0.595699 0
    outer loop
      vertex 36.4846 83.2282 5
      vertex 38.0922 85.3958 0
      vertex 38.0922 85.3958 5
    endloop
  endfacet
  facet normal 0.803208 -0.595699 0
    outer loop
      vertex 38.0922 85.3958 0
      vertex 36.4846 83.2282 5
      vertex 36.4846 83.2282 0
    endloop
  endfacet
  facet normal -0.514092 0.857735 0
    outer loop
      vertex 74.6282 45.0846 0
      vertex 72.3134 43.6972 5
      vertex 74.6282 45.0846 5
    endloop
  endfacet
  facet normal -0.514092 0.857735 0
    outer loop
      vertex 72.3134 43.6972 5
      vertex 74.6282 45.0846 0
      vertex 72.3134 43.6972 0
    endloop
  endfacet
  facet normal -0.803208 0.595699 0
    outer loop
      vertex 80.6078 50.5042 0
      vertex 82.2154 52.6718 5
      vertex 82.2154 52.6718 0
    endloop
  endfacet
  facet normal -0.803208 0.595699 0
    outer loop
      vertex 82.2154 52.6718 5
      vertex 80.6078 50.5042 0
      vertex 80.6078 50.5042 5
    endloop
  endfacet
  facet normal -0.427572 0.903981 0
    outer loop
      vertex 72.3134 43.6972 0
      vertex 69.8738 42.5433 5
      vertex 72.3134 43.6972 5
    endloop
  endfacet
  facet normal -0.427572 0.903981 0
    outer loop
      vertex 69.8738 42.5433 5
      vertex 72.3134 43.6972 0
      vertex 69.8738 42.5433 0
    endloop
  endfacet
  facet normal 0.427572 -0.903981 0
    outer loop
      vertex 46.3866 92.2028 0
      vertex 48.8262 93.3567 5
      vertex 46.3866 92.2028 5
    endloop
  endfacet
  facet normal 0.427572 -0.903981 0
    outer loop
      vertex 48.8262 93.3567 5
      vertex 46.3866 92.2028 0
      vertex 48.8262 93.3567 0
    endloop
  endfacet
  facet normal 0.857735 0.514092 0
    outer loop
      vertex 36.4846 52.6718 5
      vertex 35.0972 54.9866 0
      vertex 35.0972 54.9866 5
    endloop
  endfacet
  facet normal 0.857735 0.514092 0
    outer loop
      vertex 35.0972 54.9866 0
      vertex 36.4846 52.6718 5
      vertex 36.4846 52.6718 0
    endloop
  endfacet
  facet normal 0.671573 0.740939 -0
    outer loop
      vertex 41.9042 46.6922 0
      vertex 39.9046 48.5046 5
      vertex 41.9042 46.6922 5
    endloop
  endfacet
  facet normal 0.671573 0.740939 0
    outer loop
      vertex 39.9046 48.5046 5
      vertex 41.9042 46.6922 0
      vertex 39.9046 48.5046 0
    endloop
  endfacet
  facet normal 0.514092 -0.857735 0
    outer loop
      vertex 44.0718 90.8154 0
      vertex 46.3866 92.2028 5
      vertex 44.0718 90.8154 5
    endloop
  endfacet
  facet normal 0.514092 -0.857735 0
    outer loop
      vertex 46.3866 92.2028 5
      vertex 44.0718 90.8154 0
      vertex 46.3866 92.2028 0
    endloop
  endfacet
  facet normal 0.970033 -0.242972 0
    outer loop
      vertex 32.3784 73.315 5
      vertex 33.0341 75.9328 0
      vertex 33.0341 75.9328 5
    endloop
  endfacet
  facet normal 0.970033 -0.242972 0
    outer loop
      vertex 33.0341 75.9328 0
      vertex 32.3784 73.315 5
      vertex 32.3784 73.315 0
    endloop
  endfacet
  facet normal -0.941542 -0.336895 0
    outer loop
      vertex 85.6659 75.9328 0
      vertex 84.7567 78.4738 5
      vertex 84.7567 78.4738 0
    endloop
  endfacet
  facet normal -0.941542 -0.336895 0
    outer loop
      vertex 84.7567 78.4738 5
      vertex 85.6659 75.9328 0
      vertex 85.6659 75.9328 5
    endloop
  endfacet
  facet normal 0.595699 -0.803208 0
    outer loop
      vertex 41.9042 89.2078 0
      vertex 44.0718 90.8154 5
      vertex 41.9042 89.2078 5
    endloop
  endfacet
  facet normal 0.595699 -0.803208 0
    outer loop
      vertex 44.0718 90.8154 5
      vertex 41.9042 89.2078 0
      vertex 44.0718 90.8154 0
    endloop
  endfacet
  facet normal -0.903981 -0.427572 0
    outer loop
      vertex 84.7567 78.4738 0
      vertex 83.6028 80.9134 5
      vertex 83.6028 80.9134 0
    endloop
  endfacet
  facet normal -0.903981 -0.427572 0
    outer loop
      vertex 83.6028 80.9134 5
      vertex 84.7567 78.4738 0
      vertex 84.7567 78.4738 5
    endloop
  endfacet
  facet normal -0.857735 -0.514092 0
    outer loop
      vertex 83.6028 80.9134 0
      vertex 82.2154 83.2282 5
      vertex 82.2154 83.2282 0
    endloop
  endfacet
  facet normal -0.857735 -0.514092 0
    outer loop
      vertex 82.2154 83.2282 5
      vertex 83.6028 80.9134 0
      vertex 83.6028 80.9134 5
    endloop
  endfacet
  facet normal 0.740939 -0.671573 0
    outer loop
      vertex 38.0922 85.3958 5
      vertex 39.9046 87.3954 0
      vertex 39.9046 87.3954 5
    endloop
  endfacet
  facet normal 0.740939 -0.671573 0
    outer loop
      vertex 39.9046 87.3954 0
      vertex 38.0922 85.3958 5
      vertex 38.0922 85.3958 0
    endloop
  endfacet
  facet normal 0.903981 0.427572 0
    outer loop
      vertex 35.0972 54.9866 5
      vertex 33.9433 57.4262 0
      vertex 33.9433 57.4262 5
    endloop
  endfacet
  facet normal 0.903981 0.427572 0
    outer loop
      vertex 33.9433 57.4262 0
      vertex 35.0972 54.9866 5
      vertex 35.0972 54.9866 0
    endloop
  endfacet
  facet normal 0.903981 -0.427572 0
    outer loop
      vertex 33.9433 78.4738 5
      vertex 35.0972 80.9134 0
      vertex 35.0972 80.9134 5
    endloop
  endfacet
  facet normal 0.903981 -0.427572 0
    outer loop
      vertex 35.0972 80.9134 0
      vertex 33.9433 78.4738 5
      vertex 33.9433 78.4738 0
    endloop
  endfacet
  facet normal 0.595699 0.803208 -0
    outer loop
      vertex 44.0718 45.0846 0
      vertex 41.9042 46.6922 5
      vertex 44.0718 45.0846 5
    endloop
  endfacet
  facet normal 0.595699 0.803208 0
    outer loop
      vertex 41.9042 46.6922 5
      vertex 44.0718 45.0846 0
      vertex 41.9042 46.6922 0
    endloop
  endfacet
  facet normal 0.146737 0.989176 -0
    outer loop
      vertex 56.6545 40.5824 0
      vertex 53.985 40.9784 5
      vertex 56.6545 40.5824 5
    endloop
  endfacet
  facet normal 0.146737 0.989176 0
    outer loop
      vertex 53.985 40.9784 5
      vertex 56.6545 40.5824 0
      vertex 53.985 40.9784 0
    endloop
  endfacet
  facet normal 0.857735 -0.514092 0
    outer loop
      vertex 35.0972 80.9134 5
      vertex 36.4846 83.2282 0
      vertex 36.4846 83.2282 5
    endloop
  endfacet
  facet normal 0.857735 -0.514092 0
    outer loop
      vertex 36.4846 83.2282 0
      vertex 35.0972 80.9134 5
      vertex 35.0972 80.9134 0
    endloop
  endfacet
  facet normal 0.671573 -0.740939 0
    outer loop
      vertex 39.9046 87.3954 0
      vertex 41.9042 89.2078 5
      vertex 39.9046 87.3954 5
    endloop
  endfacet
  facet normal 0.671573 -0.740939 0
    outer loop
      vertex 41.9042 89.2078 5
      vertex 39.9046 87.3954 0
      vertex 41.9042 89.2078 0
    endloop
  endfacet
  facet normal -0.0490598 0.998796 0
    outer loop
      vertex 62.0455 40.5824 0
      vertex 59.35 40.45 5
      vertex 62.0455 40.5824 5
    endloop
  endfacet
  facet normal -0.0490598 0.998796 0
    outer loop
      vertex 59.35 40.45 5
      vertex 62.0455 40.5824 0
      vertex 59.35 40.45 0
    endloop
  endfacet
  facet normal -0.242972 0.970033 0
    outer loop
      vertex 67.3328 41.6341 0
      vertex 64.715 40.9784 5
      vertex 67.3328 41.6341 5
    endloop
  endfacet
  facet normal -0.242972 0.970033 0
    outer loop
      vertex 64.715 40.9784 5
      vertex 67.3328 41.6341 0
      vertex 64.715 40.9784 0
    endloop
  endfacet
  facet normal -0.595699 0.803208 0
    outer loop
      vertex 76.7958 46.6922 0
      vertex 74.6282 45.0846 5
      vertex 76.7958 46.6922 5
    endloop
  endfacet
  facet normal -0.595699 0.803208 0
    outer loop
      vertex 74.6282 45.0846 5
      vertex 76.7958 46.6922 0
      vertex 74.6282 45.0846 0
    endloop
  endfacet
  facet normal -0.941542 0.336895 0
    outer loop
      vertex 84.7567 57.4262 0
      vertex 85.6659 59.9672 5
      vertex 85.6659 59.9672 0
    endloop
  endfacet
  facet normal -0.941542 0.336895 0
    outer loop
      vertex 85.6659 59.9672 5
      vertex 84.7567 57.4262 0
      vertex 84.7567 57.4262 5
    endloop
  endfacet
  facet normal -0.671573 -0.740939 0
    outer loop
      vertex 76.7958 89.2078 0
      vertex 78.7954 87.3954 5
      vertex 76.7958 89.2078 5
    endloop
  endfacet
  facet normal -0.671573 -0.740939 -0
    outer loop
      vertex 78.7954 87.3954 5
      vertex 76.7958 89.2078 0
      vertex 78.7954 87.3954 0
    endloop
  endfacet
  facet normal -0.740939 -0.671573 0
    outer loop
      vertex 80.6078 85.3958 0
      vertex 78.7954 87.3954 5
      vertex 78.7954 87.3954 0
    endloop
  endfacet
  facet normal -0.740939 -0.671573 0
    outer loop
      vertex 78.7954 87.3954 5
      vertex 80.6078 85.3958 0
      vertex 80.6078 85.3958 5
    endloop
  endfacet
  facet normal -0.0490598 -0.998796 0
    outer loop
      vertex 59.35 95.45 0
      vertex 62.0455 95.3176 5
      vertex 59.35 95.45 5
    endloop
  endfacet
  facet normal -0.0490598 -0.998796 -0
    outer loop
      vertex 62.0455 95.3176 5
      vertex 59.35 95.45 0
      vertex 62.0455 95.3176 0
    endloop
  endfacet
  facet normal -0.146737 0.989176 0
    outer loop
      vertex 64.715 40.9784 0
      vertex 62.0455 40.5824 5
      vertex 64.715 40.9784 5
    endloop
  endfacet
  facet normal -0.146737 0.989176 0
    outer loop
      vertex 62.0455 40.5824 5
      vertex 64.715 40.9784 0
      vertex 62.0455 40.5824 0
    endloop
  endfacet
  facet normal 0.970033 0.242972 0
    outer loop
      vertex 33.0341 59.9672 5
      vertex 32.3784 62.585 0
      vertex 32.3784 62.585 5
    endloop
  endfacet
  facet normal 0.970033 0.242972 0
    outer loop
      vertex 32.3784 62.585 0
      vertex 33.0341 59.9672 5
      vertex 33.0341 59.9672 0
    endloop
  endfacet
  facet normal -0.146737 -0.989176 0
    outer loop
      vertex 62.0455 95.3176 0
      vertex 64.715 94.9216 5
      vertex 62.0455 95.3176 5
    endloop
  endfacet
  facet normal -0.146737 -0.989176 -0
    outer loop
      vertex 64.715 94.9216 5
      vertex 62.0455 95.3176 0
      vertex 64.715 94.9216 0
    endloop
  endfacet
  facet normal 0.242972 0.970033 -0
    outer loop
      vertex 53.985 40.9784 0
      vertex 51.3672 41.6341 5
      vertex 53.985 40.9784 5
    endloop
  endfacet
  facet normal 0.242972 0.970033 0
    outer loop
      vertex 51.3672 41.6341 5
      vertex 53.985 40.9784 0
      vertex 51.3672 41.6341 0
    endloop
  endfacet
  facet normal -0.671573 0.740939 0
    outer loop
      vertex 78.7954 48.5046 0
      vertex 76.7958 46.6922 5
      vertex 78.7954 48.5046 5
    endloop
  endfacet
  facet normal -0.671573 0.740939 0
    outer loop
      vertex 76.7958 46.6922 5
      vertex 78.7954 48.5046 0
      vertex 76.7958 46.6922 0
    endloop
  endfacet
  facet normal 0.998796 -0.0490598 0
    outer loop
      vertex 31.85 67.95 5
      vertex 31.9824 70.6455 0
      vertex 31.9824 70.6455 5
    endloop
  endfacet
  facet normal 0.998796 -0.0490598 0
    outer loop
      vertex 31.9824 70.6455 0
      vertex 31.85 67.95 5
      vertex 31.85 67.95 0
    endloop
  endfacet
  facet normal 0.336895 0.941542 -0
    outer loop
      vertex 51.3672 41.6341 0
      vertex 48.8262 42.5433 5
      vertex 51.3672 41.6341 5
    endloop
  endfacet
  facet normal 0.336895 0.941542 0
    outer loop
      vertex 48.8262 42.5433 5
      vertex 51.3672 41.6341 0
      vertex 48.8262 42.5433 0
    endloop
  endfacet
endsolid OpenSCAD_Model
