solid OpenSCAD_Model
  facet normal 0.0489209 0.998803 -0
    outer loop
      vertex 109.68 118.652 0
      vertex 108.7 118.7 2
      vertex 109.68 118.652 2
    endloop
  endfacet
  facet normal 0.0489209 0.998803 0
    outer loop
      vertex 108.7 118.7 2
      vertex 109.68 118.652 0
      vertex 108.7 118.7 0
    endloop
  endfacet
  facet normal -0.243506 0.969899 0
    outer loop
      vertex 8.0491 118.508 0
      vertex 7.09715 118.269 2
      vertex 8.0491 118.508 2
    endloop
  endfacet
  facet normal -0.243506 0.969899 0
    outer loop
      vertex 7.09715 118.269 2
      vertex 8.0491 118.508 0
      vertex 7.09715 118.269 0
    endloop
  endfacet
  facet normal -0.989176 -0.146737 0
    outer loop
      vertex 0.192154 8.04911 0
      vertex 0.0481567 9.01982 2
      vertex 0.0481567 9.01982 0
    endloop
  endfacet
  facet normal -0.989176 -0.146737 0
    outer loop
      vertex 0.0481567 9.01982 2
      vertex 0.192154 8.04911 0
      vertex 0.192154 8.04911 2
    endloop
  endfacet
  facet normal 0.427955 0.9038 -0
    outer loop
      vertex 113.414 117.519 0
      vertex 112.527 117.939 2
      vertex 113.414 117.519 2
    endloop
  endfacet
  facet normal 0.427955 0.9038 0
    outer loop
      vertex 112.527 117.939 2
      vertex 113.414 117.519 0
      vertex 112.527 117.939 0
    endloop
  endfacet
  facet normal 0.427611 -0.903963 0
    outer loop
      vertex 112.527 0.761203 0
      vertex 113.414 1.18079 2
      vertex 112.527 0.761203 2
    endloop
  endfacet
  facet normal 0.427611 -0.903963 0
    outer loop
      vertex 113.414 1.18079 2
      vertex 112.527 0.761203 0
      vertex 113.414 1.18079 0
    endloop
  endfacet
  facet normal 0.671624 -0.740892 0
    outer loop
      vertex 115.044 2.2699 0
      vertex 115.771 2.92893 2
      vertex 115.044 2.2699 2
    endloop
  endfacet
  facet normal 0.671624 -0.740892 0
    outer loop
      vertex 115.771 2.92893 2
      vertex 115.044 2.2699 0
      vertex 115.771 2.92893 0
    endloop
  endfacet
  facet normal 0 1 -0
    outer loop
      vertex 108.7 118.7 0
      vertex 10 118.7 2
      vertex 108.7 118.7 2
    endloop
  endfacet
  facet normal 0 1 0
    outer loop
      vertex 10 118.7 2
      vertex 108.7 118.7 0
      vertex 10 118.7 0
    endloop
  endfacet
  facet normal 0 -1 0
    outer loop
      vertex 10 3.05176e-06 0
      vertex 108.7 3.05176e-06 2
      vertex 10 3.05176e-06 2
    endloop
  endfacet
  facet normal 0 -1 -0
    outer loop
      vertex 108.7 3.05176e-06 2
      vertex 10 3.05176e-06 0
      vertex 108.7 3.05176e-06 0
    endloop
  endfacet
  facet normal -0.989182 0.146694 0
    outer loop
      vertex 0.0481567 109.68 0
      vertex 0.192154 110.651 2
      vertex 0.192154 110.651 0
    endloop
  endfacet
  facet normal -0.989182 0.146694 0
    outer loop
      vertex 0.192154 110.651 2
      vertex 0.0481567 109.68 0
      vertex 0.0481567 109.68 2
    endloop
  endfacet
  facet normal 0.989182 0.146696 0
    outer loop
      vertex 118.652 109.68 2
      vertex 118.508 110.651 0
      vertex 118.508 110.651 2
    endloop
  endfacet
  facet normal 0.989182 0.146696 0
    outer loop
      vertex 118.508 110.651 0
      vertex 118.652 109.68 2
      vertex 118.652 109.68 0
    endloop
  endfacet
  facet normal -1 0 0
    outer loop
      vertex 0 10 0
      vertex 0 108.7 2
      vertex 0 108.7 0
    endloop
  endfacet
  facet normal -1 -0 0
    outer loop
      vertex 0 108.7 2
      vertex 0 10 0
      vertex 0 10 2
    endloop
  endfacet
  facet normal 0.740972 -0.671536 0
    outer loop
      vertex 115.771 2.92893 2
      vertex 116.43 3.65607 0
      vertex 116.43 3.65607 2
    endloop
  endfacet
  facet normal 0.740972 -0.671536 0
    outer loop
      vertex 116.43 3.65607 0
      vertex 115.771 2.92893 2
      vertex 115.771 2.92893 0
    endloop
  endfacet
  facet normal 0.242966 -0.970035 0
    outer loop
      vertex 110.651 0.192157 0
      vertex 111.603 0.430606 2
      vertex 110.651 0.192157 2
    endloop
  endfacet
  facet normal 0.242966 -0.970035 0
    outer loop
      vertex 111.603 0.430606 2
      vertex 110.651 0.192157 0
      vertex 111.603 0.430606 0
    endloop
  endfacet
  facet normal -0.998795 -0.0490713 0
    outer loop
      vertex 0.0481567 9.01982 0
      vertex 0 10 2
      vertex 0 10 0
    endloop
  endfacet
  facet normal -0.998795 -0.0490713 0
    outer loop
      vertex 0 10 2
      vertex 0.0481567 9.01982 0
      vertex 0.0481567 9.01982 2
    endloop
  endfacet
  facet normal 0.903826 -0.4279 0
    outer loop
      vertex 117.519 5.28603 2
      vertex 117.939 6.17317 0
      vertex 117.939 6.17317 2
    endloop
  endfacet
  facet normal 0.903826 -0.4279 0
    outer loop
      vertex 117.939 6.17317 0
      vertex 117.519 5.28603 2
      vertex 117.519 5.28603 0
    endloop
  endfacet
  facet normal -0.513713 0.857962 0
    outer loop
      vertex 5.28603 117.519 0
      vertex 4.44429 117.015 2
      vertex 5.28603 117.519 2
    endloop
  endfacet
  facet normal -0.513713 0.857962 0
    outer loop
      vertex 4.44429 117.015 2
      vertex 5.28603 117.519 0
      vertex 4.44429 117.015 0
    endloop
  endfacet
  facet normal 0.513596 0.858032 -0
    outer loop
      vertex 114.256 117.015 0
      vertex 113.414 117.519 2
      vertex 114.256 117.015 2
    endloop
  endfacet
  facet normal 0.513596 0.858032 0
    outer loop
      vertex 113.414 117.519 2
      vertex 114.256 117.015 0
      vertex 113.414 117.519 0
    endloop
  endfacet
  facet normal -0.595973 0.803005 0
    outer loop
      vertex 4.44429 117.015 0
      vertex 3.65607 116.43 2
      vertex 4.44429 117.015 2
    endloop
  endfacet
  facet normal -0.595973 0.803005 0
    outer loop
      vertex 3.65607 116.43 2
      vertex 4.44429 117.015 0
      vertex 3.65607 116.43 0
    endloop
  endfacet
  facet normal -0.998795 0.0490803 0
    outer loop
      vertex 0 108.7 0
      vertex 0.0481567 109.68 2
      vertex 0.0481567 109.68 0
    endloop
  endfacet
  facet normal -0.998795 0.0490803 0
    outer loop
      vertex 0.0481567 109.68 2
      vertex 0 108.7 0
      vertex 0 108.7 2
    endloop
  endfacet
  facet normal -0.336882 -0.941547 0
    outer loop
      vertex 6.17317 0.761203 0
      vertex 7.09715 0.430606 2
      vertex 6.17317 0.761203 2
    endloop
  endfacet
  facet normal -0.336882 -0.941547 -0
    outer loop
      vertex 7.09715 0.430606 2
      vertex 6.17317 0.761203 0
      vertex 7.09715 0.430606 0
    endloop
  endfacet
  facet normal 0.513986 -0.857798 0
    outer loop
      vertex 113.414 1.18079 0
      vertex 114.256 1.68531 2
      vertex 113.414 1.18079 2
    endloop
  endfacet
  facet normal 0.513986 -0.857798 0
    outer loop
      vertex 114.256 1.68531 2
      vertex 113.414 1.18079 0
      vertex 114.256 1.68531 0
    endloop
  endfacet
  facet normal -0.857803 0.513979 0
    outer loop
      vertex 1.18079 113.414 0
      vertex 1.6853 114.256 2
      vertex 1.6853 114.256 0
    endloop
  endfacet
  facet normal -0.857803 0.513979 0
    outer loop
      vertex 1.6853 114.256 2
      vertex 1.18079 113.414 0
      vertex 1.18079 113.414 2
    endloop
  endfacet
  facet normal -0.671548 -0.740961 0
    outer loop
      vertex 2.92892 2.92893 0
      vertex 3.65607 2.2699 2
      vertex 2.92892 2.92893 2
    endloop
  endfacet
  facet normal -0.671548 -0.740961 -0
    outer loop
      vertex 3.65607 2.2699 2
      vertex 2.92892 2.92893 0
      vertex 3.65607 2.2699 0
    endloop
  endfacet
  facet normal 0.146694 -0.989182 0
    outer loop
      vertex 109.68 0.0481598 0
      vertex 110.651 0.192157 2
      vertex 109.68 0.0481598 2
    endloop
  endfacet
  facet normal 0.146694 -0.989182 0
    outer loop
      vertex 110.651 0.192157 2
      vertex 109.68 0.0481598 0
      vertex 110.651 0.192157 0
    endloop
  endfacet
  facet normal -0.146735 -0.989176 0
    outer loop
      vertex 8.0491 0.192157 0
      vertex 9.01982 0.0481598 2
      vertex 8.0491 0.192157 2
    endloop
  endfacet
  facet normal -0.146735 -0.989176 -0
    outer loop
      vertex 9.01982 0.0481598 2
      vertex 8.0491 0.192157 0
      vertex 9.01982 0.0481598 0
    endloop
  endfacet
  facet normal 0.9038 0.427955 0
    outer loop
      vertex 117.939 112.527 2
      vertex 117.519 113.414 0
      vertex 117.519 113.414 2
    endloop
  endfacet
  facet normal 0.9038 0.427955 0
    outer loop
      vertex 117.519 113.414 0
      vertex 117.939 112.527 2
      vertex 117.939 112.527 0
    endloop
  endfacet
  facet normal -0.970032 -0.242978 0
    outer loop
      vertex 0.430603 7.09716 0
      vertex 0.192154 8.04911 2
      vertex 0.192154 8.04911 0
    endloop
  endfacet
  facet normal -0.970032 -0.242978 0
    outer loop
      vertex 0.192154 8.04911 2
      vertex 0.430603 7.09716 0
      vertex 0.430603 7.09716 2
    endloop
  endfacet
  facet normal -0.0490713 -0.998795 0
    outer loop
      vertex 9.01982 0.0481598 0
      vertex 10 3.05176e-06 2
      vertex 9.01982 0.0481598 2
    endloop
  endfacet
  facet normal -0.0490713 -0.998795 -0
    outer loop
      vertex 10 3.05176e-06 2
      vertex 9.01982 0.0481598 0
      vertex 10 3.05176e-06 0
    endloop
  endfacet
  facet normal -0.80312 0.595817 0
    outer loop
      vertex 1.6853 114.256 0
      vertex 2.2699 115.044 2
      vertex 2.2699 115.044 0
    endloop
  endfacet
  facet normal -0.80312 0.595817 0
    outer loop
      vertex 2.2699 115.044 2
      vertex 1.6853 114.256 0
      vertex 1.6853 114.256 2
    endloop
  endfacet
  facet normal 0.998803 0.0489209 0
    outer loop
      vertex 118.7 108.7 2
      vertex 118.652 109.68 0
      vertex 118.652 109.68 2
    endloop
  endfacet
  facet normal 0.998803 0.0489209 0
    outer loop
      vertex 118.652 109.68 0
      vertex 118.7 108.7 2
      vertex 118.7 108.7 0
    endloop
  endfacet
  facet normal 0.941741 -0.33634 0
    outer loop
      vertex 117.939 6.17317 2
      vertex 118.269 7.09716 0
      vertex 118.269 7.09716 2
    endloop
  endfacet
  facet normal 0.941741 -0.33634 0
    outer loop
      vertex 118.269 7.09716 0
      vertex 117.939 6.17317 2
      vertex 117.939 6.17317 0
    endloop
  endfacet
  facet normal 0.59608 0.802925 -0
    outer loop
      vertex 115.044 116.43 0
      vertex 114.256 117.015 2
      vertex 115.044 116.43 2
    endloop
  endfacet
  facet normal 0.59608 0.802925 0
    outer loop
      vertex 114.256 117.015 2
      vertex 115.044 116.43 0
      vertex 114.256 117.015 0
    endloop
  endfacet
  facet normal -0.903962 0.427614 0
    outer loop
      vertex 0.7612 112.527 0
      vertex 1.18079 113.414 2
      vertex 1.18079 113.414 0
    endloop
  endfacet
  facet normal -0.903962 0.427614 0
    outer loop
      vertex 1.18079 113.414 2
      vertex 0.7612 112.527 0
      vertex 0.7612 112.527 2
    endloop
  endfacet
  facet normal -0.941549 0.336876 0
    outer loop
      vertex 0.430603 111.603 0
      vertex 0.7612 112.527 2
      vertex 0.7612 112.527 0
    endloop
  endfacet
  facet normal -0.941549 0.336876 0
    outer loop
      vertex 0.7612 112.527 2
      vertex 0.430603 111.603 0
      vertex 0.430603 111.603 2
    endloop
  endfacet
  facet normal -0.941548 -0.336879 0
    outer loop
      vertex 0.7612 6.17317 0
      vertex 0.430603 7.09716 2
      vertex 0.430603 7.09716 0
    endloop
  endfacet
  facet normal -0.941548 -0.336879 0
    outer loop
      vertex 0.430603 7.09716 2
      vertex 0.7612 6.17317 0
      vertex 0.7612 6.17317 2
    endloop
  endfacet
  facet normal -0.242978 -0.970032 0
    outer loop
      vertex 7.09715 0.430606 0
      vertex 8.0491 0.192157 2
      vertex 7.09715 0.430606 2
    endloop
  endfacet
  facet normal -0.242978 -0.970032 -0
    outer loop
      vertex 8.0491 0.192157 2
      vertex 7.09715 0.430606 0
      vertex 8.0491 0.192157 0
    endloop
  endfacet
  facet normal -0.970035 0.242966 0
    outer loop
      vertex 0.192154 110.651 0
      vertex 0.430603 111.603 2
      vertex 0.430603 111.603 0
    endloop
  endfacet
  facet normal -0.970035 0.242966 0
    outer loop
      vertex 0.430603 111.603 2
      vertex 0.192154 110.651 0
      vertex 0.192154 110.651 2
    endloop
  endfacet
  facet normal 0.969899 -0.243506 0
    outer loop
      vertex 118.269 7.09716 2
      vertex 118.508 8.04911 0
      vertex 118.508 8.04911 2
    endloop
  endfacet
  facet normal 0.969899 -0.243506 0
    outer loop
      vertex 118.508 8.04911 0
      vertex 118.269 7.09716 2
      vertex 118.269 7.09716 0
    endloop
  endfacet
  facet normal 0.336876 -0.941549 0
    outer loop
      vertex 111.603 0.430606 0
      vertex 112.527 0.761203 2
      vertex 111.603 0.430606 2
    endloop
  endfacet
  facet normal 0.336876 -0.941549 0
    outer loop
      vertex 112.527 0.761203 2
      vertex 111.603 0.430606 0
      vertex 112.527 0.761203 0
    endloop
  endfacet
  facet normal -0.740898 0.671618 0
    outer loop
      vertex 2.2699 115.044 0
      vertex 2.92892 115.771 2
      vertex 2.92892 115.771 0
    endloop
  endfacet
  facet normal -0.740898 0.671618 0
    outer loop
      vertex 2.92892 115.771 2
      vertex 2.2699 115.044 0
      vertex 2.2699 115.044 2
    endloop
  endfacet
  facet normal 0.595811 -0.803125 0
    outer loop
      vertex 114.256 1.68531 0
      vertex 115.044 2.2699 2
      vertex 114.256 1.68531 2
    endloop
  endfacet
  facet normal 0.595811 -0.803125 0
    outer loop
      vertex 115.044 2.2699 2
      vertex 114.256 1.68531 0
      vertex 115.044 2.2699 0
    endloop
  endfacet
  facet normal -0.514103 -0.857728 0
    outer loop
      vertex 4.44429 1.68531 0
      vertex 5.28603 1.18079 2
      vertex 4.44429 1.68531 2
    endloop
  endfacet
  facet normal -0.514103 -0.857728 -0
    outer loop
      vertex 5.28603 1.18079 2
      vertex 4.44429 1.68531 0
      vertex 5.28603 1.18079 0
    endloop
  endfacet
  facet normal 0.941742 0.336336 0
    outer loop
      vertex 118.269 111.603 2
      vertex 117.939 112.527 0
      vertex 117.939 112.527 2
    endloop
  endfacet
  facet normal 0.941742 0.336336 0
    outer loop
      vertex 117.939 112.527 0
      vertex 118.269 111.603 2
      vertex 118.269 111.603 0
    endloop
  endfacet
  facet normal -0.671531 0.740977 0
    outer loop
      vertex 3.65607 116.43 0
      vertex 2.92892 115.771 2
      vertex 3.65607 116.43 2
    endloop
  endfacet
  facet normal -0.671531 0.740977 0
    outer loop
      vertex 2.92892 115.771 2
      vertex 3.65607 116.43 0
      vertex 2.92892 115.771 0
    endloop
  endfacet
  facet normal -0.903988 -0.427558 0
    outer loop
      vertex 1.18079 5.28603 0
      vertex 0.7612 6.17317 2
      vertex 0.7612 6.17317 0
    endloop
  endfacet
  facet normal -0.903988 -0.427558 0
    outer loop
      vertex 0.7612 6.17317 2
      vertex 1.18079 5.28603 0
      vertex 1.18079 5.28603 2
    endloop
  endfacet
  facet normal -0.4279 0.903826 0
    outer loop
      vertex 6.17317 117.939 0
      vertex 5.28603 117.519 2
      vertex 6.17317 117.939 2
    endloop
  endfacet
  facet normal -0.4279 0.903826 0
    outer loop
      vertex 5.28603 117.519 2
      vertex 6.17317 117.939 0
      vertex 5.28603 117.519 0
    endloop
  endfacet
  facet normal -0.336343 0.94174 0
    outer loop
      vertex 7.09715 118.269 0
      vertex 6.17317 117.939 2
      vertex 7.09715 118.269 2
    endloop
  endfacet
  facet normal -0.336343 0.94174 0
    outer loop
      vertex 6.17317 117.939 2
      vertex 7.09715 118.269 0
      vertex 6.17317 117.939 0
    endloop
  endfacet
  facet normal 0.671607 0.740908 -0
    outer loop
      vertex 115.771 115.771 0
      vertex 115.044 116.43 2
      vertex 115.771 115.771 2
    endloop
  endfacet
  facet normal 0.671607 0.740908 0
    outer loop
      vertex 115.044 116.43 2
      vertex 115.771 115.771 0
      vertex 115.044 116.43 0
    endloop
  endfacet
  facet normal 0.803005 -0.595973 0
    outer loop
      vertex 116.43 3.65607 2
      vertex 117.015 4.44429 0
      vertex 117.015 4.44429 2
    endloop
  endfacet
  facet normal 0.803005 -0.595973 0
    outer loop
      vertex 117.015 4.44429 0
      vertex 116.43 3.65607 2
      vertex 116.43 3.65607 0
    endloop
  endfacet
  facet normal -0.146738 0.989175 0
    outer loop
      vertex 9.01982 118.652 0
      vertex 8.0491 118.508 2
      vertex 9.01982 118.652 2
    endloop
  endfacet
  facet normal -0.146738 0.989175 0
    outer loop
      vertex 8.0491 118.508 2
      vertex 9.01982 118.652 0
      vertex 8.0491 118.508 0
    endloop
  endfacet
  facet normal 0.969902 0.243494 0
    outer loop
      vertex 118.508 110.651 2
      vertex 118.269 111.603 0
      vertex 118.269 111.603 2
    endloop
  endfacet
  facet normal 0.969902 0.243494 0
    outer loop
      vertex 118.269 111.603 0
      vertex 118.508 110.651 2
      vertex 118.508 110.651 0
    endloop
  endfacet
  facet normal -0.8032 -0.59571 0
    outer loop
      vertex 2.2699 3.65607 0
      vertex 1.6853 4.44429 2
      vertex 1.6853 4.44429 0
    endloop
  endfacet
  facet normal -0.8032 -0.59571 0
    outer loop
      vertex 1.6853 4.44429 2
      vertex 2.2699 3.65607 0
      vertex 2.2699 3.65607 2
    endloop
  endfacet
  facet normal 1 -0 0
    outer loop
      vertex 118.7 10 2
      vertex 118.7 108.7 0
      vertex 118.7 108.7 2
    endloop
  endfacet
  facet normal 1 0 0
    outer loop
      vertex 118.7 108.7 0
      vertex 118.7 10 2
      vertex 118.7 10 0
    endloop
  endfacet
  facet normal 0.0490803 -0.998795 0
    outer loop
      vertex 108.7 3.05176e-06 0
      vertex 109.68 0.0481598 2
      vertex 108.7 3.05176e-06 2
    endloop
  endfacet
  facet normal 0.0490803 -0.998795 0
    outer loop
      vertex 109.68 0.0481598 2
      vertex 108.7 3.05176e-06 0
      vertex 109.68 0.0481598 0
    endloop
  endfacet
  facet normal -0.048912 0.998803 0
    outer loop
      vertex 10 118.7 0
      vertex 9.01982 118.652 2
      vertex 10 118.7 2
    endloop
  endfacet
  facet normal -0.048912 0.998803 0
    outer loop
      vertex 9.01982 118.652 2
      vertex 10 118.7 0
      vertex 9.01982 118.652 0
    endloop
  endfacet
  facet normal -0.857733 -0.514096 0
    outer loop
      vertex 1.6853 4.44429 0
      vertex 1.18079 5.28603 2
      vertex 1.18079 5.28603 0
    endloop
  endfacet
  facet normal -0.857733 -0.514096 0
    outer loop
      vertex 1.18079 5.28603 2
      vertex 1.6853 4.44429 0
      vertex 1.6853 4.44429 2
    endloop
  endfacet
  facet normal -0.595703 -0.803205 0
    outer loop
      vertex 3.65607 2.2699 0
      vertex 4.44429 1.68531 2
      vertex 3.65607 2.2699 2
    endloop
  endfacet
  facet normal -0.595703 -0.803205 -0
    outer loop
      vertex 4.44429 1.68531 2
      vertex 3.65607 2.2699 0
      vertex 4.44429 1.68531 0
    endloop
  endfacet
  facet normal 0.146696 0.989182 -0
    outer loop
      vertex 110.651 118.508 0
      vertex 109.68 118.652 2
      vertex 110.651 118.508 2
    endloop
  endfacet
  facet normal 0.146696 0.989182 0
    outer loop
      vertex 109.68 118.652 2
      vertex 110.651 118.508 0
      vertex 109.68 118.652 0
    endloop
  endfacet
  facet normal 0.989175 -0.146739 0
    outer loop
      vertex 118.508 8.04911 2
      vertex 118.652 9.01982 0
      vertex 118.652 9.01982 2
    endloop
  endfacet
  facet normal 0.989175 -0.146739 0
    outer loop
      vertex 118.652 9.01982 0
      vertex 118.508 8.04911 2
      vertex 118.508 8.04911 0
    endloop
  endfacet
  facet normal 0.336336 0.941742 -0
    outer loop
      vertex 112.527 117.939 0
      vertex 111.603 118.269 2
      vertex 112.527 117.939 2
    endloop
  endfacet
  facet normal 0.336336 0.941742 0
    outer loop
      vertex 111.603 118.269 2
      vertex 112.527 117.939 0
      vertex 111.603 118.269 0
    endloop
  endfacet
  facet normal 0 0 1
    outer loop
      vertex 108.052 106.861 2
      vertex 118.7 108.7 2
      vertex 118.652 109.68 2
    endloop
  endfacet
  facet normal 0 0 1
    outer loop
      vertex 107.056 104.079 2
      vertex 118.7 108.7 2
      vertex 107.241 104.19 2
    endloop
  endfacet
  facet normal 0 0 1
    outer loop
      vertex 108.052 106.861 2
      vertex 118.652 109.68 2
      vertex 118.508 110.651 2
    endloop
  endfacet
  facet normal 0 0 1
    outer loop
      vertex 118.7 108.7 2
      vertex 107.415 104.318 2
      vertex 107.241 104.19 2
    endloop
  endfacet
  facet normal 0 0 1
    outer loop
      vertex 107.959 107.056 2
      vertex 118.508 110.651 2
      vertex 118.269 111.603 2
    endloop
  endfacet
  facet normal 0 0 1
    outer loop
      vertex 118.7 108.7 2
      vertex 107.056 104.079 2
      vertex 118.7 10 2
    endloop
  endfacet
  facet normal 0 0 1
    outer loop
      vertex 107.848 107.241 2
      vertex 118.269 111.603 2
      vertex 117.939 112.527 2
    endloop
  endfacet
  facet normal 0 0 1
    outer loop
      vertex 118.7 108.7 2
      vertex 107.575 104.463 2
      vertex 107.415 104.318 2
    endloop
  endfacet
  facet normal 0 0 1
    outer loop
      vertex 107.848 107.241 2
      vertex 117.939 112.527 2
      vertex 117.519 113.414 2
    endloop
  endfacet
  facet normal 0 0 1
    outer loop
      vertex 118.7 108.7 2
      vertex 107.72 104.623 2
      vertex 107.575 104.463 2
    endloop
  endfacet
  facet normal 0 0 1
    outer loop
      vertex 107.72 107.415 2
      vertex 117.519 113.414 2
      vertex 117.015 114.256 2
    endloop
  endfacet
  facet normal -0 0 1
    outer loop
      vertex 106.861 103.987 2
      vertex 118.7 10 2
      vertex 107.056 104.079 2
    endloop
  endfacet
  facet normal 0 0 1
    outer loop
      vertex 107.72 107.415 2
      vertex 117.015 114.256 2
      vertex 116.43 115.044 2
    endloop
  endfacet
  facet normal 0 0 1
    outer loop
      vertex 118.7 108.7 2
      vertex 107.848 104.797 2
      vertex 107.72 104.623 2
    endloop
  endfacet
  facet normal 0 0 1
    outer loop
      vertex 107.575 107.575 2
      vertex 116.43 115.044 2
      vertex 115.771 115.771 2
    endloop
  endfacet
  facet normal 0 0 1
    outer loop
      vertex 118.7 108.7 2
      vertex 107.959 104.982 2
      vertex 107.848 104.797 2
    endloop
  endfacet
  facet normal 0 0 1
    outer loop
      vertex 107.575 107.575 2
      vertex 115.771 115.771 2
      vertex 115.044 116.43 2
    endloop
  endfacet
  facet normal -0 0 1
    outer loop
      vertex 106.695 12.902 2
      vertex 118.7 10 2
      vertex 106.7 13 2
    endloop
  endfacet
  facet normal 0 0 1
    outer loop
      vertex 107.415 107.72 2
      vertex 115.044 116.43 2
      vertex 114.256 117.015 2
    endloop
  endfacet
  facet normal 0 0 1
    outer loop
      vertex 118.7 108.7 2
      vertex 108.052 105.177 2
      vertex 107.959 104.982 2
    endloop
  endfacet
  facet normal 0 0 1
    outer loop
      vertex 107.415 107.72 2
      vertex 114.256 117.015 2
      vertex 113.414 117.519 2
    endloop
  endfacet
  facet normal -0 0 1
    outer loop
      vertex 106.624 12.6173 2
      vertex 118.7 10 2
      vertex 106.657 12.7097 2
    endloop
  endfacet
  facet normal 0 0 1
    outer loop
      vertex 107.241 107.848 2
      vertex 113.414 117.519 2
      vertex 112.527 117.939 2
    endloop
  endfacet
  facet normal 0 0 1
    outer loop
      vertex 118.7 108.7 2
      vertex 108.124 105.38 2
      vertex 108.052 105.177 2
    endloop
  endfacet
  facet normal 0 0 1
    outer loop
      vertex 107.241 107.848 2
      vertex 112.527 117.939 2
      vertex 111.603 118.269 2
    endloop
  endfacet
  facet normal 0 0 1
    outer loop
      vertex 118.7 108.7 2
      vertex 108.177 105.59 2
      vertex 108.124 105.38 2
    endloop
  endfacet
  facet normal 0 0 1
    outer loop
      vertex 107.056 107.959 2
      vertex 111.603 118.269 2
      vertex 110.651 118.508 2
    endloop
  endfacet
  facet normal 0 0 1
    outer loop
      vertex 118.652 9.01982 2
      vertex 106.582 12.5286 2
      vertex 118.508 8.04911 2
    endloop
  endfacet
  facet normal 0 0 1
    outer loop
      vertex 107.056 107.959 2
      vertex 110.651 118.508 2
      vertex 109.68 118.652 2
    endloop
  endfacet
  facet normal 0 0 1
    outer loop
      vertex 118.7 108.7 2
      vertex 108.208 105.803 2
      vertex 108.177 105.59 2
    endloop
  endfacet
  facet normal 0 0 1
    outer loop
      vertex 106.861 108.052 2
      vertex 109.68 118.652 2
      vertex 108.7 118.7 2
    endloop
  endfacet
  facet normal 0 0 1
    outer loop
      vertex 118.7 108.7 2
      vertex 108.219 106.019 2
      vertex 108.208 105.803 2
    endloop
  endfacet
  facet normal 0 0 1
    outer loop
      vertex 118.269 7.09716 2
      vertex 106.531 12.4444 2
      vertex 117.939 6.17317 2
    endloop
  endfacet
  facet normal 0 0 1
    outer loop
      vertex 118.7 108.7 2
      vertex 108.208 106.235 2
      vertex 108.219 106.019 2
    endloop
  endfacet
  facet normal 0 0 1
    outer loop
      vertex 118.7 108.7 2
      vertex 108.177 106.448 2
      vertex 108.208 106.235 2
    endloop
  endfacet
  facet normal 0 0 1
    outer loop
      vertex 118.7 108.7 2
      vertex 108.124 106.658 2
      vertex 108.177 106.448 2
    endloop
  endfacet
  facet normal 0 0 1
    outer loop
      vertex 118.7 108.7 2
      vertex 108.052 106.861 2
      vertex 108.124 106.658 2
    endloop
  endfacet
  facet normal 0 0 1
    outer loop
      vertex 118.508 110.651 2
      vertex 107.959 107.056 2
      vertex 108.052 106.861 2
    endloop
  endfacet
  facet normal 0 0 1
    outer loop
      vertex 118.269 111.603 2
      vertex 107.848 107.241 2
      vertex 107.959 107.056 2
    endloop
  endfacet
  facet normal 0 0 1
    outer loop
      vertex 117.519 113.414 2
      vertex 107.72 107.415 2
      vertex 107.848 107.241 2
    endloop
  endfacet
  facet normal 0 0 1
    outer loop
      vertex 116.43 115.044 2
      vertex 107.575 107.575 2
      vertex 107.72 107.415 2
    endloop
  endfacet
  facet normal 0 0 1
    outer loop
      vertex 115.044 116.43 2
      vertex 107.415 107.72 2
      vertex 107.575 107.575 2
    endloop
  endfacet
  facet normal 0 0 1
    outer loop
      vertex 113.414 117.519 2
      vertex 107.241 107.848 2
      vertex 107.415 107.72 2
    endloop
  endfacet
  facet normal 0 0 1
    outer loop
      vertex 111.603 118.269 2
      vertex 107.056 107.959 2
      vertex 107.241 107.848 2
    endloop
  endfacet
  facet normal 0 0 1
    outer loop
      vertex 109.68 118.652 2
      vertex 106.861 108.052 2
      vertex 107.056 107.959 2
    endloop
  endfacet
  facet normal 0 0 1
    outer loop
      vertex 108.7 118.7 2
      vertex 106.658 108.124 2
      vertex 106.861 108.052 2
    endloop
  endfacet
  facet normal 0 0 1
    outer loop
      vertex 108.7 118.7 2
      vertex 106.448 108.177 2
      vertex 106.658 108.124 2
    endloop
  endfacet
  facet normal 0 0 1
    outer loop
      vertex 108.7 118.7 2
      vertex 106.235 108.208 2
      vertex 106.448 108.177 2
    endloop
  endfacet
  facet normal 0 0 1
    outer loop
      vertex 108.7 118.7 2
      vertex 106.019 108.219 2
      vertex 106.235 108.208 2
    endloop
  endfacet
  facet normal 0 0 1
    outer loop
      vertex 108.7 118.7 2
      vertex 105.803 108.208 2
      vertex 106.019 108.219 2
    endloop
  endfacet
  facet normal 0 0 1
    outer loop
      vertex 108.7 118.7 2
      vertex 105.59 108.177 2
      vertex 105.803 108.208 2
    endloop
  endfacet
  facet normal 0 0 1
    outer loop
      vertex 108.7 118.7 2
      vertex 105.38 108.124 2
      vertex 105.59 108.177 2
    endloop
  endfacet
  facet normal 0 0 1
    outer loop
      vertex 108.7 118.7 2
      vertex 105.177 108.052 2
      vertex 105.38 108.124 2
    endloop
  endfacet
  facet normal 0 0 1
    outer loop
      vertex 108.7 118.7 2
      vertex 104.982 107.959 2
      vertex 105.177 108.052 2
    endloop
  endfacet
  facet normal 0 0 1
    outer loop
      vertex 108.7 118.7 2
      vertex 104.797 107.848 2
      vertex 104.982 107.959 2
    endloop
  endfacet
  facet normal 0 0 1
    outer loop
      vertex 108.7 118.7 2
      vertex 104.623 107.72 2
      vertex 104.797 107.848 2
    endloop
  endfacet
  facet normal 0 0 1
    outer loop
      vertex 108.7 118.7 2
      vertex 104.463 107.575 2
      vertex 104.623 107.72 2
    endloop
  endfacet
  facet normal 0 0 1
    outer loop
      vertex 108.7 118.7 2
      vertex 104.318 107.415 2
      vertex 104.463 107.575 2
    endloop
  endfacet
  facet normal 0 0 1
    outer loop
      vertex 108.7 118.7 2
      vertex 104.19 107.241 2
      vertex 104.318 107.415 2
    endloop
  endfacet
  facet normal 0 0 1
    outer loop
      vertex 108.7 118.7 2
      vertex 104.079 107.056 2
      vertex 104.19 107.241 2
    endloop
  endfacet
  facet normal -0 0 1
    outer loop
      vertex 10 118.7 2
      vertex 104.079 107.056 2
      vertex 108.7 118.7 2
    endloop
  endfacet
  facet normal 0 0 1
    outer loop
      vertex 103.987 106.861 2
      vertex 13 106.7 2
      vertex 103.929 106.7 2
    endloop
  endfacet
  facet normal 0 0 1
    outer loop
      vertex 104.079 107.056 2
      vertex 10 118.7 2
      vertex 103.987 106.861 2
    endloop
  endfacet
  facet normal 0 0 1
    outer loop
      vertex 103.987 106.861 2
      vertex 10 118.7 2
      vertex 13 106.7 2
    endloop
  endfacet
  facet normal 0 0 1
    outer loop
      vertex 12 105.7 2
      vertex 11.839 14.7135 2
      vertex 12 14.7711 2
    endloop
  endfacet
  facet normal 0 0 1
    outer loop
      vertex 0 108.7 2
      vertex 11.839 14.7135 2
      vertex 12 105.7 2
    endloop
  endfacet
  facet normal 0 0 1
    outer loop
      vertex 11.839 14.7135 2
      vertex 0 108.7 2
      vertex 11.6439 14.6212 2
    endloop
  endfacet
  facet normal 0 0 1
    outer loop
      vertex 0 10 2
      vertex 11.6439 14.6212 2
      vertex 0 108.7 2
    endloop
  endfacet
  facet normal 0 0 1
    outer loop
      vertex 11.6439 14.6212 2
      vertex 0 10 2
      vertex 11.4587 14.5102 2
    endloop
  endfacet
  facet normal 0 0 1
    outer loop
      vertex 11.4587 14.5102 2
      vertex 0 10 2
      vertex 11.2853 14.3816 2
    endloop
  endfacet
  facet normal 0 0 1
    outer loop
      vertex 11.2853 14.3816 2
      vertex 0 10 2
      vertex 11.1253 14.2366 2
    endloop
  endfacet
  facet normal 0 0 1
    outer loop
      vertex 11.1253 14.2366 2
      vertex 0 10 2
      vertex 10.9803 14.0766 2
    endloop
  endfacet
  facet normal 0 0 1
    outer loop
      vertex 10.9803 14.0766 2
      vertex 0 10 2
      vertex 10.8517 13.9032 2
    endloop
  endfacet
  facet normal 0 0 1
    outer loop
      vertex 10.8517 13.9032 2
      vertex 0 10 2
      vertex 10.7407 13.718 2
    endloop
  endfacet
  facet normal 0 0 1
    outer loop
      vertex 10.7407 13.718 2
      vertex 0 10 2
      vertex 10.6484 13.5229 2
    endloop
  endfacet
  facet normal 0 0 1
    outer loop
      vertex 10.6484 13.5229 2
      vertex 0 10 2
      vertex 10.5757 13.3196 2
    endloop
  endfacet
  facet normal 0 0 1
    outer loop
      vertex 10.5757 13.3196 2
      vertex 0 10 2
      vertex 10.5232 13.1102 2
    endloop
  endfacet
  facet normal -0 0 1
    outer loop
      vertex 2.2699 115.044 2
      vertex 12.2929 106.407 2
      vertex 2.92892 115.771 2
    endloop
  endfacet
  facet normal -0 0 1
    outer loop
      vertex 2.92892 115.771 2
      vertex 12.2929 106.407 2
      vertex 3.65607 116.43 2
    endloop
  endfacet
  facet normal 0 0 1
    outer loop
      vertex 12.3656 106.473 2
      vertex 3.65607 116.43 2
      vertex 12.2929 106.407 2
    endloop
  endfacet
  facet normal -0 0 1
    outer loop
      vertex 3.65607 116.43 2
      vertex 12.3656 106.473 2
      vertex 4.44429 117.015 2
    endloop
  endfacet
  facet normal -0 0 1
    outer loop
      vertex 4.44429 117.015 2
      vertex 12.3656 106.473 2
      vertex 5.28603 117.519 2
    endloop
  endfacet
  facet normal -0 0 1
    outer loop
      vertex 5.28603 117.519 2
      vertex 12.3656 106.473 2
      vertex 6.17317 117.939 2
    endloop
  endfacet
  facet normal 0 0 1
    outer loop
      vertex 12.4444 106.531 2
      vertex 6.17317 117.939 2
      vertex 12.3656 106.473 2
    endloop
  endfacet
  facet normal -0 0 1
    outer loop
      vertex 6.17317 117.939 2
      vertex 12.4444 106.531 2
      vertex 7.09715 118.269 2
    endloop
  endfacet
  facet normal -0 0 1
    outer loop
      vertex 7.09715 118.269 2
      vertex 12.4444 106.531 2
      vertex 8.0491 118.508 2
    endloop
  endfacet
  facet normal 0 0 1
    outer loop
      vertex 12.5286 106.582 2
      vertex 8.0491 118.508 2
      vertex 12.4444 106.531 2
    endloop
  endfacet
  facet normal -0 0 1
    outer loop
      vertex 8.0491 118.508 2
      vertex 12.5286 106.582 2
      vertex 9.01982 118.652 2
    endloop
  endfacet
  facet normal -0 0 1
    outer loop
      vertex 9.01982 118.652 2
      vertex 12.5286 106.582 2
      vertex 10 118.7 2
    endloop
  endfacet
  facet normal 0 0 1
    outer loop
      vertex 12.6173 106.624 2
      vertex 10 118.7 2
      vertex 12.5286 106.582 2
    endloop
  endfacet
  facet normal 0 0 1
    outer loop
      vertex 12.7097 106.657 2
      vertex 10 118.7 2
      vertex 12.6173 106.624 2
    endloop
  endfacet
  facet normal 0 0 1
    outer loop
      vertex 12.8049 106.681 2
      vertex 10 118.7 2
      vertex 12.7097 106.657 2
    endloop
  endfacet
  facet normal 0 0 1
    outer loop
      vertex 12.902 106.695 2
      vertex 10 118.7 2
      vertex 12.8049 106.681 2
    endloop
  endfacet
  facet normal 0 0 1
    outer loop
      vertex 13 106.7 2
      vertex 10 118.7 2
      vertex 12.902 106.695 2
    endloop
  endfacet
  facet normal 0 0 1
    outer loop
      vertex 117.519 5.28603 2
      vertex 106.473 12.3656 2
      vertex 117.015 4.44429 2
    endloop
  endfacet
  facet normal -0 0 1
    outer loop
      vertex 106.407 12.2929 2
      vertex 116.43 3.65607 2
      vertex 106.473 12.3656 2
    endloop
  endfacet
  facet normal 0 0 1
    outer loop
      vertex 117.015 4.44429 2
      vertex 106.473 12.3656 2
      vertex 116.43 3.65607 2
    endloop
  endfacet
  facet normal -0 0 1
    outer loop
      vertex 106.473 12.3656 2
      vertex 117.519 5.28603 2
      vertex 106.531 12.4444 2
    endloop
  endfacet
  facet normal 0 0 1
    outer loop
      vertex 117.939 6.17317 2
      vertex 106.531 12.4444 2
      vertex 117.519 5.28603 2
    endloop
  endfacet
  facet normal -0 0 1
    outer loop
      vertex 106.531 12.4444 2
      vertex 118.269 7.09716 2
      vertex 106.582 12.5286 2
    endloop
  endfacet
  facet normal 0 0 1
    outer loop
      vertex 118.508 8.04911 2
      vertex 106.582 12.5286 2
      vertex 118.269 7.09716 2
    endloop
  endfacet
  facet normal -0 0 1
    outer loop
      vertex 106.582 12.5286 2
      vertex 118.652 9.01982 2
      vertex 106.624 12.6173 2
    endloop
  endfacet
  facet normal 0 0 1
    outer loop
      vertex 118.7 10 2
      vertex 106.624 12.6173 2
      vertex 118.652 9.01982 2
    endloop
  endfacet
  facet normal -0 0 1
    outer loop
      vertex 106.657 12.7097 2
      vertex 118.7 10 2
      vertex 106.681 12.8049 2
    endloop
  endfacet
  facet normal -0 0 1
    outer loop
      vertex 106.681 12.8049 2
      vertex 118.7 10 2
      vertex 106.695 12.902 2
    endloop
  endfacet
  facet normal 0 0 1
    outer loop
      vertex 118.7 10 2
      vertex 106.861 103.987 2
      vertex 106.7 13 2
    endloop
  endfacet
  facet normal 0 0 1
    outer loop
      vertex 106.7 13 2
      vertex 106.861 103.987 2
      vertex 106.7 103.929 2
    endloop
  endfacet
  facet normal 0 0 1
    outer loop
      vertex 116.43 3.65607 2
      vertex 106.407 12.2929 2
      vertex 115.771 2.92893 2
    endloop
  endfacet
  facet normal 0 0 1
    outer loop
      vertex 115.771 2.92893 2
      vertex 106.407 12.2929 2
      vertex 115.044 2.2699 2
    endloop
  endfacet
  facet normal -0 0 1
    outer loop
      vertex 106.334 12.227 2
      vertex 115.044 2.2699 2
      vertex 106.407 12.2929 2
    endloop
  endfacet
  facet normal 0 0 1
    outer loop
      vertex 115.044 2.2699 2
      vertex 106.334 12.227 2
      vertex 114.256 1.68531 2
    endloop
  endfacet
  facet normal 0 0 1
    outer loop
      vertex 114.256 1.68531 2
      vertex 106.334 12.227 2
      vertex 113.414 1.18079 2
    endloop
  endfacet
  facet normal 0 0 1
    outer loop
      vertex 113.414 1.18079 2
      vertex 106.334 12.227 2
      vertex 112.527 0.761203 2
    endloop
  endfacet
  facet normal -0 0 1
    outer loop
      vertex 106.256 12.1685 2
      vertex 112.527 0.761203 2
      vertex 106.334 12.227 2
    endloop
  endfacet
  facet normal 0 0 1
    outer loop
      vertex 112.527 0.761203 2
      vertex 106.256 12.1685 2
      vertex 111.603 0.430606 2
    endloop
  endfacet
  facet normal 0 0 1
    outer loop
      vertex 111.603 0.430606 2
      vertex 106.256 12.1685 2
      vertex 110.651 0.192157 2
    endloop
  endfacet
  facet normal -0 0 1
    outer loop
      vertex 106.171 12.1181 2
      vertex 110.651 0.192157 2
      vertex 106.256 12.1685 2
    endloop
  endfacet
  facet normal 0 0 1
    outer loop
      vertex 110.651 0.192157 2
      vertex 106.171 12.1181 2
      vertex 109.68 0.0481598 2
    endloop
  endfacet
  facet normal 0 0 1
    outer loop
      vertex 109.68 0.0481598 2
      vertex 106.171 12.1181 2
      vertex 108.7 3.05176e-06 2
    endloop
  endfacet
  facet normal -0 0 1
    outer loop
      vertex 106.083 12.0761 2
      vertex 108.7 3.05176e-06 2
      vertex 106.171 12.1181 2
    endloop
  endfacet
  facet normal -0 0 1
    outer loop
      vertex 105.99 12.0431 2
      vertex 108.7 3.05176e-06 2
      vertex 106.083 12.0761 2
    endloop
  endfacet
  facet normal -0 0 1
    outer loop
      vertex 105.895 12.0192 2
      vertex 108.7 3.05176e-06 2
      vertex 105.99 12.0431 2
    endloop
  endfacet
  facet normal -0 0 1
    outer loop
      vertex 105.798 12.0048 2
      vertex 108.7 3.05176e-06 2
      vertex 105.895 12.0192 2
    endloop
  endfacet
  facet normal -0 0 1
    outer loop
      vertex 105.7 12 2
      vertex 108.7 3.05176e-06 2
      vertex 105.798 12.0048 2
    endloop
  endfacet
  facet normal 0 0 1
    outer loop
      vertex 14.7135 11.839 2
      vertex 105.7 12 2
      vertex 14.7711 12 2
    endloop
  endfacet
  facet normal 0 0 1
    outer loop
      vertex 105.7 12 2
      vertex 14.7135 11.839 2
      vertex 108.7 3.05176e-06 2
    endloop
  endfacet
  facet normal -0 0 1
    outer loop
      vertex 14.6212 11.6439 2
      vertex 108.7 3.05176e-06 2
      vertex 14.7135 11.839 2
    endloop
  endfacet
  facet normal 0 0 1
    outer loop
      vertex 10 3.05176e-06 2
      vertex 14.6212 11.6439 2
      vertex 14.5102 11.4587 2
    endloop
  endfacet
  facet normal 0 0 1
    outer loop
      vertex 10 3.05176e-06 2
      vertex 14.5102 11.4587 2
      vertex 14.3816 11.2853 2
    endloop
  endfacet
  facet normal 0 0 1
    outer loop
      vertex 10 3.05176e-06 2
      vertex 14.3816 11.2853 2
      vertex 14.2366 11.1253 2
    endloop
  endfacet
  facet normal 0 0 1
    outer loop
      vertex 10 3.05176e-06 2
      vertex 14.2366 11.1253 2
      vertex 14.0766 10.9803 2
    endloop
  endfacet
  facet normal 0 0 1
    outer loop
      vertex 10 3.05176e-06 2
      vertex 14.0766 10.9803 2
      vertex 13.9032 10.8517 2
    endloop
  endfacet
  facet normal 0 0 1
    outer loop
      vertex 10 3.05176e-06 2
      vertex 13.9032 10.8517 2
      vertex 13.718 10.7407 2
    endloop
  endfacet
  facet normal 0 0 1
    outer loop
      vertex 10 3.05176e-06 2
      vertex 13.718 10.7407 2
      vertex 13.5229 10.6484 2
    endloop
  endfacet
  facet normal 0 0 1
    outer loop
      vertex 10 3.05176e-06 2
      vertex 13.5229 10.6484 2
      vertex 13.3196 10.5757 2
    endloop
  endfacet
  facet normal 0 0 1
    outer loop
      vertex 10 3.05176e-06 2
      vertex 13.3196 10.5757 2
      vertex 13.1102 10.5232 2
    endloop
  endfacet
  facet normal 0 0 1
    outer loop
      vertex 10 3.05176e-06 2
      vertex 13.1102 10.5232 2
      vertex 12.8966 10.4915 2
    endloop
  endfacet
  facet normal 0 0 1
    outer loop
      vertex 10 3.05176e-06 2
      vertex 12.8966 10.4915 2
      vertex 12.681 10.481 2
    endloop
  endfacet
  facet normal 0 0 1
    outer loop
      vertex 10 3.05176e-06 2
      vertex 12.681 10.481 2
      vertex 12.4653 10.4915 2
    endloop
  endfacet
  facet normal 0 0 1
    outer loop
      vertex 14.6212 11.6439 2
      vertex 10 3.05176e-06 2
      vertex 108.7 3.05176e-06 2
    endloop
  endfacet
  facet normal 0 0 1
    outer loop
      vertex 12.2518 10.5232 2
      vertex 10 3.05176e-06 2
      vertex 12.4653 10.4915 2
    endloop
  endfacet
  facet normal 0 0 1
    outer loop
      vertex 12.0423 10.5757 2
      vertex 10 3.05176e-06 2
      vertex 12.2518 10.5232 2
    endloop
  endfacet
  facet normal 0 0 1
    outer loop
      vertex 11.839 10.6484 2
      vertex 10 3.05176e-06 2
      vertex 12.0423 10.5757 2
    endloop
  endfacet
  facet normal 0 0 1
    outer loop
      vertex 9.01982 0.0481598 2
      vertex 11.839 10.6484 2
      vertex 11.6439 10.7407 2
    endloop
  endfacet
  facet normal 0 0 1
    outer loop
      vertex 7.09715 0.430606 2
      vertex 11.6439 10.7407 2
      vertex 11.4587 10.8517 2
    endloop
  endfacet
  facet normal 0 0 1
    outer loop
      vertex 5.28603 1.18079 2
      vertex 11.4587 10.8517 2
      vertex 11.2853 10.9803 2
    endloop
  endfacet
  facet normal 0 0 1
    outer loop
      vertex 3.65607 2.2699 2
      vertex 11.2853 10.9803 2
      vertex 11.1253 11.1253 2
    endloop
  endfacet
  facet normal 0 0 1
    outer loop
      vertex 2.2699 3.65607 2
      vertex 11.1253 11.1253 2
      vertex 10.9803 11.2853 2
    endloop
  endfacet
  facet normal 0 0 1
    outer loop
      vertex 1.18079 5.28603 2
      vertex 10.9803 11.2853 2
      vertex 10.8517 11.4587 2
    endloop
  endfacet
  facet normal 0 0 1
    outer loop
      vertex 0.430603 7.09716 2
      vertex 10.8517 11.4587 2
      vertex 10.7407 11.6439 2
    endloop
  endfacet
  facet normal 0 0 1
    outer loop
      vertex 0.192154 8.04911 2
      vertex 10.7407 11.6439 2
      vertex 10.6484 11.839 2
    endloop
  endfacet
  facet normal 0 0 1
    outer loop
      vertex 0 10 2
      vertex 10.6484 11.839 2
      vertex 10.5757 12.0423 2
    endloop
  endfacet
  facet normal 0 0 1
    outer loop
      vertex 0 10 2
      vertex 10.5757 12.0423 2
      vertex 10.5232 12.2518 2
    endloop
  endfacet
  facet normal 0 0 1
    outer loop
      vertex 0 10 2
      vertex 10.5232 12.2518 2
      vertex 10.4915 12.4653 2
    endloop
  endfacet
  facet normal 0 0 1
    outer loop
      vertex 0 10 2
      vertex 10.4915 12.4653 2
      vertex 10.481 12.681 2
    endloop
  endfacet
  facet normal 0 0 1
    outer loop
      vertex 10.5232 13.1102 2
      vertex 0 10 2
      vertex 10.4915 12.8966 2
    endloop
  endfacet
  facet normal 0 0 1
    outer loop
      vertex 12.2929 106.407 2
      vertex 2.2699 115.044 2
      vertex 12.227 106.334 2
    endloop
  endfacet
  facet normal 0 0 1
    outer loop
      vertex 10.4915 12.8966 2
      vertex 0 10 2
      vertex 10.481 12.681 2
    endloop
  endfacet
  facet normal -0 0 1
    outer loop
      vertex 1.6853 114.256 2
      vertex 12.227 106.334 2
      vertex 2.2699 115.044 2
    endloop
  endfacet
  facet normal 0 0 1
    outer loop
      vertex 10.6484 11.839 2
      vertex 0 10 2
      vertex 0.0481567 9.01982 2
    endloop
  endfacet
  facet normal -0 0 1
    outer loop
      vertex 1.18079 113.414 2
      vertex 12.227 106.334 2
      vertex 1.6853 114.256 2
    endloop
  endfacet
  facet normal 0 0 1
    outer loop
      vertex 11.839 10.6484 2
      vertex 9.01982 0.0481598 2
      vertex 10 3.05176e-06 2
    endloop
  endfacet
  facet normal 0 0 1
    outer loop
      vertex 12.227 106.334 2
      vertex 1.18079 113.414 2
      vertex 12.1685 106.256 2
    endloop
  endfacet
  facet normal 0 0 1
    outer loop
      vertex 11.6439 10.7407 2
      vertex 8.0491 0.192157 2
      vertex 9.01982 0.0481598 2
    endloop
  endfacet
  facet normal -0 0 1
    outer loop
      vertex 0.7612 112.527 2
      vertex 12.1685 106.256 2
      vertex 1.18079 113.414 2
    endloop
  endfacet
  facet normal 0 0 1
    outer loop
      vertex 11.6439 10.7407 2
      vertex 7.09715 0.430606 2
      vertex 8.0491 0.192157 2
    endloop
  endfacet
  facet normal -0 0 1
    outer loop
      vertex 0.430603 111.603 2
      vertex 12.1685 106.256 2
      vertex 0.7612 112.527 2
    endloop
  endfacet
  facet normal 0 0 1
    outer loop
      vertex 11.4587 10.8517 2
      vertex 6.17317 0.761203 2
      vertex 7.09715 0.430606 2
    endloop
  endfacet
  facet normal 0 0 1
    outer loop
      vertex 12.1685 106.256 2
      vertex 0.430603 111.603 2
      vertex 12.1181 106.171 2
    endloop
  endfacet
  facet normal 0 0 1
    outer loop
      vertex 11.4587 10.8517 2
      vertex 5.28603 1.18079 2
      vertex 6.17317 0.761203 2
    endloop
  endfacet
  facet normal -0 0 1
    outer loop
      vertex 0.192154 110.651 2
      vertex 12.1181 106.171 2
      vertex 0.430603 111.603 2
    endloop
  endfacet
  facet normal 0 0 1
    outer loop
      vertex 11.2853 10.9803 2
      vertex 4.44429 1.68531 2
      vertex 5.28603 1.18079 2
    endloop
  endfacet
  facet normal -0 0 1
    outer loop
      vertex 0.0481567 109.68 2
      vertex 12.1181 106.171 2
      vertex 0.192154 110.651 2
    endloop
  endfacet
  facet normal 0 0 1
    outer loop
      vertex 11.2853 10.9803 2
      vertex 3.65607 2.2699 2
      vertex 4.44429 1.68531 2
    endloop
  endfacet
  facet normal 0 0 1
    outer loop
      vertex 12.1181 106.171 2
      vertex 0.0481567 109.68 2
      vertex 12.0761 106.083 2
    endloop
  endfacet
  facet normal 0 0 1
    outer loop
      vertex 11.1253 11.1253 2
      vertex 2.92892 2.92893 2
      vertex 3.65607 2.2699 2
    endloop
  endfacet
  facet normal -0 0 1
    outer loop
      vertex 0 108.7 2
      vertex 12.0761 106.083 2
      vertex 0.0481567 109.68 2
    endloop
  endfacet
  facet normal 0 0 1
    outer loop
      vertex 11.1253 11.1253 2
      vertex 2.2699 3.65607 2
      vertex 2.92892 2.92893 2
    endloop
  endfacet
  facet normal 0 0 1
    outer loop
      vertex 12.0761 106.083 2
      vertex 0 108.7 2
      vertex 12.0431 105.99 2
    endloop
  endfacet
  facet normal 0 0 1
    outer loop
      vertex 10.9803 11.2853 2
      vertex 1.6853 4.44429 2
      vertex 2.2699 3.65607 2
    endloop
  endfacet
  facet normal 0 0 1
    outer loop
      vertex 12.0431 105.99 2
      vertex 0 108.7 2
      vertex 12.0192 105.895 2
    endloop
  endfacet
  facet normal 0 0 1
    outer loop
      vertex 10.9803 11.2853 2
      vertex 1.18079 5.28603 2
      vertex 1.6853 4.44429 2
    endloop
  endfacet
  facet normal 0 0 1
    outer loop
      vertex 12.0192 105.895 2
      vertex 0 108.7 2
      vertex 12.0048 105.798 2
    endloop
  endfacet
  facet normal 0 0 1
    outer loop
      vertex 10.8517 11.4587 2
      vertex 0.7612 6.17317 2
      vertex 1.18079 5.28603 2
    endloop
  endfacet
  facet normal 0 0 1
    outer loop
      vertex 12.0048 105.798 2
      vertex 0 108.7 2
      vertex 12 105.7 2
    endloop
  endfacet
  facet normal 0 0 1
    outer loop
      vertex 10.8517 11.4587 2
      vertex 0.430603 7.09716 2
      vertex 0.7612 6.17317 2
    endloop
  endfacet
  facet normal 0 0 1
    outer loop
      vertex 10.7407 11.6439 2
      vertex 0.192154 8.04911 2
      vertex 0.430603 7.09716 2
    endloop
  endfacet
  facet normal 0 0 1
    outer loop
      vertex 10.6484 11.839 2
      vertex 0.0481567 9.01982 2
      vertex 0.192154 8.04911 2
    endloop
  endfacet
  facet normal 0.740908 0.671607 0
    outer loop
      vertex 116.43 115.044 2
      vertex 115.771 115.771 0
      vertex 115.771 115.771 2
    endloop
  endfacet
  facet normal 0.740908 0.671607 0
    outer loop
      vertex 115.771 115.771 0
      vertex 116.43 115.044 2
      vertex 116.43 115.044 0
    endloop
  endfacet
  facet normal -0.740962 -0.671547 0
    outer loop
      vertex 2.92892 2.92893 0
      vertex 2.2699 3.65607 2
      vertex 2.2699 3.65607 0
    endloop
  endfacet
  facet normal -0.740962 -0.671547 0
    outer loop
      vertex 2.2699 3.65607 2
      vertex 2.92892 2.92893 0
      vertex 2.92892 2.92893 2
    endloop
  endfacet
  facet normal 0.858032 0.513596 0
    outer loop
      vertex 117.519 113.414 2
      vertex 117.015 114.256 0
      vertex 117.015 114.256 2
    endloop
  endfacet
  facet normal 0.858032 0.513596 0
    outer loop
      vertex 117.015 114.256 0
      vertex 117.519 113.414 2
      vertex 117.519 113.414 0
    endloop
  endfacet
  facet normal 0.857962 -0.513713 0
    outer loop
      vertex 117.015 4.44429 2
      vertex 117.519 5.28603 0
      vertex 117.519 5.28603 2
    endloop
  endfacet
  facet normal 0.857962 -0.513713 0
    outer loop
      vertex 117.519 5.28603 0
      vertex 117.015 4.44429 2
      vertex 117.015 4.44429 0
    endloop
  endfacet
  facet normal -0.427556 -0.903989 0
    outer loop
      vertex 5.28603 1.18079 0
      vertex 6.17317 0.761203 2
      vertex 5.28603 1.18079 2
    endloop
  endfacet
  facet normal -0.427556 -0.903989 -0
    outer loop
      vertex 6.17317 0.761203 2
      vertex 5.28603 1.18079 0
      vertex 6.17317 0.761203 0
    endloop
  endfacet
  facet normal 0.243494 0.969902 -0
    outer loop
      vertex 111.603 118.269 0
      vertex 110.651 118.508 2
      vertex 111.603 118.269 2
    endloop
  endfacet
  facet normal 0.243494 0.969902 0
    outer loop
      vertex 110.651 118.508 2
      vertex 111.603 118.269 0
      vertex 110.651 118.508 0
    endloop
  endfacet
  facet normal 0.998803 -0.048912 0
    outer loop
      vertex 118.652 9.01982 2
      vertex 118.7 10 0
      vertex 118.7 10 2
    endloop
  endfacet
  facet normal 0.998803 -0.048912 0
    outer loop
      vertex 118.7 10 0
      vertex 118.652 9.01982 2
      vertex 118.652 9.01982 0
    endloop
  endfacet
  facet normal -0 0 -1
    outer loop
      vertex 12 14.7711 0
      vertex 11.839 14.7135 0
      vertex 12 105.7 0
    endloop
  endfacet
  facet normal 0 0 -1
    outer loop
      vertex 106.624 12.6173 0
      vertex 118.7 10 0
      vertex 118.652 9.01982 0
    endloop
  endfacet
  facet normal 0 0 -1
    outer loop
      vertex 118.7 10 0
      vertex 107.056 104.079 0
      vertex 118.7 108.7 0
    endloop
  endfacet
  facet normal 0 0 -1
    outer loop
      vertex 106.582 12.5286 0
      vertex 118.652 9.01982 0
      vertex 118.508 8.04911 0
    endloop
  endfacet
  facet normal 0 -0 -1
    outer loop
      vertex 107.415 104.318 0
      vertex 118.7 108.7 0
      vertex 107.241 104.19 0
    endloop
  endfacet
  facet normal 0 0 -1
    outer loop
      vertex 106.582 12.5286 0
      vertex 118.508 8.04911 0
      vertex 118.269 7.09716 0
    endloop
  endfacet
  facet normal 0 -0 -1
    outer loop
      vertex 107.72 104.623 0
      vertex 118.7 108.7 0
      vertex 107.575 104.463 0
    endloop
  endfacet
  facet normal 0 0 -1
    outer loop
      vertex 106.531 12.4444 0
      vertex 118.269 7.09716 0
      vertex 117.939 6.17317 0
    endloop
  endfacet
  facet normal 0 -0 -1
    outer loop
      vertex 107.848 104.797 0
      vertex 118.7 108.7 0
      vertex 107.72 104.623 0
    endloop
  endfacet
  facet normal 0 0 -1
    outer loop
      vertex 106.531 12.4444 0
      vertex 117.939 6.17317 0
      vertex 117.519 5.28603 0
    endloop
  endfacet
  facet normal 0 -0 -1
    outer loop
      vertex 108.052 105.177 0
      vertex 118.7 108.7 0
      vertex 107.959 104.982 0
    endloop
  endfacet
  facet normal 0 0 -1
    outer loop
      vertex 106.473 12.3656 0
      vertex 117.519 5.28603 0
      vertex 117.015 4.44429 0
    endloop
  endfacet
  facet normal 0 -0 -1
    outer loop
      vertex 108.177 105.59 0
      vertex 118.7 108.7 0
      vertex 108.124 105.38 0
    endloop
  endfacet
  facet normal 0 0 -1
    outer loop
      vertex 106.473 12.3656 0
      vertex 117.015 4.44429 0
      vertex 116.43 3.65607 0
    endloop
  endfacet
  facet normal 0 -0 -1
    outer loop
      vertex 108.208 105.803 0
      vertex 118.7 108.7 0
      vertex 108.177 105.59 0
    endloop
  endfacet
  facet normal 0 0 -1
    outer loop
      vertex 106.407 12.2929 0
      vertex 116.43 3.65607 0
      vertex 115.771 2.92893 0
    endloop
  endfacet
  facet normal 0 0 -1
    outer loop
      vertex 108.208 106.235 0
      vertex 118.7 108.7 0
      vertex 108.219 106.019 0
    endloop
  endfacet
  facet normal 0 0 -1
    outer loop
      vertex 106.407 12.2929 0
      vertex 115.771 2.92893 0
      vertex 115.044 2.2699 0
    endloop
  endfacet
  facet normal 0 0 -1
    outer loop
      vertex 108.177 106.448 0
      vertex 118.7 108.7 0
      vertex 108.208 106.235 0
    endloop
  endfacet
  facet normal 0 0 -1
    outer loop
      vertex 106.334 12.227 0
      vertex 115.044 2.2699 0
      vertex 114.256 1.68531 0
    endloop
  endfacet
  facet normal 0 0 -1
    outer loop
      vertex 108.052 106.861 0
      vertex 118.7 108.7 0
      vertex 108.124 106.658 0
    endloop
  endfacet
  facet normal 0 0 -1
    outer loop
      vertex 106.334 12.227 0
      vertex 114.256 1.68531 0
      vertex 113.414 1.18079 0
    endloop
  endfacet
  facet normal -0 0 -1
    outer loop
      vertex 118.652 109.68 0
      vertex 108.052 106.861 0
      vertex 118.508 110.651 0
    endloop
  endfacet
  facet normal 0 0 -1
    outer loop
      vertex 106.334 12.227 0
      vertex 113.414 1.18079 0
      vertex 112.527 0.761203 0
    endloop
  endfacet
  facet normal 0 0 -1
    outer loop
      vertex 107.959 107.056 0
      vertex 118.508 110.651 0
      vertex 108.052 106.861 0
    endloop
  endfacet
  facet normal 0 0 -1
    outer loop
      vertex 106.256 12.1685 0
      vertex 112.527 0.761203 0
      vertex 111.603 0.430606 0
    endloop
  endfacet
  facet normal 0 0 -1
    outer loop
      vertex 107.848 107.241 0
      vertex 118.269 111.603 0
      vertex 107.959 107.056 0
    endloop
  endfacet
  facet normal 0 0 -1
    outer loop
      vertex 106.256 12.1685 0
      vertex 111.603 0.430606 0
      vertex 110.651 0.192157 0
    endloop
  endfacet
  facet normal -0 0 -1
    outer loop
      vertex 117.939 112.527 0
      vertex 107.848 107.241 0
      vertex 117.519 113.414 0
    endloop
  endfacet
  facet normal 0 0 -1
    outer loop
      vertex 106.171 12.1181 0
      vertex 110.651 0.192157 0
      vertex 109.68 0.0481598 0
    endloop
  endfacet
  facet normal 0 0 -1
    outer loop
      vertex 107.72 107.415 0
      vertex 117.519 113.414 0
      vertex 107.848 107.241 0
    endloop
  endfacet
  facet normal 0 0 -1
    outer loop
      vertex 106.171 12.1181 0
      vertex 109.68 0.0481598 0
      vertex 108.7 3.05176e-06 0
    endloop
  endfacet
  facet normal -0 0 -1
    outer loop
      vertex 117.015 114.256 0
      vertex 107.72 107.415 0
      vertex 116.43 115.044 0
    endloop
  endfacet
  facet normal -0 0 -1
    outer loop
      vertex 116.43 115.044 0
      vertex 107.575 107.575 0
      vertex 115.771 115.771 0
    endloop
  endfacet
  facet normal 0 0 -1
    outer loop
      vertex 107.575 107.575 0
      vertex 116.43 115.044 0
      vertex 107.72 107.415 0
    endloop
  endfacet
  facet normal -0 0 -1
    outer loop
      vertex 117.519 113.414 0
      vertex 107.72 107.415 0
      vertex 117.015 114.256 0
    endloop
  endfacet
  facet normal 0 -0 -1
    outer loop
      vertex 106.861 103.987 0
      vertex 118.7 10 0
      vertex 106.7 13 0
    endloop
  endfacet
  facet normal -0 0 -1
    outer loop
      vertex 118.269 111.603 0
      vertex 107.848 107.241 0
      vertex 117.939 112.527 0
    endloop
  endfacet
  facet normal -0 0 -1
    outer loop
      vertex 118.508 110.651 0
      vertex 107.959 107.056 0
      vertex 118.269 111.603 0
    endloop
  endfacet
  facet normal -0 0 -1
    outer loop
      vertex 118.7 108.7 0
      vertex 108.052 106.861 0
      vertex 118.652 109.68 0
    endloop
  endfacet
  facet normal 0 0 -1
    outer loop
      vertex 108.124 106.658 0
      vertex 118.7 108.7 0
      vertex 108.177 106.448 0
    endloop
  endfacet
  facet normal 0 -0 -1
    outer loop
      vertex 108.219 106.019 0
      vertex 118.7 108.7 0
      vertex 108.208 105.803 0
    endloop
  endfacet
  facet normal 0 -0 -1
    outer loop
      vertex 108.124 105.38 0
      vertex 118.7 108.7 0
      vertex 108.052 105.177 0
    endloop
  endfacet
  facet normal 0 -0 -1
    outer loop
      vertex 107.959 104.982 0
      vertex 118.7 108.7 0
      vertex 107.848 104.797 0
    endloop
  endfacet
  facet normal 0 -0 -1
    outer loop
      vertex 107.575 104.463 0
      vertex 118.7 108.7 0
      vertex 107.415 104.318 0
    endloop
  endfacet
  facet normal 0 0 -1
    outer loop
      vertex 118.7 108.7 0
      vertex 107.056 104.079 0
      vertex 107.241 104.19 0
    endloop
  endfacet
  facet normal 0 0 -1
    outer loop
      vertex 118.7 10 0
      vertex 106.861 103.987 0
      vertex 107.056 104.079 0
    endloop
  endfacet
  facet normal 0 0 -1
    outer loop
      vertex 118.7 10 0
      vertex 106.695 12.902 0
      vertex 106.7 13 0
    endloop
  endfacet
  facet normal 0 0 -1
    outer loop
      vertex 118.7 10 0
      vertex 106.681 12.8049 0
      vertex 106.695 12.902 0
    endloop
  endfacet
  facet normal 0 0 -1
    outer loop
      vertex 118.7 10 0
      vertex 106.657 12.7097 0
      vertex 106.681 12.8049 0
    endloop
  endfacet
  facet normal 0 0 -1
    outer loop
      vertex 118.7 10 0
      vertex 106.624 12.6173 0
      vertex 106.657 12.7097 0
    endloop
  endfacet
  facet normal 0 0 -1
    outer loop
      vertex 118.652 9.01982 0
      vertex 106.582 12.5286 0
      vertex 106.624 12.6173 0
    endloop
  endfacet
  facet normal 0 0 -1
    outer loop
      vertex 118.269 7.09716 0
      vertex 106.531 12.4444 0
      vertex 106.582 12.5286 0
    endloop
  endfacet
  facet normal 0 0 -1
    outer loop
      vertex 117.519 5.28603 0
      vertex 106.473 12.3656 0
      vertex 106.531 12.4444 0
    endloop
  endfacet
  facet normal 0 0 -1
    outer loop
      vertex 116.43 3.65607 0
      vertex 106.407 12.2929 0
      vertex 106.473 12.3656 0
    endloop
  endfacet
  facet normal 0 0 -1
    outer loop
      vertex 115.044 2.2699 0
      vertex 106.334 12.227 0
      vertex 106.407 12.2929 0
    endloop
  endfacet
  facet normal 0 0 -1
    outer loop
      vertex 112.527 0.761203 0
      vertex 106.256 12.1685 0
      vertex 106.334 12.227 0
    endloop
  endfacet
  facet normal 0 0 -1
    outer loop
      vertex 110.651 0.192157 0
      vertex 106.171 12.1181 0
      vertex 106.256 12.1685 0
    endloop
  endfacet
  facet normal 0 0 -1
    outer loop
      vertex 108.7 3.05176e-06 0
      vertex 106.083 12.0761 0
      vertex 106.171 12.1181 0
    endloop
  endfacet
  facet normal 0 0 -1
    outer loop
      vertex 108.7 3.05176e-06 0
      vertex 105.99 12.0431 0
      vertex 106.083 12.0761 0
    endloop
  endfacet
  facet normal 0 0 -1
    outer loop
      vertex 108.7 3.05176e-06 0
      vertex 105.895 12.0192 0
      vertex 105.99 12.0431 0
    endloop
  endfacet
  facet normal 0 0 -1
    outer loop
      vertex 108.7 3.05176e-06 0
      vertex 105.798 12.0048 0
      vertex 105.895 12.0192 0
    endloop
  endfacet
  facet normal 0 0 -1
    outer loop
      vertex 108.7 3.05176e-06 0
      vertex 105.7 12 0
      vertex 105.798 12.0048 0
    endloop
  endfacet
  facet normal 0 0 -1
    outer loop
      vertex 14.7135 11.839 0
      vertex 105.7 12 0
      vertex 108.7 3.05176e-06 0
    endloop
  endfacet
  facet normal -0 0 -1
    outer loop
      vertex 105.7 12 0
      vertex 14.7135 11.839 0
      vertex 14.7711 12 0
    endloop
  endfacet
  facet normal 0 0 -1
    outer loop
      vertex 108.7 3.05176e-06 0
      vertex 14.6212 11.6439 0
      vertex 14.7135 11.839 0
    endloop
  endfacet
  facet normal 0 0 -1
    outer loop
      vertex 10 3.05176e-06 0
      vertex 14.6212 11.6439 0
      vertex 108.7 3.05176e-06 0
    endloop
  endfacet
  facet normal 0 0 -1
    outer loop
      vertex 14.6212 11.6439 0
      vertex 10 3.05176e-06 0
      vertex 14.5102 11.4587 0
    endloop
  endfacet
  facet normal 0 0 -1
    outer loop
      vertex 14.5102 11.4587 0
      vertex 10 3.05176e-06 0
      vertex 14.3816 11.2853 0
    endloop
  endfacet
  facet normal 0 0 -1
    outer loop
      vertex 14.3816 11.2853 0
      vertex 10 3.05176e-06 0
      vertex 14.2366 11.1253 0
    endloop
  endfacet
  facet normal 0 0 -1
    outer loop
      vertex 14.2366 11.1253 0
      vertex 10 3.05176e-06 0
      vertex 14.0766 10.9803 0
    endloop
  endfacet
  facet normal 0 0 -1
    outer loop
      vertex 14.0766 10.9803 0
      vertex 10 3.05176e-06 0
      vertex 13.9032 10.8517 0
    endloop
  endfacet
  facet normal 0 0 -1
    outer loop
      vertex 13.9032 10.8517 0
      vertex 10 3.05176e-06 0
      vertex 13.718 10.7407 0
    endloop
  endfacet
  facet normal 0 0 -1
    outer loop
      vertex 13.718 10.7407 0
      vertex 10 3.05176e-06 0
      vertex 13.5229 10.6484 0
    endloop
  endfacet
  facet normal 0 0 -1
    outer loop
      vertex 13.5229 10.6484 0
      vertex 10 3.05176e-06 0
      vertex 13.3196 10.5757 0
    endloop
  endfacet
  facet normal 0 0 -1
    outer loop
      vertex 13.3196 10.5757 0
      vertex 10 3.05176e-06 0
      vertex 13.1102 10.5232 0
    endloop
  endfacet
  facet normal 0 0 -1
    outer loop
      vertex 13.1102 10.5232 0
      vertex 10 3.05176e-06 0
      vertex 12.8966 10.4915 0
    endloop
  endfacet
  facet normal 0 0 -1
    outer loop
      vertex 12.8966 10.4915 0
      vertex 10 3.05176e-06 0
      vertex 12.681 10.481 0
    endloop
  endfacet
  facet normal 0 0 -1
    outer loop
      vertex 2.92892 2.92893 0
      vertex 11.1253 11.1253 0
      vertex 3.65607 2.2699 0
    endloop
  endfacet
  facet normal -0 0 -1
    outer loop
      vertex 11.2853 10.9803 0
      vertex 3.65607 2.2699 0
      vertex 11.1253 11.1253 0
    endloop
  endfacet
  facet normal 0 0 -1
    outer loop
      vertex 3.65607 2.2699 0
      vertex 11.2853 10.9803 0
      vertex 4.44429 1.68531 0
    endloop
  endfacet
  facet normal 0 0 -1
    outer loop
      vertex 4.44429 1.68531 0
      vertex 11.2853 10.9803 0
      vertex 5.28603 1.18079 0
    endloop
  endfacet
  facet normal -0 0 -1
    outer loop
      vertex 11.4587 10.8517 0
      vertex 5.28603 1.18079 0
      vertex 11.2853 10.9803 0
    endloop
  endfacet
  facet normal 0 0 -1
    outer loop
      vertex 5.28603 1.18079 0
      vertex 11.4587 10.8517 0
      vertex 6.17317 0.761203 0
    endloop
  endfacet
  facet normal 0 0 -1
    outer loop
      vertex 6.17317 0.761203 0
      vertex 11.4587 10.8517 0
      vertex 7.09715 0.430606 0
    endloop
  endfacet
  facet normal -0 0 -1
    outer loop
      vertex 11.6439 10.7407 0
      vertex 7.09715 0.430606 0
      vertex 11.4587 10.8517 0
    endloop
  endfacet
  facet normal 0 0 -1
    outer loop
      vertex 7.09715 0.430606 0
      vertex 11.6439 10.7407 0
      vertex 8.0491 0.192157 0
    endloop
  endfacet
  facet normal 0 0 -1
    outer loop
      vertex 8.0491 0.192157 0
      vertex 11.6439 10.7407 0
      vertex 9.01982 0.0481598 0
    endloop
  endfacet
  facet normal -0 0 -1
    outer loop
      vertex 11.839 10.6484 0
      vertex 9.01982 0.0481598 0
      vertex 11.6439 10.7407 0
    endloop
  endfacet
  facet normal 0 0 -1
    outer loop
      vertex 9.01982 0.0481598 0
      vertex 11.839 10.6484 0
      vertex 10 3.05176e-06 0
    endloop
  endfacet
  facet normal -0 0 -1
    outer loop
      vertex 12.0423 10.5757 0
      vertex 10 3.05176e-06 0
      vertex 11.839 10.6484 0
    endloop
  endfacet
  facet normal -0 0 -1
    outer loop
      vertex 12.2518 10.5232 0
      vertex 10 3.05176e-06 0
      vertex 12.0423 10.5757 0
    endloop
  endfacet
  facet normal -0 0 -1
    outer loop
      vertex 12.4653 10.4915 0
      vertex 10 3.05176e-06 0
      vertex 12.2518 10.5232 0
    endloop
  endfacet
  facet normal -0 0 -1
    outer loop
      vertex 12.681 10.481 0
      vertex 10 3.05176e-06 0
      vertex 12.4653 10.4915 0
    endloop
  endfacet
  facet normal -0 0 -1
    outer loop
      vertex 115.771 115.771 0
      vertex 107.575 107.575 0
      vertex 115.044 116.43 0
    endloop
  endfacet
  facet normal 0 0 -1
    outer loop
      vertex 107.415 107.72 0
      vertex 115.044 116.43 0
      vertex 107.575 107.575 0
    endloop
  endfacet
  facet normal -0 0 -1
    outer loop
      vertex 115.044 116.43 0
      vertex 107.415 107.72 0
      vertex 114.256 117.015 0
    endloop
  endfacet
  facet normal -0 0 -1
    outer loop
      vertex 114.256 117.015 0
      vertex 107.415 107.72 0
      vertex 113.414 117.519 0
    endloop
  endfacet
  facet normal 0 0 -1
    outer loop
      vertex 107.241 107.848 0
      vertex 113.414 117.519 0
      vertex 107.415 107.72 0
    endloop
  endfacet
  facet normal -0 0 -1
    outer loop
      vertex 113.414 117.519 0
      vertex 107.241 107.848 0
      vertex 112.527 117.939 0
    endloop
  endfacet
  facet normal -0 0 -1
    outer loop
      vertex 112.527 117.939 0
      vertex 107.241 107.848 0
      vertex 111.603 118.269 0
    endloop
  endfacet
  facet normal 0 0 -1
    outer loop
      vertex 107.056 107.959 0
      vertex 111.603 118.269 0
      vertex 107.241 107.848 0
    endloop
  endfacet
  facet normal -0 0 -1
    outer loop
      vertex 111.603 118.269 0
      vertex 107.056 107.959 0
      vertex 110.651 118.508 0
    endloop
  endfacet
  facet normal -0 0 -1
    outer loop
      vertex 110.651 118.508 0
      vertex 107.056 107.959 0
      vertex 109.68 118.652 0
    endloop
  endfacet
  facet normal 0 0 -1
    outer loop
      vertex 106.861 108.052 0
      vertex 109.68 118.652 0
      vertex 107.056 107.959 0
    endloop
  endfacet
  facet normal -0 0 -1
    outer loop
      vertex 109.68 118.652 0
      vertex 106.861 108.052 0
      vertex 108.7 118.7 0
    endloop
  endfacet
  facet normal 0 0 -1
    outer loop
      vertex 106.658 108.124 0
      vertex 108.7 118.7 0
      vertex 106.861 108.052 0
    endloop
  endfacet
  facet normal 0 0 -1
    outer loop
      vertex 106.448 108.177 0
      vertex 108.7 118.7 0
      vertex 106.658 108.124 0
    endloop
  endfacet
  facet normal 0 0 -1
    outer loop
      vertex 106.235 108.208 0
      vertex 108.7 118.7 0
      vertex 106.448 108.177 0
    endloop
  endfacet
  facet normal 0 0 -1
    outer loop
      vertex 106.019 108.219 0
      vertex 108.7 118.7 0
      vertex 106.235 108.208 0
    endloop
  endfacet
  facet normal 0 0 -1
    outer loop
      vertex 105.803 108.208 0
      vertex 108.7 118.7 0
      vertex 106.019 108.219 0
    endloop
  endfacet
  facet normal 0 0 -1
    outer loop
      vertex 105.59 108.177 0
      vertex 108.7 118.7 0
      vertex 105.803 108.208 0
    endloop
  endfacet
  facet normal 0 0 -1
    outer loop
      vertex 105.38 108.124 0
      vertex 108.7 118.7 0
      vertex 105.59 108.177 0
    endloop
  endfacet
  facet normal 0 0 -1
    outer loop
      vertex 105.177 108.052 0
      vertex 108.7 118.7 0
      vertex 105.38 108.124 0
    endloop
  endfacet
  facet normal 0 0 -1
    outer loop
      vertex 104.982 107.959 0
      vertex 108.7 118.7 0
      vertex 105.177 108.052 0
    endloop
  endfacet
  facet normal 0 0 -1
    outer loop
      vertex 104.797 107.848 0
      vertex 108.7 118.7 0
      vertex 104.982 107.959 0
    endloop
  endfacet
  facet normal 0 0 -1
    outer loop
      vertex 104.623 107.72 0
      vertex 108.7 118.7 0
      vertex 104.797 107.848 0
    endloop
  endfacet
  facet normal 0 0 -1
    outer loop
      vertex 104.463 107.575 0
      vertex 108.7 118.7 0
      vertex 104.623 107.72 0
    endloop
  endfacet
  facet normal 0 0 -1
    outer loop
      vertex 104.318 107.415 0
      vertex 108.7 118.7 0
      vertex 104.463 107.575 0
    endloop
  endfacet
  facet normal 0 0 -1
    outer loop
      vertex 104.19 107.241 0
      vertex 108.7 118.7 0
      vertex 104.318 107.415 0
    endloop
  endfacet
  facet normal 0 0 -1
    outer loop
      vertex 104.079 107.056 0
      vertex 108.7 118.7 0
      vertex 104.19 107.241 0
    endloop
  endfacet
  facet normal 0 0 -1
    outer loop
      vertex 10 118.7 0
      vertex 104.079 107.056 0
      vertex 103.987 106.861 0
    endloop
  endfacet
  facet normal 0 0 -1
    outer loop
      vertex 13 106.7 0
      vertex 103.987 106.861 0
      vertex 103.929 106.7 0
    endloop
  endfacet
  facet normal 0 0 -1
    outer loop
      vertex 10 118.7 0
      vertex 103.987 106.861 0
      vertex 13 106.7 0
    endloop
  endfacet
  facet normal 0 0 -1
    outer loop
      vertex 10 118.7 0
      vertex 13 106.7 0
      vertex 12.902 106.695 0
    endloop
  endfacet
  facet normal 0 0 -1
    outer loop
      vertex 0 108.7 0
      vertex 11.839 14.7135 0
      vertex 11.6439 14.6212 0
    endloop
  endfacet
  facet normal 0 0 -1
    outer loop
      vertex 0 10 0
      vertex 11.6439 14.6212 0
      vertex 11.4587 14.5102 0
    endloop
  endfacet
  facet normal 0 0 -1
    outer loop
      vertex 0 10 0
      vertex 11.4587 14.5102 0
      vertex 11.2853 14.3816 0
    endloop
  endfacet
  facet normal 0 0 -1
    outer loop
      vertex 0 10 0
      vertex 11.2853 14.3816 0
      vertex 11.1253 14.2366 0
    endloop
  endfacet
  facet normal 0 0 -1
    outer loop
      vertex 0 10 0
      vertex 11.1253 14.2366 0
      vertex 10.9803 14.0766 0
    endloop
  endfacet
  facet normal 0 0 -1
    outer loop
      vertex 0 10 0
      vertex 10.9803 14.0766 0
      vertex 10.8517 13.9032 0
    endloop
  endfacet
  facet normal 0 0 -1
    outer loop
      vertex 0 10 0
      vertex 10.8517 13.9032 0
      vertex 10.7407 13.718 0
    endloop
  endfacet
  facet normal 0 0 -1
    outer loop
      vertex 0 10 0
      vertex 10.7407 13.718 0
      vertex 10.6484 13.5229 0
    endloop
  endfacet
  facet normal 0 0 -1
    outer loop
      vertex 0 10 0
      vertex 10.6484 13.5229 0
      vertex 10.5757 13.3196 0
    endloop
  endfacet
  facet normal 0 0 -1
    outer loop
      vertex 0 10 0
      vertex 10.5757 13.3196 0
      vertex 10.5232 13.1102 0
    endloop
  endfacet
  facet normal 0 0 -1
    outer loop
      vertex 0 10 0
      vertex 10.5232 13.1102 0
      vertex 10.4915 12.8966 0
    endloop
  endfacet
  facet normal 0 0 -1
    outer loop
      vertex 0 10 0
      vertex 10.4915 12.8966 0
      vertex 10.481 12.681 0
    endloop
  endfacet
  facet normal 0 0 -1
    outer loop
      vertex 2.2699 3.65607 0
      vertex 11.1253 11.1253 0
      vertex 2.92892 2.92893 0
    endloop
  endfacet
  facet normal 0 0 -1
    outer loop
      vertex 104.079 107.056 0
      vertex 10 118.7 0
      vertex 108.7 118.7 0
    endloop
  endfacet
  facet normal 0 0 -1
    outer loop
      vertex 12.8049 106.681 0
      vertex 10 118.7 0
      vertex 12.902 106.695 0
    endloop
  endfacet
  facet normal 0 0 -1
    outer loop
      vertex 12.7097 106.657 0
      vertex 10 118.7 0
      vertex 12.8049 106.681 0
    endloop
  endfacet
  facet normal 0 0 -1
    outer loop
      vertex 12.6173 106.624 0
      vertex 10 118.7 0
      vertex 12.7097 106.657 0
    endloop
  endfacet
  facet normal 0 0 -1
    outer loop
      vertex 12.5286 106.582 0
      vertex 10 118.7 0
      vertex 12.6173 106.624 0
    endloop
  endfacet
  facet normal 0 0 -1
    outer loop
      vertex 8.0491 118.508 0
      vertex 12.5286 106.582 0
      vertex 12.4444 106.531 0
    endloop
  endfacet
  facet normal 0 0 -1
    outer loop
      vertex 6.17317 117.939 0
      vertex 12.4444 106.531 0
      vertex 12.3656 106.473 0
    endloop
  endfacet
  facet normal 0 0 -1
    outer loop
      vertex 3.65607 116.43 0
      vertex 12.3656 106.473 0
      vertex 12.2929 106.407 0
    endloop
  endfacet
  facet normal 0 0 -1
    outer loop
      vertex 2.2699 115.044 0
      vertex 12.2929 106.407 0
      vertex 12.227 106.334 0
    endloop
  endfacet
  facet normal 0 0 -1
    outer loop
      vertex 1.18079 113.414 0
      vertex 12.227 106.334 0
      vertex 12.1685 106.256 0
    endloop
  endfacet
  facet normal 0 0 -1
    outer loop
      vertex 0.430603 111.603 0
      vertex 12.1685 106.256 0
      vertex 12.1181 106.171 0
    endloop
  endfacet
  facet normal 0 0 -1
    outer loop
      vertex 0.0481567 109.68 0
      vertex 12.1181 106.171 0
      vertex 12.0761 106.083 0
    endloop
  endfacet
  facet normal 0 0 -1
    outer loop
      vertex 0 108.7 0
      vertex 12.0761 106.083 0
      vertex 12.0431 105.99 0
    endloop
  endfacet
  facet normal 0 0 -1
    outer loop
      vertex 0 108.7 0
      vertex 12.0431 105.99 0
      vertex 12.0192 105.895 0
    endloop
  endfacet
  facet normal 0 0 -1
    outer loop
      vertex 0 108.7 0
      vertex 12.0192 105.895 0
      vertex 12.0048 105.798 0
    endloop
  endfacet
  facet normal 0 0 -1
    outer loop
      vertex 0 108.7 0
      vertex 12.0048 105.798 0
      vertex 12 105.7 0
    endloop
  endfacet
  facet normal -0 0 -1
    outer loop
      vertex 11.6439 14.6212 0
      vertex 0 10 0
      vertex 0 108.7 0
    endloop
  endfacet
  facet normal -0 0 -1
    outer loop
      vertex 11.1253 11.1253 0
      vertex 2.2699 3.65607 0
      vertex 10.9803 11.2853 0
    endloop
  endfacet
  facet normal 0 0 -1
    outer loop
      vertex 11.839 14.7135 0
      vertex 0 108.7 0
      vertex 12 105.7 0
    endloop
  endfacet
  facet normal 0 0 -1
    outer loop
      vertex 1.6853 4.44429 0
      vertex 10.9803 11.2853 0
      vertex 2.2699 3.65607 0
    endloop
  endfacet
  facet normal 0 0 -1
    outer loop
      vertex 12.0761 106.083 0
      vertex 0 108.7 0
      vertex 0.0481567 109.68 0
    endloop
  endfacet
  facet normal 0 0 -1
    outer loop
      vertex 1.18079 5.28603 0
      vertex 10.9803 11.2853 0
      vertex 1.6853 4.44429 0
    endloop
  endfacet
  facet normal 0 0 -1
    outer loop
      vertex 12.5286 106.582 0
      vertex 9.01982 118.652 0
      vertex 10 118.7 0
    endloop
  endfacet
  facet normal -0 0 -1
    outer loop
      vertex 10.9803 11.2853 0
      vertex 1.18079 5.28603 0
      vertex 10.8517 11.4587 0
    endloop
  endfacet
  facet normal 0 0 -1
    outer loop
      vertex 12.5286 106.582 0
      vertex 8.0491 118.508 0
      vertex 9.01982 118.652 0
    endloop
  endfacet
  facet normal 0 0 -1
    outer loop
      vertex 0.7612 6.17317 0
      vertex 10.8517 11.4587 0
      vertex 1.18079 5.28603 0
    endloop
  endfacet
  facet normal 0 0 -1
    outer loop
      vertex 12.4444 106.531 0
      vertex 7.09715 118.269 0
      vertex 8.0491 118.508 0
    endloop
  endfacet
  facet normal 0 0 -1
    outer loop
      vertex 0.430603 7.09716 0
      vertex 10.8517 11.4587 0
      vertex 0.7612 6.17317 0
    endloop
  endfacet
  facet normal 0 0 -1
    outer loop
      vertex 12.4444 106.531 0
      vertex 6.17317 117.939 0
      vertex 7.09715 118.269 0
    endloop
  endfacet
  facet normal -0 0 -1
    outer loop
      vertex 10.8517 11.4587 0
      vertex 0.430603 7.09716 0
      vertex 10.7407 11.6439 0
    endloop
  endfacet
  facet normal 0 0 -1
    outer loop
      vertex 12.3656 106.473 0
      vertex 5.28603 117.519 0
      vertex 6.17317 117.939 0
    endloop
  endfacet
  facet normal 0 0 -1
    outer loop
      vertex 0.192154 8.04911 0
      vertex 10.7407 11.6439 0
      vertex 0.430603 7.09716 0
    endloop
  endfacet
  facet normal 0 0 -1
    outer loop
      vertex 12.3656 106.473 0
      vertex 4.44429 117.015 0
      vertex 5.28603 117.519 0
    endloop
  endfacet
  facet normal -0 0 -1
    outer loop
      vertex 10.7407 11.6439 0
      vertex 0.192154 8.04911 0
      vertex 10.6484 11.839 0
    endloop
  endfacet
  facet normal 0 0 -1
    outer loop
      vertex 12.3656 106.473 0
      vertex 3.65607 116.43 0
      vertex 4.44429 117.015 0
    endloop
  endfacet
  facet normal 0 0 -1
    outer loop
      vertex 0.0481567 9.01982 0
      vertex 10.6484 11.839 0
      vertex 0.192154 8.04911 0
    endloop
  endfacet
  facet normal 0 0 -1
    outer loop
      vertex 12.2929 106.407 0
      vertex 2.92892 115.771 0
      vertex 3.65607 116.43 0
    endloop
  endfacet
  facet normal 0 0 -1
    outer loop
      vertex 0 10 0
      vertex 10.6484 11.839 0
      vertex 0.0481567 9.01982 0
    endloop
  endfacet
  facet normal 0 0 -1
    outer loop
      vertex 12.2929 106.407 0
      vertex 2.2699 115.044 0
      vertex 2.92892 115.771 0
    endloop
  endfacet
  facet normal -0 0 -1
    outer loop
      vertex 10.6484 11.839 0
      vertex 0 10 0
      vertex 10.5757 12.0423 0
    endloop
  endfacet
  facet normal 0 0 -1
    outer loop
      vertex 12.227 106.334 0
      vertex 1.6853 114.256 0
      vertex 2.2699 115.044 0
    endloop
  endfacet
  facet normal -0 0 -1
    outer loop
      vertex 10.5757 12.0423 0
      vertex 0 10 0
      vertex 10.5232 12.2518 0
    endloop
  endfacet
  facet normal 0 0 -1
    outer loop
      vertex 12.227 106.334 0
      vertex 1.18079 113.414 0
      vertex 1.6853 114.256 0
    endloop
  endfacet
  facet normal -0 0 -1
    outer loop
      vertex 10.5232 12.2518 0
      vertex 0 10 0
      vertex 10.4915 12.4653 0
    endloop
  endfacet
  facet normal 0 0 -1
    outer loop
      vertex 12.1685 106.256 0
      vertex 0.7612 112.527 0
      vertex 1.18079 113.414 0
    endloop
  endfacet
  facet normal -0 0 -1
    outer loop
      vertex 10.4915 12.4653 0
      vertex 0 10 0
      vertex 10.481 12.681 0
    endloop
  endfacet
  facet normal 0 0 -1
    outer loop
      vertex 12.1685 106.256 0
      vertex 0.430603 111.603 0
      vertex 0.7612 112.527 0
    endloop
  endfacet
  facet normal 0 0 -1
    outer loop
      vertex 12.1181 106.171 0
      vertex 0.192154 110.651 0
      vertex 0.430603 111.603 0
    endloop
  endfacet
  facet normal 0 0 -1
    outer loop
      vertex 12.1181 106.171 0
      vertex 0.0481567 109.68 0
      vertex 0.192154 110.651 0
    endloop
  endfacet
  facet normal 0 0 -1
    outer loop
      vertex 106.861 103.987 0
      vertex 106.7 13 0
      vertex 106.7 103.929 0
    endloop
  endfacet
  facet normal 0.802925 0.59608 0
    outer loop
      vertex 117.015 114.256 2
      vertex 116.43 115.044 0
      vertex 116.43 115.044 2
    endloop
  endfacet
  facet normal 0.802925 0.59608 0
    outer loop
      vertex 116.43 115.044 0
      vertex 117.015 114.256 2
      vertex 117.015 114.256 0
    endloop
  endfacet
  facet normal -0.989765 0.142706 0
    outer loop
      vertex 106.681 12.8049 0
      vertex 106.695 12.902 2
      vertex 106.695 12.902 0
    endloop
  endfacet
  facet normal -0.989765 0.142706 0
    outer loop
      vertex 106.695 12.902 2
      vertex 106.681 12.8049 0
      vertex 106.681 12.8049 2
    endloop
  endfacet
  facet normal 0 -1 0
    outer loop
      vertex 13 106.7 0
      vertex 103.929 106.7 2
      vertex 13 106.7 2
    endloop
  endfacet
  facet normal 0 -1 -0
    outer loop
      vertex 103.929 106.7 2
      vertex 13 106.7 0
      vertex 103.929 106.7 0
    endloop
  endfacet
  facet normal -0.510024 0.86016 0
    outer loop
      vertex 106.256 12.1685 0
      vertex 106.171 12.1181 2
      vertex 106.256 12.1685 2
    endloop
  endfacet
  facet normal -0.510024 0.86016 0
    outer loop
      vertex 106.171 12.1181 2
      vertex 106.256 12.1685 0
      vertex 106.171 12.1181 0
    endloop
  endfacet
  facet normal 1 -0 0
    outer loop
      vertex 12 14.7711 2
      vertex 12 105.7 0
      vertex 12 105.7 2
    endloop
  endfacet
  facet normal 1 0 0
    outer loop
      vertex 12 105.7 0
      vertex 12 14.7711 2
      vertex 12 14.7711 0
    endloop
  endfacet
  facet normal -1 0 0
    outer loop
      vertex 106.7 13 0
      vertex 106.7 103.929 2
      vertex 106.7 103.929 0
    endloop
  endfacet
  facet normal -1 -0 0
    outer loop
      vertex 106.7 103.929 2
      vertex 106.7 13 0
      vertex 106.7 13 2
    endloop
  endfacet
  facet normal -0.941742 0.336336 0
    outer loop
      vertex 106.624 12.6173 0
      vertex 106.657 12.7097 2
      vertex 106.657 12.7097 0
    endloop
  endfacet
  facet normal -0.941742 0.336336 0
    outer loop
      vertex 106.657 12.7097 2
      vertex 106.624 12.6173 0
      vertex 106.624 12.6173 2
    endloop
  endfacet
  facet normal 0.998803 -0.0489209 0
    outer loop
      vertex 12 105.7 2
      vertex 12.0048 105.798 0
      vertex 12.0048 105.798 2
    endloop
  endfacet
  facet normal 0.998803 -0.0489209 0
    outer loop
      vertex 12.0048 105.798 0
      vertex 12 105.7 2
      vertex 12 105.7 0
    endloop
  endfacet
  facet normal 0.518077 -0.855334 0
    outer loop
      vertex 12.4444 106.531 0
      vertex 12.5286 106.582 2
      vertex 12.4444 106.531 2
    endloop
  endfacet
  facet normal 0.518077 -0.855334 0
    outer loop
      vertex 12.5286 106.582 2
      vertex 12.4444 106.531 0
      vertex 12.5286 106.582 0
    endloop
  endfacet
  facet normal 0 1 -0
    outer loop
      vertex 105.7 12 0
      vertex 14.7711 12 2
      vertex 105.7 12 2
    endloop
  endfacet
  facet normal 0 1 0
    outer loop
      vertex 14.7711 12 2
      vertex 105.7 12 0
      vertex 14.7711 12 0
    endloop
  endfacet
  facet normal 0.336336 -0.941742 0
    outer loop
      vertex 12.6173 106.624 0
      vertex 12.7097 106.657 2
      vertex 12.6173 106.624 2
    endloop
  endfacet
  facet normal 0.336336 -0.941742 0
    outer loop
      vertex 12.7097 106.657 2
      vertex 12.6173 106.624 0
      vertex 12.7097 106.657 0
    endloop
  endfacet
  facet normal 0.244452 -0.969661 0
    outer loop
      vertex 12.7097 106.657 0
      vertex 12.8049 106.681 2
      vertex 12.7097 106.657 2
    endloop
  endfacet
  facet normal 0.244452 -0.969661 0
    outer loop
      vertex 12.8049 106.681 2
      vertex 12.7097 106.657 0
      vertex 12.8049 106.681 0
    endloop
  endfacet
  facet normal 0.942428 -0.33441 0
    outer loop
      vertex 12.0431 105.99 2
      vertex 12.0761 106.083 0
      vertex 12.0761 106.083 2
    endloop
  endfacet
  facet normal 0.942428 -0.33441 0
    outer loop
      vertex 12.0761 106.083 0
      vertex 12.0431 105.99 2
      vertex 12.0431 105.99 0
    endloop
  endfacet
  facet normal 0.592781 -0.805364 0
    outer loop
      vertex 12.3656 106.473 0
      vertex 12.4444 106.531 2
      vertex 12.3656 106.473 2
    endloop
  endfacet
  facet normal 0.592781 -0.805364 0
    outer loop
      vertex 12.4444 106.531 2
      vertex 12.3656 106.473 0
      vertex 12.4444 106.531 0
    endloop
  endfacet
  facet normal 0.672166 -0.740401 0
    outer loop
      vertex 12.2929 106.407 0
      vertex 12.3656 106.473 2
      vertex 12.2929 106.407 2
    endloop
  endfacet
  facet normal 0.672166 -0.740401 0
    outer loop
      vertex 12.3656 106.473 2
      vertex 12.2929 106.407 0
      vertex 12.3656 106.473 0
    endloop
  endfacet
  facet normal 0.86016 -0.510024 0
    outer loop
      vertex 12.1181 106.171 2
      vertex 12.1685 106.256 0
      vertex 12.1685 106.256 2
    endloop
  endfacet
  facet normal 0.86016 -0.510024 0
    outer loop
      vertex 12.1685 106.256 0
      vertex 12.1181 106.171 2
      vertex 12.1181 106.171 0
    endloop
  endfacet
  facet normal -0.243977 0.969781 0
    outer loop
      vertex 105.99 12.0431 0
      vertex 105.895 12.0192 2
      vertex 105.99 12.0431 2
    endloop
  endfacet
  facet normal -0.243977 0.969781 0
    outer loop
      vertex 105.895 12.0192 2
      vertex 105.99 12.0431 0
      vertex 105.895 12.0192 0
    endloop
  endfacet
  facet normal 0.8 -0.6 0
    outer loop
      vertex 12.1685 106.256 2
      vertex 12.227 106.334 0
      vertex 12.227 106.334 2
    endloop
  endfacet
  facet normal 0.8 -0.6 0
    outer loop
      vertex 12.227 106.334 0
      vertex 12.1685 106.256 2
      vertex 12.1685 106.256 0
    endloop
  endfacet
  facet normal 0.0509541 -0.998701 0
    outer loop
      vertex 12.902 106.695 0
      vertex 13 106.7 2
      vertex 12.902 106.695 2
    endloop
  endfacet
  facet normal 0.0509541 -0.998701 0
    outer loop
      vertex 13 106.7 2
      vertex 12.902 106.695 0
      vertex 13 106.7 0
    endloop
  endfacet
  facet normal 0.427955 -0.9038 0
    outer loop
      vertex 12.5286 106.582 0
      vertex 12.6173 106.624 2
      vertex 12.5286 106.582 2
    endloop
  endfacet
  facet normal 0.427955 -0.9038 0
    outer loop
      vertex 12.6173 106.624 2
      vertex 12.5286 106.582 0
      vertex 12.6173 106.624 0
    endloop
  endfacet
  facet normal -0.740401 0.672166 0
    outer loop
      vertex 106.407 12.2929 0
      vertex 106.473 12.3656 2
      vertex 106.473 12.3656 0
    endloop
  endfacet
  facet normal -0.740401 0.672166 0
    outer loop
      vertex 106.473 12.3656 2
      vertex 106.407 12.2929 0
      vertex 106.407 12.2929 2
    endloop
  endfacet
  facet normal -0.146844 0.98916 0
    outer loop
      vertex 105.895 12.0192 0
      vertex 105.798 12.0048 2
      vertex 105.895 12.0192 2
    endloop
  endfacet
  facet normal -0.146844 0.98916 0
    outer loop
      vertex 105.798 12.0048 2
      vertex 105.895 12.0192 0
      vertex 105.798 12.0048 0
    endloop
  endfacet
  facet normal -0.33441 0.942428 0
    outer loop
      vertex 106.083 12.0761 0
      vertex 105.99 12.0431 2
      vertex 106.083 12.0761 2
    endloop
  endfacet
  facet normal -0.33441 0.942428 0
    outer loop
      vertex 105.99 12.0431 2
      vertex 106.083 12.0761 0
      vertex 105.99 12.0431 0
    endloop
  endfacet
  facet normal -0.6 0.8 0
    outer loop
      vertex 106.334 12.227 0
      vertex 106.256 12.1685 2
      vertex 106.334 12.227 2
    endloop
  endfacet
  facet normal -0.6 0.8 0
    outer loop
      vertex 106.256 12.1685 2
      vertex 106.334 12.227 0
      vertex 106.256 12.1685 0
    endloop
  endfacet
  facet normal -0.43073 0.902481 0
    outer loop
      vertex 106.171 12.1181 0
      vertex 106.083 12.0761 2
      vertex 106.171 12.1181 2
    endloop
  endfacet
  facet normal -0.43073 0.902481 0
    outer loop
      vertex 106.083 12.0761 2
      vertex 106.171 12.1181 0
      vertex 106.083 12.0761 0
    endloop
  endfacet
  facet normal 0.142706 -0.989765 0
    outer loop
      vertex 12.8049 106.681 0
      vertex 12.902 106.695 2
      vertex 12.8049 106.681 2
    endloop
  endfacet
  facet normal 0.142706 -0.989765 0
    outer loop
      vertex 12.902 106.695 2
      vertex 12.8049 106.681 0
      vertex 12.902 106.695 0
    endloop
  endfacet
  facet normal -0.855334 0.518077 0
    outer loop
      vertex 106.531 12.4444 0
      vertex 106.582 12.5286 2
      vertex 106.582 12.5286 0
    endloop
  endfacet
  facet normal -0.855334 0.518077 0
    outer loop
      vertex 106.582 12.5286 2
      vertex 106.531 12.4444 0
      vertex 106.531 12.4444 2
    endloop
  endfacet
  facet normal -0.9038 0.427955 0
    outer loop
      vertex 106.582 12.5286 0
      vertex 106.624 12.6173 2
      vertex 106.624 12.6173 0
    endloop
  endfacet
  facet normal -0.9038 0.427955 0
    outer loop
      vertex 106.624 12.6173 2
      vertex 106.582 12.5286 0
      vertex 106.582 12.5286 2
    endloop
  endfacet
  facet normal 0.742282 -0.670088 0
    outer loop
      vertex 12.227 106.334 2
      vertex 12.2929 106.407 0
      vertex 12.2929 106.407 2
    endloop
  endfacet
  facet normal 0.742282 -0.670088 0
    outer loop
      vertex 12.2929 106.407 0
      vertex 12.227 106.334 2
      vertex 12.227 106.334 0
    endloop
  endfacet
  facet normal 0.902481 -0.43073 0
    outer loop
      vertex 12.0761 106.083 2
      vertex 12.1181 106.171 0
      vertex 12.1181 106.171 2
    endloop
  endfacet
  facet normal 0.902481 -0.43073 0
    outer loop
      vertex 12.1181 106.171 0
      vertex 12.0761 106.083 2
      vertex 12.0761 106.083 0
    endloop
  endfacet
  facet normal -0.998701 0.0509541 0
    outer loop
      vertex 106.695 12.902 0
      vertex 106.7 13 2
      vertex 106.7 13 0
    endloop
  endfacet
  facet normal -0.998701 0.0509541 0
    outer loop
      vertex 106.7 13 2
      vertex 106.695 12.902 0
      vertex 106.695 12.902 2
    endloop
  endfacet
  facet normal 0.969781 -0.243977 0
    outer loop
      vertex 12.0192 105.895 2
      vertex 12.0431 105.99 0
      vertex 12.0431 105.99 2
    endloop
  endfacet
  facet normal 0.969781 -0.243977 0
    outer loop
      vertex 12.0431 105.99 0
      vertex 12.0192 105.895 2
      vertex 12.0192 105.895 0
    endloop
  endfacet
  facet normal -0.805364 0.592781 0
    outer loop
      vertex 106.473 12.3656 0
      vertex 106.531 12.4444 2
      vertex 106.531 12.4444 0
    endloop
  endfacet
  facet normal -0.805364 0.592781 0
    outer loop
      vertex 106.531 12.4444 2
      vertex 106.473 12.3656 0
      vertex 106.473 12.3656 2
    endloop
  endfacet
  facet normal -0.969661 0.244452 0
    outer loop
      vertex 106.657 12.7097 0
      vertex 106.681 12.8049 2
      vertex 106.681 12.8049 0
    endloop
  endfacet
  facet normal -0.969661 0.244452 0
    outer loop
      vertex 106.681 12.8049 2
      vertex 106.657 12.7097 0
      vertex 106.657 12.7097 2
    endloop
  endfacet
  facet normal -0.0489209 0.998803 0
    outer loop
      vertex 105.798 12.0048 0
      vertex 105.7 12 2
      vertex 105.798 12.0048 2
    endloop
  endfacet
  facet normal -0.0489209 0.998803 0
    outer loop
      vertex 105.7 12 2
      vertex 105.798 12.0048 0
      vertex 105.7 12 0
    endloop
  endfacet
  facet normal 0.98916 -0.146844 0
    outer loop
      vertex 12.0048 105.798 2
      vertex 12.0192 105.895 0
      vertex 12.0192 105.895 2
    endloop
  endfacet
  facet normal 0.98916 -0.146844 0
    outer loop
      vertex 12.0192 105.895 0
      vertex 12.0048 105.798 2
      vertex 12.0048 105.798 0
    endloop
  endfacet
  facet normal -0.670088 0.742282 0
    outer loop
      vertex 106.407 12.2929 0
      vertex 106.334 12.227 2
      vertex 106.407 12.2929 2
    endloop
  endfacet
  facet normal -0.670088 0.742282 0
    outer loop
      vertex 106.334 12.227 2
      vertex 106.407 12.2929 0
      vertex 106.334 12.227 0
    endloop
  endfacet
  facet normal 0.989166 -0.1468 0
    outer loop
      vertex 10.4915 12.8966 2
      vertex 10.5232 13.1102 0
      vertex 10.5232 13.1102 2
    endloop
  endfacet
  facet normal 0.989166 -0.1468 0
    outer loop
      vertex 10.5232 13.1102 0
      vertex 10.4915 12.8966 2
      vertex 10.4915 12.8966 0
    endloop
  endfacet
  facet normal -0.857738 0.514087 0
    outer loop
      vertex 14.5102 11.4587 0
      vertex 14.6212 11.6439 2
      vertex 14.6212 11.6439 0
    endloop
  endfacet
  facet normal -0.857738 0.514087 0
    outer loop
      vertex 14.6212 11.6439 2
      vertex 14.5102 11.4587 0
      vertex 14.5102 11.4587 2
    endloop
  endfacet
  facet normal 0.857738 0.514087 0
    outer loop
      vertex 10.8517 11.4587 2
      vertex 10.7407 11.6439 0
      vertex 10.7407 11.6439 2
    endloop
  endfacet
  facet normal 0.857738 0.514087 0
    outer loop
      vertex 10.7407 11.6439 0
      vertex 10.8517 11.4587 2
      vertex 10.8517 11.4587 0
    endloop
  endfacet
  facet normal 0.970006 0.24308 0
    outer loop
      vertex 10.5757 12.0423 2
      vertex 10.5232 12.2518 0
      vertex 10.5232 12.2518 2
    endloop
  endfacet
  facet normal 0.970006 0.24308 0
    outer loop
      vertex 10.5232 12.2518 0
      vertex 10.5757 12.0423 2
      vertex 10.5757 12.0423 0
    endloop
  endfacet
  facet normal -0.903945 0.427648 0
    outer loop
      vertex 14.6212 11.6439 0
      vertex 14.7135 11.839 2
      vertex 14.7135 11.839 0
    endloop
  endfacet
  facet normal -0.903945 0.427648 0
    outer loop
      vertex 14.7135 11.839 2
      vertex 14.6212 11.6439 0
      vertex 14.6212 11.6439 2
    endloop
  endfacet
  facet normal 0.803212 0.595693 0
    outer loop
      vertex 10.9803 11.2853 2
      vertex 10.8517 11.4587 0
      vertex 10.8517 11.4587 2
    endloop
  endfacet
  facet normal 0.803212 0.595693 0
    outer loop
      vertex 10.8517 11.4587 0
      vertex 10.9803 11.2853 2
      vertex 10.9803 11.2853 0
    endloop
  endfacet
  facet normal 0.146868 0.989156 -0
    outer loop
      vertex 12.4653 10.4915 0
      vertex 12.2518 10.5232 2
      vertex 12.4653 10.4915 2
    endloop
  endfacet
  facet normal 0.146868 0.989156 0
    outer loop
      vertex 12.2518 10.5232 2
      vertex 12.4653 10.4915 0
      vertex 12.2518 10.5232 0
    endloop
  endfacet
  facet normal -0.1468 0.989166 0
    outer loop
      vertex 13.1102 10.5232 0
      vertex 12.8966 10.4915 2
      vertex 13.1102 10.5232 2
    endloop
  endfacet
  facet normal -0.1468 0.989166 0
    outer loop
      vertex 12.8966 10.4915 2
      vertex 13.1102 10.5232 0
      vertex 12.8966 10.4915 0
    endloop
  endfacet
  facet normal 0.0486211 0.998817 -0
    outer loop
      vertex 12.681 10.481 0
      vertex 12.4653 10.4915 2
      vertex 12.681 10.481 2
    endloop
  endfacet
  facet normal 0.0486211 0.998817 0
    outer loop
      vertex 12.4653 10.4915 2
      vertex 12.681 10.481 0
      vertex 12.4653 10.4915 0
    endloop
  endfacet
  facet normal 0.941606 0.336718 0
    outer loop
      vertex 10.6484 11.839 2
      vertex 10.5757 12.0423 0
      vertex 10.5757 12.0423 2
    endloop
  endfacet
  facet normal 0.941606 0.336718 0
    outer loop
      vertex 10.5757 12.0423 0
      vertex 10.6484 11.839 2
      vertex 10.6484 11.839 0
    endloop
  endfacet
  facet normal 0.595693 -0.803212 0
    outer loop
      vertex 11.2853 14.3816 0
      vertex 11.4587 14.5102 2
      vertex 11.2853 14.3816 2
    endloop
  endfacet
  facet normal 0.595693 -0.803212 0
    outer loop
      vertex 11.4587 14.5102 2
      vertex 11.2853 14.3816 0
      vertex 11.4587 14.5102 0
    endloop
  endfacet
  facet normal 0.336855 -0.941557 0
    outer loop
      vertex 11.839 14.7135 0
      vertex 12 14.7711 2
      vertex 11.839 14.7135 2
    endloop
  endfacet
  facet normal 0.336855 -0.941557 0
    outer loop
      vertex 12 14.7711 2
      vertex 11.839 14.7135 0
      vertex 12 14.7711 0
    endloop
  endfacet
  facet normal 0.989156 0.146868 0
    outer loop
      vertex 10.5232 12.2518 2
      vertex 10.4915 12.4653 0
      vertex 10.4915 12.4653 2
    endloop
  endfacet
  facet normal 0.989156 0.146868 0
    outer loop
      vertex 10.4915 12.4653 0
      vertex 10.5232 12.2518 2
      vertex 10.5232 12.2518 0
    endloop
  endfacet
  facet normal -0.24319 0.969979 0
    outer loop
      vertex 13.3196 10.5757 0
      vertex 13.1102 10.5232 2
      vertex 13.3196 10.5757 2
    endloop
  endfacet
  facet normal -0.24319 0.969979 0
    outer loop
      vertex 13.1102 10.5232 2
      vertex 13.3196 10.5757 0
      vertex 13.1102 10.5232 0
    endloop
  endfacet
  facet normal 0.427648 0.903945 -0
    outer loop
      vertex 11.839 10.6484 0
      vertex 11.6439 10.7407 2
      vertex 11.839 10.6484 2
    endloop
  endfacet
  facet normal 0.427648 0.903945 0
    outer loop
      vertex 11.6439 10.7407 2
      vertex 11.839 10.6484 0
      vertex 11.6439 10.7407 0
    endloop
  endfacet
  facet normal -0.336718 0.941606 0
    outer loop
      vertex 13.5229 10.6484 0
      vertex 13.3196 10.5757 2
      vertex 13.5229 10.6484 2
    endloop
  endfacet
  facet normal -0.336718 0.941606 0
    outer loop
      vertex 13.3196 10.5757 2
      vertex 13.5229 10.6484 0
      vertex 13.3196 10.5757 0
    endloop
  endfacet
  facet normal 0.803212 -0.595693 0
    outer loop
      vertex 10.8517 13.9032 2
      vertex 10.9803 14.0766 0
      vertex 10.9803 14.0766 2
    endloop
  endfacet
  facet normal 0.803212 -0.595693 0
    outer loop
      vertex 10.9803 14.0766 0
      vertex 10.8517 13.9032 2
      vertex 10.8517 13.9032 0
    endloop
  endfacet
  facet normal -0.803212 0.595693 0
    outer loop
      vertex 14.3816 11.2853 0
      vertex 14.5102 11.4587 2
      vertex 14.5102 11.4587 0
    endloop
  endfacet
  facet normal -0.803212 0.595693 0
    outer loop
      vertex 14.5102 11.4587 2
      vertex 14.3816 11.2853 0
      vertex 14.3816 11.2853 2
    endloop
  endfacet
  facet normal -0.427648 0.903945 0
    outer loop
      vertex 13.718 10.7407 0
      vertex 13.5229 10.6484 2
      vertex 13.718 10.7407 2
    endloop
  endfacet
  facet normal -0.427648 0.903945 0
    outer loop
      vertex 13.5229 10.6484 2
      vertex 13.718 10.7407 0
      vertex 13.5229 10.6484 0
    endloop
  endfacet
  facet normal 0.595693 0.803212 -0
    outer loop
      vertex 11.4587 10.8517 0
      vertex 11.2853 10.9803 2
      vertex 11.4587 10.8517 2
    endloop
  endfacet
  facet normal 0.595693 0.803212 0
    outer loop
      vertex 11.2853 10.9803 2
      vertex 11.4587 10.8517 0
      vertex 11.2853 10.9803 0
    endloop
  endfacet
  facet normal 0.514087 -0.857738 0
    outer loop
      vertex 11.4587 14.5102 0
      vertex 11.6439 14.6212 2
      vertex 11.4587 14.5102 2
    endloop
  endfacet
  facet normal 0.514087 -0.857738 0
    outer loop
      vertex 11.6439 14.6212 2
      vertex 11.4587 14.5102 0
      vertex 11.6439 14.6212 0
    endloop
  endfacet
  facet normal 0.24308 0.970006 -0
    outer loop
      vertex 12.2518 10.5232 0
      vertex 12.0423 10.5757 2
      vertex 12.2518 10.5232 2
    endloop
  endfacet
  facet normal 0.24308 0.970006 0
    outer loop
      vertex 12.0423 10.5757 2
      vertex 12.2518 10.5232 0
      vertex 12.0423 10.5757 0
    endloop
  endfacet
  facet normal 0.427648 -0.903945 0
    outer loop
      vertex 11.6439 14.6212 0
      vertex 11.839 14.7135 2
      vertex 11.6439 14.6212 2
    endloop
  endfacet
  facet normal 0.427648 -0.903945 0
    outer loop
      vertex 11.839 14.7135 2
      vertex 11.6439 14.6212 0
      vertex 11.839 14.7135 0
    endloop
  endfacet
  facet normal 0.671519 -0.740987 0
    outer loop
      vertex 11.1253 14.2366 0
      vertex 11.2853 14.3816 2
      vertex 11.1253 14.2366 2
    endloop
  endfacet
  facet normal 0.671519 -0.740987 0
    outer loop
      vertex 11.2853 14.3816 2
      vertex 11.1253 14.2366 0
      vertex 11.2853 14.3816 0
    endloop
  endfacet
  facet normal -0.740987 0.671519 0
    outer loop
      vertex 14.2366 11.1253 0
      vertex 14.3816 11.2853 2
      vertex 14.3816 11.2853 0
    endloop
  endfacet
  facet normal -0.740987 0.671519 0
    outer loop
      vertex 14.3816 11.2853 2
      vertex 14.2366 11.1253 0
      vertex 14.2366 11.1253 2
    endloop
  endfacet
  facet normal 0.740987 -0.671519 0
    outer loop
      vertex 10.9803 14.0766 2
      vertex 11.1253 14.2366 0
      vertex 11.1253 14.2366 2
    endloop
  endfacet
  facet normal 0.740987 -0.671519 0
    outer loop
      vertex 11.1253 14.2366 0
      vertex 10.9803 14.0766 2
      vertex 10.9803 14.0766 0
    endloop
  endfacet
  facet normal 0.969979 -0.24319 0
    outer loop
      vertex 10.5232 13.1102 2
      vertex 10.5757 13.3196 0
      vertex 10.5757 13.3196 2
    endloop
  endfacet
  facet normal 0.969979 -0.24319 0
    outer loop
      vertex 10.5757 13.3196 0
      vertex 10.5232 13.1102 2
      vertex 10.5232 13.1102 0
    endloop
  endfacet
  facet normal 0.740987 0.671519 0
    outer loop
      vertex 11.1253 11.1253 2
      vertex 10.9803 11.2853 0
      vertex 10.9803 11.2853 2
    endloop
  endfacet
  facet normal 0.740987 0.671519 0
    outer loop
      vertex 10.9803 11.2853 0
      vertex 11.1253 11.1253 2
      vertex 11.1253 11.1253 0
    endloop
  endfacet
  facet normal -0.0486436 0.998816 0
    outer loop
      vertex 12.8966 10.4915 0
      vertex 12.681 10.481 2
      vertex 12.8966 10.4915 2
    endloop
  endfacet
  facet normal -0.0486436 0.998816 0
    outer loop
      vertex 12.681 10.481 2
      vertex 12.8966 10.4915 0
      vertex 12.681 10.481 0
    endloop
  endfacet
  facet normal 0.857738 -0.514087 0
    outer loop
      vertex 10.7407 13.718 2
      vertex 10.8517 13.9032 0
      vertex 10.8517 13.9032 2
    endloop
  endfacet
  facet normal 0.857738 -0.514087 0
    outer loop
      vertex 10.8517 13.9032 0
      vertex 10.7407 13.718 2
      vertex 10.7407 13.718 0
    endloop
  endfacet
  facet normal -0.941557 0.336855 0
    outer loop
      vertex 14.7135 11.839 0
      vertex 14.7711 12 2
      vertex 14.7711 12 0
    endloop
  endfacet
  facet normal -0.941557 0.336855 0
    outer loop
      vertex 14.7711 12 2
      vertex 14.7135 11.839 0
      vertex 14.7135 11.839 2
    endloop
  endfacet
  facet normal 0.336718 0.941606 -0
    outer loop
      vertex 12.0423 10.5757 0
      vertex 11.839 10.6484 2
      vertex 12.0423 10.5757 2
    endloop
  endfacet
  facet normal 0.336718 0.941606 0
    outer loop
      vertex 11.839 10.6484 2
      vertex 12.0423 10.5757 0
      vertex 11.839 10.6484 0
    endloop
  endfacet
  facet normal -0.595693 0.803212 0
    outer loop
      vertex 14.0766 10.9803 0
      vertex 13.9032 10.8517 2
      vertex 14.0766 10.9803 2
    endloop
  endfacet
  facet normal -0.595693 0.803212 0
    outer loop
      vertex 13.9032 10.8517 2
      vertex 14.0766 10.9803 0
      vertex 13.9032 10.8517 0
    endloop
  endfacet
  facet normal -0.514087 0.857738 0
    outer loop
      vertex 13.9032 10.8517 0
      vertex 13.718 10.7407 2
      vertex 13.9032 10.8517 2
    endloop
  endfacet
  facet normal -0.514087 0.857738 0
    outer loop
      vertex 13.718 10.7407 2
      vertex 13.9032 10.8517 0
      vertex 13.718 10.7407 0
    endloop
  endfacet
  facet normal 0.941606 -0.336718 0
    outer loop
      vertex 10.5757 13.3196 2
      vertex 10.6484 13.5229 0
      vertex 10.6484 13.5229 2
    endloop
  endfacet
  facet normal 0.941606 -0.336718 0
    outer loop
      vertex 10.6484 13.5229 0
      vertex 10.5757 13.3196 2
      vertex 10.5757 13.3196 0
    endloop
  endfacet
  facet normal 0.671519 0.740987 -0
    outer loop
      vertex 11.2853 10.9803 0
      vertex 11.1253 11.1253 2
      vertex 11.2853 10.9803 2
    endloop
  endfacet
  facet normal 0.671519 0.740987 0
    outer loop
      vertex 11.1253 11.1253 2
      vertex 11.2853 10.9803 0
      vertex 11.1253 11.1253 0
    endloop
  endfacet
  facet normal 0.514087 0.857738 -0
    outer loop
      vertex 11.6439 10.7407 0
      vertex 11.4587 10.8517 2
      vertex 11.6439 10.7407 2
    endloop
  endfacet
  facet normal 0.514087 0.857738 0
    outer loop
      vertex 11.4587 10.8517 2
      vertex 11.6439 10.7407 0
      vertex 11.4587 10.8517 0
    endloop
  endfacet
  facet normal 0.903945 -0.427648 0
    outer loop
      vertex 10.6484 13.5229 2
      vertex 10.7407 13.718 0
      vertex 10.7407 13.718 2
    endloop
  endfacet
  facet normal 0.903945 -0.427648 0
    outer loop
      vertex 10.7407 13.718 0
      vertex 10.6484 13.5229 2
      vertex 10.6484 13.5229 0
    endloop
  endfacet
  facet normal 0.998816 -0.0486436 0
    outer loop
      vertex 10.481 12.681 2
      vertex 10.4915 12.8966 0
      vertex 10.4915 12.8966 2
    endloop
  endfacet
  facet normal 0.998816 -0.0486436 0
    outer loop
      vertex 10.4915 12.8966 0
      vertex 10.481 12.681 2
      vertex 10.481 12.681 0
    endloop
  endfacet
  facet normal 0.998817 0.0486211 0
    outer loop
      vertex 10.4915 12.4653 2
      vertex 10.481 12.681 0
      vertex 10.481 12.681 2
    endloop
  endfacet
  facet normal 0.998817 0.0486211 0
    outer loop
      vertex 10.481 12.681 0
      vertex 10.4915 12.4653 2
      vertex 10.4915 12.4653 0
    endloop
  endfacet
  facet normal 0.903945 0.427648 0
    outer loop
      vertex 10.7407 11.6439 2
      vertex 10.6484 11.839 0
      vertex 10.6484 11.839 2
    endloop
  endfacet
  facet normal 0.903945 0.427648 0
    outer loop
      vertex 10.6484 11.839 0
      vertex 10.7407 11.6439 2
      vertex 10.7407 11.6439 0
    endloop
  endfacet
  facet normal -0.671519 0.740987 0
    outer loop
      vertex 14.2366 11.1253 0
      vertex 14.0766 10.9803 2
      vertex 14.2366 11.1253 2
    endloop
  endfacet
  facet normal -0.671519 0.740987 0
    outer loop
      vertex 14.0766 10.9803 2
      vertex 14.2366 11.1253 0
      vertex 14.0766 10.9803 0
    endloop
  endfacet
  facet normal -0.989574 -0.144023 0
    outer loop
      vertex 108.208 106.235 0
      vertex 108.177 106.448 2
      vertex 108.177 106.448 0
    endloop
  endfacet
  facet normal -0.989574 -0.144023 0
    outer loop
      vertex 108.177 106.448 2
      vertex 108.208 106.235 0
      vertex 108.208 106.235 2
    endloop
  endfacet
  facet normal -0.998706 -0.05086 0
    outer loop
      vertex 108.219 106.019 0
      vertex 108.208 106.235 2
      vertex 108.208 106.235 0
    endloop
  endfacet
  facet normal -0.998706 -0.05086 0
    outer loop
      vertex 108.208 106.235 2
      vertex 108.219 106.019 0
      vertex 108.219 106.019 2
    endloop
  endfacet
  facet normal -0.969597 -0.244708 0
    outer loop
      vertex 108.177 106.448 0
      vertex 108.124 106.658 2
      vertex 108.124 106.658 0
    endloop
  endfacet
  facet normal -0.969597 -0.244708 0
    outer loop
      vertex 108.124 106.658 2
      vertex 108.177 106.448 0
      vertex 108.177 106.448 2
    endloop
  endfacet
  facet normal -0.334277 -0.942475 0
    outer loop
      vertex 106.658 108.124 0
      vertex 106.861 108.052 2
      vertex 106.658 108.124 2
    endloop
  endfacet
  facet normal -0.334277 -0.942475 -0
    outer loop
      vertex 106.861 108.052 2
      vertex 106.658 108.124 0
      vertex 106.861 108.052 0
    endloop
  endfacet
  facet normal 0.514496 -0.857493 0
    outer loop
      vertex 104.797 107.848 0
      vertex 104.982 107.959 2
      vertex 104.797 107.848 2
    endloop
  endfacet
  facet normal 0.514496 -0.857493 0
    outer loop
      vertex 104.982 107.959 2
      vertex 104.797 107.848 0
      vertex 104.982 107.959 0
    endloop
  endfacet
  facet normal 0.244708 -0.969597 0
    outer loop
      vertex 105.38 108.124 0
      vertex 105.59 108.177 2
      vertex 105.38 108.124 2
    endloop
  endfacet
  facet normal 0.244708 -0.969597 0
    outer loop
      vertex 105.59 108.177 2
      vertex 105.38 108.124 0
      vertex 105.59 108.177 0
    endloop
  endfacet
  facet normal -0.514496 0.857493 0
    outer loop
      vertex 107.241 104.19 0
      vertex 107.056 104.079 2
      vertex 107.241 104.19 2
    endloop
  endfacet
  facet normal -0.514496 0.857493 0
    outer loop
      vertex 107.056 104.079 2
      vertex 107.241 104.19 0
      vertex 107.056 104.079 0
    endloop
  endfacet
  facet normal -0.805521 0.592567 0
    outer loop
      vertex 107.72 104.623 0
      vertex 107.848 104.797 2
      vertex 107.848 104.797 0
    endloop
  endfacet
  facet normal -0.805521 0.592567 0
    outer loop
      vertex 107.848 104.797 2
      vertex 107.72 104.623 0
      vertex 107.72 104.623 2
    endloop
  endfacet
  facet normal -0.144023 -0.989574 0
    outer loop
      vertex 106.235 108.208 0
      vertex 106.448 108.177 2
      vertex 106.235 108.208 2
    endloop
  endfacet
  facet normal -0.144023 -0.989574 -0
    outer loop
      vertex 106.448 108.177 2
      vertex 106.235 108.208 0
      vertex 106.448 108.177 0
    endloop
  endfacet
  facet normal 0.592567 -0.805521 0
    outer loop
      vertex 104.623 107.72 0
      vertex 104.797 107.848 2
      vertex 104.623 107.72 2
    endloop
  endfacet
  facet normal 0.592567 -0.805521 0
    outer loop
      vertex 104.797 107.848 2
      vertex 104.623 107.72 0
      vertex 104.797 107.848 0
    endloop
  endfacet
  facet normal 0.805521 -0.592567 0
    outer loop
      vertex 104.19 107.241 2
      vertex 104.318 107.415 0
      vertex 104.318 107.415 2
    endloop
  endfacet
  facet normal 0.805521 -0.592567 0
    outer loop
      vertex 104.318 107.415 0
      vertex 104.19 107.241 2
      vertex 104.19 107.241 0
    endloop
  endfacet
  facet normal -0.989574 0.144023 0
    outer loop
      vertex 108.177 105.59 0
      vertex 108.208 105.803 2
      vertex 108.208 105.803 0
    endloop
  endfacet
  facet normal -0.989574 0.144023 0
    outer loop
      vertex 108.208 105.803 2
      vertex 108.177 105.59 0
      vertex 108.177 105.59 2
    endloop
  endfacet
  facet normal 0.940813 -0.338926 0
    outer loop
      vertex 103.929 106.7 2
      vertex 103.987 106.861 0
      vertex 103.987 106.861 2
    endloop
  endfacet
  facet normal 0.940813 -0.338926 0
    outer loop
      vertex 103.987 106.861 0
      vertex 103.929 106.7 2
      vertex 103.929 106.7 0
    endloop
  endfacet
  facet normal -0.430473 -0.902604 0
    outer loop
      vertex 106.861 108.052 0
      vertex 107.056 107.959 2
      vertex 106.861 108.052 2
    endloop
  endfacet
  facet normal -0.430473 -0.902604 -0
    outer loop
      vertex 107.056 107.959 2
      vertex 106.861 108.052 0
      vertex 107.056 107.959 0
    endloop
  endfacet
  facet normal -0.969597 0.244708 0
    outer loop
      vertex 108.124 105.38 0
      vertex 108.177 105.59 2
      vertex 108.177 105.59 0
    endloop
  endfacet
  facet normal -0.969597 0.244708 0
    outer loop
      vertex 108.177 105.59 2
      vertex 108.124 105.38 0
      vertex 108.124 105.38 2
    endloop
  endfacet
  facet normal 0.05086 -0.998706 0
    outer loop
      vertex 105.803 108.208 0
      vertex 106.019 108.219 2
      vertex 105.803 108.208 2
    endloop
  endfacet
  facet normal 0.05086 -0.998706 0
    outer loop
      vertex 106.019 108.219 2
      vertex 105.803 108.208 0
      vertex 106.019 108.219 0
    endloop
  endfacet
  facet normal -0.671519 -0.740987 0
    outer loop
      vertex 107.415 107.72 0
      vertex 107.575 107.575 2
      vertex 107.415 107.72 2
    endloop
  endfacet
  facet normal -0.671519 -0.740987 -0
    outer loop
      vertex 107.575 107.575 2
      vertex 107.415 107.72 0
      vertex 107.575 107.575 0
    endloop
  endfacet
  facet normal 0.430473 -0.902604 0
    outer loop
      vertex 104.982 107.959 0
      vertex 105.177 108.052 2
      vertex 104.982 107.959 2
    endloop
  endfacet
  facet normal 0.430473 -0.902604 0
    outer loop
      vertex 105.177 108.052 2
      vertex 104.982 107.959 0
      vertex 105.177 108.052 0
    endloop
  endfacet
  facet normal 0.671519 -0.740987 0
    outer loop
      vertex 104.463 107.575 0
      vertex 104.623 107.72 2
      vertex 104.463 107.575 2
    endloop
  endfacet
  facet normal 0.671519 -0.740987 0
    outer loop
      vertex 104.623 107.72 2
      vertex 104.463 107.575 0
      vertex 104.623 107.72 0
    endloop
  endfacet
  facet normal -0.338926 0.940813 0
    outer loop
      vertex 106.861 103.987 0
      vertex 106.7 103.929 2
      vertex 106.861 103.987 2
    endloop
  endfacet
  facet normal -0.338926 0.940813 0
    outer loop
      vertex 106.7 103.929 2
      vertex 106.861 103.987 0
      vertex 106.7 103.929 0
    endloop
  endfacet
  facet normal 0.334277 -0.942475 0
    outer loop
      vertex 105.177 108.052 0
      vertex 105.38 108.124 2
      vertex 105.177 108.052 2
    endloop
  endfacet
  facet normal 0.334277 -0.942475 0
    outer loop
      vertex 105.38 108.124 2
      vertex 105.177 108.052 0
      vertex 105.38 108.124 0
    endloop
  endfacet
  facet normal -0.805521 -0.592567 0
    outer loop
      vertex 107.848 107.241 0
      vertex 107.72 107.415 2
      vertex 107.72 107.415 0
    endloop
  endfacet
  facet normal -0.805521 -0.592567 0
    outer loop
      vertex 107.72 107.415 2
      vertex 107.848 107.241 0
      vertex 107.848 107.241 2
    endloop
  endfacet
  facet normal 0.857493 -0.514496 0
    outer loop
      vertex 104.079 107.056 2
      vertex 104.19 107.241 0
      vertex 104.19 107.241 2
    endloop
  endfacet
  facet normal 0.857493 -0.514496 0
    outer loop
      vertex 104.19 107.241 0
      vertex 104.079 107.056 2
      vertex 104.079 107.056 0
    endloop
  endfacet
  facet normal -0.998706 0.05086 0
    outer loop
      vertex 108.208 105.803 0
      vertex 108.219 106.019 2
      vertex 108.219 106.019 0
    endloop
  endfacet
  facet normal -0.998706 0.05086 0
    outer loop
      vertex 108.219 106.019 2
      vertex 108.208 105.803 0
      vertex 108.208 105.803 2
    endloop
  endfacet
  facet normal -0.902604 0.430473 0
    outer loop
      vertex 107.959 104.982 0
      vertex 108.052 105.177 2
      vertex 108.052 105.177 0
    endloop
  endfacet
  facet normal -0.902604 0.430473 0
    outer loop
      vertex 108.052 105.177 2
      vertex 107.959 104.982 0
      vertex 107.959 104.982 2
    endloop
  endfacet
  facet normal -0.592567 -0.805521 0
    outer loop
      vertex 107.241 107.848 0
      vertex 107.415 107.72 2
      vertex 107.241 107.848 2
    endloop
  endfacet
  facet normal -0.592567 -0.805521 -0
    outer loop
      vertex 107.415 107.72 2
      vertex 107.241 107.848 0
      vertex 107.415 107.72 0
    endloop
  endfacet
  facet normal -0.514496 -0.857493 0
    outer loop
      vertex 107.056 107.959 0
      vertex 107.241 107.848 2
      vertex 107.056 107.959 2
    endloop
  endfacet
  facet normal -0.514496 -0.857493 -0
    outer loop
      vertex 107.241 107.848 2
      vertex 107.056 107.959 0
      vertex 107.241 107.848 0
    endloop
  endfacet
  facet normal -0.942475 -0.334277 0
    outer loop
      vertex 108.124 106.658 0
      vertex 108.052 106.861 2
      vertex 108.052 106.861 0
    endloop
  endfacet
  facet normal -0.942475 -0.334277 0
    outer loop
      vertex 108.052 106.861 2
      vertex 108.124 106.658 0
      vertex 108.124 106.658 2
    endloop
  endfacet
  facet normal -0.857493 0.514496 0
    outer loop
      vertex 107.848 104.797 0
      vertex 107.959 104.982 2
      vertex 107.959 104.982 0
    endloop
  endfacet
  facet normal -0.857493 0.514496 0
    outer loop
      vertex 107.959 104.982 2
      vertex 107.848 104.797 0
      vertex 107.848 104.797 2
    endloop
  endfacet
  facet normal -0.942475 0.334277 0
    outer loop
      vertex 108.052 105.177 0
      vertex 108.124 105.38 2
      vertex 108.124 105.38 0
    endloop
  endfacet
  facet normal -0.942475 0.334277 0
    outer loop
      vertex 108.124 105.38 2
      vertex 108.052 105.177 0
      vertex 108.052 105.177 2
    endloop
  endfacet
  facet normal 0.144023 -0.989574 0
    outer loop
      vertex 105.59 108.177 0
      vertex 105.803 108.208 2
      vertex 105.59 108.177 2
    endloop
  endfacet
  facet normal 0.144023 -0.989574 0
    outer loop
      vertex 105.803 108.208 2
      vertex 105.59 108.177 0
      vertex 105.803 108.208 0
    endloop
  endfacet
  facet normal -0.740987 -0.671519 0
    outer loop
      vertex 107.72 107.415 0
      vertex 107.575 107.575 2
      vertex 107.575 107.575 0
    endloop
  endfacet
  facet normal -0.740987 -0.671519 0
    outer loop
      vertex 107.575 107.575 2
      vertex 107.72 107.415 0
      vertex 107.72 107.415 2
    endloop
  endfacet
  facet normal -0.05086 -0.998706 0
    outer loop
      vertex 106.019 108.219 0
      vertex 106.235 108.208 2
      vertex 106.019 108.219 2
    endloop
  endfacet
  facet normal -0.05086 -0.998706 -0
    outer loop
      vertex 106.235 108.208 2
      vertex 106.019 108.219 0
      vertex 106.235 108.208 0
    endloop
  endfacet
  facet normal -0.902604 -0.430473 0
    outer loop
      vertex 108.052 106.861 0
      vertex 107.959 107.056 2
      vertex 107.959 107.056 0
    endloop
  endfacet
  facet normal -0.902604 -0.430473 0
    outer loop
      vertex 107.959 107.056 2
      vertex 108.052 106.861 0
      vertex 108.052 106.861 2
    endloop
  endfacet
  facet normal -0.671519 0.740987 0
    outer loop
      vertex 107.575 104.463 0
      vertex 107.415 104.318 2
      vertex 107.575 104.463 2
    endloop
  endfacet
  facet normal -0.671519 0.740987 0
    outer loop
      vertex 107.415 104.318 2
      vertex 107.575 104.463 0
      vertex 107.415 104.318 0
    endloop
  endfacet
  facet normal -0.857493 -0.514496 0
    outer loop
      vertex 107.959 107.056 0
      vertex 107.848 107.241 2
      vertex 107.848 107.241 0
    endloop
  endfacet
  facet normal -0.857493 -0.514496 0
    outer loop
      vertex 107.848 107.241 2
      vertex 107.959 107.056 0
      vertex 107.959 107.056 2
    endloop
  endfacet
  facet normal 0.740987 -0.671519 0
    outer loop
      vertex 104.318 107.415 2
      vertex 104.463 107.575 0
      vertex 104.463 107.575 2
    endloop
  endfacet
  facet normal 0.740987 -0.671519 0
    outer loop
      vertex 104.463 107.575 0
      vertex 104.318 107.415 2
      vertex 104.318 107.415 0
    endloop
  endfacet
  facet normal 0.904398 -0.42669 0
    outer loop
      vertex 103.987 106.861 2
      vertex 104.079 107.056 0
      vertex 104.079 107.056 2
    endloop
  endfacet
  facet normal 0.904398 -0.42669 0
    outer loop
      vertex 104.079 107.056 0
      vertex 103.987 106.861 2
      vertex 103.987 106.861 0
    endloop
  endfacet
  facet normal -0.244708 -0.969597 0
    outer loop
      vertex 106.448 108.177 0
      vertex 106.658 108.124 2
      vertex 106.448 108.177 2
    endloop
  endfacet
  facet normal -0.244708 -0.969597 -0
    outer loop
      vertex 106.658 108.124 2
      vertex 106.448 108.177 0
      vertex 106.658 108.124 0
    endloop
  endfacet
  facet normal -0.42669 0.904398 0
    outer loop
      vertex 107.056 104.079 0
      vertex 106.861 103.987 2
      vertex 107.056 104.079 2
    endloop
  endfacet
  facet normal -0.42669 0.904398 0
    outer loop
      vertex 106.861 103.987 2
      vertex 107.056 104.079 0
      vertex 106.861 103.987 0
    endloop
  endfacet
  facet normal -0.592567 0.805521 0
    outer loop
      vertex 107.415 104.318 0
      vertex 107.241 104.19 2
      vertex 107.415 104.318 2
    endloop
  endfacet
  facet normal -0.592567 0.805521 0
    outer loop
      vertex 107.241 104.19 2
      vertex 107.415 104.318 0
      vertex 107.241 104.19 0
    endloop
  endfacet
  facet normal -0.740987 0.671519 0
    outer loop
      vertex 107.575 104.463 0
      vertex 107.72 104.623 2
      vertex 107.72 104.623 0
    endloop
  endfacet
  facet normal -0.740987 0.671519 0
    outer loop
      vertex 107.72 104.623 2
      vertex 107.575 104.463 0
      vertex 107.575 104.463 2
    endloop
  endfacet
endsolid OpenSCAD_Model
