solid OpenSCAD_Model
  facet normal -0.352244 -0.935908 0
    outer loop
      vertex -23.4616 -15.5997 50.5
      vertex -22.4275 -15.9889 72
      vertex -23.4616 -15.5997 72
    endloop
  endfacet
  facet normal -0.352244 -0.935908 -0
    outer loop
      vertex -22.4275 -15.9889 72
      vertex -23.4616 -15.5997 50.5
      vertex -22.4275 -15.9889 50.5
    endloop
  endfacet
  facet normal 0.973877 -0.227076 0
    outer loop
      vertex -0.690342 -4.37016 72
      vertex -0.43944 -3.2941 50.5
      vertex -0.43944 -3.2941 72
    endloop
  endfacet
  facet normal 0.973877 -0.227076 0
    outer loop
      vertex -0.43944 -3.2941 50.5
      vertex -0.690342 -4.37016 72
      vertex -0.690342 -4.37016 50.5
    endloop
  endfacet
  facet normal 0.995185 0.098017 0
    outer loop
      vertex -0.151152 1.10433 72
      vertex -0.259453 2.20393 50.5
      vertex -0.259453 2.20393 72
    endloop
  endfacet
  facet normal 0.995185 0.098017 0
    outer loop
      vertex -0.259453 2.20393 50.5
      vertex -0.151152 1.10433 72
      vertex -0.151152 1.10433 50.5
    endloop
  endfacet
  facet normal 0.999465 0.0327191 0
    outer loop
      vertex -0.115 0 72
      vertex -0.151152 1.10433 50.5
      vertex -0.151152 1.10433 72
    endloop
  endfacet
  facet normal 0.999465 0.0327191 0
    outer loop
      vertex -0.151152 1.10433 50.5
      vertex -0.115 0 72
      vertex -0.115 0 50.5
    endloop
  endfacet
  facet normal 0.986643 0.162895 0
    outer loop
      vertex -0.259453 2.20393 72
      vertex -0.43944 3.2941 50.5
      vertex -0.43944 3.2941 72
    endloop
  endfacet
  facet normal 0.986643 0.162895 0
    outer loop
      vertex -0.43944 3.2941 50.5
      vertex -0.259453 2.20393 72
      vertex -0.259453 2.20393 50.5
    endloop
  endfacet
  facet normal 0.973877 0.227076 0
    outer loop
      vertex -0.43944 3.2941 72
      vertex -0.690342 4.37016 50.5
      vertex -0.690342 4.37016 72
    endloop
  endfacet
  facet normal 0.973877 0.227076 0
    outer loop
      vertex -0.690342 4.37016 50.5
      vertex -0.43944 3.2941 72
      vertex -0.43944 3.2941 50.5
    endloop
  endfacet
  facet normal 0.910863 0.412709 0
    outer loop
      vertex -1.40029 6.46161 72
      vertex -1.8563 7.46804 50.5
      vertex -1.8563 7.46804 72
    endloop
  endfacet
  facet normal 0.910863 0.412709 0
    outer loop
      vertex -1.8563 7.46804 50.5
      vertex -1.40029 6.46161 72
      vertex -1.40029 6.46161 50.5
    endloop
  endfacet
  facet normal 0.471429 -0.881904 0
    outer loop
      vertex -9.53195 -15.1437 50.5
      vertex -8.5575 -14.6228 72
      vertex -9.53195 -15.1437 72
    endloop
  endfacet
  facet normal 0.471429 -0.881904 0
    outer loop
      vertex -8.5575 -14.6228 72
      vertex -9.53195 -15.1437 50.5
      vertex -8.5575 -14.6228 50.5
    endloop
  endfacet
  facet normal 0.956941 0.290283 0
    outer loop
      vertex -0.690342 4.37016 72
      vertex -1.01108 5.4275 50.5
      vertex -1.01108 5.4275 72
    endloop
  endfacet
  facet normal 0.956941 0.290283 0
    outer loop
      vertex -1.01108 5.4275 50.5
      vertex -0.690342 4.37016 72
      vertex -0.690342 4.37016 50.5
    endloop
  endfacet
  facet normal -0.973877 -0.227075 0
    outer loop
      vertex -33.3097 -4.37016 50.5
      vertex -33.5606 -3.2941 72
      vertex -33.5606 -3.2941 50.5
    endloop
  endfacet
  facet normal -0.973877 -0.227075 0
    outer loop
      vertex -33.5606 -3.2941 72
      vertex -33.3097 -4.37016 50.5
      vertex -33.3097 -4.37016 72
    endloop
  endfacet
  facet normal 0.812838 -0.58249 0
    outer loop
      vertex -3.60423 -10.2789 72
      vertex -2.96064 -9.3808 50.5
      vertex -2.96064 -9.3808 72
    endloop
  endfacet
  facet normal 0.812838 -0.58249 0
    outer loop
      vertex -2.96064 -9.3808 50.5
      vertex -3.60423 -10.2789 72
      vertex -3.60423 -10.2789 50.5
    endloop
  endfacet
  facet normal -0.0327633 0.999463 0
    outer loop
      vertex -17 16.885 50.5
      vertex -18.1043 16.8488 72
      vertex -17 16.885 72
    endloop
  endfacet
  facet normal -0.0327633 0.999463 0
    outer loop
      vertex -18.1043 16.8488 72
      vertex -17 16.885 50.5
      vertex -18.1043 16.8488 50.5
    endloop
  endfacet
  facet normal 0.773043 -0.634353 0
    outer loop
      vertex -4.30518 -11.1331 72
      vertex -3.60423 -10.2789 50.5
      vertex -3.60423 -10.2789 72
    endloop
  endfacet
  facet normal 0.773043 -0.634353 0
    outer loop
      vertex -3.60423 -10.2789 50.5
      vertex -4.30518 -11.1331 72
      vertex -4.30518 -11.1331 50.5
    endloop
  endfacet
  facet normal -0.528021 0.849232 0
    outer loop
      vertex -25.4425 14.6228 50.5
      vertex -26.3808 14.0394 72
      vertex -25.4425 14.6228 72
    endloop
  endfacet
  facet normal -0.528021 0.849232 0
    outer loop
      vertex -26.3808 14.0394 72
      vertex -25.4425 14.6228 50.5
      vertex -26.3808 14.0394 50.5
    endloop
  endfacet
  facet normal -0.162814 -0.986657 0
    outer loop
      vertex -20.2941 -16.5606 50.5
      vertex -19.2039 -16.7405 72
      vertex -20.2941 -16.5606 72
    endloop
  endfacet
  facet normal -0.162814 -0.986657 -0
    outer loop
      vertex -19.2039 -16.7405 72
      vertex -20.2941 -16.5606 50.5
      vertex -19.2039 -16.7405 50.5
    endloop
  endfacet
  facet normal -0.881906 0.471425 0
    outer loop
      vertex -32.1437 7.46804 50.5
      vertex -31.6228 8.4425 72
      vertex -31.6228 8.4425 50.5
    endloop
  endfacet
  facet normal -0.881906 0.471425 0
    outer loop
      vertex -31.6228 8.4425 72
      vertex -32.1437 7.46804 50.5
      vertex -32.1437 7.46804 72
    endloop
  endfacet
  facet normal -0.162814 0.986657 0
    outer loop
      vertex -19.2039 16.7405 50.5
      vertex -20.2941 16.5606 72
      vertex -19.2039 16.7405 72
    endloop
  endfacet
  facet normal -0.162814 0.986657 0
    outer loop
      vertex -20.2941 16.5606 72
      vertex -19.2039 16.7405 50.5
      vertex -20.2941 16.5606 50.5
    endloop
  endfacet
  facet normal -0.995185 -0.0980161 0
    outer loop
      vertex -33.7405 -2.20393 50.5
      vertex -33.8488 -1.10433 72
      vertex -33.8488 -1.10433 50.5
    endloop
  endfacet
  facet normal -0.995185 -0.0980161 0
    outer loop
      vertex -33.8488 -1.10433 72
      vertex -33.7405 -2.20393 50.5
      vertex -33.7405 -2.20393 72
    endloop
  endfacet
  facet normal -0.973877 0.227075 0
    outer loop
      vertex -33.5606 3.2941 50.5
      vertex -33.3097 4.37016 72
      vertex -33.3097 4.37016 50.5
    endloop
  endfacet
  facet normal -0.973877 0.227075 0
    outer loop
      vertex -33.3097 4.37016 72
      vertex -33.5606 3.2941 50.5
      vertex -33.5606 3.2941 72
    endloop
  endfacet
  facet normal 0.0980161 -0.995185 0
    outer loop
      vertex -15.8957 -16.8488 50.5
      vertex -14.7961 -16.7405 72
      vertex -15.8957 -16.8488 72
    endloop
  endfacet
  facet normal 0.0980161 -0.995185 0
    outer loop
      vertex -14.7961 -16.7405 72
      vertex -15.8957 -16.8488 50.5
      vertex -14.7961 -16.7405 50.5
    endloop
  endfacet
  facet normal -0.910866 0.412701 0
    outer loop
      vertex -32.5997 6.46161 50.5
      vertex -32.1437 7.46804 72
      vertex -32.1437 7.46804 50.5
    endloop
  endfacet
  facet normal -0.910866 0.412701 0
    outer loop
      vertex -32.1437 7.46804 72
      vertex -32.5997 6.46161 50.5
      vertex -32.5997 6.46161 72
    endloop
  endfacet
  facet normal 0.999465 -0.0327191 0
    outer loop
      vertex -0.151152 -1.10433 72
      vertex -0.115 0 50.5
      vertex -0.115 0 72
    endloop
  endfacet
  facet normal 0.999465 -0.0327191 0
    outer loop
      vertex -0.115 0 50.5
      vertex -0.151152 -1.10433 72
      vertex -0.151152 -1.10433 50.5
    endloop
  endfacet
  facet normal 0.812838 0.58249 0
    outer loop
      vertex -2.96064 9.3808 72
      vertex -3.60423 10.2789 50.5
      vertex -3.60423 10.2789 72
    endloop
  endfacet
  facet normal 0.812838 0.58249 0
    outer loop
      vertex -3.60423 10.2789 50.5
      vertex -2.96064 9.3808 72
      vertex -2.96064 9.3808 50.5
    endloop
  endfacet
  facet normal 0.849199 0.528073 0
    outer loop
      vertex -2.37716 8.4425 72
      vertex -2.96064 9.3808 50.5
      vertex -2.96064 9.3808 72
    endloop
  endfacet
  facet normal 0.849199 0.528073 0
    outer loop
      vertex -2.96064 9.3808 50.5
      vertex -2.37716 8.4425 72
      vertex -2.37716 8.4425 50.5
    endloop
  endfacet
  facet normal -0.412712 0.910862 0
    outer loop
      vertex -23.4616 15.5997 50.5
      vertex -24.468 15.1437 72
      vertex -23.4616 15.5997 72
    endloop
  endfacet
  facet normal -0.412712 0.910862 0
    outer loop
      vertex -24.468 15.1437 72
      vertex -23.4616 15.5997 50.5
      vertex -24.468 15.1437 50.5
    endloop
  endfacet
  facet normal -0.63438 0.773021 0
    outer loop
      vertex -27.2789 13.3958 50.5
      vertex -28.1331 12.6948 72
      vertex -27.2789 13.3958 72
    endloop
  endfacet
  facet normal -0.63438 0.773021 0
    outer loop
      vertex -28.1331 12.6948 72
      vertex -27.2789 13.3958 50.5
      vertex -28.1331 12.6948 50.5
    endloop
  endfacet
  facet normal -0.910866 -0.412701 0
    outer loop
      vertex -32.1437 -7.46804 50.5
      vertex -32.5997 -6.46161 72
      vertex -32.5997 -6.46161 50.5
    endloop
  endfacet
  facet normal -0.910866 -0.412701 0
    outer loop
      vertex -32.5997 -6.46161 72
      vertex -32.1437 -7.46804 50.5
      vertex -32.1437 -7.46804 72
    endloop
  endfacet
  facet normal -0.986656 0.162818 0
    outer loop
      vertex -33.7405 2.20393 50.5
      vertex -33.5606 3.2941 72
      vertex -33.5606 3.2941 50.5
    endloop
  endfacet
  facet normal -0.986656 0.162818 0
    outer loop
      vertex -33.5606 3.2941 72
      vertex -33.7405 2.20393 50.5
      vertex -33.7405 2.20393 72
    endloop
  endfacet
  facet normal 0.881921 0.471397 0
    outer loop
      vertex -1.8563 7.46804 72
      vertex -2.37716 8.4425 50.5
      vertex -2.37716 8.4425 72
    endloop
  endfacet
  facet normal 0.881921 0.471397 0
    outer loop
      vertex -2.37716 8.4425 50.5
      vertex -1.8563 7.46804 72
      vertex -1.8563 7.46804 50.5
    endloop
  endfacet
  facet normal -0.582496 0.812834 0
    outer loop
      vertex -26.3808 14.0394 50.5
      vertex -27.2789 13.3958 72
      vertex -26.3808 14.0394 72
    endloop
  endfacet
  facet normal -0.582496 0.812834 0
    outer loop
      vertex -27.2789 13.3958 72
      vertex -26.3808 14.0394 50.5
      vertex -27.2789 13.3958 50.5
    endloop
  endfacet
  facet normal -0.986656 -0.162818 0
    outer loop
      vertex -33.5606 -3.2941 50.5
      vertex -33.7405 -2.20393 72
      vertex -33.7405 -2.20393 50.5
    endloop
  endfacet
  facet normal -0.986656 -0.162818 0
    outer loop
      vertex -33.7405 -2.20393 72
      vertex -33.5606 -3.2941 50.5
      vertex -33.5606 -3.2941 72
    endloop
  endfacet
  facet normal 0.412695 -0.910869 0
    outer loop
      vertex -10.5384 -15.5997 50.5
      vertex -9.53195 -15.1437 72
      vertex -10.5384 -15.5997 72
    endloop
  endfacet
  facet normal 0.412695 -0.910869 0
    outer loop
      vertex -9.53195 -15.1437 72
      vertex -10.5384 -15.5997 50.5
      vertex -9.53195 -15.1437 50.5
    endloop
  endfacet
  facet normal 0.935906 -0.352249 0
    outer loop
      vertex -1.40029 -6.46161 72
      vertex -1.01108 -5.4275 50.5
      vertex -1.01108 -5.4275 72
    endloop
  endfacet
  facet normal 0.935906 -0.352249 0
    outer loop
      vertex -1.01108 -5.4275 50.5
      vertex -1.40029 -6.46161 72
      vertex -1.40029 -6.46161 50.5
    endloop
  endfacet
  facet normal -0.812834 -0.582496 0
    outer loop
      vertex -30.3958 -10.2789 50.5
      vertex -31.0394 -9.3808 72
      vertex -31.0394 -9.3808 50.5
    endloop
  endfacet
  facet normal -0.812834 -0.582496 0
    outer loop
      vertex -31.0394 -9.3808 72
      vertex -30.3958 -10.2789 50.5
      vertex -30.3958 -10.2789 72
    endloop
  endfacet
  facet normal 0.956941 -0.290283 0
    outer loop
      vertex -1.01108 -5.4275 72
      vertex -0.690342 -4.37016 50.5
      vertex -0.690342 -4.37016 72
    endloop
  endfacet
  facet normal 0.956941 -0.290283 0
    outer loop
      vertex -0.690342 -4.37016 50.5
      vertex -1.01108 -5.4275 72
      vertex -1.01108 -5.4275 50.5
    endloop
  endfacet
  facet normal 0.471429 0.881904 -0
    outer loop
      vertex -8.5575 14.6228 50.5
      vertex -9.53195 15.1437 72
      vertex -8.5575 14.6228 72
    endloop
  endfacet
  facet normal 0.471429 0.881904 0
    outer loop
      vertex -9.53195 15.1437 72
      vertex -8.5575 14.6228 50.5
      vertex -9.53195 15.1437 50.5
    endloop
  endfacet
  facet normal -0.683604 0.729853 0
    outer loop
      vertex -28.1331 12.6948 50.5
      vertex -28.9395 11.9395 72
      vertex -28.1331 12.6948 72
    endloop
  endfacet
  facet normal -0.683604 0.729853 0
    outer loop
      vertex -28.9395 11.9395 72
      vertex -28.1331 12.6948 50.5
      vertex -28.9395 11.9395 50.5
    endloop
  endfacet
  facet normal 0.162814 -0.986657 0
    outer loop
      vertex -14.7961 -16.7405 50.5
      vertex -13.7059 -16.5606 72
      vertex -14.7961 -16.7405 72
    endloop
  endfacet
  facet normal 0.162814 -0.986657 0
    outer loop
      vertex -13.7059 -16.5606 72
      vertex -14.7961 -16.7405 50.5
      vertex -13.7059 -16.5606 50.5
    endloop
  endfacet
  facet normal -0.812834 0.582496 0
    outer loop
      vertex -31.0394 9.3808 50.5
      vertex -30.3958 10.2789 72
      vertex -30.3958 10.2789 50.5
    endloop
  endfacet
  facet normal -0.812834 0.582496 0
    outer loop
      vertex -30.3958 10.2789 72
      vertex -31.0394 9.3808 50.5
      vertex -31.0394 9.3808 72
    endloop
  endfacet
  facet normal -0.227067 -0.973879 0
    outer loop
      vertex -21.3702 -16.3097 50.5
      vertex -20.2941 -16.5606 72
      vertex -21.3702 -16.3097 72
    endloop
  endfacet
  facet normal -0.227067 -0.973879 -0
    outer loop
      vertex -20.2941 -16.5606 72
      vertex -21.3702 -16.3097 50.5
      vertex -20.2941 -16.5606 50.5
    endloop
  endfacet
  facet normal 0.881921 -0.471397 0
    outer loop
      vertex -2.37716 -8.4425 72
      vertex -1.8563 -7.46804 50.5
      vertex -1.8563 -7.46804 72
    endloop
  endfacet
  facet normal 0.881921 -0.471397 0
    outer loop
      vertex -1.8563 -7.46804 50.5
      vertex -2.37716 -8.4425 72
      vertex -2.37716 -8.4425 50.5
    endloop
  endfacet
  facet normal 0.0327633 -0.999463 0
    outer loop
      vertex -17 -16.885 50.5
      vertex -15.8957 -16.8488 72
      vertex -17 -16.885 72
    endloop
  endfacet
  facet normal 0.0327633 -0.999463 0
    outer loop
      vertex -15.8957 -16.8488 72
      vertex -17 -16.885 50.5
      vertex -15.8957 -16.8488 50.5
    endloop
  endfacet
  facet normal -0.956925 0.290334 0
    outer loop
      vertex -33.3097 4.37016 50.5
      vertex -32.9889 5.4275 72
      vertex -32.9889 5.4275 50.5
    endloop
  endfacet
  facet normal -0.956925 0.290334 0
    outer loop
      vertex -32.9889 5.4275 72
      vertex -33.3097 4.37016 50.5
      vertex -33.3097 4.37016 72
    endloop
  endfacet
  facet normal -0.935909 0.352241 0
    outer loop
      vertex -32.9889 5.4275 50.5
      vertex -32.5997 6.46161 72
      vertex -32.5997 6.46161 50.5
    endloop
  endfacet
  facet normal -0.935909 0.352241 0
    outer loop
      vertex -32.5997 6.46161 72
      vertex -32.9889 5.4275 50.5
      vertex -32.9889 5.4275 72
    endloop
  endfacet
  facet normal 0.683581 -0.729874 0
    outer loop
      vertex -5.86695 -12.6948 50.5
      vertex -5.0605 -11.9395 72
      vertex -5.86695 -12.6948 72
    endloop
  endfacet
  facet normal 0.683581 -0.729874 0
    outer loop
      vertex -5.0605 -11.9395 72
      vertex -5.86695 -12.6948 50.5
      vertex -5.0605 -11.9395 50.5
    endloop
  endfacet
  facet normal 0.986643 -0.162895 0
    outer loop
      vertex -0.43944 -3.2941 72
      vertex -0.259453 -2.20393 50.5
      vertex -0.259453 -2.20393 72
    endloop
  endfacet
  facet normal 0.986643 -0.162895 0
    outer loop
      vertex -0.259453 -2.20393 50.5
      vertex -0.43944 -3.2941 72
      vertex -0.43944 -3.2941 50.5
    endloop
  endfacet
  facet normal 0.63442 0.772988 -0
    outer loop
      vertex -5.86695 12.6948 50.5
      vertex -6.72106 13.3958 72
      vertex -5.86695 12.6948 72
    endloop
  endfacet
  facet normal 0.63442 0.772988 0
    outer loop
      vertex -6.72106 13.3958 72
      vertex -5.86695 12.6948 50.5
      vertex -6.72106 13.3958 50.5
    endloop
  endfacet
  facet normal -0.227067 0.973879 0
    outer loop
      vertex -20.2941 16.5606 50.5
      vertex -21.3702 16.3097 72
      vertex -20.2941 16.5606 72
    endloop
  endfacet
  facet normal -0.227067 0.973879 0
    outer loop
      vertex -21.3702 16.3097 72
      vertex -20.2941 16.5606 50.5
      vertex -21.3702 16.3097 50.5
    endloop
  endfacet
  facet normal 0.773043 0.634353 0
    outer loop
      vertex -3.60423 10.2789 72
      vertex -4.30518 11.1331 50.5
      vertex -4.30518 11.1331 72
    endloop
  endfacet
  facet normal 0.773043 0.634353 0
    outer loop
      vertex -4.30518 11.1331 50.5
      vertex -3.60423 10.2789 72
      vertex -3.60423 10.2789 50.5
    endloop
  endfacet
  facet normal -0.995185 0.0980161 0
    outer loop
      vertex -33.8488 1.10433 50.5
      vertex -33.7405 2.20393 72
      vertex -33.7405 2.20393 50.5
    endloop
  endfacet
  facet normal -0.995185 0.0980161 0
    outer loop
      vertex -33.7405 2.20393 72
      vertex -33.8488 1.10433 50.5
      vertex -33.8488 1.10433 72
    endloop
  endfacet
  facet normal 0.0980161 0.995185 -0
    outer loop
      vertex -14.7961 16.7405 50.5
      vertex -15.8957 16.8488 72
      vertex -14.7961 16.7405 72
    endloop
  endfacet
  facet normal 0.0980161 0.995185 0
    outer loop
      vertex -15.8957 16.8488 72
      vertex -14.7961 16.7405 50.5
      vertex -15.8957 16.8488 50.5
    endloop
  endfacet
  facet normal 0.582479 -0.812846 0
    outer loop
      vertex -7.6192 -14.0394 50.5
      vertex -6.72106 -13.3958 72
      vertex -7.6192 -14.0394 72
    endloop
  endfacet
  facet normal 0.582479 -0.812846 0
    outer loop
      vertex -6.72106 -13.3958 72
      vertex -7.6192 -14.0394 50.5
      vertex -6.72106 -13.3958 50.5
    endloop
  endfacet
  facet normal -0.290344 0.956922 0
    outer loop
      vertex -21.3702 16.3097 50.5
      vertex -22.4275 15.9889 72
      vertex -21.3702 16.3097 72
    endloop
  endfacet
  facet normal -0.290344 0.956922 0
    outer loop
      vertex -22.4275 15.9889 72
      vertex -21.3702 16.3097 50.5
      vertex -22.4275 15.9889 50.5
    endloop
  endfacet
  facet normal -0.999463 -0.0327625 0
    outer loop
      vertex -33.8488 -1.10433 50.5
      vertex -33.885 0 72
      vertex -33.885 0 50.5
    endloop
  endfacet
  facet normal -0.999463 -0.0327625 0
    outer loop
      vertex -33.885 0 72
      vertex -33.8488 -1.10433 50.5
      vertex -33.8488 -1.10433 72
    endloop
  endfacet
  facet normal -0.352244 0.935908 0
    outer loop
      vertex -22.4275 15.9889 50.5
      vertex -23.4616 15.5997 72
      vertex -22.4275 15.9889 72
    endloop
  endfacet
  facet normal -0.352244 0.935908 0
    outer loop
      vertex -23.4616 15.5997 72
      vertex -22.4275 15.9889 50.5
      vertex -23.4616 15.5997 50.5
    endloop
  endfacet
  facet normal 0.995185 -0.098017 0
    outer loop
      vertex -0.259453 -2.20393 72
      vertex -0.151152 -1.10433 50.5
      vertex -0.151152 -1.10433 72
    endloop
  endfacet
  facet normal 0.995185 -0.098017 0
    outer loop
      vertex -0.151152 -1.10433 50.5
      vertex -0.259453 -2.20393 72
      vertex -0.259453 -2.20393 50.5
    endloop
  endfacet
  facet normal 0.162814 0.986657 -0
    outer loop
      vertex -13.7059 16.5606 50.5
      vertex -14.7961 16.7405 72
      vertex -13.7059 16.5606 72
    endloop
  endfacet
  facet normal 0.162814 0.986657 0
    outer loop
      vertex -14.7961 16.7405 72
      vertex -13.7059 16.5606 50.5
      vertex -14.7961 16.7405 50.5
    endloop
  endfacet
  facet normal 0.528021 -0.849232 0
    outer loop
      vertex -8.5575 -14.6228 50.5
      vertex -7.6192 -14.0394 72
      vertex -8.5575 -14.6228 72
    endloop
  endfacet
  facet normal 0.528021 -0.849232 0
    outer loop
      vertex -7.6192 -14.0394 72
      vertex -8.5575 -14.6228 50.5
      vertex -7.6192 -14.0394 50.5
    endloop
  endfacet
  facet normal 0.528021 0.849232 -0
    outer loop
      vertex -7.6192 14.0394 50.5
      vertex -8.5575 14.6228 72
      vertex -7.6192 14.0394 72
    endloop
  endfacet
  facet normal 0.528021 0.849232 0
    outer loop
      vertex -8.5575 14.6228 72
      vertex -7.6192 14.0394 50.5
      vertex -8.5575 14.6228 50.5
    endloop
  endfacet
  facet normal 0.352244 0.935908 -0
    outer loop
      vertex -10.5384 15.5997 50.5
      vertex -11.5725 15.9889 72
      vertex -10.5384 15.5997 72
    endloop
  endfacet
  facet normal 0.352244 0.935908 0
    outer loop
      vertex -11.5725 15.9889 72
      vertex -10.5384 15.5997 50.5
      vertex -11.5725 15.9889 50.5
    endloop
  endfacet
  facet normal -0.0327633 -0.999463 0
    outer loop
      vertex -18.1043 -16.8488 50.5
      vertex -17 -16.885 72
      vertex -18.1043 -16.8488 72
    endloop
  endfacet
  facet normal -0.0327633 -0.999463 -0
    outer loop
      vertex -17 -16.885 72
      vertex -18.1043 -16.8488 50.5
      vertex -17 -16.885 50.5
    endloop
  endfacet
  facet normal -0.956925 -0.290334 0
    outer loop
      vertex -32.9889 -5.4275 50.5
      vertex -33.3097 -4.37016 72
      vertex -33.3097 -4.37016 50.5
    endloop
  endfacet
  facet normal -0.956925 -0.290334 0
    outer loop
      vertex -33.3097 -4.37016 72
      vertex -32.9889 -5.4275 50.5
      vertex -32.9889 -5.4275 72
    endloop
  endfacet
  facet normal -0 0 1
    outer loop
      vertex -2.12089 0.761666 72
      vertex -0.115 0 72
      vertex -0.151152 1.10433 72
    endloop
  endfacet
  facet normal -0 0 1
    outer loop
      vertex -2.14876 1.18696 72
      vertex -0.151152 1.10433 72
      vertex -0.259453 2.20393 72
    endloop
  endfacet
  facet normal 0 0 1
    outer loop
      vertex -0.115 0 72
      vertex -2.12089 0.761666 72
      vertex -2.09595 0 72
    endloop
  endfacet
  facet normal -0 0 1
    outer loop
      vertex -2.3476 2.69726 72
      vertex -0.259453 2.20393 72
      vertex -0.43944 3.2941 72
    endloop
  endfacet
  facet normal 0 0 1
    outer loop
      vertex -2.12089 -0.761666 72
      vertex -0.115 0 72
      vertex -2.09595 0 72
    endloop
  endfacet
  facet normal 0 0 1
    outer loop
      vertex -2.43075 3.11528 72
      vertex -0.43944 3.2941 72
      vertex -0.690342 4.37016 72
    endloop
  endfacet
  facet normal 0 0 1
    outer loop
      vertex -0.115 0 72
      vertex -2.12089 -0.761666 72
      vertex -0.151152 -1.10433 72
    endloop
  endfacet
  facet normal 0 0 1
    outer loop
      vertex -2.66569 4.06149 72
      vertex -0.690342 4.37016 72
      vertex -1.01108 5.4275 72
    endloop
  endfacet
  facet normal -0 0 1
    outer loop
      vertex -2.12786 -0.974771 72
      vertex -0.151152 -1.10433 72
      vertex -2.12089 -0.761666 72
    endloop
  endfacet
  facet normal -0 0 1
    outer loop
      vertex -3.15535 5.50398 72
      vertex -1.01108 5.4275 72
      vertex -1.40029 6.46161 72
    endloop
  endfacet
  facet normal 0 0 1
    outer loop
      vertex -0.151152 -1.10433 72
      vertex -2.14876 -1.18696 72
      vertex -0.259453 -2.20393 72
    endloop
  endfacet
  facet normal 0 0 1
    outer loop
      vertex -3.31845 5.89775 72
      vertex -1.40029 6.46161 72
      vertex -1.8563 7.46804 72
    endloop
  endfacet
  facet normal -0 0 1
    outer loop
      vertex -2.22346 -1.94537 72
      vertex -0.259453 -2.20393 72
      vertex -2.14876 -1.18696 72
    endloop
  endfacet
  facet normal 0 0 1
    outer loop
      vertex -2.3476 -2.69726 72
      vertex -0.259453 -2.20393 72
      vertex -2.22346 -1.94537 72
    endloop
  endfacet
  facet normal 0 0 1
    outer loop
      vertex -2.14876 -1.18696 72
      vertex -0.151152 -1.10433 72
      vertex -2.12786 -0.974771 72
    endloop
  endfacet
  facet normal 0 0 1
    outer loop
      vertex -0.151152 1.10433 72
      vertex -2.12786 0.974771 72
      vertex -2.12089 0.761666 72
    endloop
  endfacet
  facet normal 0 0 1
    outer loop
      vertex -0.151152 1.10433 72
      vertex -2.14876 1.18696 72
      vertex -2.12786 0.974771 72
    endloop
  endfacet
  facet normal 0 0 1
    outer loop
      vertex -0.259453 2.20393 72
      vertex -2.22346 1.94537 72
      vertex -2.14876 1.18696 72
    endloop
  endfacet
  facet normal 0 0 1
    outer loop
      vertex -0.259453 2.20393 72
      vertex -2.3476 2.69726 72
      vertex -2.22346 1.94537 72
    endloop
  endfacet
  facet normal 0 0 1
    outer loop
      vertex -3.9922 7.26398 72
      vertex -1.8563 7.46804 72
      vertex -2.37716 8.4425 72
    endloop
  endfacet
  facet normal 0 0 1
    outer loop
      vertex -0.43944 3.2941 72
      vertex -2.38233 2.90764 72
      vertex -2.3476 2.69726 72
    endloop
  endfacet
  facet normal 0 0 1
    outer loop
      vertex -0.43944 3.2941 72
      vertex -2.43075 3.11528 72
      vertex -2.38233 2.90764 72
    endloop
  endfacet
  facet normal 0 0 1
    outer loop
      vertex -0.690342 4.37016 72
      vertex -2.6038 3.85745 72
      vertex -2.43075 3.11528 72
    endloop
  endfacet
  facet normal 0 0 1
    outer loop
      vertex -0.690342 4.37016 72
      vertex -2.66569 4.06149 72
      vertex -2.6038 3.85745 72
    endloop
  endfacet
  facet normal 0 0 1
    outer loop
      vertex -1.01108 5.4275 72
      vertex -2.88691 4.79075 72
      vertex -2.66569 4.06149 72
    endloop
  endfacet
  facet normal 0 0 1
    outer loop
      vertex -4.49514 8.09918 72
      vertex -2.37716 8.4425 72
      vertex -2.96064 9.3808 72
    endloop
  endfacet
  facet normal 0 0 1
    outer loop
      vertex -1.01108 5.4275 72
      vertex -3.15535 5.50398 72
      vertex -2.88691 4.79075 72
    endloop
  endfacet
  facet normal 0 0 1
    outer loop
      vertex -1.40029 6.46161 72
      vertex -3.23046 5.70353 72
      vertex -3.15535 5.50398 72
    endloop
  endfacet
  facet normal 0 0 1
    outer loop
      vertex -1.40029 6.46161 72
      vertex -3.31845 5.89775 72
      vertex -3.23046 5.70353 72
    endloop
  endfacet
  facet normal 0 0 1
    outer loop
      vertex -4.73193 8.45356 72
      vertex -2.96064 9.3808 72
      vertex -3.60423 10.2789 72
    endloop
  endfacet
  facet normal 0 0 1
    outer loop
      vertex -1.8563 7.46804 72
      vertex -3.63297 6.59189 72
      vertex -3.31845 5.89775 72
    endloop
  endfacet
  facet normal 0 0 1
    outer loop
      vertex -1.8563 7.46804 72
      vertex -3.9922 7.26398 72
      vertex -3.63297 6.59189 72
    endloop
  endfacet
  facet normal 0 0 1
    outer loop
      vertex -2.37716 8.4425 72
      vertex -4.09272 7.45202 72
      vertex -3.9922 7.26398 72
    endloop
  endfacet
  facet normal 0 0 1
    outer loop
      vertex -5.31109 9.23783 72
      vertex -3.60423 10.2789 72
      vertex -4.30518 11.1331 72
    endloop
  endfacet
  facet normal 0 0 1
    outer loop
      vertex -2.37716 8.4425 72
      vertex -4.49514 8.09918 72
      vertex -4.09272 7.45202 72
    endloop
  endfacet
  facet normal 0 0 1
    outer loop
      vertex -2.96064 9.3808 72
      vertex -4.60774 8.28024 72
      vertex -4.49514 8.09918 72
    endloop
  endfacet
  facet normal 0 0 1
    outer loop
      vertex -2.96064 9.3808 72
      vertex -4.73193 8.45356 72
      vertex -4.60774 8.28024 72
    endloop
  endfacet
  facet normal 0 0 1
    outer loop
      vertex -5.9403 9.98254 72
      vertex -4.30518 11.1331 72
      vertex -5.0605 11.9395 72
    endloop
  endfacet
  facet normal 0 0 1
    outer loop
      vertex -3.60423 10.2789 72
      vertex -5.17582 9.07301 72
      vertex -4.73193 8.45356 72
    endloop
  endfacet
  facet normal 0 0 1
    outer loop
      vertex -3.60423 10.2789 72
      vertex -5.31109 9.23783 72
      vertex -5.17582 9.07301 72
    endloop
  endfacet
  facet normal 0 0 1
    outer loop
      vertex -4.30518 11.1331 72
      vertex -5.79454 9.82692 72
      vertex -5.31109 9.23783 72
    endloop
  endfacet
  facet normal 0 0 1
    outer loop
      vertex -7.01746 11.0597 72
      vertex -5.0605 11.9395 72
      vertex -5.86695 12.6948 72
    endloop
  endfacet
  facet normal 0 0 1
    outer loop
      vertex -4.30518 11.1331 72
      vertex -5.9403 9.98254 72
      vertex -5.79454 9.82692 72
    endloop
  endfacet
  facet normal 0 0 1
    outer loop
      vertex -5.0605 11.9395 72
      vertex -6.46125 10.5388 72
      vertex -5.9403 9.98254 72
    endloop
  endfacet
  facet normal 0 0 1
    outer loop
      vertex -7.76217 11.6889 72
      vertex -5.86695 12.6948 72
      vertex -6.72106 13.3958 72
    endloop
  endfacet
  facet normal 0 0 1
    outer loop
      vertex -5.0605 11.9395 72
      vertex -7.01746 11.0597 72
      vertex -6.46125 10.5388 72
    endloop
  endfacet
  facet normal 0 0 1
    outer loop
      vertex -5.86695 12.6948 72
      vertex -7.17308 11.2055 72
      vertex -7.01746 11.0597 72
    endloop
  endfacet
  facet normal 0 0 1
    outer loop
      vertex -8.54644 12.2681 72
      vertex -6.72106 13.3958 72
      vertex -7.6192 14.0394 72
    endloop
  endfacet
  facet normal 0 0 1
    outer loop
      vertex -5.86695 12.6948 72
      vertex -7.76217 11.6889 72
      vertex -7.17308 11.2055 72
    endloop
  endfacet
  facet normal 0 0 1
    outer loop
      vertex -6.72106 13.3958 72
      vertex -7.92699 11.8242 72
      vertex -7.76217 11.6889 72
    endloop
  endfacet
  facet normal 0 0 1
    outer loop
      vertex -6.72106 13.3958 72
      vertex -8.54644 12.2681 72
      vertex -7.92699 11.8242 72
    endloop
  endfacet
  facet normal 0 0 1
    outer loop
      vertex -8.90082 12.5049 72
      vertex -7.6192 14.0394 72
      vertex -8.5575 14.6228 72
    endloop
  endfacet
  facet normal 0 0 1
    outer loop
      vertex -7.6192 14.0394 72
      vertex -8.71975 12.3923 72
      vertex -8.54644 12.2681 72
    endloop
  endfacet
  facet normal 0 0 1
    outer loop
      vertex -7.6192 14.0394 72
      vertex -8.90082 12.5049 72
      vertex -8.71975 12.3923 72
    endloop
  endfacet
  facet normal 0 0 1
    outer loop
      vertex -9.73602 13.0078 72
      vertex -8.5575 14.6228 72
      vertex -9.53195 15.1437 72
    endloop
  endfacet
  facet normal 0 0 1
    outer loop
      vertex -8.5575 14.6228 72
      vertex -9.54798 12.9073 72
      vertex -8.90082 12.5049 72
    endloop
  endfacet
  facet normal 0 0 1
    outer loop
      vertex -8.5575 14.6228 72
      vertex -9.73602 13.0078 72
      vertex -9.54798 12.9073 72
    endloop
  endfacet
  facet normal 0 0 1
    outer loop
      vertex -9.53195 15.1437 72
      vertex -10.4081 13.367 72
      vertex -9.73602 13.0078 72
    endloop
  endfacet
  facet normal 0 0 1
    outer loop
      vertex -11.1023 13.6815 72
      vertex -9.53195 15.1437 72
      vertex -10.5384 15.5997 72
    endloop
  endfacet
  facet normal 0 0 1
    outer loop
      vertex -9.53195 15.1437 72
      vertex -11.1023 13.6815 72
      vertex -10.4081 13.367 72
    endloop
  endfacet
  facet normal 0 0 1
    outer loop
      vertex -10.5384 15.5997 72
      vertex -11.2965 13.7695 72
      vertex -11.1023 13.6815 72
    endloop
  endfacet
  facet normal 0 0 1
    outer loop
      vertex -10.5384 15.5997 72
      vertex -11.496 13.8447 72
      vertex -11.2965 13.7695 72
    endloop
  endfacet
  facet normal 0 0 1
    outer loop
      vertex -11.5725 15.9889 72
      vertex -11.496 13.8447 72
      vertex -10.5384 15.5997 72
    endloop
  endfacet
  facet normal 0 0 1
    outer loop
      vertex -11.5725 15.9889 72
      vertex -12.2093 14.1131 72
      vertex -11.496 13.8447 72
    endloop
  endfacet
  facet normal 0 0 1
    outer loop
      vertex -12.9385 14.3343 72
      vertex -11.5725 15.9889 72
      vertex -12.6298 16.3097 72
    endloop
  endfacet
  facet normal 0 0 1
    outer loop
      vertex -11.5725 15.9889 72
      vertex -12.9385 14.3343 72
      vertex -12.2093 14.1131 72
    endloop
  endfacet
  facet normal 0 0 1
    outer loop
      vertex -12.6298 16.3097 72
      vertex -13.1425 14.3962 72
      vertex -12.9385 14.3343 72
    endloop
  endfacet
  facet normal 0 0 1
    outer loop
      vertex -13.8847 14.5693 72
      vertex -12.6298 16.3097 72
      vertex -13.7059 16.5606 72
    endloop
  endfacet
  facet normal 0 0 1
    outer loop
      vertex -12.6298 16.3097 72
      vertex -13.8847 14.5693 72
      vertex -13.1425 14.3962 72
    endloop
  endfacet
  facet normal 0 0 1
    outer loop
      vertex -13.7059 16.5606 72
      vertex -14.0924 14.6177 72
      vertex -13.8847 14.5693 72
    endloop
  endfacet
  facet normal 0 0 1
    outer loop
      vertex -13.7059 16.5606 72
      vertex -14.3027 14.6524 72
      vertex -14.0924 14.6177 72
    endloop
  endfacet
  facet normal 0 0 1
    outer loop
      vertex -14.7961 16.7405 72
      vertex -14.3027 14.6524 72
      vertex -13.7059 16.5606 72
    endloop
  endfacet
  facet normal 0 0 1
    outer loop
      vertex -14.7961 16.7405 72
      vertex -15.0546 14.7765 72
      vertex -14.3027 14.6524 72
    endloop
  endfacet
  facet normal 0 0 1
    outer loop
      vertex -14.7961 16.7405 72
      vertex -15.813 14.8512 72
      vertex -15.0546 14.7765 72
    endloop
  endfacet
  facet normal 0 0 1
    outer loop
      vertex -15.8957 16.8488 72
      vertex -15.813 14.8512 72
      vertex -14.7961 16.7405 72
    endloop
  endfacet
  facet normal 0 0 1
    outer loop
      vertex -15.8957 16.8488 72
      vertex -16.0252 14.8721 72
      vertex -15.813 14.8512 72
    endloop
  endfacet
  facet normal 0 0 1
    outer loop
      vertex -15.8957 16.8488 72
      vertex -16.2383 14.8791 72
      vertex -16.0252 14.8721 72
    endloop
  endfacet
  facet normal 0 0 1
    outer loop
      vertex -17 16.885 72
      vertex -16.2383 14.8791 72
      vertex -15.8957 16.8488 72
    endloop
  endfacet
  facet normal 0 0 1
    outer loop
      vertex -17 16.885 72
      vertex -17 14.904 72
      vertex -16.2383 14.8791 72
    endloop
  endfacet
  facet normal 0 0 1
    outer loop
      vertex -17 16.885 72
      vertex -17.7617 14.8791 72
      vertex -17 14.904 72
    endloop
  endfacet
  facet normal -0 0 1
    outer loop
      vertex -18.1043 16.8488 72
      vertex -17.7617 14.8791 72
      vertex -17 16.885 72
    endloop
  endfacet
  facet normal 0 0 1
    outer loop
      vertex -17.7617 14.8791 72
      vertex -18.1043 16.8488 72
      vertex -17.9748 14.8721 72
    endloop
  endfacet
  facet normal 0 0 1
    outer loop
      vertex -18.1043 16.8488 72
      vertex -18.187 14.8512 72
      vertex -17.9748 14.8721 72
    endloop
  endfacet
  facet normal -0 0 1
    outer loop
      vertex -19.2039 16.7405 72
      vertex -18.187 14.8512 72
      vertex -18.1043 16.8488 72
    endloop
  endfacet
  facet normal 0 0 1
    outer loop
      vertex -18.187 14.8512 72
      vertex -19.2039 16.7405 72
      vertex -18.9454 14.7765 72
    endloop
  endfacet
  facet normal 0 0 1
    outer loop
      vertex -19.2039 16.7405 72
      vertex -19.6973 14.6524 72
      vertex -18.9454 14.7765 72
    endloop
  endfacet
  facet normal -0 0 1
    outer loop
      vertex -20.2941 16.5606 72
      vertex -19.6973 14.6524 72
      vertex -19.2039 16.7405 72
    endloop
  endfacet
  facet normal 0 0 1
    outer loop
      vertex -19.6973 14.6524 72
      vertex -20.2941 16.5606 72
      vertex -19.9076 14.6177 72
    endloop
  endfacet
  facet normal 0 0 1
    outer loop
      vertex -19.9076 14.6177 72
      vertex -20.2941 16.5606 72
      vertex -20.1153 14.5693 72
    endloop
  endfacet
  facet normal -0 0 1
    outer loop
      vertex -21.3702 16.3097 72
      vertex -20.1153 14.5693 72
      vertex -20.2941 16.5606 72
    endloop
  endfacet
  facet normal 0 0 1
    outer loop
      vertex -20.1153 14.5693 72
      vertex -21.3702 16.3097 72
      vertex -20.8575 14.3962 72
    endloop
  endfacet
  facet normal 0 0 1
    outer loop
      vertex -20.8575 14.3962 72
      vertex -21.3702 16.3097 72
      vertex -21.0615 14.3343 72
    endloop
  endfacet
  facet normal -0 0 1
    outer loop
      vertex -22.4275 15.9889 72
      vertex -21.0615 14.3343 72
      vertex -21.3702 16.3097 72
    endloop
  endfacet
  facet normal 0 0 1
    outer loop
      vertex -21.0615 14.3343 72
      vertex -22.4275 15.9889 72
      vertex -21.7907 14.1131 72
    endloop
  endfacet
  facet normal 0 0 1
    outer loop
      vertex -22.4275 15.9889 72
      vertex -22.504 13.8447 72
      vertex -21.7907 14.1131 72
    endloop
  endfacet
  facet normal -0 0 1
    outer loop
      vertex -23.4616 15.5997 72
      vertex -22.504 13.8447 72
      vertex -22.4275 15.9889 72
    endloop
  endfacet
  facet normal 0 0 1
    outer loop
      vertex -22.504 13.8447 72
      vertex -23.4616 15.5997 72
      vertex -22.7035 13.7695 72
    endloop
  endfacet
  facet normal 0 0 1
    outer loop
      vertex -22.7035 13.7695 72
      vertex -23.4616 15.5997 72
      vertex -22.8977 13.6815 72
    endloop
  endfacet
  facet normal -0 0 1
    outer loop
      vertex -24.468 15.1437 72
      vertex -22.8977 13.6815 72
      vertex -23.4616 15.5997 72
    endloop
  endfacet
  facet normal 0 0 1
    outer loop
      vertex -22.8977 13.6815 72
      vertex -24.468 15.1437 72
      vertex -23.5919 13.367 72
    endloop
  endfacet
  facet normal 0 0 1
    outer loop
      vertex -23.5919 13.367 72
      vertex -24.468 15.1437 72
      vertex -24.264 13.0078 72
    endloop
  endfacet
  facet normal -0 0 1
    outer loop
      vertex -25.4425 14.6228 72
      vertex -24.264 13.0078 72
      vertex -24.468 15.1437 72
    endloop
  endfacet
  facet normal 0 0 1
    outer loop
      vertex -24.264 13.0078 72
      vertex -25.4425 14.6228 72
      vertex -24.452 12.9073 72
    endloop
  endfacet
  facet normal 0 0 1
    outer loop
      vertex -24.452 12.9073 72
      vertex -25.4425 14.6228 72
      vertex -25.0992 12.5049 72
    endloop
  endfacet
  facet normal -0 0 1
    outer loop
      vertex -26.3808 14.0394 72
      vertex -25.0992 12.5049 72
      vertex -25.4425 14.6228 72
    endloop
  endfacet
  facet normal 0 0 1
    outer loop
      vertex -25.0992 12.5049 72
      vertex -26.3808 14.0394 72
      vertex -25.2802 12.3923 72
    endloop
  endfacet
  facet normal 0 0 1
    outer loop
      vertex -25.2802 12.3923 72
      vertex -26.3808 14.0394 72
      vertex -25.4536 12.2681 72
    endloop
  endfacet
  facet normal -0 0 1
    outer loop
      vertex -27.2789 13.3958 72
      vertex -25.4536 12.2681 72
      vertex -26.3808 14.0394 72
    endloop
  endfacet
  facet normal 0 0 1
    outer loop
      vertex -25.4536 12.2681 72
      vertex -27.2789 13.3958 72
      vertex -26.073 11.8242 72
    endloop
  endfacet
  facet normal 0 0 1
    outer loop
      vertex -26.073 11.8242 72
      vertex -27.2789 13.3958 72
      vertex -26.2378 11.6889 72
    endloop
  endfacet
  facet normal -0 0 1
    outer loop
      vertex -28.1331 12.6948 72
      vertex -26.2378 11.6889 72
      vertex -27.2789 13.3958 72
    endloop
  endfacet
  facet normal 0 0 1
    outer loop
      vertex -26.2378 11.6889 72
      vertex -28.1331 12.6948 72
      vertex -26.8269 11.2055 72
    endloop
  endfacet
  facet normal 0 0 1
    outer loop
      vertex -26.8269 11.2055 72
      vertex -28.1331 12.6948 72
      vertex -26.9825 11.0597 72
    endloop
  endfacet
  facet normal -0 0 1
    outer loop
      vertex -28.9395 11.9395 72
      vertex -26.9825 11.0597 72
      vertex -28.1331 12.6948 72
    endloop
  endfacet
  facet normal 0 0 1
    outer loop
      vertex -26.9825 11.0597 72
      vertex -28.9395 11.9395 72
      vertex -27.5388 10.5388 72
    endloop
  endfacet
  facet normal 0 0 1
    outer loop
      vertex -27.5388 10.5388 72
      vertex -28.9395 11.9395 72
      vertex -28.0597 9.98254 72
    endloop
  endfacet
  facet normal -0 0 1
    outer loop
      vertex -29.6948 11.1331 72
      vertex -28.0597 9.98254 72
      vertex -28.9395 11.9395 72
    endloop
  endfacet
  facet normal 0 0 1
    outer loop
      vertex -28.0597 9.98254 72
      vertex -29.6948 11.1331 72
      vertex -28.2055 9.82692 72
    endloop
  endfacet
  facet normal 0 0 1
    outer loop
      vertex -28.2055 9.82692 72
      vertex -29.6948 11.1331 72
      vertex -28.6889 9.23783 72
    endloop
  endfacet
  facet normal -0 0 1
    outer loop
      vertex -30.3958 10.2789 72
      vertex -28.6889 9.23783 72
      vertex -29.6948 11.1331 72
    endloop
  endfacet
  facet normal 0 0 1
    outer loop
      vertex -28.6889 9.23783 72
      vertex -30.3958 10.2789 72
      vertex -28.8242 9.07301 72
    endloop
  endfacet
  facet normal 0 0 1
    outer loop
      vertex -28.8242 9.07301 72
      vertex -30.3958 10.2789 72
      vertex -29.2681 8.45356 72
    endloop
  endfacet
  facet normal -0 0 1
    outer loop
      vertex -31.0394 9.3808 72
      vertex -29.2681 8.45356 72
      vertex -30.3958 10.2789 72
    endloop
  endfacet
  facet normal 0 0 1
    outer loop
      vertex -29.2681 8.45356 72
      vertex -31.0394 9.3808 72
      vertex -29.3923 8.28024 72
    endloop
  endfacet
  facet normal 0 0 1
    outer loop
      vertex -29.3923 8.28024 72
      vertex -31.0394 9.3808 72
      vertex -29.5049 8.09918 72
    endloop
  endfacet
  facet normal -0 0 1
    outer loop
      vertex -31.6228 8.4425 72
      vertex -29.5049 8.09918 72
      vertex -31.0394 9.3808 72
    endloop
  endfacet
  facet normal 0 0 1
    outer loop
      vertex -29.5049 8.09918 72
      vertex -31.6228 8.4425 72
      vertex -29.9073 7.45202 72
    endloop
  endfacet
  facet normal 0 0 1
    outer loop
      vertex -29.9073 7.45202 72
      vertex -31.6228 8.4425 72
      vertex -30.0078 7.26398 72
    endloop
  endfacet
  facet normal -0 0 1
    outer loop
      vertex -32.1437 7.46804 72
      vertex -30.0078 7.26398 72
      vertex -31.6228 8.4425 72
    endloop
  endfacet
  facet normal 0 0 1
    outer loop
      vertex -30.0078 7.26398 72
      vertex -32.1437 7.46804 72
      vertex -30.367 6.59189 72
    endloop
  endfacet
  facet normal 0 0 1
    outer loop
      vertex -30.367 6.59189 72
      vertex -32.1437 7.46804 72
      vertex -30.6815 5.89775 72
    endloop
  endfacet
  facet normal -0 0 1
    outer loop
      vertex -32.5997 6.46161 72
      vertex -30.6815 5.89775 72
      vertex -32.1437 7.46804 72
    endloop
  endfacet
  facet normal 0 0 1
    outer loop
      vertex -30.6815 5.89775 72
      vertex -32.5997 6.46161 72
      vertex -30.7695 5.70353 72
    endloop
  endfacet
  facet normal 0 0 1
    outer loop
      vertex -30.7695 5.70353 72
      vertex -32.5997 6.46161 72
      vertex -30.8447 5.50398 72
    endloop
  endfacet
  facet normal 0 0 1
    outer loop
      vertex -32.9889 5.4275 72
      vertex -30.8447 5.50398 72
      vertex -32.5997 6.46161 72
    endloop
  endfacet
  facet normal 0 0 1
    outer loop
      vertex -30.8447 5.50398 72
      vertex -32.9889 5.4275 72
      vertex -31.1131 4.79075 72
    endloop
  endfacet
  facet normal 0 0 1
    outer loop
      vertex -31.1131 4.79075 72
      vertex -32.9889 5.4275 72
      vertex -31.3343 4.06149 72
    endloop
  endfacet
  facet normal -0 0 1
    outer loop
      vertex -33.3097 4.37016 72
      vertex -31.3343 4.06149 72
      vertex -32.9889 5.4275 72
    endloop
  endfacet
  facet normal 0 0 1
    outer loop
      vertex -31.3343 4.06149 72
      vertex -33.3097 4.37016 72
      vertex -31.3962 3.85745 72
    endloop
  endfacet
  facet normal 0 0 1
    outer loop
      vertex -31.3962 3.85745 72
      vertex -33.3097 4.37016 72
      vertex -31.5693 3.11528 72
    endloop
  endfacet
  facet normal -0 0 1
    outer loop
      vertex -33.5606 3.2941 72
      vertex -31.5693 3.11528 72
      vertex -33.3097 4.37016 72
    endloop
  endfacet
  facet normal 0 0 1
    outer loop
      vertex -33.8488 1.10433 72
      vertex -31.8791 0.761666 72
      vertex -31.8721 0.974771 72
    endloop
  endfacet
  facet normal 0 0 1
    outer loop
      vertex -31.6177 2.90764 72
      vertex -33.5606 3.2941 72
      vertex -31.6524 2.69726 72
    endloop
  endfacet
  facet normal 0 0 1
    outer loop
      vertex -31.5693 3.11528 72
      vertex -33.5606 3.2941 72
      vertex -31.6177 2.90764 72
    endloop
  endfacet
  facet normal 0 0 1
    outer loop
      vertex -0.259453 -2.20393 72
      vertex -2.3476 -2.69726 72
      vertex -0.43944 -3.2941 72
    endloop
  endfacet
  facet normal -0 0 1
    outer loop
      vertex -2.38233 -2.90764 72
      vertex -0.43944 -3.2941 72
      vertex -2.3476 -2.69726 72
    endloop
  endfacet
  facet normal -0 0 1
    outer loop
      vertex -2.43075 -3.11528 72
      vertex -0.43944 -3.2941 72
      vertex -2.38233 -2.90764 72
    endloop
  endfacet
  facet normal 0 0 1
    outer loop
      vertex -0.43944 -3.2941 72
      vertex -2.43075 -3.11528 72
      vertex -0.690342 -4.37016 72
    endloop
  endfacet
  facet normal -0 0 1
    outer loop
      vertex -2.6038 -3.85745 72
      vertex -0.690342 -4.37016 72
      vertex -2.43075 -3.11528 72
    endloop
  endfacet
  facet normal -0 0 1
    outer loop
      vertex -2.66569 -4.06149 72
      vertex -0.690342 -4.37016 72
      vertex -2.6038 -3.85745 72
    endloop
  endfacet
  facet normal 0 0 1
    outer loop
      vertex -0.690342 -4.37016 72
      vertex -2.66569 -4.06149 72
      vertex -1.01108 -5.4275 72
    endloop
  endfacet
  facet normal -0 0 1
    outer loop
      vertex -2.88691 -4.79075 72
      vertex -1.01108 -5.4275 72
      vertex -2.66569 -4.06149 72
    endloop
  endfacet
  facet normal 0 0 1
    outer loop
      vertex -3.15535 -5.50398 72
      vertex -1.01108 -5.4275 72
      vertex -2.88691 -4.79075 72
    endloop
  endfacet
  facet normal 0 0 1
    outer loop
      vertex -1.01108 -5.4275 72
      vertex -3.15535 -5.50398 72
      vertex -1.40029 -6.46161 72
    endloop
  endfacet
  facet normal -0 0 1
    outer loop
      vertex -3.23046 -5.70353 72
      vertex -1.40029 -6.46161 72
      vertex -3.15535 -5.50398 72
    endloop
  endfacet
  facet normal -0 0 1
    outer loop
      vertex -3.31845 -5.89775 72
      vertex -1.40029 -6.46161 72
      vertex -3.23046 -5.70353 72
    endloop
  endfacet
  facet normal 0 0 1
    outer loop
      vertex -1.40029 -6.46161 72
      vertex -3.31845 -5.89775 72
      vertex -1.8563 -7.46804 72
    endloop
  endfacet
  facet normal -0 0 1
    outer loop
      vertex -3.63297 -6.59189 72
      vertex -1.8563 -7.46804 72
      vertex -3.31845 -5.89775 72
    endloop
  endfacet
  facet normal -0 0 1
    outer loop
      vertex -3.9922 -7.26398 72
      vertex -1.8563 -7.46804 72
      vertex -3.63297 -6.59189 72
    endloop
  endfacet
  facet normal 0 0 1
    outer loop
      vertex -1.8563 -7.46804 72
      vertex -3.9922 -7.26398 72
      vertex -2.37716 -8.4425 72
    endloop
  endfacet
  facet normal -0 0 1
    outer loop
      vertex -4.09272 -7.45202 72
      vertex -2.37716 -8.4425 72
      vertex -3.9922 -7.26398 72
    endloop
  endfacet
  facet normal -0 0 1
    outer loop
      vertex -4.49514 -8.09918 72
      vertex -2.37716 -8.4425 72
      vertex -4.09272 -7.45202 72
    endloop
  endfacet
  facet normal 0 0 1
    outer loop
      vertex -2.37716 -8.4425 72
      vertex -4.49514 -8.09918 72
      vertex -2.96064 -9.3808 72
    endloop
  endfacet
  facet normal -0 0 1
    outer loop
      vertex -4.60774 -8.28024 72
      vertex -2.96064 -9.3808 72
      vertex -4.49514 -8.09918 72
    endloop
  endfacet
  facet normal -0 0 1
    outer loop
      vertex -4.73193 -8.45356 72
      vertex -2.96064 -9.3808 72
      vertex -4.60774 -8.28024 72
    endloop
  endfacet
  facet normal 0 0 1
    outer loop
      vertex -2.96064 -9.3808 72
      vertex -4.73193 -8.45356 72
      vertex -3.60423 -10.2789 72
    endloop
  endfacet
  facet normal -0 0 1
    outer loop
      vertex -5.17582 -9.07301 72
      vertex -3.60423 -10.2789 72
      vertex -4.73193 -8.45356 72
    endloop
  endfacet
  facet normal -0 0 1
    outer loop
      vertex -5.31109 -9.23783 72
      vertex -3.60423 -10.2789 72
      vertex -5.17582 -9.07301 72
    endloop
  endfacet
  facet normal 0 0 1
    outer loop
      vertex -3.60423 -10.2789 72
      vertex -5.31109 -9.23783 72
      vertex -4.30518 -11.1331 72
    endloop
  endfacet
  facet normal -0 0 1
    outer loop
      vertex -5.79454 -9.82692 72
      vertex -4.30518 -11.1331 72
      vertex -5.31109 -9.23783 72
    endloop
  endfacet
  facet normal -0 0 1
    outer loop
      vertex -5.9403 -9.98254 72
      vertex -4.30518 -11.1331 72
      vertex -5.79454 -9.82692 72
    endloop
  endfacet
  facet normal 0 0 1
    outer loop
      vertex -4.30518 -11.1331 72
      vertex -5.9403 -9.98254 72
      vertex -5.0605 -11.9395 72
    endloop
  endfacet
  facet normal -0 0 1
    outer loop
      vertex -6.46125 -10.5388 72
      vertex -5.0605 -11.9395 72
      vertex -5.9403 -9.98254 72
    endloop
  endfacet
  facet normal -0 0 1
    outer loop
      vertex -7.01746 -11.0597 72
      vertex -5.0605 -11.9395 72
      vertex -6.46125 -10.5388 72
    endloop
  endfacet
  facet normal 0 0 1
    outer loop
      vertex -5.0605 -11.9395 72
      vertex -7.01746 -11.0597 72
      vertex -5.86695 -12.6948 72
    endloop
  endfacet
  facet normal -0 0 1
    outer loop
      vertex -7.17308 -11.2055 72
      vertex -5.86695 -12.6948 72
      vertex -7.01746 -11.0597 72
    endloop
  endfacet
  facet normal -0 0 1
    outer loop
      vertex -7.76217 -11.6889 72
      vertex -5.86695 -12.6948 72
      vertex -7.17308 -11.2055 72
    endloop
  endfacet
  facet normal 0 0 1
    outer loop
      vertex -5.86695 -12.6948 72
      vertex -7.76217 -11.6889 72
      vertex -6.72106 -13.3958 72
    endloop
  endfacet
  facet normal -0 0 1
    outer loop
      vertex -7.92699 -11.8242 72
      vertex -6.72106 -13.3958 72
      vertex -7.76217 -11.6889 72
    endloop
  endfacet
  facet normal -0 0 1
    outer loop
      vertex -8.54644 -12.2681 72
      vertex -6.72106 -13.3958 72
      vertex -7.92699 -11.8242 72
    endloop
  endfacet
  facet normal 0 0 1
    outer loop
      vertex -6.72106 -13.3958 72
      vertex -8.54644 -12.2681 72
      vertex -7.6192 -14.0394 72
    endloop
  endfacet
  facet normal -0 0 1
    outer loop
      vertex -8.71975 -12.3923 72
      vertex -7.6192 -14.0394 72
      vertex -8.54644 -12.2681 72
    endloop
  endfacet
  facet normal -0 0 1
    outer loop
      vertex -8.90082 -12.5049 72
      vertex -7.6192 -14.0394 72
      vertex -8.71975 -12.3923 72
    endloop
  endfacet
  facet normal 0 0 1
    outer loop
      vertex -7.6192 -14.0394 72
      vertex -8.90082 -12.5049 72
      vertex -8.5575 -14.6228 72
    endloop
  endfacet
  facet normal -0 0 1
    outer loop
      vertex -9.54798 -12.9073 72
      vertex -8.5575 -14.6228 72
      vertex -8.90082 -12.5049 72
    endloop
  endfacet
  facet normal -0 0 1
    outer loop
      vertex -9.73602 -13.0078 72
      vertex -8.5575 -14.6228 72
      vertex -9.54798 -12.9073 72
    endloop
  endfacet
  facet normal 0 0 1
    outer loop
      vertex -8.5575 -14.6228 72
      vertex -9.73602 -13.0078 72
      vertex -9.53195 -15.1437 72
    endloop
  endfacet
  facet normal -0 0 1
    outer loop
      vertex -10.4081 -13.367 72
      vertex -9.53195 -15.1437 72
      vertex -9.73602 -13.0078 72
    endloop
  endfacet
  facet normal -0 0 1
    outer loop
      vertex -11.1023 -13.6815 72
      vertex -9.53195 -15.1437 72
      vertex -10.4081 -13.367 72
    endloop
  endfacet
  facet normal 0 0 1
    outer loop
      vertex -9.53195 -15.1437 72
      vertex -11.1023 -13.6815 72
      vertex -10.5384 -15.5997 72
    endloop
  endfacet
  facet normal -0 0 1
    outer loop
      vertex -11.2965 -13.7695 72
      vertex -10.5384 -15.5997 72
      vertex -11.1023 -13.6815 72
    endloop
  endfacet
  facet normal -0 0 1
    outer loop
      vertex -11.496 -13.8447 72
      vertex -10.5384 -15.5997 72
      vertex -11.2965 -13.7695 72
    endloop
  endfacet
  facet normal 0 0 1
    outer loop
      vertex -11.496 -13.8447 72
      vertex -11.5725 -15.9889 72
      vertex -10.5384 -15.5997 72
    endloop
  endfacet
  facet normal -0 0 1
    outer loop
      vertex -12.2093 -14.1131 72
      vertex -11.5725 -15.9889 72
      vertex -11.496 -13.8447 72
    endloop
  endfacet
  facet normal -0 0 1
    outer loop
      vertex -12.9385 -14.3343 72
      vertex -11.5725 -15.9889 72
      vertex -12.2093 -14.1131 72
    endloop
  endfacet
  facet normal 0 0 1
    outer loop
      vertex -11.5725 -15.9889 72
      vertex -12.9385 -14.3343 72
      vertex -12.6298 -16.3097 72
    endloop
  endfacet
  facet normal -0 0 1
    outer loop
      vertex -13.1425 -14.3962 72
      vertex -12.6298 -16.3097 72
      vertex -12.9385 -14.3343 72
    endloop
  endfacet
  facet normal -0 0 1
    outer loop
      vertex -13.8847 -14.5693 72
      vertex -12.6298 -16.3097 72
      vertex -13.1425 -14.3962 72
    endloop
  endfacet
  facet normal 0 0 1
    outer loop
      vertex -12.6298 -16.3097 72
      vertex -13.8847 -14.5693 72
      vertex -13.7059 -16.5606 72
    endloop
  endfacet
  facet normal -0 0 1
    outer loop
      vertex -14.0924 -14.6177 72
      vertex -13.7059 -16.5606 72
      vertex -13.8847 -14.5693 72
    endloop
  endfacet
  facet normal -0 0 1
    outer loop
      vertex -14.3027 -14.6524 72
      vertex -13.7059 -16.5606 72
      vertex -14.0924 -14.6177 72
    endloop
  endfacet
  facet normal 0 0 1
    outer loop
      vertex -14.3027 -14.6524 72
      vertex -14.7961 -16.7405 72
      vertex -13.7059 -16.5606 72
    endloop
  endfacet
  facet normal -0 0 1
    outer loop
      vertex -15.0546 -14.7765 72
      vertex -14.7961 -16.7405 72
      vertex -14.3027 -14.6524 72
    endloop
  endfacet
  facet normal -0 0 1
    outer loop
      vertex -15.813 -14.8512 72
      vertex -14.7961 -16.7405 72
      vertex -15.0546 -14.7765 72
    endloop
  endfacet
  facet normal 0 0 1
    outer loop
      vertex -15.813 -14.8512 72
      vertex -15.8957 -16.8488 72
      vertex -14.7961 -16.7405 72
    endloop
  endfacet
  facet normal -0 0 1
    outer loop
      vertex -16.0252 -14.8721 72
      vertex -15.8957 -16.8488 72
      vertex -15.813 -14.8512 72
    endloop
  endfacet
  facet normal -0 0 1
    outer loop
      vertex -16.2383 -14.8791 72
      vertex -15.8957 -16.8488 72
      vertex -16.0252 -14.8721 72
    endloop
  endfacet
  facet normal 0 0 1
    outer loop
      vertex -17 -16.885 72
      vertex -16.2383 -14.8791 72
      vertex -17 -14.904 72
    endloop
  endfacet
  facet normal 0 0 1
    outer loop
      vertex -16.2383 -14.8791 72
      vertex -17 -16.885 72
      vertex -15.8957 -16.8488 72
    endloop
  endfacet
  facet normal 0 0 1
    outer loop
      vertex -17.7617 -14.8791 72
      vertex -17 -16.885 72
      vertex -17 -14.904 72
    endloop
  endfacet
  facet normal 0 0 1
    outer loop
      vertex -18.1043 -16.8488 72
      vertex -17.7617 -14.8791 72
      vertex -17.9748 -14.8721 72
    endloop
  endfacet
  facet normal 0 0 1
    outer loop
      vertex -17.7617 -14.8791 72
      vertex -18.1043 -16.8488 72
      vertex -17 -16.885 72
    endloop
  endfacet
  facet normal 0 0 1
    outer loop
      vertex -18.187 -14.8512 72
      vertex -18.1043 -16.8488 72
      vertex -17.9748 -14.8721 72
    endloop
  endfacet
  facet normal 0 0 1
    outer loop
      vertex -19.2039 -16.7405 72
      vertex -18.187 -14.8512 72
      vertex -18.9454 -14.7765 72
    endloop
  endfacet
  facet normal 0 0 1
    outer loop
      vertex -18.187 -14.8512 72
      vertex -19.2039 -16.7405 72
      vertex -18.1043 -16.8488 72
    endloop
  endfacet
  facet normal 0 0 1
    outer loop
      vertex -19.6973 -14.6524 72
      vertex -19.2039 -16.7405 72
      vertex -18.9454 -14.7765 72
    endloop
  endfacet
  facet normal 0 0 1
    outer loop
      vertex -20.2941 -16.5606 72
      vertex -19.6973 -14.6524 72
      vertex -19.9076 -14.6177 72
    endloop
  endfacet
  facet normal 0 0 1
    outer loop
      vertex -20.2941 -16.5606 72
      vertex -19.9076 -14.6177 72
      vertex -20.1153 -14.5693 72
    endloop
  endfacet
  facet normal 0 0 1
    outer loop
      vertex -19.6973 -14.6524 72
      vertex -20.2941 -16.5606 72
      vertex -19.2039 -16.7405 72
    endloop
  endfacet
  facet normal 0 0 1
    outer loop
      vertex -21.3702 -16.3097 72
      vertex -20.1153 -14.5693 72
      vertex -20.8575 -14.3962 72
    endloop
  endfacet
  facet normal 0 0 1
    outer loop
      vertex -21.3702 -16.3097 72
      vertex -20.8575 -14.3962 72
      vertex -21.0615 -14.3343 72
    endloop
  endfacet
  facet normal 0 0 1
    outer loop
      vertex -20.1153 -14.5693 72
      vertex -21.3702 -16.3097 72
      vertex -20.2941 -16.5606 72
    endloop
  endfacet
  facet normal 0 0 1
    outer loop
      vertex -22.4275 -15.9889 72
      vertex -21.0615 -14.3343 72
      vertex -21.7907 -14.1131 72
    endloop
  endfacet
  facet normal 0 0 1
    outer loop
      vertex -21.0615 -14.3343 72
      vertex -22.4275 -15.9889 72
      vertex -21.3702 -16.3097 72
    endloop
  endfacet
  facet normal 0 0 1
    outer loop
      vertex -22.504 -13.8447 72
      vertex -22.4275 -15.9889 72
      vertex -21.7907 -14.1131 72
    endloop
  endfacet
  facet normal 0 0 1
    outer loop
      vertex -23.4616 -15.5997 72
      vertex -22.504 -13.8447 72
      vertex -22.7035 -13.7695 72
    endloop
  endfacet
  facet normal 0 0 1
    outer loop
      vertex -23.4616 -15.5997 72
      vertex -22.7035 -13.7695 72
      vertex -22.8977 -13.6815 72
    endloop
  endfacet
  facet normal 0 0 1
    outer loop
      vertex -22.504 -13.8447 72
      vertex -23.4616 -15.5997 72
      vertex -22.4275 -15.9889 72
    endloop
  endfacet
  facet normal 0 0 1
    outer loop
      vertex -24.468 -15.1437 72
      vertex -22.8977 -13.6815 72
      vertex -23.5919 -13.367 72
    endloop
  endfacet
  facet normal 0 0 1
    outer loop
      vertex -24.468 -15.1437 72
      vertex -23.5919 -13.367 72
      vertex -24.264 -13.0078 72
    endloop
  endfacet
  facet normal 0 0 1
    outer loop
      vertex -25.4425 -14.6228 72
      vertex -24.264 -13.0078 72
      vertex -24.452 -12.9073 72
    endloop
  endfacet
  facet normal 0 0 1
    outer loop
      vertex -22.8977 -13.6815 72
      vertex -24.468 -15.1437 72
      vertex -23.4616 -15.5997 72
    endloop
  endfacet
  facet normal 0 0 1
    outer loop
      vertex -25.4425 -14.6228 72
      vertex -24.452 -12.9073 72
      vertex -25.0992 -12.5049 72
    endloop
  endfacet
  facet normal 0 0 1
    outer loop
      vertex -26.3808 -14.0394 72
      vertex -25.0992 -12.5049 72
      vertex -25.2802 -12.3923 72
    endloop
  endfacet
  facet normal 0 0 1
    outer loop
      vertex -24.264 -13.0078 72
      vertex -25.4425 -14.6228 72
      vertex -24.468 -15.1437 72
    endloop
  endfacet
  facet normal 0 0 1
    outer loop
      vertex -26.3808 -14.0394 72
      vertex -25.2802 -12.3923 72
      vertex -25.4536 -12.2681 72
    endloop
  endfacet
  facet normal 0 0 1
    outer loop
      vertex -27.2789 -13.3958 72
      vertex -25.4536 -12.2681 72
      vertex -26.073 -11.8242 72
    endloop
  endfacet
  facet normal 0 0 1
    outer loop
      vertex -27.2789 -13.3958 72
      vertex -26.073 -11.8242 72
      vertex -26.2378 -11.6889 72
    endloop
  endfacet
  facet normal 0 0 1
    outer loop
      vertex -25.0992 -12.5049 72
      vertex -26.3808 -14.0394 72
      vertex -25.4425 -14.6228 72
    endloop
  endfacet
  facet normal 0 0 1
    outer loop
      vertex -28.1331 -12.6948 72
      vertex -26.2378 -11.6889 72
      vertex -26.8269 -11.2055 72
    endloop
  endfacet
  facet normal 0 0 1
    outer loop
      vertex -28.1331 -12.6948 72
      vertex -26.8269 -11.2055 72
      vertex -26.9825 -11.0597 72
    endloop
  endfacet
  facet normal 0 0 1
    outer loop
      vertex -25.4536 -12.2681 72
      vertex -27.2789 -13.3958 72
      vertex -26.3808 -14.0394 72
    endloop
  endfacet
  facet normal 0 0 1
    outer loop
      vertex -28.9395 -11.9395 72
      vertex -26.9825 -11.0597 72
      vertex -27.5388 -10.5388 72
    endloop
  endfacet
  facet normal 0 0 1
    outer loop
      vertex -28.9395 -11.9395 72
      vertex -27.5388 -10.5388 72
      vertex -28.0597 -9.98254 72
    endloop
  endfacet
  facet normal 0 0 1
    outer loop
      vertex -26.2378 -11.6889 72
      vertex -28.1331 -12.6948 72
      vertex -27.2789 -13.3958 72
    endloop
  endfacet
  facet normal 0 0 1
    outer loop
      vertex -29.6948 -11.1331 72
      vertex -28.0597 -9.98254 72
      vertex -28.2055 -9.82692 72
    endloop
  endfacet
  facet normal 0 0 1
    outer loop
      vertex -29.6948 -11.1331 72
      vertex -28.2055 -9.82692 72
      vertex -28.6889 -9.23783 72
    endloop
  endfacet
  facet normal 0 0 1
    outer loop
      vertex -30.3958 -10.2789 72
      vertex -28.6889 -9.23783 72
      vertex -28.8242 -9.07301 72
    endloop
  endfacet
  facet normal 0 0 1
    outer loop
      vertex -26.9825 -11.0597 72
      vertex -28.9395 -11.9395 72
      vertex -28.1331 -12.6948 72
    endloop
  endfacet
  facet normal 0 0 1
    outer loop
      vertex -30.3958 -10.2789 72
      vertex -28.8242 -9.07301 72
      vertex -29.2681 -8.45356 72
    endloop
  endfacet
  facet normal 0 0 1
    outer loop
      vertex -31.0394 -9.3808 72
      vertex -29.2681 -8.45356 72
      vertex -29.3923 -8.28024 72
    endloop
  endfacet
  facet normal 0 0 1
    outer loop
      vertex -31.0394 -9.3808 72
      vertex -29.3923 -8.28024 72
      vertex -29.5049 -8.09918 72
    endloop
  endfacet
  facet normal 0 0 1
    outer loop
      vertex -28.0597 -9.98254 72
      vertex -29.6948 -11.1331 72
      vertex -28.9395 -11.9395 72
    endloop
  endfacet
  facet normal 0 0 1
    outer loop
      vertex -31.6228 -8.4425 72
      vertex -29.5049 -8.09918 72
      vertex -29.9073 -7.45202 72
    endloop
  endfacet
  facet normal 0 0 1
    outer loop
      vertex -31.6228 -8.4425 72
      vertex -29.9073 -7.45202 72
      vertex -30.0078 -7.26398 72
    endloop
  endfacet
  facet normal 0 0 1
    outer loop
      vertex -32.1437 -7.46804 72
      vertex -30.0078 -7.26398 72
      vertex -30.367 -6.59189 72
    endloop
  endfacet
  facet normal 0 0 1
    outer loop
      vertex -28.6889 -9.23783 72
      vertex -30.3958 -10.2789 72
      vertex -29.6948 -11.1331 72
    endloop
  endfacet
  facet normal 0 0 1
    outer loop
      vertex -32.1437 -7.46804 72
      vertex -30.367 -6.59189 72
      vertex -30.6815 -5.89775 72
    endloop
  endfacet
  facet normal 0 0 1
    outer loop
      vertex -32.5997 -6.46161 72
      vertex -30.6815 -5.89775 72
      vertex -30.7695 -5.70353 72
    endloop
  endfacet
  facet normal 0 0 1
    outer loop
      vertex -32.5997 -6.46161 72
      vertex -30.7695 -5.70353 72
      vertex -30.8447 -5.50398 72
    endloop
  endfacet
  facet normal 0 0 1
    outer loop
      vertex -29.2681 -8.45356 72
      vertex -31.0394 -9.3808 72
      vertex -30.3958 -10.2789 72
    endloop
  endfacet
  facet normal -0 0 1
    outer loop
      vertex -32.9889 -5.4275 72
      vertex -30.8447 -5.50398 72
      vertex -31.1131 -4.79075 72
    endloop
  endfacet
  facet normal 0 0 1
    outer loop
      vertex -32.9889 -5.4275 72
      vertex -31.1131 -4.79075 72
      vertex -31.3343 -4.06149 72
    endloop
  endfacet
  facet normal 0 0 1
    outer loop
      vertex -33.3097 -4.37016 72
      vertex -31.3343 -4.06149 72
      vertex -31.3962 -3.85745 72
    endloop
  endfacet
  facet normal 0 0 1
    outer loop
      vertex -33.3097 -4.37016 72
      vertex -31.3962 -3.85745 72
      vertex -31.5693 -3.11528 72
    endloop
  endfacet
  facet normal 0 0 1
    outer loop
      vertex -33.5606 -3.2941 72
      vertex -31.5693 -3.11528 72
      vertex -31.6177 -2.90764 72
    endloop
  endfacet
  facet normal 0 0 1
    outer loop
      vertex -29.5049 -8.09918 72
      vertex -31.6228 -8.4425 72
      vertex -31.0394 -9.3808 72
    endloop
  endfacet
  facet normal 0 0 1
    outer loop
      vertex -33.5606 -3.2941 72
      vertex -31.6177 -2.90764 72
      vertex -31.6524 -2.69726 72
    endloop
  endfacet
  facet normal -0 0 1
    outer loop
      vertex -33.7405 -2.20393 72
      vertex -31.6524 -2.69726 72
      vertex -31.7765 -1.94537 72
    endloop
  endfacet
  facet normal 0 0 1
    outer loop
      vertex -33.7405 -2.20393 72
      vertex -31.7765 -1.94537 72
      vertex -31.8512 -1.18696 72
    endloop
  endfacet
  facet normal -0 0 1
    outer loop
      vertex -33.8488 -1.10433 72
      vertex -31.8512 -1.18696 72
      vertex -31.8721 -0.974771 72
    endloop
  endfacet
  facet normal -0 0 1
    outer loop
      vertex -33.885 0 72
      vertex -31.8791 -0.761666 72
      vertex -31.904 0 72
    endloop
  endfacet
  facet normal 0 0 1
    outer loop
      vertex -30.0078 -7.26398 72
      vertex -32.1437 -7.46804 72
      vertex -31.6228 -8.4425 72
    endloop
  endfacet
  facet normal 0 0 1
    outer loop
      vertex -31.8791 -0.761666 72
      vertex -33.8488 -1.10433 72
      vertex -31.8721 -0.974771 72
    endloop
  endfacet
  facet normal 0 0 1
    outer loop
      vertex -33.7405 2.20393 72
      vertex -31.6524 2.69726 72
      vertex -33.5606 3.2941 72
    endloop
  endfacet
  facet normal 0 0 1
    outer loop
      vertex -31.6524 2.69726 72
      vertex -33.7405 2.20393 72
      vertex -31.7765 1.94537 72
    endloop
  endfacet
  facet normal 0 0 1
    outer loop
      vertex -30.6815 -5.89775 72
      vertex -32.5997 -6.46161 72
      vertex -32.1437 -7.46804 72
    endloop
  endfacet
  facet normal 0 0 1
    outer loop
      vertex -31.7765 1.94537 72
      vertex -33.7405 2.20393 72
      vertex -31.8512 1.18696 72
    endloop
  endfacet
  facet normal 0 0 1
    outer loop
      vertex -30.8447 -5.50398 72
      vertex -32.9889 -5.4275 72
      vertex -32.5997 -6.46161 72
    endloop
  endfacet
  facet normal 0 0 1
    outer loop
      vertex -33.8488 1.10433 72
      vertex -31.8512 1.18696 72
      vertex -33.7405 2.20393 72
    endloop
  endfacet
  facet normal 0 0 1
    outer loop
      vertex -31.3343 -4.06149 72
      vertex -33.3097 -4.37016 72
      vertex -32.9889 -5.4275 72
    endloop
  endfacet
  facet normal 0 0 1
    outer loop
      vertex -31.8512 1.18696 72
      vertex -33.8488 1.10433 72
      vertex -31.8721 0.974771 72
    endloop
  endfacet
  facet normal 0 0 1
    outer loop
      vertex -31.5693 -3.11528 72
      vertex -33.5606 -3.2941 72
      vertex -33.3097 -4.37016 72
    endloop
  endfacet
  facet normal 0 0 1
    outer loop
      vertex -33.885 0 72
      vertex -31.8791 0.761666 72
      vertex -33.8488 1.10433 72
    endloop
  endfacet
  facet normal 0 0 1
    outer loop
      vertex -31.6524 -2.69726 72
      vertex -33.7405 -2.20393 72
      vertex -33.5606 -3.2941 72
    endloop
  endfacet
  facet normal 0 0 1
    outer loop
      vertex -31.8791 0.761666 72
      vertex -33.885 0 72
      vertex -31.904 0 72
    endloop
  endfacet
  facet normal 0 0 1
    outer loop
      vertex -31.8512 -1.18696 72
      vertex -33.8488 -1.10433 72
      vertex -33.7405 -2.20393 72
    endloop
  endfacet
  facet normal 0 0 1
    outer loop
      vertex -31.8791 -0.761666 72
      vertex -33.885 0 72
      vertex -33.8488 -1.10433 72
    endloop
  endfacet
  facet normal 0.935906 0.352249 0
    outer loop
      vertex -1.01108 5.4275 72
      vertex -1.40029 6.46161 50.5
      vertex -1.40029 6.46161 72
    endloop
  endfacet
  facet normal 0.935906 0.352249 0
    outer loop
      vertex -1.40029 6.46161 50.5
      vertex -1.01108 5.4275 72
      vertex -1.01108 5.4275 50.5
    endloop
  endfacet
  facet normal 0.683581 0.729874 -0
    outer loop
      vertex -5.0605 11.9395 50.5
      vertex -5.86695 12.6948 72
      vertex -5.0605 11.9395 72
    endloop
  endfacet
  facet normal 0.683581 0.729874 0
    outer loop
      vertex -5.86695 12.6948 72
      vertex -5.0605 11.9395 50.5
      vertex -5.86695 12.6948 50.5
    endloop
  endfacet
  facet normal -0.773021 0.63438 0
    outer loop
      vertex -30.3958 10.2789 50.5
      vertex -29.6948 11.1331 72
      vertex -29.6948 11.1331 50.5
    endloop
  endfacet
  facet normal -0.773021 0.63438 0
    outer loop
      vertex -29.6948 11.1331 72
      vertex -30.3958 10.2789 50.5
      vertex -30.3958 10.2789 72
    endloop
  endfacet
  facet normal 0.352244 -0.935908 0
    outer loop
      vertex -11.5725 -15.9889 50.5
      vertex -10.5384 -15.5997 72
      vertex -11.5725 -15.9889 72
    endloop
  endfacet
  facet normal 0.352244 -0.935908 0
    outer loop
      vertex -10.5384 -15.5997 72
      vertex -11.5725 -15.9889 50.5
      vertex -10.5384 -15.5997 50.5
    endloop
  endfacet
  facet normal 0.849199 -0.528073 0
    outer loop
      vertex -2.96064 -9.3808 72
      vertex -2.37716 -8.4425 50.5
      vertex -2.37716 -8.4425 72
    endloop
  endfacet
  facet normal 0.849199 -0.528073 0
    outer loop
      vertex -2.37716 -8.4425 50.5
      vertex -2.96064 -9.3808 72
      vertex -2.96064 -9.3808 50.5
    endloop
  endfacet
  facet normal 0.412695 0.910869 -0
    outer loop
      vertex -9.53195 15.1437 50.5
      vertex -10.5384 15.5997 72
      vertex -9.53195 15.1437 72
    endloop
  endfacet
  facet normal 0.412695 0.910869 0
    outer loop
      vertex -10.5384 15.5997 72
      vertex -9.53195 15.1437 50.5
      vertex -10.5384 15.5997 50.5
    endloop
  endfacet
  facet normal 0.582479 0.812846 -0
    outer loop
      vertex -6.72106 13.3958 50.5
      vertex -7.6192 14.0394 72
      vertex -6.72106 13.3958 72
    endloop
  endfacet
  facet normal 0.582479 0.812846 0
    outer loop
      vertex -7.6192 14.0394 72
      vertex -6.72106 13.3958 50.5
      vertex -7.6192 14.0394 50.5
    endloop
  endfacet
  facet normal -0.849232 -0.528021 0
    outer loop
      vertex -31.0394 -9.3808 50.5
      vertex -31.6228 -8.4425 72
      vertex -31.6228 -8.4425 50.5
    endloop
  endfacet
  facet normal -0.849232 -0.528021 0
    outer loop
      vertex -31.6228 -8.4425 72
      vertex -31.0394 -9.3808 50.5
      vertex -31.0394 -9.3808 72
    endloop
  endfacet
  facet normal -0.0980161 0.995185 0
    outer loop
      vertex -18.1043 16.8488 50.5
      vertex -19.2039 16.7405 72
      vertex -18.1043 16.8488 72
    endloop
  endfacet
  facet normal -0.0980161 0.995185 0
    outer loop
      vertex -19.2039 16.7405 72
      vertex -18.1043 16.8488 50.5
      vertex -19.2039 16.7405 50.5
    endloop
  endfacet
  facet normal -0.881906 -0.471425 0
    outer loop
      vertex -31.6228 -8.4425 50.5
      vertex -32.1437 -7.46804 72
      vertex -32.1437 -7.46804 50.5
    endloop
  endfacet
  facet normal -0.881906 -0.471425 0
    outer loop
      vertex -32.1437 -7.46804 72
      vertex -31.6228 -8.4425 50.5
      vertex -31.6228 -8.4425 72
    endloop
  endfacet
  facet normal 0.227067 0.973879 -0
    outer loop
      vertex -12.6298 16.3097 50.5
      vertex -13.7059 16.5606 72
      vertex -12.6298 16.3097 72
    endloop
  endfacet
  facet normal 0.227067 0.973879 0
    outer loop
      vertex -13.7059 16.5606 72
      vertex -12.6298 16.3097 50.5
      vertex -13.7059 16.5606 50.5
    endloop
  endfacet
  facet normal -0.63438 -0.773021 0
    outer loop
      vertex -28.1331 -12.6948 50.5
      vertex -27.2789 -13.3958 72
      vertex -28.1331 -12.6948 72
    endloop
  endfacet
  facet normal -0.63438 -0.773021 -0
    outer loop
      vertex -27.2789 -13.3958 72
      vertex -28.1331 -12.6948 50.5
      vertex -27.2789 -13.3958 50.5
    endloop
  endfacet
  facet normal -0.773021 -0.63438 0
    outer loop
      vertex -29.6948 -11.1331 50.5
      vertex -30.3958 -10.2789 72
      vertex -30.3958 -10.2789 50.5
    endloop
  endfacet
  facet normal -0.773021 -0.63438 0
    outer loop
      vertex -30.3958 -10.2789 72
      vertex -29.6948 -11.1331 50.5
      vertex -29.6948 -11.1331 72
    endloop
  endfacet
  facet normal 0.729844 0.683614 0
    outer loop
      vertex -4.30518 11.1331 72
      vertex -5.0605 11.9395 50.5
      vertex -5.0605 11.9395 72
    endloop
  endfacet
  facet normal 0.729844 0.683614 0
    outer loop
      vertex -5.0605 11.9395 50.5
      vertex -4.30518 11.1331 72
      vertex -4.30518 11.1331 50.5
    endloop
  endfacet
  facet normal 0.729844 -0.683614 0
    outer loop
      vertex -5.0605 -11.9395 72
      vertex -4.30518 -11.1331 50.5
      vertex -4.30518 -11.1331 72
    endloop
  endfacet
  facet normal 0.729844 -0.683614 0
    outer loop
      vertex -4.30518 -11.1331 50.5
      vertex -5.0605 -11.9395 72
      vertex -5.0605 -11.9395 50.5
    endloop
  endfacet
  facet normal 0.0327633 0.999463 -0
    outer loop
      vertex -15.8957 16.8488 50.5
      vertex -17 16.885 72
      vertex -15.8957 16.8488 72
    endloop
  endfacet
  facet normal 0.0327633 0.999463 0
    outer loop
      vertex -17 16.885 72
      vertex -15.8957 16.8488 50.5
      vertex -17 16.885 50.5
    endloop
  endfacet
  facet normal -0.935909 -0.352241 0
    outer loop
      vertex -32.5997 -6.46161 50.5
      vertex -32.9889 -5.4275 72
      vertex -32.9889 -5.4275 50.5
    endloop
  endfacet
  facet normal -0.935909 -0.352241 0
    outer loop
      vertex -32.9889 -5.4275 72
      vertex -32.5997 -6.46161 50.5
      vertex -32.5997 -6.46161 72
    endloop
  endfacet
  facet normal -0.729853 -0.683604 0
    outer loop
      vertex -28.9395 -11.9395 50.5
      vertex -29.6948 -11.1331 72
      vertex -29.6948 -11.1331 50.5
    endloop
  endfacet
  facet normal -0.729853 -0.683604 0
    outer loop
      vertex -29.6948 -11.1331 72
      vertex -28.9395 -11.9395 50.5
      vertex -28.9395 -11.9395 72
    endloop
  endfacet
  facet normal 0.290344 0.956922 -0
    outer loop
      vertex -11.5725 15.9889 50.5
      vertex -12.6298 16.3097 72
      vertex -11.5725 15.9889 72
    endloop
  endfacet
  facet normal 0.290344 0.956922 0
    outer loop
      vertex -12.6298 16.3097 72
      vertex -11.5725 15.9889 50.5
      vertex -12.6298 16.3097 50.5
    endloop
  endfacet
  facet normal -0.849232 0.528021 0
    outer loop
      vertex -31.6228 8.4425 50.5
      vertex -31.0394 9.3808 72
      vertex -31.0394 9.3808 50.5
    endloop
  endfacet
  facet normal -0.849232 0.528021 0
    outer loop
      vertex -31.0394 9.3808 72
      vertex -31.6228 8.4425 50.5
      vertex -31.6228 8.4425 72
    endloop
  endfacet
  facet normal -0.47141 0.881914 0
    outer loop
      vertex -24.468 15.1437 50.5
      vertex -25.4425 14.6228 72
      vertex -24.468 15.1437 72
    endloop
  endfacet
  facet normal -0.47141 0.881914 0
    outer loop
      vertex -25.4425 14.6228 72
      vertex -24.468 15.1437 50.5
      vertex -25.4425 14.6228 50.5
    endloop
  endfacet
  facet normal -0.47141 -0.881914 0
    outer loop
      vertex -25.4425 -14.6228 50.5
      vertex -24.468 -15.1437 72
      vertex -25.4425 -14.6228 72
    endloop
  endfacet
  facet normal -0.47141 -0.881914 -0
    outer loop
      vertex -24.468 -15.1437 72
      vertex -25.4425 -14.6228 50.5
      vertex -24.468 -15.1437 50.5
    endloop
  endfacet
  facet normal 0.910863 -0.412709 0
    outer loop
      vertex -1.8563 -7.46804 72
      vertex -1.40029 -6.46161 50.5
      vertex -1.40029 -6.46161 72
    endloop
  endfacet
  facet normal 0.910863 -0.412709 0
    outer loop
      vertex -1.40029 -6.46161 50.5
      vertex -1.8563 -7.46804 72
      vertex -1.8563 -7.46804 50.5
    endloop
  endfacet
  facet normal -0.729853 0.683604 0
    outer loop
      vertex -29.6948 11.1331 50.5
      vertex -28.9395 11.9395 72
      vertex -28.9395 11.9395 50.5
    endloop
  endfacet
  facet normal -0.729853 0.683604 0
    outer loop
      vertex -28.9395 11.9395 72
      vertex -29.6948 11.1331 50.5
      vertex -29.6948 11.1331 72
    endloop
  endfacet
  facet normal -0.290344 -0.956922 0
    outer loop
      vertex -22.4275 -15.9889 50.5
      vertex -21.3702 -16.3097 72
      vertex -22.4275 -15.9889 72
    endloop
  endfacet
  facet normal -0.290344 -0.956922 -0
    outer loop
      vertex -21.3702 -16.3097 72
      vertex -22.4275 -15.9889 50.5
      vertex -21.3702 -16.3097 50.5
    endloop
  endfacet
  facet normal 0.227067 -0.973879 0
    outer loop
      vertex -13.7059 -16.5606 50.5
      vertex -12.6298 -16.3097 72
      vertex -13.7059 -16.5606 72
    endloop
  endfacet
  facet normal 0.227067 -0.973879 0
    outer loop
      vertex -12.6298 -16.3097 72
      vertex -13.7059 -16.5606 50.5
      vertex -12.6298 -16.3097 50.5
    endloop
  endfacet
  facet normal -0.582496 -0.812834 0
    outer loop
      vertex -27.2789 -13.3958 50.5
      vertex -26.3808 -14.0394 72
      vertex -27.2789 -13.3958 72
    endloop
  endfacet
  facet normal -0.582496 -0.812834 -0
    outer loop
      vertex -26.3808 -14.0394 72
      vertex -27.2789 -13.3958 50.5
      vertex -26.3808 -14.0394 50.5
    endloop
  endfacet
  facet normal -0.999463 0.0327625 0
    outer loop
      vertex -33.885 0 50.5
      vertex -33.8488 1.10433 72
      vertex -33.8488 1.10433 50.5
    endloop
  endfacet
  facet normal -0.999463 0.0327625 0
    outer loop
      vertex -33.8488 1.10433 72
      vertex -33.885 0 50.5
      vertex -33.885 0 72
    endloop
  endfacet
  facet normal 0.290344 -0.956922 0
    outer loop
      vertex -12.6298 -16.3097 50.5
      vertex -11.5725 -15.9889 72
      vertex -12.6298 -16.3097 72
    endloop
  endfacet
  facet normal 0.290344 -0.956922 0
    outer loop
      vertex -11.5725 -15.9889 72
      vertex -12.6298 -16.3097 50.5
      vertex -11.5725 -15.9889 50.5
    endloop
  endfacet
  facet normal 0.63442 -0.772988 0
    outer loop
      vertex -6.72106 -13.3958 50.5
      vertex -5.86695 -12.6948 72
      vertex -6.72106 -13.3958 72
    endloop
  endfacet
  facet normal 0.63442 -0.772988 0
    outer loop
      vertex -5.86695 -12.6948 72
      vertex -6.72106 -13.3958 50.5
      vertex -5.86695 -12.6948 50.5
    endloop
  endfacet
  facet normal -0.412712 -0.910862 0
    outer loop
      vertex -24.468 -15.1437 50.5
      vertex -23.4616 -15.5997 72
      vertex -24.468 -15.1437 72
    endloop
  endfacet
  facet normal -0.412712 -0.910862 -0
    outer loop
      vertex -23.4616 -15.5997 72
      vertex -24.468 -15.1437 50.5
      vertex -23.4616 -15.5997 50.5
    endloop
  endfacet
  facet normal -0.0980161 -0.995185 0
    outer loop
      vertex -19.2039 -16.7405 50.5
      vertex -18.1043 -16.8488 72
      vertex -19.2039 -16.7405 72
    endloop
  endfacet
  facet normal -0.0980161 -0.995185 -0
    outer loop
      vertex -18.1043 -16.8488 72
      vertex -19.2039 -16.7405 50.5
      vertex -18.1043 -16.8488 50.5
    endloop
  endfacet
  facet normal -0.683604 -0.729853 0
    outer loop
      vertex -28.9395 -11.9395 50.5
      vertex -28.1331 -12.6948 72
      vertex -28.9395 -11.9395 72
    endloop
  endfacet
  facet normal -0.683604 -0.729853 -0
    outer loop
      vertex -28.1331 -12.6948 72
      vertex -28.9395 -11.9395 50.5
      vertex -28.1331 -12.6948 50.5
    endloop
  endfacet
  facet normal -0.528021 -0.849232 0
    outer loop
      vertex -26.3808 -14.0394 50.5
      vertex -25.4425 -14.6228 72
      vertex -26.3808 -14.0394 72
    endloop
  endfacet
  facet normal -0.528021 -0.849232 -0
    outer loop
      vertex -25.4425 -14.6228 72
      vertex -26.3808 -14.0394 50.5
      vertex -25.4425 -14.6228 50.5
    endloop
  endfacet
  facet normal -0.352244 -0.935908 0
    outer loop
      vertex 10.5384 -15.5997 50.5
      vertex 11.5725 -15.9889 72
      vertex 10.5384 -15.5997 72
    endloop
  endfacet
  facet normal -0.352244 -0.935908 -0
    outer loop
      vertex 11.5725 -15.9889 72
      vertex 10.5384 -15.5997 50.5
      vertex 11.5725 -15.9889 50.5
    endloop
  endfacet
  facet normal 0.973877 -0.227075 0
    outer loop
      vertex 33.3097 -4.37016 72
      vertex 33.5606 -3.2941 50.5
      vertex 33.5606 -3.2941 72
    endloop
  endfacet
  facet normal 0.973877 -0.227075 0
    outer loop
      vertex 33.5606 -3.2941 50.5
      vertex 33.3097 -4.37016 72
      vertex 33.3097 -4.37016 50.5
    endloop
  endfacet
  facet normal 0.995185 0.0980161 0
    outer loop
      vertex 33.8488 1.10433 72
      vertex 33.7405 2.20393 50.5
      vertex 33.7405 2.20393 72
    endloop
  endfacet
  facet normal 0.995185 0.0980161 0
    outer loop
      vertex 33.7405 2.20393 50.5
      vertex 33.8488 1.10433 72
      vertex 33.8488 1.10433 50.5
    endloop
  endfacet
  facet normal 0.999463 0.0327625 0
    outer loop
      vertex 33.885 0 72
      vertex 33.8488 1.10433 50.5
      vertex 33.8488 1.10433 72
    endloop
  endfacet
  facet normal 0.999463 0.0327625 0
    outer loop
      vertex 33.8488 1.10433 50.5
      vertex 33.885 0 72
      vertex 33.885 0 50.5
    endloop
  endfacet
  facet normal 0.986656 0.162818 0
    outer loop
      vertex 33.7405 2.20393 72
      vertex 33.5606 3.2941 50.5
      vertex 33.5606 3.2941 72
    endloop
  endfacet
  facet normal 0.986656 0.162818 0
    outer loop
      vertex 33.5606 3.2941 50.5
      vertex 33.7405 2.20393 72
      vertex 33.7405 2.20393 50.5
    endloop
  endfacet
  facet normal 0.973877 0.227075 0
    outer loop
      vertex 33.5606 3.2941 72
      vertex 33.3097 4.37016 50.5
      vertex 33.3097 4.37016 72
    endloop
  endfacet
  facet normal 0.973877 0.227075 0
    outer loop
      vertex 33.3097 4.37016 50.5
      vertex 33.5606 3.2941 72
      vertex 33.5606 3.2941 50.5
    endloop
  endfacet
  facet normal 0.910866 0.412701 0
    outer loop
      vertex 32.5997 6.46161 72
      vertex 32.1437 7.46804 50.5
      vertex 32.1437 7.46804 72
    endloop
  endfacet
  facet normal 0.910866 0.412701 0
    outer loop
      vertex 32.1437 7.46804 50.5
      vertex 32.5997 6.46161 72
      vertex 32.5997 6.46161 50.5
    endloop
  endfacet
  facet normal 0.47141 -0.881914 0
    outer loop
      vertex 24.468 -15.1437 50.5
      vertex 25.4425 -14.6228 72
      vertex 24.468 -15.1437 72
    endloop
  endfacet
  facet normal 0.47141 -0.881914 0
    outer loop
      vertex 25.4425 -14.6228 72
      vertex 24.468 -15.1437 50.5
      vertex 25.4425 -14.6228 50.5
    endloop
  endfacet
  facet normal 0.956925 0.290334 0
    outer loop
      vertex 33.3097 4.37016 72
      vertex 32.9889 5.4275 50.5
      vertex 32.9889 5.4275 72
    endloop
  endfacet
  facet normal 0.956925 0.290334 0
    outer loop
      vertex 32.9889 5.4275 50.5
      vertex 33.3097 4.37016 72
      vertex 33.3097 4.37016 50.5
    endloop
  endfacet
  facet normal -0.973877 -0.227076 0
    outer loop
      vertex 0.690342 -4.37016 50.5
      vertex 0.43944 -3.2941 72
      vertex 0.43944 -3.2941 50.5
    endloop
  endfacet
  facet normal -0.973877 -0.227076 0
    outer loop
      vertex 0.43944 -3.2941 72
      vertex 0.690342 -4.37016 50.5
      vertex 0.690342 -4.37016 72
    endloop
  endfacet
  facet normal 0.812834 -0.582496 0
    outer loop
      vertex 30.3958 -10.2789 72
      vertex 31.0394 -9.3808 50.5
      vertex 31.0394 -9.3808 72
    endloop
  endfacet
  facet normal 0.812834 -0.582496 0
    outer loop
      vertex 31.0394 -9.3808 50.5
      vertex 30.3958 -10.2789 72
      vertex 30.3958 -10.2789 50.5
    endloop
  endfacet
  facet normal -0.0327633 0.999463 0
    outer loop
      vertex 17 16.885 50.5
      vertex 15.8957 16.8488 72
      vertex 17 16.885 72
    endloop
  endfacet
  facet normal -0.0327633 0.999463 0
    outer loop
      vertex 15.8957 16.8488 72
      vertex 17 16.885 50.5
      vertex 15.8957 16.8488 50.5
    endloop
  endfacet
  facet normal 0.773021 -0.63438 0
    outer loop
      vertex 29.6948 -11.1331 72
      vertex 30.3958 -10.2789 50.5
      vertex 30.3958 -10.2789 72
    endloop
  endfacet
  facet normal 0.773021 -0.63438 0
    outer loop
      vertex 30.3958 -10.2789 50.5
      vertex 29.6948 -11.1331 72
      vertex 29.6948 -11.1331 50.5
    endloop
  endfacet
  facet normal -0.528021 0.849232 0
    outer loop
      vertex 8.5575 14.6228 50.5
      vertex 7.6192 14.0394 72
      vertex 8.5575 14.6228 72
    endloop
  endfacet
  facet normal -0.528021 0.849232 0
    outer loop
      vertex 7.6192 14.0394 72
      vertex 8.5575 14.6228 50.5
      vertex 7.6192 14.0394 50.5
    endloop
  endfacet
  facet normal -0.162814 -0.986657 0
    outer loop
      vertex 13.7059 -16.5606 50.5
      vertex 14.7961 -16.7405 72
      vertex 13.7059 -16.5606 72
    endloop
  endfacet
  facet normal -0.162814 -0.986657 -0
    outer loop
      vertex 14.7961 -16.7405 72
      vertex 13.7059 -16.5606 50.5
      vertex 14.7961 -16.7405 50.5
    endloop
  endfacet
  facet normal -0.881921 0.471397 0
    outer loop
      vertex 1.8563 7.46804 50.5
      vertex 2.37716 8.4425 72
      vertex 2.37716 8.4425 50.5
    endloop
  endfacet
  facet normal -0.881921 0.471397 0
    outer loop
      vertex 2.37716 8.4425 72
      vertex 1.8563 7.46804 50.5
      vertex 1.8563 7.46804 72
    endloop
  endfacet
  facet normal -0.162814 0.986657 0
    outer loop
      vertex 14.7961 16.7405 50.5
      vertex 13.7059 16.5606 72
      vertex 14.7961 16.7405 72
    endloop
  endfacet
  facet normal -0.162814 0.986657 0
    outer loop
      vertex 13.7059 16.5606 72
      vertex 14.7961 16.7405 50.5
      vertex 13.7059 16.5606 50.5
    endloop
  endfacet
  facet normal -0.995185 -0.098017 0
    outer loop
      vertex 0.259453 -2.20393 50.5
      vertex 0.151152 -1.10433 72
      vertex 0.151152 -1.10433 50.5
    endloop
  endfacet
  facet normal -0.995185 -0.098017 0
    outer loop
      vertex 0.151152 -1.10433 72
      vertex 0.259453 -2.20393 50.5
      vertex 0.259453 -2.20393 72
    endloop
  endfacet
  facet normal 0.0980161 -0.995185 0
    outer loop
      vertex 18.1043 -16.8488 50.5
      vertex 19.2039 -16.7405 72
      vertex 18.1043 -16.8488 72
    endloop
  endfacet
  facet normal 0.0980161 -0.995185 0
    outer loop
      vertex 19.2039 -16.7405 72
      vertex 18.1043 -16.8488 50.5
      vertex 19.2039 -16.7405 50.5
    endloop
  endfacet
  facet normal -0.910863 0.412709 0
    outer loop
      vertex 1.40029 6.46161 50.5
      vertex 1.8563 7.46804 72
      vertex 1.8563 7.46804 50.5
    endloop
  endfacet
  facet normal -0.910863 0.412709 0
    outer loop
      vertex 1.8563 7.46804 72
      vertex 1.40029 6.46161 50.5
      vertex 1.40029 6.46161 72
    endloop
  endfacet
  facet normal 0.999463 -0.0327625 0
    outer loop
      vertex 33.8488 -1.10433 72
      vertex 33.885 0 50.5
      vertex 33.885 0 72
    endloop
  endfacet
  facet normal 0.999463 -0.0327625 0
    outer loop
      vertex 33.885 0 50.5
      vertex 33.8488 -1.10433 72
      vertex 33.8488 -1.10433 50.5
    endloop
  endfacet
  facet normal 0.812834 0.582496 0
    outer loop
      vertex 31.0394 9.3808 72
      vertex 30.3958 10.2789 50.5
      vertex 30.3958 10.2789 72
    endloop
  endfacet
  facet normal 0.812834 0.582496 0
    outer loop
      vertex 30.3958 10.2789 50.5
      vertex 31.0394 9.3808 72
      vertex 31.0394 9.3808 50.5
    endloop
  endfacet
  facet normal 0.849232 0.528021 0
    outer loop
      vertex 31.6228 8.4425 72
      vertex 31.0394 9.3808 50.5
      vertex 31.0394 9.3808 72
    endloop
  endfacet
  facet normal 0.849232 0.528021 0
    outer loop
      vertex 31.0394 9.3808 50.5
      vertex 31.6228 8.4425 72
      vertex 31.6228 8.4425 50.5
    endloop
  endfacet
  facet normal -0.412695 0.910869 0
    outer loop
      vertex 10.5384 15.5997 50.5
      vertex 9.53195 15.1437 72
      vertex 10.5384 15.5997 72
    endloop
  endfacet
  facet normal -0.412695 0.910869 0
    outer loop
      vertex 9.53195 15.1437 72
      vertex 10.5384 15.5997 50.5
      vertex 9.53195 15.1437 50.5
    endloop
  endfacet
  facet normal -0.63442 0.772988 0
    outer loop
      vertex 6.72106 13.3958 50.5
      vertex 5.86695 12.6948 72
      vertex 6.72106 13.3958 72
    endloop
  endfacet
  facet normal -0.63442 0.772988 0
    outer loop
      vertex 5.86695 12.6948 72
      vertex 6.72106 13.3958 50.5
      vertex 5.86695 12.6948 50.5
    endloop
  endfacet
  facet normal -0.910863 -0.412709 0
    outer loop
      vertex 1.8563 -7.46804 50.5
      vertex 1.40029 -6.46161 72
      vertex 1.40029 -6.46161 50.5
    endloop
  endfacet
  facet normal -0.910863 -0.412709 0
    outer loop
      vertex 1.40029 -6.46161 72
      vertex 1.8563 -7.46804 50.5
      vertex 1.8563 -7.46804 72
    endloop
  endfacet
  facet normal -0.986643 0.162895 0
    outer loop
      vertex 0.259453 2.20393 50.5
      vertex 0.43944 3.2941 72
      vertex 0.43944 3.2941 50.5
    endloop
  endfacet
  facet normal -0.986643 0.162895 0
    outer loop
      vertex 0.43944 3.2941 72
      vertex 0.259453 2.20393 50.5
      vertex 0.259453 2.20393 72
    endloop
  endfacet
  facet normal 0.881906 0.471425 0
    outer loop
      vertex 32.1437 7.46804 72
      vertex 31.6228 8.4425 50.5
      vertex 31.6228 8.4425 72
    endloop
  endfacet
  facet normal 0.881906 0.471425 0
    outer loop
      vertex 31.6228 8.4425 50.5
      vertex 32.1437 7.46804 72
      vertex 32.1437 7.46804 50.5
    endloop
  endfacet
  facet normal -0.582479 0.812846 0
    outer loop
      vertex 7.6192 14.0394 50.5
      vertex 6.72106 13.3958 72
      vertex 7.6192 14.0394 72
    endloop
  endfacet
  facet normal -0.582479 0.812846 0
    outer loop
      vertex 6.72106 13.3958 72
      vertex 7.6192 14.0394 50.5
      vertex 6.72106 13.3958 50.5
    endloop
  endfacet
  facet normal -0.986643 -0.162895 0
    outer loop
      vertex 0.43944 -3.2941 50.5
      vertex 0.259453 -2.20393 72
      vertex 0.259453 -2.20393 50.5
    endloop
  endfacet
  facet normal -0.986643 -0.162895 0
    outer loop
      vertex 0.259453 -2.20393 72
      vertex 0.43944 -3.2941 50.5
      vertex 0.43944 -3.2941 72
    endloop
  endfacet
  facet normal 0.412712 -0.910862 0
    outer loop
      vertex 23.4616 -15.5997 50.5
      vertex 24.468 -15.1437 72
      vertex 23.4616 -15.5997 72
    endloop
  endfacet
  facet normal 0.412712 -0.910862 0
    outer loop
      vertex 24.468 -15.1437 72
      vertex 23.4616 -15.5997 50.5
      vertex 24.468 -15.1437 50.5
    endloop
  endfacet
  facet normal 0.935909 -0.352241 0
    outer loop
      vertex 32.5997 -6.46161 72
      vertex 32.9889 -5.4275 50.5
      vertex 32.9889 -5.4275 72
    endloop
  endfacet
  facet normal 0.935909 -0.352241 0
    outer loop
      vertex 32.9889 -5.4275 50.5
      vertex 32.5997 -6.46161 72
      vertex 32.5997 -6.46161 50.5
    endloop
  endfacet
  facet normal -0.812838 -0.58249 0
    outer loop
      vertex 3.60423 -10.2789 50.5
      vertex 2.96064 -9.3808 72
      vertex 2.96064 -9.3808 50.5
    endloop
  endfacet
  facet normal -0.812838 -0.58249 0
    outer loop
      vertex 2.96064 -9.3808 72
      vertex 3.60423 -10.2789 50.5
      vertex 3.60423 -10.2789 72
    endloop
  endfacet
  facet normal 0.956925 -0.290334 0
    outer loop
      vertex 32.9889 -5.4275 72
      vertex 33.3097 -4.37016 50.5
      vertex 33.3097 -4.37016 72
    endloop
  endfacet
  facet normal 0.956925 -0.290334 0
    outer loop
      vertex 33.3097 -4.37016 50.5
      vertex 32.9889 -5.4275 72
      vertex 32.9889 -5.4275 50.5
    endloop
  endfacet
  facet normal 0.47141 0.881914 -0
    outer loop
      vertex 25.4425 14.6228 50.5
      vertex 24.468 15.1437 72
      vertex 25.4425 14.6228 72
    endloop
  endfacet
  facet normal 0.47141 0.881914 0
    outer loop
      vertex 24.468 15.1437 72
      vertex 25.4425 14.6228 50.5
      vertex 24.468 15.1437 50.5
    endloop
  endfacet
  facet normal -0.683581 0.729874 0
    outer loop
      vertex 5.86695 12.6948 50.5
      vertex 5.0605 11.9395 72
      vertex 5.86695 12.6948 72
    endloop
  endfacet
  facet normal -0.683581 0.729874 0
    outer loop
      vertex 5.0605 11.9395 72
      vertex 5.86695 12.6948 50.5
      vertex 5.0605 11.9395 50.5
    endloop
  endfacet
  facet normal 0.162814 -0.986657 0
    outer loop
      vertex 19.2039 -16.7405 50.5
      vertex 20.2941 -16.5606 72
      vertex 19.2039 -16.7405 72
    endloop
  endfacet
  facet normal 0.162814 -0.986657 0
    outer loop
      vertex 20.2941 -16.5606 72
      vertex 19.2039 -16.7405 50.5
      vertex 20.2941 -16.5606 50.5
    endloop
  endfacet
  facet normal -0.812838 0.58249 0
    outer loop
      vertex 2.96064 9.3808 50.5
      vertex 3.60423 10.2789 72
      vertex 3.60423 10.2789 50.5
    endloop
  endfacet
  facet normal -0.812838 0.58249 0
    outer loop
      vertex 3.60423 10.2789 72
      vertex 2.96064 9.3808 50.5
      vertex 2.96064 9.3808 72
    endloop
  endfacet
  facet normal -0.227067 -0.973879 0
    outer loop
      vertex 12.6298 -16.3097 50.5
      vertex 13.7059 -16.5606 72
      vertex 12.6298 -16.3097 72
    endloop
  endfacet
  facet normal -0.227067 -0.973879 -0
    outer loop
      vertex 13.7059 -16.5606 72
      vertex 12.6298 -16.3097 50.5
      vertex 13.7059 -16.5606 50.5
    endloop
  endfacet
  facet normal 0.881906 -0.471425 0
    outer loop
      vertex 31.6228 -8.4425 72
      vertex 32.1437 -7.46804 50.5
      vertex 32.1437 -7.46804 72
    endloop
  endfacet
  facet normal 0.881906 -0.471425 0
    outer loop
      vertex 32.1437 -7.46804 50.5
      vertex 31.6228 -8.4425 72
      vertex 31.6228 -8.4425 50.5
    endloop
  endfacet
  facet normal 0.0327633 -0.999463 0
    outer loop
      vertex 17 -16.885 50.5
      vertex 18.1043 -16.8488 72
      vertex 17 -16.885 72
    endloop
  endfacet
  facet normal 0.0327633 -0.999463 0
    outer loop
      vertex 18.1043 -16.8488 72
      vertex 17 -16.885 50.5
      vertex 18.1043 -16.8488 50.5
    endloop
  endfacet
  facet normal -0.956941 0.290283 0
    outer loop
      vertex 0.690342 4.37016 50.5
      vertex 1.01108 5.4275 72
      vertex 1.01108 5.4275 50.5
    endloop
  endfacet
  facet normal -0.956941 0.290283 0
    outer loop
      vertex 1.01108 5.4275 72
      vertex 0.690342 4.37016 50.5
      vertex 0.690342 4.37016 72
    endloop
  endfacet
  facet normal -0.935906 0.352249 0
    outer loop
      vertex 1.01108 5.4275 50.5
      vertex 1.40029 6.46161 72
      vertex 1.40029 6.46161 50.5
    endloop
  endfacet
  facet normal -0.935906 0.352249 0
    outer loop
      vertex 1.40029 6.46161 72
      vertex 1.01108 5.4275 50.5
      vertex 1.01108 5.4275 72
    endloop
  endfacet
  facet normal -0.0980161 -0.995185 0
    outer loop
      vertex 14.7961 -16.7405 50.5
      vertex 15.8957 -16.8488 72
      vertex 14.7961 -16.7405 72
    endloop
  endfacet
  facet normal -0.0980161 -0.995185 -0
    outer loop
      vertex 15.8957 -16.8488 72
      vertex 14.7961 -16.7405 50.5
      vertex 15.8957 -16.8488 50.5
    endloop
  endfacet
  facet normal 0.683604 -0.729853 0
    outer loop
      vertex 28.1331 -12.6948 50.5
      vertex 28.9395 -11.9395 72
      vertex 28.1331 -12.6948 72
    endloop
  endfacet
  facet normal 0.683604 -0.729853 0
    outer loop
      vertex 28.9395 -11.9395 72
      vertex 28.1331 -12.6948 50.5
      vertex 28.9395 -11.9395 50.5
    endloop
  endfacet
  facet normal 0.986656 -0.162818 0
    outer loop
      vertex 33.5606 -3.2941 72
      vertex 33.7405 -2.20393 50.5
      vertex 33.7405 -2.20393 72
    endloop
  endfacet
  facet normal 0.986656 -0.162818 0
    outer loop
      vertex 33.7405 -2.20393 50.5
      vertex 33.5606 -3.2941 72
      vertex 33.5606 -3.2941 50.5
    endloop
  endfacet
  facet normal 0.63438 0.773021 -0
    outer loop
      vertex 28.1331 12.6948 50.5
      vertex 27.2789 13.3958 72
      vertex 28.1331 12.6948 72
    endloop
  endfacet
  facet normal 0.63438 0.773021 0
    outer loop
      vertex 27.2789 13.3958 72
      vertex 28.1331 12.6948 50.5
      vertex 27.2789 13.3958 50.5
    endloop
  endfacet
  facet normal -0.227067 0.973879 0
    outer loop
      vertex 13.7059 16.5606 50.5
      vertex 12.6298 16.3097 72
      vertex 13.7059 16.5606 72
    endloop
  endfacet
  facet normal -0.227067 0.973879 0
    outer loop
      vertex 12.6298 16.3097 72
      vertex 13.7059 16.5606 50.5
      vertex 12.6298 16.3097 50.5
    endloop
  endfacet
  facet normal 0.773021 0.63438 0
    outer loop
      vertex 30.3958 10.2789 72
      vertex 29.6948 11.1331 50.5
      vertex 29.6948 11.1331 72
    endloop
  endfacet
  facet normal 0.773021 0.63438 0
    outer loop
      vertex 29.6948 11.1331 50.5
      vertex 30.3958 10.2789 72
      vertex 30.3958 10.2789 50.5
    endloop
  endfacet
  facet normal -0.995185 0.098017 0
    outer loop
      vertex 0.151152 1.10433 50.5
      vertex 0.259453 2.20393 72
      vertex 0.259453 2.20393 50.5
    endloop
  endfacet
  facet normal -0.995185 0.098017 0
    outer loop
      vertex 0.259453 2.20393 72
      vertex 0.151152 1.10433 50.5
      vertex 0.151152 1.10433 72
    endloop
  endfacet
  facet normal 0.0980161 0.995185 -0
    outer loop
      vertex 19.2039 16.7405 50.5
      vertex 18.1043 16.8488 72
      vertex 19.2039 16.7405 72
    endloop
  endfacet
  facet normal 0.0980161 0.995185 0
    outer loop
      vertex 18.1043 16.8488 72
      vertex 19.2039 16.7405 50.5
      vertex 18.1043 16.8488 50.5
    endloop
  endfacet
  facet normal 0.582496 -0.812834 0
    outer loop
      vertex 26.3808 -14.0394 50.5
      vertex 27.2789 -13.3958 72
      vertex 26.3808 -14.0394 72
    endloop
  endfacet
  facet normal 0.582496 -0.812834 0
    outer loop
      vertex 27.2789 -13.3958 72
      vertex 26.3808 -14.0394 50.5
      vertex 27.2789 -13.3958 50.5
    endloop
  endfacet
  facet normal -0.290344 0.956922 0
    outer loop
      vertex 12.6298 16.3097 50.5
      vertex 11.5725 15.9889 72
      vertex 12.6298 16.3097 72
    endloop
  endfacet
  facet normal -0.290344 0.956922 0
    outer loop
      vertex 11.5725 15.9889 72
      vertex 12.6298 16.3097 50.5
      vertex 11.5725 15.9889 50.5
    endloop
  endfacet
  facet normal -0.999465 -0.0327191 0
    outer loop
      vertex 0.151152 -1.10433 50.5
      vertex 0.115 0 72
      vertex 0.115 0 50.5
    endloop
  endfacet
  facet normal -0.999465 -0.0327191 0
    outer loop
      vertex 0.115 0 72
      vertex 0.151152 -1.10433 50.5
      vertex 0.151152 -1.10433 72
    endloop
  endfacet
  facet normal -0.352244 0.935908 0
    outer loop
      vertex 11.5725 15.9889 50.5
      vertex 10.5384 15.5997 72
      vertex 11.5725 15.9889 72
    endloop
  endfacet
  facet normal -0.352244 0.935908 0
    outer loop
      vertex 10.5384 15.5997 72
      vertex 11.5725 15.9889 50.5
      vertex 10.5384 15.5997 50.5
    endloop
  endfacet
  facet normal 0.995185 -0.0980161 0
    outer loop
      vertex 33.7405 -2.20393 72
      vertex 33.8488 -1.10433 50.5
      vertex 33.8488 -1.10433 72
    endloop
  endfacet
  facet normal 0.995185 -0.0980161 0
    outer loop
      vertex 33.8488 -1.10433 50.5
      vertex 33.7405 -2.20393 72
      vertex 33.7405 -2.20393 50.5
    endloop
  endfacet
  facet normal 0.162814 0.986657 -0
    outer loop
      vertex 20.2941 16.5606 50.5
      vertex 19.2039 16.7405 72
      vertex 20.2941 16.5606 72
    endloop
  endfacet
  facet normal 0.162814 0.986657 0
    outer loop
      vertex 19.2039 16.7405 72
      vertex 20.2941 16.5606 50.5
      vertex 19.2039 16.7405 50.5
    endloop
  endfacet
  facet normal 0.528021 -0.849232 0
    outer loop
      vertex 25.4425 -14.6228 50.5
      vertex 26.3808 -14.0394 72
      vertex 25.4425 -14.6228 72
    endloop
  endfacet
  facet normal 0.528021 -0.849232 0
    outer loop
      vertex 26.3808 -14.0394 72
      vertex 25.4425 -14.6228 50.5
      vertex 26.3808 -14.0394 50.5
    endloop
  endfacet
  facet normal 0.528021 0.849232 -0
    outer loop
      vertex 26.3808 14.0394 50.5
      vertex 25.4425 14.6228 72
      vertex 26.3808 14.0394 72
    endloop
  endfacet
  facet normal 0.528021 0.849232 0
    outer loop
      vertex 25.4425 14.6228 72
      vertex 26.3808 14.0394 50.5
      vertex 25.4425 14.6228 50.5
    endloop
  endfacet
  facet normal 0.352244 0.935908 -0
    outer loop
      vertex 23.4616 15.5997 50.5
      vertex 22.4275 15.9889 72
      vertex 23.4616 15.5997 72
    endloop
  endfacet
  facet normal 0.352244 0.935908 0
    outer loop
      vertex 22.4275 15.9889 72
      vertex 23.4616 15.5997 50.5
      vertex 22.4275 15.9889 50.5
    endloop
  endfacet
  facet normal -0.0327633 -0.999463 0
    outer loop
      vertex 15.8957 -16.8488 50.5
      vertex 17 -16.885 72
      vertex 15.8957 -16.8488 72
    endloop
  endfacet
  facet normal -0.0327633 -0.999463 -0
    outer loop
      vertex 17 -16.885 72
      vertex 15.8957 -16.8488 50.5
      vertex 17 -16.885 50.5
    endloop
  endfacet
  facet normal -0.956941 -0.290283 0
    outer loop
      vertex 1.01108 -5.4275 50.5
      vertex 0.690342 -4.37016 72
      vertex 0.690342 -4.37016 50.5
    endloop
  endfacet
  facet normal -0.956941 -0.290283 0
    outer loop
      vertex 0.690342 -4.37016 72
      vertex 1.01108 -5.4275 50.5
      vertex 1.01108 -5.4275 72
    endloop
  endfacet
  facet normal -0.973877 0.227076 0
    outer loop
      vertex 0.43944 3.2941 50.5
      vertex 0.690342 4.37016 72
      vertex 0.690342 4.37016 50.5
    endloop
  endfacet
  facet normal -0.973877 0.227076 0
    outer loop
      vertex 0.690342 4.37016 72
      vertex 0.43944 3.2941 50.5
      vertex 0.43944 3.2941 72
    endloop
  endfacet
  facet normal -0 0 1
    outer loop
      vertex 31.8791 0.761666 72
      vertex 33.885 0 72
      vertex 33.8488 1.10433 72
    endloop
  endfacet
  facet normal -0 0 1
    outer loop
      vertex 31.8512 1.18696 72
      vertex 33.8488 1.10433 72
      vertex 33.7405 2.20393 72
    endloop
  endfacet
  facet normal 0 0 1
    outer loop
      vertex 33.885 0 72
      vertex 31.8791 0.761666 72
      vertex 31.904 0 72
    endloop
  endfacet
  facet normal -0 0 1
    outer loop
      vertex 31.6524 2.69726 72
      vertex 33.7405 2.20393 72
      vertex 33.5606 3.2941 72
    endloop
  endfacet
  facet normal 0 0 1
    outer loop
      vertex 31.8791 -0.761666 72
      vertex 33.885 0 72
      vertex 31.904 0 72
    endloop
  endfacet
  facet normal 0 0 1
    outer loop
      vertex 31.5693 3.11528 72
      vertex 33.5606 3.2941 72
      vertex 33.3097 4.37016 72
    endloop
  endfacet
  facet normal 0 0 1
    outer loop
      vertex 33.885 0 72
      vertex 31.8791 -0.761666 72
      vertex 33.8488 -1.10433 72
    endloop
  endfacet
  facet normal 0 0 1
    outer loop
      vertex 31.3343 4.06149 72
      vertex 33.3097 4.37016 72
      vertex 32.9889 5.4275 72
    endloop
  endfacet
  facet normal -0 0 1
    outer loop
      vertex 31.8721 -0.974771 72
      vertex 33.8488 -1.10433 72
      vertex 31.8791 -0.761666 72
    endloop
  endfacet
  facet normal -0 0 1
    outer loop
      vertex 30.8447 5.50398 72
      vertex 32.9889 5.4275 72
      vertex 32.5997 6.46161 72
    endloop
  endfacet
  facet normal 0 0 1
    outer loop
      vertex 33.8488 -1.10433 72
      vertex 31.8512 -1.18696 72
      vertex 33.7405 -2.20393 72
    endloop
  endfacet
  facet normal 0 0 1
    outer loop
      vertex 30.6815 5.89775 72
      vertex 32.5997 6.46161 72
      vertex 32.1437 7.46804 72
    endloop
  endfacet
  facet normal -0 0 1
    outer loop
      vertex 31.7765 -1.94537 72
      vertex 33.7405 -2.20393 72
      vertex 31.8512 -1.18696 72
    endloop
  endfacet
  facet normal 0 0 1
    outer loop
      vertex 31.6524 -2.69726 72
      vertex 33.7405 -2.20393 72
      vertex 31.7765 -1.94537 72
    endloop
  endfacet
  facet normal 0 0 1
    outer loop
      vertex 31.8512 -1.18696 72
      vertex 33.8488 -1.10433 72
      vertex 31.8721 -0.974771 72
    endloop
  endfacet
  facet normal 0 0 1
    outer loop
      vertex 33.8488 1.10433 72
      vertex 31.8721 0.974771 72
      vertex 31.8791 0.761666 72
    endloop
  endfacet
  facet normal 0 0 1
    outer loop
      vertex 33.8488 1.10433 72
      vertex 31.8512 1.18696 72
      vertex 31.8721 0.974771 72
    endloop
  endfacet
  facet normal 0 0 1
    outer loop
      vertex 33.7405 2.20393 72
      vertex 31.7765 1.94537 72
      vertex 31.8512 1.18696 72
    endloop
  endfacet
  facet normal 0 0 1
    outer loop
      vertex 33.7405 2.20393 72
      vertex 31.6524 2.69726 72
      vertex 31.7765 1.94537 72
    endloop
  endfacet
  facet normal 0 0 1
    outer loop
      vertex 30.0078 7.26398 72
      vertex 32.1437 7.46804 72
      vertex 31.6228 8.4425 72
    endloop
  endfacet
  facet normal 0 0 1
    outer loop
      vertex 33.5606 3.2941 72
      vertex 31.6177 2.90764 72
      vertex 31.6524 2.69726 72
    endloop
  endfacet
  facet normal 0 0 1
    outer loop
      vertex 33.5606 3.2941 72
      vertex 31.5693 3.11528 72
      vertex 31.6177 2.90764 72
    endloop
  endfacet
  facet normal 0 0 1
    outer loop
      vertex 33.3097 4.37016 72
      vertex 31.3962 3.85745 72
      vertex 31.5693 3.11528 72
    endloop
  endfacet
  facet normal 0 0 1
    outer loop
      vertex 33.3097 4.37016 72
      vertex 31.3343 4.06149 72
      vertex 31.3962 3.85745 72
    endloop
  endfacet
  facet normal 0 0 1
    outer loop
      vertex 32.9889 5.4275 72
      vertex 31.1131 4.79075 72
      vertex 31.3343 4.06149 72
    endloop
  endfacet
  facet normal 0 0 1
    outer loop
      vertex 29.5049 8.09918 72
      vertex 31.6228 8.4425 72
      vertex 31.0394 9.3808 72
    endloop
  endfacet
  facet normal 0 0 1
    outer loop
      vertex 32.9889 5.4275 72
      vertex 30.8447 5.50398 72
      vertex 31.1131 4.79075 72
    endloop
  endfacet
  facet normal 0 0 1
    outer loop
      vertex 32.5997 6.46161 72
      vertex 30.7695 5.70353 72
      vertex 30.8447 5.50398 72
    endloop
  endfacet
  facet normal 0 0 1
    outer loop
      vertex 32.5997 6.46161 72
      vertex 30.6815 5.89775 72
      vertex 30.7695 5.70353 72
    endloop
  endfacet
  facet normal 0 0 1
    outer loop
      vertex 29.2681 8.45356 72
      vertex 31.0394 9.3808 72
      vertex 30.3958 10.2789 72
    endloop
  endfacet
  facet normal 0 0 1
    outer loop
      vertex 32.1437 7.46804 72
      vertex 30.367 6.59189 72
      vertex 30.6815 5.89775 72
    endloop
  endfacet
  facet normal 0 0 1
    outer loop
      vertex 32.1437 7.46804 72
      vertex 30.0078 7.26398 72
      vertex 30.367 6.59189 72
    endloop
  endfacet
  facet normal 0 0 1
    outer loop
      vertex 31.6228 8.4425 72
      vertex 29.9073 7.45202 72
      vertex 30.0078 7.26398 72
    endloop
  endfacet
  facet normal 0 0 1
    outer loop
      vertex 28.6889 9.23783 72
      vertex 30.3958 10.2789 72
      vertex 29.6948 11.1331 72
    endloop
  endfacet
  facet normal 0 0 1
    outer loop
      vertex 31.6228 8.4425 72
      vertex 29.5049 8.09918 72
      vertex 29.9073 7.45202 72
    endloop
  endfacet
  facet normal 0 0 1
    outer loop
      vertex 31.0394 9.3808 72
      vertex 29.3923 8.28024 72
      vertex 29.5049 8.09918 72
    endloop
  endfacet
  facet normal 0 0 1
    outer loop
      vertex 31.0394 9.3808 72
      vertex 29.2681 8.45356 72
      vertex 29.3923 8.28024 72
    endloop
  endfacet
  facet normal 0 0 1
    outer loop
      vertex 28.0597 9.98254 72
      vertex 29.6948 11.1331 72
      vertex 28.9395 11.9395 72
    endloop
  endfacet
  facet normal 0 0 1
    outer loop
      vertex 30.3958 10.2789 72
      vertex 28.8242 9.07301 72
      vertex 29.2681 8.45356 72
    endloop
  endfacet
  facet normal 0 0 1
    outer loop
      vertex 30.3958 10.2789 72
      vertex 28.6889 9.23783 72
      vertex 28.8242 9.07301 72
    endloop
  endfacet
  facet normal 0 0 1
    outer loop
      vertex 29.6948 11.1331 72
      vertex 28.2055 9.82692 72
      vertex 28.6889 9.23783 72
    endloop
  endfacet
  facet normal 0 0 1
    outer loop
      vertex 26.9825 11.0597 72
      vertex 28.9395 11.9395 72
      vertex 28.1331 12.6948 72
    endloop
  endfacet
  facet normal 0 0 1
    outer loop
      vertex 29.6948 11.1331 72
      vertex 28.0597 9.98254 72
      vertex 28.2055 9.82692 72
    endloop
  endfacet
  facet normal 0 0 1
    outer loop
      vertex 28.9395 11.9395 72
      vertex 27.5388 10.5388 72
      vertex 28.0597 9.98254 72
    endloop
  endfacet
  facet normal 0 0 1
    outer loop
      vertex 26.2378 11.6889 72
      vertex 28.1331 12.6948 72
      vertex 27.2789 13.3958 72
    endloop
  endfacet
  facet normal 0 0 1
    outer loop
      vertex 28.9395 11.9395 72
      vertex 26.9825 11.0597 72
      vertex 27.5388 10.5388 72
    endloop
  endfacet
  facet normal 0 0 1
    outer loop
      vertex 28.1331 12.6948 72
      vertex 26.8269 11.2055 72
      vertex 26.9825 11.0597 72
    endloop
  endfacet
  facet normal 0 0 1
    outer loop
      vertex 25.4536 12.2681 72
      vertex 27.2789 13.3958 72
      vertex 26.3808 14.0394 72
    endloop
  endfacet
  facet normal 0 0 1
    outer loop
      vertex 28.1331 12.6948 72
      vertex 26.2378 11.6889 72
      vertex 26.8269 11.2055 72
    endloop
  endfacet
  facet normal 0 0 1
    outer loop
      vertex 27.2789 13.3958 72
      vertex 26.073 11.8242 72
      vertex 26.2378 11.6889 72
    endloop
  endfacet
  facet normal 0 0 1
    outer loop
      vertex 27.2789 13.3958 72
      vertex 25.4536 12.2681 72
      vertex 26.073 11.8242 72
    endloop
  endfacet
  facet normal 0 0 1
    outer loop
      vertex 25.0992 12.5049 72
      vertex 26.3808 14.0394 72
      vertex 25.4425 14.6228 72
    endloop
  endfacet
  facet normal 0 0 1
    outer loop
      vertex 26.3808 14.0394 72
      vertex 25.2802 12.3923 72
      vertex 25.4536 12.2681 72
    endloop
  endfacet
  facet normal 0 0 1
    outer loop
      vertex 26.3808 14.0394 72
      vertex 25.0992 12.5049 72
      vertex 25.2802 12.3923 72
    endloop
  endfacet
  facet normal 0 0 1
    outer loop
      vertex 24.264 13.0078 72
      vertex 25.4425 14.6228 72
      vertex 24.468 15.1437 72
    endloop
  endfacet
  facet normal 0 0 1
    outer loop
      vertex 25.4425 14.6228 72
      vertex 24.452 12.9073 72
      vertex 25.0992 12.5049 72
    endloop
  endfacet
  facet normal 0 0 1
    outer loop
      vertex 25.4425 14.6228 72
      vertex 24.264 13.0078 72
      vertex 24.452 12.9073 72
    endloop
  endfacet
  facet normal 0 0 1
    outer loop
      vertex 24.468 15.1437 72
      vertex 23.5919 13.367 72
      vertex 24.264 13.0078 72
    endloop
  endfacet
  facet normal 0 0 1
    outer loop
      vertex 22.8977 13.6815 72
      vertex 24.468 15.1437 72
      vertex 23.4616 15.5997 72
    endloop
  endfacet
  facet normal 0 0 1
    outer loop
      vertex 24.468 15.1437 72
      vertex 22.8977 13.6815 72
      vertex 23.5919 13.367 72
    endloop
  endfacet
  facet normal 0 0 1
    outer loop
      vertex 23.4616 15.5997 72
      vertex 22.7035 13.7695 72
      vertex 22.8977 13.6815 72
    endloop
  endfacet
  facet normal 0 0 1
    outer loop
      vertex 23.4616 15.5997 72
      vertex 22.504 13.8447 72
      vertex 22.7035 13.7695 72
    endloop
  endfacet
  facet normal 0 0 1
    outer loop
      vertex 22.4275 15.9889 72
      vertex 22.504 13.8447 72
      vertex 23.4616 15.5997 72
    endloop
  endfacet
  facet normal 0 0 1
    outer loop
      vertex 22.4275 15.9889 72
      vertex 21.7907 14.1131 72
      vertex 22.504 13.8447 72
    endloop
  endfacet
  facet normal 0 0 1
    outer loop
      vertex 21.0615 14.3343 72
      vertex 22.4275 15.9889 72
      vertex 21.3702 16.3097 72
    endloop
  endfacet
  facet normal 0 0 1
    outer loop
      vertex 22.4275 15.9889 72
      vertex 21.0615 14.3343 72
      vertex 21.7907 14.1131 72
    endloop
  endfacet
  facet normal 0 0 1
    outer loop
      vertex 21.3702 16.3097 72
      vertex 20.8575 14.3962 72
      vertex 21.0615 14.3343 72
    endloop
  endfacet
  facet normal 0 0 1
    outer loop
      vertex 20.1153 14.5693 72
      vertex 21.3702 16.3097 72
      vertex 20.2941 16.5606 72
    endloop
  endfacet
  facet normal 0 0 1
    outer loop
      vertex 21.3702 16.3097 72
      vertex 20.1153 14.5693 72
      vertex 20.8575 14.3962 72
    endloop
  endfacet
  facet normal 0 0 1
    outer loop
      vertex 20.2941 16.5606 72
      vertex 19.9076 14.6177 72
      vertex 20.1153 14.5693 72
    endloop
  endfacet
  facet normal 0 0 1
    outer loop
      vertex 20.2941 16.5606 72
      vertex 19.6973 14.6524 72
      vertex 19.9076 14.6177 72
    endloop
  endfacet
  facet normal 0 0 1
    outer loop
      vertex 19.2039 16.7405 72
      vertex 19.6973 14.6524 72
      vertex 20.2941 16.5606 72
    endloop
  endfacet
  facet normal 0 0 1
    outer loop
      vertex 19.2039 16.7405 72
      vertex 18.9454 14.7765 72
      vertex 19.6973 14.6524 72
    endloop
  endfacet
  facet normal 0 0 1
    outer loop
      vertex 19.2039 16.7405 72
      vertex 18.187 14.8512 72
      vertex 18.9454 14.7765 72
    endloop
  endfacet
  facet normal 0 0 1
    outer loop
      vertex 18.1043 16.8488 72
      vertex 18.187 14.8512 72
      vertex 19.2039 16.7405 72
    endloop
  endfacet
  facet normal 0 0 1
    outer loop
      vertex 18.1043 16.8488 72
      vertex 17.9748 14.8721 72
      vertex 18.187 14.8512 72
    endloop
  endfacet
  facet normal 0 0 1
    outer loop
      vertex 18.1043 16.8488 72
      vertex 17.7617 14.8791 72
      vertex 17.9748 14.8721 72
    endloop
  endfacet
  facet normal 0 0 1
    outer loop
      vertex 17 16.885 72
      vertex 17.7617 14.8791 72
      vertex 18.1043 16.8488 72
    endloop
  endfacet
  facet normal 0 0 1
    outer loop
      vertex 17 16.885 72
      vertex 17 14.904 72
      vertex 17.7617 14.8791 72
    endloop
  endfacet
  facet normal 0 0 1
    outer loop
      vertex 17 16.885 72
      vertex 16.2383 14.8791 72
      vertex 17 14.904 72
    endloop
  endfacet
  facet normal -0 0 1
    outer loop
      vertex 15.8957 16.8488 72
      vertex 16.2383 14.8791 72
      vertex 17 16.885 72
    endloop
  endfacet
  facet normal 0 0 1
    outer loop
      vertex 16.2383 14.8791 72
      vertex 15.8957 16.8488 72
      vertex 16.0252 14.8721 72
    endloop
  endfacet
  facet normal 0 0 1
    outer loop
      vertex 15.8957 16.8488 72
      vertex 15.813 14.8512 72
      vertex 16.0252 14.8721 72
    endloop
  endfacet
  facet normal -0 0 1
    outer loop
      vertex 14.7961 16.7405 72
      vertex 15.813 14.8512 72
      vertex 15.8957 16.8488 72
    endloop
  endfacet
  facet normal 0 0 1
    outer loop
      vertex 15.813 14.8512 72
      vertex 14.7961 16.7405 72
      vertex 15.0546 14.7765 72
    endloop
  endfacet
  facet normal 0 0 1
    outer loop
      vertex 14.7961 16.7405 72
      vertex 14.3027 14.6524 72
      vertex 15.0546 14.7765 72
    endloop
  endfacet
  facet normal -0 0 1
    outer loop
      vertex 13.7059 16.5606 72
      vertex 14.3027 14.6524 72
      vertex 14.7961 16.7405 72
    endloop
  endfacet
  facet normal 0 0 1
    outer loop
      vertex 14.3027 14.6524 72
      vertex 13.7059 16.5606 72
      vertex 14.0924 14.6177 72
    endloop
  endfacet
  facet normal 0 0 1
    outer loop
      vertex 14.0924 14.6177 72
      vertex 13.7059 16.5606 72
      vertex 13.8847 14.5693 72
    endloop
  endfacet
  facet normal -0 0 1
    outer loop
      vertex 12.6298 16.3097 72
      vertex 13.8847 14.5693 72
      vertex 13.7059 16.5606 72
    endloop
  endfacet
  facet normal 0 0 1
    outer loop
      vertex 13.8847 14.5693 72
      vertex 12.6298 16.3097 72
      vertex 13.1425 14.3962 72
    endloop
  endfacet
  facet normal 0 0 1
    outer loop
      vertex 13.1425 14.3962 72
      vertex 12.6298 16.3097 72
      vertex 12.9385 14.3343 72
    endloop
  endfacet
  facet normal -0 0 1
    outer loop
      vertex 11.5725 15.9889 72
      vertex 12.9385 14.3343 72
      vertex 12.6298 16.3097 72
    endloop
  endfacet
  facet normal 0 0 1
    outer loop
      vertex 12.9385 14.3343 72
      vertex 11.5725 15.9889 72
      vertex 12.2093 14.1131 72
    endloop
  endfacet
  facet normal 0 0 1
    outer loop
      vertex 11.5725 15.9889 72
      vertex 11.496 13.8447 72
      vertex 12.2093 14.1131 72
    endloop
  endfacet
  facet normal -0 0 1
    outer loop
      vertex 10.5384 15.5997 72
      vertex 11.496 13.8447 72
      vertex 11.5725 15.9889 72
    endloop
  endfacet
  facet normal 0 0 1
    outer loop
      vertex 11.496 13.8447 72
      vertex 10.5384 15.5997 72
      vertex 11.2965 13.7695 72
    endloop
  endfacet
  facet normal 0 0 1
    outer loop
      vertex 11.2965 13.7695 72
      vertex 10.5384 15.5997 72
      vertex 11.1023 13.6815 72
    endloop
  endfacet
  facet normal -0 0 1
    outer loop
      vertex 9.53195 15.1437 72
      vertex 11.1023 13.6815 72
      vertex 10.5384 15.5997 72
    endloop
  endfacet
  facet normal 0 0 1
    outer loop
      vertex 11.1023 13.6815 72
      vertex 9.53195 15.1437 72
      vertex 10.4081 13.367 72
    endloop
  endfacet
  facet normal 0 0 1
    outer loop
      vertex 10.4081 13.367 72
      vertex 9.53195 15.1437 72
      vertex 9.73602 13.0078 72
    endloop
  endfacet
  facet normal -0 0 1
    outer loop
      vertex 8.5575 14.6228 72
      vertex 9.73602 13.0078 72
      vertex 9.53195 15.1437 72
    endloop
  endfacet
  facet normal 0 0 1
    outer loop
      vertex 9.73602 13.0078 72
      vertex 8.5575 14.6228 72
      vertex 9.54798 12.9073 72
    endloop
  endfacet
  facet normal 0 0 1
    outer loop
      vertex 9.54798 12.9073 72
      vertex 8.5575 14.6228 72
      vertex 8.90082 12.5049 72
    endloop
  endfacet
  facet normal -0 0 1
    outer loop
      vertex 7.6192 14.0394 72
      vertex 8.90082 12.5049 72
      vertex 8.5575 14.6228 72
    endloop
  endfacet
  facet normal 0 0 1
    outer loop
      vertex 8.90082 12.5049 72
      vertex 7.6192 14.0394 72
      vertex 8.71975 12.3923 72
    endloop
  endfacet
  facet normal 0 0 1
    outer loop
      vertex 8.71975 12.3923 72
      vertex 7.6192 14.0394 72
      vertex 8.54644 12.2681 72
    endloop
  endfacet
  facet normal -0 0 1
    outer loop
      vertex 6.72106 13.3958 72
      vertex 8.54644 12.2681 72
      vertex 7.6192 14.0394 72
    endloop
  endfacet
  facet normal 0 0 1
    outer loop
      vertex 8.54644 12.2681 72
      vertex 6.72106 13.3958 72
      vertex 7.92699 11.8242 72
    endloop
  endfacet
  facet normal 0 0 1
    outer loop
      vertex 7.92699 11.8242 72
      vertex 6.72106 13.3958 72
      vertex 7.76217 11.6889 72
    endloop
  endfacet
  facet normal -0 0 1
    outer loop
      vertex 5.86695 12.6948 72
      vertex 7.76217 11.6889 72
      vertex 6.72106 13.3958 72
    endloop
  endfacet
  facet normal 0 0 1
    outer loop
      vertex 7.76217 11.6889 72
      vertex 5.86695 12.6948 72
      vertex 7.17308 11.2055 72
    endloop
  endfacet
  facet normal 0 0 1
    outer loop
      vertex 7.17308 11.2055 72
      vertex 5.86695 12.6948 72
      vertex 7.01746 11.0597 72
    endloop
  endfacet
  facet normal -0 0 1
    outer loop
      vertex 5.0605 11.9395 72
      vertex 7.01746 11.0597 72
      vertex 5.86695 12.6948 72
    endloop
  endfacet
  facet normal 0 0 1
    outer loop
      vertex 7.01746 11.0597 72
      vertex 5.0605 11.9395 72
      vertex 6.46125 10.5388 72
    endloop
  endfacet
  facet normal 0 0 1
    outer loop
      vertex 6.46125 10.5388 72
      vertex 5.0605 11.9395 72
      vertex 5.9403 9.98254 72
    endloop
  endfacet
  facet normal -0 0 1
    outer loop
      vertex 4.30518 11.1331 72
      vertex 5.9403 9.98254 72
      vertex 5.0605 11.9395 72
    endloop
  endfacet
  facet normal 0 0 1
    outer loop
      vertex 5.9403 9.98254 72
      vertex 4.30518 11.1331 72
      vertex 5.79454 9.82692 72
    endloop
  endfacet
  facet normal 0 0 1
    outer loop
      vertex 5.79454 9.82692 72
      vertex 4.30518 11.1331 72
      vertex 5.31109 9.23783 72
    endloop
  endfacet
  facet normal -0 0 1
    outer loop
      vertex 3.60423 10.2789 72
      vertex 5.31109 9.23783 72
      vertex 4.30518 11.1331 72
    endloop
  endfacet
  facet normal 0 0 1
    outer loop
      vertex 5.31109 9.23783 72
      vertex 3.60423 10.2789 72
      vertex 5.17582 9.07301 72
    endloop
  endfacet
  facet normal 0 0 1
    outer loop
      vertex 5.17582 9.07301 72
      vertex 3.60423 10.2789 72
      vertex 4.73193 8.45356 72
    endloop
  endfacet
  facet normal -0 0 1
    outer loop
      vertex 2.96064 9.3808 72
      vertex 4.73193 8.45356 72
      vertex 3.60423 10.2789 72
    endloop
  endfacet
  facet normal 0 0 1
    outer loop
      vertex 4.73193 8.45356 72
      vertex 2.96064 9.3808 72
      vertex 4.60774 8.28024 72
    endloop
  endfacet
  facet normal 0 0 1
    outer loop
      vertex 4.60774 8.28024 72
      vertex 2.96064 9.3808 72
      vertex 4.49514 8.09918 72
    endloop
  endfacet
  facet normal -0 0 1
    outer loop
      vertex 2.37716 8.4425 72
      vertex 4.49514 8.09918 72
      vertex 2.96064 9.3808 72
    endloop
  endfacet
  facet normal 0 0 1
    outer loop
      vertex 4.49514 8.09918 72
      vertex 2.37716 8.4425 72
      vertex 4.09272 7.45202 72
    endloop
  endfacet
  facet normal 0 0 1
    outer loop
      vertex 4.09272 7.45202 72
      vertex 2.37716 8.4425 72
      vertex 3.9922 7.26398 72
    endloop
  endfacet
  facet normal -0 0 1
    outer loop
      vertex 1.8563 7.46804 72
      vertex 3.9922 7.26398 72
      vertex 2.37716 8.4425 72
    endloop
  endfacet
  facet normal 0 0 1
    outer loop
      vertex 3.9922 7.26398 72
      vertex 1.8563 7.46804 72
      vertex 3.63297 6.59189 72
    endloop
  endfacet
  facet normal 0 0 1
    outer loop
      vertex 3.63297 6.59189 72
      vertex 1.8563 7.46804 72
      vertex 3.31845 5.89775 72
    endloop
  endfacet
  facet normal -0 0 1
    outer loop
      vertex 1.40029 6.46161 72
      vertex 3.31845 5.89775 72
      vertex 1.8563 7.46804 72
    endloop
  endfacet
  facet normal 0 0 1
    outer loop
      vertex 3.31845 5.89775 72
      vertex 1.40029 6.46161 72
      vertex 3.23046 5.70353 72
    endloop
  endfacet
  facet normal 0 0 1
    outer loop
      vertex 3.23046 5.70353 72
      vertex 1.40029 6.46161 72
      vertex 3.15535 5.50398 72
    endloop
  endfacet
  facet normal 0 0 1
    outer loop
      vertex 1.01108 5.4275 72
      vertex 3.15535 5.50398 72
      vertex 1.40029 6.46161 72
    endloop
  endfacet
  facet normal 0 0 1
    outer loop
      vertex 3.15535 5.50398 72
      vertex 1.01108 5.4275 72
      vertex 2.88691 4.79075 72
    endloop
  endfacet
  facet normal 0 0 1
    outer loop
      vertex 2.88691 4.79075 72
      vertex 1.01108 5.4275 72
      vertex 2.66569 4.06149 72
    endloop
  endfacet
  facet normal -0 0 1
    outer loop
      vertex 0.690342 4.37016 72
      vertex 2.66569 4.06149 72
      vertex 1.01108 5.4275 72
    endloop
  endfacet
  facet normal 0 0 1
    outer loop
      vertex 2.66569 4.06149 72
      vertex 0.690342 4.37016 72
      vertex 2.6038 3.85745 72
    endloop
  endfacet
  facet normal 0 0 1
    outer loop
      vertex 2.6038 3.85745 72
      vertex 0.690342 4.37016 72
      vertex 2.43075 3.11528 72
    endloop
  endfacet
  facet normal -0 0 1
    outer loop
      vertex 0.43944 3.2941 72
      vertex 2.43075 3.11528 72
      vertex 0.690342 4.37016 72
    endloop
  endfacet
  facet normal 0 0 1
    outer loop
      vertex 0.259453 2.20393 72
      vertex 2.3476 2.69726 72
      vertex 0.43944 3.2941 72
    endloop
  endfacet
  facet normal 0 0 1
    outer loop
      vertex 2.38233 2.90764 72
      vertex 0.43944 3.2941 72
      vertex 2.3476 2.69726 72
    endloop
  endfacet
  facet normal 0 0 1
    outer loop
      vertex 2.43075 3.11528 72
      vertex 0.43944 3.2941 72
      vertex 2.38233 2.90764 72
    endloop
  endfacet
  facet normal 0 0 1
    outer loop
      vertex 33.7405 -2.20393 72
      vertex 31.6524 -2.69726 72
      vertex 33.5606 -3.2941 72
    endloop
  endfacet
  facet normal -0 0 1
    outer loop
      vertex 31.6177 -2.90764 72
      vertex 33.5606 -3.2941 72
      vertex 31.6524 -2.69726 72
    endloop
  endfacet
  facet normal -0 0 1
    outer loop
      vertex 31.5693 -3.11528 72
      vertex 33.5606 -3.2941 72
      vertex 31.6177 -2.90764 72
    endloop
  endfacet
  facet normal 0 0 1
    outer loop
      vertex 33.5606 -3.2941 72
      vertex 31.5693 -3.11528 72
      vertex 33.3097 -4.37016 72
    endloop
  endfacet
  facet normal -0 0 1
    outer loop
      vertex 31.3962 -3.85745 72
      vertex 33.3097 -4.37016 72
      vertex 31.5693 -3.11528 72
    endloop
  endfacet
  facet normal -0 0 1
    outer loop
      vertex 31.3343 -4.06149 72
      vertex 33.3097 -4.37016 72
      vertex 31.3962 -3.85745 72
    endloop
  endfacet
  facet normal 0 0 1
    outer loop
      vertex 33.3097 -4.37016 72
      vertex 31.3343 -4.06149 72
      vertex 32.9889 -5.4275 72
    endloop
  endfacet
  facet normal -0 0 1
    outer loop
      vertex 31.1131 -4.79075 72
      vertex 32.9889 -5.4275 72
      vertex 31.3343 -4.06149 72
    endloop
  endfacet
  facet normal 0 0 1
    outer loop
      vertex 30.8447 -5.50398 72
      vertex 32.9889 -5.4275 72
      vertex 31.1131 -4.79075 72
    endloop
  endfacet
  facet normal 0 0 1
    outer loop
      vertex 32.9889 -5.4275 72
      vertex 30.8447 -5.50398 72
      vertex 32.5997 -6.46161 72
    endloop
  endfacet
  facet normal -0 0 1
    outer loop
      vertex 30.7695 -5.70353 72
      vertex 32.5997 -6.46161 72
      vertex 30.8447 -5.50398 72
    endloop
  endfacet
  facet normal -0 0 1
    outer loop
      vertex 30.6815 -5.89775 72
      vertex 32.5997 -6.46161 72
      vertex 30.7695 -5.70353 72
    endloop
  endfacet
  facet normal 0 0 1
    outer loop
      vertex 32.5997 -6.46161 72
      vertex 30.6815 -5.89775 72
      vertex 32.1437 -7.46804 72
    endloop
  endfacet
  facet normal -0 0 1
    outer loop
      vertex 30.367 -6.59189 72
      vertex 32.1437 -7.46804 72
      vertex 30.6815 -5.89775 72
    endloop
  endfacet
  facet normal -0 0 1
    outer loop
      vertex 30.0078 -7.26398 72
      vertex 32.1437 -7.46804 72
      vertex 30.367 -6.59189 72
    endloop
  endfacet
  facet normal 0 0 1
    outer loop
      vertex 32.1437 -7.46804 72
      vertex 30.0078 -7.26398 72
      vertex 31.6228 -8.4425 72
    endloop
  endfacet
  facet normal -0 0 1
    outer loop
      vertex 29.9073 -7.45202 72
      vertex 31.6228 -8.4425 72
      vertex 30.0078 -7.26398 72
    endloop
  endfacet
  facet normal -0 0 1
    outer loop
      vertex 29.5049 -8.09918 72
      vertex 31.6228 -8.4425 72
      vertex 29.9073 -7.45202 72
    endloop
  endfacet
  facet normal 0 0 1
    outer loop
      vertex 31.6228 -8.4425 72
      vertex 29.5049 -8.09918 72
      vertex 31.0394 -9.3808 72
    endloop
  endfacet
  facet normal -0 0 1
    outer loop
      vertex 29.3923 -8.28024 72
      vertex 31.0394 -9.3808 72
      vertex 29.5049 -8.09918 72
    endloop
  endfacet
  facet normal -0 0 1
    outer loop
      vertex 29.2681 -8.45356 72
      vertex 31.0394 -9.3808 72
      vertex 29.3923 -8.28024 72
    endloop
  endfacet
  facet normal 0 0 1
    outer loop
      vertex 31.0394 -9.3808 72
      vertex 29.2681 -8.45356 72
      vertex 30.3958 -10.2789 72
    endloop
  endfacet
  facet normal -0 0 1
    outer loop
      vertex 28.8242 -9.07301 72
      vertex 30.3958 -10.2789 72
      vertex 29.2681 -8.45356 72
    endloop
  endfacet
  facet normal -0 0 1
    outer loop
      vertex 28.6889 -9.23783 72
      vertex 30.3958 -10.2789 72
      vertex 28.8242 -9.07301 72
    endloop
  endfacet
  facet normal 0 0 1
    outer loop
      vertex 30.3958 -10.2789 72
      vertex 28.6889 -9.23783 72
      vertex 29.6948 -11.1331 72
    endloop
  endfacet
  facet normal -0 0 1
    outer loop
      vertex 28.2055 -9.82692 72
      vertex 29.6948 -11.1331 72
      vertex 28.6889 -9.23783 72
    endloop
  endfacet
  facet normal -0 0 1
    outer loop
      vertex 28.0597 -9.98254 72
      vertex 29.6948 -11.1331 72
      vertex 28.2055 -9.82692 72
    endloop
  endfacet
  facet normal 0 0 1
    outer loop
      vertex 29.6948 -11.1331 72
      vertex 28.0597 -9.98254 72
      vertex 28.9395 -11.9395 72
    endloop
  endfacet
  facet normal -0 0 1
    outer loop
      vertex 27.5388 -10.5388 72
      vertex 28.9395 -11.9395 72
      vertex 28.0597 -9.98254 72
    endloop
  endfacet
  facet normal -0 0 1
    outer loop
      vertex 26.9825 -11.0597 72
      vertex 28.9395 -11.9395 72
      vertex 27.5388 -10.5388 72
    endloop
  endfacet
  facet normal 0 0 1
    outer loop
      vertex 28.9395 -11.9395 72
      vertex 26.9825 -11.0597 72
      vertex 28.1331 -12.6948 72
    endloop
  endfacet
  facet normal -0 0 1
    outer loop
      vertex 26.8269 -11.2055 72
      vertex 28.1331 -12.6948 72
      vertex 26.9825 -11.0597 72
    endloop
  endfacet
  facet normal -0 0 1
    outer loop
      vertex 26.2378 -11.6889 72
      vertex 28.1331 -12.6948 72
      vertex 26.8269 -11.2055 72
    endloop
  endfacet
  facet normal 0 0 1
    outer loop
      vertex 28.1331 -12.6948 72
      vertex 26.2378 -11.6889 72
      vertex 27.2789 -13.3958 72
    endloop
  endfacet
  facet normal -0 0 1
    outer loop
      vertex 26.073 -11.8242 72
      vertex 27.2789 -13.3958 72
      vertex 26.2378 -11.6889 72
    endloop
  endfacet
  facet normal -0 0 1
    outer loop
      vertex 25.4536 -12.2681 72
      vertex 27.2789 -13.3958 72
      vertex 26.073 -11.8242 72
    endloop
  endfacet
  facet normal 0 0 1
    outer loop
      vertex 27.2789 -13.3958 72
      vertex 25.4536 -12.2681 72
      vertex 26.3808 -14.0394 72
    endloop
  endfacet
  facet normal -0 0 1
    outer loop
      vertex 25.2802 -12.3923 72
      vertex 26.3808 -14.0394 72
      vertex 25.4536 -12.2681 72
    endloop
  endfacet
  facet normal -0 0 1
    outer loop
      vertex 25.0992 -12.5049 72
      vertex 26.3808 -14.0394 72
      vertex 25.2802 -12.3923 72
    endloop
  endfacet
  facet normal 0 0 1
    outer loop
      vertex 26.3808 -14.0394 72
      vertex 25.0992 -12.5049 72
      vertex 25.4425 -14.6228 72
    endloop
  endfacet
  facet normal -0 0 1
    outer loop
      vertex 24.452 -12.9073 72
      vertex 25.4425 -14.6228 72
      vertex 25.0992 -12.5049 72
    endloop
  endfacet
  facet normal -0 0 1
    outer loop
      vertex 24.264 -13.0078 72
      vertex 25.4425 -14.6228 72
      vertex 24.452 -12.9073 72
    endloop
  endfacet
  facet normal 0 0 1
    outer loop
      vertex 25.4425 -14.6228 72
      vertex 24.264 -13.0078 72
      vertex 24.468 -15.1437 72
    endloop
  endfacet
  facet normal -0 0 1
    outer loop
      vertex 23.5919 -13.367 72
      vertex 24.468 -15.1437 72
      vertex 24.264 -13.0078 72
    endloop
  endfacet
  facet normal -0 0 1
    outer loop
      vertex 22.8977 -13.6815 72
      vertex 24.468 -15.1437 72
      vertex 23.5919 -13.367 72
    endloop
  endfacet
  facet normal 0 0 1
    outer loop
      vertex 24.468 -15.1437 72
      vertex 22.8977 -13.6815 72
      vertex 23.4616 -15.5997 72
    endloop
  endfacet
  facet normal -0 0 1
    outer loop
      vertex 22.7035 -13.7695 72
      vertex 23.4616 -15.5997 72
      vertex 22.8977 -13.6815 72
    endloop
  endfacet
  facet normal -0 0 1
    outer loop
      vertex 22.504 -13.8447 72
      vertex 23.4616 -15.5997 72
      vertex 22.7035 -13.7695 72
    endloop
  endfacet
  facet normal 0 0 1
    outer loop
      vertex 22.504 -13.8447 72
      vertex 22.4275 -15.9889 72
      vertex 23.4616 -15.5997 72
    endloop
  endfacet
  facet normal -0 0 1
    outer loop
      vertex 21.7907 -14.1131 72
      vertex 22.4275 -15.9889 72
      vertex 22.504 -13.8447 72
    endloop
  endfacet
  facet normal -0 0 1
    outer loop
      vertex 21.0615 -14.3343 72
      vertex 22.4275 -15.9889 72
      vertex 21.7907 -14.1131 72
    endloop
  endfacet
  facet normal 0 0 1
    outer loop
      vertex 22.4275 -15.9889 72
      vertex 21.0615 -14.3343 72
      vertex 21.3702 -16.3097 72
    endloop
  endfacet
  facet normal -0 0 1
    outer loop
      vertex 20.8575 -14.3962 72
      vertex 21.3702 -16.3097 72
      vertex 21.0615 -14.3343 72
    endloop
  endfacet
  facet normal -0 0 1
    outer loop
      vertex 20.1153 -14.5693 72
      vertex 21.3702 -16.3097 72
      vertex 20.8575 -14.3962 72
    endloop
  endfacet
  facet normal 0 0 1
    outer loop
      vertex 21.3702 -16.3097 72
      vertex 20.1153 -14.5693 72
      vertex 20.2941 -16.5606 72
    endloop
  endfacet
  facet normal -0 0 1
    outer loop
      vertex 19.9076 -14.6177 72
      vertex 20.2941 -16.5606 72
      vertex 20.1153 -14.5693 72
    endloop
  endfacet
  facet normal -0 0 1
    outer loop
      vertex 19.6973 -14.6524 72
      vertex 20.2941 -16.5606 72
      vertex 19.9076 -14.6177 72
    endloop
  endfacet
  facet normal 0 0 1
    outer loop
      vertex 19.6973 -14.6524 72
      vertex 19.2039 -16.7405 72
      vertex 20.2941 -16.5606 72
    endloop
  endfacet
  facet normal -0 0 1
    outer loop
      vertex 18.9454 -14.7765 72
      vertex 19.2039 -16.7405 72
      vertex 19.6973 -14.6524 72
    endloop
  endfacet
  facet normal -0 0 1
    outer loop
      vertex 18.187 -14.8512 72
      vertex 19.2039 -16.7405 72
      vertex 18.9454 -14.7765 72
    endloop
  endfacet
  facet normal 0 0 1
    outer loop
      vertex 18.187 -14.8512 72
      vertex 18.1043 -16.8488 72
      vertex 19.2039 -16.7405 72
    endloop
  endfacet
  facet normal -0 0 1
    outer loop
      vertex 17.9748 -14.8721 72
      vertex 18.1043 -16.8488 72
      vertex 18.187 -14.8512 72
    endloop
  endfacet
  facet normal -0 0 1
    outer loop
      vertex 17.7617 -14.8791 72
      vertex 18.1043 -16.8488 72
      vertex 17.9748 -14.8721 72
    endloop
  endfacet
  facet normal 0 0 1
    outer loop
      vertex 17 -16.885 72
      vertex 17.7617 -14.8791 72
      vertex 17 -14.904 72
    endloop
  endfacet
  facet normal 0 0 1
    outer loop
      vertex 17.7617 -14.8791 72
      vertex 17 -16.885 72
      vertex 18.1043 -16.8488 72
    endloop
  endfacet
  facet normal 0 0 1
    outer loop
      vertex 16.2383 -14.8791 72
      vertex 17 -16.885 72
      vertex 17 -14.904 72
    endloop
  endfacet
  facet normal 0 0 1
    outer loop
      vertex 15.8957 -16.8488 72
      vertex 16.2383 -14.8791 72
      vertex 16.0252 -14.8721 72
    endloop
  endfacet
  facet normal 0 0 1
    outer loop
      vertex 16.2383 -14.8791 72
      vertex 15.8957 -16.8488 72
      vertex 17 -16.885 72
    endloop
  endfacet
  facet normal 0 0 1
    outer loop
      vertex 15.813 -14.8512 72
      vertex 15.8957 -16.8488 72
      vertex 16.0252 -14.8721 72
    endloop
  endfacet
  facet normal 0 0 1
    outer loop
      vertex 14.7961 -16.7405 72
      vertex 15.813 -14.8512 72
      vertex 15.0546 -14.7765 72
    endloop
  endfacet
  facet normal 0 0 1
    outer loop
      vertex 15.813 -14.8512 72
      vertex 14.7961 -16.7405 72
      vertex 15.8957 -16.8488 72
    endloop
  endfacet
  facet normal 0 0 1
    outer loop
      vertex 14.3027 -14.6524 72
      vertex 14.7961 -16.7405 72
      vertex 15.0546 -14.7765 72
    endloop
  endfacet
  facet normal 0 0 1
    outer loop
      vertex 13.7059 -16.5606 72
      vertex 14.3027 -14.6524 72
      vertex 14.0924 -14.6177 72
    endloop
  endfacet
  facet normal 0 0 1
    outer loop
      vertex 13.7059 -16.5606 72
      vertex 14.0924 -14.6177 72
      vertex 13.8847 -14.5693 72
    endloop
  endfacet
  facet normal 0 0 1
    outer loop
      vertex 14.3027 -14.6524 72
      vertex 13.7059 -16.5606 72
      vertex 14.7961 -16.7405 72
    endloop
  endfacet
  facet normal 0 0 1
    outer loop
      vertex 12.6298 -16.3097 72
      vertex 13.8847 -14.5693 72
      vertex 13.1425 -14.3962 72
    endloop
  endfacet
  facet normal 0 0 1
    outer loop
      vertex 12.6298 -16.3097 72
      vertex 13.1425 -14.3962 72
      vertex 12.9385 -14.3343 72
    endloop
  endfacet
  facet normal 0 0 1
    outer loop
      vertex 13.8847 -14.5693 72
      vertex 12.6298 -16.3097 72
      vertex 13.7059 -16.5606 72
    endloop
  endfacet
  facet normal 0 0 1
    outer loop
      vertex 11.5725 -15.9889 72
      vertex 12.9385 -14.3343 72
      vertex 12.2093 -14.1131 72
    endloop
  endfacet
  facet normal 0 0 1
    outer loop
      vertex 12.9385 -14.3343 72
      vertex 11.5725 -15.9889 72
      vertex 12.6298 -16.3097 72
    endloop
  endfacet
  facet normal 0 0 1
    outer loop
      vertex 11.496 -13.8447 72
      vertex 11.5725 -15.9889 72
      vertex 12.2093 -14.1131 72
    endloop
  endfacet
  facet normal 0 0 1
    outer loop
      vertex 10.5384 -15.5997 72
      vertex 11.496 -13.8447 72
      vertex 11.2965 -13.7695 72
    endloop
  endfacet
  facet normal 0 0 1
    outer loop
      vertex 10.5384 -15.5997 72
      vertex 11.2965 -13.7695 72
      vertex 11.1023 -13.6815 72
    endloop
  endfacet
  facet normal 0 0 1
    outer loop
      vertex 11.496 -13.8447 72
      vertex 10.5384 -15.5997 72
      vertex 11.5725 -15.9889 72
    endloop
  endfacet
  facet normal 0 0 1
    outer loop
      vertex 9.53195 -15.1437 72
      vertex 11.1023 -13.6815 72
      vertex 10.4081 -13.367 72
    endloop
  endfacet
  facet normal 0 0 1
    outer loop
      vertex 9.53195 -15.1437 72
      vertex 10.4081 -13.367 72
      vertex 9.73602 -13.0078 72
    endloop
  endfacet
  facet normal 0 0 1
    outer loop
      vertex 8.5575 -14.6228 72
      vertex 9.73602 -13.0078 72
      vertex 9.54798 -12.9073 72
    endloop
  endfacet
  facet normal 0 0 1
    outer loop
      vertex 11.1023 -13.6815 72
      vertex 9.53195 -15.1437 72
      vertex 10.5384 -15.5997 72
    endloop
  endfacet
  facet normal 0 0 1
    outer loop
      vertex 8.5575 -14.6228 72
      vertex 9.54798 -12.9073 72
      vertex 8.90082 -12.5049 72
    endloop
  endfacet
  facet normal 0 0 1
    outer loop
      vertex 7.6192 -14.0394 72
      vertex 8.90082 -12.5049 72
      vertex 8.71975 -12.3923 72
    endloop
  endfacet
  facet normal 0 0 1
    outer loop
      vertex 9.73602 -13.0078 72
      vertex 8.5575 -14.6228 72
      vertex 9.53195 -15.1437 72
    endloop
  endfacet
  facet normal 0 0 1
    outer loop
      vertex 7.6192 -14.0394 72
      vertex 8.71975 -12.3923 72
      vertex 8.54644 -12.2681 72
    endloop
  endfacet
  facet normal 0 0 1
    outer loop
      vertex 6.72106 -13.3958 72
      vertex 8.54644 -12.2681 72
      vertex 7.92699 -11.8242 72
    endloop
  endfacet
  facet normal 0 0 1
    outer loop
      vertex 6.72106 -13.3958 72
      vertex 7.92699 -11.8242 72
      vertex 7.76217 -11.6889 72
    endloop
  endfacet
  facet normal 0 0 1
    outer loop
      vertex 8.90082 -12.5049 72
      vertex 7.6192 -14.0394 72
      vertex 8.5575 -14.6228 72
    endloop
  endfacet
  facet normal 0 0 1
    outer loop
      vertex 5.86695 -12.6948 72
      vertex 7.76217 -11.6889 72
      vertex 7.17308 -11.2055 72
    endloop
  endfacet
  facet normal 0 0 1
    outer loop
      vertex 5.86695 -12.6948 72
      vertex 7.17308 -11.2055 72
      vertex 7.01746 -11.0597 72
    endloop
  endfacet
  facet normal 0 0 1
    outer loop
      vertex 8.54644 -12.2681 72
      vertex 6.72106 -13.3958 72
      vertex 7.6192 -14.0394 72
    endloop
  endfacet
  facet normal 0 0 1
    outer loop
      vertex 5.0605 -11.9395 72
      vertex 7.01746 -11.0597 72
      vertex 6.46125 -10.5388 72
    endloop
  endfacet
  facet normal 0 0 1
    outer loop
      vertex 5.0605 -11.9395 72
      vertex 6.46125 -10.5388 72
      vertex 5.9403 -9.98254 72
    endloop
  endfacet
  facet normal 0 0 1
    outer loop
      vertex 7.76217 -11.6889 72
      vertex 5.86695 -12.6948 72
      vertex 6.72106 -13.3958 72
    endloop
  endfacet
  facet normal 0 0 1
    outer loop
      vertex 4.30518 -11.1331 72
      vertex 5.9403 -9.98254 72
      vertex 5.79454 -9.82692 72
    endloop
  endfacet
  facet normal 0 0 1
    outer loop
      vertex 4.30518 -11.1331 72
      vertex 5.79454 -9.82692 72
      vertex 5.31109 -9.23783 72
    endloop
  endfacet
  facet normal 0 0 1
    outer loop
      vertex 3.60423 -10.2789 72
      vertex 5.31109 -9.23783 72
      vertex 5.17582 -9.07301 72
    endloop
  endfacet
  facet normal 0 0 1
    outer loop
      vertex 7.01746 -11.0597 72
      vertex 5.0605 -11.9395 72
      vertex 5.86695 -12.6948 72
    endloop
  endfacet
  facet normal 0 0 1
    outer loop
      vertex 3.60423 -10.2789 72
      vertex 5.17582 -9.07301 72
      vertex 4.73193 -8.45356 72
    endloop
  endfacet
  facet normal 0 0 1
    outer loop
      vertex 2.96064 -9.3808 72
      vertex 4.73193 -8.45356 72
      vertex 4.60774 -8.28024 72
    endloop
  endfacet
  facet normal 0 0 1
    outer loop
      vertex 2.96064 -9.3808 72
      vertex 4.60774 -8.28024 72
      vertex 4.49514 -8.09918 72
    endloop
  endfacet
  facet normal 0 0 1
    outer loop
      vertex 5.9403 -9.98254 72
      vertex 4.30518 -11.1331 72
      vertex 5.0605 -11.9395 72
    endloop
  endfacet
  facet normal 0 0 1
    outer loop
      vertex 2.37716 -8.4425 72
      vertex 4.49514 -8.09918 72
      vertex 4.09272 -7.45202 72
    endloop
  endfacet
  facet normal 0 0 1
    outer loop
      vertex 2.37716 -8.4425 72
      vertex 4.09272 -7.45202 72
      vertex 3.9922 -7.26398 72
    endloop
  endfacet
  facet normal 0 0 1
    outer loop
      vertex 1.8563 -7.46804 72
      vertex 3.9922 -7.26398 72
      vertex 3.63297 -6.59189 72
    endloop
  endfacet
  facet normal 0 0 1
    outer loop
      vertex 5.31109 -9.23783 72
      vertex 3.60423 -10.2789 72
      vertex 4.30518 -11.1331 72
    endloop
  endfacet
  facet normal 0 0 1
    outer loop
      vertex 1.8563 -7.46804 72
      vertex 3.63297 -6.59189 72
      vertex 3.31845 -5.89775 72
    endloop
  endfacet
  facet normal 0 0 1
    outer loop
      vertex 1.40029 -6.46161 72
      vertex 3.31845 -5.89775 72
      vertex 3.23046 -5.70353 72
    endloop
  endfacet
  facet normal 0 0 1
    outer loop
      vertex 1.40029 -6.46161 72
      vertex 3.23046 -5.70353 72
      vertex 3.15535 -5.50398 72
    endloop
  endfacet
  facet normal 0 0 1
    outer loop
      vertex 4.73193 -8.45356 72
      vertex 2.96064 -9.3808 72
      vertex 3.60423 -10.2789 72
    endloop
  endfacet
  facet normal -0 0 1
    outer loop
      vertex 1.01108 -5.4275 72
      vertex 3.15535 -5.50398 72
      vertex 2.88691 -4.79075 72
    endloop
  endfacet
  facet normal 0 0 1
    outer loop
      vertex 1.01108 -5.4275 72
      vertex 2.88691 -4.79075 72
      vertex 2.66569 -4.06149 72
    endloop
  endfacet
  facet normal 0 0 1
    outer loop
      vertex 0.690342 -4.37016 72
      vertex 2.66569 -4.06149 72
      vertex 2.6038 -3.85745 72
    endloop
  endfacet
  facet normal 0 0 1
    outer loop
      vertex 0.690342 -4.37016 72
      vertex 2.6038 -3.85745 72
      vertex 2.43075 -3.11528 72
    endloop
  endfacet
  facet normal 0 0 1
    outer loop
      vertex 0.43944 -3.2941 72
      vertex 2.43075 -3.11528 72
      vertex 2.38233 -2.90764 72
    endloop
  endfacet
  facet normal 0 0 1
    outer loop
      vertex 4.49514 -8.09918 72
      vertex 2.37716 -8.4425 72
      vertex 2.96064 -9.3808 72
    endloop
  endfacet
  facet normal 0 0 1
    outer loop
      vertex 0.43944 -3.2941 72
      vertex 2.38233 -2.90764 72
      vertex 2.3476 -2.69726 72
    endloop
  endfacet
  facet normal -0 0 1
    outer loop
      vertex 0.259453 -2.20393 72
      vertex 2.3476 -2.69726 72
      vertex 2.22346 -1.94537 72
    endloop
  endfacet
  facet normal 0 0 1
    outer loop
      vertex 0.259453 -2.20393 72
      vertex 2.22346 -1.94537 72
      vertex 2.14876 -1.18696 72
    endloop
  endfacet
  facet normal -0 0 1
    outer loop
      vertex 0.151152 -1.10433 72
      vertex 2.14876 -1.18696 72
      vertex 2.12786 -0.974771 72
    endloop
  endfacet
  facet normal 0 0 1
    outer loop
      vertex 3.9922 -7.26398 72
      vertex 1.8563 -7.46804 72
      vertex 2.37716 -8.4425 72
    endloop
  endfacet
  facet normal 0 0 1
    outer loop
      vertex 0.151152 -1.10433 72
      vertex 2.12786 -0.974771 72
      vertex 2.12089 -0.761666 72
    endloop
  endfacet
  facet normal -0 0 1
    outer loop
      vertex 0.115 0 72
      vertex 2.12089 -0.761666 72
      vertex 2.09595 0 72
    endloop
  endfacet
  facet normal 0 0 1
    outer loop
      vertex 2.3476 2.69726 72
      vertex 0.259453 2.20393 72
      vertex 2.22346 1.94537 72
    endloop
  endfacet
  facet normal 0 0 1
    outer loop
      vertex 2.22346 1.94537 72
      vertex 0.259453 2.20393 72
      vertex 2.14876 1.18696 72
    endloop
  endfacet
  facet normal 0 0 1
    outer loop
      vertex 3.31845 -5.89775 72
      vertex 1.40029 -6.46161 72
      vertex 1.8563 -7.46804 72
    endloop
  endfacet
  facet normal 0 0 1
    outer loop
      vertex 0.151152 1.10433 72
      vertex 2.14876 1.18696 72
      vertex 0.259453 2.20393 72
    endloop
  endfacet
  facet normal 0 0 1
    outer loop
      vertex 3.15535 -5.50398 72
      vertex 1.01108 -5.4275 72
      vertex 1.40029 -6.46161 72
    endloop
  endfacet
  facet normal 0 0 1
    outer loop
      vertex 2.14876 1.18696 72
      vertex 0.151152 1.10433 72
      vertex 2.12786 0.974771 72
    endloop
  endfacet
  facet normal 0 0 1
    outer loop
      vertex 2.66569 -4.06149 72
      vertex 0.690342 -4.37016 72
      vertex 1.01108 -5.4275 72
    endloop
  endfacet
  facet normal 0 0 1
    outer loop
      vertex 2.12786 0.974771 72
      vertex 0.151152 1.10433 72
      vertex 2.12089 0.761666 72
    endloop
  endfacet
  facet normal 0 0 1
    outer loop
      vertex 2.43075 -3.11528 72
      vertex 0.43944 -3.2941 72
      vertex 0.690342 -4.37016 72
    endloop
  endfacet
  facet normal 0 0 1
    outer loop
      vertex 0.115 0 72
      vertex 2.12089 0.761666 72
      vertex 0.151152 1.10433 72
    endloop
  endfacet
  facet normal 0 0 1
    outer loop
      vertex 2.3476 -2.69726 72
      vertex 0.259453 -2.20393 72
      vertex 0.43944 -3.2941 72
    endloop
  endfacet
  facet normal 0 0 1
    outer loop
      vertex 2.12089 0.761666 72
      vertex 0.115 0 72
      vertex 2.09595 0 72
    endloop
  endfacet
  facet normal 0 0 1
    outer loop
      vertex 2.14876 -1.18696 72
      vertex 0.151152 -1.10433 72
      vertex 0.259453 -2.20393 72
    endloop
  endfacet
  facet normal 0 0 1
    outer loop
      vertex 2.12089 -0.761666 72
      vertex 0.115 0 72
      vertex 0.151152 -1.10433 72
    endloop
  endfacet
  facet normal 0.935909 0.352241 0
    outer loop
      vertex 32.9889 5.4275 72
      vertex 32.5997 6.46161 50.5
      vertex 32.5997 6.46161 72
    endloop
  endfacet
  facet normal 0.935909 0.352241 0
    outer loop
      vertex 32.5997 6.46161 50.5
      vertex 32.9889 5.4275 72
      vertex 32.9889 5.4275 50.5
    endloop
  endfacet
  facet normal 0.683604 0.729853 -0
    outer loop
      vertex 28.9395 11.9395 50.5
      vertex 28.1331 12.6948 72
      vertex 28.9395 11.9395 72
    endloop
  endfacet
  facet normal 0.683604 0.729853 0
    outer loop
      vertex 28.1331 12.6948 72
      vertex 28.9395 11.9395 50.5
      vertex 28.1331 12.6948 50.5
    endloop
  endfacet
  facet normal -0.773043 0.634353 0
    outer loop
      vertex 3.60423 10.2789 50.5
      vertex 4.30518 11.1331 72
      vertex 4.30518 11.1331 50.5
    endloop
  endfacet
  facet normal -0.773043 0.634353 0
    outer loop
      vertex 4.30518 11.1331 72
      vertex 3.60423 10.2789 50.5
      vertex 3.60423 10.2789 72
    endloop
  endfacet
  facet normal 0.352244 -0.935908 0
    outer loop
      vertex 22.4275 -15.9889 50.5
      vertex 23.4616 -15.5997 72
      vertex 22.4275 -15.9889 72
    endloop
  endfacet
  facet normal 0.352244 -0.935908 0
    outer loop
      vertex 23.4616 -15.5997 72
      vertex 22.4275 -15.9889 50.5
      vertex 23.4616 -15.5997 50.5
    endloop
  endfacet
  facet normal 0.849232 -0.528021 0
    outer loop
      vertex 31.0394 -9.3808 72
      vertex 31.6228 -8.4425 50.5
      vertex 31.6228 -8.4425 72
    endloop
  endfacet
  facet normal 0.849232 -0.528021 0
    outer loop
      vertex 31.6228 -8.4425 50.5
      vertex 31.0394 -9.3808 72
      vertex 31.0394 -9.3808 50.5
    endloop
  endfacet
  facet normal 0.412712 0.910862 -0
    outer loop
      vertex 24.468 15.1437 50.5
      vertex 23.4616 15.5997 72
      vertex 24.468 15.1437 72
    endloop
  endfacet
  facet normal 0.412712 0.910862 0
    outer loop
      vertex 23.4616 15.5997 72
      vertex 24.468 15.1437 50.5
      vertex 23.4616 15.5997 50.5
    endloop
  endfacet
  facet normal 0.582496 0.812834 -0
    outer loop
      vertex 27.2789 13.3958 50.5
      vertex 26.3808 14.0394 72
      vertex 27.2789 13.3958 72
    endloop
  endfacet
  facet normal 0.582496 0.812834 0
    outer loop
      vertex 26.3808 14.0394 72
      vertex 27.2789 13.3958 50.5
      vertex 26.3808 14.0394 50.5
    endloop
  endfacet
  facet normal -0.849199 -0.528073 0
    outer loop
      vertex 2.96064 -9.3808 50.5
      vertex 2.37716 -8.4425 72
      vertex 2.37716 -8.4425 50.5
    endloop
  endfacet
  facet normal -0.849199 -0.528073 0
    outer loop
      vertex 2.37716 -8.4425 72
      vertex 2.96064 -9.3808 50.5
      vertex 2.96064 -9.3808 72
    endloop
  endfacet
  facet normal -0.0980161 0.995185 0
    outer loop
      vertex 15.8957 16.8488 50.5
      vertex 14.7961 16.7405 72
      vertex 15.8957 16.8488 72
    endloop
  endfacet
  facet normal -0.0980161 0.995185 0
    outer loop
      vertex 14.7961 16.7405 72
      vertex 15.8957 16.8488 50.5
      vertex 14.7961 16.7405 50.5
    endloop
  endfacet
  facet normal -0.881921 -0.471397 0
    outer loop
      vertex 2.37716 -8.4425 50.5
      vertex 1.8563 -7.46804 72
      vertex 1.8563 -7.46804 50.5
    endloop
  endfacet
  facet normal -0.881921 -0.471397 0
    outer loop
      vertex 1.8563 -7.46804 72
      vertex 2.37716 -8.4425 50.5
      vertex 2.37716 -8.4425 72
    endloop
  endfacet
  facet normal 0.227067 0.973879 -0
    outer loop
      vertex 21.3702 16.3097 50.5
      vertex 20.2941 16.5606 72
      vertex 21.3702 16.3097 72
    endloop
  endfacet
  facet normal 0.227067 0.973879 0
    outer loop
      vertex 20.2941 16.5606 72
      vertex 21.3702 16.3097 50.5
      vertex 20.2941 16.5606 50.5
    endloop
  endfacet
  facet normal -0.773043 -0.634353 0
    outer loop
      vertex 4.30518 -11.1331 50.5
      vertex 3.60423 -10.2789 72
      vertex 3.60423 -10.2789 50.5
    endloop
  endfacet
  facet normal -0.773043 -0.634353 0
    outer loop
      vertex 3.60423 -10.2789 72
      vertex 4.30518 -11.1331 50.5
      vertex 4.30518 -11.1331 72
    endloop
  endfacet
  facet normal 0.729853 0.683604 0
    outer loop
      vertex 29.6948 11.1331 72
      vertex 28.9395 11.9395 50.5
      vertex 28.9395 11.9395 72
    endloop
  endfacet
  facet normal 0.729853 0.683604 0
    outer loop
      vertex 28.9395 11.9395 50.5
      vertex 29.6948 11.1331 72
      vertex 29.6948 11.1331 50.5
    endloop
  endfacet
  facet normal 0.729853 -0.683604 0
    outer loop
      vertex 28.9395 -11.9395 72
      vertex 29.6948 -11.1331 50.5
      vertex 29.6948 -11.1331 72
    endloop
  endfacet
  facet normal 0.729853 -0.683604 0
    outer loop
      vertex 29.6948 -11.1331 50.5
      vertex 28.9395 -11.9395 72
      vertex 28.9395 -11.9395 50.5
    endloop
  endfacet
  facet normal 0.0327633 0.999463 -0
    outer loop
      vertex 18.1043 16.8488 50.5
      vertex 17 16.885 72
      vertex 18.1043 16.8488 72
    endloop
  endfacet
  facet normal 0.0327633 0.999463 0
    outer loop
      vertex 17 16.885 72
      vertex 18.1043 16.8488 50.5
      vertex 17 16.885 50.5
    endloop
  endfacet
  facet normal -0.935906 -0.352249 0
    outer loop
      vertex 1.40029 -6.46161 50.5
      vertex 1.01108 -5.4275 72
      vertex 1.01108 -5.4275 50.5
    endloop
  endfacet
  facet normal -0.935906 -0.352249 0
    outer loop
      vertex 1.01108 -5.4275 72
      vertex 1.40029 -6.46161 50.5
      vertex 1.40029 -6.46161 72
    endloop
  endfacet
  facet normal -0.729844 -0.683614 0
    outer loop
      vertex 5.0605 -11.9395 50.5
      vertex 4.30518 -11.1331 72
      vertex 4.30518 -11.1331 50.5
    endloop
  endfacet
  facet normal -0.729844 -0.683614 0
    outer loop
      vertex 4.30518 -11.1331 72
      vertex 5.0605 -11.9395 50.5
      vertex 5.0605 -11.9395 72
    endloop
  endfacet
  facet normal 0.290344 0.956922 -0
    outer loop
      vertex 22.4275 15.9889 50.5
      vertex 21.3702 16.3097 72
      vertex 22.4275 15.9889 72
    endloop
  endfacet
  facet normal 0.290344 0.956922 0
    outer loop
      vertex 21.3702 16.3097 72
      vertex 22.4275 15.9889 50.5
      vertex 21.3702 16.3097 50.5
    endloop
  endfacet
  facet normal -0.471429 0.881904 0
    outer loop
      vertex 9.53195 15.1437 50.5
      vertex 8.5575 14.6228 72
      vertex 9.53195 15.1437 72
    endloop
  endfacet
  facet normal -0.471429 0.881904 0
    outer loop
      vertex 8.5575 14.6228 72
      vertex 9.53195 15.1437 50.5
      vertex 8.5575 14.6228 50.5
    endloop
  endfacet
  facet normal -0.849199 0.528073 0
    outer loop
      vertex 2.37716 8.4425 50.5
      vertex 2.96064 9.3808 72
      vertex 2.96064 9.3808 50.5
    endloop
  endfacet
  facet normal -0.849199 0.528073 0
    outer loop
      vertex 2.96064 9.3808 72
      vertex 2.37716 8.4425 50.5
      vertex 2.37716 8.4425 72
    endloop
  endfacet
  facet normal -0.471429 -0.881904 0
    outer loop
      vertex 8.5575 -14.6228 50.5
      vertex 9.53195 -15.1437 72
      vertex 8.5575 -14.6228 72
    endloop
  endfacet
  facet normal -0.471429 -0.881904 -0
    outer loop
      vertex 9.53195 -15.1437 72
      vertex 8.5575 -14.6228 50.5
      vertex 9.53195 -15.1437 50.5
    endloop
  endfacet
  facet normal 0.910866 -0.412701 0
    outer loop
      vertex 32.1437 -7.46804 72
      vertex 32.5997 -6.46161 50.5
      vertex 32.5997 -6.46161 72
    endloop
  endfacet
  facet normal 0.910866 -0.412701 0
    outer loop
      vertex 32.5997 -6.46161 50.5
      vertex 32.1437 -7.46804 72
      vertex 32.1437 -7.46804 50.5
    endloop
  endfacet
  facet normal -0.729844 0.683614 0
    outer loop
      vertex 4.30518 11.1331 50.5
      vertex 5.0605 11.9395 72
      vertex 5.0605 11.9395 50.5
    endloop
  endfacet
  facet normal -0.729844 0.683614 0
    outer loop
      vertex 5.0605 11.9395 72
      vertex 4.30518 11.1331 50.5
      vertex 4.30518 11.1331 72
    endloop
  endfacet
  facet normal -0.290344 -0.956922 0
    outer loop
      vertex 11.5725 -15.9889 50.5
      vertex 12.6298 -16.3097 72
      vertex 11.5725 -15.9889 72
    endloop
  endfacet
  facet normal -0.290344 -0.956922 -0
    outer loop
      vertex 12.6298 -16.3097 72
      vertex 11.5725 -15.9889 50.5
      vertex 12.6298 -16.3097 50.5
    endloop
  endfacet
  facet normal 0.227067 -0.973879 0
    outer loop
      vertex 20.2941 -16.5606 50.5
      vertex 21.3702 -16.3097 72
      vertex 20.2941 -16.5606 72
    endloop
  endfacet
  facet normal 0.227067 -0.973879 0
    outer loop
      vertex 21.3702 -16.3097 72
      vertex 20.2941 -16.5606 50.5
      vertex 21.3702 -16.3097 50.5
    endloop
  endfacet
  facet normal -0.582479 -0.812846 0
    outer loop
      vertex 6.72106 -13.3958 50.5
      vertex 7.6192 -14.0394 72
      vertex 6.72106 -13.3958 72
    endloop
  endfacet
  facet normal -0.582479 -0.812846 -0
    outer loop
      vertex 7.6192 -14.0394 72
      vertex 6.72106 -13.3958 50.5
      vertex 7.6192 -14.0394 50.5
    endloop
  endfacet
  facet normal -0.999465 0.0327191 0
    outer loop
      vertex 0.115 0 50.5
      vertex 0.151152 1.10433 72
      vertex 0.151152 1.10433 50.5
    endloop
  endfacet
  facet normal -0.999465 0.0327191 0
    outer loop
      vertex 0.151152 1.10433 72
      vertex 0.115 0 50.5
      vertex 0.115 0 72
    endloop
  endfacet
  facet normal 0.290344 -0.956922 0
    outer loop
      vertex 21.3702 -16.3097 50.5
      vertex 22.4275 -15.9889 72
      vertex 21.3702 -16.3097 72
    endloop
  endfacet
  facet normal 0.290344 -0.956922 0
    outer loop
      vertex 22.4275 -15.9889 72
      vertex 21.3702 -16.3097 50.5
      vertex 22.4275 -15.9889 50.5
    endloop
  endfacet
  facet normal 0.63438 -0.773021 0
    outer loop
      vertex 27.2789 -13.3958 50.5
      vertex 28.1331 -12.6948 72
      vertex 27.2789 -13.3958 72
    endloop
  endfacet
  facet normal 0.63438 -0.773021 0
    outer loop
      vertex 28.1331 -12.6948 72
      vertex 27.2789 -13.3958 50.5
      vertex 28.1331 -12.6948 50.5
    endloop
  endfacet
  facet normal -0.412695 -0.910869 0
    outer loop
      vertex 9.53195 -15.1437 50.5
      vertex 10.5384 -15.5997 72
      vertex 9.53195 -15.1437 72
    endloop
  endfacet
  facet normal -0.412695 -0.910869 -0
    outer loop
      vertex 10.5384 -15.5997 72
      vertex 9.53195 -15.1437 50.5
      vertex 10.5384 -15.5997 50.5
    endloop
  endfacet
  facet normal -0.63442 -0.772988 0
    outer loop
      vertex 5.86695 -12.6948 50.5
      vertex 6.72106 -13.3958 72
      vertex 5.86695 -12.6948 72
    endloop
  endfacet
  facet normal -0.63442 -0.772988 -0
    outer loop
      vertex 6.72106 -13.3958 72
      vertex 5.86695 -12.6948 50.5
      vertex 6.72106 -13.3958 50.5
    endloop
  endfacet
  facet normal -0.683581 -0.729874 0
    outer loop
      vertex 5.0605 -11.9395 50.5
      vertex 5.86695 -12.6948 72
      vertex 5.0605 -11.9395 72
    endloop
  endfacet
  facet normal -0.683581 -0.729874 -0
    outer loop
      vertex 5.86695 -12.6948 72
      vertex 5.0605 -11.9395 50.5
      vertex 5.86695 -12.6948 50.5
    endloop
  endfacet
  facet normal -0.528021 -0.849232 0
    outer loop
      vertex 7.6192 -14.0394 50.5
      vertex 8.5575 -14.6228 72
      vertex 7.6192 -14.0394 72
    endloop
  endfacet
  facet normal -0.528021 -0.849232 -0
    outer loop
      vertex 8.5575 -14.6228 72
      vertex 7.6192 -14.0394 50.5
      vertex 8.5575 -14.6228 50.5
    endloop
  endfacet
  facet normal 0.995187 0.0979934 0
    outer loop
      vertex 47.8972 3.13935 50
      vertex 47.5894 6.26526 0
      vertex 47.5894 6.26526 50
    endloop
  endfacet
  facet normal 0.995187 0.0979934 0
    outer loop
      vertex 47.5894 6.26526 0
      vertex 47.8972 3.13935 50
      vertex 47.8972 3.13935 0
    endloop
  endfacet
  facet normal 0.999464 0.0327281 0
    outer loop
      vertex 48 0 50
      vertex 47.8972 3.13935 0
      vertex 47.8972 3.13935 50
    endloop
  endfacet
  facet normal 0.999464 0.0327281 0
    outer loop
      vertex 47.8972 3.13935 0
      vertex 48 0 50
      vertex 48 0 0
    endloop
  endfacet
  facet normal 0.986641 0.162908 0
    outer loop
      vertex 47.5894 6.26526 50
      vertex 47.0777 9.36434 0
      vertex 47.0777 9.36434 50
    endloop
  endfacet
  facet normal 0.986641 0.162908 0
    outer loop
      vertex 47.0777 9.36434 0
      vertex 47.5894 6.26526 50
      vertex 47.5894 6.26526 0
    endloop
  endfacet
  facet normal 0.0979934 -0.995187 0
    outer loop
      vertex 3.13935 -47.8972 0
      vertex 6.26526 -47.5894 50
      vertex 3.13935 -47.8972 50
    endloop
  endfacet
  facet normal 0.0979934 -0.995187 0
    outer loop
      vertex 6.26526 -47.5894 50
      vertex 3.13935 -47.8972 0
      vertex 6.26526 -47.5894 0
    endloop
  endfacet
  facet normal 0.849202 0.528069 0
    outer loop
      vertex 41.5692 24 50
      vertex 39.9105 26.6674 0
      vertex 39.9105 26.6674 50
    endloop
  endfacet
  facet normal 0.849202 0.528069 0
    outer loop
      vertex 39.9105 26.6674 0
      vertex 41.5692 24 50
      vertex 41.5692 24 0
    endloop
  endfacet
  facet normal -0.999464 -0.0327281 0
    outer loop
      vertex -47.8972 -3.13935 0
      vertex -48 0 50
      vertex -48 0 0
    endloop
  endfacet
  facet normal -0.999464 -0.0327281 0
    outer loop
      vertex -48 0 50
      vertex -47.8972 -3.13935 0
      vertex -47.8972 -3.13935 50
    endloop
  endfacet
  facet normal 0.973873 -0.227092 0
    outer loop
      vertex 46.3644 -12.4233 50
      vertex 47.0777 -9.36434 0
      vertex 47.0777 -9.36434 50
    endloop
  endfacet
  facet normal 0.973873 -0.227092 0
    outer loop
      vertex 47.0777 -9.36434 0
      vertex 46.3644 -12.4233 50
      vertex 46.3644 -12.4233 0
    endloop
  endfacet
  facet normal -0.412694 -0.91087 0
    outer loop
      vertex -21.2299 -43.0499 0
      vertex -18.3688 -44.3462 50
      vertex -21.2299 -43.0499 50
    endloop
  endfacet
  facet normal -0.412694 -0.91087 -0
    outer loop
      vertex -18.3688 -44.3462 50
      vertex -21.2299 -43.0499 0
      vertex -18.3688 -44.3462 0
    endloop
  endfacet
  facet normal 0.773009 -0.634395 0
    outer loop
      vertex 36.0883 -31.6486 50
      vertex 38.081 -29.2205 0
      vertex 38.081 -29.2205 50
    endloop
  endfacet
  facet normal 0.773009 -0.634395 0
    outer loop
      vertex 38.081 -29.2205 0
      vertex 36.0883 -31.6486 50
      vertex 36.0883 -31.6486 0
    endloop
  endfacet
  facet normal -0.227092 0.973873 0
    outer loop
      vertex -9.36434 47.0777 0
      vertex -12.4233 46.3644 50
      vertex -9.36434 47.0777 50
    endloop
  endfacet
  facet normal -0.227092 0.973873 0
    outer loop
      vertex -12.4233 46.3644 50
      vertex -9.36434 47.0777 0
      vertex -12.4233 46.3644 0
    endloop
  endfacet
  facet normal 0.973873 0.227092 0
    outer loop
      vertex 47.0777 9.36434 50
      vertex 46.3644 12.4233 0
      vertex 46.3644 12.4233 50
    endloop
  endfacet
  facet normal 0.973873 0.227092 0
    outer loop
      vertex 46.3644 12.4233 0
      vertex 47.0777 9.36434 50
      vertex 47.0777 9.36434 0
    endloop
  endfacet
  facet normal 0.0327281 0.999464 -0
    outer loop
      vertex 3.13935 47.8972 0
      vertex 0 48 50
      vertex 3.13935 47.8972 50
    endloop
  endfacet
  facet normal 0.0327281 0.999464 0
    outer loop
      vertex 0 48 50
      vertex 3.13935 47.8972 0
      vertex 0 48 0
    endloop
  endfacet
  facet normal 0 0 -1
    outer loop
      vertex 47.5546 -0.395954 0
      vertex 48 0 0
      vertex 47.8972 -3.13935 0
    endloop
  endfacet
  facet normal 0 0 -1
    outer loop
      vertex 47.4269 -3.50533 0
      vertex 47.8972 -3.13935 0
      vertex 47.5894 -6.26526 0
    endloop
  endfacet
  facet normal -0 0 -1
    outer loop
      vertex 48 0 0
      vertex 47.5546 -0.395954 0
      vertex 47.5676 0 0
    endloop
  endfacet
  facet normal 0 0 -1
    outer loop
      vertex 48 0 0
      vertex 47.5546 0.395954 0
      vertex 47.8972 3.13935 0
    endloop
  endfacet
  facet normal 0 0 -1
    outer loop
      vertex 47.5546 0.395954 0
      vertex 48 0 0
      vertex 47.5676 0 0
    endloop
  endfacet
  facet normal 0 0 -1
    outer loop
      vertex 47.8972 -3.13935 0
      vertex 47.4657 -3.11107 0
      vertex 47.5546 -0.395954 0
    endloop
  endfacet
  facet normal -0 0 -1
    outer loop
      vertex 47.8972 -3.13935 0
      vertex 47.4269 -3.50533 0
      vertex 47.4657 -3.11107 0
    endloop
  endfacet
  facet normal 0 0 -1
    outer loop
      vertex 47.5894 -6.26526 0
      vertex 47.1606 -6.20881 0
      vertex 47.4269 -3.50533 0
    endloop
  endfacet
  facet normal -0 0 -1
    outer loop
      vertex 47.5894 -6.26526 0
      vertex 47.0961 -6.59969 0
      vertex 47.1606 -6.20881 0
    endloop
  endfacet
  facet normal 0 0 -1
    outer loop
      vertex 47.0777 -9.36434 0
      vertex 47.0961 -6.59969 0
      vertex 47.5894 -6.26526 0
    endloop
  endfacet
  facet normal 0 0 -1
    outer loop
      vertex 47.0777 -9.36434 0
      vertex 46.6536 -9.27997 0
      vertex 47.0961 -6.59969 0
    endloop
  endfacet
  facet normal 0 0 -1
    outer loop
      vertex 46.0367 -11.9256 0
      vertex 47.0777 -9.36434 0
      vertex 46.3644 -12.4233 0
    endloop
  endfacet
  facet normal -0 0 -1
    outer loop
      vertex 47.0777 -9.36434 0
      vertex 46.0367 -11.9256 0
      vertex 46.6536 -9.27997 0
    endloop
  endfacet
  facet normal 0 0 -1
    outer loop
      vertex 46.3644 -12.4233 0
      vertex 45.9467 -12.3114 0
      vertex 46.0367 -11.9256 0
    endloop
  endfacet
  facet normal -0 0 -1
    outer loop
      vertex 46.3644 -12.4233 0
      vertex 45.8317 -12.6905 0
      vertex 45.9467 -12.3114 0
    endloop
  endfacet
  facet normal 0 0 -1
    outer loop
      vertex 45.4526 -15.4291 0
      vertex 45.8317 -12.6905 0
      vertex 46.3644 -12.4233 0
    endloop
  endfacet
  facet normal 0 0 -1
    outer loop
      vertex 45.4526 -15.4291 0
      vertex 45.0432 -15.2901 0
      vertex 45.8317 -12.6905 0
    endloop
  endfacet
  facet normal -0 0 -1
    outer loop
      vertex 45.4526 -15.4291 0
      vertex 44.9036 -15.6609 0
      vertex 45.0432 -15.2901 0
    endloop
  endfacet
  facet normal 0 0 -1
    outer loop
      vertex 44.3462 -18.3688 0
      vertex 44.9036 -15.6609 0
      vertex 45.4526 -15.4291 0
    endloop
  endfacet
  facet normal 0 0 -1
    outer loop
      vertex 44.3462 -18.3688 0
      vertex 43.9467 -18.2033 0
      vertex 44.9036 -15.6609 0
    endloop
  endfacet
  facet normal 0 0 -1
    outer loop
      vertex 42.8256 -20.6777 0
      vertex 44.3462 -18.3688 0
      vertex 43.0499 -21.2299 0
    endloop
  endfacet
  facet normal -0 0 -1
    outer loop
      vertex 44.3462 -18.3688 0
      vertex 42.8256 -20.6777 0
      vertex 43.9467 -18.2033 0
    endloop
  endfacet
  facet normal 0 0 -1
    outer loop
      vertex 43.0499 -21.2299 0
      vertex 42.6621 -21.0386 0
      vertex 42.8256 -20.6777 0
    endloop
  endfacet
  facet normal 0 0 -1
    outer loop
      vertex 41.3815 -23.4344 0
      vertex 43.0499 -21.2299 0
      vertex 41.5692 -24 0
    endloop
  endfacet
  facet normal -0 0 -1
    outer loop
      vertex 43.0499 -21.2299 0
      vertex 41.3815 -23.4344 0
      vertex 42.6621 -21.0386 0
    endloop
  endfacet
  facet normal 0 0 -1
    outer loop
      vertex 41.5692 -24 0
      vertex 41.1947 -23.7838 0
      vertex 41.3815 -23.4344 0
    endloop
  endfacet
  facet normal -0 0 -1
    outer loop
      vertex 41.5692 -24 0
      vertex 40.9855 -24.1202 0
      vertex 41.1947 -23.7838 0
    endloop
  endfacet
  facet normal 0 0 -1
    outer loop
      vertex 39.9105 -26.6674 0
      vertex 40.9855 -24.1202 0
      vertex 41.5692 -24 0
    endloop
  endfacet
  facet normal 0 0 -1
    outer loop
      vertex 39.9105 -26.6674 0
      vertex 39.551 -26.4271 0
      vertex 40.9855 -24.1202 0
    endloop
  endfacet
  facet normal 0 0 -1
    outer loop
      vertex 37.9686 -28.6353 0
      vertex 39.9105 -26.6674 0
      vertex 38.081 -29.2205 0
    endloop
  endfacet
  facet normal -0 0 -1
    outer loop
      vertex 39.9105 -26.6674 0
      vertex 37.9686 -28.6353 0
      vertex 39.551 -26.4271 0
    endloop
  endfacet
  facet normal 0 0 -1
    outer loop
      vertex 38.081 -29.2205 0
      vertex 37.7379 -28.9573 0
      vertex 37.9686 -28.6353 0
    endloop
  endfacet
  facet normal -0 0 -1
    outer loop
      vertex 38.081 -29.2205 0
      vertex 37.4866 -29.2635 0
      vertex 37.7379 -28.9573 0
    endloop
  endfacet
  facet normal 0 0 -1
    outer loop
      vertex 36.0883 -31.6486 0
      vertex 37.4866 -29.2635 0
      vertex 38.081 -29.2205 0
    endloop
  endfacet
  facet normal 0 0 -1
    outer loop
      vertex 36.0883 -31.6486 0
      vertex 35.7632 -31.3635 0
      vertex 37.4866 -29.2635 0
    endloop
  endfacet
  facet normal 0 0 -1
    outer loop
      vertex 33.9062 -33.3462 0
      vertex 36.0883 -31.6486 0
      vertex 33.9411 -33.9411 0
    endloop
  endfacet
  facet normal -0 0 -1
    outer loop
      vertex 36.0883 -31.6486 0
      vertex 33.9062 -33.3462 0
      vertex 35.7632 -31.3635 0
    endloop
  endfacet
  facet normal 0 0 -1
    outer loop
      vertex 33.9411 -33.9411 0
      vertex 33.6353 -33.6353 0
      vertex 33.9062 -33.3462 0
    endloop
  endfacet
  facet normal 0 0 -1
    outer loop
      vertex 33.9411 -33.9411 0
      vertex 33.3462 -33.9062 0
      vertex 33.6353 -33.6353 0
    endloop
  endfacet
  facet normal 0 0 -1
    outer loop
      vertex 31.6486 -36.0883 0
      vertex 33.3462 -33.9062 0
      vertex 33.9411 -33.9411 0
    endloop
  endfacet
  facet normal 0 0 -1
    outer loop
      vertex 31.6486 -36.0883 0
      vertex 31.3635 -35.7632 0
      vertex 33.3462 -33.9062 0
    endloop
  endfacet
  facet normal -0 0 -1
    outer loop
      vertex 31.6486 -36.0883 0
      vertex 29.2635 -37.4866 0
      vertex 31.3635 -35.7632 0
    endloop
  endfacet
  facet normal 0 0 -1
    outer loop
      vertex 29.2205 -38.081 0
      vertex 29.2635 -37.4866 0
      vertex 31.6486 -36.0883 0
    endloop
  endfacet
  facet normal 0 0 -1
    outer loop
      vertex 29.2205 -38.081 0
      vertex 28.9573 -37.7379 0
      vertex 29.2635 -37.4866 0
    endloop
  endfacet
  facet normal 0 0 -1
    outer loop
      vertex 29.2205 -38.081 0
      vertex 28.6353 -37.9686 0
      vertex 28.9573 -37.7379 0
    endloop
  endfacet
  facet normal 0 0 -1
    outer loop
      vertex 26.6674 -39.9105 0
      vertex 28.6353 -37.9686 0
      vertex 29.2205 -38.081 0
    endloop
  endfacet
  facet normal 0 0 -1
    outer loop
      vertex 26.6674 -39.9105 0
      vertex 26.4271 -39.551 0
      vertex 28.6353 -37.9686 0
    endloop
  endfacet
  facet normal -0 0 -1
    outer loop
      vertex 26.6674 -39.9105 0
      vertex 24.1202 -40.9855 0
      vertex 26.4271 -39.551 0
    endloop
  endfacet
  facet normal 0 0 -1
    outer loop
      vertex 24 -41.5692 0
      vertex 24.1202 -40.9855 0
      vertex 26.6674 -39.9105 0
    endloop
  endfacet
  facet normal 0 0 -1
    outer loop
      vertex 24 -41.5692 0
      vertex 23.7838 -41.1947 0
      vertex 24.1202 -40.9855 0
    endloop
  endfacet
  facet normal 0 0 -1
    outer loop
      vertex 24 -41.5692 0
      vertex 23.4344 -41.3815 0
      vertex 23.7838 -41.1947 0
    endloop
  endfacet
  facet normal 0 0 -1
    outer loop
      vertex 21.2299 -43.0499 0
      vertex 23.4344 -41.3815 0
      vertex 24 -41.5692 0
    endloop
  endfacet
  facet normal 0 0 -1
    outer loop
      vertex 21.2299 -43.0499 0
      vertex 21.0386 -42.6621 0
      vertex 23.4344 -41.3815 0
    endloop
  endfacet
  facet normal 0 0 -1
    outer loop
      vertex 21.2299 -43.0499 0
      vertex 20.6777 -42.8256 0
      vertex 21.0386 -42.6621 0
    endloop
  endfacet
  facet normal 0 0 -1
    outer loop
      vertex 18.3688 -44.3462 0
      vertex 20.6777 -42.8256 0
      vertex 21.2299 -43.0499 0
    endloop
  endfacet
  facet normal 0 0 -1
    outer loop
      vertex 18.3688 -44.3462 0
      vertex 18.2033 -43.9467 0
      vertex 20.6777 -42.8256 0
    endloop
  endfacet
  facet normal -0 0 -1
    outer loop
      vertex 18.3688 -44.3462 0
      vertex 15.6609 -44.9036 0
      vertex 18.2033 -43.9467 0
    endloop
  endfacet
  facet normal 0 0 -1
    outer loop
      vertex 15.4291 -45.4526 0
      vertex 15.6609 -44.9036 0
      vertex 18.3688 -44.3462 0
    endloop
  endfacet
  facet normal 0 0 -1
    outer loop
      vertex 15.4291 -45.4526 0
      vertex 15.2901 -45.0432 0
      vertex 15.6609 -44.9036 0
    endloop
  endfacet
  facet normal -0 0 -1
    outer loop
      vertex 15.4291 -45.4526 0
      vertex 12.6905 -45.8317 0
      vertex 15.2901 -45.0432 0
    endloop
  endfacet
  facet normal 0 0 -1
    outer loop
      vertex 12.4233 -46.3644 0
      vertex 12.6905 -45.8317 0
      vertex 15.4291 -45.4526 0
    endloop
  endfacet
  facet normal 0 0 -1
    outer loop
      vertex 12.4233 -46.3644 0
      vertex 12.3114 -45.9467 0
      vertex 12.6905 -45.8317 0
    endloop
  endfacet
  facet normal 0 0 -1
    outer loop
      vertex 12.4233 -46.3644 0
      vertex 11.9256 -46.0367 0
      vertex 12.3114 -45.9467 0
    endloop
  endfacet
  facet normal 0 0 -1
    outer loop
      vertex 9.36434 -47.0777 0
      vertex 11.9256 -46.0367 0
      vertex 12.4233 -46.3644 0
    endloop
  endfacet
  facet normal 0 0 -1
    outer loop
      vertex 9.36434 -47.0777 0
      vertex 9.27997 -46.6536 0
      vertex 11.9256 -46.0367 0
    endloop
  endfacet
  facet normal -0 0 -1
    outer loop
      vertex 9.36434 -47.0777 0
      vertex 6.59969 -47.0961 0
      vertex 9.27997 -46.6536 0
    endloop
  endfacet
  facet normal 0 0 -1
    outer loop
      vertex 6.26526 -47.5894 0
      vertex 6.59969 -47.0961 0
      vertex 9.36434 -47.0777 0
    endloop
  endfacet
  facet normal 0 0 -1
    outer loop
      vertex 6.26526 -47.5894 0
      vertex 6.20881 -47.1606 0
      vertex 6.59969 -47.0961 0
    endloop
  endfacet
  facet normal 0 0 -1
    outer loop
      vertex 6.26526 -47.5894 0
      vertex 3.50533 -47.4269 0
      vertex 6.20881 -47.1606 0
    endloop
  endfacet
  facet normal 0 0 -1
    outer loop
      vertex 3.13935 -47.8972 0
      vertex 3.50533 -47.4269 0
      vertex 6.26526 -47.5894 0
    endloop
  endfacet
  facet normal 0 0 -1
    outer loop
      vertex 3.13935 -47.8972 0
      vertex 3.11107 -47.4657 0
      vertex 3.50533 -47.4269 0
    endloop
  endfacet
  facet normal 0 0 -1
    outer loop
      vertex 3.13935 -47.8972 0
      vertex 0.395954 -47.5546 0
      vertex 3.11107 -47.4657 0
    endloop
  endfacet
  facet normal 0 0 -1
    outer loop
      vertex 0 -48 0
      vertex 0.395954 -47.5546 0
      vertex 3.13935 -47.8972 0
    endloop
  endfacet
  facet normal 0 0 -1
    outer loop
      vertex 0 -48 0
      vertex 0 -47.5676 0
      vertex 0.395954 -47.5546 0
    endloop
  endfacet
  facet normal 0 0 -1
    outer loop
      vertex 0 -48 0
      vertex -0.395954 -47.5546 0
      vertex 0 -47.5676 0
    endloop
  endfacet
  facet normal 0 0 -1
    outer loop
      vertex -3.13935 -47.8972 0
      vertex -0.395954 -47.5546 0
      vertex 0 -48 0
    endloop
  endfacet
  facet normal -0 0 -1
    outer loop
      vertex -0.395954 -47.5546 0
      vertex -3.13935 -47.8972 0
      vertex -3.11107 -47.4657 0
    endloop
  endfacet
  facet normal 0 0 -1
    outer loop
      vertex -3.13935 -47.8972 0
      vertex -3.50533 -47.4269 0
      vertex -3.11107 -47.4657 0
    endloop
  endfacet
  facet normal 0 0 -1
    outer loop
      vertex -6.26526 -47.5894 0
      vertex -3.50533 -47.4269 0
      vertex -3.13935 -47.8972 0
    endloop
  endfacet
  facet normal -0 0 -1
    outer loop
      vertex -3.50533 -47.4269 0
      vertex -6.26526 -47.5894 0
      vertex -6.20881 -47.1606 0
    endloop
  endfacet
  facet normal 0 0 -1
    outer loop
      vertex -6.26526 -47.5894 0
      vertex -6.59969 -47.0961 0
      vertex -6.20881 -47.1606 0
    endloop
  endfacet
  facet normal 0 0 -1
    outer loop
      vertex -9.36434 -47.0777 0
      vertex -6.59969 -47.0961 0
      vertex -6.26526 -47.5894 0
    endloop
  endfacet
  facet normal 0 0 -1
    outer loop
      vertex -6.59969 -47.0961 0
      vertex -9.36434 -47.0777 0
      vertex -9.27997 -46.6536 0
    endloop
  endfacet
  facet normal 0 0 -1
    outer loop
      vertex -9.36434 -47.0777 0
      vertex -11.9256 -46.0367 0
      vertex -9.27997 -46.6536 0
    endloop
  endfacet
  facet normal 0 0 -1
    outer loop
      vertex -12.4233 -46.3644 0
      vertex -11.9256 -46.0367 0
      vertex -9.36434 -47.0777 0
    endloop
  endfacet
  facet normal -0 0 -1
    outer loop
      vertex -11.9256 -46.0367 0
      vertex -12.4233 -46.3644 0
      vertex -12.3114 -45.9467 0
    endloop
  endfacet
  facet normal 0 0 -1
    outer loop
      vertex -12.4233 -46.3644 0
      vertex -12.6905 -45.8317 0
      vertex -12.3114 -45.9467 0
    endloop
  endfacet
  facet normal 0 0 -1
    outer loop
      vertex -15.4291 -45.4526 0
      vertex -12.6905 -45.8317 0
      vertex -12.4233 -46.3644 0
    endloop
  endfacet
  facet normal 0 0 -1
    outer loop
      vertex -12.6905 -45.8317 0
      vertex -15.4291 -45.4526 0
      vertex -15.2901 -45.0432 0
    endloop
  endfacet
  facet normal 0 0 -1
    outer loop
      vertex -15.4291 -45.4526 0
      vertex -15.6609 -44.9036 0
      vertex -15.2901 -45.0432 0
    endloop
  endfacet
  facet normal 0 0 -1
    outer loop
      vertex -18.3688 -44.3462 0
      vertex -15.6609 -44.9036 0
      vertex -15.4291 -45.4526 0
    endloop
  endfacet
  facet normal 0 0 -1
    outer loop
      vertex -15.6609 -44.9036 0
      vertex -18.3688 -44.3462 0
      vertex -18.2033 -43.9467 0
    endloop
  endfacet
  facet normal 0 0 -1
    outer loop
      vertex -18.3688 -44.3462 0
      vertex -20.6777 -42.8256 0
      vertex -18.2033 -43.9467 0
    endloop
  endfacet
  facet normal 0 0 -1
    outer loop
      vertex -21.2299 -43.0499 0
      vertex -20.6777 -42.8256 0
      vertex -18.3688 -44.3462 0
    endloop
  endfacet
  facet normal -0 0 -1
    outer loop
      vertex -20.6777 -42.8256 0
      vertex -21.2299 -43.0499 0
      vertex -21.0386 -42.6621 0
    endloop
  endfacet
  facet normal 0 0 -1
    outer loop
      vertex -21.2299 -43.0499 0
      vertex -23.4344 -41.3815 0
      vertex -21.0386 -42.6621 0
    endloop
  endfacet
  facet normal 0 0 -1
    outer loop
      vertex -24 -41.5692 0
      vertex -23.4344 -41.3815 0
      vertex -21.2299 -43.0499 0
    endloop
  endfacet
  facet normal -0 0 -1
    outer loop
      vertex -23.4344 -41.3815 0
      vertex -24 -41.5692 0
      vertex -23.7838 -41.1947 0
    endloop
  endfacet
  facet normal 0 0 -1
    outer loop
      vertex -24 -41.5692 0
      vertex -24.1202 -40.9855 0
      vertex -23.7838 -41.1947 0
    endloop
  endfacet
  facet normal 0 0 -1
    outer loop
      vertex -26.6674 -39.9105 0
      vertex -24.1202 -40.9855 0
      vertex -24 -41.5692 0
    endloop
  endfacet
  facet normal 0 0 -1
    outer loop
      vertex -24.1202 -40.9855 0
      vertex -26.6674 -39.9105 0
      vertex -26.4271 -39.551 0
    endloop
  endfacet
  facet normal 0 0 -1
    outer loop
      vertex -26.6674 -39.9105 0
      vertex -28.6353 -37.9686 0
      vertex -26.4271 -39.551 0
    endloop
  endfacet
  facet normal 0 0 -1
    outer loop
      vertex -29.2205 -38.081 0
      vertex -28.6353 -37.9686 0
      vertex -26.6674 -39.9105 0
    endloop
  endfacet
  facet normal -0 0 -1
    outer loop
      vertex -28.6353 -37.9686 0
      vertex -29.2205 -38.081 0
      vertex -28.9573 -37.7379 0
    endloop
  endfacet
  facet normal 0 0 -1
    outer loop
      vertex -29.2205 -38.081 0
      vertex -29.2635 -37.4866 0
      vertex -28.9573 -37.7379 0
    endloop
  endfacet
  facet normal 0 0 -1
    outer loop
      vertex -31.6486 -36.0883 0
      vertex -29.2635 -37.4866 0
      vertex -29.2205 -38.081 0
    endloop
  endfacet
  facet normal 0 0 -1
    outer loop
      vertex -29.2635 -37.4866 0
      vertex -31.6486 -36.0883 0
      vertex -31.3635 -35.7632 0
    endloop
  endfacet
  facet normal 0 0 -1
    outer loop
      vertex -31.6486 -36.0883 0
      vertex -33.3462 -33.9062 0
      vertex -31.3635 -35.7632 0
    endloop
  endfacet
  facet normal 0 0 -1
    outer loop
      vertex -33.9411 -33.9411 0
      vertex -33.3462 -33.9062 0
      vertex -31.6486 -36.0883 0
    endloop
  endfacet
  facet normal -0 0 -1
    outer loop
      vertex -33.3462 -33.9062 0
      vertex -33.9411 -33.9411 0
      vertex -33.6353 -33.6353 0
    endloop
  endfacet
  facet normal -0 0 -1
    outer loop
      vertex -33.6353 -33.6353 0
      vertex -33.9411 -33.9411 0
      vertex -33.9062 -33.3462 0
    endloop
  endfacet
  facet normal 0 0 -1
    outer loop
      vertex -36.0883 -31.6486 0
      vertex -33.9062 -33.3462 0
      vertex -33.9411 -33.9411 0
    endloop
  endfacet
  facet normal 0 0 -1
    outer loop
      vertex -33.9062 -33.3462 0
      vertex -36.0883 -31.6486 0
      vertex -35.7632 -31.3635 0
    endloop
  endfacet
  facet normal 0 0 -1
    outer loop
      vertex -36.0883 -31.6486 0
      vertex -37.4866 -29.2635 0
      vertex -35.7632 -31.3635 0
    endloop
  endfacet
  facet normal 0 0 -1
    outer loop
      vertex -38.081 -29.2205 0
      vertex -37.4866 -29.2635 0
      vertex -36.0883 -31.6486 0
    endloop
  endfacet
  facet normal 0 0 -1
    outer loop
      vertex -37.4866 -29.2635 0
      vertex -38.081 -29.2205 0
      vertex -37.7379 -28.9573 0
    endloop
  endfacet
  facet normal -0 0 -1
    outer loop
      vertex -37.7379 -28.9573 0
      vertex -38.081 -29.2205 0
      vertex -37.9686 -28.6353 0
    endloop
  endfacet
  facet normal 0 0 -1
    outer loop
      vertex -39.9105 -26.6674 0
      vertex -37.9686 -28.6353 0
      vertex -38.081 -29.2205 0
    endloop
  endfacet
  facet normal 0 0 -1
    outer loop
      vertex -37.9686 -28.6353 0
      vertex -39.9105 -26.6674 0
      vertex -39.551 -26.4271 0
    endloop
  endfacet
  facet normal 0 0 -1
    outer loop
      vertex -39.9105 -26.6674 0
      vertex -40.9855 -24.1202 0
      vertex -39.551 -26.4271 0
    endloop
  endfacet
  facet normal 0 0 -1
    outer loop
      vertex -41.5692 -24 0
      vertex -40.9855 -24.1202 0
      vertex -39.9105 -26.6674 0
    endloop
  endfacet
  facet normal 0 0 -1
    outer loop
      vertex -40.9855 -24.1202 0
      vertex -41.5692 -24 0
      vertex -41.1947 -23.7838 0
    endloop
  endfacet
  facet normal -0 0 -1
    outer loop
      vertex -41.1947 -23.7838 0
      vertex -41.5692 -24 0
      vertex -41.3815 -23.4344 0
    endloop
  endfacet
  facet normal 0 0 -1
    outer loop
      vertex -43.0499 -21.2299 0
      vertex -41.3815 -23.4344 0
      vertex -41.5692 -24 0
    endloop
  endfacet
  facet normal 0 0 -1
    outer loop
      vertex -41.3815 -23.4344 0
      vertex -43.0499 -21.2299 0
      vertex -42.6621 -21.0386 0
    endloop
  endfacet
  facet normal -0 0 -1
    outer loop
      vertex -42.6621 -21.0386 0
      vertex -43.0499 -21.2299 0
      vertex -42.8256 -20.6777 0
    endloop
  endfacet
  facet normal 0 0 -1
    outer loop
      vertex -44.3462 -18.3688 0
      vertex -42.8256 -20.6777 0
      vertex -43.0499 -21.2299 0
    endloop
  endfacet
  facet normal 0 0 -1
    outer loop
      vertex -42.8256 -20.6777 0
      vertex -44.3462 -18.3688 0
      vertex -43.9467 -18.2033 0
    endloop
  endfacet
  facet normal 0 0 -1
    outer loop
      vertex -44.3462 -18.3688 0
      vertex -44.9036 -15.6609 0
      vertex -43.9467 -18.2033 0
    endloop
  endfacet
  facet normal 0 0 -1
    outer loop
      vertex -45.4526 -15.4291 0
      vertex -44.9036 -15.6609 0
      vertex -44.3462 -18.3688 0
    endloop
  endfacet
  facet normal 0 0 -1
    outer loop
      vertex -44.9036 -15.6609 0
      vertex -45.4526 -15.4291 0
      vertex -45.0432 -15.2901 0
    endloop
  endfacet
  facet normal 0 0 -1
    outer loop
      vertex -45.4526 -15.4291 0
      vertex -45.8317 -12.6905 0
      vertex -45.0432 -15.2901 0
    endloop
  endfacet
  facet normal 0 0 -1
    outer loop
      vertex -46.3644 -12.4233 0
      vertex -45.8317 -12.6905 0
      vertex -45.4526 -15.4291 0
    endloop
  endfacet
  facet normal 0 0 -1
    outer loop
      vertex -45.8317 -12.6905 0
      vertex -46.3644 -12.4233 0
      vertex -45.9467 -12.3114 0
    endloop
  endfacet
  facet normal -0 0 -1
    outer loop
      vertex -45.9467 -12.3114 0
      vertex -46.3644 -12.4233 0
      vertex -46.0367 -11.9256 0
    endloop
  endfacet
  facet normal 0 0 -1
    outer loop
      vertex -47.0777 -9.36434 0
      vertex -46.0367 -11.9256 0
      vertex -46.3644 -12.4233 0
    endloop
  endfacet
  facet normal 0 0 -1
    outer loop
      vertex -46.0367 -11.9256 0
      vertex -47.0777 -9.36434 0
      vertex -46.6536 -9.27997 0
    endloop
  endfacet
  facet normal 0 0 -1
    outer loop
      vertex -47.0777 -9.36434 0
      vertex -47.0961 -6.59969 0
      vertex -46.6536 -9.27997 0
    endloop
  endfacet
  facet normal 0 0 -1
    outer loop
      vertex -47.5894 -6.26526 0
      vertex -47.0961 -6.59969 0
      vertex -47.0777 -9.36434 0
    endloop
  endfacet
  facet normal 0 0 -1
    outer loop
      vertex -47.0961 -6.59969 0
      vertex -47.5894 -6.26526 0
      vertex -47.1606 -6.20881 0
    endloop
  endfacet
  facet normal -0 0 -1
    outer loop
      vertex -47.1606 -6.20881 0
      vertex -47.5894 -6.26526 0
      vertex -47.4269 -3.50533 0
    endloop
  endfacet
  facet normal 0 0 -1
    outer loop
      vertex -47.8972 -3.13935 0
      vertex -47.5546 -0.395954 0
      vertex -47.4657 -3.11107 0
    endloop
  endfacet
  facet normal 0 0 -1
    outer loop
      vertex -47.4269 -3.50533 0
      vertex -47.8972 -3.13935 0
      vertex -47.4657 -3.11107 0
    endloop
  endfacet
  facet normal 0 0 -1
    outer loop
      vertex -47.8972 -3.13935 0
      vertex -47.4269 -3.50533 0
      vertex -47.5894 -6.26526 0
    endloop
  endfacet
  facet normal 0 0 -1
    outer loop
      vertex 47.4657 3.11107 0
      vertex 47.8972 3.13935 0
      vertex 47.5546 0.395954 0
    endloop
  endfacet
  facet normal 0 0 -1
    outer loop
      vertex 47.4269 3.50533 0
      vertex 47.8972 3.13935 0
      vertex 47.4657 3.11107 0
    endloop
  endfacet
  facet normal 0 0 -1
    outer loop
      vertex 47.8972 3.13935 0
      vertex 47.4269 3.50533 0
      vertex 47.5894 6.26526 0
    endloop
  endfacet
  facet normal 0 0 -1
    outer loop
      vertex 47.1606 6.20881 0
      vertex 47.5894 6.26526 0
      vertex 47.4269 3.50533 0
    endloop
  endfacet
  facet normal 0 0 -1
    outer loop
      vertex 47.0961 6.59969 0
      vertex 47.5894 6.26526 0
      vertex 47.1606 6.20881 0
    endloop
  endfacet
  facet normal 0 0 -1
    outer loop
      vertex 47.0961 6.59969 0
      vertex 47.0777 9.36434 0
      vertex 47.5894 6.26526 0
    endloop
  endfacet
  facet normal 0 0 -1
    outer loop
      vertex 46.6536 9.27997 0
      vertex 47.0777 9.36434 0
      vertex 47.0961 6.59969 0
    endloop
  endfacet
  facet normal 0 0 -1
    outer loop
      vertex 46.0367 11.9256 0
      vertex 47.0777 9.36434 0
      vertex 46.6536 9.27997 0
    endloop
  endfacet
  facet normal 0 0 -1
    outer loop
      vertex 47.0777 9.36434 0
      vertex 46.0367 11.9256 0
      vertex 46.3644 12.4233 0
    endloop
  endfacet
  facet normal 0 0 -1
    outer loop
      vertex 45.9467 12.3114 0
      vertex 46.3644 12.4233 0
      vertex 46.0367 11.9256 0
    endloop
  endfacet
  facet normal 0 0 -1
    outer loop
      vertex 45.8317 12.6905 0
      vertex 46.3644 12.4233 0
      vertex 45.9467 12.3114 0
    endloop
  endfacet
  facet normal 0 0 -1
    outer loop
      vertex 45.8317 12.6905 0
      vertex 45.4526 15.4291 0
      vertex 46.3644 12.4233 0
    endloop
  endfacet
  facet normal 0 0 -1
    outer loop
      vertex 45.0432 15.2901 0
      vertex 45.4526 15.4291 0
      vertex 45.8317 12.6905 0
    endloop
  endfacet
  facet normal 0 0 -1
    outer loop
      vertex 44.9036 15.6609 0
      vertex 45.4526 15.4291 0
      vertex 45.0432 15.2901 0
    endloop
  endfacet
  facet normal 0 0 -1
    outer loop
      vertex 44.9036 15.6609 0
      vertex 44.3462 18.3688 0
      vertex 45.4526 15.4291 0
    endloop
  endfacet
  facet normal 0 0 -1
    outer loop
      vertex 43.9467 18.2033 0
      vertex 44.3462 18.3688 0
      vertex 44.9036 15.6609 0
    endloop
  endfacet
  facet normal 0 0 -1
    outer loop
      vertex 42.8256 20.6777 0
      vertex 44.3462 18.3688 0
      vertex 43.9467 18.2033 0
    endloop
  endfacet
  facet normal 0 0 -1
    outer loop
      vertex 44.3462 18.3688 0
      vertex 42.8256 20.6777 0
      vertex 43.0499 21.2299 0
    endloop
  endfacet
  facet normal 0 0 -1
    outer loop
      vertex 42.6621 21.0386 0
      vertex 43.0499 21.2299 0
      vertex 42.8256 20.6777 0
    endloop
  endfacet
  facet normal 0 0 -1
    outer loop
      vertex 41.3815 23.4344 0
      vertex 43.0499 21.2299 0
      vertex 42.6621 21.0386 0
    endloop
  endfacet
  facet normal 0 0 -1
    outer loop
      vertex 43.0499 21.2299 0
      vertex 41.3815 23.4344 0
      vertex 41.5692 24 0
    endloop
  endfacet
  facet normal 0 0 -1
    outer loop
      vertex 41.1947 23.7838 0
      vertex 41.5692 24 0
      vertex 41.3815 23.4344 0
    endloop
  endfacet
  facet normal 0 0 -1
    outer loop
      vertex 40.9855 24.1202 0
      vertex 41.5692 24 0
      vertex 41.1947 23.7838 0
    endloop
  endfacet
  facet normal 0 0 -1
    outer loop
      vertex 40.9855 24.1202 0
      vertex 39.9105 26.6674 0
      vertex 41.5692 24 0
    endloop
  endfacet
  facet normal 0 0 -1
    outer loop
      vertex 39.551 26.4271 0
      vertex 39.9105 26.6674 0
      vertex 40.9855 24.1202 0
    endloop
  endfacet
  facet normal 0 0 -1
    outer loop
      vertex 37.9686 28.6353 0
      vertex 39.9105 26.6674 0
      vertex 39.551 26.4271 0
    endloop
  endfacet
  facet normal 0 0 -1
    outer loop
      vertex 39.9105 26.6674 0
      vertex 37.9686 28.6353 0
      vertex 38.081 29.2205 0
    endloop
  endfacet
  facet normal 0 0 -1
    outer loop
      vertex 37.7379 28.9573 0
      vertex 38.081 29.2205 0
      vertex 37.9686 28.6353 0
    endloop
  endfacet
  facet normal 0 0 -1
    outer loop
      vertex 37.4866 29.2635 0
      vertex 38.081 29.2205 0
      vertex 37.7379 28.9573 0
    endloop
  endfacet
  facet normal 0 0 -1
    outer loop
      vertex 37.4866 29.2635 0
      vertex 36.0883 31.6486 0
      vertex 38.081 29.2205 0
    endloop
  endfacet
  facet normal 0 0 -1
    outer loop
      vertex 35.7632 31.3635 0
      vertex 36.0883 31.6486 0
      vertex 37.4866 29.2635 0
    endloop
  endfacet
  facet normal 0 0 -1
    outer loop
      vertex 33.9062 33.3462 0
      vertex 36.0883 31.6486 0
      vertex 35.7632 31.3635 0
    endloop
  endfacet
  facet normal 0 0 -1
    outer loop
      vertex 36.0883 31.6486 0
      vertex 33.9062 33.3462 0
      vertex 33.9411 33.9411 0
    endloop
  endfacet
  facet normal 0 0 -1
    outer loop
      vertex 33.6353 33.6353 0
      vertex 33.9411 33.9411 0
      vertex 33.9062 33.3462 0
    endloop
  endfacet
  facet normal 0 0 -1
    outer loop
      vertex 33.3462 33.9062 0
      vertex 33.9411 33.9411 0
      vertex 33.6353 33.6353 0
    endloop
  endfacet
  facet normal 0 0 -1
    outer loop
      vertex 33.3462 33.9062 0
      vertex 31.6486 36.0883 0
      vertex 33.9411 33.9411 0
    endloop
  endfacet
  facet normal 0 0 -1
    outer loop
      vertex 31.3635 35.7632 0
      vertex 31.6486 36.0883 0
      vertex 33.3462 33.9062 0
    endloop
  endfacet
  facet normal 0 0 -1
    outer loop
      vertex 29.2635 37.4866 0
      vertex 31.6486 36.0883 0
      vertex 31.3635 35.7632 0
    endloop
  endfacet
  facet normal 0 0 -1
    outer loop
      vertex 29.2635 37.4866 0
      vertex 29.2205 38.081 0
      vertex 31.6486 36.0883 0
    endloop
  endfacet
  facet normal 0 0 -1
    outer loop
      vertex 28.9573 37.7379 0
      vertex 29.2205 38.081 0
      vertex 29.2635 37.4866 0
    endloop
  endfacet
  facet normal 0 0 -1
    outer loop
      vertex 28.6353 37.9686 0
      vertex 29.2205 38.081 0
      vertex 28.9573 37.7379 0
    endloop
  endfacet
  facet normal 0 0 -1
    outer loop
      vertex 28.6353 37.9686 0
      vertex 26.6674 39.9105 0
      vertex 29.2205 38.081 0
    endloop
  endfacet
  facet normal 0 0 -1
    outer loop
      vertex 26.4271 39.551 0
      vertex 26.6674 39.9105 0
      vertex 28.6353 37.9686 0
    endloop
  endfacet
  facet normal 0 0 -1
    outer loop
      vertex 24.1202 40.9855 0
      vertex 26.6674 39.9105 0
      vertex 26.4271 39.551 0
    endloop
  endfacet
  facet normal 0 0 -1
    outer loop
      vertex 24.1202 40.9855 0
      vertex 24 41.5692 0
      vertex 26.6674 39.9105 0
    endloop
  endfacet
  facet normal 0 0 -1
    outer loop
      vertex 23.7838 41.1947 0
      vertex 24 41.5692 0
      vertex 24.1202 40.9855 0
    endloop
  endfacet
  facet normal 0 0 -1
    outer loop
      vertex 23.4344 41.3815 0
      vertex 24 41.5692 0
      vertex 23.7838 41.1947 0
    endloop
  endfacet
  facet normal 0 0 -1
    outer loop
      vertex 23.4344 41.3815 0
      vertex 21.2299 43.0499 0
      vertex 24 41.5692 0
    endloop
  endfacet
  facet normal 0 0 -1
    outer loop
      vertex 21.0386 42.6621 0
      vertex 21.2299 43.0499 0
      vertex 23.4344 41.3815 0
    endloop
  endfacet
  facet normal 0 0 -1
    outer loop
      vertex 20.6777 42.8256 0
      vertex 21.2299 43.0499 0
      vertex 21.0386 42.6621 0
    endloop
  endfacet
  facet normal 0 0 -1
    outer loop
      vertex 20.6777 42.8256 0
      vertex 18.3688 44.3462 0
      vertex 21.2299 43.0499 0
    endloop
  endfacet
  facet normal 0 0 -1
    outer loop
      vertex 18.2033 43.9467 0
      vertex 18.3688 44.3462 0
      vertex 20.6777 42.8256 0
    endloop
  endfacet
  facet normal 0 0 -1
    outer loop
      vertex 15.6609 44.9036 0
      vertex 18.3688 44.3462 0
      vertex 18.2033 43.9467 0
    endloop
  endfacet
  facet normal 0 0 -1
    outer loop
      vertex 15.6609 44.9036 0
      vertex 15.4291 45.4526 0
      vertex 18.3688 44.3462 0
    endloop
  endfacet
  facet normal 0 0 -1
    outer loop
      vertex 15.2901 45.0432 0
      vertex 15.4291 45.4526 0
      vertex 15.6609 44.9036 0
    endloop
  endfacet
  facet normal 0 0 -1
    outer loop
      vertex 12.6905 45.8317 0
      vertex 15.4291 45.4526 0
      vertex 15.2901 45.0432 0
    endloop
  endfacet
  facet normal 0 0 -1
    outer loop
      vertex 12.6905 45.8317 0
      vertex 12.4233 46.3644 0
      vertex 15.4291 45.4526 0
    endloop
  endfacet
  facet normal 0 0 -1
    outer loop
      vertex 12.3114 45.9467 0
      vertex 12.4233 46.3644 0
      vertex 12.6905 45.8317 0
    endloop
  endfacet
  facet normal 0 0 -1
    outer loop
      vertex 11.9256 46.0367 0
      vertex 12.4233 46.3644 0
      vertex 12.3114 45.9467 0
    endloop
  endfacet
  facet normal 0 0 -1
    outer loop
      vertex 11.9256 46.0367 0
      vertex 9.36434 47.0777 0
      vertex 12.4233 46.3644 0
    endloop
  endfacet
  facet normal 0 0 -1
    outer loop
      vertex 9.27997 46.6536 0
      vertex 9.36434 47.0777 0
      vertex 11.9256 46.0367 0
    endloop
  endfacet
  facet normal 0 0 -1
    outer loop
      vertex 6.59969 47.0961 0
      vertex 9.36434 47.0777 0
      vertex 9.27997 46.6536 0
    endloop
  endfacet
  facet normal 0 0 -1
    outer loop
      vertex 6.59969 47.0961 0
      vertex 6.26526 47.5894 0
      vertex 9.36434 47.0777 0
    endloop
  endfacet
  facet normal 0 0 -1
    outer loop
      vertex 6.20881 47.1606 0
      vertex 6.26526 47.5894 0
      vertex 6.59969 47.0961 0
    endloop
  endfacet
  facet normal 0 0 -1
    outer loop
      vertex 3.50533 47.4269 0
      vertex 6.26526 47.5894 0
      vertex 6.20881 47.1606 0
    endloop
  endfacet
  facet normal 0 0 -1
    outer loop
      vertex 3.50533 47.4269 0
      vertex 3.13935 47.8972 0
      vertex 6.26526 47.5894 0
    endloop
  endfacet
  facet normal 0 0 -1
    outer loop
      vertex 3.11107 47.4657 0
      vertex 3.13935 47.8972 0
      vertex 3.50533 47.4269 0
    endloop
  endfacet
  facet normal 0 0 -1
    outer loop
      vertex 0.395954 47.5546 0
      vertex 3.13935 47.8972 0
      vertex 3.11107 47.4657 0
    endloop
  endfacet
  facet normal 0 0 -1
    outer loop
      vertex 0 48 0
      vertex 0.395954 47.5546 0
      vertex 0 47.5676 0
    endloop
  endfacet
  facet normal 0 0 -1
    outer loop
      vertex 0.395954 47.5546 0
      vertex 0 48 0
      vertex 3.13935 47.8972 0
    endloop
  endfacet
  facet normal 0 0 -1
    outer loop
      vertex -0.395954 47.5546 0
      vertex 0 48 0
      vertex 0 47.5676 0
    endloop
  endfacet
  facet normal 0 0 -1
    outer loop
      vertex -3.13935 47.8972 0
      vertex -0.395954 47.5546 0
      vertex -3.11107 47.4657 0
    endloop
  endfacet
  facet normal 0 0 -1
    outer loop
      vertex -0.395954 47.5546 0
      vertex -3.13935 47.8972 0
      vertex 0 48 0
    endloop
  endfacet
  facet normal 0 0 -1
    outer loop
      vertex -3.50533 47.4269 0
      vertex -3.13935 47.8972 0
      vertex -3.11107 47.4657 0
    endloop
  endfacet
  facet normal 0 0 -1
    outer loop
      vertex -6.26526 47.5894 0
      vertex -3.50533 47.4269 0
      vertex -6.20881 47.1606 0
    endloop
  endfacet
  facet normal 0 0 -1
    outer loop
      vertex -3.50533 47.4269 0
      vertex -6.26526 47.5894 0
      vertex -3.13935 47.8972 0
    endloop
  endfacet
  facet normal 0 0 -1
    outer loop
      vertex -6.59969 47.0961 0
      vertex -6.26526 47.5894 0
      vertex -6.20881 47.1606 0
    endloop
  endfacet
  facet normal 0 0 -1
    outer loop
      vertex -9.36434 47.0777 0
      vertex -6.59969 47.0961 0
      vertex -9.27997 46.6536 0
    endloop
  endfacet
  facet normal -0 0 -1
    outer loop
      vertex -6.59969 47.0961 0
      vertex -9.36434 47.0777 0
      vertex -6.26526 47.5894 0
    endloop
  endfacet
  facet normal 0 0 -1
    outer loop
      vertex -11.9256 46.0367 0
      vertex -9.36434 47.0777 0
      vertex -9.27997 46.6536 0
    endloop
  endfacet
  facet normal 0 0 -1
    outer loop
      vertex -12.4233 46.3644 0
      vertex -11.9256 46.0367 0
      vertex -12.3114 45.9467 0
    endloop
  endfacet
  facet normal 0 0 -1
    outer loop
      vertex -11.9256 46.0367 0
      vertex -12.4233 46.3644 0
      vertex -9.36434 47.0777 0
    endloop
  endfacet
  facet normal 0 0 -1
    outer loop
      vertex -12.6905 45.8317 0
      vertex -12.4233 46.3644 0
      vertex -12.3114 45.9467 0
    endloop
  endfacet
  facet normal 0 0 -1
    outer loop
      vertex -15.4291 45.4526 0
      vertex -12.6905 45.8317 0
      vertex -15.2901 45.0432 0
    endloop
  endfacet
  facet normal -0 0 -1
    outer loop
      vertex -12.6905 45.8317 0
      vertex -15.4291 45.4526 0
      vertex -12.4233 46.3644 0
    endloop
  endfacet
  facet normal 0 0 -1
    outer loop
      vertex -15.6609 44.9036 0
      vertex -15.4291 45.4526 0
      vertex -15.2901 45.0432 0
    endloop
  endfacet
  facet normal 0 0 -1
    outer loop
      vertex -18.3688 44.3462 0
      vertex -15.6609 44.9036 0
      vertex -18.2033 43.9467 0
    endloop
  endfacet
  facet normal -0 0 -1
    outer loop
      vertex -15.6609 44.9036 0
      vertex -18.3688 44.3462 0
      vertex -15.4291 45.4526 0
    endloop
  endfacet
  facet normal 0 0 -1
    outer loop
      vertex -20.6777 42.8256 0
      vertex -18.3688 44.3462 0
      vertex -18.2033 43.9467 0
    endloop
  endfacet
  facet normal 0 0 -1
    outer loop
      vertex -21.2299 43.0499 0
      vertex -20.6777 42.8256 0
      vertex -21.0386 42.6621 0
    endloop
  endfacet
  facet normal 0 0 -1
    outer loop
      vertex -20.6777 42.8256 0
      vertex -21.2299 43.0499 0
      vertex -18.3688 44.3462 0
    endloop
  endfacet
  facet normal 0 0 -1
    outer loop
      vertex -23.4344 41.3815 0
      vertex -21.2299 43.0499 0
      vertex -21.0386 42.6621 0
    endloop
  endfacet
  facet normal 0 0 -1
    outer loop
      vertex -24 41.5692 0
      vertex -23.4344 41.3815 0
      vertex -23.7838 41.1947 0
    endloop
  endfacet
  facet normal 0 0 -1
    outer loop
      vertex -23.4344 41.3815 0
      vertex -24 41.5692 0
      vertex -21.2299 43.0499 0
    endloop
  endfacet
  facet normal 0 0 -1
    outer loop
      vertex -24.1202 40.9855 0
      vertex -24 41.5692 0
      vertex -23.7838 41.1947 0
    endloop
  endfacet
  facet normal 0 0 -1
    outer loop
      vertex -26.6674 39.9105 0
      vertex -24.1202 40.9855 0
      vertex -26.4271 39.551 0
    endloop
  endfacet
  facet normal -0 0 -1
    outer loop
      vertex -24.1202 40.9855 0
      vertex -26.6674 39.9105 0
      vertex -24 41.5692 0
    endloop
  endfacet
  facet normal 0 0 -1
    outer loop
      vertex -28.6353 37.9686 0
      vertex -26.6674 39.9105 0
      vertex -26.4271 39.551 0
    endloop
  endfacet
  facet normal 0 0 -1
    outer loop
      vertex -29.2205 38.081 0
      vertex -28.6353 37.9686 0
      vertex -28.9573 37.7379 0
    endloop
  endfacet
  facet normal 0 0 -1
    outer loop
      vertex -28.6353 37.9686 0
      vertex -29.2205 38.081 0
      vertex -26.6674 39.9105 0
    endloop
  endfacet
  facet normal 0 0 -1
    outer loop
      vertex -29.2635 37.4866 0
      vertex -29.2205 38.081 0
      vertex -28.9573 37.7379 0
    endloop
  endfacet
  facet normal 0 0 -1
    outer loop
      vertex -31.6486 36.0883 0
      vertex -29.2635 37.4866 0
      vertex -31.3635 35.7632 0
    endloop
  endfacet
  facet normal -0 0 -1
    outer loop
      vertex -29.2635 37.4866 0
      vertex -31.6486 36.0883 0
      vertex -29.2205 38.081 0
    endloop
  endfacet
  facet normal 0 0 -1
    outer loop
      vertex -33.3462 33.9062 0
      vertex -31.6486 36.0883 0
      vertex -31.3635 35.7632 0
    endloop
  endfacet
  facet normal 0 0 -1
    outer loop
      vertex -33.9411 33.9411 0
      vertex -33.3462 33.9062 0
      vertex -33.6353 33.6353 0
    endloop
  endfacet
  facet normal 0 0 -1
    outer loop
      vertex -33.9411 33.9411 0
      vertex -33.6353 33.6353 0
      vertex -33.9062 33.3462 0
    endloop
  endfacet
  facet normal 0 0 -1
    outer loop
      vertex -33.3462 33.9062 0
      vertex -33.9411 33.9411 0
      vertex -31.6486 36.0883 0
    endloop
  endfacet
  facet normal 0 0 -1
    outer loop
      vertex -36.0883 31.6486 0
      vertex -33.9062 33.3462 0
      vertex -35.7632 31.3635 0
    endloop
  endfacet
  facet normal -0 0 -1
    outer loop
      vertex -33.9062 33.3462 0
      vertex -36.0883 31.6486 0
      vertex -33.9411 33.9411 0
    endloop
  endfacet
  facet normal 0 0 -1
    outer loop
      vertex -37.4866 29.2635 0
      vertex -36.0883 31.6486 0
      vertex -35.7632 31.3635 0
    endloop
  endfacet
  facet normal 0 0 -1
    outer loop
      vertex -38.081 29.2205 0
      vertex -37.4866 29.2635 0
      vertex -37.7379 28.9573 0
    endloop
  endfacet
  facet normal 0 0 -1
    outer loop
      vertex -38.081 29.2205 0
      vertex -37.7379 28.9573 0
      vertex -37.9686 28.6353 0
    endloop
  endfacet
  facet normal -0 0 -1
    outer loop
      vertex -37.4866 29.2635 0
      vertex -38.081 29.2205 0
      vertex -36.0883 31.6486 0
    endloop
  endfacet
  facet normal 0 0 -1
    outer loop
      vertex -39.9105 26.6674 0
      vertex -37.9686 28.6353 0
      vertex -39.551 26.4271 0
    endloop
  endfacet
  facet normal -0 0 -1
    outer loop
      vertex -37.9686 28.6353 0
      vertex -39.9105 26.6674 0
      vertex -38.081 29.2205 0
    endloop
  endfacet
  facet normal 0 0 -1
    outer loop
      vertex -40.9855 24.1202 0
      vertex -39.9105 26.6674 0
      vertex -39.551 26.4271 0
    endloop
  endfacet
  facet normal 0 0 -1
    outer loop
      vertex -41.5692 24 0
      vertex -40.9855 24.1202 0
      vertex -41.1947 23.7838 0
    endloop
  endfacet
  facet normal 0 0 -1
    outer loop
      vertex -41.5692 24 0
      vertex -41.1947 23.7838 0
      vertex -41.3815 23.4344 0
    endloop
  endfacet
  facet normal -0 0 -1
    outer loop
      vertex -40.9855 24.1202 0
      vertex -41.5692 24 0
      vertex -39.9105 26.6674 0
    endloop
  endfacet
  facet normal 0 0 -1
    outer loop
      vertex -43.0499 21.2299 0
      vertex -41.3815 23.4344 0
      vertex -42.6621 21.0386 0
    endloop
  endfacet
  facet normal 0 0 -1
    outer loop
      vertex -43.0499 21.2299 0
      vertex -42.6621 21.0386 0
      vertex -42.8256 20.6777 0
    endloop
  endfacet
  facet normal -0 0 -1
    outer loop
      vertex -41.3815 23.4344 0
      vertex -43.0499 21.2299 0
      vertex -41.5692 24 0
    endloop
  endfacet
  facet normal 0 0 -1
    outer loop
      vertex -44.3462 18.3688 0
      vertex -42.8256 20.6777 0
      vertex -43.9467 18.2033 0
    endloop
  endfacet
  facet normal -0 0 -1
    outer loop
      vertex -42.8256 20.6777 0
      vertex -44.3462 18.3688 0
      vertex -43.0499 21.2299 0
    endloop
  endfacet
  facet normal 0 0 -1
    outer loop
      vertex -44.9036 15.6609 0
      vertex -44.3462 18.3688 0
      vertex -43.9467 18.2033 0
    endloop
  endfacet
  facet normal 0 0 -1
    outer loop
      vertex -45.4526 15.4291 0
      vertex -44.9036 15.6609 0
      vertex -45.0432 15.2901 0
    endloop
  endfacet
  facet normal -0 0 -1
    outer loop
      vertex -44.9036 15.6609 0
      vertex -45.4526 15.4291 0
      vertex -44.3462 18.3688 0
    endloop
  endfacet
  facet normal 0 0 -1
    outer loop
      vertex -45.8317 12.6905 0
      vertex -45.4526 15.4291 0
      vertex -45.0432 15.2901 0
    endloop
  endfacet
  facet normal 0 0 -1
    outer loop
      vertex -46.3644 12.4233 0
      vertex -45.8317 12.6905 0
      vertex -45.9467 12.3114 0
    endloop
  endfacet
  facet normal 0 0 -1
    outer loop
      vertex -46.3644 12.4233 0
      vertex -45.9467 12.3114 0
      vertex -46.0367 11.9256 0
    endloop
  endfacet
  facet normal -0 0 -1
    outer loop
      vertex -45.8317 12.6905 0
      vertex -46.3644 12.4233 0
      vertex -45.4526 15.4291 0
    endloop
  endfacet
  facet normal 0 0 -1
    outer loop
      vertex -47.0777 9.36434 0
      vertex -46.0367 11.9256 0
      vertex -46.6536 9.27997 0
    endloop
  endfacet
  facet normal -0 0 -1
    outer loop
      vertex -46.0367 11.9256 0
      vertex -47.0777 9.36434 0
      vertex -46.3644 12.4233 0
    endloop
  endfacet
  facet normal 0 0 -1
    outer loop
      vertex -47.0961 6.59969 0
      vertex -47.0777 9.36434 0
      vertex -46.6536 9.27997 0
    endloop
  endfacet
  facet normal 0 0 -1
    outer loop
      vertex -47.5894 6.26526 0
      vertex -47.0961 6.59969 0
      vertex -47.1606 6.20881 0
    endloop
  endfacet
  facet normal 0 0 -1
    outer loop
      vertex -47.5894 6.26526 0
      vertex -47.1606 6.20881 0
      vertex -47.4269 3.50533 0
    endloop
  endfacet
  facet normal 0 0 -1
    outer loop
      vertex -47.8972 3.13935 0
      vertex -47.4269 3.50533 0
      vertex -47.4657 3.11107 0
    endloop
  endfacet
  facet normal 0 0 -1
    outer loop
      vertex -48 0 0
      vertex -47.5546 0.395954 0
      vertex -47.5676 0 0
    endloop
  endfacet
  facet normal -0 0 -1
    outer loop
      vertex -47.0961 6.59969 0
      vertex -47.5894 6.26526 0
      vertex -47.0777 9.36434 0
    endloop
  endfacet
  facet normal 0 0 -1
    outer loop
      vertex -47.5546 0.395954 0
      vertex -47.8972 3.13935 0
      vertex -47.4657 3.11107 0
    endloop
  endfacet
  facet normal 0 0 -1
    outer loop
      vertex -48 0 0
      vertex -47.5546 -0.395954 0
      vertex -47.8972 -3.13935 0
    endloop
  endfacet
  facet normal 0 0 -1
    outer loop
      vertex -47.5546 -0.395954 0
      vertex -48 0 0
      vertex -47.5676 0 0
    endloop
  endfacet
  facet normal -0 0 -1
    outer loop
      vertex -47.4269 3.50533 0
      vertex -47.8972 3.13935 0
      vertex -47.5894 6.26526 0
    endloop
  endfacet
  facet normal -0 0 -1
    outer loop
      vertex -47.5546 0.395954 0
      vertex -48 0 0
      vertex -47.8972 3.13935 0
    endloop
  endfacet
  facet normal 0.683599 0.729858 -0
    outer loop
      vertex 33.9411 33.9411 0
      vertex 31.6486 36.0883 50
      vertex 33.9411 33.9411 50
    endloop
  endfacet
  facet normal 0.683599 0.729858 0
    outer loop
      vertex 31.6486 36.0883 50
      vertex 33.9411 33.9411 0
      vertex 31.6486 36.0883 0
    endloop
  endfacet
  facet normal 0.935909 -0.352243 0
    outer loop
      vertex 44.3462 -18.3688 50
      vertex 45.4526 -15.4291 0
      vertex 45.4526 -15.4291 50
    endloop
  endfacet
  facet normal 0.935909 -0.352243 0
    outer loop
      vertex 45.4526 -15.4291 0
      vertex 44.3462 -18.3688 50
      vertex 44.3462 -18.3688 0
    endloop
  endfacet
  facet normal -0.973873 0.227092 0
    outer loop
      vertex -47.0777 9.36434 0
      vertex -46.3644 12.4233 50
      vertex -46.3644 12.4233 0
    endloop
  endfacet
  facet normal -0.973873 0.227092 0
    outer loop
      vertex -46.3644 12.4233 50
      vertex -47.0777 9.36434 0
      vertex -47.0777 9.36434 50
    endloop
  endfacet
  facet normal -0.986641 -0.162908 0
    outer loop
      vertex -47.0777 -9.36434 0
      vertex -47.5894 -6.26526 50
      vertex -47.5894 -6.26526 0
    endloop
  endfacet
  facet normal -0.986641 -0.162908 0
    outer loop
      vertex -47.5894 -6.26526 50
      vertex -47.0777 -9.36434 0
      vertex -47.0777 -9.36434 50
    endloop
  endfacet
  facet normal 0.412694 -0.91087 0
    outer loop
      vertex 18.3688 -44.3462 0
      vertex 21.2299 -43.0499 50
      vertex 18.3688 -44.3462 50
    endloop
  endfacet
  facet normal 0.412694 -0.91087 0
    outer loop
      vertex 21.2299 -43.0499 50
      vertex 18.3688 -44.3462 0
      vertex 21.2299 -43.0499 0
    endloop
  endfacet
  facet normal -0.471409 0.881915 0
    outer loop
      vertex -21.2299 43.0499 0
      vertex -24 41.5692 50
      vertex -21.2299 43.0499 50
    endloop
  endfacet
  facet normal -0.471409 0.881915 0
    outer loop
      vertex -24 41.5692 50
      vertex -21.2299 43.0499 0
      vertex -24 41.5692 0
    endloop
  endfacet
  facet normal 0.812851 0.582472 0
    outer loop
      vertex 39.9105 26.6674 50
      vertex 38.081 29.2205 0
      vertex 38.081 29.2205 50
    endloop
  endfacet
  facet normal 0.812851 0.582472 0
    outer loop
      vertex 38.081 29.2205 0
      vertex 39.9105 26.6674 50
      vertex 39.9105 26.6674 0
    endloop
  endfacet
  facet normal -0.528069 0.849202 0
    outer loop
      vertex -24 41.5692 0
      vertex -26.6674 39.9105 50
      vertex -24 41.5692 50
    endloop
  endfacet
  facet normal -0.528069 0.849202 0
    outer loop
      vertex -26.6674 39.9105 50
      vertex -24 41.5692 0
      vertex -26.6674 39.9105 0
    endloop
  endfacet
  facet normal -0.290285 0.95694 0
    outer loop
      vertex -12.4233 46.3644 0
      vertex -15.4291 45.4526 50
      vertex -12.4233 46.3644 50
    endloop
  endfacet
  facet normal -0.290285 0.95694 0
    outer loop
      vertex -15.4291 45.4526 50
      vertex -12.4233 46.3644 0
      vertex -15.4291 45.4526 0
    endloop
  endfacet
  facet normal 0.881915 0.471409 0
    outer loop
      vertex 43.0499 21.2299 50
      vertex 41.5692 24 0
      vertex 41.5692 24 50
    endloop
  endfacet
  facet normal 0.881915 0.471409 0
    outer loop
      vertex 41.5692 24 0
      vertex 43.0499 21.2299 50
      vertex 43.0499 21.2299 0
    endloop
  endfacet
  facet normal -0.973873 -0.227092 0
    outer loop
      vertex -46.3644 -12.4233 0
      vertex -47.0777 -9.36434 50
      vertex -47.0777 -9.36434 0
    endloop
  endfacet
  facet normal -0.973873 -0.227092 0
    outer loop
      vertex -47.0777 -9.36434 50
      vertex -46.3644 -12.4233 0
      vertex -46.3644 -12.4233 50
    endloop
  endfacet
  facet normal 0.999464 -0.0327281 0
    outer loop
      vertex 47.8972 -3.13935 50
      vertex 48 0 0
      vertex 48 0 50
    endloop
  endfacet
  facet normal 0.999464 -0.0327281 0
    outer loop
      vertex 48 0 0
      vertex 47.8972 -3.13935 50
      vertex 47.8972 -3.13935 0
    endloop
  endfacet
  facet normal 0.729858 0.683599 0
    outer loop
      vertex 36.0883 31.6486 50
      vertex 33.9411 33.9411 0
      vertex 33.9411 33.9411 50
    endloop
  endfacet
  facet normal 0.729858 0.683599 0
    outer loop
      vertex 33.9411 33.9411 0
      vertex 36.0883 31.6486 50
      vertex 36.0883 31.6486 0
    endloop
  endfacet
  facet normal 0.290285 -0.95694 0
    outer loop
      vertex 12.4233 -46.3644 0
      vertex 15.4291 -45.4526 50
      vertex 12.4233 -46.3644 50
    endloop
  endfacet
  facet normal 0.290285 -0.95694 0
    outer loop
      vertex 15.4291 -45.4526 50
      vertex 12.4233 -46.3644 0
      vertex 15.4291 -45.4526 0
    endloop
  endfacet
  facet normal -0.812851 0.582472 0
    outer loop
      vertex -39.9105 26.6674 0
      vertex -38.081 29.2205 50
      vertex -38.081 29.2205 0
    endloop
  endfacet
  facet normal -0.812851 0.582472 0
    outer loop
      vertex -38.081 29.2205 50
      vertex -39.9105 26.6674 0
      vertex -39.9105 26.6674 50
    endloop
  endfacet
  facet normal -0.812851 -0.582472 0
    outer loop
      vertex -38.081 -29.2205 0
      vertex -39.9105 -26.6674 50
      vertex -39.9105 -26.6674 0
    endloop
  endfacet
  facet normal -0.812851 -0.582472 0
    outer loop
      vertex -39.9105 -26.6674 50
      vertex -38.081 -29.2205 0
      vertex -38.081 -29.2205 50
    endloop
  endfacet
  facet normal -0.935909 0.352243 0
    outer loop
      vertex -45.4526 15.4291 0
      vertex -44.3462 18.3688 50
      vertex -44.3462 18.3688 0
    endloop
  endfacet
  facet normal -0.935909 0.352243 0
    outer loop
      vertex -44.3462 18.3688 50
      vertex -45.4526 15.4291 0
      vertex -45.4526 15.4291 50
    endloop
  endfacet
  facet normal -0.582472 0.812851 0
    outer loop
      vertex -26.6674 39.9105 0
      vertex -29.2205 38.081 50
      vertex -26.6674 39.9105 50
    endloop
  endfacet
  facet normal -0.582472 0.812851 0
    outer loop
      vertex -29.2205 38.081 50
      vertex -26.6674 39.9105 0
      vertex -29.2205 38.081 0
    endloop
  endfacet
  facet normal -0.729858 -0.683599 0
    outer loop
      vertex -33.9411 -33.9411 0
      vertex -36.0883 -31.6486 50
      vertex -36.0883 -31.6486 0
    endloop
  endfacet
  facet normal -0.729858 -0.683599 0
    outer loop
      vertex -36.0883 -31.6486 50
      vertex -33.9411 -33.9411 0
      vertex -33.9411 -33.9411 50
    endloop
  endfacet
  facet normal -0.227092 -0.973873 0
    outer loop
      vertex -12.4233 -46.3644 0
      vertex -9.36434 -47.0777 50
      vertex -12.4233 -46.3644 50
    endloop
  endfacet
  facet normal -0.227092 -0.973873 -0
    outer loop
      vertex -9.36434 -47.0777 50
      vertex -12.4233 -46.3644 0
      vertex -9.36434 -47.0777 0
    endloop
  endfacet
  facet normal -0.849202 -0.528069 0
    outer loop
      vertex -39.9105 -26.6674 0
      vertex -41.5692 -24 50
      vertex -41.5692 -24 0
    endloop
  endfacet
  facet normal -0.849202 -0.528069 0
    outer loop
      vertex -41.5692 -24 50
      vertex -39.9105 -26.6674 0
      vertex -39.9105 -26.6674 50
    endloop
  endfacet
  facet normal 0.412694 0.91087 -0
    outer loop
      vertex 21.2299 43.0499 0
      vertex 18.3688 44.3462 50
      vertex 21.2299 43.0499 50
    endloop
  endfacet
  facet normal 0.412694 0.91087 0
    outer loop
      vertex 18.3688 44.3462 50
      vertex 21.2299 43.0499 0
      vertex 18.3688 44.3462 0
    endloop
  endfacet
  facet normal 0.352243 -0.935909 0
    outer loop
      vertex 15.4291 -45.4526 0
      vertex 18.3688 -44.3462 50
      vertex 15.4291 -45.4526 50
    endloop
  endfacet
  facet normal 0.352243 -0.935909 0
    outer loop
      vertex 18.3688 -44.3462 50
      vertex 15.4291 -45.4526 0
      vertex 18.3688 -44.3462 0
    endloop
  endfacet
  facet normal -0.95694 0.290285 0
    outer loop
      vertex -46.3644 12.4233 0
      vertex -45.4526 15.4291 50
      vertex -45.4526 15.4291 0
    endloop
  endfacet
  facet normal -0.95694 0.290285 0
    outer loop
      vertex -45.4526 15.4291 50
      vertex -46.3644 12.4233 0
      vertex -46.3644 12.4233 50
    endloop
  endfacet
  facet normal 0.162908 -0.986641 0
    outer loop
      vertex 6.26526 -47.5894 0
      vertex 9.36434 -47.0777 50
      vertex 6.26526 -47.5894 50
    endloop
  endfacet
  facet normal 0.162908 -0.986641 0
    outer loop
      vertex 9.36434 -47.0777 50
      vertex 6.26526 -47.5894 0
      vertex 9.36434 -47.0777 0
    endloop
  endfacet
  facet normal -0.352243 0.935909 0
    outer loop
      vertex -15.4291 45.4526 0
      vertex -18.3688 44.3462 50
      vertex -15.4291 45.4526 50
    endloop
  endfacet
  facet normal -0.352243 0.935909 0
    outer loop
      vertex -18.3688 44.3462 50
      vertex -15.4291 45.4526 0
      vertex -18.3688 44.3462 0
    endloop
  endfacet
  facet normal 0.471409 0.881915 -0
    outer loop
      vertex 24 41.5692 0
      vertex 21.2299 43.0499 50
      vertex 24 41.5692 50
    endloop
  endfacet
  facet normal 0.471409 0.881915 0
    outer loop
      vertex 21.2299 43.0499 50
      vertex 24 41.5692 0
      vertex 21.2299 43.0499 0
    endloop
  endfacet
  facet normal -0.471409 -0.881915 0
    outer loop
      vertex -24 -41.5692 0
      vertex -21.2299 -43.0499 50
      vertex -24 -41.5692 50
    endloop
  endfacet
  facet normal -0.471409 -0.881915 -0
    outer loop
      vertex -21.2299 -43.0499 50
      vertex -24 -41.5692 0
      vertex -21.2299 -43.0499 0
    endloop
  endfacet
  facet normal 0.812851 -0.582472 0
    outer loop
      vertex 38.081 -29.2205 50
      vertex 39.9105 -26.6674 0
      vertex 39.9105 -26.6674 50
    endloop
  endfacet
  facet normal 0.812851 -0.582472 0
    outer loop
      vertex 39.9105 -26.6674 0
      vertex 38.081 -29.2205 50
      vertex 38.081 -29.2205 0
    endloop
  endfacet
  facet normal 0.634395 0.773009 -0
    outer loop
      vertex 31.6486 36.0883 0
      vertex 29.2205 38.081 50
      vertex 31.6486 36.0883 50
    endloop
  endfacet
  facet normal 0.634395 0.773009 0
    outer loop
      vertex 29.2205 38.081 50
      vertex 31.6486 36.0883 0
      vertex 29.2205 38.081 0
    endloop
  endfacet
  facet normal -0.412694 0.91087 0
    outer loop
      vertex -18.3688 44.3462 0
      vertex -21.2299 43.0499 50
      vertex -18.3688 44.3462 50
    endloop
  endfacet
  facet normal -0.412694 0.91087 0
    outer loop
      vertex -21.2299 43.0499 50
      vertex -18.3688 44.3462 0
      vertex -21.2299 43.0499 0
    endloop
  endfacet
  facet normal -0.986641 0.162908 0
    outer loop
      vertex -47.5894 6.26526 0
      vertex -47.0777 9.36434 50
      vertex -47.0777 9.36434 0
    endloop
  endfacet
  facet normal -0.986641 0.162908 0
    outer loop
      vertex -47.0777 9.36434 50
      vertex -47.5894 6.26526 0
      vertex -47.5894 6.26526 50
    endloop
  endfacet
  facet normal -0.91087 -0.412694 0
    outer loop
      vertex -43.0499 -21.2299 0
      vertex -44.3462 -18.3688 50
      vertex -44.3462 -18.3688 0
    endloop
  endfacet
  facet normal -0.91087 -0.412694 0
    outer loop
      vertex -44.3462 -18.3688 50
      vertex -43.0499 -21.2299 0
      vertex -43.0499 -21.2299 50
    endloop
  endfacet
  facet normal 0.227092 0.973873 -0
    outer loop
      vertex 12.4233 46.3644 0
      vertex 9.36434 47.0777 50
      vertex 12.4233 46.3644 50
    endloop
  endfacet
  facet normal 0.227092 0.973873 0
    outer loop
      vertex 9.36434 47.0777 50
      vertex 12.4233 46.3644 0
      vertex 9.36434 47.0777 0
    endloop
  endfacet
  facet normal 0.0327281 -0.999464 0
    outer loop
      vertex 0 -48 0
      vertex 3.13935 -47.8972 50
      vertex 0 -48 50
    endloop
  endfacet
  facet normal 0.0327281 -0.999464 0
    outer loop
      vertex 3.13935 -47.8972 50
      vertex 0 -48 0
      vertex 3.13935 -47.8972 0
    endloop
  endfacet
  facet normal 0.582472 0.812851 -0
    outer loop
      vertex 29.2205 38.081 0
      vertex 26.6674 39.9105 50
      vertex 29.2205 38.081 50
    endloop
  endfacet
  facet normal 0.582472 0.812851 0
    outer loop
      vertex 26.6674 39.9105 50
      vertex 29.2205 38.081 0
      vertex 26.6674 39.9105 0
    endloop
  endfacet
  facet normal -0.0327281 -0.999464 0
    outer loop
      vertex -3.13935 -47.8972 0
      vertex 0 -48 50
      vertex -3.13935 -47.8972 50
    endloop
  endfacet
  facet normal -0.0327281 -0.999464 -0
    outer loop
      vertex 0 -48 50
      vertex -3.13935 -47.8972 0
      vertex 0 -48 0
    endloop
  endfacet
  facet normal 0.881915 -0.471409 0
    outer loop
      vertex 41.5692 -24 50
      vertex 43.0499 -21.2299 0
      vertex 43.0499 -21.2299 50
    endloop
  endfacet
  facet normal 0.881915 -0.471409 0
    outer loop
      vertex 43.0499 -21.2299 0
      vertex 41.5692 -24 50
      vertex 41.5692 -24 0
    endloop
  endfacet
  facet normal -0.683599 0.729858 0
    outer loop
      vertex -31.6486 36.0883 0
      vertex -33.9411 33.9411 50
      vertex -31.6486 36.0883 50
    endloop
  endfacet
  facet normal -0.683599 0.729858 0
    outer loop
      vertex -33.9411 33.9411 50
      vertex -31.6486 36.0883 0
      vertex -33.9411 33.9411 0
    endloop
  endfacet
  facet normal 0.0979934 0.995187 -0
    outer loop
      vertex 6.26526 47.5894 0
      vertex 3.13935 47.8972 50
      vertex 6.26526 47.5894 50
    endloop
  endfacet
  facet normal 0.0979934 0.995187 0
    outer loop
      vertex 3.13935 47.8972 50
      vertex 6.26526 47.5894 0
      vertex 3.13935 47.8972 0
    endloop
  endfacet
  facet normal -0.849202 0.528069 0
    outer loop
      vertex -41.5692 24 0
      vertex -39.9105 26.6674 50
      vertex -39.9105 26.6674 0
    endloop
  endfacet
  facet normal -0.849202 0.528069 0
    outer loop
      vertex -39.9105 26.6674 50
      vertex -41.5692 24 0
      vertex -41.5692 24 50
    endloop
  endfacet
  facet normal 0.91087 0.412694 0
    outer loop
      vertex 44.3462 18.3688 50
      vertex 43.0499 21.2299 0
      vertex 43.0499 21.2299 50
    endloop
  endfacet
  facet normal 0.91087 0.412694 0
    outer loop
      vertex 43.0499 21.2299 0
      vertex 44.3462 18.3688 50
      vertex 44.3462 18.3688 0
    endloop
  endfacet
  facet normal -0.582472 -0.812851 0
    outer loop
      vertex -29.2205 -38.081 0
      vertex -26.6674 -39.9105 50
      vertex -29.2205 -38.081 50
    endloop
  endfacet
  facet normal -0.582472 -0.812851 -0
    outer loop
      vertex -26.6674 -39.9105 50
      vertex -29.2205 -38.081 0
      vertex -26.6674 -39.9105 0
    endloop
  endfacet
  facet normal 0.729858 -0.683599 0
    outer loop
      vertex 33.9411 -33.9411 50
      vertex 36.0883 -31.6486 0
      vertex 36.0883 -31.6486 50
    endloop
  endfacet
  facet normal 0.729858 -0.683599 0
    outer loop
      vertex 36.0883 -31.6486 0
      vertex 33.9411 -33.9411 50
      vertex 33.9411 -33.9411 0
    endloop
  endfacet
  facet normal -0.935909 -0.352243 0
    outer loop
      vertex -44.3462 -18.3688 0
      vertex -45.4526 -15.4291 50
      vertex -45.4526 -15.4291 0
    endloop
  endfacet
  facet normal -0.935909 -0.352243 0
    outer loop
      vertex -45.4526 -15.4291 50
      vertex -44.3462 -18.3688 0
      vertex -44.3462 -18.3688 50
    endloop
  endfacet
  facet normal 0.471409 -0.881915 0
    outer loop
      vertex 21.2299 -43.0499 0
      vertex 24 -41.5692 50
      vertex 21.2299 -43.0499 50
    endloop
  endfacet
  facet normal 0.471409 -0.881915 0
    outer loop
      vertex 24 -41.5692 50
      vertex 21.2299 -43.0499 0
      vertex 24 -41.5692 0
    endloop
  endfacet
  facet normal 0.773009 0.634395 0
    outer loop
      vertex 38.081 29.2205 50
      vertex 36.0883 31.6486 0
      vertex 36.0883 31.6486 50
    endloop
  endfacet
  facet normal 0.773009 0.634395 0
    outer loop
      vertex 36.0883 31.6486 0
      vertex 38.081 29.2205 50
      vertex 38.081 29.2205 0
    endloop
  endfacet
  facet normal -0.999464 0.0327281 0
    outer loop
      vertex -48 0 0
      vertex -47.8972 3.13935 50
      vertex -47.8972 3.13935 0
    endloop
  endfacet
  facet normal -0.999464 0.0327281 0
    outer loop
      vertex -47.8972 3.13935 50
      vertex -48 0 0
      vertex -48 0 50
    endloop
  endfacet
  facet normal -0.0327281 0.999464 0
    outer loop
      vertex 0 48 0
      vertex -3.13935 47.8972 50
      vertex 0 48 50
    endloop
  endfacet
  facet normal -0.0327281 0.999464 0
    outer loop
      vertex -3.13935 47.8972 50
      vertex 0 48 0
      vertex -3.13935 47.8972 0
    endloop
  endfacet
  facet normal -0.773009 0.634395 0
    outer loop
      vertex -38.081 29.2205 0
      vertex -36.0883 31.6486 50
      vertex -36.0883 31.6486 0
    endloop
  endfacet
  facet normal -0.773009 0.634395 0
    outer loop
      vertex -36.0883 31.6486 50
      vertex -38.081 29.2205 0
      vertex -38.081 29.2205 50
    endloop
  endfacet
  facet normal -0.995187 0.0979934 0
    outer loop
      vertex -47.8972 3.13935 0
      vertex -47.5894 6.26526 50
      vertex -47.5894 6.26526 0
    endloop
  endfacet
  facet normal -0.995187 0.0979934 0
    outer loop
      vertex -47.5894 6.26526 50
      vertex -47.8972 3.13935 0
      vertex -47.8972 3.13935 50
    endloop
  endfacet
  facet normal -0.995187 -0.0979934 0
    outer loop
      vertex -47.5894 -6.26526 0
      vertex -47.8972 -3.13935 50
      vertex -47.8972 -3.13935 0
    endloop
  endfacet
  facet normal -0.995187 -0.0979934 0
    outer loop
      vertex -47.8972 -3.13935 50
      vertex -47.5894 -6.26526 0
      vertex -47.5894 -6.26526 50
    endloop
  endfacet
  facet normal -0.729858 0.683599 0
    outer loop
      vertex -36.0883 31.6486 0
      vertex -33.9411 33.9411 50
      vertex -33.9411 33.9411 0
    endloop
  endfacet
  facet normal -0.729858 0.683599 0
    outer loop
      vertex -33.9411 33.9411 50
      vertex -36.0883 31.6486 0
      vertex -36.0883 31.6486 50
    endloop
  endfacet
  facet normal 0.582472 -0.812851 0
    outer loop
      vertex 26.6674 -39.9105 0
      vertex 29.2205 -38.081 50
      vertex 26.6674 -39.9105 50
    endloop
  endfacet
  facet normal 0.582472 -0.812851 0
    outer loop
      vertex 29.2205 -38.081 50
      vertex 26.6674 -39.9105 0
      vertex 29.2205 -38.081 0
    endloop
  endfacet
  facet normal 0.95694 0.290285 0
    outer loop
      vertex 46.3644 12.4233 50
      vertex 45.4526 15.4291 0
      vertex 45.4526 15.4291 50
    endloop
  endfacet
  facet normal 0.95694 0.290285 0
    outer loop
      vertex 45.4526 15.4291 0
      vertex 46.3644 12.4233 50
      vertex 46.3644 12.4233 0
    endloop
  endfacet
  facet normal -0.634395 0.773009 0
    outer loop
      vertex -29.2205 38.081 0
      vertex -31.6486 36.0883 50
      vertex -29.2205 38.081 50
    endloop
  endfacet
  facet normal -0.634395 0.773009 0
    outer loop
      vertex -31.6486 36.0883 50
      vertex -29.2205 38.081 0
      vertex -31.6486 36.0883 0
    endloop
  endfacet
  facet normal 0.528069 -0.849202 0
    outer loop
      vertex 24 -41.5692 0
      vertex 26.6674 -39.9105 50
      vertex 24 -41.5692 50
    endloop
  endfacet
  facet normal 0.528069 -0.849202 0
    outer loop
      vertex 26.6674 -39.9105 50
      vertex 24 -41.5692 0
      vertex 26.6674 -39.9105 0
    endloop
  endfacet
  facet normal -0.683599 -0.729858 0
    outer loop
      vertex -33.9411 -33.9411 0
      vertex -31.6486 -36.0883 50
      vertex -33.9411 -33.9411 50
    endloop
  endfacet
  facet normal -0.683599 -0.729858 -0
    outer loop
      vertex -31.6486 -36.0883 50
      vertex -33.9411 -33.9411 0
      vertex -31.6486 -36.0883 0
    endloop
  endfacet
  facet normal 0.528069 0.849202 -0
    outer loop
      vertex 26.6674 39.9105 0
      vertex 24 41.5692 50
      vertex 26.6674 39.9105 50
    endloop
  endfacet
  facet normal 0.528069 0.849202 0
    outer loop
      vertex 24 41.5692 50
      vertex 26.6674 39.9105 0
      vertex 24 41.5692 0
    endloop
  endfacet
  facet normal 0.935909 0.352243 0
    outer loop
      vertex 45.4526 15.4291 50
      vertex 44.3462 18.3688 0
      vertex 44.3462 18.3688 50
    endloop
  endfacet
  facet normal 0.935909 0.352243 0
    outer loop
      vertex 44.3462 18.3688 0
      vertex 45.4526 15.4291 50
      vertex 45.4526 15.4291 0
    endloop
  endfacet
  facet normal -0.528069 -0.849202 0
    outer loop
      vertex -26.6674 -39.9105 0
      vertex -24 -41.5692 50
      vertex -26.6674 -39.9105 50
    endloop
  endfacet
  facet normal -0.528069 -0.849202 -0
    outer loop
      vertex -24 -41.5692 50
      vertex -26.6674 -39.9105 0
      vertex -24 -41.5692 0
    endloop
  endfacet
  facet normal -0.91087 0.412694 0
    outer loop
      vertex -44.3462 18.3688 0
      vertex -43.0499 21.2299 50
      vertex -43.0499 21.2299 0
    endloop
  endfacet
  facet normal -0.91087 0.412694 0
    outer loop
      vertex -43.0499 21.2299 50
      vertex -44.3462 18.3688 0
      vertex -44.3462 18.3688 50
    endloop
  endfacet
  facet normal -0.95694 -0.290285 0
    outer loop
      vertex -45.4526 -15.4291 0
      vertex -46.3644 -12.4233 50
      vertex -46.3644 -12.4233 0
    endloop
  endfacet
  facet normal -0.95694 -0.290285 0
    outer loop
      vertex -46.3644 -12.4233 50
      vertex -45.4526 -15.4291 0
      vertex -45.4526 -15.4291 50
    endloop
  endfacet
  facet normal 0.290285 0.95694 -0
    outer loop
      vertex 15.4291 45.4526 0
      vertex 12.4233 46.3644 50
      vertex 15.4291 45.4526 50
    endloop
  endfacet
  facet normal 0.290285 0.95694 0
    outer loop
      vertex 12.4233 46.3644 50
      vertex 15.4291 45.4526 0
      vertex 12.4233 46.3644 0
    endloop
  endfacet
  facet normal 0.995187 -0.0979934 0
    outer loop
      vertex 47.5894 -6.26526 50
      vertex 47.8972 -3.13935 0
      vertex 47.8972 -3.13935 50
    endloop
  endfacet
  facet normal 0.995187 -0.0979934 0
    outer loop
      vertex 47.8972 -3.13935 0
      vertex 47.5894 -6.26526 50
      vertex 47.5894 -6.26526 0
    endloop
  endfacet
  facet normal 0.95694 -0.290285 0
    outer loop
      vertex 45.4526 -15.4291 50
      vertex 46.3644 -12.4233 0
      vertex 46.3644 -12.4233 50
    endloop
  endfacet
  facet normal 0.95694 -0.290285 0
    outer loop
      vertex 46.3644 -12.4233 0
      vertex 45.4526 -15.4291 50
      vertex 45.4526 -15.4291 0
    endloop
  endfacet
  facet normal -0.162908 0.986641 0
    outer loop
      vertex -6.26526 47.5894 0
      vertex -9.36434 47.0777 50
      vertex -6.26526 47.5894 50
    endloop
  endfacet
  facet normal -0.162908 0.986641 0
    outer loop
      vertex -9.36434 47.0777 50
      vertex -6.26526 47.5894 0
      vertex -9.36434 47.0777 0
    endloop
  endfacet
  facet normal 0.227092 -0.973873 0
    outer loop
      vertex 9.36434 -47.0777 0
      vertex 12.4233 -46.3644 50
      vertex 9.36434 -47.0777 50
    endloop
  endfacet
  facet normal 0.227092 -0.973873 0
    outer loop
      vertex 12.4233 -46.3644 50
      vertex 9.36434 -47.0777 0
      vertex 12.4233 -46.3644 0
    endloop
  endfacet
  facet normal -0.290285 -0.95694 0
    outer loop
      vertex -15.4291 -45.4526 0
      vertex -12.4233 -46.3644 50
      vertex -15.4291 -45.4526 50
    endloop
  endfacet
  facet normal -0.290285 -0.95694 -0
    outer loop
      vertex -12.4233 -46.3644 50
      vertex -15.4291 -45.4526 0
      vertex -12.4233 -46.3644 0
    endloop
  endfacet
  facet normal -0.0979934 0.995187 0
    outer loop
      vertex -3.13935 47.8972 0
      vertex -6.26526 47.5894 50
      vertex -3.13935 47.8972 50
    endloop
  endfacet
  facet normal -0.0979934 0.995187 0
    outer loop
      vertex -6.26526 47.5894 50
      vertex -3.13935 47.8972 0
      vertex -6.26526 47.5894 0
    endloop
  endfacet
  facet normal 0 0 1
    outer loop
      vertex 42.88 0 50
      vertex 48 0 50
      vertex 47.8972 3.13935 50
    endloop
  endfacet
  facet normal 0 0 1
    outer loop
      vertex 42.7882 2.80449 50
      vertex 47.8972 3.13935 50
      vertex 47.5894 6.26526 50
    endloop
  endfacet
  facet normal 0 0 1
    outer loop
      vertex 48 0 50
      vertex 42.88 0 50
      vertex 47.8972 -3.13935 50
    endloop
  endfacet
  facet normal 0 0 1
    outer loop
      vertex 42.5132 5.59696 50
      vertex 47.5894 6.26526 50
      vertex 47.0777 9.36434 50
    endloop
  endfacet
  facet normal -0 0 1
    outer loop
      vertex 42.7882 -2.80449 50
      vertex 47.8972 -3.13935 50
      vertex 42.88 0 50
    endloop
  endfacet
  facet normal 0 0 1
    outer loop
      vertex 42.0561 8.36547 50
      vertex 47.0777 9.36434 50
      vertex 46.3644 12.4233 50
    endloop
  endfacet
  facet normal 0 0 1
    outer loop
      vertex 47.8972 -3.13935 50
      vertex 42.7882 -2.80449 50
      vertex 47.5894 -6.26526 50
    endloop
  endfacet
  facet normal 0 0 1
    outer loop
      vertex 41.4189 11.0982 50
      vertex 46.3644 12.4233 50
      vertex 45.4526 15.4291 50
    endloop
  endfacet
  facet normal -0 0 1
    outer loop
      vertex 42.5132 -5.59696 50
      vertex 47.5894 -6.26526 50
      vertex 42.7882 -2.80449 50
    endloop
  endfacet
  facet normal 0 0 1
    outer loop
      vertex 40.6044 13.7833 50
      vertex 45.4526 15.4291 50
      vertex 44.3462 18.3688 50
    endloop
  endfacet
  facet normal 0 0 1
    outer loop
      vertex 47.5894 -6.26526 50
      vertex 42.5132 -5.59696 50
      vertex 47.0777 -9.36434 50
    endloop
  endfacet
  facet normal 0 0 1
    outer loop
      vertex 39.616 16.4095 50
      vertex 44.3462 18.3688 50
      vertex 43.0499 21.2299 50
    endloop
  endfacet
  facet normal -0 0 1
    outer loop
      vertex 42.0561 -8.36547 50
      vertex 47.0777 -9.36434 50
      vertex 42.5132 -5.59696 50
    endloop
  endfacet
  facet normal 0 0 1
    outer loop
      vertex 47.0777 -9.36434 50
      vertex 42.0561 -8.36547 50
      vertex 46.3644 -12.4233 50
    endloop
  endfacet
  facet normal 0 0 1
    outer loop
      vertex 47.8972 3.13935 50
      vertex 42.7882 2.80449 50
      vertex 42.88 0 50
    endloop
  endfacet
  facet normal 0 0 1
    outer loop
      vertex 47.5894 6.26526 50
      vertex 42.5132 5.59696 50
      vertex 42.7882 2.80449 50
    endloop
  endfacet
  facet normal 0 0 1
    outer loop
      vertex 47.0777 9.36434 50
      vertex 42.0561 8.36547 50
      vertex 42.5132 5.59696 50
    endloop
  endfacet
  facet normal 0 0 1
    outer loop
      vertex 38.4579 18.9653 50
      vertex 43.0499 21.2299 50
      vertex 41.5692 24 50
    endloop
  endfacet
  facet normal 0 0 1
    outer loop
      vertex 46.3644 12.4233 50
      vertex 41.4189 11.0982 50
      vertex 42.0561 8.36547 50
    endloop
  endfacet
  facet normal 0 0 1
    outer loop
      vertex 45.4526 15.4291 50
      vertex 40.6044 13.7833 50
      vertex 41.4189 11.0982 50
    endloop
  endfacet
  facet normal 0 0 1
    outer loop
      vertex 37.1352 21.44 50
      vertex 41.5692 24 50
      vertex 39.9105 26.6674 50
    endloop
  endfacet
  facet normal 0 0 1
    outer loop
      vertex 44.3462 18.3688 50
      vertex 39.616 16.4095 50
      vertex 40.6044 13.7833 50
    endloop
  endfacet
  facet normal 0 0 1
    outer loop
      vertex 43.0499 21.2299 50
      vertex 38.4579 18.9653 50
      vertex 39.616 16.4095 50
    endloop
  endfacet
  facet normal 0 0 1
    outer loop
      vertex 35.6534 23.8229 50
      vertex 39.9105 26.6674 50
      vertex 38.081 29.2205 50
    endloop
  endfacet
  facet normal 0 0 1
    outer loop
      vertex 41.5692 24 50
      vertex 37.1352 21.44 50
      vertex 38.4579 18.9653 50
    endloop
  endfacet
  facet normal 0 0 1
    outer loop
      vertex 34.019 26.1037 50
      vertex 38.081 29.2205 50
      vertex 36.0883 31.6486 50
    endloop
  endfacet
  facet normal 0 0 1
    outer loop
      vertex 39.9105 26.6674 50
      vertex 35.6534 23.8229 50
      vertex 37.1352 21.44 50
    endloop
  endfacet
  facet normal 0 0 1
    outer loop
      vertex 38.081 29.2205 50
      vertex 34.019 26.1037 50
      vertex 35.6534 23.8229 50
    endloop
  endfacet
  facet normal 0 0 1
    outer loop
      vertex 32.2389 28.2727 50
      vertex 36.0883 31.6486 50
      vertex 33.9411 33.9411 50
    endloop
  endfacet
  facet normal 0 0 1
    outer loop
      vertex 36.0883 31.6486 50
      vertex 32.2389 28.2727 50
      vertex 34.019 26.1037 50
    endloop
  endfacet
  facet normal 0 0 1
    outer loop
      vertex 30.3207 30.3207 50
      vertex 33.9411 33.9411 50
      vertex 31.6486 36.0883 50
    endloop
  endfacet
  facet normal 0 0 1
    outer loop
      vertex 33.9411 33.9411 50
      vertex 30.3207 30.3207 50
      vertex 32.2389 28.2727 50
    endloop
  endfacet
  facet normal 0 0 1
    outer loop
      vertex 28.2727 32.2389 50
      vertex 31.6486 36.0883 50
      vertex 29.2205 38.081 50
    endloop
  endfacet
  facet normal 0 0 1
    outer loop
      vertex 31.6486 36.0883 50
      vertex 28.2727 32.2389 50
      vertex 30.3207 30.3207 50
    endloop
  endfacet
  facet normal 0 0 1
    outer loop
      vertex 26.1037 34.019 50
      vertex 29.2205 38.081 50
      vertex 26.6674 39.9105 50
    endloop
  endfacet
  facet normal 0 0 1
    outer loop
      vertex 29.2205 38.081 50
      vertex 26.1037 34.019 50
      vertex 28.2727 32.2389 50
    endloop
  endfacet
  facet normal 0 0 1
    outer loop
      vertex 23.8229 35.6534 50
      vertex 26.6674 39.9105 50
      vertex 24 41.5692 50
    endloop
  endfacet
  facet normal 0 0 1
    outer loop
      vertex 26.6674 39.9105 50
      vertex 23.8229 35.6534 50
      vertex 26.1037 34.019 50
    endloop
  endfacet
  facet normal 0 0 1
    outer loop
      vertex 24 41.5692 50
      vertex 21.44 37.1352 50
      vertex 23.8229 35.6534 50
    endloop
  endfacet
  facet normal 0 0 1
    outer loop
      vertex 21.2299 43.0499 50
      vertex 21.44 37.1352 50
      vertex 24 41.5692 50
    endloop
  endfacet
  facet normal 0 0 1
    outer loop
      vertex 21.2299 43.0499 50
      vertex 18.9653 38.4579 50
      vertex 21.44 37.1352 50
    endloop
  endfacet
  facet normal 0 0 1
    outer loop
      vertex 18.3688 44.3462 50
      vertex 18.9653 38.4579 50
      vertex 21.2299 43.0499 50
    endloop
  endfacet
  facet normal 0 0 1
    outer loop
      vertex 18.3688 44.3462 50
      vertex 16.4095 39.616 50
      vertex 18.9653 38.4579 50
    endloop
  endfacet
  facet normal 0 0 1
    outer loop
      vertex 15.4291 45.4526 50
      vertex 16.4095 39.616 50
      vertex 18.3688 44.3462 50
    endloop
  endfacet
  facet normal 0 0 1
    outer loop
      vertex 15.4291 45.4526 50
      vertex 13.7833 40.6044 50
      vertex 16.4095 39.616 50
    endloop
  endfacet
  facet normal 0 0 1
    outer loop
      vertex 12.4233 46.3644 50
      vertex 13.7833 40.6044 50
      vertex 15.4291 45.4526 50
    endloop
  endfacet
  facet normal 0 0 1
    outer loop
      vertex 12.4233 46.3644 50
      vertex 11.0982 41.4189 50
      vertex 13.7833 40.6044 50
    endloop
  endfacet
  facet normal 0 0 1
    outer loop
      vertex 9.36434 47.0777 50
      vertex 11.0982 41.4189 50
      vertex 12.4233 46.3644 50
    endloop
  endfacet
  facet normal 0 0 1
    outer loop
      vertex 9.36434 47.0777 50
      vertex 8.36547 42.0561 50
      vertex 11.0982 41.4189 50
    endloop
  endfacet
  facet normal 0 0 1
    outer loop
      vertex 6.26526 47.5894 50
      vertex 8.36547 42.0561 50
      vertex 9.36434 47.0777 50
    endloop
  endfacet
  facet normal 0 0 1
    outer loop
      vertex 6.26526 47.5894 50
      vertex 5.59696 42.5132 50
      vertex 8.36547 42.0561 50
    endloop
  endfacet
  facet normal 0 0 1
    outer loop
      vertex 3.13935 47.8972 50
      vertex 5.59696 42.5132 50
      vertex 6.26526 47.5894 50
    endloop
  endfacet
  facet normal 0 0 1
    outer loop
      vertex 3.13935 47.8972 50
      vertex 2.80449 42.7882 50
      vertex 5.59696 42.5132 50
    endloop
  endfacet
  facet normal 0 0 1
    outer loop
      vertex 0 48 50
      vertex 2.80449 42.7882 50
      vertex 3.13935 47.8972 50
    endloop
  endfacet
  facet normal 0 0 1
    outer loop
      vertex 0 48 50
      vertex 0 42.88 50
      vertex 2.80449 42.7882 50
    endloop
  endfacet
  facet normal 0 0 1
    outer loop
      vertex 0 48 50
      vertex -2.80449 42.7882 50
      vertex 0 42.88 50
    endloop
  endfacet
  facet normal -0 0 1
    outer loop
      vertex -3.13935 47.8972 50
      vertex -2.80449 42.7882 50
      vertex 0 48 50
    endloop
  endfacet
  facet normal 0 0 1
    outer loop
      vertex -3.13935 47.8972 50
      vertex -5.59696 42.5132 50
      vertex -2.80449 42.7882 50
    endloop
  endfacet
  facet normal -0 0 1
    outer loop
      vertex -6.26526 47.5894 50
      vertex -5.59696 42.5132 50
      vertex -3.13935 47.8972 50
    endloop
  endfacet
  facet normal 0 0 1
    outer loop
      vertex -6.26526 47.5894 50
      vertex -8.36547 42.0561 50
      vertex -5.59696 42.5132 50
    endloop
  endfacet
  facet normal -0 0 1
    outer loop
      vertex -9.36434 47.0777 50
      vertex -8.36547 42.0561 50
      vertex -6.26526 47.5894 50
    endloop
  endfacet
  facet normal 0 0 1
    outer loop
      vertex -9.36434 47.0777 50
      vertex -11.0982 41.4189 50
      vertex -8.36547 42.0561 50
    endloop
  endfacet
  facet normal -0 0 1
    outer loop
      vertex -12.4233 46.3644 50
      vertex -11.0982 41.4189 50
      vertex -9.36434 47.0777 50
    endloop
  endfacet
  facet normal 0 0 1
    outer loop
      vertex -12.4233 46.3644 50
      vertex -13.7833 40.6044 50
      vertex -11.0982 41.4189 50
    endloop
  endfacet
  facet normal -0 0 1
    outer loop
      vertex -15.4291 45.4526 50
      vertex -13.7833 40.6044 50
      vertex -12.4233 46.3644 50
    endloop
  endfacet
  facet normal 0 0 1
    outer loop
      vertex -15.4291 45.4526 50
      vertex -16.4095 39.616 50
      vertex -13.7833 40.6044 50
    endloop
  endfacet
  facet normal -0 0 1
    outer loop
      vertex -18.3688 44.3462 50
      vertex -16.4095 39.616 50
      vertex -15.4291 45.4526 50
    endloop
  endfacet
  facet normal 0 0 1
    outer loop
      vertex -18.3688 44.3462 50
      vertex -18.9653 38.4579 50
      vertex -16.4095 39.616 50
    endloop
  endfacet
  facet normal -0 0 1
    outer loop
      vertex -21.2299 43.0499 50
      vertex -18.9653 38.4579 50
      vertex -18.3688 44.3462 50
    endloop
  endfacet
  facet normal 0 0 1
    outer loop
      vertex -21.2299 43.0499 50
      vertex -21.44 37.1352 50
      vertex -18.9653 38.4579 50
    endloop
  endfacet
  facet normal -0 0 1
    outer loop
      vertex -24 41.5692 50
      vertex -21.44 37.1352 50
      vertex -21.2299 43.0499 50
    endloop
  endfacet
  facet normal 0 0 1
    outer loop
      vertex -21.44 37.1352 50
      vertex -24 41.5692 50
      vertex -23.8229 35.6534 50
    endloop
  endfacet
  facet normal -0 0 1
    outer loop
      vertex -26.6674 39.9105 50
      vertex -23.8229 35.6534 50
      vertex -24 41.5692 50
    endloop
  endfacet
  facet normal 0 0 1
    outer loop
      vertex -23.8229 35.6534 50
      vertex -26.6674 39.9105 50
      vertex -26.1037 34.019 50
    endloop
  endfacet
  facet normal -0 0 1
    outer loop
      vertex -29.2205 38.081 50
      vertex -26.1037 34.019 50
      vertex -26.6674 39.9105 50
    endloop
  endfacet
  facet normal 0 0 1
    outer loop
      vertex -26.1037 34.019 50
      vertex -29.2205 38.081 50
      vertex -28.2727 32.2389 50
    endloop
  endfacet
  facet normal -0 0 1
    outer loop
      vertex -31.6486 36.0883 50
      vertex -28.2727 32.2389 50
      vertex -29.2205 38.081 50
    endloop
  endfacet
  facet normal 0 0 1
    outer loop
      vertex -28.2727 32.2389 50
      vertex -31.6486 36.0883 50
      vertex -30.3207 30.3207 50
    endloop
  endfacet
  facet normal -0 0 1
    outer loop
      vertex -33.9411 33.9411 50
      vertex -30.3207 30.3207 50
      vertex -31.6486 36.0883 50
    endloop
  endfacet
  facet normal 0 0 1
    outer loop
      vertex -30.3207 30.3207 50
      vertex -33.9411 33.9411 50
      vertex -32.2389 28.2727 50
    endloop
  endfacet
  facet normal -0 0 1
    outer loop
      vertex -36.0883 31.6486 50
      vertex -32.2389 28.2727 50
      vertex -33.9411 33.9411 50
    endloop
  endfacet
  facet normal 0 0 1
    outer loop
      vertex -32.2389 28.2727 50
      vertex -36.0883 31.6486 50
      vertex -34.019 26.1037 50
    endloop
  endfacet
  facet normal -0 0 1
    outer loop
      vertex -38.081 29.2205 50
      vertex -34.019 26.1037 50
      vertex -36.0883 31.6486 50
    endloop
  endfacet
  facet normal 0 0 1
    outer loop
      vertex -34.019 26.1037 50
      vertex -38.081 29.2205 50
      vertex -35.6534 23.8229 50
    endloop
  endfacet
  facet normal -0 0 1
    outer loop
      vertex -39.9105 26.6674 50
      vertex -35.6534 23.8229 50
      vertex -38.081 29.2205 50
    endloop
  endfacet
  facet normal 0 0 1
    outer loop
      vertex -35.6534 23.8229 50
      vertex -39.9105 26.6674 50
      vertex -37.1352 21.44 50
    endloop
  endfacet
  facet normal -0 0 1
    outer loop
      vertex -41.5692 24 50
      vertex -37.1352 21.44 50
      vertex -39.9105 26.6674 50
    endloop
  endfacet
  facet normal 0 0 1
    outer loop
      vertex -37.1352 21.44 50
      vertex -41.5692 24 50
      vertex -38.4579 18.9653 50
    endloop
  endfacet
  facet normal -0 0 1
    outer loop
      vertex -43.0499 21.2299 50
      vertex -38.4579 18.9653 50
      vertex -41.5692 24 50
    endloop
  endfacet
  facet normal 0 0 1
    outer loop
      vertex -38.4579 18.9653 50
      vertex -43.0499 21.2299 50
      vertex -39.616 16.4095 50
    endloop
  endfacet
  facet normal -0 0 1
    outer loop
      vertex -44.3462 18.3688 50
      vertex -39.616 16.4095 50
      vertex -43.0499 21.2299 50
    endloop
  endfacet
  facet normal 0 0 1
    outer loop
      vertex -39.616 16.4095 50
      vertex -44.3462 18.3688 50
      vertex -40.6044 13.7833 50
    endloop
  endfacet
  facet normal -0 0 1
    outer loop
      vertex -45.4526 15.4291 50
      vertex -40.6044 13.7833 50
      vertex -44.3462 18.3688 50
    endloop
  endfacet
  facet normal 0 0 1
    outer loop
      vertex -40.6044 13.7833 50
      vertex -45.4526 15.4291 50
      vertex -41.4189 11.0982 50
    endloop
  endfacet
  facet normal 0 0 1
    outer loop
      vertex -41.4189 11.0982 50
      vertex -46.3644 12.4233 50
      vertex -42.0561 8.36547 50
    endloop
  endfacet
  facet normal -0 0 1
    outer loop
      vertex -46.3644 12.4233 50
      vertex -41.4189 11.0982 50
      vertex -45.4526 15.4291 50
    endloop
  endfacet
  facet normal -0 0 1
    outer loop
      vertex 41.4189 -11.0982 50
      vertex 46.3644 -12.4233 50
      vertex 42.0561 -8.36547 50
    endloop
  endfacet
  facet normal 0 0 1
    outer loop
      vertex 46.3644 -12.4233 50
      vertex 41.4189 -11.0982 50
      vertex 45.4526 -15.4291 50
    endloop
  endfacet
  facet normal -0 0 1
    outer loop
      vertex 40.6044 -13.7833 50
      vertex 45.4526 -15.4291 50
      vertex 41.4189 -11.0982 50
    endloop
  endfacet
  facet normal 0 0 1
    outer loop
      vertex 45.4526 -15.4291 50
      vertex 40.6044 -13.7833 50
      vertex 44.3462 -18.3688 50
    endloop
  endfacet
  facet normal -0 0 1
    outer loop
      vertex 39.616 -16.4095 50
      vertex 44.3462 -18.3688 50
      vertex 40.6044 -13.7833 50
    endloop
  endfacet
  facet normal 0 0 1
    outer loop
      vertex 44.3462 -18.3688 50
      vertex 39.616 -16.4095 50
      vertex 43.0499 -21.2299 50
    endloop
  endfacet
  facet normal -0 0 1
    outer loop
      vertex 38.4579 -18.9653 50
      vertex 43.0499 -21.2299 50
      vertex 39.616 -16.4095 50
    endloop
  endfacet
  facet normal 0 0 1
    outer loop
      vertex 43.0499 -21.2299 50
      vertex 38.4579 -18.9653 50
      vertex 41.5692 -24 50
    endloop
  endfacet
  facet normal -0 0 1
    outer loop
      vertex 37.1352 -21.44 50
      vertex 41.5692 -24 50
      vertex 38.4579 -18.9653 50
    endloop
  endfacet
  facet normal 0 0 1
    outer loop
      vertex 41.5692 -24 50
      vertex 37.1352 -21.44 50
      vertex 39.9105 -26.6674 50
    endloop
  endfacet
  facet normal -0 0 1
    outer loop
      vertex 35.6534 -23.8229 50
      vertex 39.9105 -26.6674 50
      vertex 37.1352 -21.44 50
    endloop
  endfacet
  facet normal 0 0 1
    outer loop
      vertex 39.9105 -26.6674 50
      vertex 35.6534 -23.8229 50
      vertex 38.081 -29.2205 50
    endloop
  endfacet
  facet normal -0 0 1
    outer loop
      vertex 34.019 -26.1037 50
      vertex 38.081 -29.2205 50
      vertex 35.6534 -23.8229 50
    endloop
  endfacet
  facet normal 0 0 1
    outer loop
      vertex 38.081 -29.2205 50
      vertex 34.019 -26.1037 50
      vertex 36.0883 -31.6486 50
    endloop
  endfacet
  facet normal -0 0 1
    outer loop
      vertex 32.2389 -28.2727 50
      vertex 36.0883 -31.6486 50
      vertex 34.019 -26.1037 50
    endloop
  endfacet
  facet normal 0 0 1
    outer loop
      vertex 36.0883 -31.6486 50
      vertex 32.2389 -28.2727 50
      vertex 33.9411 -33.9411 50
    endloop
  endfacet
  facet normal -0 0 1
    outer loop
      vertex 30.3207 -30.3207 50
      vertex 33.9411 -33.9411 50
      vertex 32.2389 -28.2727 50
    endloop
  endfacet
  facet normal 0 0 1
    outer loop
      vertex 33.9411 -33.9411 50
      vertex 30.3207 -30.3207 50
      vertex 31.6486 -36.0883 50
    endloop
  endfacet
  facet normal -0 0 1
    outer loop
      vertex 28.2727 -32.2389 50
      vertex 31.6486 -36.0883 50
      vertex 30.3207 -30.3207 50
    endloop
  endfacet
  facet normal 0 0 1
    outer loop
      vertex 31.6486 -36.0883 50
      vertex 28.2727 -32.2389 50
      vertex 29.2205 -38.081 50
    endloop
  endfacet
  facet normal -0 0 1
    outer loop
      vertex 26.1037 -34.019 50
      vertex 29.2205 -38.081 50
      vertex 28.2727 -32.2389 50
    endloop
  endfacet
  facet normal 0 0 1
    outer loop
      vertex 29.2205 -38.081 50
      vertex 26.1037 -34.019 50
      vertex 26.6674 -39.9105 50
    endloop
  endfacet
  facet normal -0 0 1
    outer loop
      vertex 23.8229 -35.6534 50
      vertex 26.6674 -39.9105 50
      vertex 26.1037 -34.019 50
    endloop
  endfacet
  facet normal 0 0 1
    outer loop
      vertex 26.6674 -39.9105 50
      vertex 23.8229 -35.6534 50
      vertex 24 -41.5692 50
    endloop
  endfacet
  facet normal -0 0 1
    outer loop
      vertex 21.44 -37.1352 50
      vertex 24 -41.5692 50
      vertex 23.8229 -35.6534 50
    endloop
  endfacet
  facet normal 0 0 1
    outer loop
      vertex 21.44 -37.1352 50
      vertex 21.2299 -43.0499 50
      vertex 24 -41.5692 50
    endloop
  endfacet
  facet normal -0 0 1
    outer loop
      vertex 18.9653 -38.4579 50
      vertex 21.2299 -43.0499 50
      vertex 21.44 -37.1352 50
    endloop
  endfacet
  facet normal 0 0 1
    outer loop
      vertex 18.9653 -38.4579 50
      vertex 18.3688 -44.3462 50
      vertex 21.2299 -43.0499 50
    endloop
  endfacet
  facet normal -0 0 1
    outer loop
      vertex 16.4095 -39.616 50
      vertex 18.3688 -44.3462 50
      vertex 18.9653 -38.4579 50
    endloop
  endfacet
  facet normal 0 0 1
    outer loop
      vertex 16.4095 -39.616 50
      vertex 15.4291 -45.4526 50
      vertex 18.3688 -44.3462 50
    endloop
  endfacet
  facet normal -0 0 1
    outer loop
      vertex 13.7833 -40.6044 50
      vertex 15.4291 -45.4526 50
      vertex 16.4095 -39.616 50
    endloop
  endfacet
  facet normal 0 0 1
    outer loop
      vertex 13.7833 -40.6044 50
      vertex 12.4233 -46.3644 50
      vertex 15.4291 -45.4526 50
    endloop
  endfacet
  facet normal -0 0 1
    outer loop
      vertex 11.0982 -41.4189 50
      vertex 12.4233 -46.3644 50
      vertex 13.7833 -40.6044 50
    endloop
  endfacet
  facet normal 0 0 1
    outer loop
      vertex 11.0982 -41.4189 50
      vertex 9.36434 -47.0777 50
      vertex 12.4233 -46.3644 50
    endloop
  endfacet
  facet normal -0 0 1
    outer loop
      vertex 8.36547 -42.0561 50
      vertex 9.36434 -47.0777 50
      vertex 11.0982 -41.4189 50
    endloop
  endfacet
  facet normal 0 0 1
    outer loop
      vertex 8.36547 -42.0561 50
      vertex 6.26526 -47.5894 50
      vertex 9.36434 -47.0777 50
    endloop
  endfacet
  facet normal -0 0 1
    outer loop
      vertex 5.59696 -42.5132 50
      vertex 6.26526 -47.5894 50
      vertex 8.36547 -42.0561 50
    endloop
  endfacet
  facet normal 0 0 1
    outer loop
      vertex 5.59696 -42.5132 50
      vertex 3.13935 -47.8972 50
      vertex 6.26526 -47.5894 50
    endloop
  endfacet
  facet normal -0 0 1
    outer loop
      vertex 2.80449 -42.7882 50
      vertex 3.13935 -47.8972 50
      vertex 5.59696 -42.5132 50
    endloop
  endfacet
  facet normal -0 0 1
    outer loop
      vertex 0 -42.88 50
      vertex 3.13935 -47.8972 50
      vertex 2.80449 -42.7882 50
    endloop
  endfacet
  facet normal 0 0 1
    outer loop
      vertex 0 -42.88 50
      vertex 0 -48 50
      vertex 3.13935 -47.8972 50
    endloop
  endfacet
  facet normal 0 0 1
    outer loop
      vertex -2.80449 -42.7882 50
      vertex 0 -48 50
      vertex 0 -42.88 50
    endloop
  endfacet
  facet normal 0 0 1
    outer loop
      vertex -2.80449 -42.7882 50
      vertex -3.13935 -47.8972 50
      vertex 0 -48 50
    endloop
  endfacet
  facet normal 0 0 1
    outer loop
      vertex -5.59696 -42.5132 50
      vertex -3.13935 -47.8972 50
      vertex -2.80449 -42.7882 50
    endloop
  endfacet
  facet normal 0 0 1
    outer loop
      vertex -5.59696 -42.5132 50
      vertex -6.26526 -47.5894 50
      vertex -3.13935 -47.8972 50
    endloop
  endfacet
  facet normal 0 0 1
    outer loop
      vertex -8.36547 -42.0561 50
      vertex -6.26526 -47.5894 50
      vertex -5.59696 -42.5132 50
    endloop
  endfacet
  facet normal 0 0 1
    outer loop
      vertex -8.36547 -42.0561 50
      vertex -9.36434 -47.0777 50
      vertex -6.26526 -47.5894 50
    endloop
  endfacet
  facet normal 0 0 1
    outer loop
      vertex -11.0982 -41.4189 50
      vertex -9.36434 -47.0777 50
      vertex -8.36547 -42.0561 50
    endloop
  endfacet
  facet normal 0 0 1
    outer loop
      vertex -11.0982 -41.4189 50
      vertex -12.4233 -46.3644 50
      vertex -9.36434 -47.0777 50
    endloop
  endfacet
  facet normal 0 0 1
    outer loop
      vertex -13.7833 -40.6044 50
      vertex -12.4233 -46.3644 50
      vertex -11.0982 -41.4189 50
    endloop
  endfacet
  facet normal 0 0 1
    outer loop
      vertex -13.7833 -40.6044 50
      vertex -15.4291 -45.4526 50
      vertex -12.4233 -46.3644 50
    endloop
  endfacet
  facet normal 0 0 1
    outer loop
      vertex -16.4095 -39.616 50
      vertex -15.4291 -45.4526 50
      vertex -13.7833 -40.6044 50
    endloop
  endfacet
  facet normal 0 0 1
    outer loop
      vertex -16.4095 -39.616 50
      vertex -18.3688 -44.3462 50
      vertex -15.4291 -45.4526 50
    endloop
  endfacet
  facet normal 0 0 1
    outer loop
      vertex -18.9653 -38.4579 50
      vertex -18.3688 -44.3462 50
      vertex -16.4095 -39.616 50
    endloop
  endfacet
  facet normal 0 0 1
    outer loop
      vertex -18.9653 -38.4579 50
      vertex -21.2299 -43.0499 50
      vertex -18.3688 -44.3462 50
    endloop
  endfacet
  facet normal 0 0 1
    outer loop
      vertex -21.44 -37.1352 50
      vertex -21.2299 -43.0499 50
      vertex -18.9653 -38.4579 50
    endloop
  endfacet
  facet normal 0 0 1
    outer loop
      vertex -24 -41.5692 50
      vertex -21.44 -37.1352 50
      vertex -23.8229 -35.6534 50
    endloop
  endfacet
  facet normal 0 0 1
    outer loop
      vertex -21.44 -37.1352 50
      vertex -24 -41.5692 50
      vertex -21.2299 -43.0499 50
    endloop
  endfacet
  facet normal 0 0 1
    outer loop
      vertex -26.6674 -39.9105 50
      vertex -23.8229 -35.6534 50
      vertex -26.1037 -34.019 50
    endloop
  endfacet
  facet normal 0 0 1
    outer loop
      vertex -23.8229 -35.6534 50
      vertex -26.6674 -39.9105 50
      vertex -24 -41.5692 50
    endloop
  endfacet
  facet normal 0 0 1
    outer loop
      vertex -29.2205 -38.081 50
      vertex -26.1037 -34.019 50
      vertex -28.2727 -32.2389 50
    endloop
  endfacet
  facet normal 0 0 1
    outer loop
      vertex -26.1037 -34.019 50
      vertex -29.2205 -38.081 50
      vertex -26.6674 -39.9105 50
    endloop
  endfacet
  facet normal 0 0 1
    outer loop
      vertex -31.6486 -36.0883 50
      vertex -28.2727 -32.2389 50
      vertex -30.3207 -30.3207 50
    endloop
  endfacet
  facet normal 0 0 1
    outer loop
      vertex -28.2727 -32.2389 50
      vertex -31.6486 -36.0883 50
      vertex -29.2205 -38.081 50
    endloop
  endfacet
  facet normal 0 0 1
    outer loop
      vertex -33.9411 -33.9411 50
      vertex -30.3207 -30.3207 50
      vertex -32.2389 -28.2727 50
    endloop
  endfacet
  facet normal 0 0 1
    outer loop
      vertex -30.3207 -30.3207 50
      vertex -33.9411 -33.9411 50
      vertex -31.6486 -36.0883 50
    endloop
  endfacet
  facet normal 0 0 1
    outer loop
      vertex -36.0883 -31.6486 50
      vertex -32.2389 -28.2727 50
      vertex -34.019 -26.1037 50
    endloop
  endfacet
  facet normal 0 0 1
    outer loop
      vertex -38.081 -29.2205 50
      vertex -34.019 -26.1037 50
      vertex -35.6534 -23.8229 50
    endloop
  endfacet
  facet normal 0 0 1
    outer loop
      vertex -32.2389 -28.2727 50
      vertex -36.0883 -31.6486 50
      vertex -33.9411 -33.9411 50
    endloop
  endfacet
  facet normal 0 0 1
    outer loop
      vertex -39.9105 -26.6674 50
      vertex -35.6534 -23.8229 50
      vertex -37.1352 -21.44 50
    endloop
  endfacet
  facet normal 0 0 1
    outer loop
      vertex -34.019 -26.1037 50
      vertex -38.081 -29.2205 50
      vertex -36.0883 -31.6486 50
    endloop
  endfacet
  facet normal 0 0 1
    outer loop
      vertex -41.5692 -24 50
      vertex -37.1352 -21.44 50
      vertex -38.4579 -18.9653 50
    endloop
  endfacet
  facet normal 0 0 1
    outer loop
      vertex -43.0499 -21.2299 50
      vertex -38.4579 -18.9653 50
      vertex -39.616 -16.4095 50
    endloop
  endfacet
  facet normal 0 0 1
    outer loop
      vertex -35.6534 -23.8229 50
      vertex -39.9105 -26.6674 50
      vertex -38.081 -29.2205 50
    endloop
  endfacet
  facet normal 0 0 1
    outer loop
      vertex -44.3462 -18.3688 50
      vertex -39.616 -16.4095 50
      vertex -40.6044 -13.7833 50
    endloop
  endfacet
  facet normal 0 0 1
    outer loop
      vertex -45.4526 -15.4291 50
      vertex -40.6044 -13.7833 50
      vertex -41.4189 -11.0982 50
    endloop
  endfacet
  facet normal 0 0 1
    outer loop
      vertex -37.1352 -21.44 50
      vertex -41.5692 -24 50
      vertex -39.9105 -26.6674 50
    endloop
  endfacet
  facet normal 0 0 1
    outer loop
      vertex -46.3644 -12.4233 50
      vertex -41.4189 -11.0982 50
      vertex -42.0561 -8.36547 50
    endloop
  endfacet
  facet normal 0 0 1
    outer loop
      vertex -47.0777 -9.36434 50
      vertex -42.0561 -8.36547 50
      vertex -42.5132 -5.59696 50
    endloop
  endfacet
  facet normal 0 0 1
    outer loop
      vertex -47.5894 -6.26526 50
      vertex -42.5132 -5.59696 50
      vertex -42.7882 -2.80449 50
    endloop
  endfacet
  facet normal 0 0 1
    outer loop
      vertex -38.4579 -18.9653 50
      vertex -43.0499 -21.2299 50
      vertex -41.5692 -24 50
    endloop
  endfacet
  facet normal 0 0 1
    outer loop
      vertex -47.8972 -3.13935 50
      vertex -42.7882 -2.80449 50
      vertex -42.88 0 50
    endloop
  endfacet
  facet normal -0 0 1
    outer loop
      vertex -47.0777 9.36434 50
      vertex -42.0561 8.36547 50
      vertex -46.3644 12.4233 50
    endloop
  endfacet
  facet normal 0 0 1
    outer loop
      vertex -42.0561 8.36547 50
      vertex -47.0777 9.36434 50
      vertex -42.5132 5.59696 50
    endloop
  endfacet
  facet normal 0 0 1
    outer loop
      vertex -39.616 -16.4095 50
      vertex -44.3462 -18.3688 50
      vertex -43.0499 -21.2299 50
    endloop
  endfacet
  facet normal -0 0 1
    outer loop
      vertex -47.5894 6.26526 50
      vertex -42.5132 5.59696 50
      vertex -47.0777 9.36434 50
    endloop
  endfacet
  facet normal 0 0 1
    outer loop
      vertex -40.6044 -13.7833 50
      vertex -45.4526 -15.4291 50
      vertex -44.3462 -18.3688 50
    endloop
  endfacet
  facet normal 0 0 1
    outer loop
      vertex -42.5132 5.59696 50
      vertex -47.5894 6.26526 50
      vertex -42.7882 2.80449 50
    endloop
  endfacet
  facet normal 0 0 1
    outer loop
      vertex -41.4189 -11.0982 50
      vertex -46.3644 -12.4233 50
      vertex -45.4526 -15.4291 50
    endloop
  endfacet
  facet normal -0 0 1
    outer loop
      vertex -47.8972 3.13935 50
      vertex -42.7882 2.80449 50
      vertex -47.5894 6.26526 50
    endloop
  endfacet
  facet normal 0 0 1
    outer loop
      vertex -42.0561 -8.36547 50
      vertex -47.0777 -9.36434 50
      vertex -46.3644 -12.4233 50
    endloop
  endfacet
  facet normal 0 0 1
    outer loop
      vertex -42.7882 2.80449 50
      vertex -47.8972 3.13935 50
      vertex -42.88 0 50
    endloop
  endfacet
  facet normal 0 0 1
    outer loop
      vertex -42.5132 -5.59696 50
      vertex -47.5894 -6.26526 50
      vertex -47.0777 -9.36434 50
    endloop
  endfacet
  facet normal 0 0 1
    outer loop
      vertex -48 0 50
      vertex -42.88 0 50
      vertex -47.8972 3.13935 50
    endloop
  endfacet
  facet normal 0 0 1
    outer loop
      vertex -42.7882 -2.80449 50
      vertex -47.8972 -3.13935 50
      vertex -47.5894 -6.26526 50
    endloop
  endfacet
  facet normal 0 0 1
    outer loop
      vertex -42.88 0 50
      vertex -48 0 50
      vertex -47.8972 -3.13935 50
    endloop
  endfacet
  facet normal 0.986641 -0.162908 0
    outer loop
      vertex 47.0777 -9.36434 50
      vertex 47.5894 -6.26526 0
      vertex 47.5894 -6.26526 50
    endloop
  endfacet
  facet normal 0.986641 -0.162908 0
    outer loop
      vertex 47.5894 -6.26526 0
      vertex 47.0777 -9.36434 50
      vertex 47.0777 -9.36434 0
    endloop
  endfacet
  facet normal -0.773009 -0.634395 0
    outer loop
      vertex -36.0883 -31.6486 0
      vertex -38.081 -29.2205 50
      vertex -38.081 -29.2205 0
    endloop
  endfacet
  facet normal -0.773009 -0.634395 0
    outer loop
      vertex -38.081 -29.2205 50
      vertex -36.0883 -31.6486 0
      vertex -36.0883 -31.6486 50
    endloop
  endfacet
  facet normal 0.162908 0.986641 -0
    outer loop
      vertex 9.36434 47.0777 0
      vertex 6.26526 47.5894 50
      vertex 9.36434 47.0777 50
    endloop
  endfacet
  facet normal 0.162908 0.986641 0
    outer loop
      vertex 6.26526 47.5894 50
      vertex 9.36434 47.0777 0
      vertex 6.26526 47.5894 0
    endloop
  endfacet
  facet normal 0.634395 -0.773009 0
    outer loop
      vertex 29.2205 -38.081 0
      vertex 31.6486 -36.0883 50
      vertex 29.2205 -38.081 50
    endloop
  endfacet
  facet normal 0.634395 -0.773009 0
    outer loop
      vertex 31.6486 -36.0883 50
      vertex 29.2205 -38.081 0
      vertex 31.6486 -36.0883 0
    endloop
  endfacet
  facet normal -0.634395 -0.773009 0
    outer loop
      vertex -31.6486 -36.0883 0
      vertex -29.2205 -38.081 50
      vertex -31.6486 -36.0883 50
    endloop
  endfacet
  facet normal -0.634395 -0.773009 -0
    outer loop
      vertex -29.2205 -38.081 50
      vertex -31.6486 -36.0883 0
      vertex -29.2205 -38.081 0
    endloop
  endfacet
  facet normal -0.162908 -0.986641 0
    outer loop
      vertex -9.36434 -47.0777 0
      vertex -6.26526 -47.5894 50
      vertex -9.36434 -47.0777 50
    endloop
  endfacet
  facet normal -0.162908 -0.986641 -0
    outer loop
      vertex -6.26526 -47.5894 50
      vertex -9.36434 -47.0777 0
      vertex -6.26526 -47.5894 0
    endloop
  endfacet
  facet normal 0.352243 0.935909 -0
    outer loop
      vertex 18.3688 44.3462 0
      vertex 15.4291 45.4526 50
      vertex 18.3688 44.3462 50
    endloop
  endfacet
  facet normal 0.352243 0.935909 0
    outer loop
      vertex 15.4291 45.4526 50
      vertex 18.3688 44.3462 0
      vertex 15.4291 45.4526 0
    endloop
  endfacet
  facet normal 0.849202 -0.528069 0
    outer loop
      vertex 39.9105 -26.6674 50
      vertex 41.5692 -24 0
      vertex 41.5692 -24 50
    endloop
  endfacet
  facet normal 0.849202 -0.528069 0
    outer loop
      vertex 41.5692 -24 0
      vertex 39.9105 -26.6674 50
      vertex 39.9105 -26.6674 0
    endloop
  endfacet
  facet normal -0.0979934 -0.995187 0
    outer loop
      vertex -6.26526 -47.5894 0
      vertex -3.13935 -47.8972 50
      vertex -6.26526 -47.5894 50
    endloop
  endfacet
  facet normal -0.0979934 -0.995187 -0
    outer loop
      vertex -3.13935 -47.8972 50
      vertex -6.26526 -47.5894 0
      vertex -3.13935 -47.8972 0
    endloop
  endfacet
  facet normal -0.881915 0.471409 0
    outer loop
      vertex -43.0499 21.2299 0
      vertex -41.5692 24 50
      vertex -41.5692 24 0
    endloop
  endfacet
  facet normal -0.881915 0.471409 0
    outer loop
      vertex -41.5692 24 50
      vertex -43.0499 21.2299 0
      vertex -43.0499 21.2299 50
    endloop
  endfacet
  facet normal -0.881915 -0.471409 0
    outer loop
      vertex -41.5692 -24 0
      vertex -43.0499 -21.2299 50
      vertex -43.0499 -21.2299 0
    endloop
  endfacet
  facet normal -0.881915 -0.471409 0
    outer loop
      vertex -43.0499 -21.2299 50
      vertex -41.5692 -24 0
      vertex -41.5692 -24 50
    endloop
  endfacet
  facet normal 0.683599 -0.729858 0
    outer loop
      vertex 31.6486 -36.0883 0
      vertex 33.9411 -33.9411 50
      vertex 31.6486 -36.0883 50
    endloop
  endfacet
  facet normal 0.683599 -0.729858 0
    outer loop
      vertex 33.9411 -33.9411 50
      vertex 31.6486 -36.0883 0
      vertex 33.9411 -33.9411 0
    endloop
  endfacet
  facet normal -0.352243 -0.935909 0
    outer loop
      vertex -18.3688 -44.3462 0
      vertex -15.4291 -45.4526 50
      vertex -18.3688 -44.3462 50
    endloop
  endfacet
  facet normal -0.352243 -0.935909 -0
    outer loop
      vertex -15.4291 -45.4526 50
      vertex -18.3688 -44.3462 0
      vertex -15.4291 -45.4526 0
    endloop
  endfacet
  facet normal 0.91087 -0.412694 0
    outer loop
      vertex 43.0499 -21.2299 50
      vertex 44.3462 -18.3688 0
      vertex 44.3462 -18.3688 50
    endloop
  endfacet
  facet normal 0.91087 -0.412694 0
    outer loop
      vertex 44.3462 -18.3688 0
      vertex 43.0499 -21.2299 50
      vertex 43.0499 -21.2299 0
    endloop
  endfacet
  facet normal 0.935923 0.352205 0
    outer loop
      vertex -29.6433 -5.23702 70.4
      vertex -29.9587 -4.3989 50.5
      vertex -29.9587 -4.3989 70.4
    endloop
  endfacet
  facet normal 0.935923 0.352205 0
    outer loop
      vertex -29.9587 -4.3989 50.5
      vertex -29.6433 -5.23702 70.4
      vertex -29.6433 -5.23702 50.5
    endloop
  endfacet
  facet normal -0.999465 0.0327184 0
    outer loop
      vertex -3.3443 -0.895041 50.5
      vertex -3.315 0 70.4
      vertex -3.315 0 50.5
    endloop
  endfacet
  facet normal -0.999465 0.0327184 0
    outer loop
      vertex -3.315 0 70.4
      vertex -3.3443 -0.895041 50.5
      vertex -3.3443 -0.895041 70.4
    endloop
  endfacet
  facet normal -0.995184 -0.0980211 0
    outer loop
      vertex -3.3443 0.895041 50.5
      vertex -3.43208 1.78625 70.4
      vertex -3.43208 1.78625 50.5
    endloop
  endfacet
  facet normal -0.995184 -0.0980211 0
    outer loop
      vertex -3.43208 1.78625 70.4
      vertex -3.3443 0.895041 50.5
      vertex -3.3443 0.895041 70.4
    endloop
  endfacet
  facet normal -0.999465 -0.0327184 0
    outer loop
      vertex -3.315 0 50.5
      vertex -3.3443 0.895041 70.4
      vertex -3.3443 0.895041 50.5
    endloop
  endfacet
  facet normal -0.999465 -0.0327184 0
    outer loop
      vertex -3.3443 0.895041 70.4
      vertex -3.315 0 50.5
      vertex -3.315 0 70.4
    endloop
  endfacet
  facet normal 0.97389 0.227021 0
    outer loop
      vertex -30.2187 -3.54194 70.4
      vertex -30.422 -2.66981 50.5
      vertex -30.422 -2.66981 70.4
    endloop
  endfacet
  facet normal 0.97389 0.227021 0
    outer loop
      vertex -30.422 -2.66981 50.5
      vertex -30.2187 -3.54194 70.4
      vertex -30.2187 -3.54194 50.5
    endloop
  endfacet
  facet normal -0.582537 0.812804 0
    outer loop
      vertex -8.6691 -10.857 50.5
      vertex -9.39702 -11.3787 70.4
      vertex -8.6691 -10.857 70.4
    endloop
  endfacet
  facet normal -0.582537 0.812804 0
    outer loop
      vertex -9.39702 -11.3787 70.4
      vertex -8.6691 -10.857 50.5
      vertex -9.39702 -11.3787 50.5
    endloop
  endfacet
  facet normal 0.956927 -0.29033 0
    outer loop
      vertex -30.2187 3.54194 70.4
      vertex -29.9587 4.3989 50.5
      vertex -29.9587 4.3989 70.4
    endloop
  endfacet
  facet normal 0.956927 -0.29033 0
    outer loop
      vertex -29.9587 4.3989 50.5
      vertex -30.2187 3.54194 70.4
      vertex -30.2187 3.54194 50.5
    endloop
  endfacet
  facet normal 0.986639 0.162921 0
    outer loop
      vertex -30.422 -2.66981 70.4
      vertex -30.5679 -1.78625 50.5
      vertex -30.5679 -1.78625 70.4
    endloop
  endfacet
  facet normal 0.986639 0.162921 0
    outer loop
      vertex -30.5679 -1.78625 50.5
      vertex -30.422 -2.66981 70.4
      vertex -30.422 -2.66981 50.5
    endloop
  endfacet
  facet normal -0.412717 0.910859 0
    outer loop
      vertex -10.9473 -12.2737 50.5
      vertex -11.763 -12.6433 70.4
      vertex -10.9473 -12.2737 70.4
    endloop
  endfacet
  facet normal -0.412717 0.910859 0
    outer loop
      vertex -11.763 -12.6433 70.4
      vertex -10.9473 -12.2737 50.5
      vertex -11.763 -12.6433 50.5
    endloop
  endfacet
  facet normal -0.162932 0.986637 0
    outer loop
      vertex -14.3302 -13.422 50.5
      vertex -15.2137 -13.5679 70.4
      vertex -14.3302 -13.422 70.4
    endloop
  endfacet
  facet normal -0.162932 0.986637 0
    outer loop
      vertex -15.2137 -13.5679 70.4
      vertex -14.3302 -13.422 50.5
      vertex -15.2137 -13.5679 50.5
    endloop
  endfacet
  facet normal 0.812804 -0.582537 0
    outer loop
      vertex -28.3787 7.60298 70.4
      vertex -27.857 8.3309 50.5
      vertex -27.857 8.3309 70.4
    endloop
  endfacet
  facet normal 0.812804 -0.582537 0
    outer loop
      vertex -27.857 8.3309 50.5
      vertex -28.3787 7.60298 70.4
      vertex -28.3787 7.60298 50.5
    endloop
  endfacet
  facet normal -0.910863 -0.412708 0
    outer loop
      vertex -4.35671 5.23702 50.5
      vertex -4.7263 6.05272 70.4
      vertex -4.7263 6.05272 50.5
    endloop
  endfacet
  facet normal -0.910863 -0.412708 0
    outer loop
      vertex -4.7263 6.05272 70.4
      vertex -4.35671 5.23702 50.5
      vertex -4.35671 5.23702 70.4
    endloop
  endfacet
  facet normal -0.471347 -0.881948 0
    outer loop
      vertex -10.9473 12.2737 50.5
      vertex -10.1575 11.8516 70.4
      vertex -10.9473 12.2737 70.4
    endloop
  endfacet
  facet normal -0.471347 -0.881948 -0
    outer loop
      vertex -10.1575 11.8516 70.4
      vertex -10.9473 12.2737 50.5
      vertex -10.1575 11.8516 50.5
    endloop
  endfacet
  facet normal -0.227028 -0.973888 0
    outer loop
      vertex -14.3302 13.422 50.5
      vertex -13.4581 13.2187 70.4
      vertex -14.3302 13.422 70.4
    endloop
  endfacet
  facet normal -0.227028 -0.973888 -0
    outer loop
      vertex -13.4581 13.2187 70.4
      vertex -14.3302 13.422 50.5
      vertex -13.4581 13.2187 50.5
    endloop
  endfacet
  facet normal 0.582547 -0.812797 0
    outer loop
      vertex -25.3309 10.857 50.5
      vertex -24.603 11.3787 70.4
      vertex -25.3309 10.857 70.4
    endloop
  endfacet
  facet normal 0.582547 -0.812797 0
    outer loop
      vertex -24.603 11.3787 70.4
      vertex -25.3309 10.857 50.5
      vertex -24.603 11.3787 50.5
    endloop
  endfacet
  facet normal -0.352212 -0.93592 0
    outer loop
      vertex -12.6011 12.9587 50.5
      vertex -11.763 12.6433 70.4
      vertex -12.6011 12.9587 70.4
    endloop
  endfacet
  facet normal -0.352212 -0.93592 -0
    outer loop
      vertex -11.763 12.6433 70.4
      vertex -12.6011 12.9587 50.5
      vertex -11.763 12.6433 50.5
    endloop
  endfacet
  facet normal 0.227028 -0.973888 0
    outer loop
      vertex -20.5419 13.2187 50.5
      vertex -19.6698 13.422 70.4
      vertex -20.5419 13.2187 70.4
    endloop
  endfacet
  facet normal 0.227028 -0.973888 0
    outer loop
      vertex -19.6698 13.422 70.4
      vertex -20.5419 13.2187 50.5
      vertex -19.6698 13.422 50.5
    endloop
  endfacet
  facet normal -0.162932 -0.986637 0
    outer loop
      vertex -15.2137 13.5679 50.5
      vertex -14.3302 13.422 70.4
      vertex -15.2137 13.5679 70.4
    endloop
  endfacet
  facet normal -0.162932 -0.986637 -0
    outer loop
      vertex -14.3302 13.422 70.4
      vertex -15.2137 13.5679 50.5
      vertex -14.3302 13.422 50.5
    endloop
  endfacet
  facet normal 0.471347 0.881948 -0
    outer loop
      vertex -23.0527 -12.2737 50.5
      vertex -23.8425 -11.8516 70.4
      vertex -23.0527 -12.2737 70.4
    endloop
  endfacet
  facet normal 0.471347 0.881948 0
    outer loop
      vertex -23.8425 -11.8516 70.4
      vertex -23.0527 -12.2737 50.5
      vertex -23.8425 -11.8516 50.5
    endloop
  endfacet
  facet normal -0.0327199 0.999465 0
    outer loop
      vertex -16.105 -13.6557 50.5
      vertex -17 -13.685 70.4
      vertex -16.105 -13.6557 70.4
    endloop
  endfacet
  facet normal -0.0327199 0.999465 0
    outer loop
      vertex -17 -13.685 70.4
      vertex -16.105 -13.6557 50.5
      vertex -17 -13.685 50.5
    endloop
  endfacet
  facet normal -0.582537 -0.812804 0
    outer loop
      vertex -9.39702 11.3787 50.5
      vertex -8.6691 10.857 70.4
      vertex -9.39702 11.3787 70.4
    endloop
  endfacet
  facet normal -0.582537 -0.812804 -0
    outer loop
      vertex -8.6691 10.857 70.4
      vertex -9.39702 11.3787 50.5
      vertex -8.6691 10.857 50.5
    endloop
  endfacet
  facet normal -0.471347 0.881948 0
    outer loop
      vertex -10.1575 -11.8516 50.5
      vertex -10.9473 -12.2737 70.4
      vertex -10.1575 -11.8516 70.4
    endloop
  endfacet
  facet normal -0.471347 0.881948 0
    outer loop
      vertex -10.9473 -12.2737 70.4
      vertex -10.1575 -11.8516 50.5
      vertex -10.9473 -12.2737 50.5
    endloop
  endfacet
  facet normal 0.412717 -0.910859 0
    outer loop
      vertex -23.0527 12.2737 50.5
      vertex -22.237 12.6433 70.4
      vertex -23.0527 12.2737 70.4
    endloop
  endfacet
  facet normal 0.412717 -0.910859 0
    outer loop
      vertex -22.237 12.6433 70.4
      vertex -23.0527 12.2737 50.5
      vertex -22.237 12.6433 50.5
    endloop
  endfacet
  facet normal 0.910859 0.412717 0
    outer loop
      vertex -29.2737 -6.05272 70.4
      vertex -29.6433 -5.23702 50.5
      vertex -29.6433 -5.23702 70.4
    endloop
  endfacet
  facet normal 0.910859 0.412717 0
    outer loop
      vertex -29.6433 -5.23702 50.5
      vertex -29.2737 -6.05272 70.4
      vertex -29.2737 -6.05272 50.5
    endloop
  endfacet
  facet normal 0.849201 0.52807 0
    outer loop
      vertex -28.3787 -7.60298 70.4
      vertex -28.8516 -6.8425 50.5
      vertex -28.8516 -6.8425 70.4
    endloop
  endfacet
  facet normal 0.849201 0.52807 0
    outer loop
      vertex -28.8516 -6.8425 50.5
      vertex -28.3787 -7.60298 70.4
      vertex -28.3787 -7.60298 50.5
    endloop
  endfacet
  facet normal 0.352212 0.93592 -0
    outer loop
      vertex -21.3989 -12.9587 50.5
      vertex -22.237 -12.6433 70.4
      vertex -21.3989 -12.9587 70.4
    endloop
  endfacet
  facet normal 0.352212 0.93592 0
    outer loop
      vertex -22.237 -12.6433 70.4
      vertex -21.3989 -12.9587 50.5
      vertex -22.237 -12.6433 50.5
    endloop
  endfacet
  facet normal -0.881924 -0.471391 0
    outer loop
      vertex -4.7263 6.05272 50.5
      vertex -5.14844 6.8425 70.4
      vertex -5.14844 6.8425 50.5
    endloop
  endfacet
  facet normal -0.881924 -0.471391 0
    outer loop
      vertex -5.14844 6.8425 70.4
      vertex -4.7263 6.05272 50.5
      vertex -4.7263 6.05272 70.4
    endloop
  endfacet
  facet normal -0.683573 -0.729882 0
    outer loop
      vertex -7.97685 10.2889 50.5
      vertex -7.32324 9.67676 70.4
      vertex -7.97685 10.2889 70.4
    endloop
  endfacet
  facet normal -0.683573 -0.729882 -0
    outer loop
      vertex -7.32324 9.67676 70.4
      vertex -7.97685 10.2889 50.5
      vertex -7.32324 9.67676 50.5
    endloop
  endfacet
  facet normal 0.634411 -0.772996 0
    outer loop
      vertex -26.0231 10.2889 50.5
      vertex -25.3309 10.857 70.4
      vertex -26.0231 10.2889 70.4
    endloop
  endfacet
  facet normal 0.634411 -0.772996 0
    outer loop
      vertex -25.3309 10.857 70.4
      vertex -26.0231 10.2889 50.5
      vertex -25.3309 10.857 50.5
    endloop
  endfacet
  facet normal -0.352212 0.93592 0
    outer loop
      vertex -11.763 -12.6433 50.5
      vertex -12.6011 -12.9587 70.4
      vertex -11.763 -12.6433 70.4
    endloop
  endfacet
  facet normal -0.352212 0.93592 0
    outer loop
      vertex -12.6011 -12.9587 70.4
      vertex -11.763 -12.6433 50.5
      vertex -12.6011 -12.9587 50.5
    endloop
  endfacet
  facet normal -0.935904 0.352254 0
    outer loop
      vertex -4.35671 -5.23702 50.5
      vertex -4.04126 -4.3989 70.4
      vertex -4.04126 -4.3989 50.5
    endloop
  endfacet
  facet normal -0.935904 0.352254 0
    outer loop
      vertex -4.04126 -4.3989 70.4
      vertex -4.35671 -5.23702 50.5
      vertex -4.35671 -5.23702 70.4
    endloop
  endfacet
  facet normal -0.935904 -0.352254 0
    outer loop
      vertex -4.04126 4.3989 50.5
      vertex -4.35671 5.23702 70.4
      vertex -4.35671 5.23702 50.5
    endloop
  endfacet
  facet normal -0.935904 -0.352254 0
    outer loop
      vertex -4.35671 5.23702 70.4
      vertex -4.04126 4.3989 50.5
      vertex -4.04126 4.3989 70.4
    endloop
  endfacet
  facet normal -0.0980333 -0.995183 0
    outer loop
      vertex -16.105 13.6557 50.5
      vertex -15.2137 13.5679 70.4
      vertex -16.105 13.6557 70.4
    endloop
  endfacet
  facet normal -0.0980333 -0.995183 -0
    outer loop
      vertex -15.2137 13.5679 70.4
      vertex -16.105 13.6557 50.5
      vertex -15.2137 13.5679 50.5
    endloop
  endfacet
  facet normal 0.0327199 0.999465 -0
    outer loop
      vertex -17 -13.685 50.5
      vertex -17.895 -13.6557 70.4
      vertex -17 -13.685 70.4
    endloop
  endfacet
  facet normal 0.0327199 0.999465 0
    outer loop
      vertex -17.895 -13.6557 70.4
      vertex -17 -13.685 50.5
      vertex -17.895 -13.6557 50.5
    endloop
  endfacet
  facet normal 0.0980333 -0.995183 0
    outer loop
      vertex -18.7863 13.5679 50.5
      vertex -17.895 13.6557 70.4
      vertex -18.7863 13.5679 70.4
    endloop
  endfacet
  facet normal 0.0980333 -0.995183 0
    outer loop
      vertex -17.895 13.6557 70.4
      vertex -18.7863 13.5679 50.5
      vertex -17.895 13.6557 50.5
    endloop
  endfacet
  facet normal -0.956939 0.290289 0
    outer loop
      vertex -4.04126 -4.3989 50.5
      vertex -3.7813 -3.54194 70.4
      vertex -3.7813 -3.54194 50.5
    endloop
  endfacet
  facet normal -0.956939 0.290289 0
    outer loop
      vertex -3.7813 -3.54194 70.4
      vertex -4.04126 -4.3989 50.5
      vertex -4.04126 -4.3989 70.4
    endloop
  endfacet
  facet normal -0.0327199 -0.999465 0
    outer loop
      vertex -17 13.685 50.5
      vertex -16.105 13.6557 70.4
      vertex -17 13.685 70.4
    endloop
  endfacet
  facet normal -0.0327199 -0.999465 -0
    outer loop
      vertex -16.105 13.6557 70.4
      vertex -17 13.685 50.5
      vertex -16.105 13.6557 50.5
    endloop
  endfacet
  facet normal -0.812847 0.582478 0
    outer loop
      vertex -6.14296 -8.3309 50.5
      vertex -5.62134 -7.60298 70.4
      vertex -5.62134 -7.60298 50.5
    endloop
  endfacet
  facet normal -0.812847 0.582478 0
    outer loop
      vertex -5.62134 -7.60298 70.4
      vertex -6.14296 -8.3309 50.5
      vertex -6.14296 -8.3309 70.4
    endloop
  endfacet
  facet normal 0.0980333 0.995183 -0
    outer loop
      vertex -17.895 -13.6557 50.5
      vertex -18.7863 -13.5679 70.4
      vertex -17.895 -13.6557 70.4
    endloop
  endfacet
  facet normal 0.0980333 0.995183 0
    outer loop
      vertex -18.7863 -13.5679 70.4
      vertex -17.895 -13.6557 50.5
      vertex -18.7863 -13.5679 50.5
    endloop
  endfacet
  facet normal -0.52807 0.849201 0
    outer loop
      vertex -9.39702 -11.3787 50.5
      vertex -10.1575 -11.8516 70.4
      vertex -9.39702 -11.3787 70.4
    endloop
  endfacet
  facet normal -0.52807 0.849201 0
    outer loop
      vertex -10.1575 -11.8516 70.4
      vertex -9.39702 -11.3787 50.5
      vertex -10.1575 -11.8516 50.5
    endloop
  endfacet
  facet normal -0.773013 -0.63439 0
    outer loop
      vertex -6.14296 8.3309 50.5
      vertex -6.71107 9.02315 70.4
      vertex -6.71107 9.02315 50.5
    endloop
  endfacet
  facet normal -0.773013 -0.63439 0
    outer loop
      vertex -6.71107 9.02315 70.4
      vertex -6.14296 8.3309 50.5
      vertex -6.14296 8.3309 70.4
    endloop
  endfacet
  facet normal -0.52807 -0.849201 0
    outer loop
      vertex -10.1575 11.8516 50.5
      vertex -9.39702 11.3787 70.4
      vertex -10.1575 11.8516 70.4
    endloop
  endfacet
  facet normal -0.52807 -0.849201 -0
    outer loop
      vertex -9.39702 11.3787 70.4
      vertex -10.1575 11.8516 50.5
      vertex -9.39702 11.3787 50.5
    endloop
  endfacet
  facet normal -0.849201 -0.52807 0
    outer loop
      vertex -5.14844 6.8425 50.5
      vertex -5.62134 7.60298 70.4
      vertex -5.62134 7.60298 50.5
    endloop
  endfacet
  facet normal -0.849201 -0.52807 0
    outer loop
      vertex -5.62134 7.60298 70.4
      vertex -5.14844 6.8425 50.5
      vertex -5.14844 6.8425 70.4
    endloop
  endfacet
  facet normal 0.52806 -0.849207 0
    outer loop
      vertex -24.603 11.3787 50.5
      vertex -23.8425 11.8516 70.4
      vertex -24.603 11.3787 70.4
    endloop
  endfacet
  facet normal 0.52806 -0.849207 0
    outer loop
      vertex -23.8425 11.8516 70.4
      vertex -24.603 11.3787 50.5
      vertex -23.8425 11.8516 50.5
    endloop
  endfacet
  facet normal 0.162932 0.986637 -0
    outer loop
      vertex -18.7863 -13.5679 50.5
      vertex -19.6698 -13.422 70.4
      vertex -18.7863 -13.5679 70.4
    endloop
  endfacet
  facet normal 0.162932 0.986637 0
    outer loop
      vertex -19.6698 -13.422 70.4
      vertex -18.7863 -13.5679 50.5
      vertex -19.6698 -13.422 50.5
    endloop
  endfacet
  facet normal -0.956939 -0.290289 0
    outer loop
      vertex -3.7813 3.54194 50.5
      vertex -4.04126 4.3989 70.4
      vertex -4.04126 4.3989 50.5
    endloop
  endfacet
  facet normal -0.956939 -0.290289 0
    outer loop
      vertex -4.04126 4.3989 70.4
      vertex -3.7813 3.54194 50.5
      vertex -3.7813 3.54194 70.4
    endloop
  endfacet
  facet normal 0.999465 0.0327184 0
    outer loop
      vertex -30.6557 -0.895041 70.4
      vertex -30.685 0 50.5
      vertex -30.685 0 70.4
    endloop
  endfacet
  facet normal 0.999465 0.0327184 0
    outer loop
      vertex -30.685 0 50.5
      vertex -30.6557 -0.895041 70.4
      vertex -30.6557 -0.895041 50.5
    endloop
  endfacet
  facet normal 0.97389 -0.227021 0
    outer loop
      vertex -30.422 2.66981 70.4
      vertex -30.2187 3.54194 50.5
      vertex -30.2187 3.54194 70.4
    endloop
  endfacet
  facet normal 0.97389 -0.227021 0
    outer loop
      vertex -30.2187 3.54194 50.5
      vertex -30.422 2.66981 70.4
      vertex -30.422 2.66981 50.5
    endloop
  endfacet
  facet normal -0.995184 0.0980211 0
    outer loop
      vertex -3.43208 -1.78625 50.5
      vertex -3.3443 -0.895041 70.4
      vertex -3.3443 -0.895041 50.5
    endloop
  endfacet
  facet normal -0.995184 0.0980211 0
    outer loop
      vertex -3.3443 -0.895041 70.4
      vertex -3.43208 -1.78625 50.5
      vertex -3.43208 -1.78625 70.4
    endloop
  endfacet
  facet normal -0.290317 0.95693 0
    outer loop
      vertex -12.6011 -12.9587 50.5
      vertex -13.4581 -13.2187 70.4
      vertex -12.6011 -12.9587 70.4
    endloop
  endfacet
  facet normal -0.290317 0.95693 0
    outer loop
      vertex -13.4581 -13.2187 70.4
      vertex -12.6011 -12.9587 50.5
      vertex -13.4581 -13.2187 50.5
    endloop
  endfacet
  facet normal 0.986639 -0.162921 0
    outer loop
      vertex -30.5679 1.78625 70.4
      vertex -30.422 2.66981 50.5
      vertex -30.422 2.66981 70.4
    endloop
  endfacet
  facet normal 0.986639 -0.162921 0
    outer loop
      vertex -30.422 2.66981 50.5
      vertex -30.5679 1.78625 70.4
      vertex -30.5679 1.78625 50.5
    endloop
  endfacet
  facet normal -0.729866 0.683591 0
    outer loop
      vertex -7.32324 -9.67676 50.5
      vertex -6.71107 -9.02315 70.4
      vertex -6.71107 -9.02315 50.5
    endloop
  endfacet
  facet normal -0.729866 0.683591 0
    outer loop
      vertex -6.71107 -9.02315 70.4
      vertex -7.32324 -9.67676 50.5
      vertex -7.32324 -9.67676 70.4
    endloop
  endfacet
  facet normal -0.227028 0.973888 0
    outer loop
      vertex -13.4581 -13.2187 50.5
      vertex -14.3302 -13.422 70.4
      vertex -13.4581 -13.2187 70.4
    endloop
  endfacet
  facet normal -0.227028 0.973888 0
    outer loop
      vertex -14.3302 -13.422 70.4
      vertex -13.4581 -13.2187 50.5
      vertex -14.3302 -13.422 50.5
    endloop
  endfacet
  facet normal -0.634383 0.773019 0
    outer loop
      vertex -7.97685 -10.2889 50.5
      vertex -8.6691 -10.857 70.4
      vertex -7.97685 -10.2889 70.4
    endloop
  endfacet
  facet normal -0.634383 0.773019 0
    outer loop
      vertex -8.6691 -10.857 70.4
      vertex -7.97685 -10.2889 50.5
      vertex -8.6691 -10.857 50.5
    endloop
  endfacet
  facet normal 0.812804 0.582537 0
    outer loop
      vertex -27.857 -8.3309 70.4
      vertex -28.3787 -7.60298 50.5
      vertex -28.3787 -7.60298 70.4
    endloop
  endfacet
  facet normal 0.812804 0.582537 0
    outer loop
      vertex -28.3787 -7.60298 50.5
      vertex -27.857 -8.3309 70.4
      vertex -27.857 -8.3309 50.5
    endloop
  endfacet
  facet normal -0.412717 -0.910859 0
    outer loop
      vertex -11.763 12.6433 50.5
      vertex -10.9473 12.2737 70.4
      vertex -11.763 12.6433 70.4
    endloop
  endfacet
  facet normal -0.412717 -0.910859 -0
    outer loop
      vertex -10.9473 12.2737 70.4
      vertex -11.763 12.6433 50.5
      vertex -10.9473 12.2737 50.5
    endloop
  endfacet
  facet normal -0.0980333 0.995183 0
    outer loop
      vertex -15.2137 -13.5679 50.5
      vertex -16.105 -13.6557 70.4
      vertex -15.2137 -13.5679 70.4
    endloop
  endfacet
  facet normal -0.0980333 0.995183 0
    outer loop
      vertex -16.105 -13.6557 70.4
      vertex -15.2137 -13.5679 50.5
      vertex -16.105 -13.6557 50.5
    endloop
  endfacet
  facet normal 0.582547 0.812797 -0
    outer loop
      vertex -24.603 -11.3787 50.5
      vertex -25.3309 -10.857 70.4
      vertex -24.603 -11.3787 70.4
    endloop
  endfacet
  facet normal 0.582547 0.812797 0
    outer loop
      vertex -25.3309 -10.857 70.4
      vertex -24.603 -11.3787 50.5
      vertex -25.3309 -10.857 50.5
    endloop
  endfacet
  facet normal 0.162932 -0.986637 0
    outer loop
      vertex -19.6698 13.422 50.5
      vertex -18.7863 13.5679 70.4
      vertex -19.6698 13.422 70.4
    endloop
  endfacet
  facet normal 0.162932 -0.986637 0
    outer loop
      vertex -18.7863 13.5679 70.4
      vertex -19.6698 13.422 50.5
      vertex -18.7863 13.5679 50.5
    endloop
  endfacet
  facet normal -0.986644 0.162889 0
    outer loop
      vertex -3.57795 -2.66981 50.5
      vertex -3.43208 -1.78625 70.4
      vertex -3.43208 -1.78625 50.5
    endloop
  endfacet
  facet normal -0.986644 0.162889 0
    outer loop
      vertex -3.43208 -1.78625 70.4
      vertex -3.57795 -2.66981 50.5
      vertex -3.57795 -2.66981 70.4
    endloop
  endfacet
  facet normal 0.0327199 -0.999465 0
    outer loop
      vertex -17.895 13.6557 50.5
      vertex -17 13.685 70.4
      vertex -17.895 13.6557 70.4
    endloop
  endfacet
  facet normal 0.0327199 -0.999465 0
    outer loop
      vertex -17 13.685 70.4
      vertex -17.895 13.6557 50.5
      vertex -17 13.685 50.5
    endloop
  endfacet
  facet normal -0.973878 0.227074 0
    outer loop
      vertex -3.7813 -3.54194 50.5
      vertex -3.57795 -2.66981 70.4
      vertex -3.57795 -2.66981 50.5
    endloop
  endfacet
  facet normal -0.973878 0.227074 0
    outer loop
      vertex -3.57795 -2.66981 70.4
      vertex -3.7813 -3.54194 50.5
      vertex -3.7813 -3.54194 70.4
    endloop
  endfacet
  facet normal 0.52806 0.849207 -0
    outer loop
      vertex -23.8425 -11.8516 50.5
      vertex -24.603 -11.3787 70.4
      vertex -23.8425 -11.8516 70.4
    endloop
  endfacet
  facet normal 0.52806 0.849207 0
    outer loop
      vertex -24.603 -11.3787 70.4
      vertex -23.8425 -11.8516 50.5
      vertex -24.603 -11.3787 50.5
    endloop
  endfacet
  facet normal -0.683573 0.729882 0
    outer loop
      vertex -7.32324 -9.67676 50.5
      vertex -7.97685 -10.2889 70.4
      vertex -7.32324 -9.67676 70.4
    endloop
  endfacet
  facet normal -0.683573 0.729882 0
    outer loop
      vertex -7.97685 -10.2889 70.4
      vertex -7.32324 -9.67676 50.5
      vertex -7.97685 -10.2889 50.5
    endloop
  endfacet
  facet normal 0.995182 -0.0980432 0
    outer loop
      vertex -30.6557 0.895041 70.4
      vertex -30.5679 1.78625 50.5
      vertex -30.5679 1.78625 70.4
    endloop
  endfacet
  facet normal 0.995182 -0.0980432 0
    outer loop
      vertex -30.5679 1.78625 50.5
      vertex -30.6557 0.895041 70.4
      vertex -30.6557 0.895041 50.5
    endloop
  endfacet
  facet normal 0.683523 -0.729929 0
    outer loop
      vertex -26.6768 9.67676 50.5
      vertex -26.0231 10.2889 70.4
      vertex -26.6768 9.67676 70.4
    endloop
  endfacet
  facet normal 0.683523 -0.729929 0
    outer loop
      vertex -26.0231 10.2889 70.4
      vertex -26.6768 9.67676 50.5
      vertex -26.0231 10.2889 50.5
    endloop
  endfacet
  facet normal 0.634411 0.772996 -0
    outer loop
      vertex -25.3309 -10.857 50.5
      vertex -26.0231 -10.2889 70.4
      vertex -25.3309 -10.857 70.4
    endloop
  endfacet
  facet normal 0.634411 0.772996 0
    outer loop
      vertex -26.0231 -10.2889 70.4
      vertex -25.3309 -10.857 50.5
      vertex -26.0231 -10.2889 50.5
    endloop
  endfacet
  facet normal 0.729905 -0.683549 0
    outer loop
      vertex -27.2889 9.02315 70.4
      vertex -26.6768 9.67676 50.5
      vertex -26.6768 9.67676 70.4
    endloop
  endfacet
  facet normal 0.729905 -0.683549 0
    outer loop
      vertex -26.6768 9.67676 50.5
      vertex -27.2889 9.02315 70.4
      vertex -27.2889 9.02315 50.5
    endloop
  endfacet
  facet normal -0.881924 0.471391 0
    outer loop
      vertex -5.14844 -6.8425 50.5
      vertex -4.7263 -6.05272 70.4
      vertex -4.7263 -6.05272 50.5
    endloop
  endfacet
  facet normal -0.881924 0.471391 0
    outer loop
      vertex -4.7263 -6.05272 70.4
      vertex -5.14844 -6.8425 50.5
      vertex -5.14844 -6.8425 70.4
    endloop
  endfacet
  facet normal -0.634383 -0.773019 0
    outer loop
      vertex -8.6691 10.857 50.5
      vertex -7.97685 10.2889 70.4
      vertex -8.6691 10.857 70.4
    endloop
  endfacet
  facet normal -0.634383 -0.773019 -0
    outer loop
      vertex -7.97685 10.2889 70.4
      vertex -8.6691 10.857 50.5
      vertex -7.97685 10.2889 50.5
    endloop
  endfacet
  facet normal -0.773013 0.63439 0
    outer loop
      vertex -6.71107 -9.02315 50.5
      vertex -6.14296 -8.3309 70.4
      vertex -6.14296 -8.3309 50.5
    endloop
  endfacet
  facet normal -0.773013 0.63439 0
    outer loop
      vertex -6.14296 -8.3309 70.4
      vertex -6.71107 -9.02315 50.5
      vertex -6.71107 -9.02315 70.4
    endloop
  endfacet
  facet normal 0.352212 -0.93592 0
    outer loop
      vertex -22.237 12.6433 50.5
      vertex -21.3989 12.9587 70.4
      vertex -22.237 12.6433 70.4
    endloop
  endfacet
  facet normal 0.352212 -0.93592 0
    outer loop
      vertex -21.3989 12.9587 70.4
      vertex -22.237 12.6433 50.5
      vertex -21.3989 12.9587 50.5
    endloop
  endfacet
  facet normal 0.227028 0.973888 -0
    outer loop
      vertex -19.6698 -13.422 50.5
      vertex -20.5419 -13.2187 70.4
      vertex -19.6698 -13.422 70.4
    endloop
  endfacet
  facet normal 0.227028 0.973888 0
    outer loop
      vertex -20.5419 -13.2187 70.4
      vertex -19.6698 -13.422 50.5
      vertex -20.5419 -13.2187 50.5
    endloop
  endfacet
  facet normal 0.910859 -0.412717 0
    outer loop
      vertex -29.6433 5.23702 70.4
      vertex -29.2737 6.05272 50.5
      vertex -29.2737 6.05272 70.4
    endloop
  endfacet
  facet normal 0.910859 -0.412717 0
    outer loop
      vertex -29.2737 6.05272 50.5
      vertex -29.6433 5.23702 70.4
      vertex -29.6433 5.23702 50.5
    endloop
  endfacet
  facet normal -0.812847 -0.582478 0
    outer loop
      vertex -5.62134 7.60298 50.5
      vertex -6.14296 8.3309 70.4
      vertex -6.14296 8.3309 50.5
    endloop
  endfacet
  facet normal -0.812847 -0.582478 0
    outer loop
      vertex -6.14296 8.3309 70.4
      vertex -5.62134 7.60298 50.5
      vertex -5.62134 7.60298 70.4
    endloop
  endfacet
  facet normal 0.956927 0.29033 0
    outer loop
      vertex -29.9587 -4.3989 70.4
      vertex -30.2187 -3.54194 50.5
      vertex -30.2187 -3.54194 70.4
    endloop
  endfacet
  facet normal 0.956927 0.29033 0
    outer loop
      vertex -30.2187 -3.54194 50.5
      vertex -29.9587 -4.3989 70.4
      vertex -29.9587 -4.3989 50.5
    endloop
  endfacet
  facet normal -0.973878 -0.227074 0
    outer loop
      vertex -3.57795 2.66981 50.5
      vertex -3.7813 3.54194 70.4
      vertex -3.7813 3.54194 50.5
    endloop
  endfacet
  facet normal -0.973878 -0.227074 0
    outer loop
      vertex -3.7813 3.54194 70.4
      vertex -3.57795 2.66981 50.5
      vertex -3.57795 2.66981 70.4
    endloop
  endfacet
  facet normal -0.729866 -0.683591 0
    outer loop
      vertex -6.71107 9.02315 50.5
      vertex -7.32324 9.67676 70.4
      vertex -7.32324 9.67676 50.5
    endloop
  endfacet
  facet normal -0.729866 -0.683591 0
    outer loop
      vertex -7.32324 9.67676 70.4
      vertex -6.71107 9.02315 50.5
      vertex -6.71107 9.02315 70.4
    endloop
  endfacet
  facet normal 0.290317 -0.95693 0
    outer loop
      vertex -21.3989 12.9587 50.5
      vertex -20.5419 13.2187 70.4
      vertex -21.3989 12.9587 70.4
    endloop
  endfacet
  facet normal 0.290317 -0.95693 0
    outer loop
      vertex -20.5419 13.2187 70.4
      vertex -21.3989 12.9587 50.5
      vertex -20.5419 13.2187 50.5
    endloop
  endfacet
  facet normal -0.986644 -0.162889 0
    outer loop
      vertex -3.43208 1.78625 50.5
      vertex -3.57795 2.66981 70.4
      vertex -3.57795 2.66981 50.5
    endloop
  endfacet
  facet normal -0.986644 -0.162889 0
    outer loop
      vertex -3.57795 2.66981 70.4
      vertex -3.43208 1.78625 50.5
      vertex -3.43208 1.78625 70.4
    endloop
  endfacet
  facet normal 0.471347 -0.881948 0
    outer loop
      vertex -23.8425 11.8516 50.5
      vertex -23.0527 12.2737 70.4
      vertex -23.8425 11.8516 70.4
    endloop
  endfacet
  facet normal 0.471347 -0.881948 0
    outer loop
      vertex -23.0527 12.2737 70.4
      vertex -23.8425 11.8516 50.5
      vertex -23.0527 12.2737 50.5
    endloop
  endfacet
  facet normal 0.683523 0.729929 -0
    outer loop
      vertex -26.0231 -10.2889 50.5
      vertex -26.6768 -9.67676 70.4
      vertex -26.0231 -10.2889 70.4
    endloop
  endfacet
  facet normal 0.683523 0.729929 0
    outer loop
      vertex -26.6768 -9.67676 70.4
      vertex -26.0231 -10.2889 50.5
      vertex -26.6768 -9.67676 50.5
    endloop
  endfacet
  facet normal 0.729905 0.683549 0
    outer loop
      vertex -26.6768 -9.67676 70.4
      vertex -27.2889 -9.02315 50.5
      vertex -27.2889 -9.02315 70.4
    endloop
  endfacet
  facet normal 0.729905 0.683549 0
    outer loop
      vertex -27.2889 -9.02315 50.5
      vertex -26.6768 -9.67676 70.4
      vertex -26.6768 -9.67676 50.5
    endloop
  endfacet
  facet normal 0.290317 0.95693 -0
    outer loop
      vertex -20.5419 -13.2187 50.5
      vertex -21.3989 -12.9587 70.4
      vertex -20.5419 -13.2187 70.4
    endloop
  endfacet
  facet normal 0.290317 0.95693 0
    outer loop
      vertex -21.3989 -12.9587 70.4
      vertex -20.5419 -13.2187 50.5
      vertex -21.3989 -12.9587 50.5
    endloop
  endfacet
  facet normal 0.995182 0.0980432 0
    outer loop
      vertex -30.5679 -1.78625 70.4
      vertex -30.6557 -0.895041 50.5
      vertex -30.6557 -0.895041 70.4
    endloop
  endfacet
  facet normal 0.995182 0.0980432 0
    outer loop
      vertex -30.6557 -0.895041 50.5
      vertex -30.5679 -1.78625 70.4
      vertex -30.5679 -1.78625 50.5
    endloop
  endfacet
  facet normal 0.773019 0.634383 0
    outer loop
      vertex -27.2889 -9.02315 70.4
      vertex -27.857 -8.3309 50.5
      vertex -27.857 -8.3309 70.4
    endloop
  endfacet
  facet normal 0.773019 0.634383 0
    outer loop
      vertex -27.857 -8.3309 50.5
      vertex -27.2889 -9.02315 70.4
      vertex -27.2889 -9.02315 50.5
    endloop
  endfacet
  facet normal 0.935923 -0.352205 0
    outer loop
      vertex -29.9587 4.3989 70.4
      vertex -29.6433 5.23702 50.5
      vertex -29.6433 5.23702 70.4
    endloop
  endfacet
  facet normal 0.935923 -0.352205 0
    outer loop
      vertex -29.6433 5.23702 50.5
      vertex -29.9587 4.3989 70.4
      vertex -29.9587 4.3989 50.5
    endloop
  endfacet
  facet normal 0.881943 -0.471357 0
    outer loop
      vertex -29.2737 6.05272 70.4
      vertex -28.8516 6.8425 50.5
      vertex -28.8516 6.8425 70.4
    endloop
  endfacet
  facet normal 0.881943 -0.471357 0
    outer loop
      vertex -28.8516 6.8425 50.5
      vertex -29.2737 6.05272 70.4
      vertex -29.2737 6.05272 50.5
    endloop
  endfacet
  facet normal -0.849201 0.52807 0
    outer loop
      vertex -5.62134 -7.60298 50.5
      vertex -5.14844 -6.8425 70.4
      vertex -5.14844 -6.8425 50.5
    endloop
  endfacet
  facet normal -0.849201 0.52807 0
    outer loop
      vertex -5.14844 -6.8425 70.4
      vertex -5.62134 -7.60298 50.5
      vertex -5.62134 -7.60298 70.4
    endloop
  endfacet
  facet normal 0.773019 -0.634383 0
    outer loop
      vertex -27.857 8.3309 70.4
      vertex -27.2889 9.02315 50.5
      vertex -27.2889 9.02315 70.4
    endloop
  endfacet
  facet normal 0.773019 -0.634383 0
    outer loop
      vertex -27.2889 9.02315 50.5
      vertex -27.857 8.3309 70.4
      vertex -27.857 8.3309 50.5
    endloop
  endfacet
  facet normal -0.290317 -0.95693 0
    outer loop
      vertex -13.4581 13.2187 50.5
      vertex -12.6011 12.9587 70.4
      vertex -13.4581 13.2187 70.4
    endloop
  endfacet
  facet normal -0.290317 -0.95693 -0
    outer loop
      vertex -12.6011 12.9587 70.4
      vertex -13.4581 13.2187 50.5
      vertex -12.6011 12.9587 50.5
    endloop
  endfacet
  facet normal -0.910863 0.412708 0
    outer loop
      vertex -4.7263 -6.05272 50.5
      vertex -4.35671 -5.23702 70.4
      vertex -4.35671 -5.23702 50.5
    endloop
  endfacet
  facet normal -0.910863 0.412708 0
    outer loop
      vertex -4.35671 -5.23702 70.4
      vertex -4.7263 -6.05272 50.5
      vertex -4.7263 -6.05272 70.4
    endloop
  endfacet
  facet normal 0.881943 0.471357 0
    outer loop
      vertex -28.8516 -6.8425 70.4
      vertex -29.2737 -6.05272 50.5
      vertex -29.2737 -6.05272 70.4
    endloop
  endfacet
  facet normal 0.881943 0.471357 0
    outer loop
      vertex -29.2737 -6.05272 50.5
      vertex -28.8516 -6.8425 70.4
      vertex -28.8516 -6.8425 50.5
    endloop
  endfacet
  facet normal 0.999465 -0.0327184 0
    outer loop
      vertex -30.685 0 70.4
      vertex -30.6557 0.895041 50.5
      vertex -30.6557 0.895041 70.4
    endloop
  endfacet
  facet normal 0.999465 -0.0327184 0
    outer loop
      vertex -30.6557 0.895041 50.5
      vertex -30.685 0 70.4
      vertex -30.685 0 50.5
    endloop
  endfacet
  facet normal 0.849201 -0.52807 0
    outer loop
      vertex -28.8516 6.8425 70.4
      vertex -28.3787 7.60298 50.5
      vertex -28.3787 7.60298 70.4
    endloop
  endfacet
  facet normal 0.849201 -0.52807 0
    outer loop
      vertex -28.3787 7.60298 50.5
      vertex -28.8516 6.8425 70.4
      vertex -28.8516 6.8425 50.5
    endloop
  endfacet
  facet normal 0.412717 0.910859 -0
    outer loop
      vertex -22.237 -12.6433 50.5
      vertex -23.0527 -12.2737 70.4
      vertex -22.237 -12.6433 70.4
    endloop
  endfacet
  facet normal 0.412717 0.910859 0
    outer loop
      vertex -23.0527 -12.2737 70.4
      vertex -22.237 -12.6433 50.5
      vertex -23.0527 -12.2737 50.5
    endloop
  endfacet
  facet normal 0.675613 0.420126 0.605839
    outer loop
      vertex -29.5049 -8.09918 72
      vertex -28.3787 -7.60298 70.4
      vertex -28.8516 -6.8425 70.4
    endloop
  endfacet
  facet normal 0.6756 0.420151 0.605837
    outer loop
      vertex -28.3787 -7.60298 70.4
      vertex -29.5049 -8.09918 72
      vertex -29.3923 -8.28024 72
    endloop
  endfacet
  facet normal 0.280182 0.744612 0.605847
    outer loop
      vertex -21.7907 -14.1131 72
      vertex -21.3989 -12.9587 70.4
      vertex -22.504 -13.8447 72
    endloop
  endfacet
  facet normal -0.795161 -0.0260368 0.605839
    outer loop
      vertex -2.09595 0 72
      vertex -2.12089 0.761666 72
      vertex -3.315 0 70.4
    endloop
  endfacet
  facet normal -0.795163 -0.0260073 0.605838
    outer loop
      vertex -3.3443 0.895041 70.4
      vertex -2.12089 0.761666 72
      vertex -2.12786 0.974771 72
    endloop
  endfacet
  facet normal -0.795163 -0.0260304 0.605837
    outer loop
      vertex -2.12089 0.761666 72
      vertex -3.3443 0.895041 70.4
      vertex -3.315 0 70.4
    endloop
  endfacet
  facet normal -0.774802 0.180678 0.605837
    outer loop
      vertex -3.57795 -2.66981 70.4
      vertex -2.43075 -3.11528 72
      vertex -2.38233 -2.90764 72
    endloop
  endfacet
  facet normal -0.774807 0.180658 0.605835
    outer loop
      vertex -2.43075 -3.11528 72
      vertex -3.57795 -2.66981 70.4
      vertex -3.7813 -3.54194 70.4
    endloop
  endfacet
  facet normal 0.701669 -0.375008 0.60583
    outer loop
      vertex -29.2737 6.05272 70.4
      vertex -30.0078 7.26398 72
      vertex -30.367 6.59189 72
    endloop
  endfacet
  facet normal -0.646691 -0.463411 0.605839
    outer loop
      vertex -4.73193 8.45356 72
      vertex -5.17582 9.07301 72
      vertex -6.14296 8.3309 70.4
    endloop
  endfacet
  facet normal -0.724669 0.328353 0.605838
    outer loop
      vertex -3.63297 -6.59189 72
      vertex -3.31845 -5.89775 72
      vertex -4.7263 -6.05272 70.4
    endloop
  endfacet
  facet normal 0.614948 -0.504808 0.605812
    outer loop
      vertex -28.8242 9.07301 72
      vertex -27.2889 9.02315 70.4
      vertex -28.6889 9.23783 72
    endloop
  endfacet
  facet normal 0.614995 -0.5047 0.605854
    outer loop
      vertex -27.2889 9.02315 70.4
      vertex -28.8242 9.07301 72
      vertex -27.857 8.3309 70.4
    endloop
  endfacet
  facet normal -0.784961 0.1296 0.605838
    outer loop
      vertex -2.3476 -2.69726 72
      vertex -2.22346 -1.94537 72
      vertex -3.43208 -1.78625 70.4
    endloop
  endfacet
  facet normal 0.463239 -0.646745 0.605913
    outer loop
      vertex -25.3309 10.857 70.4
      vertex -25.2802 12.3923 72
      vertex -25.4536 12.2681 72
    endloop
  endfacet
  facet normal 0.463474 -0.64666 0.605824
    outer loop
      vertex -25.2802 12.3923 72
      vertex -25.3309 10.857 70.4
      vertex -24.603 11.3787 70.4
    endloop
  endfacet
  facet normal 0.504849 -0.614923 0.605802
    outer loop
      vertex -26.0231 10.2889 70.4
      vertex -26.073 11.8242 72
      vertex -26.2378 11.6889 72
    endloop
  endfacet
  facet normal 0.504723 -0.614979 0.605851
    outer loop
      vertex -26.073 11.8242 72
      vertex -26.0231 10.2889 70.4
      vertex -25.3309 10.857 70.4
    endloop
  endfacet
  facet normal 0.180701 0.774792 0.605842
    outer loop
      vertex -20.1153 -14.5693 72
      vertex -20.5419 -13.2187 70.4
      vertex -20.8575 -14.3962 72
    endloop
  endfacet
  facet normal 0.328314 0.724691 0.605832
    outer loop
      vertex -22.8977 -13.6815 72
      vertex -23.0527 -12.2737 70.4
      vertex -23.5919 -13.367 72
    endloop
  endfacet
  facet normal 0.701669 0.375008 0.60583
    outer loop
      vertex -30.0078 -7.26398 72
      vertex -29.2737 -6.05272 70.4
      vertex -30.367 -6.59189 72
    endloop
  endfacet
  facet normal -0.58069 0.54383 0.605845
    outer loop
      vertex -6.46125 -10.5388 72
      vertex -5.9403 -9.98254 72
      vertex -7.32324 -9.67676 70.4
    endloop
  endfacet
  facet normal -0.328381 0.724677 0.605813
    outer loop
      vertex -10.9473 -12.2737 70.4
      vertex -11.2965 -13.7695 72
      vertex -11.1023 -13.6815 72
    endloop
  endfacet
  facet normal -0.328358 0.72468 0.605821
    outer loop
      vertex -11.2965 -13.7695 72
      vertex -10.9473 -12.2737 70.4
      vertex -11.763 -12.6433 70.4
    endloop
  endfacet
  facet normal 0.744599 -0.280205 0.605852
    outer loop
      vertex -29.9587 4.3989 70.4
      vertex -30.8447 5.50398 72
      vertex -31.1131 4.79075 72
    endloop
  endfacet
  facet normal -0.675621 -0.420118 0.605836
    outer loop
      vertex -4.09272 7.45202 72
      vertex -4.49514 8.09918 72
      vertex -5.14844 6.8425 70.4
    endloop
  endfacet
  facet normal -0.180701 0.774792 0.605842
    outer loop
      vertex -13.1425 -14.3962 72
      vertex -13.4581 -13.2187 70.4
      vertex -13.8847 -14.5693 72
    endloop
  endfacet
  facet normal 0.615016 -0.504675 0.605854
    outer loop
      vertex -27.2889 9.02315 70.4
      vertex -28.2055 9.82692 72
      vertex -28.6889 9.23783 72
    endloop
  endfacet
  facet normal -0.420105 0.675634 0.605831
    outer loop
      vertex -9.54798 -12.9073 72
      vertex -8.90082 -12.5049 72
      vertex -10.1575 -11.8516 70.4
    endloop
  endfacet
  facet normal 0.744487 -0.280558 0.605827
    outer loop
      vertex -30.8447 5.50398 72
      vertex -29.6433 5.23702 70.4
      vertex -30.7695 5.70353 72
    endloop
  endfacet
  facet normal 0.744598 -0.280206 0.605853
    outer loop
      vertex -29.6433 5.23702 70.4
      vertex -30.8447 5.50398 72
      vertex -29.9587 4.3989 70.4
    endloop
  endfacet
  facet normal -0.614999 0.504713 0.605839
    outer loop
      vertex -6.71107 -9.02315 70.4
      vertex -5.17582 -9.07301 72
      vertex -6.14296 -8.3309 70.4
    endloop
  endfacet
  facet normal -0.614991 0.504731 0.605832
    outer loop
      vertex -5.17582 -9.07301 72
      vertex -6.71107 -9.02315 70.4
      vertex -5.31109 -9.23783 72
    endloop
  endfacet
  facet normal 0.724681 0.328349 0.605826
    outer loop
      vertex -29.2737 -6.05272 70.4
      vertex -30.7695 -5.70353 72
      vertex -30.6815 -5.89775 72
    endloop
  endfacet
  facet normal 0.724679 0.328358 0.605823
    outer loop
      vertex -30.7695 -5.70353 72
      vertex -29.2737 -6.05272 70.4
      vertex -29.6433 -5.23702 70.4
    endloop
  endfacet
  facet normal -0.795163 0.0260304 0.605837
    outer loop
      vertex -3.3443 -0.895041 70.4
      vertex -2.12089 -0.761666 72
      vertex -3.315 0 70.4
    endloop
  endfacet
  facet normal -0.795163 0.0260073 0.605838
    outer loop
      vertex -2.12089 -0.761666 72
      vertex -3.3443 -0.895041 70.4
      vertex -2.12786 -0.974771 72
    endloop
  endfacet
  facet normal 0.724683 0.328338 0.605829
    outer loop
      vertex -30.367 -6.59189 72
      vertex -29.2737 -6.05272 70.4
      vertex -30.6815 -5.89775 72
    endloop
  endfacet
  facet normal -0.795161 0.0260368 0.605839
    outer loop
      vertex -2.12089 -0.761666 72
      vertex -2.09595 0 72
      vertex -3.315 0 70.4
    endloop
  endfacet
  facet normal -0.280211 -0.744593 0.605857
    outer loop
      vertex -11.763 12.6433 70.4
      vertex -11.496 13.8447 72
      vertex -12.6011 12.9587 70.4
    endloop
  endfacet
  facet normal -0.28062 -0.744463 0.605827
    outer loop
      vertex -11.496 13.8447 72
      vertex -11.763 12.6433 70.4
      vertex -11.2965 13.7695 72
    endloop
  endfacet
  facet normal -0.646692 0.463413 0.605836
    outer loop
      vertex -6.14296 -8.3309 70.4
      vertex -4.60774 -8.28024 72
      vertex -5.62134 -7.60298 70.4
    endloop
  endfacet
  facet normal -0.646702 0.463385 0.605847
    outer loop
      vertex -4.60774 -8.28024 72
      vertex -6.14296 -8.3309 70.4
      vertex -4.73193 -8.45356 72
    endloop
  endfacet
  facet normal -0.231005 -0.761309 0.605842
    outer loop
      vertex -13.4581 13.2187 70.4
      vertex -12.9385 14.3343 72
      vertex -13.1425 14.3962 72
    endloop
  endfacet
  facet normal -0.230973 -0.761321 0.60584
    outer loop
      vertex -12.9385 14.3343 72
      vertex -13.4581 13.2187 70.4
      vertex -12.6011 12.9587 70.4
    endloop
  endfacet
  facet normal -0.077986 0.791762 0.605832
    outer loop
      vertex -15.0546 -14.7765 72
      vertex -15.2137 -13.5679 70.4
      vertex -15.813 -14.8512 72
    endloop
  endfacet
  facet normal 0.420255 -0.675542 0.605829
    outer loop
      vertex -24.603 11.3787 70.4
      vertex -25.0992 12.5049 72
      vertex -25.2802 12.3923 72
    endloop
  endfacet
  facet normal 0.420118 -0.675618 0.60584
    outer loop
      vertex -25.0992 12.5049 72
      vertex -24.603 11.3787 70.4
      vertex -23.8425 11.8516 70.4
    endloop
  endfacet
  facet normal -0.791756 0.0779857 0.605839
    outer loop
      vertex -3.3443 -0.895041 70.4
      vertex -2.14876 -1.18696 72
      vertex -2.12786 -0.974771 72
    endloop
  endfacet
  facet normal -0.791756 0.0779844 0.605838
    outer loop
      vertex -2.14876 -1.18696 72
      vertex -3.3443 -0.895041 70.4
      vertex -3.43208 -1.78625 70.4
    endloop
  endfacet
  facet normal -0.646691 0.463411 0.605839
    outer loop
      vertex -5.17582 -9.07301 72
      vertex -4.73193 -8.45356 72
      vertex -6.14296 -8.3309 70.4
    endloop
  endfacet
  facet normal -0.701648 0.375033 0.605839
    outer loop
      vertex -5.14844 -6.8425 70.4
      vertex -3.9922 -7.26398 72
      vertex -4.7263 -6.05272 70.4
    endloop
  endfacet
  facet normal -0.701631 0.375069 0.605836
    outer loop
      vertex -3.9922 -7.26398 72
      vertex -5.14844 -6.8425 70.4
      vertex -4.09272 -7.45202 72
    endloop
  endfacet
  facet normal 0.791766 -0.0779866 0.605826
    outer loop
      vertex -30.6557 0.895041 70.4
      vertex -31.8512 1.18696 72
      vertex -31.8721 0.974771 72
    endloop
  endfacet
  facet normal 0.791763 -0.0780028 0.605827
    outer loop
      vertex -31.8512 1.18696 72
      vertex -30.6557 0.895041 70.4
      vertex -30.5679 1.78625 70.4
    endloop
  endfacet
  facet normal -0.129559 0.784973 0.605832
    outer loop
      vertex -15.0546 -14.7765 72
      vertex -14.3027 -14.6524 72
      vertex -15.2137 -13.5679 70.4
    endloop
  endfacet
  facet normal 0.463436 -0.64666 0.605853
    outer loop
      vertex -25.3309 10.857 70.4
      vertex -25.4536 12.2681 72
      vertex -26.073 11.8242 72
    endloop
  endfacet
  facet normal -0.784964 0.129592 0.605836
    outer loop
      vertex -3.57795 -2.66981 70.4
      vertex -2.3476 -2.69726 72
      vertex -3.43208 -1.78625 70.4
    endloop
  endfacet
  facet normal -0.784965 0.129584 0.605837
    outer loop
      vertex -2.3476 -2.69726 72
      vertex -3.57795 -2.66981 70.4
      vertex -2.38233 -2.90764 72
    endloop
  endfacet
  facet normal 0.795174 0.0259954 0.605823
    outer loop
      vertex -31.8791 -0.761666 72
      vertex -30.685 0 70.4
      vertex -31.904 0 72
    endloop
  endfacet
  facet normal 0.784972 -0.12956 0.605833
    outer loop
      vertex -30.5679 1.78625 70.4
      vertex -31.6524 2.69726 72
      vertex -31.7765 1.94537 72
    endloop
  endfacet
  facet normal -0.744594 0.280249 0.605838
    outer loop
      vertex -4.35671 -5.23702 70.4
      vertex -3.15535 -5.50398 72
      vertex -4.04126 -4.3989 70.4
    endloop
  endfacet
  facet normal -0.74459 0.280261 0.605837
    outer loop
      vertex -3.15535 -5.50398 72
      vertex -4.35671 -5.23702 70.4
      vertex -3.23046 -5.70353 72
    endloop
  endfacet
  facet normal 0.0259943 0.795174 0.605823
    outer loop
      vertex -17 -14.904 72
      vertex -17 -13.685 70.4
      vertex -17.7617 -14.8791 72
    endloop
  endfacet
  facet normal -0.543827 0.580692 0.605846
    outer loop
      vertex -7.01746 -11.0597 72
      vertex -6.46125 -10.5388 72
      vertex -7.32324 -9.67676 70.4
    endloop
  endfacet
  facet normal -0.230973 0.761321 0.60584
    outer loop
      vertex -13.4581 -13.2187 70.4
      vertex -12.9385 -14.3343 72
      vertex -12.6011 -12.9587 70.4
    endloop
  endfacet
  facet normal -0.231005 0.761309 0.605842
    outer loop
      vertex -12.9385 -14.3343 72
      vertex -13.4581 -13.2187 70.4
      vertex -13.1425 -14.3962 72
    endloop
  endfacet
  facet normal -0.744597 0.280245 0.605837
    outer loop
      vertex -3.15535 -5.50398 72
      vertex -2.88691 -4.79075 72
      vertex -4.04126 -4.3989 70.4
    endloop
  endfacet
  facet normal 0.784949 0.129617 0.60585
    outer loop
      vertex -31.6524 -2.69726 72
      vertex -30.422 -2.66981 70.4
      vertex -30.5679 -1.78625 70.4
    endloop
  endfacet
  facet normal 0.784966 0.129472 0.60586
    outer loop
      vertex -30.422 -2.66981 70.4
      vertex -31.6524 -2.69726 72
      vertex -31.6177 -2.90764 72
    endloop
  endfacet
  facet normal 0.463436 0.64666 0.605853
    outer loop
      vertex -25.4536 -12.2681 72
      vertex -25.3309 -10.857 70.4
      vertex -26.073 -11.8242 72
    endloop
  endfacet
  facet normal 0.230945 0.761324 0.605847
    outer loop
      vertex -21.0615 -14.3343 72
      vertex -21.3989 -12.9587 70.4
      vertex -21.7907 -14.1131 72
    endloop
  endfacet
  facet normal -0.0779948 0.791763 0.605829
    outer loop
      vertex -16.105 -13.6557 70.4
      vertex -15.813 -14.8512 72
      vertex -15.2137 -13.5679 70.4
    endloop
  endfacet
  facet normal -0.0779825 0.791764 0.605828
    outer loop
      vertex -15.813 -14.8512 72
      vertex -16.105 -13.6557 70.4
      vertex -16.0252 -14.8721 72
    endloop
  endfacet
  facet normal -0.0260317 -0.795165 0.605834
    outer loop
      vertex -16.105 13.6557 70.4
      vertex -16.2383 14.8791 72
      vertex -17 13.685 70.4
    endloop
  endfacet
  facet normal -0.02612 -0.795167 0.605828
    outer loop
      vertex -16.2383 14.8791 72
      vertex -16.105 13.6557 70.4
      vertex -16.0252 14.8721 72
    endloop
  endfacet
  facet normal -0.504675 0.615016 0.605854
    outer loop
      vertex -7.76217 -11.6889 72
      vertex -7.17308 -11.2055 72
      vertex -7.97685 -10.2889 70.4
    endloop
  endfacet
  facet normal 0.463474 0.64666 0.605824
    outer loop
      vertex -25.3309 -10.857 70.4
      vertex -25.2802 -12.3923 72
      vertex -24.603 -11.3787 70.4
    endloop
  endfacet
  facet normal 0.463239 0.646745 0.605913
    outer loop
      vertex -25.2802 -12.3923 72
      vertex -25.3309 -10.857 70.4
      vertex -25.4536 -12.2681 72
    endloop
  endfacet
  facet normal -0.724673 0.328346 0.605837
    outer loop
      vertex -4.7263 -6.05272 70.4
      vertex -3.23046 -5.70353 72
      vertex -4.35671 -5.23702 70.4
    endloop
  endfacet
  facet normal -0.724678 0.32831 0.60585
    outer loop
      vertex -3.23046 -5.70353 72
      vertex -4.7263 -6.05272 70.4
      vertex -3.31845 -5.89775 72
    endloop
  endfacet
  facet normal -0.230945 -0.761324 0.605847
    outer loop
      vertex -12.6011 12.9587 70.4
      vertex -12.2093 14.1131 72
      vertex -12.9385 14.3343 72
    endloop
  endfacet
  facet normal 0.504723 0.614979 0.605851
    outer loop
      vertex -26.0231 -10.2889 70.4
      vertex -26.073 -11.8242 72
      vertex -25.3309 -10.857 70.4
    endloop
  endfacet
  facet normal 0.504849 0.614923 0.605802
    outer loop
      vertex -26.073 -11.8242 72
      vertex -26.0231 -10.2889 70.4
      vertex -26.2378 -11.6889 72
    endloop
  endfacet
  facet normal -0.615 0.504714 0.605837
    outer loop
      vertex -5.79454 -9.82692 72
      vertex -5.31109 -9.23783 72
      vertex -6.71107 -9.02315 70.4
    endloop
  endfacet
  facet normal -0.02612 0.795167 0.605828
    outer loop
      vertex -16.105 -13.6557 70.4
      vertex -16.2383 -14.8791 72
      vertex -16.0252 -14.8721 72
    endloop
  endfacet
  facet normal -0.0260317 0.795165 0.605834
    outer loop
      vertex -16.2383 -14.8791 72
      vertex -16.105 -13.6557 70.4
      vertex -17 -13.685 70.4
    endloop
  endfacet
  facet normal 0.180701 -0.774792 0.605842
    outer loop
      vertex -20.5419 13.2187 70.4
      vertex -20.1153 14.5693 72
      vertex -20.8575 14.3962 72
    endloop
  endfacet
  facet normal -0.580661 0.54387 0.605837
    outer loop
      vertex -6.71107 -9.02315 70.4
      vertex -5.9403 -9.98254 72
      vertex -5.79454 -9.82692 72
    endloop
  endfacet
  facet normal -0.580673 0.543858 0.605836
    outer loop
      vertex -5.9403 -9.98254 72
      vertex -6.71107 -9.02315 70.4
      vertex -7.32324 -9.67676 70.4
    endloop
  endfacet
  facet normal 0.328314 -0.724691 0.605832
    outer loop
      vertex -23.0527 12.2737 70.4
      vertex -22.8977 13.6815 72
      vertex -23.5919 13.367 72
    endloop
  endfacet
  facet normal -0.077986 -0.791762 0.605832
    outer loop
      vertex -15.2137 13.5679 70.4
      vertex -15.0546 14.7765 72
      vertex -15.813 14.8512 72
    endloop
  endfacet
  facet normal -0.504675 -0.615016 0.605854
    outer loop
      vertex -7.17308 11.2055 72
      vertex -7.76217 11.6889 72
      vertex -7.97685 10.2889 70.4
    endloop
  endfacet
  facet normal 0.580702 -0.543823 0.60584
    outer loop
      vertex -28.0597 9.98254 72
      vertex -27.2889 9.02315 70.4
      vertex -26.6768 9.67676 70.4
    endloop
  endfacet
  facet normal 0.580578 -0.543942 0.605851
    outer loop
      vertex -27.2889 9.02315 70.4
      vertex -28.0597 9.98254 72
      vertex -28.2055 9.82692 72
    endloop
  endfacet
  facet normal -0.504808 0.614948 0.605812
    outer loop
      vertex -7.97685 -10.2889 70.4
      vertex -7.92699 -11.8242 72
      vertex -7.76217 -11.6889 72
    endloop
  endfacet
  facet normal -0.5047 0.614995 0.605854
    outer loop
      vertex -7.92699 -11.8242 72
      vertex -7.97685 -10.2889 70.4
      vertex -8.6691 -10.857 70.4
    endloop
  endfacet
  facet normal -0.375011 0.701663 0.605834
    outer loop
      vertex -10.4081 -13.367 72
      vertex -9.73602 -13.0078 72
      vertex -10.9473 -12.2737 70.4
    endloop
  endfacet
  facet normal 0.0259943 -0.795174 0.605823
    outer loop
      vertex -17 13.685 70.4
      vertex -17 14.904 72
      vertex -17.7617 14.8791 72
    endloop
  endfacet
  facet normal 0.795167 -0.0261194 0.605827
    outer loop
      vertex -31.8791 0.761666 72
      vertex -30.6557 0.895041 70.4
      vertex -31.8721 0.974771 72
    endloop
  endfacet
  facet normal 0.795165 -0.0260305 0.605834
    outer loop
      vertex -30.6557 0.895041 70.4
      vertex -31.8791 0.761666 72
      vertex -30.685 0 70.4
    endloop
  endfacet
  facet normal 0.504667 -0.615017 0.60586
    outer loop
      vertex -26.0231 10.2889 70.4
      vertex -26.2378 11.6889 72
      vertex -26.8269 11.2055 72
    endloop
  endfacet
  facet normal 0.504667 0.615017 0.60586
    outer loop
      vertex -26.2378 -11.6889 72
      vertex -26.0231 -10.2889 70.4
      vertex -26.8269 -11.2055 72
    endloop
  endfacet
  facet normal 0.791761 0.0779849 0.605832
    outer loop
      vertex -31.7765 -1.94537 72
      vertex -30.5679 -1.78625 70.4
      vertex -31.8512 -1.18696 72
    endloop
  endfacet
  facet normal -0.675621 0.420118 0.605836
    outer loop
      vertex -4.49514 -8.09918 72
      vertex -4.09272 -7.45202 72
      vertex -5.14844 -6.8425 70.4
    endloop
  endfacet
  facet normal -0.375013 0.701666 0.60583
    outer loop
      vertex -10.1575 -11.8516 70.4
      vertex -9.73602 -13.0078 72
      vertex -9.54798 -12.9073 72
    endloop
  endfacet
  facet normal -0.375001 0.701672 0.60583
    outer loop
      vertex -9.73602 -13.0078 72
      vertex -10.1575 -11.8516 70.4
      vertex -10.9473 -12.2737 70.4
    endloop
  endfacet
  facet normal -0.12952 0.784958 0.605859
    outer loop
      vertex -14.3302 -13.422 70.4
      vertex -14.3027 -14.6524 72
      vertex -14.0924 -14.6177 72
    endloop
  endfacet
  facet normal -0.129625 0.784946 0.605852
    outer loop
      vertex -14.3027 -14.6524 72
      vertex -14.3302 -13.422 70.4
      vertex -15.2137 -13.5679 70.4
    endloop
  endfacet
  facet normal -0.761331 0.230949 0.605837
    outer loop
      vertex -2.88691 -4.79075 72
      vertex -2.66569 -4.06149 72
      vertex -4.04126 -4.3989 70.4
    endloop
  endfacet
  facet normal -0.375001 -0.701672 0.60583
    outer loop
      vertex -10.1575 11.8516 70.4
      vertex -9.73602 13.0078 72
      vertex -10.9473 12.2737 70.4
    endloop
  endfacet
  facet normal -0.375013 -0.701666 0.60583
    outer loop
      vertex -9.73602 13.0078 72
      vertex -10.1575 11.8516 70.4
      vertex -9.54798 12.9073 72
    endloop
  endfacet
  facet normal -0.463411 -0.646677 0.605855
    outer loop
      vertex -7.92699 11.8242 72
      vertex -8.54644 12.2681 72
      vertex -8.6691 10.857 70.4
    endloop
  endfacet
  facet normal -0.791756 0.0779845 0.605838
    outer loop
      vertex -2.22346 -1.94537 72
      vertex -2.14876 -1.18696 72
      vertex -3.43208 -1.78625 70.4
    endloop
  endfacet
  facet normal -0.328314 0.724691 0.605832
    outer loop
      vertex -10.4081 -13.367 72
      vertex -10.9473 -12.2737 70.4
      vertex -11.1023 -13.6815 72
    endloop
  endfacet
  facet normal -0.180616 0.774793 0.605866
    outer loop
      vertex -14.3302 -13.422 70.4
      vertex -13.8847 -14.5693 72
      vertex -13.4581 -13.2187 70.4
    endloop
  endfacet
  facet normal -0.180553 0.774812 0.605861
    outer loop
      vertex -13.8847 -14.5693 72
      vertex -14.3302 -13.422 70.4
      vertex -14.0924 -14.6177 72
    endloop
  endfacet
  facet normal -0.463411 0.646677 0.605855
    outer loop
      vertex -8.54644 -12.2681 72
      vertex -7.92699 -11.8242 72
      vertex -8.6691 -10.857 70.4
    endloop
  endfacet
  facet normal 0.784966 -0.129472 0.60586
    outer loop
      vertex -31.6524 2.69726 72
      vertex -30.422 2.66981 70.4
      vertex -31.6177 2.90764 72
    endloop
  endfacet
  facet normal 0.784949 -0.129617 0.60585
    outer loop
      vertex -30.422 2.66981 70.4
      vertex -31.6524 2.69726 72
      vertex -30.5679 1.78625 70.4
    endloop
  endfacet
  facet normal 0.129625 0.784946 0.605852
    outer loop
      vertex -19.6698 -13.422 70.4
      vertex -19.6973 -14.6524 72
      vertex -18.7863 -13.5679 70.4
    endloop
  endfacet
  facet normal 0.12952 0.784958 0.605859
    outer loop
      vertex -19.6973 -14.6524 72
      vertex -19.6698 -13.422 70.4
      vertex -19.9076 -14.6177 72
    endloop
  endfacet
  facet normal 0.791761 -0.0779849 0.605832
    outer loop
      vertex -30.5679 1.78625 70.4
      vertex -31.7765 1.94537 72
      vertex -31.8512 1.18696 72
    endloop
  endfacet
  facet normal 0.6756 -0.420151 0.605837
    outer loop
      vertex -29.5049 8.09918 72
      vertex -28.3787 7.60298 70.4
      vertex -29.3923 8.28024 72
    endloop
  endfacet
  facet normal 0.675613 -0.420126 0.605839
    outer loop
      vertex -28.3787 7.60298 70.4
      vertex -29.5049 8.09918 72
      vertex -28.8516 6.8425 70.4
    endloop
  endfacet
  facet normal -0.724678 -0.32831 0.60585
    outer loop
      vertex -4.7263 6.05272 70.4
      vertex -3.23046 5.70353 72
      vertex -3.31845 5.89775 72
    endloop
  endfacet
  facet normal -0.724673 -0.328346 0.605837
    outer loop
      vertex -3.23046 5.70353 72
      vertex -4.7263 6.05272 70.4
      vertex -4.35671 5.23702 70.4
    endloop
  endfacet
  facet normal -0.774807 0.18066 0.605835
    outer loop
      vertex -2.6038 -3.85745 72
      vertex -2.43075 -3.11528 72
      vertex -3.7813 -3.54194 70.4
    endloop
  endfacet
  facet normal -0.280182 -0.744612 0.605847
    outer loop
      vertex -11.496 13.8447 72
      vertex -12.2093 14.1131 72
      vertex -12.6011 12.9587 70.4
    endloop
  endfacet
  facet normal 0.675634 -0.420105 0.605831
    outer loop
      vertex -28.8516 6.8425 70.4
      vertex -29.5049 8.09918 72
      vertex -29.9073 7.45202 72
    endloop
  endfacet
  facet normal 0.375002 0.701668 0.605834
    outer loop
      vertex -23.5919 -13.367 72
      vertex -23.0527 -12.2737 70.4
      vertex -24.264 -13.0078 72
    endloop
  endfacet
  facet normal 0.724683 -0.328338 0.605829
    outer loop
      vertex -29.2737 6.05272 70.4
      vertex -30.367 6.59189 72
      vertex -30.6815 5.89775 72
    endloop
  endfacet
  facet normal 0.077986 0.791762 0.605832
    outer loop
      vertex -18.187 -14.8512 72
      vertex -18.7863 -13.5679 70.4
      vertex -18.9454 -14.7765 72
    endloop
  endfacet
  facet normal 0.761326 -0.230926 0.605852
    outer loop
      vertex -29.9587 4.3989 70.4
      vertex -31.1131 4.79075 72
      vertex -31.3343 4.06149 72
    endloop
  endfacet
  facet normal -0.0259943 0.795174 0.605823
    outer loop
      vertex -16.2383 -14.8791 72
      vertex -17 -13.685 70.4
      vertex -17 -14.904 72
    endloop
  endfacet
  facet normal 0.280182 -0.744612 0.605847
    outer loop
      vertex -21.3989 12.9587 70.4
      vertex -21.7907 14.1131 72
      vertex -22.504 13.8447 72
    endloop
  endfacet
  facet normal -0.0779825 -0.791764 0.605828
    outer loop
      vertex -16.105 13.6557 70.4
      vertex -15.813 14.8512 72
      vertex -16.0252 14.8721 72
    endloop
  endfacet
  facet normal -0.0779948 -0.791763 0.605829
    outer loop
      vertex -15.813 14.8512 72
      vertex -16.105 13.6557 70.4
      vertex -15.2137 13.5679 70.4
    endloop
  endfacet
  facet normal -0.761338 0.230931 0.605835
    outer loop
      vertex -3.7813 -3.54194 70.4
      vertex -2.66569 -4.06149 72
      vertex -2.6038 -3.85745 72
    endloop
  endfacet
  facet normal -0.76133 0.230951 0.605836
    outer loop
      vertex -2.66569 -4.06149 72
      vertex -3.7813 -3.54194 70.4
      vertex -4.04126 -4.3989 70.4
    endloop
  endfacet
  facet normal 0.791766 0.0779866 0.605826
    outer loop
      vertex -31.8512 -1.18696 72
      vertex -30.6557 -0.895041 70.4
      vertex -31.8721 -0.974771 72
    endloop
  endfacet
  facet normal 0.791763 0.0780028 0.605827
    outer loop
      vertex -30.6557 -0.895041 70.4
      vertex -31.8512 -1.18696 72
      vertex -30.5679 -1.78625 70.4
    endloop
  endfacet
  facet normal 0.795165 0.0260305 0.605834
    outer loop
      vertex -31.8791 -0.761666 72
      vertex -30.6557 -0.895041 70.4
      vertex -30.685 0 70.4
    endloop
  endfacet
  facet normal 0.795167 0.0261194 0.605827
    outer loop
      vertex -30.6557 -0.895041 70.4
      vertex -31.8791 -0.761666 72
      vertex -31.8721 -0.974771 72
    endloop
  endfacet
  facet normal -0.129559 -0.784973 0.605832
    outer loop
      vertex -14.3027 14.6524 72
      vertex -15.0546 14.7765 72
      vertex -15.2137 13.5679 70.4
    endloop
  endfacet
  facet normal 0.12952 -0.784958 0.605859
    outer loop
      vertex -19.6698 13.422 70.4
      vertex -19.6973 14.6524 72
      vertex -19.9076 14.6177 72
    endloop
  endfacet
  facet normal 0.129625 -0.784946 0.605852
    outer loop
      vertex -19.6973 14.6524 72
      vertex -19.6698 13.422 70.4
      vertex -18.7863 13.5679 70.4
    endloop
  endfacet
  facet normal 0.28062 -0.744463 0.605827
    outer loop
      vertex -22.237 12.6433 70.4
      vertex -22.504 13.8447 72
      vertex -22.7035 13.7695 72
    endloop
  endfacet
  facet normal 0.280211 -0.744593 0.605857
    outer loop
      vertex -22.504 13.8447 72
      vertex -22.237 12.6433 70.4
      vertex -21.3989 12.9587 70.4
    endloop
  endfacet
  facet normal -0.328358 -0.72468 0.605821
    outer loop
      vertex -10.9473 12.2737 70.4
      vertex -11.2965 13.7695 72
      vertex -11.763 12.6433 70.4
    endloop
  endfacet
  facet normal -0.328381 -0.724677 0.605813
    outer loop
      vertex -11.2965 13.7695 72
      vertex -10.9473 12.2737 70.4
      vertex -11.1023 13.6815 72
    endloop
  endfacet
  facet normal 0.231005 0.761309 0.605842
    outer loop
      vertex -20.5419 -13.2187 70.4
      vertex -21.0615 -14.3343 72
      vertex -20.8575 -14.3962 72
    endloop
  endfacet
  facet normal 0.230973 0.761321 0.60584
    outer loop
      vertex -21.0615 -14.3343 72
      vertex -20.5419 -13.2187 70.4
      vertex -21.3989 -12.9587 70.4
    endloop
  endfacet
  facet normal 0.795174 -0.0259954 0.605823
    outer loop
      vertex -30.685 0 70.4
      vertex -31.8791 0.761666 72
      vertex -31.904 0 72
    endloop
  endfacet
  facet normal 0.02612 -0.795167 0.605828
    outer loop
      vertex -17.895 13.6557 70.4
      vertex -17.7617 14.8791 72
      vertex -17.9748 14.8721 72
    endloop
  endfacet
  facet normal 0.0260317 -0.795165 0.605834
    outer loop
      vertex -17.7617 14.8791 72
      vertex -17.895 13.6557 70.4
      vertex -17 13.685 70.4
    endloop
  endfacet
  facet normal 0.0779948 -0.791763 0.605829
    outer loop
      vertex -17.895 13.6557 70.4
      vertex -18.187 14.8512 72
      vertex -18.7863 13.5679 70.4
    endloop
  endfacet
  facet normal 0.0779825 -0.791764 0.605828
    outer loop
      vertex -18.187 14.8512 72
      vertex -17.895 13.6557 70.4
      vertex -17.9748 14.8721 72
    endloop
  endfacet
  facet normal 0.744599 0.280205 0.605852
    outer loop
      vertex -30.8447 -5.50398 72
      vertex -29.9587 -4.3989 70.4
      vertex -31.1131 -4.79075 72
    endloop
  endfacet
  facet normal 0.543976 -0.58054 0.605857
    outer loop
      vertex -26.9825 11.0597 72
      vertex -26.0231 10.2889 70.4
      vertex -26.8269 11.2055 72
    endloop
  endfacet
  facet normal 0.543802 -0.580722 0.60584
    outer loop
      vertex -26.0231 10.2889 70.4
      vertex -26.9825 11.0597 72
      vertex -26.6768 9.67676 70.4
    endloop
  endfacet
  facet normal -0.230945 0.761324 0.605847
    outer loop
      vertex -12.2093 -14.1131 72
      vertex -12.6011 -12.9587 70.4
      vertex -12.9385 -14.3343 72
    endloop
  endfacet
  facet normal -0.543841 0.580684 0.605841
    outer loop
      vertex -7.97685 -10.2889 70.4
      vertex -7.01746 -11.0597 72
      vertex -7.32324 -9.67676 70.4
    endloop
  endfacet
  facet normal -0.543942 0.580578 0.605851
    outer loop
      vertex -7.01746 -11.0597 72
      vertex -7.97685 -10.2889 70.4
      vertex -7.17308 -11.2055 72
    endloop
  endfacet
  facet normal 0.646677 0.463411 0.605855
    outer loop
      vertex -28.8242 -9.07301 72
      vertex -27.857 -8.3309 70.4
      vertex -29.2681 -8.45356 72
    endloop
  endfacet
  facet normal -0.420134 0.675609 0.605838
    outer loop
      vertex -9.39702 -11.3787 70.4
      vertex -8.90082 -12.5049 72
      vertex -8.71975 -12.3923 72
    endloop
  endfacet
  facet normal -0.420126 0.675613 0.605839
    outer loop
      vertex -8.90082 -12.5049 72
      vertex -9.39702 -11.3787 70.4
      vertex -10.1575 -11.8516 70.4
    endloop
  endfacet
  facet normal -0.463426 0.64667 0.60585
    outer loop
      vertex -8.6691 -10.857 70.4
      vertex -8.71975 -12.3923 72
      vertex -8.54644 -12.2681 72
    endloop
  endfacet
  facet normal -0.463459 0.646658 0.605837
    outer loop
      vertex -8.71975 -12.3923 72
      vertex -8.6691 -10.857 70.4
      vertex -9.39702 -11.3787 70.4
    endloop
  endfacet
  facet normal 0.543802 0.580722 0.60584
    outer loop
      vertex -26.9825 -11.0597 72
      vertex -26.0231 -10.2889 70.4
      vertex -26.6768 -9.67676 70.4
    endloop
  endfacet
  facet normal 0.543976 0.58054 0.605857
    outer loop
      vertex -26.0231 -10.2889 70.4
      vertex -26.9825 -11.0597 72
      vertex -26.8269 -11.2055 72
    endloop
  endfacet
  facet normal 0.230945 -0.761324 0.605847
    outer loop
      vertex -21.3989 12.9587 70.4
      vertex -21.0615 14.3343 72
      vertex -21.7907 14.1131 72
    endloop
  endfacet
  facet normal 0.375002 -0.701668 0.605834
    outer loop
      vertex -23.0527 12.2737 70.4
      vertex -23.5919 13.367 72
      vertex -24.264 13.0078 72
    endloop
  endfacet
  facet normal 0.129559 0.784973 0.605832
    outer loop
      vertex -18.9454 -14.7765 72
      vertex -18.7863 -13.5679 70.4
      vertex -19.6973 -14.6524 72
    endloop
  endfacet
  facet normal 0.580702 0.543823 0.60584
    outer loop
      vertex -27.2889 -9.02315 70.4
      vertex -28.0597 -9.98254 72
      vertex -26.6768 -9.67676 70.4
    endloop
  endfacet
  facet normal 0.580578 0.543942 0.605851
    outer loop
      vertex -28.0597 -9.98254 72
      vertex -27.2889 -9.02315 70.4
      vertex -28.2055 -9.82692 72
    endloop
  endfacet
  facet normal -0.70165 0.37503 0.605838
    outer loop
      vertex -3.9922 -7.26398 72
      vertex -3.63297 -6.59189 72
      vertex -4.7263 -6.05272 70.4
    endloop
  endfacet
  facet normal -0.675613 0.420126 0.605839
    outer loop
      vertex -5.62134 -7.60298 70.4
      vertex -4.49514 -8.09918 72
      vertex -5.14844 -6.8425 70.4
    endloop
  endfacet
  facet normal -0.6756 0.420151 0.605837
    outer loop
      vertex -4.49514 -8.09918 72
      vertex -5.62134 -7.60298 70.4
      vertex -4.60774 -8.28024 72
    endloop
  endfacet
  facet normal -0.0259943 -0.795174 0.605823
    outer loop
      vertex -16.2383 14.8791 72
      vertex -17 14.904 72
      vertex -17 13.685 70.4
    endloop
  endfacet
  facet normal -0.543942 -0.580578 0.605851
    outer loop
      vertex -7.97685 10.2889 70.4
      vertex -7.01746 11.0597 72
      vertex -7.17308 11.2055 72
    endloop
  endfacet
  facet normal -0.543841 -0.580684 0.605841
    outer loop
      vertex -7.01746 11.0597 72
      vertex -7.97685 10.2889 70.4
      vertex -7.32324 9.67676 70.4
    endloop
  endfacet
  facet normal -0.28062 0.744463 0.605827
    outer loop
      vertex -11.763 -12.6433 70.4
      vertex -11.496 -13.8447 72
      vertex -11.2965 -13.7695 72
    endloop
  endfacet
  facet normal -0.280211 0.744593 0.605857
    outer loop
      vertex -11.496 -13.8447 72
      vertex -11.763 -12.6433 70.4
      vertex -12.6011 -12.9587 70.4
    endloop
  endfacet
  facet normal 0.375 0.70167 0.605833
    outer loop
      vertex -23.8425 -11.8516 70.4
      vertex -24.264 -13.0078 72
      vertex -23.0527 -12.2737 70.4
    endloop
  endfacet
  facet normal 0.375076 0.701634 0.605828
    outer loop
      vertex -24.264 -13.0078 72
      vertex -23.8425 -11.8516 70.4
      vertex -24.452 -12.9073 72
    endloop
  endfacet
  facet normal -0.129625 -0.784946 0.605852
    outer loop
      vertex -14.3302 13.422 70.4
      vertex -14.3027 14.6524 72
      vertex -15.2137 13.5679 70.4
    endloop
  endfacet
  facet normal -0.12952 -0.784958 0.605859
    outer loop
      vertex -14.3027 14.6524 72
      vertex -14.3302 13.422 70.4
      vertex -14.0924 14.6177 72
    endloop
  endfacet
  facet normal 0.701669 0.375009 0.60583
    outer loop
      vertex -30.0078 -7.26398 72
      vertex -28.8516 -6.8425 70.4
      vertex -29.2737 -6.05272 70.4
    endloop
  endfacet
  facet normal 0.701666 0.375013 0.60583
    outer loop
      vertex -28.8516 -6.8425 70.4
      vertex -30.0078 -7.26398 72
      vertex -29.9073 -7.45202 72
    endloop
  endfacet
  facet normal 0.0779825 0.791764 0.605828
    outer loop
      vertex -17.895 -13.6557 70.4
      vertex -18.187 -14.8512 72
      vertex -17.9748 -14.8721 72
    endloop
  endfacet
  facet normal 0.0779948 0.791763 0.605829
    outer loop
      vertex -18.187 -14.8512 72
      vertex -17.895 -13.6557 70.4
      vertex -18.7863 -13.5679 70.4
    endloop
  endfacet
  facet normal 0.0260317 0.795165 0.605834
    outer loop
      vertex -17.895 -13.6557 70.4
      vertex -17.7617 -14.8791 72
      vertex -17 -13.685 70.4
    endloop
  endfacet
  facet normal 0.02612 0.795167 0.605828
    outer loop
      vertex -17.7617 -14.8791 72
      vertex -17.895 -13.6557 70.4
      vertex -17.9748 -14.8721 72
    endloop
  endfacet
  facet normal 0.784972 0.12956 0.605833
    outer loop
      vertex -31.6524 -2.69726 72
      vertex -30.5679 -1.78625 70.4
      vertex -31.7765 -1.94537 72
    endloop
  endfacet
  facet normal -0.420126 -0.675613 0.605839
    outer loop
      vertex -9.39702 11.3787 70.4
      vertex -8.90082 12.5049 72
      vertex -10.1575 11.8516 70.4
    endloop
  endfacet
  facet normal -0.420134 -0.675609 0.605838
    outer loop
      vertex -8.90082 12.5049 72
      vertex -9.39702 11.3787 70.4
      vertex -8.71975 12.3923 72
    endloop
  endfacet
  facet normal 0.744598 0.280206 0.605853
    outer loop
      vertex -30.8447 -5.50398 72
      vertex -29.6433 -5.23702 70.4
      vertex -29.9587 -4.3989 70.4
    endloop
  endfacet
  facet normal 0.744487 0.280558 0.605827
    outer loop
      vertex -29.6433 -5.23702 70.4
      vertex -30.8447 -5.50398 72
      vertex -30.7695 -5.70353 72
    endloop
  endfacet
  facet normal 0.774799 0.180602 0.605862
    outer loop
      vertex -31.5693 -3.11528 72
      vertex -30.422 -2.66981 70.4
      vertex -31.6177 -2.90764 72
    endloop
  endfacet
  facet normal 0.774797 0.180611 0.605863
    outer loop
      vertex -30.422 -2.66981 70.4
      vertex -31.5693 -3.11528 72
      vertex -30.2187 -3.54194 70.4
    endloop
  endfacet
  facet normal 0.420087 0.675647 0.605828
    outer loop
      vertex -24.452 -12.9073 72
      vertex -23.8425 -11.8516 70.4
      vertex -25.0992 -12.5049 72
    endloop
  endfacet
  facet normal 0.420118 0.675618 0.60584
    outer loop
      vertex -24.603 -11.3787 70.4
      vertex -25.0992 -12.5049 72
      vertex -23.8425 -11.8516 70.4
    endloop
  endfacet
  facet normal 0.420255 0.675542 0.605829
    outer loop
      vertex -25.0992 -12.5049 72
      vertex -24.603 -11.3787 70.4
      vertex -25.2802 -12.3923 72
    endloop
  endfacet
  facet normal 0.761328 0.230965 0.605834
    outer loop
      vertex -31.3343 -4.06149 72
      vertex -30.2187 -3.54194 70.4
      vertex -31.3962 -3.85745 72
    endloop
  endfacet
  facet normal 0.761321 0.230983 0.605836
    outer loop
      vertex -30.2187 -3.54194 70.4
      vertex -31.3343 -4.06149 72
      vertex -29.9587 -4.3989 70.4
    endloop
  endfacet
  facet normal -0.70165 -0.37503 0.605838
    outer loop
      vertex -3.63297 6.59189 72
      vertex -3.9922 7.26398 72
      vertex -4.7263 6.05272 70.4
    endloop
  endfacet
  facet normal -0.5047 -0.614995 0.605854
    outer loop
      vertex -7.97685 10.2889 70.4
      vertex -7.92699 11.8242 72
      vertex -8.6691 10.857 70.4
    endloop
  endfacet
  facet normal -0.504808 -0.614948 0.605812
    outer loop
      vertex -7.92699 11.8242 72
      vertex -7.97685 10.2889 70.4
      vertex -7.76217 11.6889 72
    endloop
  endfacet
  facet normal -0.791756 -0.0779845 0.605838
    outer loop
      vertex -2.14876 1.18696 72
      vertex -2.22346 1.94537 72
      vertex -3.43208 1.78625 70.4
    endloop
  endfacet
  facet normal 0.646677 -0.463411 0.605855
    outer loop
      vertex -27.857 8.3309 70.4
      vertex -28.8242 9.07301 72
      vertex -29.2681 8.45356 72
    endloop
  endfacet
  facet normal 0.646679 -0.463406 0.605856
    outer loop
      vertex -29.3923 8.28024 72
      vertex -27.857 8.3309 70.4
      vertex -29.2681 8.45356 72
    endloop
  endfacet
  facet normal 0.646659 -0.46346 0.605835
    outer loop
      vertex -27.857 8.3309 70.4
      vertex -29.3923 8.28024 72
      vertex -28.3787 7.60298 70.4
    endloop
  endfacet
  facet normal 0.761326 0.230926 0.605852
    outer loop
      vertex -31.1131 -4.79075 72
      vertex -29.9587 -4.3989 70.4
      vertex -31.3343 -4.06149 72
    endloop
  endfacet
  facet normal 0.701666 -0.375013 0.60583
    outer loop
      vertex -30.0078 7.26398 72
      vertex -28.8516 6.8425 70.4
      vertex -29.9073 7.45202 72
    endloop
  endfacet
  facet normal 0.701669 -0.375009 0.60583
    outer loop
      vertex -28.8516 6.8425 70.4
      vertex -30.0078 7.26398 72
      vertex -29.2737 6.05272 70.4
    endloop
  endfacet
  facet normal -0.420105 -0.675634 0.605831
    outer loop
      vertex -8.90082 12.5049 72
      vertex -9.54798 12.9073 72
      vertex -10.1575 11.8516 70.4
    endloop
  endfacet
  facet normal 0.230973 -0.761321 0.60584
    outer loop
      vertex -20.5419 13.2187 70.4
      vertex -21.0615 14.3343 72
      vertex -21.3989 12.9587 70.4
    endloop
  endfacet
  facet normal 0.231005 -0.761309 0.605842
    outer loop
      vertex -21.0615 14.3343 72
      vertex -20.5419 13.2187 70.4
      vertex -20.8575 14.3962 72
    endloop
  endfacet
  facet normal -0.543827 -0.580692 0.605846
    outer loop
      vertex -6.46125 10.5388 72
      vertex -7.01746 11.0597 72
      vertex -7.32324 9.67676 70.4
    endloop
  endfacet
  facet normal 0.646659 0.46346 0.605835
    outer loop
      vertex -29.3923 -8.28024 72
      vertex -27.857 -8.3309 70.4
      vertex -28.3787 -7.60298 70.4
    endloop
  endfacet
  facet normal 0.646679 0.463406 0.605856
    outer loop
      vertex -27.857 -8.3309 70.4
      vertex -29.3923 -8.28024 72
      vertex -29.2681 -8.45356 72
    endloop
  endfacet
  facet normal 0.54378 0.580735 0.605847
    outer loop
      vertex -26.9825 -11.0597 72
      vertex -26.6768 -9.67676 70.4
      vertex -27.5388 -10.5388 72
    endloop
  endfacet
  facet normal -0.463459 -0.646658 0.605837
    outer loop
      vertex -8.6691 10.857 70.4
      vertex -8.71975 12.3923 72
      vertex -9.39702 11.3787 70.4
    endloop
  endfacet
  facet normal -0.463426 -0.64667 0.60585
    outer loop
      vertex -8.71975 12.3923 72
      vertex -8.6691 10.857 70.4
      vertex -8.54644 12.2681 72
    endloop
  endfacet
  facet normal 0.328358 0.72468 0.605821
    outer loop
      vertex -23.0527 -12.2737 70.4
      vertex -22.7035 -13.7695 72
      vertex -22.237 -12.6433 70.4
    endloop
  endfacet
  facet normal 0.328381 0.724677 0.605813
    outer loop
      vertex -22.7035 -13.7695 72
      vertex -23.0527 -12.2737 70.4
      vertex -22.8977 -13.6815 72
    endloop
  endfacet
  facet normal 0.774795 0.180709 0.605836
    outer loop
      vertex -31.3962 -3.85745 72
      vertex -30.2187 -3.54194 70.4
      vertex -31.5693 -3.11528 72
    endloop
  endfacet
  facet normal 0.328381 -0.724677 0.605813
    outer loop
      vertex -23.0527 12.2737 70.4
      vertex -22.7035 13.7695 72
      vertex -22.8977 13.6815 72
    endloop
  endfacet
  facet normal 0.328358 -0.72468 0.605821
    outer loop
      vertex -22.7035 13.7695 72
      vertex -23.0527 12.2737 70.4
      vertex -22.237 12.6433 70.4
    endloop
  endfacet
  facet normal 0.077986 -0.791762 0.605832
    outer loop
      vertex -18.7863 13.5679 70.4
      vertex -18.187 14.8512 72
      vertex -18.9454 14.7765 72
    endloop
  endfacet
  facet normal 0.129559 -0.784973 0.605832
    outer loop
      vertex -18.7863 13.5679 70.4
      vertex -18.9454 14.7765 72
      vertex -19.6973 14.6524 72
    endloop
  endfacet
  facet normal -0.6756 -0.420151 0.605837
    outer loop
      vertex -5.62134 7.60298 70.4
      vertex -4.49514 8.09918 72
      vertex -4.60774 8.28024 72
    endloop
  endfacet
  facet normal -0.675613 -0.420126 0.605839
    outer loop
      vertex -4.49514 8.09918 72
      vertex -5.62134 7.60298 70.4
      vertex -5.14844 6.8425 70.4
    endloop
  endfacet
  facet normal 0.580715 -0.543801 0.605847
    outer loop
      vertex -26.6768 9.67676 70.4
      vertex -27.5388 10.5388 72
      vertex -28.0597 9.98254 72
    endloop
  endfacet
  facet normal 0.614995 0.5047 0.605854
    outer loop
      vertex -28.8242 -9.07301 72
      vertex -27.2889 -9.02315 70.4
      vertex -27.857 -8.3309 70.4
    endloop
  endfacet
  facet normal 0.614948 0.504808 0.605812
    outer loop
      vertex -27.2889 -9.02315 70.4
      vertex -28.8242 -9.07301 72
      vertex -28.6889 -9.23783 72
    endloop
  endfacet
  facet normal 0.180553 0.774812 0.605861
    outer loop
      vertex -19.6698 -13.422 70.4
      vertex -20.1153 -14.5693 72
      vertex -19.9076 -14.6177 72
    endloop
  endfacet
  facet normal 0.180616 0.774793 0.605866
    outer loop
      vertex -20.1153 -14.5693 72
      vertex -19.6698 -13.422 70.4
      vertex -20.5419 -13.2187 70.4
    endloop
  endfacet
  facet normal 0.180616 -0.774793 0.605866
    outer loop
      vertex -19.6698 13.422 70.4
      vertex -20.1153 14.5693 72
      vertex -20.5419 13.2187 70.4
    endloop
  endfacet
  facet normal 0.180553 -0.774812 0.605861
    outer loop
      vertex -20.1153 14.5693 72
      vertex -19.6698 13.422 70.4
      vertex -19.9076 14.6177 72
    endloop
  endfacet
  facet normal -0.180553 -0.774812 0.605861
    outer loop
      vertex -14.3302 13.422 70.4
      vertex -13.8847 14.5693 72
      vertex -14.0924 14.6177 72
    endloop
  endfacet
  facet normal -0.180616 -0.774793 0.605866
    outer loop
      vertex -13.8847 14.5693 72
      vertex -14.3302 13.422 70.4
      vertex -13.4581 13.2187 70.4
    endloop
  endfacet
  facet normal 0.280211 0.744593 0.605857
    outer loop
      vertex -22.237 -12.6433 70.4
      vertex -22.504 -13.8447 72
      vertex -21.3989 -12.9587 70.4
    endloop
  endfacet
  facet normal 0.28062 0.744463 0.605827
    outer loop
      vertex -22.504 -13.8447 72
      vertex -22.237 -12.6433 70.4
      vertex -22.7035 -13.7695 72
    endloop
  endfacet
  facet normal -0.180701 -0.774792 0.605842
    outer loop
      vertex -13.4581 13.2187 70.4
      vertex -13.1425 14.3962 72
      vertex -13.8847 14.5693 72
    endloop
  endfacet
  facet normal -0.328314 -0.724691 0.605832
    outer loop
      vertex -10.9473 12.2737 70.4
      vertex -10.4081 13.367 72
      vertex -11.1023 13.6815 72
    endloop
  endfacet
  facet normal -0.280182 0.744612 0.605847
    outer loop
      vertex -12.2093 -14.1131 72
      vertex -11.496 -13.8447 72
      vertex -12.6011 -12.9587 70.4
    endloop
  endfacet
  facet normal -0.58069 -0.54383 0.605845
    outer loop
      vertex -5.9403 9.98254 72
      vertex -6.46125 10.5388 72
      vertex -7.32324 9.67676 70.4
    endloop
  endfacet
  facet normal -0.724669 -0.328353 0.605838
    outer loop
      vertex -3.31845 5.89775 72
      vertex -3.63297 6.59189 72
      vertex -4.7263 6.05272 70.4
    endloop
  endfacet
  facet normal -0.784961 -0.1296 0.605838
    outer loop
      vertex -2.22346 1.94537 72
      vertex -2.3476 2.69726 72
      vertex -3.43208 1.78625 70.4
    endloop
  endfacet
  facet normal -0.614991 -0.504731 0.605832
    outer loop
      vertex -6.71107 9.02315 70.4
      vertex -5.17582 9.07301 72
      vertex -5.31109 9.23783 72
    endloop
  endfacet
  facet normal -0.614999 -0.504713 0.605839
    outer loop
      vertex -5.17582 9.07301 72
      vertex -6.71107 9.02315 70.4
      vertex -6.14296 8.3309 70.4
    endloop
  endfacet
  facet normal -0.76133 -0.230951 0.605836
    outer loop
      vertex -3.7813 3.54194 70.4
      vertex -2.66569 4.06149 72
      vertex -4.04126 4.3989 70.4
    endloop
  endfacet
  facet normal -0.761338 -0.230931 0.605835
    outer loop
      vertex -2.66569 4.06149 72
      vertex -3.7813 3.54194 70.4
      vertex -2.6038 3.85745 72
    endloop
  endfacet
  facet normal -0.774807 -0.18066 0.605835
    outer loop
      vertex -2.43075 3.11528 72
      vertex -2.6038 3.85745 72
      vertex -3.7813 3.54194 70.4
    endloop
  endfacet
  facet normal -0.701631 -0.375069 0.605836
    outer loop
      vertex -5.14844 6.8425 70.4
      vertex -3.9922 7.26398 72
      vertex -4.09272 7.45202 72
    endloop
  endfacet
  facet normal -0.701648 -0.375033 0.605839
    outer loop
      vertex -3.9922 7.26398 72
      vertex -5.14844 6.8425 70.4
      vertex -4.7263 6.05272 70.4
    endloop
  endfacet
  facet normal 0.724681 -0.328349 0.605826
    outer loop
      vertex -30.7695 5.70353 72
      vertex -29.2737 6.05272 70.4
      vertex -30.6815 5.89775 72
    endloop
  endfacet
  facet normal 0.724679 -0.328358 0.605823
    outer loop
      vertex -29.2737 6.05272 70.4
      vertex -30.7695 5.70353 72
      vertex -29.6433 5.23702 70.4
    endloop
  endfacet
  facet normal -0.375011 -0.701663 0.605834
    outer loop
      vertex -9.73602 13.0078 72
      vertex -10.4081 13.367 72
      vertex -10.9473 12.2737 70.4
    endloop
  endfacet
  facet normal 0.774799 -0.180602 0.605862
    outer loop
      vertex -30.422 2.66981 70.4
      vertex -31.5693 3.11528 72
      vertex -31.6177 2.90764 72
    endloop
  endfacet
  facet normal 0.774797 -0.180611 0.605863
    outer loop
      vertex -31.5693 3.11528 72
      vertex -30.422 2.66981 70.4
      vertex -30.2187 3.54194 70.4
    endloop
  endfacet
  facet normal -0.74459 -0.280261 0.605837
    outer loop
      vertex -4.35671 5.23702 70.4
      vertex -3.15535 5.50398 72
      vertex -3.23046 5.70353 72
    endloop
  endfacet
  facet normal -0.744594 -0.280249 0.605838
    outer loop
      vertex -3.15535 5.50398 72
      vertex -4.35671 5.23702 70.4
      vertex -4.04126 4.3989 70.4
    endloop
  endfacet
  facet normal 0.761328 -0.230965 0.605834
    outer loop
      vertex -30.2187 3.54194 70.4
      vertex -31.3343 4.06149 72
      vertex -31.3962 3.85745 72
    endloop
  endfacet
  facet normal 0.761321 -0.230983 0.605836
    outer loop
      vertex -31.3343 4.06149 72
      vertex -30.2187 3.54194 70.4
      vertex -29.9587 4.3989 70.4
    endloop
  endfacet
  facet normal 0.54378 -0.580735 0.605847
    outer loop
      vertex -26.6768 9.67676 70.4
      vertex -26.9825 11.0597 72
      vertex -27.5388 10.5388 72
    endloop
  endfacet
  facet normal 0.615016 0.504675 0.605854
    outer loop
      vertex -28.2055 -9.82692 72
      vertex -27.2889 -9.02315 70.4
      vertex -28.6889 -9.23783 72
    endloop
  endfacet
  facet normal 0.580715 0.543801 0.605847
    outer loop
      vertex -27.5388 -10.5388 72
      vertex -26.6768 -9.67676 70.4
      vertex -28.0597 -9.98254 72
    endloop
  endfacet
  facet normal -0.646702 -0.463385 0.605847
    outer loop
      vertex -6.14296 8.3309 70.4
      vertex -4.60774 8.28024 72
      vertex -4.73193 8.45356 72
    endloop
  endfacet
  facet normal -0.646692 -0.463413 0.605836
    outer loop
      vertex -4.60774 8.28024 72
      vertex -6.14296 8.3309 70.4
      vertex -5.62134 7.60298 70.4
    endloop
  endfacet
  facet normal 0.675634 0.420105 0.605831
    outer loop
      vertex -29.5049 -8.09918 72
      vertex -28.8516 -6.8425 70.4
      vertex -29.9073 -7.45202 72
    endloop
  endfacet
  facet normal -0.615 -0.504714 0.605837
    outer loop
      vertex -5.31109 9.23783 72
      vertex -5.79454 9.82692 72
      vertex -6.71107 9.02315 70.4
    endloop
  endfacet
  facet normal -0.580661 -0.54387 0.605837
    outer loop
      vertex -5.9403 9.98254 72
      vertex -6.71107 9.02315 70.4
      vertex -5.79454 9.82692 72
    endloop
  endfacet
  facet normal -0.580673 -0.543858 0.605836
    outer loop
      vertex -6.71107 9.02315 70.4
      vertex -5.9403 9.98254 72
      vertex -7.32324 9.67676 70.4
    endloop
  endfacet
  facet normal 0.774795 -0.180709 0.605836
    outer loop
      vertex -30.2187 3.54194 70.4
      vertex -31.3962 3.85745 72
      vertex -31.5693 3.11528 72
    endloop
  endfacet
  facet normal -0.761331 -0.230949 0.605837
    outer loop
      vertex -2.66569 4.06149 72
      vertex -2.88691 4.79075 72
      vertex -4.04126 4.3989 70.4
    endloop
  endfacet
  facet normal 0.420087 -0.675647 0.605828
    outer loop
      vertex -23.8425 11.8516 70.4
      vertex -24.452 12.9073 72
      vertex -25.0992 12.5049 72
    endloop
  endfacet
  facet normal 0.375076 -0.701634 0.605828
    outer loop
      vertex -23.8425 11.8516 70.4
      vertex -24.264 13.0078 72
      vertex -24.452 12.9073 72
    endloop
  endfacet
  facet normal 0.375 -0.70167 0.605833
    outer loop
      vertex -24.264 13.0078 72
      vertex -23.8425 11.8516 70.4
      vertex -23.0527 12.2737 70.4
    endloop
  endfacet
  facet normal -0.774807 -0.180658 0.605835
    outer loop
      vertex -3.57795 2.66981 70.4
      vertex -2.43075 3.11528 72
      vertex -3.7813 3.54194 70.4
    endloop
  endfacet
  facet normal -0.774802 -0.180678 0.605837
    outer loop
      vertex -2.43075 3.11528 72
      vertex -3.57795 2.66981 70.4
      vertex -2.38233 2.90764 72
    endloop
  endfacet
  facet normal -0.744597 -0.280245 0.605837
    outer loop
      vertex -2.88691 4.79075 72
      vertex -3.15535 5.50398 72
      vertex -4.04126 4.3989 70.4
    endloop
  endfacet
  facet normal -0.791756 -0.0779844 0.605838
    outer loop
      vertex -3.3443 0.895041 70.4
      vertex -2.14876 1.18696 72
      vertex -3.43208 1.78625 70.4
    endloop
  endfacet
  facet normal -0.791756 -0.0779857 0.605839
    outer loop
      vertex -2.14876 1.18696 72
      vertex -3.3443 0.895041 70.4
      vertex -2.12786 0.974771 72
    endloop
  endfacet
  facet normal -0.784965 -0.129584 0.605837
    outer loop
      vertex -3.57795 2.66981 70.4
      vertex -2.3476 2.69726 72
      vertex -2.38233 2.90764 72
    endloop
  endfacet
  facet normal -0.784964 -0.129592 0.605836
    outer loop
      vertex -2.3476 2.69726 72
      vertex -3.57795 2.66981 70.4
      vertex -3.43208 1.78625 70.4
    endloop
  endfacet
  facet normal 0.935904 0.352254 0
    outer loop
      vertex 4.35671 -5.23702 70.4
      vertex 4.04126 -4.3989 50.5
      vertex 4.04126 -4.3989 70.4
    endloop
  endfacet
  facet normal 0.935904 0.352254 0
    outer loop
      vertex 4.04126 -4.3989 50.5
      vertex 4.35671 -5.23702 70.4
      vertex 4.35671 -5.23702 50.5
    endloop
  endfacet
  facet normal -0.999465 0.0327184 0
    outer loop
      vertex 30.6557 -0.895041 50.5
      vertex 30.685 0 70.4
      vertex 30.685 0 50.5
    endloop
  endfacet
  facet normal -0.999465 0.0327184 0
    outer loop
      vertex 30.685 0 70.4
      vertex 30.6557 -0.895041 50.5
      vertex 30.6557 -0.895041 70.4
    endloop
  endfacet
  facet normal -0.995182 -0.0980432 0
    outer loop
      vertex 30.6557 0.895041 50.5
      vertex 30.5679 1.78625 70.4
      vertex 30.5679 1.78625 50.5
    endloop
  endfacet
  facet normal -0.995182 -0.0980432 0
    outer loop
      vertex 30.5679 1.78625 70.4
      vertex 30.6557 0.895041 50.5
      vertex 30.6557 0.895041 70.4
    endloop
  endfacet
  facet normal -0.999465 -0.0327184 0
    outer loop
      vertex 30.685 0 50.5
      vertex 30.6557 0.895041 70.4
      vertex 30.6557 0.895041 50.5
    endloop
  endfacet
  facet normal -0.999465 -0.0327184 0
    outer loop
      vertex 30.6557 0.895041 70.4
      vertex 30.685 0 50.5
      vertex 30.685 0 70.4
    endloop
  endfacet
  facet normal 0.973878 0.227074 0
    outer loop
      vertex 3.7813 -3.54194 70.4
      vertex 3.57795 -2.66981 50.5
      vertex 3.57795 -2.66981 70.4
    endloop
  endfacet
  facet normal 0.973878 0.227074 0
    outer loop
      vertex 3.57795 -2.66981 50.5
      vertex 3.7813 -3.54194 70.4
      vertex 3.7813 -3.54194 50.5
    endloop
  endfacet
  facet normal -0.582547 0.812797 0
    outer loop
      vertex 25.3309 -10.857 50.5
      vertex 24.603 -11.3787 70.4
      vertex 25.3309 -10.857 70.4
    endloop
  endfacet
  facet normal -0.582547 0.812797 0
    outer loop
      vertex 24.603 -11.3787 70.4
      vertex 25.3309 -10.857 50.5
      vertex 24.603 -11.3787 50.5
    endloop
  endfacet
  facet normal 0.956939 -0.290289 0
    outer loop
      vertex 3.7813 3.54194 70.4
      vertex 4.04126 4.3989 50.5
      vertex 4.04126 4.3989 70.4
    endloop
  endfacet
  facet normal 0.956939 -0.290289 0
    outer loop
      vertex 4.04126 4.3989 50.5
      vertex 3.7813 3.54194 70.4
      vertex 3.7813 3.54194 50.5
    endloop
  endfacet
  facet normal 0.986644 0.162889 0
    outer loop
      vertex 3.57795 -2.66981 70.4
      vertex 3.43208 -1.78625 50.5
      vertex 3.43208 -1.78625 70.4
    endloop
  endfacet
  facet normal 0.986644 0.162889 0
    outer loop
      vertex 3.43208 -1.78625 50.5
      vertex 3.57795 -2.66981 70.4
      vertex 3.57795 -2.66981 50.5
    endloop
  endfacet
  facet normal -0.412717 0.910859 0
    outer loop
      vertex 23.0527 -12.2737 50.5
      vertex 22.237 -12.6433 70.4
      vertex 23.0527 -12.2737 70.4
    endloop
  endfacet
  facet normal -0.412717 0.910859 0
    outer loop
      vertex 22.237 -12.6433 70.4
      vertex 23.0527 -12.2737 50.5
      vertex 22.237 -12.6433 50.5
    endloop
  endfacet
  facet normal -0.162932 0.986637 0
    outer loop
      vertex 19.6698 -13.422 50.5
      vertex 18.7863 -13.5679 70.4
      vertex 19.6698 -13.422 70.4
    endloop
  endfacet
  facet normal -0.162932 0.986637 0
    outer loop
      vertex 18.7863 -13.5679 70.4
      vertex 19.6698 -13.422 50.5
      vertex 18.7863 -13.5679 50.5
    endloop
  endfacet
  facet normal 0.812847 -0.582478 0
    outer loop
      vertex 5.62134 7.60298 70.4
      vertex 6.14296 8.3309 50.5
      vertex 6.14296 8.3309 70.4
    endloop
  endfacet
  facet normal 0.812847 -0.582478 0
    outer loop
      vertex 6.14296 8.3309 50.5
      vertex 5.62134 7.60298 70.4
      vertex 5.62134 7.60298 50.5
    endloop
  endfacet
  facet normal -0.910859 -0.412717 0
    outer loop
      vertex 29.6433 5.23702 50.5
      vertex 29.2737 6.05272 70.4
      vertex 29.2737 6.05272 50.5
    endloop
  endfacet
  facet normal -0.910859 -0.412717 0
    outer loop
      vertex 29.2737 6.05272 70.4
      vertex 29.6433 5.23702 50.5
      vertex 29.6433 5.23702 70.4
    endloop
  endfacet
  facet normal -0.471347 -0.881948 0
    outer loop
      vertex 23.0527 12.2737 50.5
      vertex 23.8425 11.8516 70.4
      vertex 23.0527 12.2737 70.4
    endloop
  endfacet
  facet normal -0.471347 -0.881948 -0
    outer loop
      vertex 23.8425 11.8516 70.4
      vertex 23.0527 12.2737 50.5
      vertex 23.8425 11.8516 50.5
    endloop
  endfacet
  facet normal -0.227028 -0.973888 0
    outer loop
      vertex 19.6698 13.422 50.5
      vertex 20.5419 13.2187 70.4
      vertex 19.6698 13.422 70.4
    endloop
  endfacet
  facet normal -0.227028 -0.973888 -0
    outer loop
      vertex 20.5419 13.2187 70.4
      vertex 19.6698 13.422 50.5
      vertex 20.5419 13.2187 50.5
    endloop
  endfacet
  facet normal 0.582537 -0.812804 0
    outer loop
      vertex 8.6691 10.857 50.5
      vertex 9.39702 11.3787 70.4
      vertex 8.6691 10.857 70.4
    endloop
  endfacet
  facet normal 0.582537 -0.812804 0
    outer loop
      vertex 9.39702 11.3787 70.4
      vertex 8.6691 10.857 50.5
      vertex 9.39702 11.3787 50.5
    endloop
  endfacet
  facet normal -0.352212 -0.93592 0
    outer loop
      vertex 21.3989 12.9587 50.5
      vertex 22.237 12.6433 70.4
      vertex 21.3989 12.9587 70.4
    endloop
  endfacet
  facet normal -0.352212 -0.93592 -0
    outer loop
      vertex 22.237 12.6433 70.4
      vertex 21.3989 12.9587 50.5
      vertex 22.237 12.6433 50.5
    endloop
  endfacet
  facet normal 0.227028 -0.973888 0
    outer loop
      vertex 13.4581 13.2187 50.5
      vertex 14.3302 13.422 70.4
      vertex 13.4581 13.2187 70.4
    endloop
  endfacet
  facet normal 0.227028 -0.973888 0
    outer loop
      vertex 14.3302 13.422 70.4
      vertex 13.4581 13.2187 50.5
      vertex 14.3302 13.422 50.5
    endloop
  endfacet
  facet normal -0.162932 -0.986637 0
    outer loop
      vertex 18.7863 13.5679 50.5
      vertex 19.6698 13.422 70.4
      vertex 18.7863 13.5679 70.4
    endloop
  endfacet
  facet normal -0.162932 -0.986637 -0
    outer loop
      vertex 19.6698 13.422 70.4
      vertex 18.7863 13.5679 50.5
      vertex 19.6698 13.422 50.5
    endloop
  endfacet
  facet normal 0.471347 0.881948 -0
    outer loop
      vertex 10.9473 -12.2737 50.5
      vertex 10.1575 -11.8516 70.4
      vertex 10.9473 -12.2737 70.4
    endloop
  endfacet
  facet normal 0.471347 0.881948 0
    outer loop
      vertex 10.1575 -11.8516 70.4
      vertex 10.9473 -12.2737 50.5
      vertex 10.1575 -11.8516 50.5
    endloop
  endfacet
  facet normal -0.0327199 0.999465 0
    outer loop
      vertex 17.895 -13.6557 50.5
      vertex 17 -13.685 70.4
      vertex 17.895 -13.6557 70.4
    endloop
  endfacet
  facet normal -0.0327199 0.999465 0
    outer loop
      vertex 17 -13.685 70.4
      vertex 17.895 -13.6557 50.5
      vertex 17 -13.685 50.5
    endloop
  endfacet
  facet normal -0.582547 -0.812797 0
    outer loop
      vertex 24.603 11.3787 50.5
      vertex 25.3309 10.857 70.4
      vertex 24.603 11.3787 70.4
    endloop
  endfacet
  facet normal -0.582547 -0.812797 -0
    outer loop
      vertex 25.3309 10.857 70.4
      vertex 24.603 11.3787 50.5
      vertex 25.3309 10.857 50.5
    endloop
  endfacet
  facet normal -0.471347 0.881948 0
    outer loop
      vertex 23.8425 -11.8516 50.5
      vertex 23.0527 -12.2737 70.4
      vertex 23.8425 -11.8516 70.4
    endloop
  endfacet
  facet normal -0.471347 0.881948 0
    outer loop
      vertex 23.0527 -12.2737 70.4
      vertex 23.8425 -11.8516 50.5
      vertex 23.0527 -12.2737 50.5
    endloop
  endfacet
  facet normal 0.412717 -0.910859 0
    outer loop
      vertex 10.9473 12.2737 50.5
      vertex 11.763 12.6433 70.4
      vertex 10.9473 12.2737 70.4
    endloop
  endfacet
  facet normal 0.412717 -0.910859 0
    outer loop
      vertex 11.763 12.6433 70.4
      vertex 10.9473 12.2737 50.5
      vertex 11.763 12.6433 50.5
    endloop
  endfacet
  facet normal 0.910863 0.412708 0
    outer loop
      vertex 4.7263 -6.05272 70.4
      vertex 4.35671 -5.23702 50.5
      vertex 4.35671 -5.23702 70.4
    endloop
  endfacet
  facet normal 0.910863 0.412708 0
    outer loop
      vertex 4.35671 -5.23702 50.5
      vertex 4.7263 -6.05272 70.4
      vertex 4.7263 -6.05272 50.5
    endloop
  endfacet
  facet normal 0.849201 0.52807 0
    outer loop
      vertex 5.62134 -7.60298 70.4
      vertex 5.14844 -6.8425 50.5
      vertex 5.14844 -6.8425 70.4
    endloop
  endfacet
  facet normal 0.849201 0.52807 0
    outer loop
      vertex 5.14844 -6.8425 50.5
      vertex 5.62134 -7.60298 70.4
      vertex 5.62134 -7.60298 50.5
    endloop
  endfacet
  facet normal 0.352212 0.93592 -0
    outer loop
      vertex 12.6011 -12.9587 50.5
      vertex 11.763 -12.6433 70.4
      vertex 12.6011 -12.9587 70.4
    endloop
  endfacet
  facet normal 0.352212 0.93592 0
    outer loop
      vertex 11.763 -12.6433 70.4
      vertex 12.6011 -12.9587 50.5
      vertex 11.763 -12.6433 50.5
    endloop
  endfacet
  facet normal -0.881943 -0.471357 0
    outer loop
      vertex 29.2737 6.05272 50.5
      vertex 28.8516 6.8425 70.4
      vertex 28.8516 6.8425 50.5
    endloop
  endfacet
  facet normal -0.881943 -0.471357 0
    outer loop
      vertex 28.8516 6.8425 70.4
      vertex 29.2737 6.05272 50.5
      vertex 29.2737 6.05272 70.4
    endloop
  endfacet
  facet normal -0.683523 -0.729929 0
    outer loop
      vertex 26.0231 10.2889 50.5
      vertex 26.6768 9.67676 70.4
      vertex 26.0231 10.2889 70.4
    endloop
  endfacet
  facet normal -0.683523 -0.729929 -0
    outer loop
      vertex 26.6768 9.67676 70.4
      vertex 26.0231 10.2889 50.5
      vertex 26.6768 9.67676 50.5
    endloop
  endfacet
  facet normal 0.634383 -0.773019 0
    outer loop
      vertex 7.97685 10.2889 50.5
      vertex 8.6691 10.857 70.4
      vertex 7.97685 10.2889 70.4
    endloop
  endfacet
  facet normal 0.634383 -0.773019 0
    outer loop
      vertex 8.6691 10.857 70.4
      vertex 7.97685 10.2889 50.5
      vertex 8.6691 10.857 50.5
    endloop
  endfacet
  facet normal -0.352212 0.93592 0
    outer loop
      vertex 22.237 -12.6433 50.5
      vertex 21.3989 -12.9587 70.4
      vertex 22.237 -12.6433 70.4
    endloop
  endfacet
  facet normal -0.352212 0.93592 0
    outer loop
      vertex 21.3989 -12.9587 70.4
      vertex 22.237 -12.6433 50.5
      vertex 21.3989 -12.9587 50.5
    endloop
  endfacet
  facet normal -0.935923 0.352205 0
    outer loop
      vertex 29.6433 -5.23702 50.5
      vertex 29.9587 -4.3989 70.4
      vertex 29.9587 -4.3989 50.5
    endloop
  endfacet
  facet normal -0.935923 0.352205 0
    outer loop
      vertex 29.9587 -4.3989 70.4
      vertex 29.6433 -5.23702 50.5
      vertex 29.6433 -5.23702 70.4
    endloop
  endfacet
  facet normal -0.935923 -0.352205 0
    outer loop
      vertex 29.9587 4.3989 50.5
      vertex 29.6433 5.23702 70.4
      vertex 29.6433 5.23702 50.5
    endloop
  endfacet
  facet normal -0.935923 -0.352205 0
    outer loop
      vertex 29.6433 5.23702 70.4
      vertex 29.9587 4.3989 50.5
      vertex 29.9587 4.3989 70.4
    endloop
  endfacet
  facet normal -0.0980333 -0.995183 0
    outer loop
      vertex 17.895 13.6557 50.5
      vertex 18.7863 13.5679 70.4
      vertex 17.895 13.6557 70.4
    endloop
  endfacet
  facet normal -0.0980333 -0.995183 -0
    outer loop
      vertex 18.7863 13.5679 70.4
      vertex 17.895 13.6557 50.5
      vertex 18.7863 13.5679 50.5
    endloop
  endfacet
  facet normal 0.0327199 0.999465 -0
    outer loop
      vertex 17 -13.685 50.5
      vertex 16.105 -13.6557 70.4
      vertex 17 -13.685 70.4
    endloop
  endfacet
  facet normal 0.0327199 0.999465 0
    outer loop
      vertex 16.105 -13.6557 70.4
      vertex 17 -13.685 50.5
      vertex 16.105 -13.6557 50.5
    endloop
  endfacet
  facet normal 0.0980333 -0.995183 0
    outer loop
      vertex 15.2137 13.5679 50.5
      vertex 16.105 13.6557 70.4
      vertex 15.2137 13.5679 70.4
    endloop
  endfacet
  facet normal 0.0980333 -0.995183 0
    outer loop
      vertex 16.105 13.6557 70.4
      vertex 15.2137 13.5679 50.5
      vertex 16.105 13.6557 50.5
    endloop
  endfacet
  facet normal -0.956927 0.29033 0
    outer loop
      vertex 29.9587 -4.3989 50.5
      vertex 30.2187 -3.54194 70.4
      vertex 30.2187 -3.54194 50.5
    endloop
  endfacet
  facet normal -0.956927 0.29033 0
    outer loop
      vertex 30.2187 -3.54194 70.4
      vertex 29.9587 -4.3989 50.5
      vertex 29.9587 -4.3989 70.4
    endloop
  endfacet
  facet normal -0.0327199 -0.999465 0
    outer loop
      vertex 17 13.685 50.5
      vertex 17.895 13.6557 70.4
      vertex 17 13.685 70.4
    endloop
  endfacet
  facet normal -0.0327199 -0.999465 -0
    outer loop
      vertex 17.895 13.6557 70.4
      vertex 17 13.685 50.5
      vertex 17.895 13.6557 50.5
    endloop
  endfacet
  facet normal -0.812804 0.582537 0
    outer loop
      vertex 27.857 -8.3309 50.5
      vertex 28.3787 -7.60298 70.4
      vertex 28.3787 -7.60298 50.5
    endloop
  endfacet
  facet normal -0.812804 0.582537 0
    outer loop
      vertex 28.3787 -7.60298 70.4
      vertex 27.857 -8.3309 50.5
      vertex 27.857 -8.3309 70.4
    endloop
  endfacet
  facet normal 0.0980333 0.995183 -0
    outer loop
      vertex 16.105 -13.6557 50.5
      vertex 15.2137 -13.5679 70.4
      vertex 16.105 -13.6557 70.4
    endloop
  endfacet
  facet normal 0.0980333 0.995183 0
    outer loop
      vertex 15.2137 -13.5679 70.4
      vertex 16.105 -13.6557 50.5
      vertex 15.2137 -13.5679 50.5
    endloop
  endfacet
  facet normal -0.52806 0.849207 0
    outer loop
      vertex 24.603 -11.3787 50.5
      vertex 23.8425 -11.8516 70.4
      vertex 24.603 -11.3787 70.4
    endloop
  endfacet
  facet normal -0.52806 0.849207 0
    outer loop
      vertex 23.8425 -11.8516 70.4
      vertex 24.603 -11.3787 50.5
      vertex 23.8425 -11.8516 50.5
    endloop
  endfacet
  facet normal -0.773019 -0.634383 0
    outer loop
      vertex 27.857 8.3309 50.5
      vertex 27.2889 9.02315 70.4
      vertex 27.2889 9.02315 50.5
    endloop
  endfacet
  facet normal -0.773019 -0.634383 0
    outer loop
      vertex 27.2889 9.02315 70.4
      vertex 27.857 8.3309 50.5
      vertex 27.857 8.3309 70.4
    endloop
  endfacet
  facet normal -0.52806 -0.849207 0
    outer loop
      vertex 23.8425 11.8516 50.5
      vertex 24.603 11.3787 70.4
      vertex 23.8425 11.8516 70.4
    endloop
  endfacet
  facet normal -0.52806 -0.849207 -0
    outer loop
      vertex 24.603 11.3787 70.4
      vertex 23.8425 11.8516 50.5
      vertex 24.603 11.3787 50.5
    endloop
  endfacet
  facet normal -0.849201 -0.52807 0
    outer loop
      vertex 28.8516 6.8425 50.5
      vertex 28.3787 7.60298 70.4
      vertex 28.3787 7.60298 50.5
    endloop
  endfacet
  facet normal -0.849201 -0.52807 0
    outer loop
      vertex 28.3787 7.60298 70.4
      vertex 28.8516 6.8425 50.5
      vertex 28.8516 6.8425 70.4
    endloop
  endfacet
  facet normal 0.52807 -0.849201 0
    outer loop
      vertex 9.39702 11.3787 50.5
      vertex 10.1575 11.8516 70.4
      vertex 9.39702 11.3787 70.4
    endloop
  endfacet
  facet normal 0.52807 -0.849201 0
    outer loop
      vertex 10.1575 11.8516 70.4
      vertex 9.39702 11.3787 50.5
      vertex 10.1575 11.8516 50.5
    endloop
  endfacet
  facet normal 0.162932 0.986637 -0
    outer loop
      vertex 15.2137 -13.5679 50.5
      vertex 14.3302 -13.422 70.4
      vertex 15.2137 -13.5679 70.4
    endloop
  endfacet
  facet normal 0.162932 0.986637 0
    outer loop
      vertex 14.3302 -13.422 70.4
      vertex 15.2137 -13.5679 50.5
      vertex 14.3302 -13.422 50.5
    endloop
  endfacet
  facet normal -0.956927 -0.29033 0
    outer loop
      vertex 30.2187 3.54194 50.5
      vertex 29.9587 4.3989 70.4
      vertex 29.9587 4.3989 50.5
    endloop
  endfacet
  facet normal -0.956927 -0.29033 0
    outer loop
      vertex 29.9587 4.3989 70.4
      vertex 30.2187 3.54194 50.5
      vertex 30.2187 3.54194 70.4
    endloop
  endfacet
  facet normal 0.999465 0.0327184 0
    outer loop
      vertex 3.3443 -0.895041 70.4
      vertex 3.315 0 50.5
      vertex 3.315 0 70.4
    endloop
  endfacet
  facet normal 0.999465 0.0327184 0
    outer loop
      vertex 3.315 0 50.5
      vertex 3.3443 -0.895041 70.4
      vertex 3.3443 -0.895041 50.5
    endloop
  endfacet
  facet normal 0.973878 -0.227074 0
    outer loop
      vertex 3.57795 2.66981 70.4
      vertex 3.7813 3.54194 50.5
      vertex 3.7813 3.54194 70.4
    endloop
  endfacet
  facet normal 0.973878 -0.227074 0
    outer loop
      vertex 3.7813 3.54194 50.5
      vertex 3.57795 2.66981 70.4
      vertex 3.57795 2.66981 50.5
    endloop
  endfacet
  facet normal -0.995182 0.0980432 0
    outer loop
      vertex 30.5679 -1.78625 50.5
      vertex 30.6557 -0.895041 70.4
      vertex 30.6557 -0.895041 50.5
    endloop
  endfacet
  facet normal -0.995182 0.0980432 0
    outer loop
      vertex 30.6557 -0.895041 70.4
      vertex 30.5679 -1.78625 50.5
      vertex 30.5679 -1.78625 70.4
    endloop
  endfacet
  facet normal -0.290317 0.95693 0
    outer loop
      vertex 21.3989 -12.9587 50.5
      vertex 20.5419 -13.2187 70.4
      vertex 21.3989 -12.9587 70.4
    endloop
  endfacet
  facet normal -0.290317 0.95693 0
    outer loop
      vertex 20.5419 -13.2187 70.4
      vertex 21.3989 -12.9587 50.5
      vertex 20.5419 -13.2187 50.5
    endloop
  endfacet
  facet normal 0.986644 -0.162889 0
    outer loop
      vertex 3.43208 1.78625 70.4
      vertex 3.57795 2.66981 50.5
      vertex 3.57795 2.66981 70.4
    endloop
  endfacet
  facet normal 0.986644 -0.162889 0
    outer loop
      vertex 3.57795 2.66981 50.5
      vertex 3.43208 1.78625 70.4
      vertex 3.43208 1.78625 50.5
    endloop
  endfacet
  facet normal -0.729905 0.683549 0
    outer loop
      vertex 26.6768 -9.67676 50.5
      vertex 27.2889 -9.02315 70.4
      vertex 27.2889 -9.02315 50.5
    endloop
  endfacet
  facet normal -0.729905 0.683549 0
    outer loop
      vertex 27.2889 -9.02315 70.4
      vertex 26.6768 -9.67676 50.5
      vertex 26.6768 -9.67676 70.4
    endloop
  endfacet
  facet normal -0.227028 0.973888 0
    outer loop
      vertex 20.5419 -13.2187 50.5
      vertex 19.6698 -13.422 70.4
      vertex 20.5419 -13.2187 70.4
    endloop
  endfacet
  facet normal -0.227028 0.973888 0
    outer loop
      vertex 19.6698 -13.422 70.4
      vertex 20.5419 -13.2187 50.5
      vertex 19.6698 -13.422 50.5
    endloop
  endfacet
  facet normal -0.634411 0.772996 0
    outer loop
      vertex 26.0231 -10.2889 50.5
      vertex 25.3309 -10.857 70.4
      vertex 26.0231 -10.2889 70.4
    endloop
  endfacet
  facet normal -0.634411 0.772996 0
    outer loop
      vertex 25.3309 -10.857 70.4
      vertex 26.0231 -10.2889 50.5
      vertex 25.3309 -10.857 50.5
    endloop
  endfacet
  facet normal 0.812847 0.582478 0
    outer loop
      vertex 6.14296 -8.3309 70.4
      vertex 5.62134 -7.60298 50.5
      vertex 5.62134 -7.60298 70.4
    endloop
  endfacet
  facet normal 0.812847 0.582478 0
    outer loop
      vertex 5.62134 -7.60298 50.5
      vertex 6.14296 -8.3309 70.4
      vertex 6.14296 -8.3309 50.5
    endloop
  endfacet
  facet normal -0.412717 -0.910859 0
    outer loop
      vertex 22.237 12.6433 50.5
      vertex 23.0527 12.2737 70.4
      vertex 22.237 12.6433 70.4
    endloop
  endfacet
  facet normal -0.412717 -0.910859 -0
    outer loop
      vertex 23.0527 12.2737 70.4
      vertex 22.237 12.6433 50.5
      vertex 23.0527 12.2737 50.5
    endloop
  endfacet
  facet normal -0.0980333 0.995183 0
    outer loop
      vertex 18.7863 -13.5679 50.5
      vertex 17.895 -13.6557 70.4
      vertex 18.7863 -13.5679 70.4
    endloop
  endfacet
  facet normal -0.0980333 0.995183 0
    outer loop
      vertex 17.895 -13.6557 70.4
      vertex 18.7863 -13.5679 50.5
      vertex 17.895 -13.6557 50.5
    endloop
  endfacet
  facet normal 0.582537 0.812804 -0
    outer loop
      vertex 9.39702 -11.3787 50.5
      vertex 8.6691 -10.857 70.4
      vertex 9.39702 -11.3787 70.4
    endloop
  endfacet
  facet normal 0.582537 0.812804 0
    outer loop
      vertex 8.6691 -10.857 70.4
      vertex 9.39702 -11.3787 50.5
      vertex 8.6691 -10.857 50.5
    endloop
  endfacet
  facet normal 0.162932 -0.986637 0
    outer loop
      vertex 14.3302 13.422 50.5
      vertex 15.2137 13.5679 70.4
      vertex 14.3302 13.422 70.4
    endloop
  endfacet
  facet normal 0.162932 -0.986637 0
    outer loop
      vertex 15.2137 13.5679 70.4
      vertex 14.3302 13.422 50.5
      vertex 15.2137 13.5679 50.5
    endloop
  endfacet
  facet normal -0.986639 0.162921 0
    outer loop
      vertex 30.422 -2.66981 50.5
      vertex 30.5679 -1.78625 70.4
      vertex 30.5679 -1.78625 50.5
    endloop
  endfacet
  facet normal -0.986639 0.162921 0
    outer loop
      vertex 30.5679 -1.78625 70.4
      vertex 30.422 -2.66981 50.5
      vertex 30.422 -2.66981 70.4
    endloop
  endfacet
  facet normal 0.0327199 -0.999465 0
    outer loop
      vertex 16.105 13.6557 50.5
      vertex 17 13.685 70.4
      vertex 16.105 13.6557 70.4
    endloop
  endfacet
  facet normal 0.0327199 -0.999465 0
    outer loop
      vertex 17 13.685 70.4
      vertex 16.105 13.6557 50.5
      vertex 17 13.685 50.5
    endloop
  endfacet
  facet normal -0.97389 0.227021 0
    outer loop
      vertex 30.2187 -3.54194 50.5
      vertex 30.422 -2.66981 70.4
      vertex 30.422 -2.66981 50.5
    endloop
  endfacet
  facet normal -0.97389 0.227021 0
    outer loop
      vertex 30.422 -2.66981 70.4
      vertex 30.2187 -3.54194 50.5
      vertex 30.2187 -3.54194 70.4
    endloop
  endfacet
  facet normal -0.683523 0.729929 0
    outer loop
      vertex 26.6768 -9.67676 50.5
      vertex 26.0231 -10.2889 70.4
      vertex 26.6768 -9.67676 70.4
    endloop
  endfacet
  facet normal -0.683523 0.729929 0
    outer loop
      vertex 26.0231 -10.2889 70.4
      vertex 26.6768 -9.67676 50.5
      vertex 26.0231 -10.2889 50.5
    endloop
  endfacet
  facet normal 0.995184 -0.0980211 0
    outer loop
      vertex 3.3443 0.895041 70.4
      vertex 3.43208 1.78625 50.5
      vertex 3.43208 1.78625 70.4
    endloop
  endfacet
  facet normal 0.995184 -0.0980211 0
    outer loop
      vertex 3.43208 1.78625 50.5
      vertex 3.3443 0.895041 70.4
      vertex 3.3443 0.895041 50.5
    endloop
  endfacet
  facet normal 0.683573 -0.729882 0
    outer loop
      vertex 7.32324 9.67676 50.5
      vertex 7.97685 10.2889 70.4
      vertex 7.32324 9.67676 70.4
    endloop
  endfacet
  facet normal 0.683573 -0.729882 0
    outer loop
      vertex 7.97685 10.2889 70.4
      vertex 7.32324 9.67676 50.5
      vertex 7.97685 10.2889 50.5
    endloop
  endfacet
  facet normal 0.634383 0.773019 -0
    outer loop
      vertex 8.6691 -10.857 50.5
      vertex 7.97685 -10.2889 70.4
      vertex 8.6691 -10.857 70.4
    endloop
  endfacet
  facet normal 0.634383 0.773019 0
    outer loop
      vertex 7.97685 -10.2889 70.4
      vertex 8.6691 -10.857 50.5
      vertex 7.97685 -10.2889 50.5
    endloop
  endfacet
  facet normal 0.729866 -0.683591 0
    outer loop
      vertex 6.71107 9.02315 70.4
      vertex 7.32324 9.67676 50.5
      vertex 7.32324 9.67676 70.4
    endloop
  endfacet
  facet normal 0.729866 -0.683591 0
    outer loop
      vertex 7.32324 9.67676 50.5
      vertex 6.71107 9.02315 70.4
      vertex 6.71107 9.02315 50.5
    endloop
  endfacet
  facet normal -0.881943 0.471357 0
    outer loop
      vertex 28.8516 -6.8425 50.5
      vertex 29.2737 -6.05272 70.4
      vertex 29.2737 -6.05272 50.5
    endloop
  endfacet
  facet normal -0.881943 0.471357 0
    outer loop
      vertex 29.2737 -6.05272 70.4
      vertex 28.8516 -6.8425 50.5
      vertex 28.8516 -6.8425 70.4
    endloop
  endfacet
  facet normal -0.634411 -0.772996 0
    outer loop
      vertex 25.3309 10.857 50.5
      vertex 26.0231 10.2889 70.4
      vertex 25.3309 10.857 70.4
    endloop
  endfacet
  facet normal -0.634411 -0.772996 -0
    outer loop
      vertex 26.0231 10.2889 70.4
      vertex 25.3309 10.857 50.5
      vertex 26.0231 10.2889 50.5
    endloop
  endfacet
  facet normal -0.773019 0.634383 0
    outer loop
      vertex 27.2889 -9.02315 50.5
      vertex 27.857 -8.3309 70.4
      vertex 27.857 -8.3309 50.5
    endloop
  endfacet
  facet normal -0.773019 0.634383 0
    outer loop
      vertex 27.857 -8.3309 70.4
      vertex 27.2889 -9.02315 50.5
      vertex 27.2889 -9.02315 70.4
    endloop
  endfacet
  facet normal 0.352212 -0.93592 0
    outer loop
      vertex 11.763 12.6433 50.5
      vertex 12.6011 12.9587 70.4
      vertex 11.763 12.6433 70.4
    endloop
  endfacet
  facet normal 0.352212 -0.93592 0
    outer loop
      vertex 12.6011 12.9587 70.4
      vertex 11.763 12.6433 50.5
      vertex 12.6011 12.9587 50.5
    endloop
  endfacet
  facet normal 0.227028 0.973888 -0
    outer loop
      vertex 14.3302 -13.422 50.5
      vertex 13.4581 -13.2187 70.4
      vertex 14.3302 -13.422 70.4
    endloop
  endfacet
  facet normal 0.227028 0.973888 0
    outer loop
      vertex 13.4581 -13.2187 70.4
      vertex 14.3302 -13.422 50.5
      vertex 13.4581 -13.2187 50.5
    endloop
  endfacet
  facet normal 0.910863 -0.412708 0
    outer loop
      vertex 4.35671 5.23702 70.4
      vertex 4.7263 6.05272 50.5
      vertex 4.7263 6.05272 70.4
    endloop
  endfacet
  facet normal 0.910863 -0.412708 0
    outer loop
      vertex 4.7263 6.05272 50.5
      vertex 4.35671 5.23702 70.4
      vertex 4.35671 5.23702 50.5
    endloop
  endfacet
  facet normal -0.812804 -0.582537 0
    outer loop
      vertex 28.3787 7.60298 50.5
      vertex 27.857 8.3309 70.4
      vertex 27.857 8.3309 50.5
    endloop
  endfacet
  facet normal -0.812804 -0.582537 0
    outer loop
      vertex 27.857 8.3309 70.4
      vertex 28.3787 7.60298 50.5
      vertex 28.3787 7.60298 70.4
    endloop
  endfacet
  facet normal 0.956939 0.290289 0
    outer loop
      vertex 4.04126 -4.3989 70.4
      vertex 3.7813 -3.54194 50.5
      vertex 3.7813 -3.54194 70.4
    endloop
  endfacet
  facet normal 0.956939 0.290289 0
    outer loop
      vertex 3.7813 -3.54194 50.5
      vertex 4.04126 -4.3989 70.4
      vertex 4.04126 -4.3989 50.5
    endloop
  endfacet
  facet normal -0.97389 -0.227021 0
    outer loop
      vertex 30.422 2.66981 50.5
      vertex 30.2187 3.54194 70.4
      vertex 30.2187 3.54194 50.5
    endloop
  endfacet
  facet normal -0.97389 -0.227021 0
    outer loop
      vertex 30.2187 3.54194 70.4
      vertex 30.422 2.66981 50.5
      vertex 30.422 2.66981 70.4
    endloop
  endfacet
  facet normal -0.729905 -0.683549 0
    outer loop
      vertex 27.2889 9.02315 50.5
      vertex 26.6768 9.67676 70.4
      vertex 26.6768 9.67676 50.5
    endloop
  endfacet
  facet normal -0.729905 -0.683549 0
    outer loop
      vertex 26.6768 9.67676 70.4
      vertex 27.2889 9.02315 50.5
      vertex 27.2889 9.02315 70.4
    endloop
  endfacet
  facet normal 0.290317 -0.95693 0
    outer loop
      vertex 12.6011 12.9587 50.5
      vertex 13.4581 13.2187 70.4
      vertex 12.6011 12.9587 70.4
    endloop
  endfacet
  facet normal 0.290317 -0.95693 0
    outer loop
      vertex 13.4581 13.2187 70.4
      vertex 12.6011 12.9587 50.5
      vertex 13.4581 13.2187 50.5
    endloop
  endfacet
  facet normal -0.986639 -0.162921 0
    outer loop
      vertex 30.5679 1.78625 50.5
      vertex 30.422 2.66981 70.4
      vertex 30.422 2.66981 50.5
    endloop
  endfacet
  facet normal -0.986639 -0.162921 0
    outer loop
      vertex 30.422 2.66981 70.4
      vertex 30.5679 1.78625 50.5
      vertex 30.5679 1.78625 70.4
    endloop
  endfacet
  facet normal 0.471347 -0.881948 0
    outer loop
      vertex 10.1575 11.8516 50.5
      vertex 10.9473 12.2737 70.4
      vertex 10.1575 11.8516 70.4
    endloop
  endfacet
  facet normal 0.471347 -0.881948 0
    outer loop
      vertex 10.9473 12.2737 70.4
      vertex 10.1575 11.8516 50.5
      vertex 10.9473 12.2737 50.5
    endloop
  endfacet
  facet normal 0.683573 0.729882 -0
    outer loop
      vertex 7.97685 -10.2889 50.5
      vertex 7.32324 -9.67676 70.4
      vertex 7.97685 -10.2889 70.4
    endloop
  endfacet
  facet normal 0.683573 0.729882 0
    outer loop
      vertex 7.32324 -9.67676 70.4
      vertex 7.97685 -10.2889 50.5
      vertex 7.32324 -9.67676 50.5
    endloop
  endfacet
  facet normal 0.729866 0.683591 0
    outer loop
      vertex 7.32324 -9.67676 70.4
      vertex 6.71107 -9.02315 50.5
      vertex 6.71107 -9.02315 70.4
    endloop
  endfacet
  facet normal 0.729866 0.683591 0
    outer loop
      vertex 6.71107 -9.02315 50.5
      vertex 7.32324 -9.67676 70.4
      vertex 7.32324 -9.67676 50.5
    endloop
  endfacet
  facet normal 0.290317 0.95693 -0
    outer loop
      vertex 13.4581 -13.2187 50.5
      vertex 12.6011 -12.9587 70.4
      vertex 13.4581 -13.2187 70.4
    endloop
  endfacet
  facet normal 0.290317 0.95693 0
    outer loop
      vertex 12.6011 -12.9587 70.4
      vertex 13.4581 -13.2187 50.5
      vertex 12.6011 -12.9587 50.5
    endloop
  endfacet
  facet normal 0.995184 0.0980211 0
    outer loop
      vertex 3.43208 -1.78625 70.4
      vertex 3.3443 -0.895041 50.5
      vertex 3.3443 -0.895041 70.4
    endloop
  endfacet
  facet normal 0.995184 0.0980211 0
    outer loop
      vertex 3.3443 -0.895041 50.5
      vertex 3.43208 -1.78625 70.4
      vertex 3.43208 -1.78625 50.5
    endloop
  endfacet
  facet normal 0.773013 0.63439 0
    outer loop
      vertex 6.71107 -9.02315 70.4
      vertex 6.14296 -8.3309 50.5
      vertex 6.14296 -8.3309 70.4
    endloop
  endfacet
  facet normal 0.773013 0.63439 0
    outer loop
      vertex 6.14296 -8.3309 50.5
      vertex 6.71107 -9.02315 70.4
      vertex 6.71107 -9.02315 50.5
    endloop
  endfacet
  facet normal 0.935904 -0.352254 0
    outer loop
      vertex 4.04126 4.3989 70.4
      vertex 4.35671 5.23702 50.5
      vertex 4.35671 5.23702 70.4
    endloop
  endfacet
  facet normal 0.935904 -0.352254 0
    outer loop
      vertex 4.35671 5.23702 50.5
      vertex 4.04126 4.3989 70.4
      vertex 4.04126 4.3989 50.5
    endloop
  endfacet
  facet normal 0.881924 -0.471391 0
    outer loop
      vertex 4.7263 6.05272 70.4
      vertex 5.14844 6.8425 50.5
      vertex 5.14844 6.8425 70.4
    endloop
  endfacet
  facet normal 0.881924 -0.471391 0
    outer loop
      vertex 5.14844 6.8425 50.5
      vertex 4.7263 6.05272 70.4
      vertex 4.7263 6.05272 50.5
    endloop
  endfacet
  facet normal -0.849201 0.52807 0
    outer loop
      vertex 28.3787 -7.60298 50.5
      vertex 28.8516 -6.8425 70.4
      vertex 28.8516 -6.8425 50.5
    endloop
  endfacet
  facet normal -0.849201 0.52807 0
    outer loop
      vertex 28.8516 -6.8425 70.4
      vertex 28.3787 -7.60298 50.5
      vertex 28.3787 -7.60298 70.4
    endloop
  endfacet
  facet normal 0.773013 -0.63439 0
    outer loop
      vertex 6.14296 8.3309 70.4
      vertex 6.71107 9.02315 50.5
      vertex 6.71107 9.02315 70.4
    endloop
  endfacet
  facet normal 0.773013 -0.63439 0
    outer loop
      vertex 6.71107 9.02315 50.5
      vertex 6.14296 8.3309 70.4
      vertex 6.14296 8.3309 50.5
    endloop
  endfacet
  facet normal -0.290317 -0.95693 0
    outer loop
      vertex 20.5419 13.2187 50.5
      vertex 21.3989 12.9587 70.4
      vertex 20.5419 13.2187 70.4
    endloop
  endfacet
  facet normal -0.290317 -0.95693 -0
    outer loop
      vertex 21.3989 12.9587 70.4
      vertex 20.5419 13.2187 50.5
      vertex 21.3989 12.9587 50.5
    endloop
  endfacet
  facet normal -0.910859 0.412717 0
    outer loop
      vertex 29.2737 -6.05272 50.5
      vertex 29.6433 -5.23702 70.4
      vertex 29.6433 -5.23702 50.5
    endloop
  endfacet
  facet normal -0.910859 0.412717 0
    outer loop
      vertex 29.6433 -5.23702 70.4
      vertex 29.2737 -6.05272 50.5
      vertex 29.2737 -6.05272 70.4
    endloop
  endfacet
  facet normal 0.881924 0.471391 0
    outer loop
      vertex 5.14844 -6.8425 70.4
      vertex 4.7263 -6.05272 50.5
      vertex 4.7263 -6.05272 70.4
    endloop
  endfacet
  facet normal 0.881924 0.471391 0
    outer loop
      vertex 4.7263 -6.05272 50.5
      vertex 5.14844 -6.8425 70.4
      vertex 5.14844 -6.8425 50.5
    endloop
  endfacet
  facet normal 0.999465 -0.0327184 0
    outer loop
      vertex 3.315 0 70.4
      vertex 3.3443 0.895041 50.5
      vertex 3.3443 0.895041 70.4
    endloop
  endfacet
  facet normal 0.999465 -0.0327184 0
    outer loop
      vertex 3.3443 0.895041 50.5
      vertex 3.315 0 70.4
      vertex 3.315 0 50.5
    endloop
  endfacet
  facet normal 0.52807 0.849201 -0
    outer loop
      vertex 10.1575 -11.8516 50.5
      vertex 9.39702 -11.3787 70.4
      vertex 10.1575 -11.8516 70.4
    endloop
  endfacet
  facet normal 0.52807 0.849201 0
    outer loop
      vertex 9.39702 -11.3787 70.4
      vertex 10.1575 -11.8516 50.5
      vertex 9.39702 -11.3787 50.5
    endloop
  endfacet
  facet normal 0.849201 -0.52807 0
    outer loop
      vertex 5.14844 6.8425 70.4
      vertex 5.62134 7.60298 50.5
      vertex 5.62134 7.60298 70.4
    endloop
  endfacet
  facet normal 0.849201 -0.52807 0
    outer loop
      vertex 5.62134 7.60298 50.5
      vertex 5.14844 6.8425 70.4
      vertex 5.14844 6.8425 50.5
    endloop
  endfacet
  facet normal 0.412717 0.910859 -0
    outer loop
      vertex 11.763 -12.6433 50.5
      vertex 10.9473 -12.2737 70.4
      vertex 11.763 -12.6433 70.4
    endloop
  endfacet
  facet normal 0.412717 0.910859 0
    outer loop
      vertex 10.9473 -12.2737 70.4
      vertex 11.763 -12.6433 50.5
      vertex 10.9473 -12.2737 50.5
    endloop
  endfacet
  facet normal -0.180553 -0.774812 0.605861
    outer loop
      vertex 19.6698 13.422 70.4
      vertex 20.1153 14.5693 72
      vertex 19.9076 14.6177 72
    endloop
  endfacet
  facet normal -0.180616 -0.774793 0.605866
    outer loop
      vertex 20.1153 14.5693 72
      vertex 19.6698 13.422 70.4
      vertex 20.5419 13.2187 70.4
    endloop
  endfacet
  facet normal -0.504723 -0.614979 0.605851
    outer loop
      vertex 26.0231 10.2889 70.4
      vertex 26.073 11.8242 72
      vertex 25.3309 10.857 70.4
    endloop
  endfacet
  facet normal -0.504849 -0.614923 0.605802
    outer loop
      vertex 26.073 11.8242 72
      vertex 26.0231 10.2889 70.4
      vertex 26.2378 11.6889 72
    endloop
  endfacet
  facet normal 0.744597 -0.280245 0.605837
    outer loop
      vertex 4.04126 4.3989 70.4
      vertex 3.15535 5.50398 72
      vertex 2.88691 4.79075 72
    endloop
  endfacet
  facet normal -0.795174 -0.0259954 0.605823
    outer loop
      vertex 31.904 0 72
      vertex 31.8791 0.761666 72
      vertex 30.685 0 70.4
    endloop
  endfacet
  facet normal -0.795167 -0.0261194 0.605827
    outer loop
      vertex 30.6557 0.895041 70.4
      vertex 31.8791 0.761666 72
      vertex 31.8721 0.974771 72
    endloop
  endfacet
  facet normal -0.795165 -0.0260305 0.605834
    outer loop
      vertex 31.8791 0.761666 72
      vertex 30.6557 0.895041 70.4
      vertex 30.685 0 70.4
    endloop
  endfacet
  facet normal -0.774799 0.180602 0.605862
    outer loop
      vertex 30.422 -2.66981 70.4
      vertex 31.5693 -3.11528 72
      vertex 31.6177 -2.90764 72
    endloop
  endfacet
  facet normal -0.774797 0.180611 0.605863
    outer loop
      vertex 31.5693 -3.11528 72
      vertex 30.422 -2.66981 70.4
      vertex 30.2187 -3.54194 70.4
    endloop
  endfacet
  facet normal 0.761338 0.230931 0.605835
    outer loop
      vertex 2.66569 -4.06149 72
      vertex 3.7813 -3.54194 70.4
      vertex 2.6038 -3.85745 72
    endloop
  endfacet
  facet normal 0.76133 0.230951 0.605836
    outer loop
      vertex 3.7813 -3.54194 70.4
      vertex 2.66569 -4.06149 72
      vertex 4.04126 -4.3989 70.4
    endloop
  endfacet
  facet normal 0.791756 -0.0779857 0.605839
    outer loop
      vertex 3.3443 0.895041 70.4
      vertex 2.14876 1.18696 72
      vertex 2.12786 0.974771 72
    endloop
  endfacet
  facet normal 0.791756 -0.0779844 0.605838
    outer loop
      vertex 2.14876 1.18696 72
      vertex 3.3443 0.895041 70.4
      vertex 3.43208 1.78625 70.4
    endloop
  endfacet
  facet normal 0.761331 -0.230949 0.605837
    outer loop
      vertex 4.04126 4.3989 70.4
      vertex 2.88691 4.79075 72
      vertex 2.66569 4.06149 72
    endloop
  endfacet
  facet normal 0.646691 -0.463411 0.605839
    outer loop
      vertex 6.14296 8.3309 70.4
      vertex 5.17582 9.07301 72
      vertex 4.73193 8.45356 72
    endloop
  endfacet
  facet normal 0.375011 -0.701663 0.605834
    outer loop
      vertex 10.9473 12.2737 70.4
      vertex 10.4081 13.367 72
      vertex 9.73602 13.0078 72
    endloop
  endfacet
  facet normal -0.724683 0.328338 0.605829
    outer loop
      vertex 30.367 -6.59189 72
      vertex 30.6815 -5.89775 72
      vertex 29.2737 -6.05272 70.4
    endloop
  endfacet
  facet normal -0.784972 0.12956 0.605833
    outer loop
      vertex 31.6524 -2.69726 72
      vertex 31.7765 -1.94537 72
      vertex 30.5679 -1.78625 70.4
    endloop
  endfacet
  facet normal 0.420134 -0.675609 0.605838
    outer loop
      vertex 9.39702 11.3787 70.4
      vertex 8.90082 12.5049 72
      vertex 8.71975 12.3923 72
    endloop
  endfacet
  facet normal 0.420126 -0.675613 0.605839
    outer loop
      vertex 8.90082 12.5049 72
      vertex 9.39702 11.3787 70.4
      vertex 10.1575 11.8516 70.4
    endloop
  endfacet
  facet normal 0.646702 -0.463385 0.605847
    outer loop
      vertex 4.60774 8.28024 72
      vertex 6.14296 8.3309 70.4
      vertex 4.73193 8.45356 72
    endloop
  endfacet
  facet normal 0.646692 -0.463413 0.605836
    outer loop
      vertex 6.14296 8.3309 70.4
      vertex 4.60774 8.28024 72
      vertex 5.62134 7.60298 70.4
    endloop
  endfacet
  facet normal -0.230973 0.761321 0.60584
    outer loop
      vertex 20.5419 -13.2187 70.4
      vertex 21.0615 -14.3343 72
      vertex 21.3989 -12.9587 70.4
    endloop
  endfacet
  facet normal -0.231005 0.761309 0.605842
    outer loop
      vertex 21.0615 -14.3343 72
      vertex 20.5419 -13.2187 70.4
      vertex 20.8575 -14.3962 72
    endloop
  endfacet
  facet normal -0.129625 -0.784946 0.605852
    outer loop
      vertex 19.6698 13.422 70.4
      vertex 19.6973 14.6524 72
      vertex 18.7863 13.5679 70.4
    endloop
  endfacet
  facet normal -0.12952 -0.784958 0.605859
    outer loop
      vertex 19.6973 14.6524 72
      vertex 19.6698 13.422 70.4
      vertex 19.9076 14.6177 72
    endloop
  endfacet
  facet normal -0.580715 0.543801 0.605847
    outer loop
      vertex 27.5388 -10.5388 72
      vertex 28.0597 -9.98254 72
      vertex 26.6768 -9.67676 70.4
    endloop
  endfacet
  facet normal 0.129559 0.784973 0.605832
    outer loop
      vertex 15.0546 -14.7765 72
      vertex 15.2137 -13.5679 70.4
      vertex 14.3027 -14.6524 72
    endloop
  endfacet
  facet normal 0.543841 0.580684 0.605841
    outer loop
      vertex 7.01746 -11.0597 72
      vertex 7.97685 -10.2889 70.4
      vertex 7.32324 -9.67676 70.4
    endloop
  endfacet
  facet normal 0.543942 0.580578 0.605851
    outer loop
      vertex 7.97685 -10.2889 70.4
      vertex 7.01746 -11.0597 72
      vertex 7.17308 -11.2055 72
    endloop
  endfacet
  facet normal -0.180701 0.774792 0.605842
    outer loop
      vertex 20.8575 -14.3962 72
      vertex 20.5419 -13.2187 70.4
      vertex 20.1153 -14.5693 72
    endloop
  endfacet
  facet normal 0.615 -0.504714 0.605837
    outer loop
      vertex 6.71107 9.02315 70.4
      vertex 5.79454 9.82692 72
      vertex 5.31109 9.23783 72
    endloop
  endfacet
  facet normal -0.420087 0.675647 0.605828
    outer loop
      vertex 24.452 -12.9073 72
      vertex 25.0992 -12.5049 72
      vertex 23.8425 -11.8516 70.4
    endloop
  endfacet
  facet normal -0.614995 0.5047 0.605854
    outer loop
      vertex 27.2889 -9.02315 70.4
      vertex 28.8242 -9.07301 72
      vertex 27.857 -8.3309 70.4
    endloop
  endfacet
  facet normal -0.614948 0.504808 0.605812
    outer loop
      vertex 28.8242 -9.07301 72
      vertex 27.2889 -9.02315 70.4
      vertex 28.6889 -9.23783 72
    endloop
  endfacet
  facet normal 0.543942 -0.580578 0.605851
    outer loop
      vertex 7.01746 11.0597 72
      vertex 7.97685 10.2889 70.4
      vertex 7.17308 11.2055 72
    endloop
  endfacet
  facet normal 0.543841 -0.580684 0.605841
    outer loop
      vertex 7.97685 10.2889 70.4
      vertex 7.01746 11.0597 72
      vertex 7.32324 9.67676 70.4
    endloop
  endfacet
  facet normal -0.795165 0.0260305 0.605834
    outer loop
      vertex 30.6557 -0.895041 70.4
      vertex 31.8791 -0.761666 72
      vertex 30.685 0 70.4
    endloop
  endfacet
  facet normal -0.795167 0.0261194 0.605827
    outer loop
      vertex 31.8791 -0.761666 72
      vertex 30.6557 -0.895041 70.4
      vertex 31.8721 -0.974771 72
    endloop
  endfacet
  facet normal 0.724669 0.328353 0.605838
    outer loop
      vertex 3.63297 -6.59189 72
      vertex 4.7263 -6.05272 70.4
      vertex 3.31845 -5.89775 72
    endloop
  endfacet
  facet normal -0.795174 0.0259954 0.605823
    outer loop
      vertex 31.8791 -0.761666 72
      vertex 31.904 0 72
      vertex 30.685 0 70.4
    endloop
  endfacet
  facet normal -0.375002 0.701668 0.605834
    outer loop
      vertex 23.5919 -13.367 72
      vertex 24.264 -13.0078 72
      vertex 23.0527 -12.2737 70.4
    endloop
  endfacet
  facet normal 0.646692 0.463413 0.605836
    outer loop
      vertex 4.60774 -8.28024 72
      vertex 6.14296 -8.3309 70.4
      vertex 5.62134 -7.60298 70.4
    endloop
  endfacet
  facet normal 0.646702 0.463385 0.605847
    outer loop
      vertex 6.14296 -8.3309 70.4
      vertex 4.60774 -8.28024 72
      vertex 4.73193 -8.45356 72
    endloop
  endfacet
  facet normal -0.077986 0.791762 0.605832
    outer loop
      vertex 18.9454 -14.7765 72
      vertex 18.7863 -13.5679 70.4
      vertex 18.187 -14.8512 72
    endloop
  endfacet
  facet normal 0.180701 -0.774792 0.605842
    outer loop
      vertex 13.4581 13.2187 70.4
      vertex 13.8847 14.5693 72
      vertex 13.1425 14.3962 72
    endloop
  endfacet
  facet normal -0.791766 0.0779866 0.605826
    outer loop
      vertex 30.6557 -0.895041 70.4
      vertex 31.8512 -1.18696 72
      vertex 31.8721 -0.974771 72
    endloop
  endfacet
  facet normal -0.791763 0.0780028 0.605827
    outer loop
      vertex 31.8512 -1.18696 72
      vertex 30.6557 -0.895041 70.4
      vertex 30.5679 -1.78625 70.4
    endloop
  endfacet
  facet normal -0.646677 0.463411 0.605855
    outer loop
      vertex 28.8242 -9.07301 72
      vertex 29.2681 -8.45356 72
      vertex 27.857 -8.3309 70.4
    endloop
  endfacet
  facet normal -0.701669 0.375009 0.60583
    outer loop
      vertex 28.8516 -6.8425 70.4
      vertex 30.0078 -7.26398 72
      vertex 29.2737 -6.05272 70.4
    endloop
  endfacet
  facet normal -0.701666 0.375013 0.60583
    outer loop
      vertex 30.0078 -7.26398 72
      vertex 28.8516 -6.8425 70.4
      vertex 29.9073 -7.45202 72
    endloop
  endfacet
  facet normal -0.774795 0.180709 0.605836
    outer loop
      vertex 31.3962 -3.85745 72
      vertex 31.5693 -3.11528 72
      vertex 30.2187 -3.54194 70.4
    endloop
  endfacet
  facet normal -0.129559 0.784973 0.605832
    outer loop
      vertex 18.9454 -14.7765 72
      vertex 19.6973 -14.6524 72
      vertex 18.7863 -13.5679 70.4
    endloop
  endfacet
  facet normal -0.646659 0.46346 0.605835
    outer loop
      vertex 27.857 -8.3309 70.4
      vertex 29.3923 -8.28024 72
      vertex 28.3787 -7.60298 70.4
    endloop
  endfacet
  facet normal -0.646679 0.463406 0.605856
    outer loop
      vertex 29.3923 -8.28024 72
      vertex 27.857 -8.3309 70.4
      vertex 29.2681 -8.45356 72
    endloop
  endfacet
  facet normal -0.784949 0.129617 0.60585
    outer loop
      vertex 30.422 -2.66981 70.4
      vertex 31.6524 -2.69726 72
      vertex 30.5679 -1.78625 70.4
    endloop
  endfacet
  facet normal -0.784966 0.129472 0.60586
    outer loop
      vertex 31.6524 -2.69726 72
      vertex 30.422 -2.66981 70.4
      vertex 31.6177 -2.90764 72
    endloop
  endfacet
  facet normal 0.328314 0.724691 0.605832
    outer loop
      vertex 11.1023 -13.6815 72
      vertex 10.9473 -12.2737 70.4
      vertex 10.4081 -13.367 72
    endloop
  endfacet
  facet normal 0.795163 -0.0260073 0.605838
    outer loop
      vertex 2.12089 0.761666 72
      vertex 3.3443 0.895041 70.4
      vertex 2.12786 0.974771 72
    endloop
  endfacet
  facet normal 0.795163 -0.0260304 0.605837
    outer loop
      vertex 3.3443 0.895041 70.4
      vertex 2.12089 0.761666 72
      vertex 3.315 0 70.4
    endloop
  endfacet
  facet normal -0.744598 0.280206 0.605853
    outer loop
      vertex 29.6433 -5.23702 70.4
      vertex 30.8447 -5.50398 72
      vertex 29.9587 -4.3989 70.4
    endloop
  endfacet
  facet normal -0.744487 0.280558 0.605827
    outer loop
      vertex 30.8447 -5.50398 72
      vertex 29.6433 -5.23702 70.4
      vertex 30.7695 -5.70353 72
    endloop
  endfacet
  facet normal -0.129559 -0.784973 0.605832
    outer loop
      vertex 19.6973 14.6524 72
      vertex 18.9454 14.7765 72
      vertex 18.7863 13.5679 70.4
    endloop
  endfacet
  facet normal -0.54378 0.580735 0.605847
    outer loop
      vertex 26.9825 -11.0597 72
      vertex 27.5388 -10.5388 72
      vertex 26.6768 -9.67676 70.4
    endloop
  endfacet
  facet normal -0.420118 -0.675618 0.60584
    outer loop
      vertex 24.603 11.3787 70.4
      vertex 25.0992 12.5049 72
      vertex 23.8425 11.8516 70.4
    endloop
  endfacet
  facet normal -0.420255 -0.675542 0.605829
    outer loop
      vertex 25.0992 12.5049 72
      vertex 24.603 11.3787 70.4
      vertex 25.2802 12.3923 72
    endloop
  endfacet
  facet normal -0.744599 0.280205 0.605852
    outer loop
      vertex 30.8447 -5.50398 72
      vertex 31.1131 -4.79075 72
      vertex 29.9587 -4.3989 70.4
    endloop
  endfacet
  facet normal 0.761338 -0.230931 0.605835
    outer loop
      vertex 3.7813 3.54194 70.4
      vertex 2.66569 4.06149 72
      vertex 2.6038 3.85745 72
    endloop
  endfacet
  facet normal 0.76133 -0.230951 0.605836
    outer loop
      vertex 2.66569 4.06149 72
      vertex 3.7813 3.54194 70.4
      vertex 4.04126 4.3989 70.4
    endloop
  endfacet
  facet normal 0.463411 0.646677 0.605855
    outer loop
      vertex 8.54644 -12.2681 72
      vertex 8.6691 -10.857 70.4
      vertex 7.92699 -11.8242 72
    endloop
  endfacet
  facet normal -0.231005 -0.761309 0.605842
    outer loop
      vertex 20.5419 13.2187 70.4
      vertex 21.0615 14.3343 72
      vertex 20.8575 14.3962 72
    endloop
  endfacet
  facet normal -0.230973 -0.761321 0.60584
    outer loop
      vertex 21.0615 14.3343 72
      vertex 20.5419 13.2187 70.4
      vertex 21.3989 12.9587 70.4
    endloop
  endfacet
  facet normal 0.504675 -0.615016 0.605854
    outer loop
      vertex 7.97685 10.2889 70.4
      vertex 7.76217 11.6889 72
      vertex 7.17308 11.2055 72
    endloop
  endfacet
  facet normal -0.0779948 0.791763 0.605829
    outer loop
      vertex 17.895 -13.6557 70.4
      vertex 18.187 -14.8512 72
      vertex 18.7863 -13.5679 70.4
    endloop
  endfacet
  facet normal -0.0779825 0.791764 0.605828
    outer loop
      vertex 18.187 -14.8512 72
      vertex 17.895 -13.6557 70.4
      vertex 17.9748 -14.8721 72
    endloop
  endfacet
  facet normal -0.504667 0.615017 0.60586
    outer loop
      vertex 26.2378 -11.6889 72
      vertex 26.8269 -11.2055 72
      vertex 26.0231 -10.2889 70.4
    endloop
  endfacet
  facet normal -0.280211 -0.744593 0.605857
    outer loop
      vertex 22.237 12.6433 70.4
      vertex 22.504 13.8447 72
      vertex 21.3989 12.9587 70.4
    endloop
  endfacet
  facet normal -0.28062 -0.744463 0.605827
    outer loop
      vertex 22.504 13.8447 72
      vertex 22.237 12.6433 70.4
      vertex 22.7035 13.7695 72
    endloop
  endfacet
  facet normal 0.280182 0.744612 0.605847
    outer loop
      vertex 12.2093 -14.1131 72
      vertex 12.6011 -12.9587 70.4
      vertex 11.496 -13.8447 72
    endloop
  endfacet
  facet normal -0.724679 0.328358 0.605823
    outer loop
      vertex 29.2737 -6.05272 70.4
      vertex 30.7695 -5.70353 72
      vertex 29.6433 -5.23702 70.4
    endloop
  endfacet
  facet normal -0.724681 0.328349 0.605826
    outer loop
      vertex 30.7695 -5.70353 72
      vertex 29.2737 -6.05272 70.4
      vertex 30.6815 -5.89775 72
    endloop
  endfacet
  facet normal 0.701631 -0.375069 0.605836
    outer loop
      vertex 3.9922 7.26398 72
      vertex 5.14844 6.8425 70.4
      vertex 4.09272 7.45202 72
    endloop
  endfacet
  facet normal 0.701648 -0.375033 0.605839
    outer loop
      vertex 5.14844 6.8425 70.4
      vertex 3.9922 7.26398 72
      vertex 4.7263 6.05272 70.4
    endloop
  endfacet
  facet normal -0.328314 -0.724691 0.605832
    outer loop
      vertex 23.0527 12.2737 70.4
      vertex 23.5919 13.367 72
      vertex 22.8977 13.6815 72
    endloop
  endfacet
  facet normal 0.463426 -0.64667 0.60585
    outer loop
      vertex 8.6691 10.857 70.4
      vertex 8.71975 12.3923 72
      vertex 8.54644 12.2681 72
    endloop
  endfacet
  facet normal 0.463459 -0.646658 0.605837
    outer loop
      vertex 8.71975 12.3923 72
      vertex 8.6691 10.857 70.4
      vertex 9.39702 11.3787 70.4
    endloop
  endfacet
  facet normal -0.463474 -0.64666 0.605824
    outer loop
      vertex 25.3309 10.857 70.4
      vertex 25.2802 12.3923 72
      vertex 24.603 11.3787 70.4
    endloop
  endfacet
  facet normal -0.463239 -0.646745 0.605913
    outer loop
      vertex 25.2802 12.3923 72
      vertex 25.3309 10.857 70.4
      vertex 25.4536 12.2681 72
    endloop
  endfacet
  facet normal 0.0259943 -0.795174 0.605823
    outer loop
      vertex 17 13.685 70.4
      vertex 17 14.904 72
      vertex 16.2383 14.8791 72
    endloop
  endfacet
  facet normal -0.615016 0.504675 0.605854
    outer loop
      vertex 28.2055 -9.82692 72
      vertex 28.6889 -9.23783 72
      vertex 27.2889 -9.02315 70.4
    endloop
  endfacet
  facet normal -0.02612 0.795167 0.605828
    outer loop
      vertex 17.895 -13.6557 70.4
      vertex 17.7617 -14.8791 72
      vertex 17.9748 -14.8721 72
    endloop
  endfacet
  facet normal -0.0260317 0.795165 0.605834
    outer loop
      vertex 17.7617 -14.8791 72
      vertex 17.895 -13.6557 70.4
      vertex 17 -13.685 70.4
    endloop
  endfacet
  facet normal -0.580578 0.543942 0.605851
    outer loop
      vertex 27.2889 -9.02315 70.4
      vertex 28.0597 -9.98254 72
      vertex 28.2055 -9.82692 72
    endloop
  endfacet
  facet normal -0.580702 0.543823 0.60584
    outer loop
      vertex 28.0597 -9.98254 72
      vertex 27.2889 -9.02315 70.4
      vertex 26.6768 -9.67676 70.4
    endloop
  endfacet
  facet normal 0.328314 -0.724691 0.605832
    outer loop
      vertex 10.9473 12.2737 70.4
      vertex 11.1023 13.6815 72
      vertex 10.4081 13.367 72
    endloop
  endfacet
  facet normal 0.58069 -0.54383 0.605845
    outer loop
      vertex 7.32324 9.67676 70.4
      vertex 6.46125 10.5388 72
      vertex 5.9403 9.98254 72
    endloop
  endfacet
  facet normal 0.784964 0.129592 0.605836
    outer loop
      vertex 2.3476 -2.69726 72
      vertex 3.57795 -2.66981 70.4
      vertex 3.43208 -1.78625 70.4
    endloop
  endfacet
  facet normal 0.784965 0.129584 0.605837
    outer loop
      vertex 3.57795 -2.66981 70.4
      vertex 2.3476 -2.69726 72
      vertex 2.38233 -2.90764 72
    endloop
  endfacet
  facet normal -0.504849 0.614923 0.605802
    outer loop
      vertex 26.0231 -10.2889 70.4
      vertex 26.073 -11.8242 72
      vertex 26.2378 -11.6889 72
    endloop
  endfacet
  facet normal -0.504723 0.614979 0.605851
    outer loop
      vertex 26.073 -11.8242 72
      vertex 26.0231 -10.2889 70.4
      vertex 25.3309 -10.857 70.4
    endloop
  endfacet
  facet normal 0.744594 0.280249 0.605838
    outer loop
      vertex 3.15535 -5.50398 72
      vertex 4.35671 -5.23702 70.4
      vertex 4.04126 -4.3989 70.4
    endloop
  endfacet
  facet normal 0.74459 0.280261 0.605837
    outer loop
      vertex 4.35671 -5.23702 70.4
      vertex 3.15535 -5.50398 72
      vertex 3.23046 -5.70353 72
    endloop
  endfacet
  facet normal 0.504675 0.615016 0.605854
    outer loop
      vertex 7.76217 -11.6889 72
      vertex 7.97685 -10.2889 70.4
      vertex 7.17308 -11.2055 72
    endloop
  endfacet
  facet normal 0.791756 0.0779845 0.605838
    outer loop
      vertex 2.22346 -1.94537 72
      vertex 3.43208 -1.78625 70.4
      vertex 2.14876 -1.18696 72
    endloop
  endfacet
  facet normal -0.675634 0.420105 0.605831
    outer loop
      vertex 29.5049 -8.09918 72
      vertex 29.9073 -7.45202 72
      vertex 28.8516 -6.8425 70.4
    endloop
  endfacet
  facet normal -0.375076 0.701634 0.605828
    outer loop
      vertex 23.8425 -11.8516 70.4
      vertex 24.264 -13.0078 72
      vertex 24.452 -12.9073 72
    endloop
  endfacet
  facet normal -0.375 0.70167 0.605833
    outer loop
      vertex 24.264 -13.0078 72
      vertex 23.8425 -11.8516 70.4
      vertex 23.0527 -12.2737 70.4
    endloop
  endfacet
  facet normal -0.12952 0.784958 0.605859
    outer loop
      vertex 19.6698 -13.422 70.4
      vertex 19.6973 -14.6524 72
      vertex 19.9076 -14.6177 72
    endloop
  endfacet
  facet normal -0.129625 0.784946 0.605852
    outer loop
      vertex 19.6973 -14.6524 72
      vertex 19.6698 -13.422 70.4
      vertex 18.7863 -13.5679 70.4
    endloop
  endfacet
  facet normal -0.761326 0.230926 0.605852
    outer loop
      vertex 31.1131 -4.79075 72
      vertex 31.3343 -4.06149 72
      vertex 29.9587 -4.3989 70.4
    endloop
  endfacet
  facet normal -0.791761 0.0779849 0.605832
    outer loop
      vertex 31.7765 -1.94537 72
      vertex 31.8512 -1.18696 72
      vertex 30.5679 -1.78625 70.4
    endloop
  endfacet
  facet normal -0.328314 0.724691 0.605832
    outer loop
      vertex 23.5919 -13.367 72
      vertex 23.0527 -12.2737 70.4
      vertex 22.8977 -13.6815 72
    endloop
  endfacet
  facet normal -0.180616 0.774793 0.605866
    outer loop
      vertex 19.6698 -13.422 70.4
      vertex 20.1153 -14.5693 72
      vertex 20.5419 -13.2187 70.4
    endloop
  endfacet
  facet normal -0.180553 0.774812 0.605861
    outer loop
      vertex 20.1153 -14.5693 72
      vertex 19.6698 -13.422 70.4
      vertex 19.9076 -14.6177 72
    endloop
  endfacet
  facet normal -0.463436 0.64666 0.605853
    outer loop
      vertex 25.4536 -12.2681 72
      vertex 26.073 -11.8242 72
      vertex 25.3309 -10.857 70.4
    endloop
  endfacet
  facet normal -0.280182 -0.744612 0.605847
    outer loop
      vertex 22.504 13.8447 72
      vertex 21.7907 14.1131 72
      vertex 21.3989 12.9587 70.4
    endloop
  endfacet
  facet normal 0.6756 -0.420151 0.605837
    outer loop
      vertex 4.49514 8.09918 72
      vertex 5.62134 7.60298 70.4
      vertex 4.60774 8.28024 72
    endloop
  endfacet
  facet normal 0.675613 -0.420126 0.605839
    outer loop
      vertex 5.62134 7.60298 70.4
      vertex 4.49514 8.09918 72
      vertex 5.14844 6.8425 70.4
    endloop
  endfacet
  facet normal 0.791756 -0.0779845 0.605838
    outer loop
      vertex 3.43208 1.78625 70.4
      vertex 2.22346 1.94537 72
      vertex 2.14876 1.18696 72
    endloop
  endfacet
  facet normal -0.280182 0.744612 0.605847
    outer loop
      vertex 21.7907 -14.1131 72
      vertex 22.504 -13.8447 72
      vertex 21.3989 -12.9587 70.4
    endloop
  endfacet
  facet normal -0.724681 -0.328349 0.605826
    outer loop
      vertex 29.2737 6.05272 70.4
      vertex 30.7695 5.70353 72
      vertex 30.6815 5.89775 72
    endloop
  endfacet
  facet normal -0.724679 -0.328358 0.605823
    outer loop
      vertex 30.7695 5.70353 72
      vertex 29.2737 6.05272 70.4
      vertex 29.6433 5.23702 70.4
    endloop
  endfacet
  facet normal 0.70165 0.37503 0.605838
    outer loop
      vertex 3.9922 -7.26398 72
      vertex 4.7263 -6.05272 70.4
      vertex 3.63297 -6.59189 72
    endloop
  endfacet
  facet normal 0.724678 0.32831 0.60585
    outer loop
      vertex 4.7263 -6.05272 70.4
      vertex 3.23046 -5.70353 72
      vertex 3.31845 -5.89775 72
    endloop
  endfacet
  facet normal 0.724673 0.328346 0.605837
    outer loop
      vertex 3.23046 -5.70353 72
      vertex 4.7263 -6.05272 70.4
      vertex 4.35671 -5.23702 70.4
    endloop
  endfacet
  facet normal 0.70165 -0.37503 0.605838
    outer loop
      vertex 4.7263 6.05272 70.4
      vertex 3.9922 7.26398 72
      vertex 3.63297 6.59189 72
    endloop
  endfacet
  facet normal 0.0259943 0.795174 0.605823
    outer loop
      vertex 17 -14.904 72
      vertex 17 -13.685 70.4
      vertex 16.2383 -14.8791 72
    endloop
  endfacet
  facet normal 0.701648 0.375033 0.605839
    outer loop
      vertex 3.9922 -7.26398 72
      vertex 5.14844 -6.8425 70.4
      vertex 4.7263 -6.05272 70.4
    endloop
  endfacet
  facet normal 0.701631 0.375069 0.605836
    outer loop
      vertex 5.14844 -6.8425 70.4
      vertex 3.9922 -7.26398 72
      vertex 4.09272 -7.45202 72
    endloop
  endfacet
  facet normal 0.230945 -0.761324 0.605847
    outer loop
      vertex 12.6011 12.9587 70.4
      vertex 12.9385 14.3343 72
      vertex 12.2093 14.1131 72
    endloop
  endfacet
  facet normal 0.077986 0.791762 0.605832
    outer loop
      vertex 15.813 -14.8512 72
      vertex 15.2137 -13.5679 70.4
      vertex 15.0546 -14.7765 72
    endloop
  endfacet
  facet normal 0.675613 0.420126 0.605839
    outer loop
      vertex 4.49514 -8.09918 72
      vertex 5.62134 -7.60298 70.4
      vertex 5.14844 -6.8425 70.4
    endloop
  endfacet
  facet normal 0.6756 0.420151 0.605837
    outer loop
      vertex 5.62134 -7.60298 70.4
      vertex 4.49514 -8.09918 72
      vertex 4.60774 -8.28024 72
    endloop
  endfacet
  facet normal 0.12952 -0.784958 0.605859
    outer loop
      vertex 14.3302 13.422 70.4
      vertex 14.3027 14.6524 72
      vertex 14.0924 14.6177 72
    endloop
  endfacet
  facet normal 0.129625 -0.784946 0.605852
    outer loop
      vertex 14.3027 14.6524 72
      vertex 14.3302 13.422 70.4
      vertex 15.2137 13.5679 70.4
    endloop
  endfacet
  facet normal -0.328381 0.724677 0.605813
    outer loop
      vertex 23.0527 -12.2737 70.4
      vertex 22.7035 -13.7695 72
      vertex 22.8977 -13.6815 72
    endloop
  endfacet
  facet normal -0.328358 0.72468 0.605821
    outer loop
      vertex 22.7035 -13.7695 72
      vertex 23.0527 -12.2737 70.4
      vertex 22.237 -12.6433 70.4
    endloop
  endfacet
  facet normal -0.0259943 0.795174 0.605823
    outer loop
      vertex 17.7617 -14.8791 72
      vertex 17 -13.685 70.4
      vertex 17 -14.904 72
    endloop
  endfacet
  facet normal 0.280182 -0.744612 0.605847
    outer loop
      vertex 12.6011 12.9587 70.4
      vertex 12.2093 14.1131 72
      vertex 11.496 13.8447 72
    endloop
  endfacet
  facet normal -0.0779825 -0.791764 0.605828
    outer loop
      vertex 17.895 13.6557 70.4
      vertex 18.187 14.8512 72
      vertex 17.9748 14.8721 72
    endloop
  endfacet
  facet normal -0.0779948 -0.791763 0.605829
    outer loop
      vertex 18.187 14.8512 72
      vertex 17.895 13.6557 70.4
      vertex 18.7863 13.5679 70.4
    endloop
  endfacet
  facet normal -0.761328 0.230965 0.605834
    outer loop
      vertex 30.2187 -3.54194 70.4
      vertex 31.3343 -4.06149 72
      vertex 31.3962 -3.85745 72
    endloop
  endfacet
  facet normal -0.761321 0.230983 0.605836
    outer loop
      vertex 31.3343 -4.06149 72
      vertex 30.2187 -3.54194 70.4
      vertex 29.9587 -4.3989 70.4
    endloop
  endfacet
  facet normal 0.791756 0.0779857 0.605839
    outer loop
      vertex 2.14876 -1.18696 72
      vertex 3.3443 -0.895041 70.4
      vertex 2.12786 -0.974771 72
    endloop
  endfacet
  facet normal 0.791756 0.0779844 0.605838
    outer loop
      vertex 3.3443 -0.895041 70.4
      vertex 2.14876 -1.18696 72
      vertex 3.43208 -1.78625 70.4
    endloop
  endfacet
  facet normal 0.795163 0.0260304 0.605837
    outer loop
      vertex 2.12089 -0.761666 72
      vertex 3.3443 -0.895041 70.4
      vertex 3.315 0 70.4
    endloop
  endfacet
  facet normal 0.795163 0.0260073 0.605838
    outer loop
      vertex 3.3443 -0.895041 70.4
      vertex 2.12089 -0.761666 72
      vertex 2.12786 -0.974771 72
    endloop
  endfacet
  facet normal 0.784961 -0.1296 0.605838
    outer loop
      vertex 3.43208 1.78625 70.4
      vertex 2.3476 2.69726 72
      vertex 2.22346 1.94537 72
    endloop
  endfacet
  facet normal 0.180701 0.774792 0.605842
    outer loop
      vertex 13.8847 -14.5693 72
      vertex 13.4581 -13.2187 70.4
      vertex 13.1425 -14.3962 72
    endloop
  endfacet
  facet normal -0.463436 -0.64666 0.605853
    outer loop
      vertex 26.073 11.8242 72
      vertex 25.4536 12.2681 72
      vertex 25.3309 10.857 70.4
    endloop
  endfacet
  facet normal 0.328358 0.72468 0.605821
    outer loop
      vertex 10.9473 -12.2737 70.4
      vertex 11.2965 -13.7695 72
      vertex 11.763 -12.6433 70.4
    endloop
  endfacet
  facet normal 0.328381 0.724677 0.605813
    outer loop
      vertex 11.2965 -13.7695 72
      vertex 10.9473 -12.2737 70.4
      vertex 11.1023 -13.6815 72
    endloop
  endfacet
  facet normal 0.795161 -0.0260368 0.605839
    outer loop
      vertex 3.315 0 70.4
      vertex 2.12089 0.761666 72
      vertex 2.09595 0 72
    endloop
  endfacet
  facet normal 0.795161 0.0260368 0.605839
    outer loop
      vertex 2.12089 -0.761666 72
      vertex 3.315 0 70.4
      vertex 2.09595 0 72
    endloop
  endfacet
  facet normal 0.02612 -0.795167 0.605828
    outer loop
      vertex 16.105 13.6557 70.4
      vertex 16.2383 14.8791 72
      vertex 16.0252 14.8721 72
    endloop
  endfacet
  facet normal 0.0260317 -0.795165 0.605834
    outer loop
      vertex 16.2383 14.8791 72
      vertex 16.105 13.6557 70.4
      vertex 17 13.685 70.4
    endloop
  endfacet
  facet normal 0.0779948 -0.791763 0.605829
    outer loop
      vertex 16.105 13.6557 70.4
      vertex 15.813 14.8512 72
      vertex 15.2137 13.5679 70.4
    endloop
  endfacet
  facet normal 0.0779825 -0.791764 0.605828
    outer loop
      vertex 15.813 14.8512 72
      vertex 16.105 13.6557 70.4
      vertex 16.0252 14.8721 72
    endloop
  endfacet
  facet normal -0.0259943 -0.795174 0.605823
    outer loop
      vertex 17.7617 14.8791 72
      vertex 17 14.904 72
      vertex 17 13.685 70.4
    endloop
  endfacet
  facet normal -0.646679 -0.463406 0.605856
    outer loop
      vertex 27.857 8.3309 70.4
      vertex 29.3923 8.28024 72
      vertex 29.2681 8.45356 72
    endloop
  endfacet
  facet normal -0.646659 -0.46346 0.605835
    outer loop
      vertex 29.3923 8.28024 72
      vertex 27.857 8.3309 70.4
      vertex 28.3787 7.60298 70.4
    endloop
  endfacet
  facet normal -0.328358 -0.72468 0.605821
    outer loop
      vertex 23.0527 12.2737 70.4
      vertex 22.7035 13.7695 72
      vertex 22.237 12.6433 70.4
    endloop
  endfacet
  facet normal -0.328381 -0.724677 0.605813
    outer loop
      vertex 22.7035 13.7695 72
      vertex 23.0527 12.2737 70.4
      vertex 22.8977 13.6815 72
    endloop
  endfacet
  facet normal -0.543802 0.580722 0.60584
    outer loop
      vertex 26.0231 -10.2889 70.4
      vertex 26.9825 -11.0597 72
      vertex 26.6768 -9.67676 70.4
    endloop
  endfacet
  facet normal -0.543976 0.58054 0.605857
    outer loop
      vertex 26.9825 -11.0597 72
      vertex 26.0231 -10.2889 70.4
      vertex 26.8269 -11.2055 72
    endloop
  endfacet
  facet normal 0.761331 0.230949 0.605837
    outer loop
      vertex 2.88691 -4.79075 72
      vertex 4.04126 -4.3989 70.4
      vertex 2.66569 -4.06149 72
    endloop
  endfacet
  facet normal -0.615016 -0.504675 0.605854
    outer loop
      vertex 28.6889 9.23783 72
      vertex 28.2055 9.82692 72
      vertex 27.2889 9.02315 70.4
    endloop
  endfacet
  facet normal -0.420255 0.675542 0.605829
    outer loop
      vertex 24.603 -11.3787 70.4
      vertex 25.0992 -12.5049 72
      vertex 25.2802 -12.3923 72
    endloop
  endfacet
  facet normal -0.420118 0.675618 0.60584
    outer loop
      vertex 25.0992 -12.5049 72
      vertex 24.603 -11.3787 70.4
      vertex 23.8425 -11.8516 70.4
    endloop
  endfacet
  facet normal -0.463239 0.646745 0.605913
    outer loop
      vertex 25.3309 -10.857 70.4
      vertex 25.2802 -12.3923 72
      vertex 25.4536 -12.2681 72
    endloop
  endfacet
  facet normal -0.463474 0.64666 0.605824
    outer loop
      vertex 25.2802 -12.3923 72
      vertex 25.3309 -10.857 70.4
      vertex 24.603 -11.3787 70.4
    endloop
  endfacet
  facet normal 0.74459 -0.280261 0.605837
    outer loop
      vertex 3.15535 5.50398 72
      vertex 4.35671 5.23702 70.4
      vertex 3.23046 5.70353 72
    endloop
  endfacet
  facet normal 0.744594 -0.280249 0.605838
    outer loop
      vertex 4.35671 5.23702 70.4
      vertex 3.15535 5.50398 72
      vertex 4.04126 4.3989 70.4
    endloop
  endfacet
  facet normal -0.230945 -0.761324 0.605847
    outer loop
      vertex 21.3989 12.9587 70.4
      vertex 21.7907 14.1131 72
      vertex 21.0615 14.3343 72
    endloop
  endfacet
  facet normal -0.675634 -0.420105 0.605831
    outer loop
      vertex 29.9073 7.45202 72
      vertex 29.5049 8.09918 72
      vertex 28.8516 6.8425 70.4
    endloop
  endfacet
  facet normal 0.420105 0.675634 0.605831
    outer loop
      vertex 9.54798 -12.9073 72
      vertex 10.1575 -11.8516 70.4
      vertex 8.90082 -12.5049 72
    endloop
  endfacet
  facet normal -0.077986 -0.791762 0.605832
    outer loop
      vertex 18.7863 13.5679 70.4
      vertex 18.9454 14.7765 72
      vertex 18.187 14.8512 72
    endloop
  endfacet
  facet normal -0.701669 0.375008 0.60583
    outer loop
      vertex 30.0078 -7.26398 72
      vertex 30.367 -6.59189 72
      vertex 29.2737 -6.05272 70.4
    endloop
  endfacet
  facet normal -0.675613 0.420126 0.605839
    outer loop
      vertex 28.3787 -7.60298 70.4
      vertex 29.5049 -8.09918 72
      vertex 28.8516 -6.8425 70.4
    endloop
  endfacet
  facet normal -0.6756 0.420151 0.605837
    outer loop
      vertex 29.5049 -8.09918 72
      vertex 28.3787 -7.60298 70.4
      vertex 29.3923 -8.28024 72
    endloop
  endfacet
  facet normal 0.774802 0.180678 0.605837
    outer loop
      vertex 2.43075 -3.11528 72
      vertex 3.57795 -2.66981 70.4
      vertex 2.38233 -2.90764 72
    endloop
  endfacet
  facet normal 0.774807 0.180658 0.605835
    outer loop
      vertex 3.57795 -2.66981 70.4
      vertex 2.43075 -3.11528 72
      vertex 3.7813 -3.54194 70.4
    endloop
  endfacet
  facet normal 0.744597 0.280245 0.605837
    outer loop
      vertex 3.15535 -5.50398 72
      vertex 4.04126 -4.3989 70.4
      vertex 2.88691 -4.79075 72
    endloop
  endfacet
  facet normal 0.543827 0.580692 0.605846
    outer loop
      vertex 7.01746 -11.0597 72
      vertex 7.32324 -9.67676 70.4
      vertex 6.46125 -10.5388 72
    endloop
  endfacet
  facet normal 0.5047 0.614995 0.605854
    outer loop
      vertex 7.97685 -10.2889 70.4
      vertex 7.92699 -11.8242 72
      vertex 8.6691 -10.857 70.4
    endloop
  endfacet
  facet normal 0.504808 0.614948 0.605812
    outer loop
      vertex 7.92699 -11.8242 72
      vertex 7.97685 -10.2889 70.4
      vertex 7.76217 -11.6889 72
    endloop
  endfacet
  facet normal 0.463459 0.646658 0.605837
    outer loop
      vertex 8.6691 -10.857 70.4
      vertex 8.71975 -12.3923 72
      vertex 9.39702 -11.3787 70.4
    endloop
  endfacet
  facet normal 0.463426 0.64667 0.60585
    outer loop
      vertex 8.71975 -12.3923 72
      vertex 8.6691 -10.857 70.4
      vertex 8.54644 -12.2681 72
    endloop
  endfacet
  facet normal 0.180553 0.774812 0.605861
    outer loop
      vertex 14.3302 -13.422 70.4
      vertex 13.8847 -14.5693 72
      vertex 14.0924 -14.6177 72
    endloop
  endfacet
  facet normal 0.180616 0.774793 0.605866
    outer loop
      vertex 13.8847 -14.5693 72
      vertex 14.3302 -13.422 70.4
      vertex 13.4581 -13.2187 70.4
    endloop
  endfacet
  facet normal 0.328381 -0.724677 0.605813
    outer loop
      vertex 10.9473 12.2737 70.4
      vertex 11.2965 13.7695 72
      vertex 11.1023 13.6815 72
    endloop
  endfacet
  facet normal 0.328358 -0.72468 0.605821
    outer loop
      vertex 11.2965 13.7695 72
      vertex 10.9473 12.2737 70.4
      vertex 11.763 12.6433 70.4
    endloop
  endfacet
  facet normal 0.129625 0.784946 0.605852
    outer loop
      vertex 14.3302 -13.422 70.4
      vertex 14.3027 -14.6524 72
      vertex 15.2137 -13.5679 70.4
    endloop
  endfacet
  facet normal 0.12952 0.784958 0.605859
    outer loop
      vertex 14.3027 -14.6524 72
      vertex 14.3302 -13.422 70.4
      vertex 14.0924 -14.6177 72
    endloop
  endfacet
  facet normal 0.0779825 0.791764 0.605828
    outer loop
      vertex 16.105 -13.6557 70.4
      vertex 15.813 -14.8512 72
      vertex 16.0252 -14.8721 72
    endloop
  endfacet
  facet normal 0.0779948 0.791763 0.605829
    outer loop
      vertex 15.813 -14.8512 72
      vertex 16.105 -13.6557 70.4
      vertex 15.2137 -13.5679 70.4
    endloop
  endfacet
  facet normal 0.0260317 0.795165 0.605834
    outer loop
      vertex 16.105 -13.6557 70.4
      vertex 16.2383 -14.8791 72
      vertex 17 -13.685 70.4
    endloop
  endfacet
  facet normal 0.02612 0.795167 0.605828
    outer loop
      vertex 16.2383 -14.8791 72
      vertex 16.105 -13.6557 70.4
      vertex 16.0252 -14.8721 72
    endloop
  endfacet
  facet normal 0.784961 0.1296 0.605838
    outer loop
      vertex 2.3476 -2.69726 72
      vertex 3.43208 -1.78625 70.4
      vertex 2.22346 -1.94537 72
    endloop
  endfacet
  facet normal 0.375001 0.701672 0.60583
    outer loop
      vertex 10.1575 -11.8516 70.4
      vertex 9.73602 -13.0078 72
      vertex 10.9473 -12.2737 70.4
    endloop
  endfacet
  facet normal 0.375013 0.701666 0.60583
    outer loop
      vertex 9.73602 -13.0078 72
      vertex 10.1575 -11.8516 70.4
      vertex 9.54798 -12.9073 72
    endloop
  endfacet
  facet normal 0.614999 0.504713 0.605839
    outer loop
      vertex 5.17582 -9.07301 72
      vertex 6.71107 -9.02315 70.4
      vertex 6.14296 -8.3309 70.4
    endloop
  endfacet
  facet normal 0.614991 0.504731 0.605832
    outer loop
      vertex 6.71107 -9.02315 70.4
      vertex 5.17582 -9.07301 72
      vertex 5.31109 -9.23783 72
    endloop
  endfacet
  facet normal -0.543976 -0.58054 0.605857
    outer loop
      vertex 26.0231 10.2889 70.4
      vertex 26.9825 11.0597 72
      vertex 26.8269 11.2055 72
    endloop
  endfacet
  facet normal -0.543802 -0.580722 0.60584
    outer loop
      vertex 26.9825 11.0597 72
      vertex 26.0231 10.2889 70.4
      vertex 26.6768 9.67676 70.4
    endloop
  endfacet
  facet normal 0.420126 0.675613 0.605839
    outer loop
      vertex 9.39702 -11.3787 70.4
      vertex 8.90082 -12.5049 72
      vertex 10.1575 -11.8516 70.4
    endloop
  endfacet
  facet normal 0.420134 0.675609 0.605838
    outer loop
      vertex 8.90082 -12.5049 72
      vertex 9.39702 -11.3787 70.4
      vertex 8.71975 -12.3923 72
    endloop
  endfacet
  facet normal 0.231005 0.761309 0.605842
    outer loop
      vertex 13.4581 -13.2187 70.4
      vertex 12.9385 -14.3343 72
      vertex 13.1425 -14.3962 72
    endloop
  endfacet
  facet normal 0.230973 0.761321 0.60584
    outer loop
      vertex 12.9385 -14.3343 72
      vertex 13.4581 -13.2187 70.4
      vertex 12.6011 -12.9587 70.4
    endloop
  endfacet
  facet normal 0.230945 0.761324 0.605847
    outer loop
      vertex 12.9385 -14.3343 72
      vertex 12.6011 -12.9587 70.4
      vertex 12.2093 -14.1131 72
    endloop
  endfacet
  facet normal 0.280211 0.744593 0.605857
    outer loop
      vertex 11.763 -12.6433 70.4
      vertex 11.496 -13.8447 72
      vertex 12.6011 -12.9587 70.4
    endloop
  endfacet
  facet normal 0.28062 0.744463 0.605827
    outer loop
      vertex 11.496 -13.8447 72
      vertex 11.763 -12.6433 70.4
      vertex 11.2965 -13.7695 72
    endloop
  endfacet
  facet normal 0.675621 -0.420118 0.605836
    outer loop
      vertex 5.14844 6.8425 70.4
      vertex 4.49514 8.09918 72
      vertex 4.09272 7.45202 72
    endloop
  endfacet
  facet normal 0.230973 -0.761321 0.60584
    outer loop
      vertex 13.4581 13.2187 70.4
      vertex 12.9385 14.3343 72
      vertex 12.6011 12.9587 70.4
    endloop
  endfacet
  facet normal 0.231005 -0.761309 0.605842
    outer loop
      vertex 12.9385 14.3343 72
      vertex 13.4581 13.2187 70.4
      vertex 13.1425 14.3962 72
    endloop
  endfacet
  facet normal -0.180701 -0.774792 0.605842
    outer loop
      vertex 20.5419 13.2187 70.4
      vertex 20.8575 14.3962 72
      vertex 20.1153 14.5693 72
    endloop
  endfacet
  facet normal -0.0260317 -0.795165 0.605834
    outer loop
      vertex 17.895 13.6557 70.4
      vertex 17.7617 14.8791 72
      vertex 17 13.685 70.4
    endloop
  endfacet
  facet normal -0.02612 -0.795167 0.605828
    outer loop
      vertex 17.7617 14.8791 72
      vertex 17.895 13.6557 70.4
      vertex 17.9748 14.8721 72
    endloop
  endfacet
  facet normal 0.614991 -0.504731 0.605832
    outer loop
      vertex 5.17582 9.07301 72
      vertex 6.71107 9.02315 70.4
      vertex 5.31109 9.23783 72
    endloop
  endfacet
  facet normal 0.614999 -0.504713 0.605839
    outer loop
      vertex 6.71107 9.02315 70.4
      vertex 5.17582 9.07301 72
      vertex 6.14296 8.3309 70.4
    endloop
  endfacet
  facet normal -0.420087 -0.675647 0.605828
    outer loop
      vertex 25.0992 12.5049 72
      vertex 24.452 12.9073 72
      vertex 23.8425 11.8516 70.4
    endloop
  endfacet
  facet normal -0.791761 -0.0779849 0.605832
    outer loop
      vertex 31.8512 1.18696 72
      vertex 31.7765 1.94537 72
      vertex 30.5679 1.78625 70.4
    endloop
  endfacet
  facet normal -0.54378 -0.580735 0.605847
    outer loop
      vertex 27.5388 10.5388 72
      vertex 26.9825 11.0597 72
      vertex 26.6768 9.67676 70.4
    endloop
  endfacet
  facet normal -0.646677 -0.463411 0.605855
    outer loop
      vertex 29.2681 8.45356 72
      vertex 28.8242 9.07301 72
      vertex 27.857 8.3309 70.4
    endloop
  endfacet
  facet normal 0.180616 -0.774793 0.605866
    outer loop
      vertex 14.3302 13.422 70.4
      vertex 13.8847 14.5693 72
      vertex 13.4581 13.2187 70.4
    endloop
  endfacet
  facet normal 0.180553 -0.774812 0.605861
    outer loop
      vertex 13.8847 14.5693 72
      vertex 14.3302 13.422 70.4
      vertex 14.0924 14.6177 72
    endloop
  endfacet
  facet normal 0.580673 0.543858 0.605836
    outer loop
      vertex 6.71107 -9.02315 70.4
      vertex 5.9403 -9.98254 72
      vertex 7.32324 -9.67676 70.4
    endloop
  endfacet
  facet normal 0.580661 0.54387 0.605837
    outer loop
      vertex 5.9403 -9.98254 72
      vertex 6.71107 -9.02315 70.4
      vertex 5.79454 -9.82692 72
    endloop
  endfacet
  facet normal 0.580673 -0.543858 0.605836
    outer loop
      vertex 5.9403 9.98254 72
      vertex 6.71107 9.02315 70.4
      vertex 7.32324 9.67676 70.4
    endloop
  endfacet
  facet normal 0.580661 -0.54387 0.605837
    outer loop
      vertex 6.71107 9.02315 70.4
      vertex 5.9403 9.98254 72
      vertex 5.79454 9.82692 72
    endloop
  endfacet
  facet normal 0.375011 0.701663 0.605834
    outer loop
      vertex 10.4081 -13.367 72
      vertex 10.9473 -12.2737 70.4
      vertex 9.73602 -13.0078 72
    endloop
  endfacet
  facet normal 0.724669 -0.328353 0.605838
    outer loop
      vertex 4.7263 6.05272 70.4
      vertex 3.63297 6.59189 72
      vertex 3.31845 5.89775 72
    endloop
  endfacet
  facet normal 0.28062 -0.744463 0.605827
    outer loop
      vertex 11.763 12.6433 70.4
      vertex 11.496 13.8447 72
      vertex 11.2965 13.7695 72
    endloop
  endfacet
  facet normal 0.280211 -0.744593 0.605857
    outer loop
      vertex 11.496 13.8447 72
      vertex 11.763 12.6433 70.4
      vertex 12.6011 12.9587 70.4
    endloop
  endfacet
  facet normal 0.077986 -0.791762 0.605832
    outer loop
      vertex 15.2137 13.5679 70.4
      vertex 15.813 14.8512 72
      vertex 15.0546 14.7765 72
    endloop
  endfacet
  facet normal 0.129559 -0.784973 0.605832
    outer loop
      vertex 15.2137 13.5679 70.4
      vertex 15.0546 14.7765 72
      vertex 14.3027 14.6524 72
    endloop
  endfacet
  facet normal 0.646691 0.463411 0.605839
    outer loop
      vertex 5.17582 -9.07301 72
      vertex 6.14296 -8.3309 70.4
      vertex 4.73193 -8.45356 72
    endloop
  endfacet
  facet normal -0.580578 -0.543942 0.605851
    outer loop
      vertex 28.0597 9.98254 72
      vertex 27.2889 9.02315 70.4
      vertex 28.2055 9.82692 72
    endloop
  endfacet
  facet normal -0.580702 -0.543823 0.60584
    outer loop
      vertex 27.2889 9.02315 70.4
      vertex 28.0597 9.98254 72
      vertex 26.6768 9.67676 70.4
    endloop
  endfacet
  facet normal -0.375 -0.70167 0.605833
    outer loop
      vertex 23.8425 11.8516 70.4
      vertex 24.264 13.0078 72
      vertex 23.0527 12.2737 70.4
    endloop
  endfacet
  facet normal -0.375076 -0.701634 0.605828
    outer loop
      vertex 24.264 13.0078 72
      vertex 23.8425 11.8516 70.4
      vertex 24.452 12.9073 72
    endloop
  endfacet
  facet normal -0.6756 -0.420151 0.605837
    outer loop
      vertex 28.3787 7.60298 70.4
      vertex 29.5049 8.09918 72
      vertex 29.3923 8.28024 72
    endloop
  endfacet
  facet normal -0.675613 -0.420126 0.605839
    outer loop
      vertex 29.5049 8.09918 72
      vertex 28.3787 7.60298 70.4
      vertex 28.8516 6.8425 70.4
    endloop
  endfacet
  facet normal 0.784965 -0.129584 0.605837
    outer loop
      vertex 2.3476 2.69726 72
      vertex 3.57795 2.66981 70.4
      vertex 2.38233 2.90764 72
    endloop
  endfacet
  facet normal 0.784964 -0.129592 0.605836
    outer loop
      vertex 3.57795 2.66981 70.4
      vertex 2.3476 2.69726 72
      vertex 3.43208 1.78625 70.4
    endloop
  endfacet
  facet normal 0.774807 0.18066 0.605835
    outer loop
      vertex 2.6038 -3.85745 72
      vertex 3.7813 -3.54194 70.4
      vertex 2.43075 -3.11528 72
    endloop
  endfacet
  facet normal -0.504667 -0.615017 0.60586
    outer loop
      vertex 26.8269 11.2055 72
      vertex 26.2378 11.6889 72
      vertex 26.0231 10.2889 70.4
    endloop
  endfacet
  facet normal -0.28062 0.744463 0.605827
    outer loop
      vertex 22.237 -12.6433 70.4
      vertex 22.504 -13.8447 72
      vertex 22.7035 -13.7695 72
    endloop
  endfacet
  facet normal -0.280211 0.744593 0.605857
    outer loop
      vertex 22.504 -13.8447 72
      vertex 22.237 -12.6433 70.4
      vertex 21.3989 -12.9587 70.4
    endloop
  endfacet
  facet normal -0.230945 0.761324 0.605847
    outer loop
      vertex 21.7907 -14.1131 72
      vertex 21.3989 -12.9587 70.4
      vertex 21.0615 -14.3343 72
    endloop
  endfacet
  facet normal -0.701669 -0.375008 0.60583
    outer loop
      vertex 30.367 6.59189 72
      vertex 30.0078 7.26398 72
      vertex 29.2737 6.05272 70.4
    endloop
  endfacet
  facet normal -0.580715 -0.543801 0.605847
    outer loop
      vertex 28.0597 9.98254 72
      vertex 27.5388 10.5388 72
      vertex 26.6768 9.67676 70.4
    endloop
  endfacet
  facet normal -0.724683 -0.328338 0.605829
    outer loop
      vertex 30.6815 5.89775 72
      vertex 30.367 6.59189 72
      vertex 29.2737 6.05272 70.4
    endloop
  endfacet
  facet normal -0.784972 -0.12956 0.605833
    outer loop
      vertex 31.7765 1.94537 72
      vertex 31.6524 2.69726 72
      vertex 30.5679 1.78625 70.4
    endloop
  endfacet
  facet normal -0.614948 -0.504808 0.605812
    outer loop
      vertex 27.2889 9.02315 70.4
      vertex 28.8242 9.07301 72
      vertex 28.6889 9.23783 72
    endloop
  endfacet
  facet normal -0.614995 -0.5047 0.605854
    outer loop
      vertex 28.8242 9.07301 72
      vertex 27.2889 9.02315 70.4
      vertex 27.857 8.3309 70.4
    endloop
  endfacet
  facet normal -0.761321 -0.230983 0.605836
    outer loop
      vertex 30.2187 3.54194 70.4
      vertex 31.3343 4.06149 72
      vertex 29.9587 4.3989 70.4
    endloop
  endfacet
  facet normal -0.761328 -0.230965 0.605834
    outer loop
      vertex 31.3343 4.06149 72
      vertex 30.2187 3.54194 70.4
      vertex 31.3962 3.85745 72
    endloop
  endfacet
  facet normal -0.774795 -0.180709 0.605836
    outer loop
      vertex 31.5693 3.11528 72
      vertex 31.3962 3.85745 72
      vertex 30.2187 3.54194 70.4
    endloop
  endfacet
  facet normal -0.701666 -0.375013 0.60583
    outer loop
      vertex 28.8516 6.8425 70.4
      vertex 30.0078 7.26398 72
      vertex 29.9073 7.45202 72
    endloop
  endfacet
  facet normal -0.701669 -0.375009 0.60583
    outer loop
      vertex 30.0078 7.26398 72
      vertex 28.8516 6.8425 70.4
      vertex 29.2737 6.05272 70.4
    endloop
  endfacet
  facet normal 0.724678 -0.32831 0.60585
    outer loop
      vertex 3.23046 5.70353 72
      vertex 4.7263 6.05272 70.4
      vertex 3.31845 5.89775 72
    endloop
  endfacet
  facet normal 0.724673 -0.328346 0.605837
    outer loop
      vertex 4.7263 6.05272 70.4
      vertex 3.23046 5.70353 72
      vertex 4.35671 5.23702 70.4
    endloop
  endfacet
  facet normal -0.375002 -0.701668 0.605834
    outer loop
      vertex 24.264 13.0078 72
      vertex 23.5919 13.367 72
      vertex 23.0527 12.2737 70.4
    endloop
  endfacet
  facet normal 0.774802 -0.180678 0.605837
    outer loop
      vertex 3.57795 2.66981 70.4
      vertex 2.43075 3.11528 72
      vertex 2.38233 2.90764 72
    endloop
  endfacet
  facet normal 0.774807 -0.180658 0.605835
    outer loop
      vertex 2.43075 3.11528 72
      vertex 3.57795 2.66981 70.4
      vertex 3.7813 3.54194 70.4
    endloop
  endfacet
  facet normal 0.463411 -0.646677 0.605855
    outer loop
      vertex 8.6691 10.857 70.4
      vertex 8.54644 12.2681 72
      vertex 7.92699 11.8242 72
    endloop
  endfacet
  facet normal -0.744487 -0.280558 0.605827
    outer loop
      vertex 29.6433 5.23702 70.4
      vertex 30.8447 5.50398 72
      vertex 30.7695 5.70353 72
    endloop
  endfacet
  facet normal -0.744598 -0.280206 0.605853
    outer loop
      vertex 30.8447 5.50398 72
      vertex 29.6433 5.23702 70.4
      vertex 29.9587 4.3989 70.4
    endloop
  endfacet
  facet normal 0.504808 -0.614948 0.605812
    outer loop
      vertex 7.97685 10.2889 70.4
      vertex 7.92699 11.8242 72
      vertex 7.76217 11.6889 72
    endloop
  endfacet
  facet normal 0.5047 -0.614995 0.605854
    outer loop
      vertex 7.92699 11.8242 72
      vertex 7.97685 10.2889 70.4
      vertex 8.6691 10.857 70.4
    endloop
  endfacet
  facet normal 0.543827 -0.580692 0.605846
    outer loop
      vertex 7.32324 9.67676 70.4
      vertex 7.01746 11.0597 72
      vertex 6.46125 10.5388 72
    endloop
  endfacet
  facet normal 0.615 0.504714 0.605837
    outer loop
      vertex 5.79454 -9.82692 72
      vertex 6.71107 -9.02315 70.4
      vertex 5.31109 -9.23783 72
    endloop
  endfacet
  facet normal 0.58069 0.54383 0.605845
    outer loop
      vertex 6.46125 -10.5388 72
      vertex 7.32324 -9.67676 70.4
      vertex 5.9403 -9.98254 72
    endloop
  endfacet
  facet normal 0.675621 0.420118 0.605836
    outer loop
      vertex 4.49514 -8.09918 72
      vertex 5.14844 -6.8425 70.4
      vertex 4.09272 -7.45202 72
    endloop
  endfacet
  facet normal 0.774807 -0.18066 0.605835
    outer loop
      vertex 3.7813 3.54194 70.4
      vertex 2.6038 3.85745 72
      vertex 2.43075 3.11528 72
    endloop
  endfacet
  facet normal -0.761326 -0.230926 0.605852
    outer loop
      vertex 31.3343 4.06149 72
      vertex 31.1131 4.79075 72
      vertex 29.9587 4.3989 70.4
    endloop
  endfacet
  facet normal 0.420105 -0.675634 0.605831
    outer loop
      vertex 10.1575 11.8516 70.4
      vertex 9.54798 12.9073 72
      vertex 8.90082 12.5049 72
    endloop
  endfacet
  facet normal 0.375013 -0.701666 0.60583
    outer loop
      vertex 10.1575 11.8516 70.4
      vertex 9.73602 13.0078 72
      vertex 9.54798 12.9073 72
    endloop
  endfacet
  facet normal 0.375001 -0.701672 0.60583
    outer loop
      vertex 9.73602 13.0078 72
      vertex 10.1575 11.8516 70.4
      vertex 10.9473 12.2737 70.4
    endloop
  endfacet
  facet normal -0.774797 -0.180611 0.605863
    outer loop
      vertex 30.422 2.66981 70.4
      vertex 31.5693 3.11528 72
      vertex 30.2187 3.54194 70.4
    endloop
  endfacet
  facet normal -0.774799 -0.180602 0.605862
    outer loop
      vertex 31.5693 3.11528 72
      vertex 30.422 2.66981 70.4
      vertex 31.6177 2.90764 72
    endloop
  endfacet
  facet normal -0.744599 -0.280205 0.605852
    outer loop
      vertex 31.1131 4.79075 72
      vertex 30.8447 5.50398 72
      vertex 29.9587 4.3989 70.4
    endloop
  endfacet
  facet normal -0.791763 -0.0780028 0.605827
    outer loop
      vertex 30.6557 0.895041 70.4
      vertex 31.8512 1.18696 72
      vertex 30.5679 1.78625 70.4
    endloop
  endfacet
  facet normal -0.791766 -0.0779866 0.605826
    outer loop
      vertex 31.8512 1.18696 72
      vertex 30.6557 0.895041 70.4
      vertex 31.8721 0.974771 72
    endloop
  endfacet
  facet normal -0.784966 -0.129472 0.60586
    outer loop
      vertex 30.422 2.66981 70.4
      vertex 31.6524 2.69726 72
      vertex 31.6177 2.90764 72
    endloop
  endfacet
  facet normal -0.784949 -0.129617 0.60585
    outer loop
      vertex 31.6524 2.69726 72
      vertex 30.422 2.66981 70.4
      vertex 30.5679 1.78625 70.4
    endloop
  endfacet
  facet normal -0.995183 -0.0980341 0
    outer loop
      vertex 44.7041 2.93006 3.2
      vertex 44.4167 5.84757 45.5
      vertex 44.4167 5.84757 3.2
    endloop
  endfacet
  facet normal -0.995183 -0.0980341 0
    outer loop
      vertex 44.4167 5.84757 45.5
      vertex 44.7041 2.93006 3.2
      vertex 44.7041 2.93006 45.5
    endloop
  endfacet
  facet normal -0.999465 -0.0327122 0
    outer loop
      vertex 44.8 0 3.2
      vertex 44.7041 2.93006 45.5
      vertex 44.7041 2.93006 3.2
    endloop
  endfacet
  facet normal -0.999465 -0.0327122 0
    outer loop
      vertex 44.7041 2.93006 45.5
      vertex 44.8 0 3.2
      vertex 44.8 0 45.5
    endloop
  endfacet
  facet normal -0.986646 -0.162879 0
    outer loop
      vertex 44.4167 5.84757 3.2
      vertex 43.9392 8.74005 45.5
      vertex 43.9392 8.74005 3.2
    endloop
  endfacet
  facet normal -0.986646 -0.162879 0
    outer loop
      vertex 43.9392 8.74005 45.5
      vertex 44.4167 5.84757 3.2
      vertex 44.4167 5.84757 45.5
    endloop
  endfacet
  facet normal -0.973877 -0.227075 0
    outer loop
      vertex 43.9392 8.74005 3.2
      vertex 43.2735 11.5951 45.5
      vertex 43.2735 11.5951 3.2
    endloop
  endfacet
  facet normal -0.973877 -0.227075 0
    outer loop
      vertex 43.2735 11.5951 45.5
      vertex 43.9392 8.74005 3.2
      vertex 43.9392 8.74005 45.5
    endloop
  endfacet
  facet normal 0.634389 -0.773014 0
    outer loop
      vertex -29.5387 33.6824 3.2
      vertex -27.2725 35.5422 45.5
      vertex -29.5387 33.6824 45.5
    endloop
  endfacet
  facet normal 0.634389 -0.773014 0
    outer loop
      vertex -27.2725 35.5422 45.5
      vertex -29.5387 33.6824 3.2
      vertex -27.2725 35.5422 3.2
    endloop
  endfacet
  facet normal -0.412708 0.910863 0
    outer loop
      vertex 19.8145 -40.1799 3.2
      vertex 17.1442 -41.3898 45.5
      vertex 19.8145 -40.1799 45.5
    endloop
  endfacet
  facet normal -0.412708 0.910863 0
    outer loop
      vertex 17.1442 -41.3898 45.5
      vertex 19.8145 -40.1799 3.2
      vertex 17.1442 -41.3898 3.2
    endloop
  endfacet
  facet normal 0.849198 -0.528075 0
    outer loop
      vertex -38.7979 22.4 45.5
      vertex -37.2498 24.8895 3.2
      vertex -37.2498 24.8895 45.5
    endloop
  endfacet
  facet normal 0.849198 -0.528075 0
    outer loop
      vertex -37.2498 24.8895 3.2
      vertex -38.7979 22.4 45.5
      vertex -38.7979 22.4 3.2
    endloop
  endfacet
  facet normal -0.999465 0.0327122 0
    outer loop
      vertex 44.7041 -2.93006 3.2
      vertex 44.8 0 45.5
      vertex 44.8 0 3.2
    endloop
  endfacet
  facet normal -0.999465 0.0327122 0
    outer loop
      vertex 44.8 0 45.5
      vertex 44.7041 -2.93006 3.2
      vertex 44.7041 -2.93006 45.5
    endloop
  endfacet
  facet normal 0.227075 -0.973877 0
    outer loop
      vertex -11.5951 43.2735 3.2
      vertex -8.74005 43.9392 45.5
      vertex -11.5951 43.2735 45.5
    endloop
  endfacet
  facet normal 0.227075 -0.973877 0
    outer loop
      vertex -8.74005 43.9392 45.5
      vertex -11.5951 43.2735 3.2
      vertex -8.74005 43.9392 3.2
    endloop
  endfacet
  facet normal -0.986646 0.162879 0
    outer loop
      vertex 43.9392 -8.74005 3.2
      vertex 44.4167 -5.84757 45.5
      vertex 44.4167 -5.84757 3.2
    endloop
  endfacet
  facet normal -0.986646 0.162879 0
    outer loop
      vertex 44.4167 -5.84757 45.5
      vertex 43.9392 -8.74005 3.2
      vertex 43.9392 -8.74005 45.5
    endloop
  endfacet
  facet normal 0.0327122 -0.999465 0
    outer loop
      vertex -2.93006 44.7041 3.2
      vertex 0 44.8 45.5
      vertex -2.93006 44.7041 45.5
    endloop
  endfacet
  facet normal 0.0327122 -0.999465 0
    outer loop
      vertex 0 44.8 45.5
      vertex -2.93006 44.7041 3.2
      vertex 0 44.8 3.2
    endloop
  endfacet
  facet normal -0.0327122 -0.999465 0
    outer loop
      vertex 0 44.8 3.2
      vertex 2.93006 44.7041 45.5
      vertex 0 44.8 45.5
    endloop
  endfacet
  facet normal -0.0327122 -0.999465 -0
    outer loop
      vertex 2.93006 44.7041 45.5
      vertex 0 44.8 3.2
      vertex 2.93006 44.7041 3.2
    endloop
  endfacet
  facet normal -0.58247 -0.812852 0
    outer loop
      vertex 24.8895 37.2498 3.2
      vertex 27.2725 35.5422 45.5
      vertex 24.8895 37.2498 45.5
    endloop
  endfacet
  facet normal -0.58247 -0.812852 -0
    outer loop
      vertex 27.2725 35.5422 45.5
      vertex 24.8895 37.2498 3.2
      vertex 27.2725 35.5422 3.2
    endloop
  endfacet
  facet normal -0.471402 -0.881918 0
    outer loop
      vertex 19.8145 40.1799 3.2
      vertex 22.4 38.7979 45.5
      vertex 19.8145 40.1799 45.5
    endloop
  endfacet
  facet normal -0.471402 -0.881918 -0
    outer loop
      vertex 22.4 38.7979 45.5
      vertex 19.8145 40.1799 3.2
      vertex 22.4 38.7979 3.2
    endloop
  endfacet
  facet normal 0.973877 -0.227075 0
    outer loop
      vertex -43.9392 8.74005 45.5
      vertex -43.2735 11.5951 3.2
      vertex -43.2735 11.5951 45.5
    endloop
  endfacet
  facet normal 0.973877 -0.227075 0
    outer loop
      vertex -43.2735 11.5951 3.2
      vertex -43.9392 8.74005 45.5
      vertex -43.9392 8.74005 3.2
    endloop
  endfacet
  facet normal 0.412708 0.910863 -0
    outer loop
      vertex -17.1442 -41.3898 3.2
      vertex -19.8145 -40.1799 45.5
      vertex -17.1442 -41.3898 45.5
    endloop
  endfacet
  facet normal 0.412708 0.910863 0
    outer loop
      vertex -19.8145 -40.1799 45.5
      vertex -17.1442 -41.3898 3.2
      vertex -19.8145 -40.1799 3.2
    endloop
  endfacet
  facet normal 0.683584 -0.729872 0
    outer loop
      vertex -31.6784 31.6784 3.2
      vertex -29.5387 33.6824 45.5
      vertex -31.6784 31.6784 45.5
    endloop
  endfacet
  facet normal 0.683584 -0.729872 0
    outer loop
      vertex -29.5387 33.6824 45.5
      vertex -31.6784 31.6784 3.2
      vertex -29.5387 33.6824 3.2
    endloop
  endfacet
  facet normal 0.910863 -0.412708 0
    outer loop
      vertex -41.3898 17.1442 45.5
      vertex -40.1799 19.8145 3.2
      vertex -40.1799 19.8145 45.5
    endloop
  endfacet
  facet normal 0.910863 -0.412708 0
    outer loop
      vertex -40.1799 19.8145 3.2
      vertex -41.3898 17.1442 45.5
      vertex -41.3898 17.1442 3.2
    endloop
  endfacet
  facet normal -0.910863 -0.412708 0
    outer loop
      vertex 41.3898 17.1442 3.2
      vertex 40.1799 19.8145 45.5
      vertex 40.1799 19.8145 3.2
    endloop
  endfacet
  facet normal -0.910863 -0.412708 0
    outer loop
      vertex 40.1799 19.8145 45.5
      vertex 41.3898 17.1442 3.2
      vertex 41.3898 17.1442 45.5
    endloop
  endfacet
  facet normal -0.812852 -0.58247 0
    outer loop
      vertex 37.2498 24.8895 3.2
      vertex 35.5422 27.2725 45.5
      vertex 35.5422 27.2725 3.2
    endloop
  endfacet
  facet normal -0.812852 -0.58247 0
    outer loop
      vertex 35.5422 27.2725 45.5
      vertex 37.2498 24.8895 3.2
      vertex 37.2498 24.8895 45.5
    endloop
  endfacet
  facet normal 0.935901 -0.352263 0
    outer loop
      vertex -42.4225 14.4005 45.5
      vertex -41.3898 17.1442 3.2
      vertex -41.3898 17.1442 45.5
    endloop
  endfacet
  facet normal 0.935901 -0.352263 0
    outer loop
      vertex -41.3898 17.1442 3.2
      vertex -42.4225 14.4005 45.5
      vertex -42.4225 14.4005 3.2
    endloop
  endfacet
  facet normal -0.956941 -0.290282 0
    outer loop
      vertex 43.2735 11.5951 3.2
      vertex 42.4225 14.4005 45.5
      vertex 42.4225 14.4005 3.2
    endloop
  endfacet
  facet normal -0.956941 -0.290282 0
    outer loop
      vertex 42.4225 14.4005 45.5
      vertex 43.2735 11.5951 3.2
      vertex 43.2735 11.5951 45.5
    endloop
  endfacet
  facet normal -0.0980341 -0.995183 0
    outer loop
      vertex 2.93006 44.7041 3.2
      vertex 5.84757 44.4167 45.5
      vertex 2.93006 44.7041 45.5
    endloop
  endfacet
  facet normal -0.0980341 -0.995183 -0
    outer loop
      vertex 5.84757 44.4167 45.5
      vertex 2.93006 44.7041 3.2
      vertex 5.84757 44.4167 3.2
    endloop
  endfacet
  facet normal 0.412708 -0.910863 0
    outer loop
      vertex -19.8145 40.1799 3.2
      vertex -17.1442 41.3898 45.5
      vertex -19.8145 40.1799 45.5
    endloop
  endfacet
  facet normal 0.412708 -0.910863 0
    outer loop
      vertex -17.1442 41.3898 45.5
      vertex -19.8145 40.1799 3.2
      vertex -17.1442 41.3898 3.2
    endloop
  endfacet
  facet normal -0.227075 0.973877 0
    outer loop
      vertex 11.5951 -43.2735 3.2
      vertex 8.74005 -43.9392 45.5
      vertex 11.5951 -43.2735 45.5
    endloop
  endfacet
  facet normal -0.227075 0.973877 0
    outer loop
      vertex 8.74005 -43.9392 45.5
      vertex 11.5951 -43.2735 3.2
      vertex 8.74005 -43.9392 3.2
    endloop
  endfacet
  facet normal -0.910863 0.412708 0
    outer loop
      vertex 40.1799 -19.8145 3.2
      vertex 41.3898 -17.1442 45.5
      vertex 41.3898 -17.1442 3.2
    endloop
  endfacet
  facet normal -0.910863 0.412708 0
    outer loop
      vertex 41.3898 -17.1442 45.5
      vertex 40.1799 -19.8145 3.2
      vertex 40.1799 -19.8145 45.5
    endloop
  endfacet
  facet normal -0.0980341 0.995183 0
    outer loop
      vertex 5.84757 -44.4167 3.2
      vertex 2.93006 -44.7041 45.5
      vertex 5.84757 -44.4167 45.5
    endloop
  endfacet
  facet normal -0.0980341 0.995183 0
    outer loop
      vertex 2.93006 -44.7041 45.5
      vertex 5.84757 -44.4167 3.2
      vertex 2.93006 -44.7041 3.2
    endloop
  endfacet
  facet normal -0.881918 -0.471402 0
    outer loop
      vertex 40.1799 19.8145 3.2
      vertex 38.7979 22.4 45.5
      vertex 38.7979 22.4 3.2
    endloop
  endfacet
  facet normal -0.881918 -0.471402 0
    outer loop
      vertex 38.7979 22.4 45.5
      vertex 40.1799 19.8145 3.2
      vertex 40.1799 19.8145 45.5
    endloop
  endfacet
  facet normal 0.528075 -0.849198 0
    outer loop
      vertex -24.8895 37.2498 3.2
      vertex -22.4 38.7979 45.5
      vertex -24.8895 37.2498 45.5
    endloop
  endfacet
  facet normal 0.528075 -0.849198 0
    outer loop
      vertex -22.4 38.7979 45.5
      vertex -24.8895 37.2498 3.2
      vertex -22.4 38.7979 3.2
    endloop
  endfacet
  facet normal -0.935901 -0.352263 0
    outer loop
      vertex 42.4225 14.4005 3.2
      vertex 41.3898 17.1442 45.5
      vertex 41.3898 17.1442 3.2
    endloop
  endfacet
  facet normal -0.935901 -0.352263 0
    outer loop
      vertex 41.3898 17.1442 45.5
      vertex 42.4225 14.4005 3.2
      vertex 42.4225 14.4005 45.5
    endloop
  endfacet
  facet normal -0.634389 -0.773014 0
    outer loop
      vertex 27.2725 35.5422 3.2
      vertex 29.5387 33.6824 45.5
      vertex 27.2725 35.5422 45.5
    endloop
  endfacet
  facet normal -0.634389 -0.773014 -0
    outer loop
      vertex 29.5387 33.6824 45.5
      vertex 27.2725 35.5422 3.2
      vertex 29.5387 33.6824 3.2
    endloop
  endfacet
  facet normal 0 0 -1
    outer loop
      vertex 42.88 0 45.5
      vertex 44.8 0 45.5
      vertex 44.7041 -2.93006 45.5
    endloop
  endfacet
  facet normal 0 0 -1
    outer loop
      vertex 42.7882 -2.80449 45.5
      vertex 44.7041 -2.93006 45.5
      vertex 44.4167 -5.84757 45.5
    endloop
  endfacet
  facet normal 0 0 -1
    outer loop
      vertex 44.8 0 45.5
      vertex 42.88 0 45.5
      vertex 44.7041 2.93006 45.5
    endloop
  endfacet
  facet normal 0 0 -1
    outer loop
      vertex 42.5132 -5.59696 45.5
      vertex 44.4167 -5.84757 45.5
      vertex 43.9392 -8.74005 45.5
    endloop
  endfacet
  facet normal 0 0 -1
    outer loop
      vertex 42.7882 2.80449 45.5
      vertex 44.7041 2.93006 45.5
      vertex 42.88 0 45.5
    endloop
  endfacet
  facet normal 0 0 -1
    outer loop
      vertex 42.0561 -8.36547 45.5
      vertex 43.9392 -8.74005 45.5
      vertex 43.2735 -11.5951 45.5
    endloop
  endfacet
  facet normal -0 0 -1
    outer loop
      vertex 44.7041 2.93006 45.5
      vertex 42.7882 2.80449 45.5
      vertex 44.4167 5.84757 45.5
    endloop
  endfacet
  facet normal 0 0 -1
    outer loop
      vertex 42.5132 5.59696 45.5
      vertex 44.4167 5.84757 45.5
      vertex 42.7882 2.80449 45.5
    endloop
  endfacet
  facet normal 0 0 -1
    outer loop
      vertex 44.7041 -2.93006 45.5
      vertex 42.7882 -2.80449 45.5
      vertex 42.88 0 45.5
    endloop
  endfacet
  facet normal 0 0 -1
    outer loop
      vertex 44.4167 -5.84757 45.5
      vertex 42.5132 -5.59696 45.5
      vertex 42.7882 -2.80449 45.5
    endloop
  endfacet
  facet normal 0 0 -1
    outer loop
      vertex 41.4189 -11.0982 45.5
      vertex 43.2735 -11.5951 45.5
      vertex 42.4225 -14.4005 45.5
    endloop
  endfacet
  facet normal 0 0 -1
    outer loop
      vertex 43.9392 -8.74005 45.5
      vertex 42.0561 -8.36547 45.5
      vertex 42.5132 -5.59696 45.5
    endloop
  endfacet
  facet normal 0 0 -1
    outer loop
      vertex 43.2735 -11.5951 45.5
      vertex 41.4189 -11.0982 45.5
      vertex 42.0561 -8.36547 45.5
    endloop
  endfacet
  facet normal 0 0 -1
    outer loop
      vertex 40.6044 -13.7833 45.5
      vertex 42.4225 -14.4005 45.5
      vertex 41.3898 -17.1442 45.5
    endloop
  endfacet
  facet normal 0 0 -1
    outer loop
      vertex 42.4225 -14.4005 45.5
      vertex 40.6044 -13.7833 45.5
      vertex 41.4189 -11.0982 45.5
    endloop
  endfacet
  facet normal 0 0 -1
    outer loop
      vertex 39.616 -16.4095 45.5
      vertex 41.3898 -17.1442 45.5
      vertex 40.1799 -19.8145 45.5
    endloop
  endfacet
  facet normal 0 0 -1
    outer loop
      vertex 41.3898 -17.1442 45.5
      vertex 39.616 -16.4095 45.5
      vertex 40.6044 -13.7833 45.5
    endloop
  endfacet
  facet normal 0 0 -1
    outer loop
      vertex 38.4579 -18.9653 45.5
      vertex 40.1799 -19.8145 45.5
      vertex 38.7979 -22.4 45.5
    endloop
  endfacet
  facet normal 0 0 -1
    outer loop
      vertex 40.1799 -19.8145 45.5
      vertex 38.4579 -18.9653 45.5
      vertex 39.616 -16.4095 45.5
    endloop
  endfacet
  facet normal 0 0 -1
    outer loop
      vertex 37.1352 -21.44 45.5
      vertex 38.7979 -22.4 45.5
      vertex 37.2498 -24.8895 45.5
    endloop
  endfacet
  facet normal 0 0 -1
    outer loop
      vertex 38.7979 -22.4 45.5
      vertex 37.1352 -21.44 45.5
      vertex 38.4579 -18.9653 45.5
    endloop
  endfacet
  facet normal 0 0 -1
    outer loop
      vertex 37.2498 -24.8895 45.5
      vertex 35.6534 -23.8229 45.5
      vertex 37.1352 -21.44 45.5
    endloop
  endfacet
  facet normal 0 0 -1
    outer loop
      vertex 35.5422 -27.2725 45.5
      vertex 35.6534 -23.8229 45.5
      vertex 37.2498 -24.8895 45.5
    endloop
  endfacet
  facet normal 0 0 -1
    outer loop
      vertex 35.5422 -27.2725 45.5
      vertex 34.019 -26.1037 45.5
      vertex 35.6534 -23.8229 45.5
    endloop
  endfacet
  facet normal 0 0 -1
    outer loop
      vertex 33.6824 -29.5387 45.5
      vertex 34.019 -26.1037 45.5
      vertex 35.5422 -27.2725 45.5
    endloop
  endfacet
  facet normal 0 0 -1
    outer loop
      vertex 33.6824 -29.5387 45.5
      vertex 32.2389 -28.2727 45.5
      vertex 34.019 -26.1037 45.5
    endloop
  endfacet
  facet normal 0 0 -1
    outer loop
      vertex 31.6784 -31.6784 45.5
      vertex 32.2389 -28.2727 45.5
      vertex 33.6824 -29.5387 45.5
    endloop
  endfacet
  facet normal 0 0 -1
    outer loop
      vertex 31.6784 -31.6784 45.5
      vertex 30.3207 -30.3207 45.5
      vertex 32.2389 -28.2727 45.5
    endloop
  endfacet
  facet normal 0 0 -1
    outer loop
      vertex 29.5387 -33.6824 45.5
      vertex 30.3207 -30.3207 45.5
      vertex 31.6784 -31.6784 45.5
    endloop
  endfacet
  facet normal 0 0 -1
    outer loop
      vertex 29.5387 -33.6824 45.5
      vertex 28.2727 -32.2389 45.5
      vertex 30.3207 -30.3207 45.5
    endloop
  endfacet
  facet normal 0 0 -1
    outer loop
      vertex 27.2725 -35.5422 45.5
      vertex 28.2727 -32.2389 45.5
      vertex 29.5387 -33.6824 45.5
    endloop
  endfacet
  facet normal 0 0 -1
    outer loop
      vertex 27.2725 -35.5422 45.5
      vertex 26.1037 -34.019 45.5
      vertex 28.2727 -32.2389 45.5
    endloop
  endfacet
  facet normal 0 0 -1
    outer loop
      vertex 24.8895 -37.2498 45.5
      vertex 26.1037 -34.019 45.5
      vertex 27.2725 -35.5422 45.5
    endloop
  endfacet
  facet normal 0 0 -1
    outer loop
      vertex 24.8895 -37.2498 45.5
      vertex 23.8229 -35.6534 45.5
      vertex 26.1037 -34.019 45.5
    endloop
  endfacet
  facet normal 0 0 -1
    outer loop
      vertex 22.4 -38.7979 45.5
      vertex 23.8229 -35.6534 45.5
      vertex 24.8895 -37.2498 45.5
    endloop
  endfacet
  facet normal 0 0 -1
    outer loop
      vertex 22.4 -38.7979 45.5
      vertex 21.44 -37.1352 45.5
      vertex 23.8229 -35.6534 45.5
    endloop
  endfacet
  facet normal 0 0 -1
    outer loop
      vertex 19.8145 -40.1799 45.5
      vertex 21.44 -37.1352 45.5
      vertex 22.4 -38.7979 45.5
    endloop
  endfacet
  facet normal 0 0 -1
    outer loop
      vertex 19.8145 -40.1799 45.5
      vertex 18.9653 -38.4579 45.5
      vertex 21.44 -37.1352 45.5
    endloop
  endfacet
  facet normal 0 0 -1
    outer loop
      vertex 17.1442 -41.3898 45.5
      vertex 18.9653 -38.4579 45.5
      vertex 19.8145 -40.1799 45.5
    endloop
  endfacet
  facet normal 0 0 -1
    outer loop
      vertex 17.1442 -41.3898 45.5
      vertex 16.4095 -39.616 45.5
      vertex 18.9653 -38.4579 45.5
    endloop
  endfacet
  facet normal 0 0 -1
    outer loop
      vertex 14.4005 -42.4225 45.5
      vertex 16.4095 -39.616 45.5
      vertex 17.1442 -41.3898 45.5
    endloop
  endfacet
  facet normal 0 0 -1
    outer loop
      vertex 14.4005 -42.4225 45.5
      vertex 13.7833 -40.6044 45.5
      vertex 16.4095 -39.616 45.5
    endloop
  endfacet
  facet normal 0 0 -1
    outer loop
      vertex 11.5951 -43.2735 45.5
      vertex 13.7833 -40.6044 45.5
      vertex 14.4005 -42.4225 45.5
    endloop
  endfacet
  facet normal 0 0 -1
    outer loop
      vertex 11.5951 -43.2735 45.5
      vertex 11.0982 -41.4189 45.5
      vertex 13.7833 -40.6044 45.5
    endloop
  endfacet
  facet normal 0 0 -1
    outer loop
      vertex 8.74005 -43.9392 45.5
      vertex 11.0982 -41.4189 45.5
      vertex 11.5951 -43.2735 45.5
    endloop
  endfacet
  facet normal 0 0 -1
    outer loop
      vertex 8.74005 -43.9392 45.5
      vertex 8.36547 -42.0561 45.5
      vertex 11.0982 -41.4189 45.5
    endloop
  endfacet
  facet normal 0 0 -1
    outer loop
      vertex 5.84757 -44.4167 45.5
      vertex 8.36547 -42.0561 45.5
      vertex 8.74005 -43.9392 45.5
    endloop
  endfacet
  facet normal 0 0 -1
    outer loop
      vertex 5.84757 -44.4167 45.5
      vertex 5.59696 -42.5132 45.5
      vertex 8.36547 -42.0561 45.5
    endloop
  endfacet
  facet normal 0 0 -1
    outer loop
      vertex 2.93006 -44.7041 45.5
      vertex 5.59696 -42.5132 45.5
      vertex 5.84757 -44.4167 45.5
    endloop
  endfacet
  facet normal 0 0 -1
    outer loop
      vertex 2.93006 -44.7041 45.5
      vertex 2.80449 -42.7882 45.5
      vertex 5.59696 -42.5132 45.5
    endloop
  endfacet
  facet normal 0 0 -1
    outer loop
      vertex 0 -44.8 45.5
      vertex 2.80449 -42.7882 45.5
      vertex 2.93006 -44.7041 45.5
    endloop
  endfacet
  facet normal 0 0 -1
    outer loop
      vertex 0 -44.8 45.5
      vertex 0 -42.88 45.5
      vertex 2.80449 -42.7882 45.5
    endloop
  endfacet
  facet normal 0 0 -1
    outer loop
      vertex 0 -44.8 45.5
      vertex -2.80449 -42.7882 45.5
      vertex 0 -42.88 45.5
    endloop
  endfacet
  facet normal 0 0 -1
    outer loop
      vertex -2.93006 -44.7041 45.5
      vertex -2.80449 -42.7882 45.5
      vertex 0 -44.8 45.5
    endloop
  endfacet
  facet normal 0 0 -1
    outer loop
      vertex -2.93006 -44.7041 45.5
      vertex -5.59696 -42.5132 45.5
      vertex -2.80449 -42.7882 45.5
    endloop
  endfacet
  facet normal 0 0 -1
    outer loop
      vertex -5.84757 -44.4167 45.5
      vertex -5.59696 -42.5132 45.5
      vertex -2.93006 -44.7041 45.5
    endloop
  endfacet
  facet normal 0 0 -1
    outer loop
      vertex -5.84757 -44.4167 45.5
      vertex -8.36547 -42.0561 45.5
      vertex -5.59696 -42.5132 45.5
    endloop
  endfacet
  facet normal 0 0 -1
    outer loop
      vertex -8.74005 -43.9392 45.5
      vertex -8.36547 -42.0561 45.5
      vertex -5.84757 -44.4167 45.5
    endloop
  endfacet
  facet normal 0 0 -1
    outer loop
      vertex -8.74005 -43.9392 45.5
      vertex -11.0982 -41.4189 45.5
      vertex -8.36547 -42.0561 45.5
    endloop
  endfacet
  facet normal 0 0 -1
    outer loop
      vertex -11.5951 -43.2735 45.5
      vertex -11.0982 -41.4189 45.5
      vertex -8.74005 -43.9392 45.5
    endloop
  endfacet
  facet normal 0 0 -1
    outer loop
      vertex -11.5951 -43.2735 45.5
      vertex -13.7833 -40.6044 45.5
      vertex -11.0982 -41.4189 45.5
    endloop
  endfacet
  facet normal 0 0 -1
    outer loop
      vertex -14.4005 -42.4225 45.5
      vertex -13.7833 -40.6044 45.5
      vertex -11.5951 -43.2735 45.5
    endloop
  endfacet
  facet normal 0 0 -1
    outer loop
      vertex -14.4005 -42.4225 45.5
      vertex -16.4095 -39.616 45.5
      vertex -13.7833 -40.6044 45.5
    endloop
  endfacet
  facet normal 0 0 -1
    outer loop
      vertex -17.1442 -41.3898 45.5
      vertex -16.4095 -39.616 45.5
      vertex -14.4005 -42.4225 45.5
    endloop
  endfacet
  facet normal 0 0 -1
    outer loop
      vertex -17.1442 -41.3898 45.5
      vertex -18.9653 -38.4579 45.5
      vertex -16.4095 -39.616 45.5
    endloop
  endfacet
  facet normal 0 0 -1
    outer loop
      vertex -19.8145 -40.1799 45.5
      vertex -18.9653 -38.4579 45.5
      vertex -17.1442 -41.3898 45.5
    endloop
  endfacet
  facet normal 0 0 -1
    outer loop
      vertex -19.8145 -40.1799 45.5
      vertex -21.44 -37.1352 45.5
      vertex -18.9653 -38.4579 45.5
    endloop
  endfacet
  facet normal 0 0 -1
    outer loop
      vertex -22.4 -38.7979 45.5
      vertex -21.44 -37.1352 45.5
      vertex -19.8145 -40.1799 45.5
    endloop
  endfacet
  facet normal 0 0 -1
    outer loop
      vertex -22.4 -38.7979 45.5
      vertex -23.8229 -35.6534 45.5
      vertex -21.44 -37.1352 45.5
    endloop
  endfacet
  facet normal 0 0 -1
    outer loop
      vertex -24.8895 -37.2498 45.5
      vertex -23.8229 -35.6534 45.5
      vertex -22.4 -38.7979 45.5
    endloop
  endfacet
  facet normal 0 0 -1
    outer loop
      vertex -24.8895 -37.2498 45.5
      vertex -26.1037 -34.019 45.5
      vertex -23.8229 -35.6534 45.5
    endloop
  endfacet
  facet normal 0 0 -1
    outer loop
      vertex -27.2725 -35.5422 45.5
      vertex -26.1037 -34.019 45.5
      vertex -24.8895 -37.2498 45.5
    endloop
  endfacet
  facet normal 0 0 -1
    outer loop
      vertex -27.2725 -35.5422 45.5
      vertex -28.2727 -32.2389 45.5
      vertex -26.1037 -34.019 45.5
    endloop
  endfacet
  facet normal 0 0 -1
    outer loop
      vertex -29.5387 -33.6824 45.5
      vertex -28.2727 -32.2389 45.5
      vertex -27.2725 -35.5422 45.5
    endloop
  endfacet
  facet normal 0 0 -1
    outer loop
      vertex -29.5387 -33.6824 45.5
      vertex -30.3207 -30.3207 45.5
      vertex -28.2727 -32.2389 45.5
    endloop
  endfacet
  facet normal 0 0 -1
    outer loop
      vertex -31.6784 -31.6784 45.5
      vertex -30.3207 -30.3207 45.5
      vertex -29.5387 -33.6824 45.5
    endloop
  endfacet
  facet normal 0 0 -1
    outer loop
      vertex -31.6784 -31.6784 45.5
      vertex -32.2389 -28.2727 45.5
      vertex -30.3207 -30.3207 45.5
    endloop
  endfacet
  facet normal 0 0 -1
    outer loop
      vertex -33.6824 -29.5387 45.5
      vertex -32.2389 -28.2727 45.5
      vertex -31.6784 -31.6784 45.5
    endloop
  endfacet
  facet normal 0 0 -1
    outer loop
      vertex -33.6824 -29.5387 45.5
      vertex -34.019 -26.1037 45.5
      vertex -32.2389 -28.2727 45.5
    endloop
  endfacet
  facet normal 0 0 -1
    outer loop
      vertex -35.5422 -27.2725 45.5
      vertex -34.019 -26.1037 45.5
      vertex -33.6824 -29.5387 45.5
    endloop
  endfacet
  facet normal 0 0 -1
    outer loop
      vertex -35.5422 -27.2725 45.5
      vertex -35.6534 -23.8229 45.5
      vertex -34.019 -26.1037 45.5
    endloop
  endfacet
  facet normal 0 0 -1
    outer loop
      vertex -37.2498 -24.8895 45.5
      vertex -35.6534 -23.8229 45.5
      vertex -35.5422 -27.2725 45.5
    endloop
  endfacet
  facet normal -0 0 -1
    outer loop
      vertex -35.6534 -23.8229 45.5
      vertex -37.2498 -24.8895 45.5
      vertex -37.1352 -21.44 45.5
    endloop
  endfacet
  facet normal 0 0 -1
    outer loop
      vertex -38.7979 -22.4 45.5
      vertex -37.1352 -21.44 45.5
      vertex -37.2498 -24.8895 45.5
    endloop
  endfacet
  facet normal -0 0 -1
    outer loop
      vertex -37.1352 -21.44 45.5
      vertex -38.7979 -22.4 45.5
      vertex -38.4579 -18.9653 45.5
    endloop
  endfacet
  facet normal 0 0 -1
    outer loop
      vertex -40.1799 -19.8145 45.5
      vertex -38.4579 -18.9653 45.5
      vertex -38.7979 -22.4 45.5
    endloop
  endfacet
  facet normal -0 0 -1
    outer loop
      vertex -38.4579 -18.9653 45.5
      vertex -40.1799 -19.8145 45.5
      vertex -39.616 -16.4095 45.5
    endloop
  endfacet
  facet normal 0 0 -1
    outer loop
      vertex -41.3898 -17.1442 45.5
      vertex -39.616 -16.4095 45.5
      vertex -40.1799 -19.8145 45.5
    endloop
  endfacet
  facet normal -0 0 -1
    outer loop
      vertex -39.616 -16.4095 45.5
      vertex -41.3898 -17.1442 45.5
      vertex -40.6044 -13.7833 45.5
    endloop
  endfacet
  facet normal 0 0 -1
    outer loop
      vertex -42.4225 -14.4005 45.5
      vertex -40.6044 -13.7833 45.5
      vertex -41.3898 -17.1442 45.5
    endloop
  endfacet
  facet normal -0 0 -1
    outer loop
      vertex -40.6044 -13.7833 45.5
      vertex -42.4225 -14.4005 45.5
      vertex -41.4189 -11.0982 45.5
    endloop
  endfacet
  facet normal 0 0 -1
    outer loop
      vertex -43.2735 -11.5951 45.5
      vertex -41.4189 -11.0982 45.5
      vertex -42.4225 -14.4005 45.5
    endloop
  endfacet
  facet normal -0 0 -1
    outer loop
      vertex -41.4189 -11.0982 45.5
      vertex -43.2735 -11.5951 45.5
      vertex -42.0561 -8.36547 45.5
    endloop
  endfacet
  facet normal 0 0 -1
    outer loop
      vertex -43.9392 -8.74005 45.5
      vertex -42.0561 -8.36547 45.5
      vertex -43.2735 -11.5951 45.5
    endloop
  endfacet
  facet normal -0 0 -1
    outer loop
      vertex -42.0561 -8.36547 45.5
      vertex -43.9392 -8.74005 45.5
      vertex -42.5132 -5.59696 45.5
    endloop
  endfacet
  facet normal 0 0 -1
    outer loop
      vertex -44.4167 -5.84757 45.5
      vertex -42.5132 -5.59696 45.5
      vertex -43.9392 -8.74005 45.5
    endloop
  endfacet
  facet normal -0 0 -1
    outer loop
      vertex 44.4167 5.84757 45.5
      vertex 42.5132 5.59696 45.5
      vertex 43.9392 8.74005 45.5
    endloop
  endfacet
  facet normal 0 0 -1
    outer loop
      vertex 42.0561 8.36547 45.5
      vertex 43.9392 8.74005 45.5
      vertex 42.5132 5.59696 45.5
    endloop
  endfacet
  facet normal -0 0 -1
    outer loop
      vertex 43.9392 8.74005 45.5
      vertex 42.0561 8.36547 45.5
      vertex 43.2735 11.5951 45.5
    endloop
  endfacet
  facet normal 0 0 -1
    outer loop
      vertex 41.4189 11.0982 45.5
      vertex 43.2735 11.5951 45.5
      vertex 42.0561 8.36547 45.5
    endloop
  endfacet
  facet normal -0 0 -1
    outer loop
      vertex 43.2735 11.5951 45.5
      vertex 41.4189 11.0982 45.5
      vertex 42.4225 14.4005 45.5
    endloop
  endfacet
  facet normal 0 0 -1
    outer loop
      vertex 40.6044 13.7833 45.5
      vertex 42.4225 14.4005 45.5
      vertex 41.4189 11.0982 45.5
    endloop
  endfacet
  facet normal -0 0 -1
    outer loop
      vertex 42.4225 14.4005 45.5
      vertex 40.6044 13.7833 45.5
      vertex 41.3898 17.1442 45.5
    endloop
  endfacet
  facet normal 0 0 -1
    outer loop
      vertex 39.616 16.4095 45.5
      vertex 41.3898 17.1442 45.5
      vertex 40.6044 13.7833 45.5
    endloop
  endfacet
  facet normal -0 0 -1
    outer loop
      vertex 41.3898 17.1442 45.5
      vertex 39.616 16.4095 45.5
      vertex 40.1799 19.8145 45.5
    endloop
  endfacet
  facet normal 0 0 -1
    outer loop
      vertex 38.4579 18.9653 45.5
      vertex 40.1799 19.8145 45.5
      vertex 39.616 16.4095 45.5
    endloop
  endfacet
  facet normal -0 0 -1
    outer loop
      vertex 40.1799 19.8145 45.5
      vertex 38.4579 18.9653 45.5
      vertex 38.7979 22.4 45.5
    endloop
  endfacet
  facet normal 0 0 -1
    outer loop
      vertex 37.1352 21.44 45.5
      vertex 38.7979 22.4 45.5
      vertex 38.4579 18.9653 45.5
    endloop
  endfacet
  facet normal -0 0 -1
    outer loop
      vertex 38.7979 22.4 45.5
      vertex 37.1352 21.44 45.5
      vertex 37.2498 24.8895 45.5
    endloop
  endfacet
  facet normal 0 0 -1
    outer loop
      vertex 35.6534 23.8229 45.5
      vertex 37.2498 24.8895 45.5
      vertex 37.1352 21.44 45.5
    endloop
  endfacet
  facet normal 0 0 -1
    outer loop
      vertex 35.6534 23.8229 45.5
      vertex 35.5422 27.2725 45.5
      vertex 37.2498 24.8895 45.5
    endloop
  endfacet
  facet normal 0 0 -1
    outer loop
      vertex 34.019 26.1037 45.5
      vertex 35.5422 27.2725 45.5
      vertex 35.6534 23.8229 45.5
    endloop
  endfacet
  facet normal 0 0 -1
    outer loop
      vertex 34.019 26.1037 45.5
      vertex 33.6824 29.5387 45.5
      vertex 35.5422 27.2725 45.5
    endloop
  endfacet
  facet normal 0 0 -1
    outer loop
      vertex 32.2389 28.2727 45.5
      vertex 33.6824 29.5387 45.5
      vertex 34.019 26.1037 45.5
    endloop
  endfacet
  facet normal 0 0 -1
    outer loop
      vertex 32.2389 28.2727 45.5
      vertex 31.6784 31.6784 45.5
      vertex 33.6824 29.5387 45.5
    endloop
  endfacet
  facet normal 0 0 -1
    outer loop
      vertex 30.3207 30.3207 45.5
      vertex 31.6784 31.6784 45.5
      vertex 32.2389 28.2727 45.5
    endloop
  endfacet
  facet normal 0 0 -1
    outer loop
      vertex 30.3207 30.3207 45.5
      vertex 29.5387 33.6824 45.5
      vertex 31.6784 31.6784 45.5
    endloop
  endfacet
  facet normal 0 0 -1
    outer loop
      vertex 28.2727 32.2389 45.5
      vertex 29.5387 33.6824 45.5
      vertex 30.3207 30.3207 45.5
    endloop
  endfacet
  facet normal 0 0 -1
    outer loop
      vertex 28.2727 32.2389 45.5
      vertex 27.2725 35.5422 45.5
      vertex 29.5387 33.6824 45.5
    endloop
  endfacet
  facet normal 0 0 -1
    outer loop
      vertex 26.1037 34.019 45.5
      vertex 27.2725 35.5422 45.5
      vertex 28.2727 32.2389 45.5
    endloop
  endfacet
  facet normal 0 0 -1
    outer loop
      vertex 26.1037 34.019 45.5
      vertex 24.8895 37.2498 45.5
      vertex 27.2725 35.5422 45.5
    endloop
  endfacet
  facet normal 0 0 -1
    outer loop
      vertex 23.8229 35.6534 45.5
      vertex 24.8895 37.2498 45.5
      vertex 26.1037 34.019 45.5
    endloop
  endfacet
  facet normal 0 0 -1
    outer loop
      vertex 23.8229 35.6534 45.5
      vertex 22.4 38.7979 45.5
      vertex 24.8895 37.2498 45.5
    endloop
  endfacet
  facet normal 0 0 -1
    outer loop
      vertex 21.44 37.1352 45.5
      vertex 22.4 38.7979 45.5
      vertex 23.8229 35.6534 45.5
    endloop
  endfacet
  facet normal 0 0 -1
    outer loop
      vertex 21.44 37.1352 45.5
      vertex 19.8145 40.1799 45.5
      vertex 22.4 38.7979 45.5
    endloop
  endfacet
  facet normal 0 0 -1
    outer loop
      vertex 18.9653 38.4579 45.5
      vertex 19.8145 40.1799 45.5
      vertex 21.44 37.1352 45.5
    endloop
  endfacet
  facet normal 0 0 -1
    outer loop
      vertex 18.9653 38.4579 45.5
      vertex 17.1442 41.3898 45.5
      vertex 19.8145 40.1799 45.5
    endloop
  endfacet
  facet normal 0 0 -1
    outer loop
      vertex 16.4095 39.616 45.5
      vertex 17.1442 41.3898 45.5
      vertex 18.9653 38.4579 45.5
    endloop
  endfacet
  facet normal 0 0 -1
    outer loop
      vertex 16.4095 39.616 45.5
      vertex 14.4005 42.4225 45.5
      vertex 17.1442 41.3898 45.5
    endloop
  endfacet
  facet normal 0 0 -1
    outer loop
      vertex 13.7833 40.6044 45.5
      vertex 14.4005 42.4225 45.5
      vertex 16.4095 39.616 45.5
    endloop
  endfacet
  facet normal 0 0 -1
    outer loop
      vertex 13.7833 40.6044 45.5
      vertex 11.5951 43.2735 45.5
      vertex 14.4005 42.4225 45.5
    endloop
  endfacet
  facet normal 0 0 -1
    outer loop
      vertex 11.0982 41.4189 45.5
      vertex 11.5951 43.2735 45.5
      vertex 13.7833 40.6044 45.5
    endloop
  endfacet
  facet normal 0 0 -1
    outer loop
      vertex 11.0982 41.4189 45.5
      vertex 8.74005 43.9392 45.5
      vertex 11.5951 43.2735 45.5
    endloop
  endfacet
  facet normal 0 0 -1
    outer loop
      vertex 8.36547 42.0561 45.5
      vertex 8.74005 43.9392 45.5
      vertex 11.0982 41.4189 45.5
    endloop
  endfacet
  facet normal 0 0 -1
    outer loop
      vertex 8.36547 42.0561 45.5
      vertex 5.84757 44.4167 45.5
      vertex 8.74005 43.9392 45.5
    endloop
  endfacet
  facet normal 0 0 -1
    outer loop
      vertex 5.59696 42.5132 45.5
      vertex 5.84757 44.4167 45.5
      vertex 8.36547 42.0561 45.5
    endloop
  endfacet
  facet normal 0 0 -1
    outer loop
      vertex 5.59696 42.5132 45.5
      vertex 2.93006 44.7041 45.5
      vertex 5.84757 44.4167 45.5
    endloop
  endfacet
  facet normal 0 0 -1
    outer loop
      vertex 2.80449 42.7882 45.5
      vertex 2.93006 44.7041 45.5
      vertex 5.59696 42.5132 45.5
    endloop
  endfacet
  facet normal 0 0 -1
    outer loop
      vertex 0 42.88 45.5
      vertex 2.93006 44.7041 45.5
      vertex 2.80449 42.7882 45.5
    endloop
  endfacet
  facet normal 0 0 -1
    outer loop
      vertex 0 42.88 45.5
      vertex 0 44.8 45.5
      vertex 2.93006 44.7041 45.5
    endloop
  endfacet
  facet normal 0 0 -1
    outer loop
      vertex -2.80449 42.7882 45.5
      vertex 0 44.8 45.5
      vertex 0 42.88 45.5
    endloop
  endfacet
  facet normal 0 0 -1
    outer loop
      vertex -2.80449 42.7882 45.5
      vertex -2.93006 44.7041 45.5
      vertex 0 44.8 45.5
    endloop
  endfacet
  facet normal 0 0 -1
    outer loop
      vertex -5.59696 42.5132 45.5
      vertex -2.93006 44.7041 45.5
      vertex -2.80449 42.7882 45.5
    endloop
  endfacet
  facet normal 0 0 -1
    outer loop
      vertex -5.59696 42.5132 45.5
      vertex -5.84757 44.4167 45.5
      vertex -2.93006 44.7041 45.5
    endloop
  endfacet
  facet normal 0 0 -1
    outer loop
      vertex -8.36547 42.0561 45.5
      vertex -5.84757 44.4167 45.5
      vertex -5.59696 42.5132 45.5
    endloop
  endfacet
  facet normal 0 0 -1
    outer loop
      vertex -8.36547 42.0561 45.5
      vertex -8.74005 43.9392 45.5
      vertex -5.84757 44.4167 45.5
    endloop
  endfacet
  facet normal 0 0 -1
    outer loop
      vertex -11.0982 41.4189 45.5
      vertex -8.74005 43.9392 45.5
      vertex -8.36547 42.0561 45.5
    endloop
  endfacet
  facet normal 0 0 -1
    outer loop
      vertex -11.0982 41.4189 45.5
      vertex -11.5951 43.2735 45.5
      vertex -8.74005 43.9392 45.5
    endloop
  endfacet
  facet normal 0 0 -1
    outer loop
      vertex -13.7833 40.6044 45.5
      vertex -11.5951 43.2735 45.5
      vertex -11.0982 41.4189 45.5
    endloop
  endfacet
  facet normal 0 0 -1
    outer loop
      vertex -13.7833 40.6044 45.5
      vertex -14.4005 42.4225 45.5
      vertex -11.5951 43.2735 45.5
    endloop
  endfacet
  facet normal 0 0 -1
    outer loop
      vertex -16.4095 39.616 45.5
      vertex -14.4005 42.4225 45.5
      vertex -13.7833 40.6044 45.5
    endloop
  endfacet
  facet normal 0 0 -1
    outer loop
      vertex -16.4095 39.616 45.5
      vertex -17.1442 41.3898 45.5
      vertex -14.4005 42.4225 45.5
    endloop
  endfacet
  facet normal 0 0 -1
    outer loop
      vertex -18.9653 38.4579 45.5
      vertex -17.1442 41.3898 45.5
      vertex -16.4095 39.616 45.5
    endloop
  endfacet
  facet normal 0 0 -1
    outer loop
      vertex -18.9653 38.4579 45.5
      vertex -19.8145 40.1799 45.5
      vertex -17.1442 41.3898 45.5
    endloop
  endfacet
  facet normal 0 0 -1
    outer loop
      vertex -21.44 37.1352 45.5
      vertex -19.8145 40.1799 45.5
      vertex -18.9653 38.4579 45.5
    endloop
  endfacet
  facet normal 0 0 -1
    outer loop
      vertex -21.44 37.1352 45.5
      vertex -22.4 38.7979 45.5
      vertex -19.8145 40.1799 45.5
    endloop
  endfacet
  facet normal 0 0 -1
    outer loop
      vertex -23.8229 35.6534 45.5
      vertex -22.4 38.7979 45.5
      vertex -21.44 37.1352 45.5
    endloop
  endfacet
  facet normal 0 0 -1
    outer loop
      vertex -23.8229 35.6534 45.5
      vertex -24.8895 37.2498 45.5
      vertex -22.4 38.7979 45.5
    endloop
  endfacet
  facet normal 0 0 -1
    outer loop
      vertex -26.1037 34.019 45.5
      vertex -24.8895 37.2498 45.5
      vertex -23.8229 35.6534 45.5
    endloop
  endfacet
  facet normal 0 0 -1
    outer loop
      vertex -26.1037 34.019 45.5
      vertex -27.2725 35.5422 45.5
      vertex -24.8895 37.2498 45.5
    endloop
  endfacet
  facet normal 0 0 -1
    outer loop
      vertex -28.2727 32.2389 45.5
      vertex -27.2725 35.5422 45.5
      vertex -26.1037 34.019 45.5
    endloop
  endfacet
  facet normal 0 0 -1
    outer loop
      vertex -28.2727 32.2389 45.5
      vertex -29.5387 33.6824 45.5
      vertex -27.2725 35.5422 45.5
    endloop
  endfacet
  facet normal 0 0 -1
    outer loop
      vertex -30.3207 30.3207 45.5
      vertex -29.5387 33.6824 45.5
      vertex -28.2727 32.2389 45.5
    endloop
  endfacet
  facet normal 0 0 -1
    outer loop
      vertex -30.3207 30.3207 45.5
      vertex -31.6784 31.6784 45.5
      vertex -29.5387 33.6824 45.5
    endloop
  endfacet
  facet normal 0 0 -1
    outer loop
      vertex -32.2389 28.2727 45.5
      vertex -31.6784 31.6784 45.5
      vertex -30.3207 30.3207 45.5
    endloop
  endfacet
  facet normal 0 0 -1
    outer loop
      vertex -32.2389 28.2727 45.5
      vertex -33.6824 29.5387 45.5
      vertex -31.6784 31.6784 45.5
    endloop
  endfacet
  facet normal 0 0 -1
    outer loop
      vertex -34.019 26.1037 45.5
      vertex -33.6824 29.5387 45.5
      vertex -32.2389 28.2727 45.5
    endloop
  endfacet
  facet normal 0 0 -1
    outer loop
      vertex -34.019 26.1037 45.5
      vertex -35.5422 27.2725 45.5
      vertex -33.6824 29.5387 45.5
    endloop
  endfacet
  facet normal 0 0 -1
    outer loop
      vertex -35.6534 23.8229 45.5
      vertex -35.5422 27.2725 45.5
      vertex -34.019 26.1037 45.5
    endloop
  endfacet
  facet normal 0 0 -1
    outer loop
      vertex -37.2498 24.8895 45.5
      vertex -35.6534 23.8229 45.5
      vertex -37.1352 21.44 45.5
    endloop
  endfacet
  facet normal 0 0 -1
    outer loop
      vertex -35.6534 23.8229 45.5
      vertex -37.2498 24.8895 45.5
      vertex -35.5422 27.2725 45.5
    endloop
  endfacet
  facet normal 0 0 -1
    outer loop
      vertex -38.7979 22.4 45.5
      vertex -37.1352 21.44 45.5
      vertex -38.4579 18.9653 45.5
    endloop
  endfacet
  facet normal 0 0 -1
    outer loop
      vertex -37.1352 21.44 45.5
      vertex -38.7979 22.4 45.5
      vertex -37.2498 24.8895 45.5
    endloop
  endfacet
  facet normal 0 0 -1
    outer loop
      vertex -40.1799 19.8145 45.5
      vertex -38.4579 18.9653 45.5
      vertex -39.616 16.4095 45.5
    endloop
  endfacet
  facet normal 0 0 -1
    outer loop
      vertex -38.4579 18.9653 45.5
      vertex -40.1799 19.8145 45.5
      vertex -38.7979 22.4 45.5
    endloop
  endfacet
  facet normal 0 0 -1
    outer loop
      vertex -41.3898 17.1442 45.5
      vertex -39.616 16.4095 45.5
      vertex -40.6044 13.7833 45.5
    endloop
  endfacet
  facet normal 0 0 -1
    outer loop
      vertex -39.616 16.4095 45.5
      vertex -41.3898 17.1442 45.5
      vertex -40.1799 19.8145 45.5
    endloop
  endfacet
  facet normal 0 0 -1
    outer loop
      vertex -42.4225 14.4005 45.5
      vertex -40.6044 13.7833 45.5
      vertex -41.4189 11.0982 45.5
    endloop
  endfacet
  facet normal 0 0 -1
    outer loop
      vertex -43.2735 11.5951 45.5
      vertex -41.4189 11.0982 45.5
      vertex -42.0561 8.36547 45.5
    endloop
  endfacet
  facet normal 0 0 -1
    outer loop
      vertex -40.6044 13.7833 45.5
      vertex -42.4225 14.4005 45.5
      vertex -41.3898 17.1442 45.5
    endloop
  endfacet
  facet normal 0 0 -1
    outer loop
      vertex -43.9392 8.74005 45.5
      vertex -42.0561 8.36547 45.5
      vertex -42.5132 5.59696 45.5
    endloop
  endfacet
  facet normal 0 0 -1
    outer loop
      vertex -44.4167 5.84757 45.5
      vertex -42.5132 5.59696 45.5
      vertex -42.7882 2.80449 45.5
    endloop
  endfacet
  facet normal 0 0 -1
    outer loop
      vertex -44.7041 2.93006 45.5
      vertex -42.7882 2.80449 45.5
      vertex -42.88 0 45.5
    endloop
  endfacet
  facet normal -0 0 -1
    outer loop
      vertex -42.5132 -5.59696 45.5
      vertex -44.4167 -5.84757 45.5
      vertex -42.7882 -2.80449 45.5
    endloop
  endfacet
  facet normal 0 0 -1
    outer loop
      vertex -41.4189 11.0982 45.5
      vertex -43.2735 11.5951 45.5
      vertex -42.4225 14.4005 45.5
    endloop
  endfacet
  facet normal 0 0 -1
    outer loop
      vertex -44.7041 -2.93006 45.5
      vertex -42.7882 -2.80449 45.5
      vertex -44.4167 -5.84757 45.5
    endloop
  endfacet
  facet normal 0 0 -1
    outer loop
      vertex -42.0561 8.36547 45.5
      vertex -43.9392 8.74005 45.5
      vertex -43.2735 11.5951 45.5
    endloop
  endfacet
  facet normal -0 0 -1
    outer loop
      vertex -42.7882 -2.80449 45.5
      vertex -44.7041 -2.93006 45.5
      vertex -42.88 0 45.5
    endloop
  endfacet
  facet normal 0 0 -1
    outer loop
      vertex -42.5132 5.59696 45.5
      vertex -44.4167 5.84757 45.5
      vertex -43.9392 8.74005 45.5
    endloop
  endfacet
  facet normal 0 0 -1
    outer loop
      vertex -44.8 0 45.5
      vertex -42.88 0 45.5
      vertex -44.7041 -2.93006 45.5
    endloop
  endfacet
  facet normal 0 0 -1
    outer loop
      vertex -42.7882 2.80449 45.5
      vertex -44.7041 2.93006 45.5
      vertex -44.4167 5.84757 45.5
    endloop
  endfacet
  facet normal 0 0 -1
    outer loop
      vertex -42.88 0 45.5
      vertex -44.8 0 45.5
      vertex -44.7041 2.93006 45.5
    endloop
  endfacet
  facet normal -0.290282 0.956941 0
    outer loop
      vertex 14.4005 -42.4225 3.2
      vertex 11.5951 -43.2735 45.5
      vertex 14.4005 -42.4225 45.5
    endloop
  endfacet
  facet normal -0.290282 0.956941 0
    outer loop
      vertex 11.5951 -43.2735 45.5
      vertex 14.4005 -42.4225 3.2
      vertex 11.5951 -43.2735 3.2
    endloop
  endfacet
  facet normal -0.849198 -0.528075 0
    outer loop
      vertex 38.7979 22.4 3.2
      vertex 37.2498 24.8895 45.5
      vertex 37.2498 24.8895 3.2
    endloop
  endfacet
  facet normal -0.849198 -0.528075 0
    outer loop
      vertex 37.2498 24.8895 45.5
      vertex 38.7979 22.4 3.2
      vertex 38.7979 22.4 45.5
    endloop
  endfacet
  facet normal -0.812852 0.58247 0
    outer loop
      vertex 35.5422 -27.2725 3.2
      vertex 37.2498 -24.8895 45.5
      vertex 37.2498 -24.8895 3.2
    endloop
  endfacet
  facet normal -0.812852 0.58247 0
    outer loop
      vertex 37.2498 -24.8895 45.5
      vertex 35.5422 -27.2725 3.2
      vertex 35.5422 -27.2725 45.5
    endloop
  endfacet
  facet normal -0.162879 -0.986646 0
    outer loop
      vertex 5.84757 44.4167 3.2
      vertex 8.74005 43.9392 45.5
      vertex 5.84757 44.4167 45.5
    endloop
  endfacet
  facet normal -0.162879 -0.986646 -0
    outer loop
      vertex 8.74005 43.9392 45.5
      vertex 5.84757 44.4167 3.2
      vertex 8.74005 43.9392 3.2
    endloop
  endfacet
  facet normal -0.995183 0.0980341 0
    outer loop
      vertex 44.4167 -5.84757 3.2
      vertex 44.7041 -2.93006 45.5
      vertex 44.7041 -2.93006 3.2
    endloop
  endfacet
  facet normal -0.995183 0.0980341 0
    outer loop
      vertex 44.7041 -2.93006 45.5
      vertex 44.4167 -5.84757 3.2
      vertex 44.4167 -5.84757 45.5
    endloop
  endfacet
  facet normal 0.634389 0.773014 -0
    outer loop
      vertex -27.2725 -35.5422 3.2
      vertex -29.5387 -33.6824 45.5
      vertex -27.2725 -35.5422 45.5
    endloop
  endfacet
  facet normal 0.634389 0.773014 0
    outer loop
      vertex -29.5387 -33.6824 45.5
      vertex -27.2725 -35.5422 3.2
      vertex -29.5387 -33.6824 3.2
    endloop
  endfacet
  facet normal -0.973877 0.227075 0
    outer loop
      vertex 43.2735 -11.5951 3.2
      vertex 43.9392 -8.74005 45.5
      vertex 43.9392 -8.74005 3.2
    endloop
  endfacet
  facet normal -0.973877 0.227075 0
    outer loop
      vertex 43.9392 -8.74005 45.5
      vertex 43.2735 -11.5951 3.2
      vertex 43.2735 -11.5951 45.5
    endloop
  endfacet
  facet normal -0.528075 -0.849198 0
    outer loop
      vertex 22.4 38.7979 3.2
      vertex 24.8895 37.2498 45.5
      vertex 22.4 38.7979 45.5
    endloop
  endfacet
  facet normal -0.528075 -0.849198 -0
    outer loop
      vertex 24.8895 37.2498 45.5
      vertex 22.4 38.7979 3.2
      vertex 24.8895 37.2498 3.2
    endloop
  endfacet
  facet normal 0.773014 -0.634389 0
    outer loop
      vertex -35.5422 27.2725 45.5
      vertex -33.6824 29.5387 3.2
      vertex -33.6824 29.5387 45.5
    endloop
  endfacet
  facet normal 0.773014 -0.634389 0
    outer loop
      vertex -33.6824 29.5387 3.2
      vertex -35.5422 27.2725 45.5
      vertex -35.5422 27.2725 3.2
    endloop
  endfacet
  facet normal -0.58247 0.812852 0
    outer loop
      vertex 27.2725 -35.5422 3.2
      vertex 24.8895 -37.2498 45.5
      vertex 27.2725 -35.5422 45.5
    endloop
  endfacet
  facet normal -0.58247 0.812852 0
    outer loop
      vertex 24.8895 -37.2498 45.5
      vertex 27.2725 -35.5422 3.2
      vertex 24.8895 -37.2498 3.2
    endloop
  endfacet
  facet normal 0.162879 0.986646 -0
    outer loop
      vertex -5.84757 -44.4167 3.2
      vertex -8.74005 -43.9392 45.5
      vertex -5.84757 -44.4167 45.5
    endloop
  endfacet
  facet normal 0.162879 0.986646 0
    outer loop
      vertex -8.74005 -43.9392 45.5
      vertex -5.84757 -44.4167 3.2
      vertex -8.74005 -43.9392 3.2
    endloop
  endfacet
  facet normal -0.729872 0.683584 0
    outer loop
      vertex 31.6784 -31.6784 3.2
      vertex 33.6824 -29.5387 45.5
      vertex 33.6824 -29.5387 3.2
    endloop
  endfacet
  facet normal -0.729872 0.683584 0
    outer loop
      vertex 33.6824 -29.5387 45.5
      vertex 31.6784 -31.6784 3.2
      vertex 31.6784 -31.6784 45.5
    endloop
  endfacet
  facet normal -0.683584 -0.729872 0
    outer loop
      vertex 29.5387 33.6824 3.2
      vertex 31.6784 31.6784 45.5
      vertex 29.5387 33.6824 45.5
    endloop
  endfacet
  facet normal -0.683584 -0.729872 -0
    outer loop
      vertex 31.6784 31.6784 45.5
      vertex 29.5387 33.6824 3.2
      vertex 31.6784 31.6784 3.2
    endloop
  endfacet
  facet normal 0.812852 -0.58247 0
    outer loop
      vertex -37.2498 24.8895 45.5
      vertex -35.5422 27.2725 3.2
      vertex -35.5422 27.2725 45.5
    endloop
  endfacet
  facet normal 0.812852 -0.58247 0
    outer loop
      vertex -35.5422 27.2725 3.2
      vertex -37.2498 24.8895 45.5
      vertex -37.2498 24.8895 3.2
    endloop
  endfacet
  facet normal -0.290282 -0.956941 0
    outer loop
      vertex 11.5951 43.2735 3.2
      vertex 14.4005 42.4225 45.5
      vertex 11.5951 43.2735 45.5
    endloop
  endfacet
  facet normal -0.290282 -0.956941 -0
    outer loop
      vertex 14.4005 42.4225 45.5
      vertex 11.5951 43.2735 3.2
      vertex 14.4005 42.4225 3.2
    endloop
  endfacet
  facet normal -0.352263 -0.935901 0
    outer loop
      vertex 14.4005 42.4225 3.2
      vertex 17.1442 41.3898 45.5
      vertex 14.4005 42.4225 45.5
    endloop
  endfacet
  facet normal -0.352263 -0.935901 -0
    outer loop
      vertex 17.1442 41.3898 45.5
      vertex 14.4005 42.4225 3.2
      vertex 17.1442 41.3898 3.2
    endloop
  endfacet
  facet normal 0.162879 -0.986646 0
    outer loop
      vertex -8.74005 43.9392 3.2
      vertex -5.84757 44.4167 45.5
      vertex -8.74005 43.9392 45.5
    endloop
  endfacet
  facet normal 0.162879 -0.986646 0
    outer loop
      vertex -5.84757 44.4167 45.5
      vertex -8.74005 43.9392 3.2
      vertex -5.84757 44.4167 3.2
    endloop
  endfacet
  facet normal -0.528075 0.849198 0
    outer loop
      vertex 24.8895 -37.2498 3.2
      vertex 22.4 -38.7979 45.5
      vertex 24.8895 -37.2498 45.5
    endloop
  endfacet
  facet normal -0.528075 0.849198 0
    outer loop
      vertex 22.4 -38.7979 45.5
      vertex 24.8895 -37.2498 3.2
      vertex 22.4 -38.7979 3.2
    endloop
  endfacet
  facet normal 0.58247 -0.812852 0
    outer loop
      vertex -27.2725 35.5422 3.2
      vertex -24.8895 37.2498 45.5
      vertex -27.2725 35.5422 45.5
    endloop
  endfacet
  facet normal 0.58247 -0.812852 0
    outer loop
      vertex -24.8895 37.2498 45.5
      vertex -27.2725 35.5422 3.2
      vertex -24.8895 37.2498 3.2
    endloop
  endfacet
  facet normal 0.995183 0.0980341 0
    outer loop
      vertex -44.4167 -5.84757 45.5
      vertex -44.7041 -2.93006 3.2
      vertex -44.7041 -2.93006 45.5
    endloop
  endfacet
  facet normal 0.995183 0.0980341 0
    outer loop
      vertex -44.7041 -2.93006 3.2
      vertex -44.4167 -5.84757 45.5
      vertex -44.4167 -5.84757 3.2
    endloop
  endfacet
  facet normal -0.729872 -0.683584 0
    outer loop
      vertex 33.6824 29.5387 3.2
      vertex 31.6784 31.6784 45.5
      vertex 31.6784 31.6784 3.2
    endloop
  endfacet
  facet normal -0.729872 -0.683584 0
    outer loop
      vertex 31.6784 31.6784 45.5
      vertex 33.6824 29.5387 3.2
      vertex 33.6824 29.5387 45.5
    endloop
  endfacet
  facet normal -0.352263 0.935901 0
    outer loop
      vertex 17.1442 -41.3898 3.2
      vertex 14.4005 -42.4225 45.5
      vertex 17.1442 -41.3898 45.5
    endloop
  endfacet
  facet normal -0.352263 0.935901 0
    outer loop
      vertex 14.4005 -42.4225 45.5
      vertex 17.1442 -41.3898 3.2
      vertex 14.4005 -42.4225 3.2
    endloop
  endfacet
  facet normal 0.881918 -0.471402 0
    outer loop
      vertex -40.1799 19.8145 45.5
      vertex -38.7979 22.4 3.2
      vertex -38.7979 22.4 45.5
    endloop
  endfacet
  facet normal 0.881918 -0.471402 0
    outer loop
      vertex -38.7979 22.4 3.2
      vertex -40.1799 19.8145 45.5
      vertex -40.1799 19.8145 3.2
    endloop
  endfacet
  facet normal 0.471402 0.881918 -0
    outer loop
      vertex -19.8145 -40.1799 3.2
      vertex -22.4 -38.7979 45.5
      vertex -19.8145 -40.1799 45.5
    endloop
  endfacet
  facet normal 0.471402 0.881918 0
    outer loop
      vertex -22.4 -38.7979 45.5
      vertex -19.8145 -40.1799 3.2
      vertex -22.4 -38.7979 3.2
    endloop
  endfacet
  facet normal -0.849198 0.528075 0
    outer loop
      vertex 37.2498 -24.8895 3.2
      vertex 38.7979 -22.4 45.5
      vertex 38.7979 -22.4 3.2
    endloop
  endfacet
  facet normal -0.849198 0.528075 0
    outer loop
      vertex 38.7979 -22.4 45.5
      vertex 37.2498 -24.8895 3.2
      vertex 37.2498 -24.8895 45.5
    endloop
  endfacet
  facet normal -0.881918 0.471402 0
    outer loop
      vertex 38.7979 -22.4 3.2
      vertex 40.1799 -19.8145 45.5
      vertex 40.1799 -19.8145 3.2
    endloop
  endfacet
  facet normal -0.881918 0.471402 0
    outer loop
      vertex 40.1799 -19.8145 45.5
      vertex 38.7979 -22.4 3.2
      vertex 38.7979 -22.4 45.5
    endloop
  endfacet
  facet normal 0.956941 0.290282 0
    outer loop
      vertex -42.4225 -14.4005 45.5
      vertex -43.2735 -11.5951 3.2
      vertex -43.2735 -11.5951 45.5
    endloop
  endfacet
  facet normal 0.956941 0.290282 0
    outer loop
      vertex -43.2735 -11.5951 3.2
      vertex -42.4225 -14.4005 45.5
      vertex -42.4225 -14.4005 3.2
    endloop
  endfacet
  facet normal 0.773014 0.634389 0
    outer loop
      vertex -33.6824 -29.5387 45.5
      vertex -35.5422 -27.2725 3.2
      vertex -35.5422 -27.2725 45.5
    endloop
  endfacet
  facet normal 0.773014 0.634389 0
    outer loop
      vertex -35.5422 -27.2725 3.2
      vertex -33.6824 -29.5387 45.5
      vertex -33.6824 -29.5387 3.2
    endloop
  endfacet
  facet normal 0.0980341 0.995183 -0
    outer loop
      vertex -2.93006 -44.7041 3.2
      vertex -5.84757 -44.4167 45.5
      vertex -2.93006 -44.7041 45.5
    endloop
  endfacet
  facet normal 0.0980341 0.995183 0
    outer loop
      vertex -5.84757 -44.4167 45.5
      vertex -2.93006 -44.7041 3.2
      vertex -5.84757 -44.4167 3.2
    endloop
  endfacet
  facet normal -0.683584 0.729872 0
    outer loop
      vertex 31.6784 -31.6784 3.2
      vertex 29.5387 -33.6824 45.5
      vertex 31.6784 -31.6784 45.5
    endloop
  endfacet
  facet normal -0.683584 0.729872 0
    outer loop
      vertex 29.5387 -33.6824 45.5
      vertex 31.6784 -31.6784 3.2
      vertex 29.5387 -33.6824 3.2
    endloop
  endfacet
  facet normal 0.910863 0.412708 0
    outer loop
      vertex -40.1799 -19.8145 45.5
      vertex -41.3898 -17.1442 3.2
      vertex -41.3898 -17.1442 45.5
    endloop
  endfacet
  facet normal 0.910863 0.412708 0
    outer loop
      vertex -41.3898 -17.1442 3.2
      vertex -40.1799 -19.8145 45.5
      vertex -40.1799 -19.8145 3.2
    endloop
  endfacet
  facet normal 0.58247 0.812852 -0
    outer loop
      vertex -24.8895 -37.2498 3.2
      vertex -27.2725 -35.5422 45.5
      vertex -24.8895 -37.2498 45.5
    endloop
  endfacet
  facet normal 0.58247 0.812852 0
    outer loop
      vertex -27.2725 -35.5422 45.5
      vertex -24.8895 -37.2498 3.2
      vertex -27.2725 -35.5422 3.2
    endloop
  endfacet
  facet normal 0.956941 -0.290282 0
    outer loop
      vertex -43.2735 11.5951 45.5
      vertex -42.4225 14.4005 3.2
      vertex -42.4225 14.4005 45.5
    endloop
  endfacet
  facet normal 0.956941 -0.290282 0
    outer loop
      vertex -42.4225 14.4005 3.2
      vertex -43.2735 11.5951 45.5
      vertex -43.2735 11.5951 3.2
    endloop
  endfacet
  facet normal -0.162879 0.986646 0
    outer loop
      vertex 8.74005 -43.9392 3.2
      vertex 5.84757 -44.4167 45.5
      vertex 8.74005 -43.9392 45.5
    endloop
  endfacet
  facet normal -0.162879 0.986646 0
    outer loop
      vertex 5.84757 -44.4167 45.5
      vertex 8.74005 -43.9392 3.2
      vertex 5.84757 -44.4167 3.2
    endloop
  endfacet
  facet normal 0.0327122 0.999465 -0
    outer loop
      vertex 0 -44.8 3.2
      vertex -2.93006 -44.7041 45.5
      vertex 0 -44.8 45.5
    endloop
  endfacet
  facet normal 0.0327122 0.999465 0
    outer loop
      vertex -2.93006 -44.7041 45.5
      vertex 0 -44.8 3.2
      vertex -2.93006 -44.7041 3.2
    endloop
  endfacet
  facet normal -0.956941 0.290282 0
    outer loop
      vertex 42.4225 -14.4005 3.2
      vertex 43.2735 -11.5951 45.5
      vertex 43.2735 -11.5951 3.2
    endloop
  endfacet
  facet normal -0.956941 0.290282 0
    outer loop
      vertex 43.2735 -11.5951 45.5
      vertex 42.4225 -14.4005 3.2
      vertex 42.4225 -14.4005 45.5
    endloop
  endfacet
  facet normal 0.729872 0.683584 0
    outer loop
      vertex -31.6784 -31.6784 45.5
      vertex -33.6824 -29.5387 3.2
      vertex -33.6824 -29.5387 45.5
    endloop
  endfacet
  facet normal 0.729872 0.683584 0
    outer loop
      vertex -33.6824 -29.5387 3.2
      vertex -31.6784 -31.6784 45.5
      vertex -31.6784 -31.6784 3.2
    endloop
  endfacet
  facet normal -0.773014 -0.634389 0
    outer loop
      vertex 35.5422 27.2725 3.2
      vertex 33.6824 29.5387 45.5
      vertex 33.6824 29.5387 3.2
    endloop
  endfacet
  facet normal -0.773014 -0.634389 0
    outer loop
      vertex 33.6824 29.5387 45.5
      vertex 35.5422 27.2725 3.2
      vertex 35.5422 27.2725 45.5
    endloop
  endfacet
  facet normal -0.935901 0.352263 0
    outer loop
      vertex 41.3898 -17.1442 3.2
      vertex 42.4225 -14.4005 45.5
      vertex 42.4225 -14.4005 3.2
    endloop
  endfacet
  facet normal -0.935901 0.352263 0
    outer loop
      vertex 42.4225 -14.4005 45.5
      vertex 41.3898 -17.1442 3.2
      vertex 41.3898 -17.1442 45.5
    endloop
  endfacet
  facet normal 0.0980341 -0.995183 0
    outer loop
      vertex -5.84757 44.4167 3.2
      vertex -2.93006 44.7041 45.5
      vertex -5.84757 44.4167 45.5
    endloop
  endfacet
  facet normal 0.0980341 -0.995183 0
    outer loop
      vertex -2.93006 44.7041 45.5
      vertex -5.84757 44.4167 3.2
      vertex -2.93006 44.7041 3.2
    endloop
  endfacet
  facet normal 0.986646 0.162879 0
    outer loop
      vertex -43.9392 -8.74005 45.5
      vertex -44.4167 -5.84757 3.2
      vertex -44.4167 -5.84757 45.5
    endloop
  endfacet
  facet normal 0.986646 0.162879 0
    outer loop
      vertex -44.4167 -5.84757 3.2
      vertex -43.9392 -8.74005 45.5
      vertex -43.9392 -8.74005 3.2
    endloop
  endfacet
  facet normal 0.227075 0.973877 -0
    outer loop
      vertex -8.74005 -43.9392 3.2
      vertex -11.5951 -43.2735 45.5
      vertex -8.74005 -43.9392 45.5
    endloop
  endfacet
  facet normal 0.227075 0.973877 0
    outer loop
      vertex -11.5951 -43.2735 45.5
      vertex -8.74005 -43.9392 3.2
      vertex -11.5951 -43.2735 3.2
    endloop
  endfacet
  facet normal -0.471402 0.881918 0
    outer loop
      vertex 22.4 -38.7979 3.2
      vertex 19.8145 -40.1799 45.5
      vertex 22.4 -38.7979 45.5
    endloop
  endfacet
  facet normal -0.471402 0.881918 0
    outer loop
      vertex 19.8145 -40.1799 45.5
      vertex 22.4 -38.7979 3.2
      vertex 19.8145 -40.1799 3.2
    endloop
  endfacet
  facet normal -0.227075 -0.973877 0
    outer loop
      vertex 8.74005 43.9392 3.2
      vertex 11.5951 43.2735 45.5
      vertex 8.74005 43.9392 45.5
    endloop
  endfacet
  facet normal -0.227075 -0.973877 -0
    outer loop
      vertex 11.5951 43.2735 45.5
      vertex 8.74005 43.9392 3.2
      vertex 11.5951 43.2735 3.2
    endloop
  endfacet
  facet normal 0.999465 -0.0327122 0
    outer loop
      vertex -44.8 0 45.5
      vertex -44.7041 2.93006 3.2
      vertex -44.7041 2.93006 45.5
    endloop
  endfacet
  facet normal 0.999465 -0.0327122 0
    outer loop
      vertex -44.7041 2.93006 3.2
      vertex -44.8 0 45.5
      vertex -44.8 0 3.2
    endloop
  endfacet
  facet normal 0.729872 -0.683584 0
    outer loop
      vertex -33.6824 29.5387 45.5
      vertex -31.6784 31.6784 3.2
      vertex -31.6784 31.6784 45.5
    endloop
  endfacet
  facet normal 0.729872 -0.683584 0
    outer loop
      vertex -31.6784 31.6784 3.2
      vertex -33.6824 29.5387 45.5
      vertex -33.6824 29.5387 3.2
    endloop
  endfacet
  facet normal 0.683584 0.729872 -0
    outer loop
      vertex -29.5387 -33.6824 3.2
      vertex -31.6784 -31.6784 45.5
      vertex -29.5387 -33.6824 45.5
    endloop
  endfacet
  facet normal 0.683584 0.729872 0
    outer loop
      vertex -31.6784 -31.6784 45.5
      vertex -29.5387 -33.6824 3.2
      vertex -31.6784 -31.6784 3.2
    endloop
  endfacet
  facet normal 0.999465 0.0327122 0
    outer loop
      vertex -44.7041 -2.93006 45.5
      vertex -44.8 0 3.2
      vertex -44.8 0 45.5
    endloop
  endfacet
  facet normal 0.999465 0.0327122 0
    outer loop
      vertex -44.8 0 3.2
      vertex -44.7041 -2.93006 45.5
      vertex -44.7041 -2.93006 3.2
    endloop
  endfacet
  facet normal -0.634389 0.773014 0
    outer loop
      vertex 29.5387 -33.6824 3.2
      vertex 27.2725 -35.5422 45.5
      vertex 29.5387 -33.6824 45.5
    endloop
  endfacet
  facet normal -0.634389 0.773014 0
    outer loop
      vertex 27.2725 -35.5422 45.5
      vertex 29.5387 -33.6824 3.2
      vertex 27.2725 -35.5422 3.2
    endloop
  endfacet
  facet normal -0.412708 -0.910863 0
    outer loop
      vertex 17.1442 41.3898 3.2
      vertex 19.8145 40.1799 45.5
      vertex 17.1442 41.3898 45.5
    endloop
  endfacet
  facet normal -0.412708 -0.910863 -0
    outer loop
      vertex 19.8145 40.1799 45.5
      vertex 17.1442 41.3898 3.2
      vertex 19.8145 40.1799 3.2
    endloop
  endfacet
  facet normal 0.995183 -0.0980341 0
    outer loop
      vertex -44.7041 2.93006 45.5
      vertex -44.4167 5.84757 3.2
      vertex -44.4167 5.84757 45.5
    endloop
  endfacet
  facet normal 0.995183 -0.0980341 0
    outer loop
      vertex -44.4167 5.84757 3.2
      vertex -44.7041 2.93006 45.5
      vertex -44.7041 2.93006 3.2
    endloop
  endfacet
  facet normal 0.471402 -0.881918 0
    outer loop
      vertex -22.4 38.7979 3.2
      vertex -19.8145 40.1799 45.5
      vertex -22.4 38.7979 45.5
    endloop
  endfacet
  facet normal 0.471402 -0.881918 0
    outer loop
      vertex -19.8145 40.1799 45.5
      vertex -22.4 38.7979 3.2
      vertex -19.8145 40.1799 3.2
    endloop
  endfacet
  facet normal 0.973877 0.227075 0
    outer loop
      vertex -43.2735 -11.5951 45.5
      vertex -43.9392 -8.74005 3.2
      vertex -43.9392 -8.74005 45.5
    endloop
  endfacet
  facet normal 0.973877 0.227075 0
    outer loop
      vertex -43.9392 -8.74005 3.2
      vertex -43.2735 -11.5951 45.5
      vertex -43.2735 -11.5951 3.2
    endloop
  endfacet
  facet normal 0.528075 0.849198 -0
    outer loop
      vertex -22.4 -38.7979 3.2
      vertex -24.8895 -37.2498 45.5
      vertex -22.4 -38.7979 45.5
    endloop
  endfacet
  facet normal 0.528075 0.849198 0
    outer loop
      vertex -24.8895 -37.2498 45.5
      vertex -22.4 -38.7979 3.2
      vertex -24.8895 -37.2498 3.2
    endloop
  endfacet
  facet normal -0.0327122 0.999465 0
    outer loop
      vertex 2.93006 -44.7041 3.2
      vertex 0 -44.8 45.5
      vertex 2.93006 -44.7041 45.5
    endloop
  endfacet
  facet normal -0.0327122 0.999465 0
    outer loop
      vertex 0 -44.8 45.5
      vertex 2.93006 -44.7041 3.2
      vertex 0 -44.8 3.2
    endloop
  endfacet
  facet normal 0.812852 0.58247 0
    outer loop
      vertex -35.5422 -27.2725 45.5
      vertex -37.2498 -24.8895 3.2
      vertex -37.2498 -24.8895 45.5
    endloop
  endfacet
  facet normal 0.812852 0.58247 0
    outer loop
      vertex -37.2498 -24.8895 3.2
      vertex -35.5422 -27.2725 45.5
      vertex -35.5422 -27.2725 3.2
    endloop
  endfacet
  facet normal -0.773014 0.634389 0
    outer loop
      vertex 33.6824 -29.5387 3.2
      vertex 35.5422 -27.2725 45.5
      vertex 35.5422 -27.2725 3.2
    endloop
  endfacet
  facet normal -0.773014 0.634389 0
    outer loop
      vertex 35.5422 -27.2725 45.5
      vertex 33.6824 -29.5387 3.2
      vertex 33.6824 -29.5387 45.5
    endloop
  endfacet
  facet normal 0.986646 -0.162879 0
    outer loop
      vertex -44.4167 5.84757 45.5
      vertex -43.9392 8.74005 3.2
      vertex -43.9392 8.74005 45.5
    endloop
  endfacet
  facet normal 0.986646 -0.162879 0
    outer loop
      vertex -43.9392 8.74005 3.2
      vertex -44.4167 5.84757 45.5
      vertex -44.4167 5.84757 3.2
    endloop
  endfacet
  facet normal 0.290282 0.956941 -0
    outer loop
      vertex -11.5951 -43.2735 3.2
      vertex -14.4005 -42.4225 45.5
      vertex -11.5951 -43.2735 45.5
    endloop
  endfacet
  facet normal 0.290282 0.956941 0
    outer loop
      vertex -14.4005 -42.4225 45.5
      vertex -11.5951 -43.2735 3.2
      vertex -14.4005 -42.4225 3.2
    endloop
  endfacet
  facet normal 0.352263 -0.935901 0
    outer loop
      vertex -17.1442 41.3898 3.2
      vertex -14.4005 42.4225 45.5
      vertex -17.1442 41.3898 45.5
    endloop
  endfacet
  facet normal 0.352263 -0.935901 0
    outer loop
      vertex -14.4005 42.4225 45.5
      vertex -17.1442 41.3898 3.2
      vertex -14.4005 42.4225 3.2
    endloop
  endfacet
  facet normal 0.290282 -0.956941 0
    outer loop
      vertex -14.4005 42.4225 3.2
      vertex -11.5951 43.2735 45.5
      vertex -14.4005 42.4225 45.5
    endloop
  endfacet
  facet normal 0.290282 -0.956941 0
    outer loop
      vertex -11.5951 43.2735 45.5
      vertex -14.4005 42.4225 3.2
      vertex -11.5951 43.2735 3.2
    endloop
  endfacet
  facet normal 0.935901 0.352263 0
    outer loop
      vertex -41.3898 -17.1442 45.5
      vertex -42.4225 -14.4005 3.2
      vertex -42.4225 -14.4005 45.5
    endloop
  endfacet
  facet normal 0.935901 0.352263 0
    outer loop
      vertex -42.4225 -14.4005 3.2
      vertex -41.3898 -17.1442 45.5
      vertex -41.3898 -17.1442 3.2
    endloop
  endfacet
  facet normal 0.352263 0.935901 -0
    outer loop
      vertex -14.4005 -42.4225 3.2
      vertex -17.1442 -41.3898 45.5
      vertex -14.4005 -42.4225 45.5
    endloop
  endfacet
  facet normal 0.352263 0.935901 0
    outer loop
      vertex -17.1442 -41.3898 45.5
      vertex -14.4005 -42.4225 3.2
      vertex -17.1442 -41.3898 3.2
    endloop
  endfacet
  facet normal 0.881918 0.471402 0
    outer loop
      vertex -38.7979 -22.4 45.5
      vertex -40.1799 -19.8145 3.2
      vertex -40.1799 -19.8145 45.5
    endloop
  endfacet
  facet normal 0.881918 0.471402 0
    outer loop
      vertex -40.1799 -19.8145 3.2
      vertex -38.7979 -22.4 45.5
      vertex -38.7979 -22.4 3.2
    endloop
  endfacet
  facet normal 0.849198 0.528075 0
    outer loop
      vertex -37.2498 -24.8895 45.5
      vertex -38.7979 -22.4 3.2
      vertex -38.7979 -22.4 45.5
    endloop
  endfacet
  facet normal 0.849198 0.528075 0
    outer loop
      vertex -38.7979 -22.4 3.2
      vertex -37.2498 -24.8895 45.5
      vertex -37.2498 -24.8895 3.2
    endloop
  endfacet
  facet normal -0.995186 -0.098005 0
    outer loop
      vertex 42.7882 2.80449 45.5
      vertex 42.5132 5.59696 50
      vertex 42.5132 5.59696 45.5
    endloop
  endfacet
  facet normal -0.995186 -0.098005 0
    outer loop
      vertex 42.5132 5.59696 50
      vertex 42.7882 2.80449 45.5
      vertex 42.7882 2.80449 50
    endloop
  endfacet
  facet normal -0.999465 -0.0327157 0
    outer loop
      vertex 42.88 0 45.5
      vertex 42.7882 2.80449 50
      vertex 42.7882 2.80449 45.5
    endloop
  endfacet
  facet normal -0.999465 -0.0327157 0
    outer loop
      vertex 42.7882 2.80449 50
      vertex 42.88 0 45.5
      vertex 42.88 0 50
    endloop
  endfacet
  facet normal -0.986642 -0.162901 0
    outer loop
      vertex 42.5132 5.59696 45.5
      vertex 42.0561 8.36547 50
      vertex 42.0561 8.36547 45.5
    endloop
  endfacet
  facet normal -0.986642 -0.162901 0
    outer loop
      vertex 42.0561 8.36547 50
      vertex 42.5132 5.59696 45.5
      vertex 42.5132 5.59696 50
    endloop
  endfacet
  facet normal -0.973876 -0.227082 0
    outer loop
      vertex 42.0561 8.36547 45.5
      vertex 41.4189 11.0982 50
      vertex 41.4189 11.0982 45.5
    endloop
  endfacet
  facet normal -0.973876 -0.227082 0
    outer loop
      vertex 41.4189 11.0982 50
      vertex 42.0561 8.36547 45.5
      vertex 42.0561 8.36547 50
    endloop
  endfacet
  facet normal 0.634403 -0.773002 0
    outer loop
      vertex -28.2727 32.2389 45.5
      vertex -26.1037 34.019 50
      vertex -28.2727 32.2389 50
    endloop
  endfacet
  facet normal 0.634403 -0.773002 0
    outer loop
      vertex -26.1037 34.019 50
      vertex -28.2727 32.2389 45.5
      vertex -26.1037 34.019 45.5
    endloop
  endfacet
  facet normal 0.290279 -0.956942 0
    outer loop
      vertex -13.7833 40.6044 45.5
      vertex -11.0982 41.4189 50
      vertex -13.7833 40.6044 50
    endloop
  endfacet
  facet normal 0.290279 -0.956942 0
    outer loop
      vertex -11.0982 41.4189 50
      vertex -13.7833 40.6044 45.5
      vertex -11.0982 41.4189 45.5
    endloop
  endfacet
  facet normal -0.93591 0.35224 0
    outer loop
      vertex 39.616 -16.4095 45.5
      vertex 40.6044 -13.7833 50
      vertex 40.6044 -13.7833 45.5
    endloop
  endfacet
  facet normal -0.93591 0.35224 0
    outer loop
      vertex 40.6044 -13.7833 50
      vertex 39.616 -16.4095 45.5
      vertex 39.616 -16.4095 50
    endloop
  endfacet
  facet normal -0.910853 -0.412731 0
    outer loop
      vertex 39.616 16.4095 45.5
      vertex 38.4579 18.9653 50
      vertex 38.4579 18.9653 45.5
    endloop
  endfacet
  facet normal -0.910853 -0.412731 0
    outer loop
      vertex 38.4579 18.9653 50
      vertex 39.616 16.4095 45.5
      vertex 39.616 16.4095 50
    endloop
  endfacet
  facet normal -0.849199 -0.528072 0
    outer loop
      vertex 37.1352 21.44 45.5
      vertex 35.6534 23.8229 50
      vertex 35.6534 23.8229 45.5
    endloop
  endfacet
  facet normal -0.849199 -0.528072 0
    outer loop
      vertex 35.6534 23.8229 50
      vertex 37.1352 21.44 45.5
      vertex 37.1352 21.44 50
    endloop
  endfacet
  facet normal -0.881929 0.471382 0
    outer loop
      vertex 37.1352 -21.44 45.5
      vertex 38.4579 -18.9653 50
      vertex 38.4579 -18.9653 45.5
    endloop
  endfacet
  facet normal -0.881929 0.471382 0
    outer loop
      vertex 38.4579 -18.9653 50
      vertex 37.1352 -21.44 45.5
      vertex 37.1352 -21.44 50
    endloop
  endfacet
  facet normal -0.582478 0.812846 0
    outer loop
      vertex 26.1037 -34.019 45.5
      vertex 23.8229 -35.6534 50
      vertex 26.1037 -34.019 50
    endloop
  endfacet
  facet normal -0.582478 0.812846 0
    outer loop
      vertex 23.8229 -35.6534 50
      vertex 26.1037 -34.019 45.5
      vertex 23.8229 -35.6534 45.5
    endloop
  endfacet
  facet normal 0.956942 -0.290279 0
    outer loop
      vertex -41.4189 11.0982 50
      vertex -40.6044 13.7833 45.5
      vertex -40.6044 13.7833 50
    endloop
  endfacet
  facet normal 0.956942 -0.290279 0
    outer loop
      vertex -40.6044 13.7833 45.5
      vertex -41.4189 11.0982 50
      vertex -41.4189 11.0982 45.5
    endloop
  endfacet
  facet normal 0.93591 -0.35224 0
    outer loop
      vertex -40.6044 13.7833 50
      vertex -39.616 16.4095 45.5
      vertex -39.616 16.4095 50
    endloop
  endfacet
  facet normal 0.93591 -0.35224 0
    outer loop
      vertex -39.616 16.4095 45.5
      vertex -40.6044 13.7833 50
      vertex -40.6044 13.7833 45.5
    endloop
  endfacet
  facet normal 0.098005 -0.995186 0
    outer loop
      vertex -5.59696 42.5132 45.5
      vertex -2.80449 42.7882 50
      vertex -5.59696 42.5132 50
    endloop
  endfacet
  facet normal 0.098005 -0.995186 0
    outer loop
      vertex -2.80449 42.7882 50
      vertex -5.59696 42.5132 45.5
      vertex -2.80449 42.7882 45.5
    endloop
  endfacet
  facet normal -0.528072 0.849199 0
    outer loop
      vertex 23.8229 -35.6534 45.5
      vertex 21.44 -37.1352 50
      vertex 23.8229 -35.6534 50
    endloop
  endfacet
  facet normal -0.528072 0.849199 0
    outer loop
      vertex 21.44 -37.1352 50
      vertex 23.8229 -35.6534 45.5
      vertex 21.44 -37.1352 45.5
    endloop
  endfacet
  facet normal -0.995186 0.098005 0
    outer loop
      vertex 42.5132 -5.59696 45.5
      vertex 42.7882 -2.80449 50
      vertex 42.7882 -2.80449 45.5
    endloop
  endfacet
  facet normal -0.995186 0.098005 0
    outer loop
      vertex 42.7882 -2.80449 50
      vertex 42.5132 -5.59696 45.5
      vertex 42.5132 -5.59696 50
    endloop
  endfacet
  facet normal 0.881929 -0.471382 0
    outer loop
      vertex -38.4579 18.9653 50
      vertex -37.1352 21.44 45.5
      vertex -37.1352 21.44 50
    endloop
  endfacet
  facet normal 0.881929 -0.471382 0
    outer loop
      vertex -37.1352 21.44 45.5
      vertex -38.4579 18.9653 50
      vertex -38.4579 18.9653 45.5
    endloop
  endfacet
  facet normal -0.0327157 -0.999465 0
    outer loop
      vertex 0 42.88 45.5
      vertex 2.80449 42.7882 50
      vertex 0 42.88 50
    endloop
  endfacet
  facet normal -0.0327157 -0.999465 -0
    outer loop
      vertex 2.80449 42.7882 50
      vertex 0 42.88 45.5
      vertex 2.80449 42.7882 45.5
    endloop
  endfacet
  facet normal -0.999465 0.0327157 0
    outer loop
      vertex 42.7882 -2.80449 45.5
      vertex 42.88 0 50
      vertex 42.88 0 45.5
    endloop
  endfacet
  facet normal -0.999465 0.0327157 0
    outer loop
      vertex 42.88 0 50
      vertex 42.7882 -2.80449 45.5
      vertex 42.7882 -2.80449 50
    endloop
  endfacet
  facet normal -0.812846 -0.582478 0
    outer loop
      vertex 35.6534 23.8229 45.5
      vertex 34.019 26.1037 50
      vertex 34.019 26.1037 45.5
    endloop
  endfacet
  facet normal -0.812846 -0.582478 0
    outer loop
      vertex 34.019 26.1037 50
      vertex 35.6534 23.8229 45.5
      vertex 35.6534 23.8229 50
    endloop
  endfacet
  facet normal 0.290279 0.956942 -0
    outer loop
      vertex -11.0982 -41.4189 45.5
      vertex -13.7833 -40.6044 50
      vertex -11.0982 -41.4189 50
    endloop
  endfacet
  facet normal 0.290279 0.956942 0
    outer loop
      vertex -13.7833 -40.6044 50
      vertex -11.0982 -41.4189 45.5
      vertex -13.7833 -40.6044 45.5
    endloop
  endfacet
  facet normal -0.956942 0.290279 0
    outer loop
      vertex 40.6044 -13.7833 45.5
      vertex 41.4189 -11.0982 50
      vertex 41.4189 -11.0982 45.5
    endloop
  endfacet
  facet normal -0.956942 0.290279 0
    outer loop
      vertex 41.4189 -11.0982 50
      vertex 40.6044 -13.7833 45.5
      vertex 40.6044 -13.7833 50
    endloop
  endfacet
  facet normal -0.162901 0.986642 0
    outer loop
      vertex 8.36547 -42.0561 45.5
      vertex 5.59696 -42.5132 50
      vertex 8.36547 -42.0561 50
    endloop
  endfacet
  facet normal -0.162901 0.986642 0
    outer loop
      vertex 5.59696 -42.5132 50
      vertex 8.36547 -42.0561 45.5
      vertex 5.59696 -42.5132 45.5
    endloop
  endfacet
  facet normal 0.812846 0.582478 0
    outer loop
      vertex -34.019 -26.1037 50
      vertex -35.6534 -23.8229 45.5
      vertex -35.6534 -23.8229 50
    endloop
  endfacet
  facet normal 0.812846 0.582478 0
    outer loop
      vertex -35.6534 -23.8229 45.5
      vertex -34.019 -26.1037 50
      vertex -34.019 -26.1037 45.5
    endloop
  endfacet
  facet normal 0.729857 0.6836 0
    outer loop
      vertex -30.3207 -30.3207 50
      vertex -32.2389 -28.2727 45.5
      vertex -32.2389 -28.2727 50
    endloop
  endfacet
  facet normal 0.729857 0.6836 0
    outer loop
      vertex -32.2389 -28.2727 45.5
      vertex -30.3207 -30.3207 50
      vertex -30.3207 -30.3207 45.5
    endloop
  endfacet
  facet normal 0.227082 -0.973876 0
    outer loop
      vertex -11.0982 41.4189 45.5
      vertex -8.36547 42.0561 50
      vertex -11.0982 41.4189 50
    endloop
  endfacet
  facet normal 0.227082 -0.973876 0
    outer loop
      vertex -8.36547 42.0561 50
      vertex -11.0982 41.4189 45.5
      vertex -8.36547 42.0561 45.5
    endloop
  endfacet
  facet normal 0.35224 0.93591 -0
    outer loop
      vertex -13.7833 -40.6044 45.5
      vertex -16.4095 -39.616 50
      vertex -13.7833 -40.6044 50
    endloop
  endfacet
  facet normal 0.35224 0.93591 0
    outer loop
      vertex -16.4095 -39.616 50
      vertex -13.7833 -40.6044 45.5
      vertex -16.4095 -39.616 45.5
    endloop
  endfacet
  facet normal -0.582478 -0.812846 0
    outer loop
      vertex 23.8229 35.6534 45.5
      vertex 26.1037 34.019 50
      vertex 23.8229 35.6534 50
    endloop
  endfacet
  facet normal -0.582478 -0.812846 -0
    outer loop
      vertex 26.1037 34.019 50
      vertex 23.8229 35.6534 45.5
      vertex 26.1037 34.019 45.5
    endloop
  endfacet
  facet normal 0.582478 -0.812846 0
    outer loop
      vertex -26.1037 34.019 45.5
      vertex -23.8229 35.6534 50
      vertex -26.1037 34.019 50
    endloop
  endfacet
  facet normal 0.582478 -0.812846 0
    outer loop
      vertex -23.8229 35.6534 50
      vertex -26.1037 34.019 45.5
      vertex -23.8229 35.6534 45.5
    endloop
  endfacet
  facet normal 0.471382 0.881929 -0
    outer loop
      vertex -18.9653 -38.4579 45.5
      vertex -21.44 -37.1352 50
      vertex -18.9653 -38.4579 50
    endloop
  endfacet
  facet normal 0.471382 0.881929 0
    outer loop
      vertex -21.44 -37.1352 50
      vertex -18.9653 -38.4579 45.5
      vertex -21.44 -37.1352 45.5
    endloop
  endfacet
  facet normal -0.0327157 0.999465 0
    outer loop
      vertex 2.80449 -42.7882 45.5
      vertex 0 -42.88 50
      vertex 2.80449 -42.7882 50
    endloop
  endfacet
  facet normal -0.0327157 0.999465 0
    outer loop
      vertex 0 -42.88 50
      vertex 2.80449 -42.7882 45.5
      vertex 0 -42.88 45.5
    endloop
  endfacet
  facet normal 0.634403 0.773002 -0
    outer loop
      vertex -26.1037 -34.019 45.5
      vertex -28.2727 -32.2389 50
      vertex -26.1037 -34.019 50
    endloop
  endfacet
  facet normal 0.634403 0.773002 0
    outer loop
      vertex -28.2727 -32.2389 50
      vertex -26.1037 -34.019 45.5
      vertex -28.2727 -32.2389 45.5
    endloop
  endfacet
  facet normal -0.93591 -0.35224 0
    outer loop
      vertex 40.6044 13.7833 45.5
      vertex 39.616 16.4095 50
      vertex 39.616 16.4095 45.5
    endloop
  endfacet
  facet normal -0.93591 -0.35224 0
    outer loop
      vertex 39.616 16.4095 50
      vertex 40.6044 13.7833 45.5
      vertex 40.6044 13.7833 50
    endloop
  endfacet
  facet normal 0.849199 0.528072 0
    outer loop
      vertex -35.6534 -23.8229 50
      vertex -37.1352 -21.44 45.5
      vertex -37.1352 -21.44 50
    endloop
  endfacet
  facet normal 0.849199 0.528072 0
    outer loop
      vertex -37.1352 -21.44 45.5
      vertex -35.6534 -23.8229 50
      vertex -35.6534 -23.8229 45.5
    endloop
  endfacet
  facet normal -0.290279 -0.956942 0
    outer loop
      vertex 11.0982 41.4189 45.5
      vertex 13.7833 40.6044 50
      vertex 11.0982 41.4189 50
    endloop
  endfacet
  facet normal -0.290279 -0.956942 -0
    outer loop
      vertex 13.7833 40.6044 50
      vertex 11.0982 41.4189 45.5
      vertex 13.7833 40.6044 45.5
    endloop
  endfacet
  facet normal -0.528072 -0.849199 0
    outer loop
      vertex 21.44 37.1352 45.5
      vertex 23.8229 35.6534 50
      vertex 21.44 37.1352 50
    endloop
  endfacet
  facet normal -0.528072 -0.849199 -0
    outer loop
      vertex 23.8229 35.6534 50
      vertex 21.44 37.1352 45.5
      vertex 23.8229 35.6534 45.5
    endloop
  endfacet
  facet normal -0.35224 0.93591 0
    outer loop
      vertex 16.4095 -39.616 45.5
      vertex 13.7833 -40.6044 50
      vertex 16.4095 -39.616 50
    endloop
  endfacet
  facet normal -0.35224 0.93591 0
    outer loop
      vertex 13.7833 -40.6044 50
      vertex 16.4095 -39.616 45.5
      vertex 13.7833 -40.6044 45.5
    endloop
  endfacet
  facet normal 0.999465 0.0327157 0
    outer loop
      vertex -42.7882 -2.80449 50
      vertex -42.88 0 45.5
      vertex -42.88 0 50
    endloop
  endfacet
  facet normal 0.999465 0.0327157 0
    outer loop
      vertex -42.88 0 45.5
      vertex -42.7882 -2.80449 50
      vertex -42.7882 -2.80449 45.5
    endloop
  endfacet
  facet normal -0.162901 -0.986642 0
    outer loop
      vertex 5.59696 42.5132 45.5
      vertex 8.36547 42.0561 50
      vertex 5.59696 42.5132 50
    endloop
  endfacet
  facet normal -0.162901 -0.986642 -0
    outer loop
      vertex 8.36547 42.0561 50
      vertex 5.59696 42.5132 45.5
      vertex 8.36547 42.0561 45.5
    endloop
  endfacet
  facet normal 0.812846 -0.582478 0
    outer loop
      vertex -35.6534 23.8229 50
      vertex -34.019 26.1037 45.5
      vertex -34.019 26.1037 50
    endloop
  endfacet
  facet normal 0.812846 -0.582478 0
    outer loop
      vertex -34.019 26.1037 45.5
      vertex -35.6534 23.8229 50
      vertex -35.6534 23.8229 45.5
    endloop
  endfacet
  facet normal 0.986642 0.162901 0
    outer loop
      vertex -42.0561 -8.36547 50
      vertex -42.5132 -5.59696 45.5
      vertex -42.5132 -5.59696 50
    endloop
  endfacet
  facet normal 0.986642 0.162901 0
    outer loop
      vertex -42.5132 -5.59696 45.5
      vertex -42.0561 -8.36547 50
      vertex -42.0561 -8.36547 45.5
    endloop
  endfacet
  facet normal -0.412731 -0.910853 0
    outer loop
      vertex 16.4095 39.616 45.5
      vertex 18.9653 38.4579 50
      vertex 16.4095 39.616 50
    endloop
  endfacet
  facet normal -0.412731 -0.910853 -0
    outer loop
      vertex 18.9653 38.4579 50
      vertex 16.4095 39.616 45.5
      vertex 18.9653 38.4579 45.5
    endloop
  endfacet
  facet normal -0.471382 -0.881929 0
    outer loop
      vertex 18.9653 38.4579 45.5
      vertex 21.44 37.1352 50
      vertex 18.9653 38.4579 50
    endloop
  endfacet
  facet normal -0.471382 -0.881929 -0
    outer loop
      vertex 21.44 37.1352 50
      vertex 18.9653 38.4579 45.5
      vertex 21.44 37.1352 45.5
    endloop
  endfacet
  facet normal 0.849199 -0.528072 0
    outer loop
      vertex -37.1352 21.44 50
      vertex -35.6534 23.8229 45.5
      vertex -35.6534 23.8229 50
    endloop
  endfacet
  facet normal 0.849199 -0.528072 0
    outer loop
      vertex -35.6534 23.8229 45.5
      vertex -37.1352 21.44 50
      vertex -37.1352 21.44 45.5
    endloop
  endfacet
  facet normal -0.849199 0.528072 0
    outer loop
      vertex 35.6534 -23.8229 45.5
      vertex 37.1352 -21.44 50
      vertex 37.1352 -21.44 45.5
    endloop
  endfacet
  facet normal -0.849199 0.528072 0
    outer loop
      vertex 37.1352 -21.44 50
      vertex 35.6534 -23.8229 45.5
      vertex 35.6534 -23.8229 50
    endloop
  endfacet
  facet normal -0.098005 0.995186 0
    outer loop
      vertex 5.59696 -42.5132 45.5
      vertex 2.80449 -42.7882 50
      vertex 5.59696 -42.5132 50
    endloop
  endfacet
  facet normal -0.098005 0.995186 0
    outer loop
      vertex 2.80449 -42.7882 50
      vertex 5.59696 -42.5132 45.5
      vertex 2.80449 -42.7882 45.5
    endloop
  endfacet
  facet normal 0.471382 -0.881929 0
    outer loop
      vertex -21.44 37.1352 45.5
      vertex -18.9653 38.4579 50
      vertex -21.44 37.1352 50
    endloop
  endfacet
  facet normal 0.471382 -0.881929 0
    outer loop
      vertex -18.9653 38.4579 50
      vertex -21.44 37.1352 45.5
      vertex -18.9653 38.4579 45.5
    endloop
  endfacet
  facet normal -0.412731 0.910853 0
    outer loop
      vertex 18.9653 -38.4579 45.5
      vertex 16.4095 -39.616 50
      vertex 18.9653 -38.4579 50
    endloop
  endfacet
  facet normal -0.412731 0.910853 0
    outer loop
      vertex 16.4095 -39.616 50
      vertex 18.9653 -38.4579 45.5
      vertex 16.4095 -39.616 45.5
    endloop
  endfacet
  facet normal 0.995186 -0.098005 0
    outer loop
      vertex -42.7882 2.80449 50
      vertex -42.5132 5.59696 45.5
      vertex -42.5132 5.59696 50
    endloop
  endfacet
  facet normal 0.995186 -0.098005 0
    outer loop
      vertex -42.5132 5.59696 45.5
      vertex -42.7882 2.80449 50
      vertex -42.7882 2.80449 45.5
    endloop
  endfacet
  facet normal -0.6836 -0.729857 0
    outer loop
      vertex 28.2727 32.2389 45.5
      vertex 30.3207 30.3207 50
      vertex 28.2727 32.2389 50
    endloop
  endfacet
  facet normal -0.6836 -0.729857 -0
    outer loop
      vertex 30.3207 30.3207 50
      vertex 28.2727 32.2389 45.5
      vertex 30.3207 30.3207 45.5
    endloop
  endfacet
  facet normal 0.729857 -0.6836 0
    outer loop
      vertex -32.2389 28.2727 50
      vertex -30.3207 30.3207 45.5
      vertex -30.3207 30.3207 50
    endloop
  endfacet
  facet normal 0.729857 -0.6836 0
    outer loop
      vertex -30.3207 30.3207 45.5
      vertex -32.2389 28.2727 50
      vertex -32.2389 28.2727 45.5
    endloop
  endfacet
  facet normal -0.956942 -0.290279 0
    outer loop
      vertex 41.4189 11.0982 45.5
      vertex 40.6044 13.7833 50
      vertex 40.6044 13.7833 45.5
    endloop
  endfacet
  facet normal -0.956942 -0.290279 0
    outer loop
      vertex 40.6044 13.7833 50
      vertex 41.4189 11.0982 45.5
      vertex 41.4189 11.0982 50
    endloop
  endfacet
  facet normal 0.35224 -0.93591 0
    outer loop
      vertex -16.4095 39.616 45.5
      vertex -13.7833 40.6044 50
      vertex -16.4095 39.616 50
    endloop
  endfacet
  facet normal 0.35224 -0.93591 0
    outer loop
      vertex -13.7833 40.6044 50
      vertex -16.4095 39.616 45.5
      vertex -13.7833 40.6044 45.5
    endloop
  endfacet
  facet normal 0.162901 0.986642 -0
    outer loop
      vertex -5.59696 -42.5132 45.5
      vertex -8.36547 -42.0561 50
      vertex -5.59696 -42.5132 50
    endloop
  endfacet
  facet normal 0.162901 0.986642 0
    outer loop
      vertex -8.36547 -42.0561 50
      vertex -5.59696 -42.5132 45.5
      vertex -8.36547 -42.0561 45.5
    endloop
  endfacet
  facet normal -0.729857 -0.6836 0
    outer loop
      vertex 32.2389 28.2727 45.5
      vertex 30.3207 30.3207 50
      vertex 30.3207 30.3207 45.5
    endloop
  endfacet
  facet normal -0.729857 -0.6836 0
    outer loop
      vertex 30.3207 30.3207 50
      vertex 32.2389 28.2727 45.5
      vertex 32.2389 28.2727 50
    endloop
  endfacet
  facet normal 0.6836 0.729857 -0
    outer loop
      vertex -28.2727 -32.2389 45.5
      vertex -30.3207 -30.3207 50
      vertex -28.2727 -32.2389 50
    endloop
  endfacet
  facet normal 0.6836 0.729857 0
    outer loop
      vertex -30.3207 -30.3207 50
      vertex -28.2727 -32.2389 45.5
      vertex -30.3207 -30.3207 45.5
    endloop
  endfacet
  facet normal 0.227082 0.973876 -0
    outer loop
      vertex -8.36547 -42.0561 45.5
      vertex -11.0982 -41.4189 50
      vertex -8.36547 -42.0561 50
    endloop
  endfacet
  facet normal 0.227082 0.973876 0
    outer loop
      vertex -11.0982 -41.4189 50
      vertex -8.36547 -42.0561 45.5
      vertex -11.0982 -41.4189 45.5
    endloop
  endfacet
  facet normal -0.634403 0.773002 0
    outer loop
      vertex 28.2727 -32.2389 45.5
      vertex 26.1037 -34.019 50
      vertex 28.2727 -32.2389 50
    endloop
  endfacet
  facet normal -0.634403 0.773002 0
    outer loop
      vertex 26.1037 -34.019 50
      vertex 28.2727 -32.2389 45.5
      vertex 26.1037 -34.019 45.5
    endloop
  endfacet
  facet normal 0.999465 -0.0327157 0
    outer loop
      vertex -42.88 0 50
      vertex -42.7882 2.80449 45.5
      vertex -42.7882 2.80449 50
    endloop
  endfacet
  facet normal 0.999465 -0.0327157 0
    outer loop
      vertex -42.7882 2.80449 45.5
      vertex -42.88 0 50
      vertex -42.88 0 45.5
    endloop
  endfacet
  facet normal 0.910853 0.412731 0
    outer loop
      vertex -38.4579 -18.9653 50
      vertex -39.616 -16.4095 45.5
      vertex -39.616 -16.4095 50
    endloop
  endfacet
  facet normal 0.910853 0.412731 0
    outer loop
      vertex -39.616 -16.4095 45.5
      vertex -38.4579 -18.9653 50
      vertex -38.4579 -18.9653 45.5
    endloop
  endfacet
  facet normal -0.986642 0.162901 0
    outer loop
      vertex 42.0561 -8.36547 45.5
      vertex 42.5132 -5.59696 50
      vertex 42.5132 -5.59696 45.5
    endloop
  endfacet
  facet normal -0.986642 0.162901 0
    outer loop
      vertex 42.5132 -5.59696 50
      vertex 42.0561 -8.36547 45.5
      vertex 42.0561 -8.36547 50
    endloop
  endfacet
  facet normal -0.6836 0.729857 0
    outer loop
      vertex 30.3207 -30.3207 45.5
      vertex 28.2727 -32.2389 50
      vertex 30.3207 -30.3207 50
    endloop
  endfacet
  facet normal -0.6836 0.729857 0
    outer loop
      vertex 28.2727 -32.2389 50
      vertex 30.3207 -30.3207 45.5
      vertex 28.2727 -32.2389 45.5
    endloop
  endfacet
  facet normal -0.35224 -0.93591 0
    outer loop
      vertex 13.7833 40.6044 45.5
      vertex 16.4095 39.616 50
      vertex 13.7833 40.6044 50
    endloop
  endfacet
  facet normal -0.35224 -0.93591 -0
    outer loop
      vertex 16.4095 39.616 50
      vertex 13.7833 40.6044 45.5
      vertex 16.4095 39.616 45.5
    endloop
  endfacet
  facet normal -0.227082 -0.973876 0
    outer loop
      vertex 8.36547 42.0561 45.5
      vertex 11.0982 41.4189 50
      vertex 8.36547 42.0561 50
    endloop
  endfacet
  facet normal -0.227082 -0.973876 -0
    outer loop
      vertex 11.0982 41.4189 50
      vertex 8.36547 42.0561 45.5
      vertex 11.0982 41.4189 45.5
    endloop
  endfacet
  facet normal 0.973876 -0.227082 0
    outer loop
      vertex -42.0561 8.36547 50
      vertex -41.4189 11.0982 45.5
      vertex -41.4189 11.0982 50
    endloop
  endfacet
  facet normal 0.973876 -0.227082 0
    outer loop
      vertex -41.4189 11.0982 45.5
      vertex -42.0561 8.36547 50
      vertex -42.0561 8.36547 45.5
    endloop
  endfacet
  facet normal -0.098005 -0.995186 0
    outer loop
      vertex 2.80449 42.7882 45.5
      vertex 5.59696 42.5132 50
      vertex 2.80449 42.7882 50
    endloop
  endfacet
  facet normal -0.098005 -0.995186 -0
    outer loop
      vertex 5.59696 42.5132 50
      vertex 2.80449 42.7882 45.5
      vertex 5.59696 42.5132 45.5
    endloop
  endfacet
  facet normal -0.290279 0.956942 0
    outer loop
      vertex 13.7833 -40.6044 45.5
      vertex 11.0982 -41.4189 50
      vertex 13.7833 -40.6044 50
    endloop
  endfacet
  facet normal -0.290279 0.956942 0
    outer loop
      vertex 11.0982 -41.4189 50
      vertex 13.7833 -40.6044 45.5
      vertex 11.0982 -41.4189 45.5
    endloop
  endfacet
  facet normal -0.773002 -0.634403 0
    outer loop
      vertex 34.019 26.1037 45.5
      vertex 32.2389 28.2727 50
      vertex 32.2389 28.2727 45.5
    endloop
  endfacet
  facet normal -0.773002 -0.634403 0
    outer loop
      vertex 32.2389 28.2727 50
      vertex 34.019 26.1037 45.5
      vertex 34.019 26.1037 50
    endloop
  endfacet
  facet normal 0.0327157 0.999465 -0
    outer loop
      vertex 0 -42.88 45.5
      vertex -2.80449 -42.7882 50
      vertex 0 -42.88 50
    endloop
  endfacet
  facet normal 0.0327157 0.999465 0
    outer loop
      vertex -2.80449 -42.7882 50
      vertex 0 -42.88 45.5
      vertex -2.80449 -42.7882 45.5
    endloop
  endfacet
  facet normal 0.162901 -0.986642 0
    outer loop
      vertex -8.36547 42.0561 45.5
      vertex -5.59696 42.5132 50
      vertex -8.36547 42.0561 50
    endloop
  endfacet
  facet normal 0.162901 -0.986642 0
    outer loop
      vertex -5.59696 42.5132 50
      vertex -8.36547 42.0561 45.5
      vertex -5.59696 42.5132 45.5
    endloop
  endfacet
  facet normal -0.634403 -0.773002 0
    outer loop
      vertex 26.1037 34.019 45.5
      vertex 28.2727 32.2389 50
      vertex 26.1037 34.019 50
    endloop
  endfacet
  facet normal -0.634403 -0.773002 -0
    outer loop
      vertex 28.2727 32.2389 50
      vertex 26.1037 34.019 45.5
      vertex 28.2727 32.2389 45.5
    endloop
  endfacet
  facet normal 0.773002 -0.634403 0
    outer loop
      vertex -34.019 26.1037 50
      vertex -32.2389 28.2727 45.5
      vertex -32.2389 28.2727 50
    endloop
  endfacet
  facet normal 0.773002 -0.634403 0
    outer loop
      vertex -32.2389 28.2727 45.5
      vertex -34.019 26.1037 50
      vertex -34.019 26.1037 45.5
    endloop
  endfacet
  facet normal 0.6836 -0.729857 0
    outer loop
      vertex -30.3207 30.3207 45.5
      vertex -28.2727 32.2389 50
      vertex -30.3207 30.3207 50
    endloop
  endfacet
  facet normal 0.6836 -0.729857 0
    outer loop
      vertex -28.2727 32.2389 50
      vertex -30.3207 30.3207 45.5
      vertex -28.2727 32.2389 45.5
    endloop
  endfacet
  facet normal -0.773002 0.634403 0
    outer loop
      vertex 32.2389 -28.2727 45.5
      vertex 34.019 -26.1037 50
      vertex 34.019 -26.1037 45.5
    endloop
  endfacet
  facet normal -0.773002 0.634403 0
    outer loop
      vertex 34.019 -26.1037 50
      vertex 32.2389 -28.2727 45.5
      vertex 32.2389 -28.2727 50
    endloop
  endfacet
  facet normal 0.098005 0.995186 -0
    outer loop
      vertex -2.80449 -42.7882 45.5
      vertex -5.59696 -42.5132 50
      vertex -2.80449 -42.7882 50
    endloop
  endfacet
  facet normal 0.098005 0.995186 0
    outer loop
      vertex -5.59696 -42.5132 50
      vertex -2.80449 -42.7882 45.5
      vertex -5.59696 -42.5132 45.5
    endloop
  endfacet
  facet normal -0.729857 0.6836 0
    outer loop
      vertex 30.3207 -30.3207 45.5
      vertex 32.2389 -28.2727 50
      vertex 32.2389 -28.2727 45.5
    endloop
  endfacet
  facet normal -0.729857 0.6836 0
    outer loop
      vertex 32.2389 -28.2727 50
      vertex 30.3207 -30.3207 45.5
      vertex 30.3207 -30.3207 50
    endloop
  endfacet
  facet normal -0.881929 -0.471382 0
    outer loop
      vertex 38.4579 18.9653 45.5
      vertex 37.1352 21.44 50
      vertex 37.1352 21.44 45.5
    endloop
  endfacet
  facet normal -0.881929 -0.471382 0
    outer loop
      vertex 37.1352 21.44 50
      vertex 38.4579 18.9653 45.5
      vertex 38.4579 18.9653 50
    endloop
  endfacet
  facet normal 0.412731 -0.910853 0
    outer loop
      vertex -18.9653 38.4579 45.5
      vertex -16.4095 39.616 50
      vertex -18.9653 38.4579 50
    endloop
  endfacet
  facet normal 0.412731 -0.910853 0
    outer loop
      vertex -16.4095 39.616 50
      vertex -18.9653 38.4579 45.5
      vertex -16.4095 39.616 45.5
    endloop
  endfacet
  facet normal 0.773002 0.634403 0
    outer loop
      vertex -32.2389 -28.2727 50
      vertex -34.019 -26.1037 45.5
      vertex -34.019 -26.1037 50
    endloop
  endfacet
  facet normal 0.773002 0.634403 0
    outer loop
      vertex -34.019 -26.1037 45.5
      vertex -32.2389 -28.2727 50
      vertex -32.2389 -28.2727 45.5
    endloop
  endfacet
  facet normal 0.973876 0.227082 0
    outer loop
      vertex -41.4189 -11.0982 50
      vertex -42.0561 -8.36547 45.5
      vertex -42.0561 -8.36547 50
    endloop
  endfacet
  facet normal 0.973876 0.227082 0
    outer loop
      vertex -42.0561 -8.36547 45.5
      vertex -41.4189 -11.0982 50
      vertex -41.4189 -11.0982 45.5
    endloop
  endfacet
  facet normal -0.910853 0.412731 0
    outer loop
      vertex 38.4579 -18.9653 45.5
      vertex 39.616 -16.4095 50
      vertex 39.616 -16.4095 45.5
    endloop
  endfacet
  facet normal -0.910853 0.412731 0
    outer loop
      vertex 39.616 -16.4095 50
      vertex 38.4579 -18.9653 45.5
      vertex 38.4579 -18.9653 50
    endloop
  endfacet
  facet normal 0.93591 0.35224 0
    outer loop
      vertex -39.616 -16.4095 50
      vertex -40.6044 -13.7833 45.5
      vertex -40.6044 -13.7833 50
    endloop
  endfacet
  facet normal 0.93591 0.35224 0
    outer loop
      vertex -40.6044 -13.7833 45.5
      vertex -39.616 -16.4095 50
      vertex -39.616 -16.4095 45.5
    endloop
  endfacet
  facet normal -0.973876 0.227082 0
    outer loop
      vertex 41.4189 -11.0982 45.5
      vertex 42.0561 -8.36547 50
      vertex 42.0561 -8.36547 45.5
    endloop
  endfacet
  facet normal -0.973876 0.227082 0
    outer loop
      vertex 42.0561 -8.36547 50
      vertex 41.4189 -11.0982 45.5
      vertex 41.4189 -11.0982 50
    endloop
  endfacet
  facet normal 0.986642 -0.162901 0
    outer loop
      vertex -42.5132 5.59696 50
      vertex -42.0561 8.36547 45.5
      vertex -42.0561 8.36547 50
    endloop
  endfacet
  facet normal 0.986642 -0.162901 0
    outer loop
      vertex -42.0561 8.36547 45.5
      vertex -42.5132 5.59696 50
      vertex -42.5132 5.59696 45.5
    endloop
  endfacet
  facet normal -0.471382 0.881929 0
    outer loop
      vertex 21.44 -37.1352 45.5
      vertex 18.9653 -38.4579 50
      vertex 21.44 -37.1352 50
    endloop
  endfacet
  facet normal -0.471382 0.881929 0
    outer loop
      vertex 18.9653 -38.4579 50
      vertex 21.44 -37.1352 45.5
      vertex 18.9653 -38.4579 45.5
    endloop
  endfacet
  facet normal 0.412731 0.910853 -0
    outer loop
      vertex -16.4095 -39.616 45.5
      vertex -18.9653 -38.4579 50
      vertex -16.4095 -39.616 50
    endloop
  endfacet
  facet normal 0.412731 0.910853 0
    outer loop
      vertex -18.9653 -38.4579 50
      vertex -16.4095 -39.616 45.5
      vertex -18.9653 -38.4579 45.5
    endloop
  endfacet
  facet normal 0.995186 0.098005 0
    outer loop
      vertex -42.5132 -5.59696 50
      vertex -42.7882 -2.80449 45.5
      vertex -42.7882 -2.80449 50
    endloop
  endfacet
  facet normal 0.995186 0.098005 0
    outer loop
      vertex -42.7882 -2.80449 45.5
      vertex -42.5132 -5.59696 50
      vertex -42.5132 -5.59696 45.5
    endloop
  endfacet
  facet normal -0.227082 0.973876 0
    outer loop
      vertex 11.0982 -41.4189 45.5
      vertex 8.36547 -42.0561 50
      vertex 11.0982 -41.4189 50
    endloop
  endfacet
  facet normal -0.227082 0.973876 0
    outer loop
      vertex 8.36547 -42.0561 50
      vertex 11.0982 -41.4189 45.5
      vertex 8.36547 -42.0561 45.5
    endloop
  endfacet
  facet normal 0.0327157 -0.999465 0
    outer loop
      vertex -2.80449 42.7882 45.5
      vertex 0 42.88 50
      vertex -2.80449 42.7882 50
    endloop
  endfacet
  facet normal 0.0327157 -0.999465 0
    outer loop
      vertex 0 42.88 50
      vertex -2.80449 42.7882 45.5
      vertex 0 42.88 45.5
    endloop
  endfacet
  facet normal 0.956942 0.290279 0
    outer loop
      vertex -40.6044 -13.7833 50
      vertex -41.4189 -11.0982 45.5
      vertex -41.4189 -11.0982 50
    endloop
  endfacet
  facet normal 0.956942 0.290279 0
    outer loop
      vertex -41.4189 -11.0982 45.5
      vertex -40.6044 -13.7833 50
      vertex -40.6044 -13.7833 45.5
    endloop
  endfacet
  facet normal 0.528072 0.849199 -0
    outer loop
      vertex -21.44 -37.1352 45.5
      vertex -23.8229 -35.6534 50
      vertex -21.44 -37.1352 50
    endloop
  endfacet
  facet normal 0.528072 0.849199 0
    outer loop
      vertex -23.8229 -35.6534 50
      vertex -21.44 -37.1352 45.5
      vertex -23.8229 -35.6534 45.5
    endloop
  endfacet
  facet normal -0.812846 0.582478 0
    outer loop
      vertex 34.019 -26.1037 45.5
      vertex 35.6534 -23.8229 50
      vertex 35.6534 -23.8229 45.5
    endloop
  endfacet
  facet normal -0.812846 0.582478 0
    outer loop
      vertex 35.6534 -23.8229 50
      vertex 34.019 -26.1037 45.5
      vertex 34.019 -26.1037 50
    endloop
  endfacet
  facet normal 0.528072 -0.849199 0
    outer loop
      vertex -23.8229 35.6534 45.5
      vertex -21.44 37.1352 50
      vertex -23.8229 35.6534 50
    endloop
  endfacet
  facet normal 0.528072 -0.849199 0
    outer loop
      vertex -21.44 37.1352 50
      vertex -23.8229 35.6534 45.5
      vertex -21.44 37.1352 45.5
    endloop
  endfacet
  facet normal 0.910853 -0.412731 0
    outer loop
      vertex -39.616 16.4095 50
      vertex -38.4579 18.9653 45.5
      vertex -38.4579 18.9653 50
    endloop
  endfacet
  facet normal 0.910853 -0.412731 0
    outer loop
      vertex -38.4579 18.9653 45.5
      vertex -39.616 16.4095 50
      vertex -39.616 16.4095 45.5
    endloop
  endfacet
  facet normal 0.881929 0.471382 0
    outer loop
      vertex -37.1352 -21.44 50
      vertex -38.4579 -18.9653 45.5
      vertex -38.4579 -18.9653 50
    endloop
  endfacet
  facet normal 0.881929 0.471382 0
    outer loop
      vertex -38.4579 -18.9653 45.5
      vertex -37.1352 -21.44 50
      vertex -37.1352 -21.44 45.5
    endloop
  endfacet
  facet normal 0.582478 0.812846 -0
    outer loop
      vertex -23.8229 -35.6534 45.5
      vertex -26.1037 -34.019 50
      vertex -23.8229 -35.6534 50
    endloop
  endfacet
  facet normal 0.582478 0.812846 0
    outer loop
      vertex -26.1037 -34.019 50
      vertex -23.8229 -35.6534 45.5
      vertex -26.1037 -34.019 45.5
    endloop
  endfacet
  facet normal 0 0 -1
    outer loop
      vertex -3.315 0 50.5
      vertex -0.115 0 50.5
      vertex -0.151152 -1.10433 50.5
    endloop
  endfacet
  facet normal 0 0 -1
    outer loop
      vertex -3.3443 -0.895041 50.5
      vertex -0.151152 -1.10433 50.5
      vertex -0.259453 -2.20393 50.5
    endloop
  endfacet
  facet normal 0 0 -1
    outer loop
      vertex -0.115 0 50.5
      vertex -3.315 0 50.5
      vertex -0.151152 1.10433 50.5
    endloop
  endfacet
  facet normal 0 0 -1
    outer loop
      vertex -3.43208 -1.78625 50.5
      vertex -0.259453 -2.20393 50.5
      vertex -0.43944 -3.2941 50.5
    endloop
  endfacet
  facet normal 0 0 -1
    outer loop
      vertex -3.3443 0.895041 50.5
      vertex -0.151152 1.10433 50.5
      vertex -3.315 0 50.5
    endloop
  endfacet
  facet normal 0 0 -1
    outer loop
      vertex -3.57795 -2.66981 50.5
      vertex -0.43944 -3.2941 50.5
      vertex -0.690342 -4.37016 50.5
    endloop
  endfacet
  facet normal -0 0 -1
    outer loop
      vertex -0.151152 1.10433 50.5
      vertex -3.3443 0.895041 50.5
      vertex -0.259453 2.20393 50.5
    endloop
  endfacet
  facet normal 0 0 -1
    outer loop
      vertex -3.7813 -3.54194 50.5
      vertex -0.690342 -4.37016 50.5
      vertex -1.01108 -5.4275 50.5
    endloop
  endfacet
  facet normal 0 0 -1
    outer loop
      vertex -3.43208 1.78625 50.5
      vertex -0.259453 2.20393 50.5
      vertex -3.3443 0.895041 50.5
    endloop
  endfacet
  facet normal 0 0 -1
    outer loop
      vertex -4.04126 -4.3989 50.5
      vertex -1.01108 -5.4275 50.5
      vertex -1.40029 -6.46161 50.5
    endloop
  endfacet
  facet normal -0 0 -1
    outer loop
      vertex -0.259453 2.20393 50.5
      vertex -3.43208 1.78625 50.5
      vertex -0.43944 3.2941 50.5
    endloop
  endfacet
  facet normal 0 0 -1
    outer loop
      vertex -4.35671 -5.23702 50.5
      vertex -1.40029 -6.46161 50.5
      vertex -1.8563 -7.46804 50.5
    endloop
  endfacet
  facet normal 0 0 -1
    outer loop
      vertex -3.57795 2.66981 50.5
      vertex -0.43944 3.2941 50.5
      vertex -3.43208 1.78625 50.5
    endloop
  endfacet
  facet normal 0 0 -1
    outer loop
      vertex -4.7263 -6.05272 50.5
      vertex -1.8563 -7.46804 50.5
      vertex -2.37716 -8.4425 50.5
    endloop
  endfacet
  facet normal -0 0 -1
    outer loop
      vertex -0.43944 3.2941 50.5
      vertex -3.57795 2.66981 50.5
      vertex -0.690342 4.37016 50.5
    endloop
  endfacet
  facet normal 0 0 -1
    outer loop
      vertex -5.14844 -6.8425 50.5
      vertex -2.37716 -8.4425 50.5
      vertex -2.96064 -9.3808 50.5
    endloop
  endfacet
  facet normal 0 0 -1
    outer loop
      vertex -3.7813 3.54194 50.5
      vertex -0.690342 4.37016 50.5
      vertex -3.57795 2.66981 50.5
    endloop
  endfacet
  facet normal -0 0 -1
    outer loop
      vertex -0.690342 4.37016 50.5
      vertex -3.7813 3.54194 50.5
      vertex -1.01108 5.4275 50.5
    endloop
  endfacet
  facet normal 0 0 -1
    outer loop
      vertex -0.151152 -1.10433 50.5
      vertex -3.3443 -0.895041 50.5
      vertex -3.315 0 50.5
    endloop
  endfacet
  facet normal 0 0 -1
    outer loop
      vertex -0.259453 -2.20393 50.5
      vertex -3.43208 -1.78625 50.5
      vertex -3.3443 -0.895041 50.5
    endloop
  endfacet
  facet normal 0 0 -1
    outer loop
      vertex -0.43944 -3.2941 50.5
      vertex -3.57795 -2.66981 50.5
      vertex -3.43208 -1.78625 50.5
    endloop
  endfacet
  facet normal 0 0 -1
    outer loop
      vertex -5.62134 -7.60298 50.5
      vertex -2.96064 -9.3808 50.5
      vertex -3.60423 -10.2789 50.5
    endloop
  endfacet
  facet normal 0 0 -1
    outer loop
      vertex -0.690342 -4.37016 50.5
      vertex -3.7813 -3.54194 50.5
      vertex -3.57795 -2.66981 50.5
    endloop
  endfacet
  facet normal 0 0 -1
    outer loop
      vertex -1.01108 -5.4275 50.5
      vertex -4.04126 -4.3989 50.5
      vertex -3.7813 -3.54194 50.5
    endloop
  endfacet
  facet normal 0 0 -1
    outer loop
      vertex -6.14296 -8.3309 50.5
      vertex -3.60423 -10.2789 50.5
      vertex -4.30518 -11.1331 50.5
    endloop
  endfacet
  facet normal 0 0 -1
    outer loop
      vertex -1.40029 -6.46161 50.5
      vertex -4.35671 -5.23702 50.5
      vertex -4.04126 -4.3989 50.5
    endloop
  endfacet
  facet normal 0 0 -1
    outer loop
      vertex -1.8563 -7.46804 50.5
      vertex -4.7263 -6.05272 50.5
      vertex -4.35671 -5.23702 50.5
    endloop
  endfacet
  facet normal 0 0 -1
    outer loop
      vertex -6.71107 -9.02315 50.5
      vertex -4.30518 -11.1331 50.5
      vertex -5.0605 -11.9395 50.5
    endloop
  endfacet
  facet normal 0 0 -1
    outer loop
      vertex -2.37716 -8.4425 50.5
      vertex -5.14844 -6.8425 50.5
      vertex -4.7263 -6.05272 50.5
    endloop
  endfacet
  facet normal 0 0 -1
    outer loop
      vertex -2.96064 -9.3808 50.5
      vertex -5.62134 -7.60298 50.5
      vertex -5.14844 -6.8425 50.5
    endloop
  endfacet
  facet normal 0 0 -1
    outer loop
      vertex -7.32324 -9.67676 50.5
      vertex -5.0605 -11.9395 50.5
      vertex -5.86695 -12.6948 50.5
    endloop
  endfacet
  facet normal 0 0 -1
    outer loop
      vertex -3.60423 -10.2789 50.5
      vertex -6.14296 -8.3309 50.5
      vertex -5.62134 -7.60298 50.5
    endloop
  endfacet
  facet normal 0 0 -1
    outer loop
      vertex -4.30518 -11.1331 50.5
      vertex -6.71107 -9.02315 50.5
      vertex -6.14296 -8.3309 50.5
    endloop
  endfacet
  facet normal 0 0 -1
    outer loop
      vertex -7.97685 -10.2889 50.5
      vertex -5.86695 -12.6948 50.5
      vertex -6.72106 -13.3958 50.5
    endloop
  endfacet
  facet normal 0 0 -1
    outer loop
      vertex -5.0605 -11.9395 50.5
      vertex -7.32324 -9.67676 50.5
      vertex -6.71107 -9.02315 50.5
    endloop
  endfacet
  facet normal 0 0 -1
    outer loop
      vertex -8.6691 -10.857 50.5
      vertex -6.72106 -13.3958 50.5
      vertex -7.6192 -14.0394 50.5
    endloop
  endfacet
  facet normal 0 0 -1
    outer loop
      vertex -5.86695 -12.6948 50.5
      vertex -7.97685 -10.2889 50.5
      vertex -7.32324 -9.67676 50.5
    endloop
  endfacet
  facet normal 0 0 -1
    outer loop
      vertex -9.39702 -11.3787 50.5
      vertex -7.6192 -14.0394 50.5
      vertex -8.5575 -14.6228 50.5
    endloop
  endfacet
  facet normal 0 0 -1
    outer loop
      vertex -6.72106 -13.3958 50.5
      vertex -8.6691 -10.857 50.5
      vertex -7.97685 -10.2889 50.5
    endloop
  endfacet
  facet normal 0 0 -1
    outer loop
      vertex -7.6192 -14.0394 50.5
      vertex -9.39702 -11.3787 50.5
      vertex -8.6691 -10.857 50.5
    endloop
  endfacet
  facet normal 0 0 -1
    outer loop
      vertex -10.1575 -11.8516 50.5
      vertex -8.5575 -14.6228 50.5
      vertex -9.53195 -15.1437 50.5
    endloop
  endfacet
  facet normal 0 0 -1
    outer loop
      vertex -8.5575 -14.6228 50.5
      vertex -10.1575 -11.8516 50.5
      vertex -9.39702 -11.3787 50.5
    endloop
  endfacet
  facet normal 0 0 -1
    outer loop
      vertex -10.9473 -12.2737 50.5
      vertex -9.53195 -15.1437 50.5
      vertex -10.5384 -15.5997 50.5
    endloop
  endfacet
  facet normal 0 0 -1
    outer loop
      vertex -9.53195 -15.1437 50.5
      vertex -10.9473 -12.2737 50.5
      vertex -10.1575 -11.8516 50.5
    endloop
  endfacet
  facet normal 0 0 -1
    outer loop
      vertex -11.763 -12.6433 50.5
      vertex -10.5384 -15.5997 50.5
      vertex -11.5725 -15.9889 50.5
    endloop
  endfacet
  facet normal 0 0 -1
    outer loop
      vertex -10.5384 -15.5997 50.5
      vertex -11.763 -12.6433 50.5
      vertex -10.9473 -12.2737 50.5
    endloop
  endfacet
  facet normal 0 0 -1
    outer loop
      vertex -11.5725 -15.9889 50.5
      vertex -12.6011 -12.9587 50.5
      vertex -11.763 -12.6433 50.5
    endloop
  endfacet
  facet normal 0 0 -1
    outer loop
      vertex -12.6298 -16.3097 50.5
      vertex -12.6011 -12.9587 50.5
      vertex -11.5725 -15.9889 50.5
    endloop
  endfacet
  facet normal 0 0 -1
    outer loop
      vertex -12.6298 -16.3097 50.5
      vertex -13.4581 -13.2187 50.5
      vertex -12.6011 -12.9587 50.5
    endloop
  endfacet
  facet normal 0 0 -1
    outer loop
      vertex -13.7059 -16.5606 50.5
      vertex -13.4581 -13.2187 50.5
      vertex -12.6298 -16.3097 50.5
    endloop
  endfacet
  facet normal 0 0 -1
    outer loop
      vertex -13.7059 -16.5606 50.5
      vertex -14.3302 -13.422 50.5
      vertex -13.4581 -13.2187 50.5
    endloop
  endfacet
  facet normal 0 0 -1
    outer loop
      vertex -14.7961 -16.7405 50.5
      vertex -14.3302 -13.422 50.5
      vertex -13.7059 -16.5606 50.5
    endloop
  endfacet
  facet normal 0 0 -1
    outer loop
      vertex -14.7961 -16.7405 50.5
      vertex -15.2137 -13.5679 50.5
      vertex -14.3302 -13.422 50.5
    endloop
  endfacet
  facet normal 0 0 -1
    outer loop
      vertex -15.8957 -16.8488 50.5
      vertex -15.2137 -13.5679 50.5
      vertex -14.7961 -16.7405 50.5
    endloop
  endfacet
  facet normal 0 0 -1
    outer loop
      vertex -15.8957 -16.8488 50.5
      vertex -16.105 -13.6557 50.5
      vertex -15.2137 -13.5679 50.5
    endloop
  endfacet
  facet normal 0 0 -1
    outer loop
      vertex -17 -16.885 50.5
      vertex -16.105 -13.6557 50.5
      vertex -15.8957 -16.8488 50.5
    endloop
  endfacet
  facet normal 0 0 -1
    outer loop
      vertex -17 -16.885 50.5
      vertex -17 -13.685 50.5
      vertex -16.105 -13.6557 50.5
    endloop
  endfacet
  facet normal 0 0 -1
    outer loop
      vertex -17 -16.885 50.5
      vertex -17.895 -13.6557 50.5
      vertex -17 -13.685 50.5
    endloop
  endfacet
  facet normal 0 0 -1
    outer loop
      vertex -18.1043 -16.8488 50.5
      vertex -17.895 -13.6557 50.5
      vertex -17 -16.885 50.5
    endloop
  endfacet
  facet normal 0 0 -1
    outer loop
      vertex -18.1043 -16.8488 50.5
      vertex -18.7863 -13.5679 50.5
      vertex -17.895 -13.6557 50.5
    endloop
  endfacet
  facet normal 0 0 -1
    outer loop
      vertex -19.2039 -16.7405 50.5
      vertex -18.7863 -13.5679 50.5
      vertex -18.1043 -16.8488 50.5
    endloop
  endfacet
  facet normal 0 0 -1
    outer loop
      vertex -19.2039 -16.7405 50.5
      vertex -19.6698 -13.422 50.5
      vertex -18.7863 -13.5679 50.5
    endloop
  endfacet
  facet normal 0 0 -1
    outer loop
      vertex -20.2941 -16.5606 50.5
      vertex -19.6698 -13.422 50.5
      vertex -19.2039 -16.7405 50.5
    endloop
  endfacet
  facet normal 0 0 -1
    outer loop
      vertex -20.2941 -16.5606 50.5
      vertex -20.5419 -13.2187 50.5
      vertex -19.6698 -13.422 50.5
    endloop
  endfacet
  facet normal 0 0 -1
    outer loop
      vertex -21.3702 -16.3097 50.5
      vertex -20.5419 -13.2187 50.5
      vertex -20.2941 -16.5606 50.5
    endloop
  endfacet
  facet normal 0 0 -1
    outer loop
      vertex -21.3702 -16.3097 50.5
      vertex -21.3989 -12.9587 50.5
      vertex -20.5419 -13.2187 50.5
    endloop
  endfacet
  facet normal 0 0 -1
    outer loop
      vertex -22.4275 -15.9889 50.5
      vertex -21.3989 -12.9587 50.5
      vertex -21.3702 -16.3097 50.5
    endloop
  endfacet
  facet normal -0 0 -1
    outer loop
      vertex -21.3989 -12.9587 50.5
      vertex -22.4275 -15.9889 50.5
      vertex -22.237 -12.6433 50.5
    endloop
  endfacet
  facet normal 0 0 -1
    outer loop
      vertex -23.4616 -15.5997 50.5
      vertex -22.237 -12.6433 50.5
      vertex -22.4275 -15.9889 50.5
    endloop
  endfacet
  facet normal -0 0 -1
    outer loop
      vertex -22.237 -12.6433 50.5
      vertex -23.4616 -15.5997 50.5
      vertex -23.0527 -12.2737 50.5
    endloop
  endfacet
  facet normal 0 0 -1
    outer loop
      vertex -24.468 -15.1437 50.5
      vertex -23.0527 -12.2737 50.5
      vertex -23.4616 -15.5997 50.5
    endloop
  endfacet
  facet normal -0 0 -1
    outer loop
      vertex -23.0527 -12.2737 50.5
      vertex -24.468 -15.1437 50.5
      vertex -23.8425 -11.8516 50.5
    endloop
  endfacet
  facet normal 0 0 -1
    outer loop
      vertex -25.4425 -14.6228 50.5
      vertex -23.8425 -11.8516 50.5
      vertex -24.468 -15.1437 50.5
    endloop
  endfacet
  facet normal -0 0 -1
    outer loop
      vertex -23.8425 -11.8516 50.5
      vertex -25.4425 -14.6228 50.5
      vertex -24.603 -11.3787 50.5
    endloop
  endfacet
  facet normal 0 0 -1
    outer loop
      vertex -26.3808 -14.0394 50.5
      vertex -24.603 -11.3787 50.5
      vertex -25.4425 -14.6228 50.5
    endloop
  endfacet
  facet normal -0 0 -1
    outer loop
      vertex -24.603 -11.3787 50.5
      vertex -26.3808 -14.0394 50.5
      vertex -25.3309 -10.857 50.5
    endloop
  endfacet
  facet normal 0 0 -1
    outer loop
      vertex -27.2789 -13.3958 50.5
      vertex -25.3309 -10.857 50.5
      vertex -26.3808 -14.0394 50.5
    endloop
  endfacet
  facet normal -0 0 -1
    outer loop
      vertex -25.3309 -10.857 50.5
      vertex -27.2789 -13.3958 50.5
      vertex -26.0231 -10.2889 50.5
    endloop
  endfacet
  facet normal 0 0 -1
    outer loop
      vertex -28.1331 -12.6948 50.5
      vertex -26.0231 -10.2889 50.5
      vertex -27.2789 -13.3958 50.5
    endloop
  endfacet
  facet normal -0 0 -1
    outer loop
      vertex -26.0231 -10.2889 50.5
      vertex -28.1331 -12.6948 50.5
      vertex -26.6768 -9.67676 50.5
    endloop
  endfacet
  facet normal 0 0 -1
    outer loop
      vertex -28.9395 -11.9395 50.5
      vertex -26.6768 -9.67676 50.5
      vertex -28.1331 -12.6948 50.5
    endloop
  endfacet
  facet normal -0 0 -1
    outer loop
      vertex -26.6768 -9.67676 50.5
      vertex -28.9395 -11.9395 50.5
      vertex -27.2889 -9.02315 50.5
    endloop
  endfacet
  facet normal 0 0 -1
    outer loop
      vertex -29.6948 -11.1331 50.5
      vertex -27.2889 -9.02315 50.5
      vertex -28.9395 -11.9395 50.5
    endloop
  endfacet
  facet normal -0 0 -1
    outer loop
      vertex -27.2889 -9.02315 50.5
      vertex -29.6948 -11.1331 50.5
      vertex -27.857 -8.3309 50.5
    endloop
  endfacet
  facet normal 0 0 -1
    outer loop
      vertex -30.3958 -10.2789 50.5
      vertex -27.857 -8.3309 50.5
      vertex -29.6948 -11.1331 50.5
    endloop
  endfacet
  facet normal -0 0 -1
    outer loop
      vertex -27.857 -8.3309 50.5
      vertex -30.3958 -10.2789 50.5
      vertex -28.3787 -7.60298 50.5
    endloop
  endfacet
  facet normal 0 0 -1
    outer loop
      vertex -31.0394 -9.3808 50.5
      vertex -28.3787 -7.60298 50.5
      vertex -30.3958 -10.2789 50.5
    endloop
  endfacet
  facet normal -0 0 -1
    outer loop
      vertex -28.3787 -7.60298 50.5
      vertex -31.0394 -9.3808 50.5
      vertex -28.8516 -6.8425 50.5
    endloop
  endfacet
  facet normal 0 0 -1
    outer loop
      vertex -31.6228 -8.4425 50.5
      vertex -28.8516 -6.8425 50.5
      vertex -31.0394 -9.3808 50.5
    endloop
  endfacet
  facet normal -0 0 -1
    outer loop
      vertex -28.8516 -6.8425 50.5
      vertex -31.6228 -8.4425 50.5
      vertex -29.2737 -6.05272 50.5
    endloop
  endfacet
  facet normal 0 0 -1
    outer loop
      vertex -32.1437 -7.46804 50.5
      vertex -29.2737 -6.05272 50.5
      vertex -31.6228 -8.4425 50.5
    endloop
  endfacet
  facet normal -0 0 -1
    outer loop
      vertex -29.2737 -6.05272 50.5
      vertex -32.1437 -7.46804 50.5
      vertex -29.6433 -5.23702 50.5
    endloop
  endfacet
  facet normal 0 0 -1
    outer loop
      vertex -32.5997 -6.46161 50.5
      vertex -29.6433 -5.23702 50.5
      vertex -32.1437 -7.46804 50.5
    endloop
  endfacet
  facet normal -0 0 -1
    outer loop
      vertex -29.6433 -5.23702 50.5
      vertex -32.5997 -6.46161 50.5
      vertex -29.9587 -4.3989 50.5
    endloop
  endfacet
  facet normal 0 0 -1
    outer loop
      vertex -32.9889 -5.4275 50.5
      vertex -29.9587 -4.3989 50.5
      vertex -32.5997 -6.46161 50.5
    endloop
  endfacet
  facet normal -0 0 -1
    outer loop
      vertex -29.9587 -4.3989 50.5
      vertex -32.9889 -5.4275 50.5
      vertex -30.2187 -3.54194 50.5
    endloop
  endfacet
  facet normal 0 0 -1
    outer loop
      vertex -4.04126 4.3989 50.5
      vertex -1.01108 5.4275 50.5
      vertex -3.7813 3.54194 50.5
    endloop
  endfacet
  facet normal -0 0 -1
    outer loop
      vertex -1.01108 5.4275 50.5
      vertex -4.04126 4.3989 50.5
      vertex -1.40029 6.46161 50.5
    endloop
  endfacet
  facet normal 0 0 -1
    outer loop
      vertex -4.35671 5.23702 50.5
      vertex -1.40029 6.46161 50.5
      vertex -4.04126 4.3989 50.5
    endloop
  endfacet
  facet normal -0 0 -1
    outer loop
      vertex -1.40029 6.46161 50.5
      vertex -4.35671 5.23702 50.5
      vertex -1.8563 7.46804 50.5
    endloop
  endfacet
  facet normal 0 0 -1
    outer loop
      vertex -4.7263 6.05272 50.5
      vertex -1.8563 7.46804 50.5
      vertex -4.35671 5.23702 50.5
    endloop
  endfacet
  facet normal -0 0 -1
    outer loop
      vertex -1.8563 7.46804 50.5
      vertex -4.7263 6.05272 50.5
      vertex -2.37716 8.4425 50.5
    endloop
  endfacet
  facet normal 0 0 -1
    outer loop
      vertex -5.14844 6.8425 50.5
      vertex -2.37716 8.4425 50.5
      vertex -4.7263 6.05272 50.5
    endloop
  endfacet
  facet normal -0 0 -1
    outer loop
      vertex -2.37716 8.4425 50.5
      vertex -5.14844 6.8425 50.5
      vertex -2.96064 9.3808 50.5
    endloop
  endfacet
  facet normal 0 0 -1
    outer loop
      vertex -5.62134 7.60298 50.5
      vertex -2.96064 9.3808 50.5
      vertex -5.14844 6.8425 50.5
    endloop
  endfacet
  facet normal -0 0 -1
    outer loop
      vertex -2.96064 9.3808 50.5
      vertex -5.62134 7.60298 50.5
      vertex -3.60423 10.2789 50.5
    endloop
  endfacet
  facet normal 0 0 -1
    outer loop
      vertex -6.14296 8.3309 50.5
      vertex -3.60423 10.2789 50.5
      vertex -5.62134 7.60298 50.5
    endloop
  endfacet
  facet normal -0 0 -1
    outer loop
      vertex -3.60423 10.2789 50.5
      vertex -6.14296 8.3309 50.5
      vertex -4.30518 11.1331 50.5
    endloop
  endfacet
  facet normal 0 0 -1
    outer loop
      vertex -6.71107 9.02315 50.5
      vertex -4.30518 11.1331 50.5
      vertex -6.14296 8.3309 50.5
    endloop
  endfacet
  facet normal -0 0 -1
    outer loop
      vertex -4.30518 11.1331 50.5
      vertex -6.71107 9.02315 50.5
      vertex -5.0605 11.9395 50.5
    endloop
  endfacet
  facet normal 0 0 -1
    outer loop
      vertex -7.32324 9.67676 50.5
      vertex -5.0605 11.9395 50.5
      vertex -6.71107 9.02315 50.5
    endloop
  endfacet
  facet normal -0 0 -1
    outer loop
      vertex -5.0605 11.9395 50.5
      vertex -7.32324 9.67676 50.5
      vertex -5.86695 12.6948 50.5
    endloop
  endfacet
  facet normal 0 0 -1
    outer loop
      vertex -7.97685 10.2889 50.5
      vertex -5.86695 12.6948 50.5
      vertex -7.32324 9.67676 50.5
    endloop
  endfacet
  facet normal -0 0 -1
    outer loop
      vertex -5.86695 12.6948 50.5
      vertex -7.97685 10.2889 50.5
      vertex -6.72106 13.3958 50.5
    endloop
  endfacet
  facet normal 0 0 -1
    outer loop
      vertex -8.6691 10.857 50.5
      vertex -6.72106 13.3958 50.5
      vertex -7.97685 10.2889 50.5
    endloop
  endfacet
  facet normal -0 0 -1
    outer loop
      vertex -6.72106 13.3958 50.5
      vertex -8.6691 10.857 50.5
      vertex -7.6192 14.0394 50.5
    endloop
  endfacet
  facet normal 0 0 -1
    outer loop
      vertex -9.39702 11.3787 50.5
      vertex -7.6192 14.0394 50.5
      vertex -8.6691 10.857 50.5
    endloop
  endfacet
  facet normal -0 0 -1
    outer loop
      vertex -7.6192 14.0394 50.5
      vertex -9.39702 11.3787 50.5
      vertex -8.5575 14.6228 50.5
    endloop
  endfacet
  facet normal 0 0 -1
    outer loop
      vertex -10.1575 11.8516 50.5
      vertex -8.5575 14.6228 50.5
      vertex -9.39702 11.3787 50.5
    endloop
  endfacet
  facet normal -0 0 -1
    outer loop
      vertex -8.5575 14.6228 50.5
      vertex -10.1575 11.8516 50.5
      vertex -9.53195 15.1437 50.5
    endloop
  endfacet
  facet normal 0 0 -1
    outer loop
      vertex -10.9473 12.2737 50.5
      vertex -9.53195 15.1437 50.5
      vertex -10.1575 11.8516 50.5
    endloop
  endfacet
  facet normal -0 0 -1
    outer loop
      vertex -9.53195 15.1437 50.5
      vertex -10.9473 12.2737 50.5
      vertex -10.5384 15.5997 50.5
    endloop
  endfacet
  facet normal 0 0 -1
    outer loop
      vertex -11.763 12.6433 50.5
      vertex -10.5384 15.5997 50.5
      vertex -10.9473 12.2737 50.5
    endloop
  endfacet
  facet normal -0 0 -1
    outer loop
      vertex -10.5384 15.5997 50.5
      vertex -11.763 12.6433 50.5
      vertex -11.5725 15.9889 50.5
    endloop
  endfacet
  facet normal 0 0 -1
    outer loop
      vertex -12.6011 12.9587 50.5
      vertex -11.5725 15.9889 50.5
      vertex -11.763 12.6433 50.5
    endloop
  endfacet
  facet normal 0 0 -1
    outer loop
      vertex -12.6011 12.9587 50.5
      vertex -12.6298 16.3097 50.5
      vertex -11.5725 15.9889 50.5
    endloop
  endfacet
  facet normal 0 0 -1
    outer loop
      vertex -13.4581 13.2187 50.5
      vertex -12.6298 16.3097 50.5
      vertex -12.6011 12.9587 50.5
    endloop
  endfacet
  facet normal 0 0 -1
    outer loop
      vertex -13.4581 13.2187 50.5
      vertex -13.7059 16.5606 50.5
      vertex -12.6298 16.3097 50.5
    endloop
  endfacet
  facet normal 0 0 -1
    outer loop
      vertex -14.3302 13.422 50.5
      vertex -13.7059 16.5606 50.5
      vertex -13.4581 13.2187 50.5
    endloop
  endfacet
  facet normal 0 0 -1
    outer loop
      vertex -14.3302 13.422 50.5
      vertex -14.7961 16.7405 50.5
      vertex -13.7059 16.5606 50.5
    endloop
  endfacet
  facet normal 0 0 -1
    outer loop
      vertex -15.2137 13.5679 50.5
      vertex -14.7961 16.7405 50.5
      vertex -14.3302 13.422 50.5
    endloop
  endfacet
  facet normal 0 0 -1
    outer loop
      vertex -15.2137 13.5679 50.5
      vertex -15.8957 16.8488 50.5
      vertex -14.7961 16.7405 50.5
    endloop
  endfacet
  facet normal 0 0 -1
    outer loop
      vertex -16.105 13.6557 50.5
      vertex -15.8957 16.8488 50.5
      vertex -15.2137 13.5679 50.5
    endloop
  endfacet
  facet normal 0 0 -1
    outer loop
      vertex -17 13.685 50.5
      vertex -15.8957 16.8488 50.5
      vertex -16.105 13.6557 50.5
    endloop
  endfacet
  facet normal 0 0 -1
    outer loop
      vertex -17 13.685 50.5
      vertex -17 16.885 50.5
      vertex -15.8957 16.8488 50.5
    endloop
  endfacet
  facet normal 0 0 -1
    outer loop
      vertex -17.895 13.6557 50.5
      vertex -17 16.885 50.5
      vertex -17 13.685 50.5
    endloop
  endfacet
  facet normal 0 0 -1
    outer loop
      vertex -17.895 13.6557 50.5
      vertex -18.1043 16.8488 50.5
      vertex -17 16.885 50.5
    endloop
  endfacet
  facet normal 0 0 -1
    outer loop
      vertex -18.7863 13.5679 50.5
      vertex -18.1043 16.8488 50.5
      vertex -17.895 13.6557 50.5
    endloop
  endfacet
  facet normal 0 0 -1
    outer loop
      vertex -18.7863 13.5679 50.5
      vertex -19.2039 16.7405 50.5
      vertex -18.1043 16.8488 50.5
    endloop
  endfacet
  facet normal 0 0 -1
    outer loop
      vertex -19.6698 13.422 50.5
      vertex -19.2039 16.7405 50.5
      vertex -18.7863 13.5679 50.5
    endloop
  endfacet
  facet normal 0 0 -1
    outer loop
      vertex -19.6698 13.422 50.5
      vertex -20.2941 16.5606 50.5
      vertex -19.2039 16.7405 50.5
    endloop
  endfacet
  facet normal 0 0 -1
    outer loop
      vertex -20.5419 13.2187 50.5
      vertex -20.2941 16.5606 50.5
      vertex -19.6698 13.422 50.5
    endloop
  endfacet
  facet normal 0 0 -1
    outer loop
      vertex -20.5419 13.2187 50.5
      vertex -21.3702 16.3097 50.5
      vertex -20.2941 16.5606 50.5
    endloop
  endfacet
  facet normal 0 0 -1
    outer loop
      vertex -21.3989 12.9587 50.5
      vertex -21.3702 16.3097 50.5
      vertex -20.5419 13.2187 50.5
    endloop
  endfacet
  facet normal 0 0 -1
    outer loop
      vertex -22.4275 15.9889 50.5
      vertex -21.3989 12.9587 50.5
      vertex -22.237 12.6433 50.5
    endloop
  endfacet
  facet normal 0 0 -1
    outer loop
      vertex -21.3989 12.9587 50.5
      vertex -22.4275 15.9889 50.5
      vertex -21.3702 16.3097 50.5
    endloop
  endfacet
  facet normal 0 0 -1
    outer loop
      vertex -23.4616 15.5997 50.5
      vertex -22.237 12.6433 50.5
      vertex -23.0527 12.2737 50.5
    endloop
  endfacet
  facet normal 0 0 -1
    outer loop
      vertex -22.237 12.6433 50.5
      vertex -23.4616 15.5997 50.5
      vertex -22.4275 15.9889 50.5
    endloop
  endfacet
  facet normal 0 0 -1
    outer loop
      vertex -24.468 15.1437 50.5
      vertex -23.0527 12.2737 50.5
      vertex -23.8425 11.8516 50.5
    endloop
  endfacet
  facet normal 0 0 -1
    outer loop
      vertex -23.0527 12.2737 50.5
      vertex -24.468 15.1437 50.5
      vertex -23.4616 15.5997 50.5
    endloop
  endfacet
  facet normal 0 0 -1
    outer loop
      vertex -25.4425 14.6228 50.5
      vertex -23.8425 11.8516 50.5
      vertex -24.603 11.3787 50.5
    endloop
  endfacet
  facet normal 0 0 -1
    outer loop
      vertex -26.3808 14.0394 50.5
      vertex -24.603 11.3787 50.5
      vertex -25.3309 10.857 50.5
    endloop
  endfacet
  facet normal 0 0 -1
    outer loop
      vertex -23.8425 11.8516 50.5
      vertex -25.4425 14.6228 50.5
      vertex -24.468 15.1437 50.5
    endloop
  endfacet
  facet normal 0 0 -1
    outer loop
      vertex -27.2789 13.3958 50.5
      vertex -25.3309 10.857 50.5
      vertex -26.0231 10.2889 50.5
    endloop
  endfacet
  facet normal 0 0 -1
    outer loop
      vertex -24.603 11.3787 50.5
      vertex -26.3808 14.0394 50.5
      vertex -25.4425 14.6228 50.5
    endloop
  endfacet
  facet normal 0 0 -1
    outer loop
      vertex -28.1331 12.6948 50.5
      vertex -26.0231 10.2889 50.5
      vertex -26.6768 9.67676 50.5
    endloop
  endfacet
  facet normal 0 0 -1
    outer loop
      vertex -25.3309 10.857 50.5
      vertex -27.2789 13.3958 50.5
      vertex -26.3808 14.0394 50.5
    endloop
  endfacet
  facet normal 0 0 -1
    outer loop
      vertex -28.9395 11.9395 50.5
      vertex -26.6768 9.67676 50.5
      vertex -27.2889 9.02315 50.5
    endloop
  endfacet
  facet normal 0 0 -1
    outer loop
      vertex -29.6948 11.1331 50.5
      vertex -27.2889 9.02315 50.5
      vertex -27.857 8.3309 50.5
    endloop
  endfacet
  facet normal 0 0 -1
    outer loop
      vertex -26.0231 10.2889 50.5
      vertex -28.1331 12.6948 50.5
      vertex -27.2789 13.3958 50.5
    endloop
  endfacet
  facet normal 0 0 -1
    outer loop
      vertex -30.3958 10.2789 50.5
      vertex -27.857 8.3309 50.5
      vertex -28.3787 7.60298 50.5
    endloop
  endfacet
  facet normal 0 0 -1
    outer loop
      vertex -31.0394 9.3808 50.5
      vertex -28.3787 7.60298 50.5
      vertex -28.8516 6.8425 50.5
    endloop
  endfacet
  facet normal 0 0 -1
    outer loop
      vertex -26.6768 9.67676 50.5
      vertex -28.9395 11.9395 50.5
      vertex -28.1331 12.6948 50.5
    endloop
  endfacet
  facet normal 0 0 -1
    outer loop
      vertex -31.6228 8.4425 50.5
      vertex -28.8516 6.8425 50.5
      vertex -29.2737 6.05272 50.5
    endloop
  endfacet
  facet normal 0 0 -1
    outer loop
      vertex -32.1437 7.46804 50.5
      vertex -29.2737 6.05272 50.5
      vertex -29.6433 5.23702 50.5
    endloop
  endfacet
  facet normal 0 0 -1
    outer loop
      vertex -27.2889 9.02315 50.5
      vertex -29.6948 11.1331 50.5
      vertex -28.9395 11.9395 50.5
    endloop
  endfacet
  facet normal 0 0 -1
    outer loop
      vertex -32.5997 6.46161 50.5
      vertex -29.6433 5.23702 50.5
      vertex -29.9587 4.3989 50.5
    endloop
  endfacet
  facet normal 0 0 -1
    outer loop
      vertex -32.9889 5.4275 50.5
      vertex -29.9587 4.3989 50.5
      vertex -30.2187 3.54194 50.5
    endloop
  endfacet
  facet normal 0 0 -1
    outer loop
      vertex -27.857 8.3309 50.5
      vertex -30.3958 10.2789 50.5
      vertex -29.6948 11.1331 50.5
    endloop
  endfacet
  facet normal 0 0 -1
    outer loop
      vertex -33.3097 4.37016 50.5
      vertex -30.2187 3.54194 50.5
      vertex -30.422 2.66981 50.5
    endloop
  endfacet
  facet normal 0 0 -1
    outer loop
      vertex -33.5606 3.2941 50.5
      vertex -30.422 2.66981 50.5
      vertex -30.5679 1.78625 50.5
    endloop
  endfacet
  facet normal 0 0 -1
    outer loop
      vertex -33.7405 2.20393 50.5
      vertex -30.5679 1.78625 50.5
      vertex -30.6557 0.895041 50.5
    endloop
  endfacet
  facet normal 0 0 -1
    outer loop
      vertex -33.8488 1.10433 50.5
      vertex -30.6557 0.895041 50.5
      vertex -30.685 0 50.5
    endloop
  endfacet
  facet normal 0 0 -1
    outer loop
      vertex -33.3097 -4.37016 50.5
      vertex -30.2187 -3.54194 50.5
      vertex -32.9889 -5.4275 50.5
    endloop
  endfacet
  facet normal 0 0 -1
    outer loop
      vertex -28.3787 7.60298 50.5
      vertex -31.0394 9.3808 50.5
      vertex -30.3958 10.2789 50.5
    endloop
  endfacet
  facet normal -0 0 -1
    outer loop
      vertex -30.2187 -3.54194 50.5
      vertex -33.3097 -4.37016 50.5
      vertex -30.422 -2.66981 50.5
    endloop
  endfacet
  facet normal 0 0 -1
    outer loop
      vertex -28.8516 6.8425 50.5
      vertex -31.6228 8.4425 50.5
      vertex -31.0394 9.3808 50.5
    endloop
  endfacet
  facet normal 0 0 -1
    outer loop
      vertex -33.5606 -3.2941 50.5
      vertex -30.422 -2.66981 50.5
      vertex -33.3097 -4.37016 50.5
    endloop
  endfacet
  facet normal 0 0 -1
    outer loop
      vertex -29.2737 6.05272 50.5
      vertex -32.1437 7.46804 50.5
      vertex -31.6228 8.4425 50.5
    endloop
  endfacet
  facet normal -0 0 -1
    outer loop
      vertex -30.422 -2.66981 50.5
      vertex -33.5606 -3.2941 50.5
      vertex -30.5679 -1.78625 50.5
    endloop
  endfacet
  facet normal 0 0 -1
    outer loop
      vertex -29.6433 5.23702 50.5
      vertex -32.5997 6.46161 50.5
      vertex -32.1437 7.46804 50.5
    endloop
  endfacet
  facet normal 0 0 -1
    outer loop
      vertex -33.7405 -2.20393 50.5
      vertex -30.5679 -1.78625 50.5
      vertex -33.5606 -3.2941 50.5
    endloop
  endfacet
  facet normal 0 0 -1
    outer loop
      vertex -29.9587 4.3989 50.5
      vertex -32.9889 5.4275 50.5
      vertex -32.5997 6.46161 50.5
    endloop
  endfacet
  facet normal -0 0 -1
    outer loop
      vertex -30.5679 -1.78625 50.5
      vertex -33.7405 -2.20393 50.5
      vertex -30.6557 -0.895041 50.5
    endloop
  endfacet
  facet normal 0 0 -1
    outer loop
      vertex -30.2187 3.54194 50.5
      vertex -33.3097 4.37016 50.5
      vertex -32.9889 5.4275 50.5
    endloop
  endfacet
  facet normal 0 0 -1
    outer loop
      vertex -33.8488 -1.10433 50.5
      vertex -30.6557 -0.895041 50.5
      vertex -33.7405 -2.20393 50.5
    endloop
  endfacet
  facet normal 0 0 -1
    outer loop
      vertex -30.422 2.66981 50.5
      vertex -33.5606 3.2941 50.5
      vertex -33.3097 4.37016 50.5
    endloop
  endfacet
  facet normal -0 0 -1
    outer loop
      vertex -30.6557 -0.895041 50.5
      vertex -33.8488 -1.10433 50.5
      vertex -30.685 0 50.5
    endloop
  endfacet
  facet normal 0 0 -1
    outer loop
      vertex -30.5679 1.78625 50.5
      vertex -33.7405 2.20393 50.5
      vertex -33.5606 3.2941 50.5
    endloop
  endfacet
  facet normal 0 0 -1
    outer loop
      vertex -33.885 0 50.5
      vertex -30.685 0 50.5
      vertex -33.8488 -1.10433 50.5
    endloop
  endfacet
  facet normal 0 0 -1
    outer loop
      vertex -30.6557 0.895041 50.5
      vertex -33.8488 1.10433 50.5
      vertex -33.7405 2.20393 50.5
    endloop
  endfacet
  facet normal 0 0 -1
    outer loop
      vertex -30.685 0 50.5
      vertex -33.885 0 50.5
      vertex -33.8488 1.10433 50.5
    endloop
  endfacet
  facet normal 0 0 -1
    outer loop
      vertex 30.685 0 50.5
      vertex 33.885 0 50.5
      vertex 33.8488 -1.10433 50.5
    endloop
  endfacet
  facet normal 0 0 -1
    outer loop
      vertex 30.6557 -0.895041 50.5
      vertex 33.8488 -1.10433 50.5
      vertex 33.7405 -2.20393 50.5
    endloop
  endfacet
  facet normal 0 0 -1
    outer loop
      vertex 33.885 0 50.5
      vertex 30.685 0 50.5
      vertex 33.8488 1.10433 50.5
    endloop
  endfacet
  facet normal 0 0 -1
    outer loop
      vertex 30.5679 -1.78625 50.5
      vertex 33.7405 -2.20393 50.5
      vertex 33.5606 -3.2941 50.5
    endloop
  endfacet
  facet normal 0 0 -1
    outer loop
      vertex 30.6557 0.895041 50.5
      vertex 33.8488 1.10433 50.5
      vertex 30.685 0 50.5
    endloop
  endfacet
  facet normal 0 0 -1
    outer loop
      vertex 30.422 -2.66981 50.5
      vertex 33.5606 -3.2941 50.5
      vertex 33.3097 -4.37016 50.5
    endloop
  endfacet
  facet normal -0 0 -1
    outer loop
      vertex 33.8488 1.10433 50.5
      vertex 30.6557 0.895041 50.5
      vertex 33.7405 2.20393 50.5
    endloop
  endfacet
  facet normal 0 0 -1
    outer loop
      vertex 30.2187 -3.54194 50.5
      vertex 33.3097 -4.37016 50.5
      vertex 32.9889 -5.4275 50.5
    endloop
  endfacet
  facet normal 0 0 -1
    outer loop
      vertex 30.5679 1.78625 50.5
      vertex 33.7405 2.20393 50.5
      vertex 30.6557 0.895041 50.5
    endloop
  endfacet
  facet normal 0 0 -1
    outer loop
      vertex 29.9587 -4.3989 50.5
      vertex 32.9889 -5.4275 50.5
      vertex 32.5997 -6.46161 50.5
    endloop
  endfacet
  facet normal -0 0 -1
    outer loop
      vertex 33.7405 2.20393 50.5
      vertex 30.5679 1.78625 50.5
      vertex 33.5606 3.2941 50.5
    endloop
  endfacet
  facet normal 0 0 -1
    outer loop
      vertex 29.6433 -5.23702 50.5
      vertex 32.5997 -6.46161 50.5
      vertex 32.1437 -7.46804 50.5
    endloop
  endfacet
  facet normal 0 0 -1
    outer loop
      vertex 30.422 2.66981 50.5
      vertex 33.5606 3.2941 50.5
      vertex 30.5679 1.78625 50.5
    endloop
  endfacet
  facet normal 0 0 -1
    outer loop
      vertex 29.2737 -6.05272 50.5
      vertex 32.1437 -7.46804 50.5
      vertex 31.6228 -8.4425 50.5
    endloop
  endfacet
  facet normal -0 0 -1
    outer loop
      vertex 33.5606 3.2941 50.5
      vertex 30.422 2.66981 50.5
      vertex 33.3097 4.37016 50.5
    endloop
  endfacet
  facet normal 0 0 -1
    outer loop
      vertex 28.8516 -6.8425 50.5
      vertex 31.6228 -8.4425 50.5
      vertex 31.0394 -9.3808 50.5
    endloop
  endfacet
  facet normal 0 0 -1
    outer loop
      vertex 30.2187 3.54194 50.5
      vertex 33.3097 4.37016 50.5
      vertex 30.422 2.66981 50.5
    endloop
  endfacet
  facet normal -0 0 -1
    outer loop
      vertex 33.3097 4.37016 50.5
      vertex 30.2187 3.54194 50.5
      vertex 32.9889 5.4275 50.5
    endloop
  endfacet
  facet normal 0 0 -1
    outer loop
      vertex 33.8488 -1.10433 50.5
      vertex 30.6557 -0.895041 50.5
      vertex 30.685 0 50.5
    endloop
  endfacet
  facet normal 0 0 -1
    outer loop
      vertex 33.7405 -2.20393 50.5
      vertex 30.5679 -1.78625 50.5
      vertex 30.6557 -0.895041 50.5
    endloop
  endfacet
  facet normal 0 0 -1
    outer loop
      vertex 33.5606 -3.2941 50.5
      vertex 30.422 -2.66981 50.5
      vertex 30.5679 -1.78625 50.5
    endloop
  endfacet
  facet normal 0 0 -1
    outer loop
      vertex 28.3787 -7.60298 50.5
      vertex 31.0394 -9.3808 50.5
      vertex 30.3958 -10.2789 50.5
    endloop
  endfacet
  facet normal 0 0 -1
    outer loop
      vertex 33.3097 -4.37016 50.5
      vertex 30.2187 -3.54194 50.5
      vertex 30.422 -2.66981 50.5
    endloop
  endfacet
  facet normal 0 0 -1
    outer loop
      vertex 32.9889 -5.4275 50.5
      vertex 29.9587 -4.3989 50.5
      vertex 30.2187 -3.54194 50.5
    endloop
  endfacet
  facet normal 0 0 -1
    outer loop
      vertex 27.857 -8.3309 50.5
      vertex 30.3958 -10.2789 50.5
      vertex 29.6948 -11.1331 50.5
    endloop
  endfacet
  facet normal 0 0 -1
    outer loop
      vertex 32.5997 -6.46161 50.5
      vertex 29.6433 -5.23702 50.5
      vertex 29.9587 -4.3989 50.5
    endloop
  endfacet
  facet normal 0 0 -1
    outer loop
      vertex 32.1437 -7.46804 50.5
      vertex 29.2737 -6.05272 50.5
      vertex 29.6433 -5.23702 50.5
    endloop
  endfacet
  facet normal 0 0 -1
    outer loop
      vertex 27.2889 -9.02315 50.5
      vertex 29.6948 -11.1331 50.5
      vertex 28.9395 -11.9395 50.5
    endloop
  endfacet
  facet normal 0 0 -1
    outer loop
      vertex 31.6228 -8.4425 50.5
      vertex 28.8516 -6.8425 50.5
      vertex 29.2737 -6.05272 50.5
    endloop
  endfacet
  facet normal 0 0 -1
    outer loop
      vertex 31.0394 -9.3808 50.5
      vertex 28.3787 -7.60298 50.5
      vertex 28.8516 -6.8425 50.5
    endloop
  endfacet
  facet normal 0 0 -1
    outer loop
      vertex 26.6768 -9.67676 50.5
      vertex 28.9395 -11.9395 50.5
      vertex 28.1331 -12.6948 50.5
    endloop
  endfacet
  facet normal 0 0 -1
    outer loop
      vertex 30.3958 -10.2789 50.5
      vertex 27.857 -8.3309 50.5
      vertex 28.3787 -7.60298 50.5
    endloop
  endfacet
  facet normal 0 0 -1
    outer loop
      vertex 29.6948 -11.1331 50.5
      vertex 27.2889 -9.02315 50.5
      vertex 27.857 -8.3309 50.5
    endloop
  endfacet
  facet normal 0 0 -1
    outer loop
      vertex 26.0231 -10.2889 50.5
      vertex 28.1331 -12.6948 50.5
      vertex 27.2789 -13.3958 50.5
    endloop
  endfacet
  facet normal 0 0 -1
    outer loop
      vertex 28.9395 -11.9395 50.5
      vertex 26.6768 -9.67676 50.5
      vertex 27.2889 -9.02315 50.5
    endloop
  endfacet
  facet normal 0 0 -1
    outer loop
      vertex 25.3309 -10.857 50.5
      vertex 27.2789 -13.3958 50.5
      vertex 26.3808 -14.0394 50.5
    endloop
  endfacet
  facet normal 0 0 -1
    outer loop
      vertex 28.1331 -12.6948 50.5
      vertex 26.0231 -10.2889 50.5
      vertex 26.6768 -9.67676 50.5
    endloop
  endfacet
  facet normal 0 0 -1
    outer loop
      vertex 24.603 -11.3787 50.5
      vertex 26.3808 -14.0394 50.5
      vertex 25.4425 -14.6228 50.5
    endloop
  endfacet
  facet normal 0 0 -1
    outer loop
      vertex 27.2789 -13.3958 50.5
      vertex 25.3309 -10.857 50.5
      vertex 26.0231 -10.2889 50.5
    endloop
  endfacet
  facet normal 0 0 -1
    outer loop
      vertex 26.3808 -14.0394 50.5
      vertex 24.603 -11.3787 50.5
      vertex 25.3309 -10.857 50.5
    endloop
  endfacet
  facet normal 0 0 -1
    outer loop
      vertex 23.8425 -11.8516 50.5
      vertex 25.4425 -14.6228 50.5
      vertex 24.468 -15.1437 50.5
    endloop
  endfacet
  facet normal 0 0 -1
    outer loop
      vertex 25.4425 -14.6228 50.5
      vertex 23.8425 -11.8516 50.5
      vertex 24.603 -11.3787 50.5
    endloop
  endfacet
  facet normal 0 0 -1
    outer loop
      vertex 23.0527 -12.2737 50.5
      vertex 24.468 -15.1437 50.5
      vertex 23.4616 -15.5997 50.5
    endloop
  endfacet
  facet normal 0 0 -1
    outer loop
      vertex 24.468 -15.1437 50.5
      vertex 23.0527 -12.2737 50.5
      vertex 23.8425 -11.8516 50.5
    endloop
  endfacet
  facet normal 0 0 -1
    outer loop
      vertex 22.237 -12.6433 50.5
      vertex 23.4616 -15.5997 50.5
      vertex 22.4275 -15.9889 50.5
    endloop
  endfacet
  facet normal 0 0 -1
    outer loop
      vertex 23.4616 -15.5997 50.5
      vertex 22.237 -12.6433 50.5
      vertex 23.0527 -12.2737 50.5
    endloop
  endfacet
  facet normal 0 0 -1
    outer loop
      vertex 22.4275 -15.9889 50.5
      vertex 21.3989 -12.9587 50.5
      vertex 22.237 -12.6433 50.5
    endloop
  endfacet
  facet normal 0 0 -1
    outer loop
      vertex 21.3702 -16.3097 50.5
      vertex 21.3989 -12.9587 50.5
      vertex 22.4275 -15.9889 50.5
    endloop
  endfacet
  facet normal 0 0 -1
    outer loop
      vertex 21.3702 -16.3097 50.5
      vertex 20.5419 -13.2187 50.5
      vertex 21.3989 -12.9587 50.5
    endloop
  endfacet
  facet normal 0 0 -1
    outer loop
      vertex 20.2941 -16.5606 50.5
      vertex 20.5419 -13.2187 50.5
      vertex 21.3702 -16.3097 50.5
    endloop
  endfacet
  facet normal 0 0 -1
    outer loop
      vertex 20.2941 -16.5606 50.5
      vertex 19.6698 -13.422 50.5
      vertex 20.5419 -13.2187 50.5
    endloop
  endfacet
  facet normal 0 0 -1
    outer loop
      vertex 19.2039 -16.7405 50.5
      vertex 19.6698 -13.422 50.5
      vertex 20.2941 -16.5606 50.5
    endloop
  endfacet
  facet normal 0 0 -1
    outer loop
      vertex 19.2039 -16.7405 50.5
      vertex 18.7863 -13.5679 50.5
      vertex 19.6698 -13.422 50.5
    endloop
  endfacet
  facet normal 0 0 -1
    outer loop
      vertex 18.1043 -16.8488 50.5
      vertex 18.7863 -13.5679 50.5
      vertex 19.2039 -16.7405 50.5
    endloop
  endfacet
  facet normal 0 0 -1
    outer loop
      vertex 18.1043 -16.8488 50.5
      vertex 17.895 -13.6557 50.5
      vertex 18.7863 -13.5679 50.5
    endloop
  endfacet
  facet normal 0 0 -1
    outer loop
      vertex 17 -16.885 50.5
      vertex 17.895 -13.6557 50.5
      vertex 18.1043 -16.8488 50.5
    endloop
  endfacet
  facet normal 0 0 -1
    outer loop
      vertex 17 -16.885 50.5
      vertex 17 -13.685 50.5
      vertex 17.895 -13.6557 50.5
    endloop
  endfacet
  facet normal 0 0 -1
    outer loop
      vertex 17 -16.885 50.5
      vertex 16.105 -13.6557 50.5
      vertex 17 -13.685 50.5
    endloop
  endfacet
  facet normal 0 0 -1
    outer loop
      vertex 15.8957 -16.8488 50.5
      vertex 16.105 -13.6557 50.5
      vertex 17 -16.885 50.5
    endloop
  endfacet
  facet normal 0 0 -1
    outer loop
      vertex 15.8957 -16.8488 50.5
      vertex 15.2137 -13.5679 50.5
      vertex 16.105 -13.6557 50.5
    endloop
  endfacet
  facet normal 0 0 -1
    outer loop
      vertex 14.7961 -16.7405 50.5
      vertex 15.2137 -13.5679 50.5
      vertex 15.8957 -16.8488 50.5
    endloop
  endfacet
  facet normal 0 0 -1
    outer loop
      vertex 14.7961 -16.7405 50.5
      vertex 14.3302 -13.422 50.5
      vertex 15.2137 -13.5679 50.5
    endloop
  endfacet
  facet normal 0 0 -1
    outer loop
      vertex 13.7059 -16.5606 50.5
      vertex 14.3302 -13.422 50.5
      vertex 14.7961 -16.7405 50.5
    endloop
  endfacet
  facet normal 0 0 -1
    outer loop
      vertex 13.7059 -16.5606 50.5
      vertex 13.4581 -13.2187 50.5
      vertex 14.3302 -13.422 50.5
    endloop
  endfacet
  facet normal 0 0 -1
    outer loop
      vertex 12.6298 -16.3097 50.5
      vertex 13.4581 -13.2187 50.5
      vertex 13.7059 -16.5606 50.5
    endloop
  endfacet
  facet normal 0 0 -1
    outer loop
      vertex 12.6298 -16.3097 50.5
      vertex 12.6011 -12.9587 50.5
      vertex 13.4581 -13.2187 50.5
    endloop
  endfacet
  facet normal 0 0 -1
    outer loop
      vertex 11.5725 -15.9889 50.5
      vertex 12.6011 -12.9587 50.5
      vertex 12.6298 -16.3097 50.5
    endloop
  endfacet
  facet normal -0 0 -1
    outer loop
      vertex 12.6011 -12.9587 50.5
      vertex 11.5725 -15.9889 50.5
      vertex 11.763 -12.6433 50.5
    endloop
  endfacet
  facet normal 0 0 -1
    outer loop
      vertex 10.5384 -15.5997 50.5
      vertex 11.763 -12.6433 50.5
      vertex 11.5725 -15.9889 50.5
    endloop
  endfacet
  facet normal -0 0 -1
    outer loop
      vertex 11.763 -12.6433 50.5
      vertex 10.5384 -15.5997 50.5
      vertex 10.9473 -12.2737 50.5
    endloop
  endfacet
  facet normal 0 0 -1
    outer loop
      vertex 9.53195 -15.1437 50.5
      vertex 10.9473 -12.2737 50.5
      vertex 10.5384 -15.5997 50.5
    endloop
  endfacet
  facet normal -0 0 -1
    outer loop
      vertex 10.9473 -12.2737 50.5
      vertex 9.53195 -15.1437 50.5
      vertex 10.1575 -11.8516 50.5
    endloop
  endfacet
  facet normal 0 0 -1
    outer loop
      vertex 8.5575 -14.6228 50.5
      vertex 10.1575 -11.8516 50.5
      vertex 9.53195 -15.1437 50.5
    endloop
  endfacet
  facet normal -0 0 -1
    outer loop
      vertex 10.1575 -11.8516 50.5
      vertex 8.5575 -14.6228 50.5
      vertex 9.39702 -11.3787 50.5
    endloop
  endfacet
  facet normal 0 0 -1
    outer loop
      vertex 7.6192 -14.0394 50.5
      vertex 9.39702 -11.3787 50.5
      vertex 8.5575 -14.6228 50.5
    endloop
  endfacet
  facet normal -0 0 -1
    outer loop
      vertex 9.39702 -11.3787 50.5
      vertex 7.6192 -14.0394 50.5
      vertex 8.6691 -10.857 50.5
    endloop
  endfacet
  facet normal 0 0 -1
    outer loop
      vertex 6.72106 -13.3958 50.5
      vertex 8.6691 -10.857 50.5
      vertex 7.6192 -14.0394 50.5
    endloop
  endfacet
  facet normal -0 0 -1
    outer loop
      vertex 8.6691 -10.857 50.5
      vertex 6.72106 -13.3958 50.5
      vertex 7.97685 -10.2889 50.5
    endloop
  endfacet
  facet normal 0 0 -1
    outer loop
      vertex 5.86695 -12.6948 50.5
      vertex 7.97685 -10.2889 50.5
      vertex 6.72106 -13.3958 50.5
    endloop
  endfacet
  facet normal -0 0 -1
    outer loop
      vertex 7.97685 -10.2889 50.5
      vertex 5.86695 -12.6948 50.5
      vertex 7.32324 -9.67676 50.5
    endloop
  endfacet
  facet normal 0 0 -1
    outer loop
      vertex 5.0605 -11.9395 50.5
      vertex 7.32324 -9.67676 50.5
      vertex 5.86695 -12.6948 50.5
    endloop
  endfacet
  facet normal -0 0 -1
    outer loop
      vertex 7.32324 -9.67676 50.5
      vertex 5.0605 -11.9395 50.5
      vertex 6.71107 -9.02315 50.5
    endloop
  endfacet
  facet normal 0 0 -1
    outer loop
      vertex 4.30518 -11.1331 50.5
      vertex 6.71107 -9.02315 50.5
      vertex 5.0605 -11.9395 50.5
    endloop
  endfacet
  facet normal -0 0 -1
    outer loop
      vertex 6.71107 -9.02315 50.5
      vertex 4.30518 -11.1331 50.5
      vertex 6.14296 -8.3309 50.5
    endloop
  endfacet
  facet normal 0 0 -1
    outer loop
      vertex 3.60423 -10.2789 50.5
      vertex 6.14296 -8.3309 50.5
      vertex 4.30518 -11.1331 50.5
    endloop
  endfacet
  facet normal -0 0 -1
    outer loop
      vertex 6.14296 -8.3309 50.5
      vertex 3.60423 -10.2789 50.5
      vertex 5.62134 -7.60298 50.5
    endloop
  endfacet
  facet normal 0 0 -1
    outer loop
      vertex 2.96064 -9.3808 50.5
      vertex 5.62134 -7.60298 50.5
      vertex 3.60423 -10.2789 50.5
    endloop
  endfacet
  facet normal -0 0 -1
    outer loop
      vertex 5.62134 -7.60298 50.5
      vertex 2.96064 -9.3808 50.5
      vertex 5.14844 -6.8425 50.5
    endloop
  endfacet
  facet normal 0 0 -1
    outer loop
      vertex 2.37716 -8.4425 50.5
      vertex 5.14844 -6.8425 50.5
      vertex 2.96064 -9.3808 50.5
    endloop
  endfacet
  facet normal -0 0 -1
    outer loop
      vertex 5.14844 -6.8425 50.5
      vertex 2.37716 -8.4425 50.5
      vertex 4.7263 -6.05272 50.5
    endloop
  endfacet
  facet normal 0 0 -1
    outer loop
      vertex 1.8563 -7.46804 50.5
      vertex 4.7263 -6.05272 50.5
      vertex 2.37716 -8.4425 50.5
    endloop
  endfacet
  facet normal -0 0 -1
    outer loop
      vertex 4.7263 -6.05272 50.5
      vertex 1.8563 -7.46804 50.5
      vertex 4.35671 -5.23702 50.5
    endloop
  endfacet
  facet normal 0 0 -1
    outer loop
      vertex 1.40029 -6.46161 50.5
      vertex 4.35671 -5.23702 50.5
      vertex 1.8563 -7.46804 50.5
    endloop
  endfacet
  facet normal -0 0 -1
    outer loop
      vertex 4.35671 -5.23702 50.5
      vertex 1.40029 -6.46161 50.5
      vertex 4.04126 -4.3989 50.5
    endloop
  endfacet
  facet normal 0 0 -1
    outer loop
      vertex 1.01108 -5.4275 50.5
      vertex 4.04126 -4.3989 50.5
      vertex 1.40029 -6.46161 50.5
    endloop
  endfacet
  facet normal -0 0 -1
    outer loop
      vertex 4.04126 -4.3989 50.5
      vertex 1.01108 -5.4275 50.5
      vertex 3.7813 -3.54194 50.5
    endloop
  endfacet
  facet normal 0 0 -1
    outer loop
      vertex 29.9587 4.3989 50.5
      vertex 32.9889 5.4275 50.5
      vertex 30.2187 3.54194 50.5
    endloop
  endfacet
  facet normal -0 0 -1
    outer loop
      vertex 32.9889 5.4275 50.5
      vertex 29.9587 4.3989 50.5
      vertex 32.5997 6.46161 50.5
    endloop
  endfacet
  facet normal 0 0 -1
    outer loop
      vertex 29.6433 5.23702 50.5
      vertex 32.5997 6.46161 50.5
      vertex 29.9587 4.3989 50.5
    endloop
  endfacet
  facet normal -0 0 -1
    outer loop
      vertex 32.5997 6.46161 50.5
      vertex 29.6433 5.23702 50.5
      vertex 32.1437 7.46804 50.5
    endloop
  endfacet
  facet normal 0 0 -1
    outer loop
      vertex 29.2737 6.05272 50.5
      vertex 32.1437 7.46804 50.5
      vertex 29.6433 5.23702 50.5
    endloop
  endfacet
  facet normal -0 0 -1
    outer loop
      vertex 32.1437 7.46804 50.5
      vertex 29.2737 6.05272 50.5
      vertex 31.6228 8.4425 50.5
    endloop
  endfacet
  facet normal 0 0 -1
    outer loop
      vertex 28.8516 6.8425 50.5
      vertex 31.6228 8.4425 50.5
      vertex 29.2737 6.05272 50.5
    endloop
  endfacet
  facet normal -0 0 -1
    outer loop
      vertex 31.6228 8.4425 50.5
      vertex 28.8516 6.8425 50.5
      vertex 31.0394 9.3808 50.5
    endloop
  endfacet
  facet normal 0 0 -1
    outer loop
      vertex 28.3787 7.60298 50.5
      vertex 31.0394 9.3808 50.5
      vertex 28.8516 6.8425 50.5
    endloop
  endfacet
  facet normal -0 0 -1
    outer loop
      vertex 31.0394 9.3808 50.5
      vertex 28.3787 7.60298 50.5
      vertex 30.3958 10.2789 50.5
    endloop
  endfacet
  facet normal 0 0 -1
    outer loop
      vertex 27.857 8.3309 50.5
      vertex 30.3958 10.2789 50.5
      vertex 28.3787 7.60298 50.5
    endloop
  endfacet
  facet normal -0 0 -1
    outer loop
      vertex 30.3958 10.2789 50.5
      vertex 27.857 8.3309 50.5
      vertex 29.6948 11.1331 50.5
    endloop
  endfacet
  facet normal 0 0 -1
    outer loop
      vertex 27.2889 9.02315 50.5
      vertex 29.6948 11.1331 50.5
      vertex 27.857 8.3309 50.5
    endloop
  endfacet
  facet normal -0 0 -1
    outer loop
      vertex 29.6948 11.1331 50.5
      vertex 27.2889 9.02315 50.5
      vertex 28.9395 11.9395 50.5
    endloop
  endfacet
  facet normal 0 0 -1
    outer loop
      vertex 26.6768 9.67676 50.5
      vertex 28.9395 11.9395 50.5
      vertex 27.2889 9.02315 50.5
    endloop
  endfacet
  facet normal -0 0 -1
    outer loop
      vertex 28.9395 11.9395 50.5
      vertex 26.6768 9.67676 50.5
      vertex 28.1331 12.6948 50.5
    endloop
  endfacet
  facet normal 0 0 -1
    outer loop
      vertex 26.0231 10.2889 50.5
      vertex 28.1331 12.6948 50.5
      vertex 26.6768 9.67676 50.5
    endloop
  endfacet
  facet normal -0 0 -1
    outer loop
      vertex 28.1331 12.6948 50.5
      vertex 26.0231 10.2889 50.5
      vertex 27.2789 13.3958 50.5
    endloop
  endfacet
  facet normal 0 0 -1
    outer loop
      vertex 25.3309 10.857 50.5
      vertex 27.2789 13.3958 50.5
      vertex 26.0231 10.2889 50.5
    endloop
  endfacet
  facet normal -0 0 -1
    outer loop
      vertex 27.2789 13.3958 50.5
      vertex 25.3309 10.857 50.5
      vertex 26.3808 14.0394 50.5
    endloop
  endfacet
  facet normal 0 0 -1
    outer loop
      vertex 24.603 11.3787 50.5
      vertex 26.3808 14.0394 50.5
      vertex 25.3309 10.857 50.5
    endloop
  endfacet
  facet normal -0 0 -1
    outer loop
      vertex 26.3808 14.0394 50.5
      vertex 24.603 11.3787 50.5
      vertex 25.4425 14.6228 50.5
    endloop
  endfacet
  facet normal 0 0 -1
    outer loop
      vertex 23.8425 11.8516 50.5
      vertex 25.4425 14.6228 50.5
      vertex 24.603 11.3787 50.5
    endloop
  endfacet
  facet normal -0 0 -1
    outer loop
      vertex 25.4425 14.6228 50.5
      vertex 23.8425 11.8516 50.5
      vertex 24.468 15.1437 50.5
    endloop
  endfacet
  facet normal 0 0 -1
    outer loop
      vertex 23.0527 12.2737 50.5
      vertex 24.468 15.1437 50.5
      vertex 23.8425 11.8516 50.5
    endloop
  endfacet
  facet normal -0 0 -1
    outer loop
      vertex 24.468 15.1437 50.5
      vertex 23.0527 12.2737 50.5
      vertex 23.4616 15.5997 50.5
    endloop
  endfacet
  facet normal 0 0 -1
    outer loop
      vertex 22.237 12.6433 50.5
      vertex 23.4616 15.5997 50.5
      vertex 23.0527 12.2737 50.5
    endloop
  endfacet
  facet normal -0 0 -1
    outer loop
      vertex 23.4616 15.5997 50.5
      vertex 22.237 12.6433 50.5
      vertex 22.4275 15.9889 50.5
    endloop
  endfacet
  facet normal 0 0 -1
    outer loop
      vertex 21.3989 12.9587 50.5
      vertex 22.4275 15.9889 50.5
      vertex 22.237 12.6433 50.5
    endloop
  endfacet
  facet normal 0 0 -1
    outer loop
      vertex 21.3989 12.9587 50.5
      vertex 21.3702 16.3097 50.5
      vertex 22.4275 15.9889 50.5
    endloop
  endfacet
  facet normal 0 0 -1
    outer loop
      vertex 20.5419 13.2187 50.5
      vertex 21.3702 16.3097 50.5
      vertex 21.3989 12.9587 50.5
    endloop
  endfacet
  facet normal 0 0 -1
    outer loop
      vertex 20.5419 13.2187 50.5
      vertex 20.2941 16.5606 50.5
      vertex 21.3702 16.3097 50.5
    endloop
  endfacet
  facet normal 0 0 -1
    outer loop
      vertex 19.6698 13.422 50.5
      vertex 20.2941 16.5606 50.5
      vertex 20.5419 13.2187 50.5
    endloop
  endfacet
  facet normal 0 0 -1
    outer loop
      vertex 19.6698 13.422 50.5
      vertex 19.2039 16.7405 50.5
      vertex 20.2941 16.5606 50.5
    endloop
  endfacet
  facet normal 0 0 -1
    outer loop
      vertex 18.7863 13.5679 50.5
      vertex 19.2039 16.7405 50.5
      vertex 19.6698 13.422 50.5
    endloop
  endfacet
  facet normal 0 0 -1
    outer loop
      vertex 18.7863 13.5679 50.5
      vertex 18.1043 16.8488 50.5
      vertex 19.2039 16.7405 50.5
    endloop
  endfacet
  facet normal 0 0 -1
    outer loop
      vertex 17.895 13.6557 50.5
      vertex 18.1043 16.8488 50.5
      vertex 18.7863 13.5679 50.5
    endloop
  endfacet
  facet normal 0 0 -1
    outer loop
      vertex 17 13.685 50.5
      vertex 18.1043 16.8488 50.5
      vertex 17.895 13.6557 50.5
    endloop
  endfacet
  facet normal 0 0 -1
    outer loop
      vertex 17 13.685 50.5
      vertex 17 16.885 50.5
      vertex 18.1043 16.8488 50.5
    endloop
  endfacet
  facet normal 0 0 -1
    outer loop
      vertex 16.105 13.6557 50.5
      vertex 17 16.885 50.5
      vertex 17 13.685 50.5
    endloop
  endfacet
  facet normal 0 0 -1
    outer loop
      vertex 16.105 13.6557 50.5
      vertex 15.8957 16.8488 50.5
      vertex 17 16.885 50.5
    endloop
  endfacet
  facet normal 0 0 -1
    outer loop
      vertex 15.2137 13.5679 50.5
      vertex 15.8957 16.8488 50.5
      vertex 16.105 13.6557 50.5
    endloop
  endfacet
  facet normal 0 0 -1
    outer loop
      vertex 15.2137 13.5679 50.5
      vertex 14.7961 16.7405 50.5
      vertex 15.8957 16.8488 50.5
    endloop
  endfacet
  facet normal 0 0 -1
    outer loop
      vertex 14.3302 13.422 50.5
      vertex 14.7961 16.7405 50.5
      vertex 15.2137 13.5679 50.5
    endloop
  endfacet
  facet normal 0 0 -1
    outer loop
      vertex 14.3302 13.422 50.5
      vertex 13.7059 16.5606 50.5
      vertex 14.7961 16.7405 50.5
    endloop
  endfacet
  facet normal 0 0 -1
    outer loop
      vertex 13.4581 13.2187 50.5
      vertex 13.7059 16.5606 50.5
      vertex 14.3302 13.422 50.5
    endloop
  endfacet
  facet normal 0 0 -1
    outer loop
      vertex 13.4581 13.2187 50.5
      vertex 12.6298 16.3097 50.5
      vertex 13.7059 16.5606 50.5
    endloop
  endfacet
  facet normal 0 0 -1
    outer loop
      vertex 12.6011 12.9587 50.5
      vertex 12.6298 16.3097 50.5
      vertex 13.4581 13.2187 50.5
    endloop
  endfacet
  facet normal 0 0 -1
    outer loop
      vertex 11.5725 15.9889 50.5
      vertex 12.6011 12.9587 50.5
      vertex 11.763 12.6433 50.5
    endloop
  endfacet
  facet normal 0 0 -1
    outer loop
      vertex 12.6011 12.9587 50.5
      vertex 11.5725 15.9889 50.5
      vertex 12.6298 16.3097 50.5
    endloop
  endfacet
  facet normal 0 0 -1
    outer loop
      vertex 10.5384 15.5997 50.5
      vertex 11.763 12.6433 50.5
      vertex 10.9473 12.2737 50.5
    endloop
  endfacet
  facet normal 0 0 -1
    outer loop
      vertex 11.763 12.6433 50.5
      vertex 10.5384 15.5997 50.5
      vertex 11.5725 15.9889 50.5
    endloop
  endfacet
  facet normal 0 0 -1
    outer loop
      vertex 9.53195 15.1437 50.5
      vertex 10.9473 12.2737 50.5
      vertex 10.1575 11.8516 50.5
    endloop
  endfacet
  facet normal 0 0 -1
    outer loop
      vertex 10.9473 12.2737 50.5
      vertex 9.53195 15.1437 50.5
      vertex 10.5384 15.5997 50.5
    endloop
  endfacet
  facet normal 0 0 -1
    outer loop
      vertex 8.5575 14.6228 50.5
      vertex 10.1575 11.8516 50.5
      vertex 9.39702 11.3787 50.5
    endloop
  endfacet
  facet normal 0 0 -1
    outer loop
      vertex 7.6192 14.0394 50.5
      vertex 9.39702 11.3787 50.5
      vertex 8.6691 10.857 50.5
    endloop
  endfacet
  facet normal 0 0 -1
    outer loop
      vertex 10.1575 11.8516 50.5
      vertex 8.5575 14.6228 50.5
      vertex 9.53195 15.1437 50.5
    endloop
  endfacet
  facet normal 0 0 -1
    outer loop
      vertex 6.72106 13.3958 50.5
      vertex 8.6691 10.857 50.5
      vertex 7.97685 10.2889 50.5
    endloop
  endfacet
  facet normal 0 0 -1
    outer loop
      vertex 9.39702 11.3787 50.5
      vertex 7.6192 14.0394 50.5
      vertex 8.5575 14.6228 50.5
    endloop
  endfacet
  facet normal 0 0 -1
    outer loop
      vertex 5.86695 12.6948 50.5
      vertex 7.97685 10.2889 50.5
      vertex 7.32324 9.67676 50.5
    endloop
  endfacet
  facet normal 0 0 -1
    outer loop
      vertex 8.6691 10.857 50.5
      vertex 6.72106 13.3958 50.5
      vertex 7.6192 14.0394 50.5
    endloop
  endfacet
  facet normal 0 0 -1
    outer loop
      vertex 5.0605 11.9395 50.5
      vertex 7.32324 9.67676 50.5
      vertex 6.71107 9.02315 50.5
    endloop
  endfacet
  facet normal 0 0 -1
    outer loop
      vertex 4.30518 11.1331 50.5
      vertex 6.71107 9.02315 50.5
      vertex 6.14296 8.3309 50.5
    endloop
  endfacet
  facet normal 0 0 -1
    outer loop
      vertex 7.97685 10.2889 50.5
      vertex 5.86695 12.6948 50.5
      vertex 6.72106 13.3958 50.5
    endloop
  endfacet
  facet normal 0 0 -1
    outer loop
      vertex 3.60423 10.2789 50.5
      vertex 6.14296 8.3309 50.5
      vertex 5.62134 7.60298 50.5
    endloop
  endfacet
  facet normal 0 0 -1
    outer loop
      vertex 2.96064 9.3808 50.5
      vertex 5.62134 7.60298 50.5
      vertex 5.14844 6.8425 50.5
    endloop
  endfacet
  facet normal 0 0 -1
    outer loop
      vertex 7.32324 9.67676 50.5
      vertex 5.0605 11.9395 50.5
      vertex 5.86695 12.6948 50.5
    endloop
  endfacet
  facet normal 0 0 -1
    outer loop
      vertex 2.37716 8.4425 50.5
      vertex 5.14844 6.8425 50.5
      vertex 4.7263 6.05272 50.5
    endloop
  endfacet
  facet normal 0 0 -1
    outer loop
      vertex 1.8563 7.46804 50.5
      vertex 4.7263 6.05272 50.5
      vertex 4.35671 5.23702 50.5
    endloop
  endfacet
  facet normal 0 0 -1
    outer loop
      vertex 6.71107 9.02315 50.5
      vertex 4.30518 11.1331 50.5
      vertex 5.0605 11.9395 50.5
    endloop
  endfacet
  facet normal 0 0 -1
    outer loop
      vertex 1.40029 6.46161 50.5
      vertex 4.35671 5.23702 50.5
      vertex 4.04126 4.3989 50.5
    endloop
  endfacet
  facet normal 0 0 -1
    outer loop
      vertex 1.01108 5.4275 50.5
      vertex 4.04126 4.3989 50.5
      vertex 3.7813 3.54194 50.5
    endloop
  endfacet
  facet normal 0 0 -1
    outer loop
      vertex 6.14296 8.3309 50.5
      vertex 3.60423 10.2789 50.5
      vertex 4.30518 11.1331 50.5
    endloop
  endfacet
  facet normal 0 0 -1
    outer loop
      vertex 0.690342 4.37016 50.5
      vertex 3.7813 3.54194 50.5
      vertex 3.57795 2.66981 50.5
    endloop
  endfacet
  facet normal 0 0 -1
    outer loop
      vertex 0.43944 3.2941 50.5
      vertex 3.57795 2.66981 50.5
      vertex 3.43208 1.78625 50.5
    endloop
  endfacet
  facet normal 0 0 -1
    outer loop
      vertex 0.259453 2.20393 50.5
      vertex 3.43208 1.78625 50.5
      vertex 3.3443 0.895041 50.5
    endloop
  endfacet
  facet normal 0 0 -1
    outer loop
      vertex 0.151152 1.10433 50.5
      vertex 3.3443 0.895041 50.5
      vertex 3.315 0 50.5
    endloop
  endfacet
  facet normal 0 0 -1
    outer loop
      vertex 0.690342 -4.37016 50.5
      vertex 3.7813 -3.54194 50.5
      vertex 1.01108 -5.4275 50.5
    endloop
  endfacet
  facet normal 0 0 -1
    outer loop
      vertex 5.62134 7.60298 50.5
      vertex 2.96064 9.3808 50.5
      vertex 3.60423 10.2789 50.5
    endloop
  endfacet
  facet normal -0 0 -1
    outer loop
      vertex 3.7813 -3.54194 50.5
      vertex 0.690342 -4.37016 50.5
      vertex 3.57795 -2.66981 50.5
    endloop
  endfacet
  facet normal 0 0 -1
    outer loop
      vertex 5.14844 6.8425 50.5
      vertex 2.37716 8.4425 50.5
      vertex 2.96064 9.3808 50.5
    endloop
  endfacet
  facet normal 0 0 -1
    outer loop
      vertex 0.43944 -3.2941 50.5
      vertex 3.57795 -2.66981 50.5
      vertex 0.690342 -4.37016 50.5
    endloop
  endfacet
  facet normal 0 0 -1
    outer loop
      vertex 4.7263 6.05272 50.5
      vertex 1.8563 7.46804 50.5
      vertex 2.37716 8.4425 50.5
    endloop
  endfacet
  facet normal -0 0 -1
    outer loop
      vertex 3.57795 -2.66981 50.5
      vertex 0.43944 -3.2941 50.5
      vertex 3.43208 -1.78625 50.5
    endloop
  endfacet
  facet normal 0 0 -1
    outer loop
      vertex 4.35671 5.23702 50.5
      vertex 1.40029 6.46161 50.5
      vertex 1.8563 7.46804 50.5
    endloop
  endfacet
  facet normal 0 0 -1
    outer loop
      vertex 0.259453 -2.20393 50.5
      vertex 3.43208 -1.78625 50.5
      vertex 0.43944 -3.2941 50.5
    endloop
  endfacet
  facet normal 0 0 -1
    outer loop
      vertex 4.04126 4.3989 50.5
      vertex 1.01108 5.4275 50.5
      vertex 1.40029 6.46161 50.5
    endloop
  endfacet
  facet normal -0 0 -1
    outer loop
      vertex 3.43208 -1.78625 50.5
      vertex 0.259453 -2.20393 50.5
      vertex 3.3443 -0.895041 50.5
    endloop
  endfacet
  facet normal 0 0 -1
    outer loop
      vertex 3.7813 3.54194 50.5
      vertex 0.690342 4.37016 50.5
      vertex 1.01108 5.4275 50.5
    endloop
  endfacet
  facet normal 0 0 -1
    outer loop
      vertex 0.151152 -1.10433 50.5
      vertex 3.3443 -0.895041 50.5
      vertex 0.259453 -2.20393 50.5
    endloop
  endfacet
  facet normal 0 0 -1
    outer loop
      vertex 3.57795 2.66981 50.5
      vertex 0.43944 3.2941 50.5
      vertex 0.690342 4.37016 50.5
    endloop
  endfacet
  facet normal -0 0 -1
    outer loop
      vertex 3.3443 -0.895041 50.5
      vertex 0.151152 -1.10433 50.5
      vertex 3.315 0 50.5
    endloop
  endfacet
  facet normal 0 0 -1
    outer loop
      vertex 3.43208 1.78625 50.5
      vertex 0.259453 2.20393 50.5
      vertex 0.43944 3.2941 50.5
    endloop
  endfacet
  facet normal 0 0 -1
    outer loop
      vertex 0.115 0 50.5
      vertex 3.315 0 50.5
      vertex 0.151152 -1.10433 50.5
    endloop
  endfacet
  facet normal 0 0 -1
    outer loop
      vertex 3.3443 0.895041 50.5
      vertex 0.151152 1.10433 50.5
      vertex 0.259453 2.20393 50.5
    endloop
  endfacet
  facet normal 0 0 -1
    outer loop
      vertex 3.315 0 50.5
      vertex 0.115 0 50.5
      vertex 0.151152 1.10433 50.5
    endloop
  endfacet
  facet normal 0.689112 -0.312191 -0.653958
    outer loop
      vertex -40.1799 19.8145 3.2
      vertex -42.8256 20.6777 0
      vertex -42.6621 21.0386 0
    endloop
  endfacet
  facet normal 0.689098 -0.312227 -0.653956
    outer loop
      vertex -42.8256 20.6777 0
      vertex -40.1799 19.8145 3.2
      vertex -41.3898 17.1442 3.2
    endloop
  endfacet
  facet normal -0.440667 -0.61494 -0.653959
    outer loop
      vertex 26.4271 39.551 0
      vertex 28.6353 37.9686 0
      vertex 24.8895 37.2498 3.2
    endloop
  endfacet
  facet normal -0.756126 -0.0248252 -0.653955
    outer loop
      vertex 44.8 0 3.2
      vertex 47.5546 0.395954 0
      vertex 47.5676 0 0
    endloop
  endfacet
  facet normal -0.756132 -0.024748 -0.65395
    outer loop
      vertex 47.5546 0.395954 0
      vertex 44.8 0 3.2
      vertex 44.7041 2.93006 3.2
    endloop
  endfacet
  facet normal -0.756136 -0.0247579 -0.653946
    outer loop
      vertex 47.4657 3.11107 0
      vertex 47.5546 0.395954 0
      vertex 44.7041 2.93006 3.2
    endloop
  endfacet
  facet normal 0.667198 0.35663 -0.653959
    outer loop
      vertex -40.1799 -19.8145 3.2
      vertex -41.3815 -23.4344 0
      vertex -42.6621 -21.0386 0
    endloop
  endfacet
  facet normal -0.61494 -0.440667 -0.653959
    outer loop
      vertex 37.9686 28.6353 0
      vertex 39.551 26.4271 0
      vertex 37.2498 24.8895 3.2
    endloop
  endfacet
  facet normal -0.667198 -0.35663 -0.653959
    outer loop
      vertex 41.3815 23.4344 0
      vertex 42.6621 21.0386 0
      vertex 40.1799 19.8145 3.2
    endloop
  endfacet
  facet normal 0.552166 -0.51716 -0.653956
    outer loop
      vertex -33.9062 33.3462 0
      vertex -33.6824 29.5387 3.2
      vertex -35.7632 31.3635 0
    endloop
  endfacet
  facet normal 0.756136 0.0247579 -0.653946
    outer loop
      vertex -44.7041 -2.93006 3.2
      vertex -47.4657 -3.11107 0
      vertex -47.5546 -0.395954 0
    endloop
  endfacet
  facet normal 0.746429 -0.123223 -0.653957
    outer loop
      vertex -44.4167 5.84757 3.2
      vertex -47.0961 6.59969 0
      vertex -43.9392 8.74005 3.2
    endloop
  endfacet
  facet normal 0.74644 -0.123172 -0.653954
    outer loop
      vertex -47.0961 6.59969 0
      vertex -44.4167 5.84757 3.2
      vertex -47.1606 6.20881 0
    endloop
  endfacet
  facet normal 0.689105 0.31222 -0.653952
    outer loop
      vertex -41.3898 -17.1442 3.2
      vertex -42.8256 -20.6777 0
      vertex -43.9467 -18.2033 0
    endloop
  endfacet
  facet normal -0.517299 0.552053 -0.653942
    outer loop
      vertex 33.3462 -33.9062 0
      vertex 31.6784 -31.6784 3.2
      vertex 33.6353 -33.6353 0
    endloop
  endfacet
  facet normal -0.517156 0.552175 -0.653952
    outer loop
      vertex 31.6784 -31.6784 3.2
      vertex 33.3462 -33.9062 0
      vertex 29.5387 -33.6824 3.2
    endloop
  endfacet
  facet normal -0.708046 -0.266492 -0.653952
    outer loop
      vertex 43.9467 18.2033 0
      vertex 44.9036 15.6609 0
      vertex 41.3898 17.1442 3.2
    endloop
  endfacet
  facet normal 0.0247579 -0.756136 -0.653946
    outer loop
      vertex -0.395954 47.5546 0
      vertex -2.93006 44.7041 3.2
      vertex -3.11107 47.4657 0
    endloop
  endfacet
  facet normal -0.399495 0.64245 -0.653959
    outer loop
      vertex 24.8895 -37.2498 3.2
      vertex 26.4271 -39.551 0
      vertex 24.1202 -40.9855 0
    endloop
  endfacet
  facet normal 0.74644 0.123172 -0.653954
    outer loop
      vertex -44.4167 -5.84757 3.2
      vertex -47.0961 -6.59969 0
      vertex -47.1606 -6.20881 0
    endloop
  endfacet
  facet normal 0.746429 0.123223 -0.653957
    outer loop
      vertex -47.0961 -6.59969 0
      vertex -44.4167 -5.84757 3.2
      vertex -43.9392 -8.74005 3.2
    endloop
  endfacet
  facet normal -0.5848 -0.479948 -0.653957
    outer loop
      vertex 35.5422 27.2725 3.2
      vertex 37.4866 29.2635 0
      vertex 37.7379 28.9573 0
    endloop
  endfacet
  facet normal -0.584811 -0.479936 -0.653956
    outer loop
      vertex 37.4866 29.2635 0
      vertex 35.5422 27.2725 3.2
      vertex 33.6824 29.5387 3.2
    endloop
  endfacet
  facet normal -0.171798 0.736771 -0.653953
    outer loop
      vertex 11.9256 -46.0367 0
      vertex 9.27997 -46.6536 0
      vertex 8.74005 -43.9392 3.2
    endloop
  endfacet
  facet normal -0.752892 -0.0741618 -0.653953
    outer loop
      vertex 47.1606 6.20881 0
      vertex 47.4269 3.50533 0
      vertex 44.4167 5.84757 3.2
    endloop
  endfacet
  facet normal 0.752892 -0.0741618 -0.653953
    outer loop
      vertex -47.1606 6.20881 0
      vertex -44.4167 5.84757 3.2
      vertex -47.4269 3.50533 0
    endloop
  endfacet
  facet normal -0.479935 -0.584811 -0.653956
    outer loop
      vertex 31.3635 35.7632 0
      vertex 29.5387 33.6824 3.2
      vertex 29.2635 37.4866 0
    endloop
  endfacet
  facet normal 0.746431 0.123232 -0.653953
    outer loop
      vertex -43.9392 -8.74005 3.2
      vertex -46.6536 -9.27997 0
      vertex -47.0961 -6.59969 0
    endloop
  endfacet
  facet normal 0.21959 -0.723966 -0.653952
    outer loop
      vertex -12.6905 45.8317 0
      vertex -14.4005 42.4225 3.2
      vertex -15.2901 45.0432 0
    endloop
  endfacet
  facet normal -0.479936 -0.584811 -0.653956
    outer loop
      vertex 27.2725 35.5422 3.2
      vertex 29.2635 37.4866 0
      vertex 29.5387 33.6824 3.2
    endloop
  endfacet
  facet normal -0.479948 -0.5848 -0.653957
    outer loop
      vertex 29.2635 37.4866 0
      vertex 27.2725 35.5422 3.2
      vertex 28.9573 37.7379 0
    endloop
  endfacet
  facet normal -0.440611 0.614983 -0.653956
    outer loop
      vertex 28.6353 -37.9686 0
      vertex 27.2725 -35.5422 3.2
      vertex 28.9573 -37.7379 0
    endloop
  endfacet
  facet normal -0.440659 0.614951 -0.653953
    outer loop
      vertex 27.2725 -35.5422 3.2
      vertex 28.6353 -37.9686 0
      vertex 24.8895 -37.2498 3.2
    endloop
  endfacet
  facet normal 0.736771 -0.171798 -0.653953
    outer loop
      vertex -46.0367 11.9256 0
      vertex -43.9392 8.74005 3.2
      vertex -46.6536 9.27997 0
    endloop
  endfacet
  facet normal -0.689105 0.31222 -0.653952
    outer loop
      vertex 43.9467 -18.2033 0
      vertex 42.8256 -20.6777 0
      vertex 41.3898 -17.1442 3.2
    endloop
  endfacet
  facet normal 0.399495 0.64245 -0.653959
    outer loop
      vertex -24.8895 -37.2498 3.2
      vertex -24.1202 -40.9855 0
      vertex -26.4271 -39.551 0
    endloop
  endfacet
  facet normal -0.35663 -0.667198 -0.653959
    outer loop
      vertex 21.0386 42.6621 0
      vertex 23.4344 41.3815 0
      vertex 19.8145 40.1799 3.2
    endloop
  endfacet
  facet normal 0.0248252 0.756126 -0.653955
    outer loop
      vertex -0.395954 -47.5546 0
      vertex 0 -44.8 3.2
      vertex 0 -47.5676 0
    endloop
  endfacet
  facet normal 0.024748 0.756132 -0.65395
    outer loop
      vertex 0 -44.8 3.2
      vertex -0.395954 -47.5546 0
      vertex -2.93006 -44.7041 3.2
    endloop
  endfacet
  facet normal -0.123223 0.746429 -0.653957
    outer loop
      vertex 6.59969 -47.0961 0
      vertex 5.84757 -44.4167 3.2
      vertex 8.74005 -43.9392 3.2
    endloop
  endfacet
  facet normal -0.123172 0.74644 -0.653954
    outer loop
      vertex 5.84757 -44.4167 3.2
      vertex 6.59969 -47.0961 0
      vertex 6.20881 -47.1606 0
    endloop
  endfacet
  facet normal -0.552166 -0.51716 -0.653956
    outer loop
      vertex 33.9062 33.3462 0
      vertex 35.7632 31.3635 0
      vertex 33.6824 29.5387 3.2
    endloop
  endfacet
  facet normal 0.0741665 -0.752893 -0.653951
    outer loop
      vertex -3.50533 47.4269 0
      vertex -2.93006 44.7041 3.2
      vertex -5.84757 44.4167 3.2
    endloop
  endfacet
  facet normal 0.0740949 -0.752903 -0.653947
    outer loop
      vertex -2.93006 44.7041 3.2
      vertex -3.50533 47.4269 0
      vertex -3.11107 47.4657 0
    endloop
  endfacet
  facet normal -0.746431 -0.123232 -0.653953
    outer loop
      vertex 46.6536 9.27997 0
      vertex 47.0961 6.59969 0
      vertex 43.9392 8.74005 3.2
    endloop
  endfacet
  facet normal -0.31222 -0.689105 -0.653952
    outer loop
      vertex 18.2033 43.9467 0
      vertex 20.6777 42.8256 0
      vertex 17.1442 41.3898 3.2
    endloop
  endfacet
  facet normal -0.171798 -0.736771 -0.653953
    outer loop
      vertex 9.27997 46.6536 0
      vertex 11.9256 46.0367 0
      vertex 8.74005 43.9392 3.2
    endloop
  endfacet
  facet normal 0.266492 -0.708046 -0.653952
    outer loop
      vertex -15.6609 44.9036 0
      vertex -17.1442 41.3898 3.2
      vertex -18.2033 43.9467 0
    endloop
  endfacet
  facet normal 0.399519 0.642439 -0.653954
    outer loop
      vertex -24.1202 -40.9855 0
      vertex -22.4 -38.7979 3.2
      vertex -23.7838 -41.1947 0
    endloop
  endfacet
  facet normal 0.399507 0.642448 -0.653953
    outer loop
      vertex -22.4 -38.7979 3.2
      vertex -24.1202 -40.9855 0
      vertex -24.8895 -37.2498 3.2
    endloop
  endfacet
  facet normal 0.61494 -0.440667 -0.653959
    outer loop
      vertex -37.9686 28.6353 0
      vertex -37.2498 24.8895 3.2
      vertex -39.551 26.4271 0
    endloop
  endfacet
  facet normal -0.642439 0.399519 -0.653954
    outer loop
      vertex 40.9855 -24.1202 0
      vertex 38.7979 -22.4 3.2
      vertex 41.1947 -23.7838 0
    endloop
  endfacet
  facet normal -0.642448 0.399507 -0.653953
    outer loop
      vertex 38.7979 -22.4 3.2
      vertex 40.9855 -24.1202 0
      vertex 37.2498 -24.8895 3.2
    endloop
  endfacet
  facet normal -0.736761 -0.171873 -0.653944
    outer loop
      vertex 46.0367 11.9256 0
      vertex 43.2735 11.5951 3.2
      vertex 45.9467 12.3114 0
    endloop
  endfacet
  facet normal -0.736776 -0.171791 -0.653949
    outer loop
      vertex 43.2735 11.5951 3.2
      vertex 46.0367 11.9256 0
      vertex 43.9392 8.74005 3.2
    endloop
  endfacet
  facet normal 0.614983 0.440611 -0.653956
    outer loop
      vertex -37.9686 -28.6353 0
      vertex -35.5422 -27.2725 3.2
      vertex -37.7379 -28.9573 0
    endloop
  endfacet
  facet normal 0.614951 0.440659 -0.653953
    outer loop
      vertex -35.5422 -27.2725 3.2
      vertex -37.9686 -28.6353 0
      vertex -37.2498 -24.8895 3.2
    endloop
  endfacet
  facet normal 0.399519 -0.642439 -0.653954
    outer loop
      vertex -22.4 38.7979 3.2
      vertex -24.1202 40.9855 0
      vertex -23.7838 41.1947 0
    endloop
  endfacet
  facet normal 0.399507 -0.642448 -0.653953
    outer loop
      vertex -24.1202 40.9855 0
      vertex -22.4 38.7979 3.2
      vertex -24.8895 37.2498 3.2
    endloop
  endfacet
  facet normal -0.440667 0.61494 -0.653959
    outer loop
      vertex 28.6353 -37.9686 0
      vertex 26.4271 -39.551 0
      vertex 24.8895 -37.2498 3.2
    endloop
  endfacet
  facet normal 0.736771 0.171798 -0.653953
    outer loop
      vertex -43.9392 -8.74005 3.2
      vertex -46.0367 -11.9256 0
      vertex -46.6536 -9.27997 0
    endloop
  endfacet
  facet normal -0.399507 -0.642448 -0.653953
    outer loop
      vertex 22.4 38.7979 3.2
      vertex 24.1202 40.9855 0
      vertex 24.8895 37.2498 3.2
    endloop
  endfacet
  facet normal -0.399519 -0.642439 -0.653954
    outer loop
      vertex 24.1202 40.9855 0
      vertex 22.4 38.7979 3.2
      vertex 23.7838 41.1947 0
    endloop
  endfacet
  facet normal -0.0741665 0.752893 -0.653951
    outer loop
      vertex 3.50533 -47.4269 0
      vertex 2.93006 -44.7041 3.2
      vertex 5.84757 -44.4167 3.2
    endloop
  endfacet
  facet normal -0.0740949 0.752903 -0.653947
    outer loop
      vertex 2.93006 -44.7041 3.2
      vertex 3.50533 -47.4269 0
      vertex 3.11107 -47.4657 0
    endloop
  endfacet
  facet normal -0.024748 0.756132 -0.65395
    outer loop
      vertex 0.395954 -47.5546 0
      vertex 0 -44.8 3.2
      vertex 2.93006 -44.7041 3.2
    endloop
  endfacet
  facet normal -0.0248252 0.756126 -0.653955
    outer loop
      vertex 0 -44.8 3.2
      vertex 0.395954 -47.5546 0
      vertex 0 -47.5676 0
    endloop
  endfacet
  facet normal -0.552166 0.51716 -0.653956
    outer loop
      vertex 35.7632 -31.3635 0
      vertex 33.9062 -33.3462 0
      vertex 33.6824 -29.5387 3.2
    endloop
  endfacet
  facet normal -0.74644 -0.123172 -0.653954
    outer loop
      vertex 44.4167 5.84757 3.2
      vertex 47.0961 6.59969 0
      vertex 47.1606 6.20881 0
    endloop
  endfacet
  facet normal -0.746429 -0.123223 -0.653957
    outer loop
      vertex 47.0961 6.59969 0
      vertex 44.4167 5.84757 3.2
      vertex 43.9392 8.74005 3.2
    endloop
  endfacet
  facet normal 0.0247579 0.756136 -0.653946
    outer loop
      vertex -2.93006 -44.7041 3.2
      vertex -0.395954 -47.5546 0
      vertex -3.11107 -47.4657 0
    endloop
  endfacet
  facet normal -0.61494 0.440667 -0.653959
    outer loop
      vertex 39.551 -26.4271 0
      vertex 37.9686 -28.6353 0
      vertex 37.2498 -24.8895 3.2
    endloop
  endfacet
  facet normal 0.723966 -0.21959 -0.653952
    outer loop
      vertex -45.0432 15.2901 0
      vertex -42.4225 14.4005 3.2
      vertex -45.8317 12.6905 0
    endloop
  endfacet
  facet normal 0.171873 -0.736761 -0.653944
    outer loop
      vertex -11.9256 46.0367 0
      vertex -11.5951 43.2735 3.2
      vertex -12.3114 45.9467 0
    endloop
  endfacet
  facet normal 0.171791 -0.736776 -0.653949
    outer loop
      vertex -11.5951 43.2735 3.2
      vertex -11.9256 46.0367 0
      vertex -8.74005 43.9392 3.2
    endloop
  endfacet
  facet normal -0.708046 0.266492 -0.653952
    outer loop
      vertex 44.9036 -15.6609 0
      vertex 43.9467 -18.2033 0
      vertex 41.3898 -17.1442 3.2
    endloop
  endfacet
  facet normal -0.266492 -0.708046 -0.653952
    outer loop
      vertex 18.2033 43.9467 0
      vertex 17.1442 41.3898 3.2
      vertex 15.6609 44.9036 0
    endloop
  endfacet
  facet normal -0.756136 0.0247579 -0.653946
    outer loop
      vertex 47.5546 -0.395954 0
      vertex 47.4657 -3.11107 0
      vertex 44.7041 -2.93006 3.2
    endloop
  endfacet
  facet normal -0.756126 0.0248252 -0.653955
    outer loop
      vertex 47.5546 -0.395954 0
      vertex 44.8 0 3.2
      vertex 47.5676 0 0
    endloop
  endfacet
  facet normal -0.756132 0.024748 -0.65395
    outer loop
      vertex 44.8 0 3.2
      vertex 47.5546 -0.395954 0
      vertex 44.7041 -2.93006 3.2
    endloop
  endfacet
  facet normal 0.440667 -0.61494 -0.653959
    outer loop
      vertex -26.4271 39.551 0
      vertex -24.8895 37.2498 3.2
      vertex -28.6353 37.9686 0
    endloop
  endfacet
  facet normal 0.552053 0.517299 -0.653942
    outer loop
      vertex -33.9062 -33.3462 0
      vertex -31.6784 -31.6784 3.2
      vertex -33.6353 -33.6353 0
    endloop
  endfacet
  facet normal 0.552175 0.517156 -0.653952
    outer loop
      vertex -31.6784 -31.6784 3.2
      vertex -33.9062 -33.3462 0
      vertex -33.6824 -29.5387 3.2
    endloop
  endfacet
  facet normal -0.584811 -0.479935 -0.653956
    outer loop
      vertex 35.7632 31.3635 0
      vertex 37.4866 29.2635 0
      vertex 33.6824 29.5387 3.2
    endloop
  endfacet
  facet normal -0.31222 0.689105 -0.653952
    outer loop
      vertex 20.6777 -42.8256 0
      vertex 18.2033 -43.9467 0
      vertex 17.1442 -41.3898 3.2
    endloop
  endfacet
  facet normal -0.0740949 -0.752903 -0.653947
    outer loop
      vertex 3.50533 47.4269 0
      vertex 2.93006 44.7041 3.2
      vertex 3.11107 47.4657 0
    endloop
  endfacet
  facet normal -0.0741665 -0.752893 -0.653951
    outer loop
      vertex 2.93006 44.7041 3.2
      vertex 3.50533 47.4269 0
      vertex 5.84757 44.4167 3.2
    endloop
  endfacet
  facet normal 0.752892 0.0741618 -0.653953
    outer loop
      vertex -44.4167 -5.84757 3.2
      vertex -47.1606 -6.20881 0
      vertex -47.4269 -3.50533 0
    endloop
  endfacet
  facet normal 0.440667 0.61494 -0.653959
    outer loop
      vertex -24.8895 -37.2498 3.2
      vertex -26.4271 -39.551 0
      vertex -28.6353 -37.9686 0
    endloop
  endfacet
  facet normal -0.51716 -0.552166 -0.653956
    outer loop
      vertex 31.3635 35.7632 0
      vertex 33.3462 33.9062 0
      vertex 29.5387 33.6824 3.2
    endloop
  endfacet
  facet normal 0.123223 -0.746429 -0.653957
    outer loop
      vertex -6.59969 47.0961 0
      vertex -5.84757 44.4167 3.2
      vertex -8.74005 43.9392 3.2
    endloop
  endfacet
  facet normal 0.123172 -0.74644 -0.653954
    outer loop
      vertex -5.84757 44.4167 3.2
      vertex -6.59969 47.0961 0
      vertex -6.20881 47.1606 0
    endloop
  endfacet
  facet normal -0.689098 0.312227 -0.653956
    outer loop
      vertex 42.8256 -20.6777 0
      vertex 40.1799 -19.8145 3.2
      vertex 41.3898 -17.1442 3.2
    endloop
  endfacet
  facet normal -0.689112 0.312191 -0.653958
    outer loop
      vertex 40.1799 -19.8145 3.2
      vertex 42.8256 -20.6777 0
      vertex 42.6621 -21.0386 0
    endloop
  endfacet
  facet normal -0.736771 -0.171798 -0.653953
    outer loop
      vertex 46.0367 11.9256 0
      vertex 46.6536 9.27997 0
      vertex 43.9392 8.74005 3.2
    endloop
  endfacet
  facet normal -0.0741618 0.752892 -0.653953
    outer loop
      vertex 5.84757 -44.4167 3.2
      vertex 6.20881 -47.1606 0
      vertex 3.50533 -47.4269 0
    endloop
  endfacet
  facet normal 0.35663 0.667198 -0.653959
    outer loop
      vertex -19.8145 -40.1799 3.2
      vertex -21.0386 -42.6621 0
      vertex -23.4344 -41.3815 0
    endloop
  endfacet
  facet normal -0.123232 -0.746431 -0.653953
    outer loop
      vertex 9.27997 46.6536 0
      vertex 8.74005 43.9392 3.2
      vertex 6.59969 47.0961 0
    endloop
  endfacet
  facet normal 0.356689 -0.667169 -0.653956
    outer loop
      vertex -23.4344 41.3815 0
      vertex -22.4 38.7979 3.2
      vertex -23.7838 41.1947 0
    endloop
  endfacet
  facet normal 0.35663 -0.667197 -0.653959
    outer loop
      vertex -22.4 38.7979 3.2
      vertex -23.4344 41.3815 0
      vertex -19.8145 40.1799 3.2
    endloop
  endfacet
  facet normal 0.667198 -0.35663 -0.653959
    outer loop
      vertex -41.3815 23.4344 0
      vertex -40.1799 19.8145 3.2
      vertex -42.6621 21.0386 0
    endloop
  endfacet
  facet normal 0.51716 -0.552166 -0.653956
    outer loop
      vertex -31.3635 35.7632 0
      vertex -29.5387 33.6824 3.2
      vertex -33.3462 33.9062 0
    endloop
  endfacet
  facet normal 0.479935 0.584811 -0.653956
    outer loop
      vertex -29.5387 -33.6824 3.2
      vertex -29.2635 -37.4866 0
      vertex -31.3635 -35.7632 0
    endloop
  endfacet
  facet normal -0.479935 0.584811 -0.653956
    outer loop
      vertex 29.5387 -33.6824 3.2
      vertex 31.3635 -35.7632 0
      vertex 29.2635 -37.4866 0
    endloop
  endfacet
  facet normal -0.51716 0.552166 -0.653956
    outer loop
      vertex 33.3462 -33.9062 0
      vertex 31.3635 -35.7632 0
      vertex 29.5387 -33.6824 3.2
    endloop
  endfacet
  facet normal 0.689098 0.312227 -0.653956
    outer loop
      vertex -40.1799 -19.8145 3.2
      vertex -42.8256 -20.6777 0
      vertex -41.3898 -17.1442 3.2
    endloop
  endfacet
  facet normal 0.689112 0.312191 -0.653958
    outer loop
      vertex -42.8256 -20.6777 0
      vertex -40.1799 -19.8145 3.2
      vertex -42.6621 -21.0386 0
    endloop
  endfacet
  facet normal 0.123232 0.746431 -0.653953
    outer loop
      vertex -8.74005 -43.9392 3.2
      vertex -6.59969 -47.0961 0
      vertex -9.27997 -46.6536 0
    endloop
  endfacet
  facet normal -0.689105 -0.31222 -0.653952
    outer loop
      vertex 42.8256 20.6777 0
      vertex 43.9467 18.2033 0
      vertex 41.3898 17.1442 3.2
    endloop
  endfacet
  facet normal 0.123232 -0.746431 -0.653953
    outer loop
      vertex -6.59969 47.0961 0
      vertex -8.74005 43.9392 3.2
      vertex -9.27997 46.6536 0
    endloop
  endfacet
  facet normal 0.51716 0.552166 -0.653956
    outer loop
      vertex -29.5387 -33.6824 3.2
      vertex -31.3635 -35.7632 0
      vertex -33.3462 -33.9062 0
    endloop
  endfacet
  facet normal -0.517299 -0.552053 -0.653942
    outer loop
      vertex 31.6784 31.6784 3.2
      vertex 33.3462 33.9062 0
      vertex 33.6353 33.6353 0
    endloop
  endfacet
  facet normal -0.517156 -0.552175 -0.653952
    outer loop
      vertex 33.3462 33.9062 0
      vertex 31.6784 31.6784 3.2
      vertex 29.5387 33.6824 3.2
    endloop
  endfacet
  facet normal -0.0741618 -0.752892 -0.653953
    outer loop
      vertex 6.20881 47.1606 0
      vertex 5.84757 44.4167 3.2
      vertex 3.50533 47.4269 0
    endloop
  endfacet
  facet normal 0.756132 -0.024748 -0.65395
    outer loop
      vertex -44.8 0 3.2
      vertex -47.5546 0.395954 0
      vertex -44.7041 2.93006 3.2
    endloop
  endfacet
  facet normal 0.756126 -0.0248252 -0.653955
    outer loop
      vertex -47.5546 0.395954 0
      vertex -44.8 0 3.2
      vertex -47.5676 0 0
    endloop
  endfacet
  facet normal -0.0247579 0.756136 -0.653946
    outer loop
      vertex 2.93006 -44.7041 3.2
      vertex 3.11107 -47.4657 0
      vertex 0.395954 -47.5546 0
    endloop
  endfacet
  facet normal 0.736776 0.171791 -0.653949
    outer loop
      vertex -43.2735 -11.5951 3.2
      vertex -46.0367 -11.9256 0
      vertex -43.9392 -8.74005 3.2
    endloop
  endfacet
  facet normal 0.736761 0.171873 -0.653944
    outer loop
      vertex -46.0367 -11.9256 0
      vertex -43.2735 -11.5951 3.2
      vertex -45.9467 -12.3114 0
    endloop
  endfacet
  facet normal 0.219611 -0.723968 -0.653943
    outer loop
      vertex -12.6905 45.8317 0
      vertex -11.5951 43.2735 3.2
      vertex -14.4005 42.4225 3.2
    endloop
  endfacet
  facet normal 0.219615 -0.723967 -0.653943
    outer loop
      vertex -11.5951 43.2735 3.2
      vertex -12.6905 45.8317 0
      vertex -12.3114 45.9467 0
    endloop
  endfacet
  facet normal -0.266501 0.708046 -0.653948
    outer loop
      vertex 15.6609 -44.9036 0
      vertex 14.4005 -42.4225 3.2
      vertex 17.1442 -41.3898 3.2
    endloop
  endfacet
  facet normal -0.266558 0.708022 -0.653951
    outer loop
      vertex 14.4005 -42.4225 3.2
      vertex 15.6609 -44.9036 0
      vertex 15.2901 -45.0432 0
    endloop
  endfacet
  facet normal -0.64245 0.399495 -0.653959
    outer loop
      vertex 40.9855 -24.1202 0
      vertex 39.551 -26.4271 0
      vertex 37.2498 -24.8895 3.2
    endloop
  endfacet
  facet normal 0.399495 -0.64245 -0.653959
    outer loop
      vertex -24.1202 40.9855 0
      vertex -24.8895 37.2498 3.2
      vertex -26.4271 39.551 0
    endloop
  endfacet
  facet normal 0.312227 0.689098 -0.653956
    outer loop
      vertex -20.6777 -42.8256 0
      vertex -19.8145 -40.1799 3.2
      vertex -17.1442 -41.3898 3.2
    endloop
  endfacet
  facet normal 0.312191 0.689112 -0.653958
    outer loop
      vertex -19.8145 -40.1799 3.2
      vertex -20.6777 -42.8256 0
      vertex -21.0386 -42.6621 0
    endloop
  endfacet
  facet normal -0.736776 0.171791 -0.653949
    outer loop
      vertex 46.0367 -11.9256 0
      vertex 43.2735 -11.5951 3.2
      vertex 43.9392 -8.74005 3.2
    endloop
  endfacet
  facet normal -0.736761 0.171873 -0.653944
    outer loop
      vertex 43.2735 -11.5951 3.2
      vertex 46.0367 -11.9256 0
      vertex 45.9467 -12.3114 0
    endloop
  endfacet
  facet normal -0.736771 0.171798 -0.653953
    outer loop
      vertex 46.6536 -9.27997 0
      vertex 46.0367 -11.9256 0
      vertex 43.9392 -8.74005 3.2
    endloop
  endfacet
  facet normal -0.614951 -0.440659 -0.653953
    outer loop
      vertex 35.5422 27.2725 3.2
      vertex 37.9686 28.6353 0
      vertex 37.2498 24.8895 3.2
    endloop
  endfacet
  facet normal -0.614983 -0.440611 -0.653956
    outer loop
      vertex 37.9686 28.6353 0
      vertex 35.5422 27.2725 3.2
      vertex 37.7379 28.9573 0
    endloop
  endfacet
  facet normal -0.123232 0.746431 -0.653953
    outer loop
      vertex 8.74005 -43.9392 3.2
      vertex 9.27997 -46.6536 0
      vertex 6.59969 -47.0961 0
    endloop
  endfacet
  facet normal 0.708046 0.266492 -0.653952
    outer loop
      vertex -41.3898 -17.1442 3.2
      vertex -43.9467 -18.2033 0
      vertex -44.9036 -15.6609 0
    endloop
  endfacet
  facet normal 0.479948 -0.5848 -0.653957
    outer loop
      vertex -27.2725 35.5422 3.2
      vertex -29.2635 37.4866 0
      vertex -28.9573 37.7379 0
    endloop
  endfacet
  facet normal 0.479936 -0.584811 -0.653956
    outer loop
      vertex -29.2635 37.4866 0
      vertex -27.2725 35.5422 3.2
      vertex -29.5387 33.6824 3.2
    endloop
  endfacet
  facet normal 0.123172 0.74644 -0.653954
    outer loop
      vertex -6.59969 -47.0961 0
      vertex -5.84757 -44.4167 3.2
      vertex -6.20881 -47.1606 0
    endloop
  endfacet
  facet normal 0.123223 0.746429 -0.653957
    outer loop
      vertex -5.84757 -44.4167 3.2
      vertex -6.59969 -47.0961 0
      vertex -8.74005 -43.9392 3.2
    endloop
  endfacet
  facet normal 0.708046 -0.266492 -0.653952
    outer loop
      vertex -43.9467 18.2033 0
      vertex -41.3898 17.1442 3.2
      vertex -44.9036 15.6609 0
    endloop
  endfacet
  facet normal 0.723966 0.21959 -0.653952
    outer loop
      vertex -42.4225 -14.4005 3.2
      vertex -45.0432 -15.2901 0
      vertex -45.8317 -12.6905 0
    endloop
  endfacet
  facet normal 0.0741618 0.752892 -0.653953
    outer loop
      vertex -5.84757 -44.4167 3.2
      vertex -3.50533 -47.4269 0
      vertex -6.20881 -47.1606 0
    endloop
  endfacet
  facet normal -0.708022 0.266558 -0.653951
    outer loop
      vertex 44.9036 -15.6609 0
      vertex 42.4225 -14.4005 3.2
      vertex 45.0432 -15.2901 0
    endloop
  endfacet
  facet normal -0.708046 0.266501 -0.653948
    outer loop
      vertex 42.4225 -14.4005 3.2
      vertex 44.9036 -15.6609 0
      vertex 41.3898 -17.1442 3.2
    endloop
  endfacet
  facet normal 0.584811 0.479935 -0.653956
    outer loop
      vertex -33.6824 -29.5387 3.2
      vertex -35.7632 -31.3635 0
      vertex -37.4866 -29.2635 0
    endloop
  endfacet
  facet normal -0.74644 0.123172 -0.653954
    outer loop
      vertex 47.0961 -6.59969 0
      vertex 44.4167 -5.84757 3.2
      vertex 47.1606 -6.20881 0
    endloop
  endfacet
  facet normal -0.746429 0.123223 -0.653957
    outer loop
      vertex 44.4167 -5.84757 3.2
      vertex 47.0961 -6.59969 0
      vertex 43.9392 -8.74005 3.2
    endloop
  endfacet
  facet normal -0.0247579 -0.756136 -0.653946
    outer loop
      vertex 3.11107 47.4657 0
      vertex 2.93006 44.7041 3.2
      vertex 0.395954 47.5546 0
    endloop
  endfacet
  facet normal 0.31222 -0.689105 -0.653952
    outer loop
      vertex -18.2033 43.9467 0
      vertex -17.1442 41.3898 3.2
      vertex -20.6777 42.8256 0
    endloop
  endfacet
  facet normal -0.708022 -0.266558 -0.653951
    outer loop
      vertex 42.4225 14.4005 3.2
      vertex 44.9036 15.6609 0
      vertex 45.0432 15.2901 0
    endloop
  endfacet
  facet normal -0.708046 -0.266501 -0.653948
    outer loop
      vertex 44.9036 15.6609 0
      vertex 42.4225 14.4005 3.2
      vertex 41.3898 17.1442 3.2
    endloop
  endfacet
  facet normal -0.35663 0.667198 -0.653959
    outer loop
      vertex 23.4344 -41.3815 0
      vertex 21.0386 -42.6621 0
      vertex 19.8145 -40.1799 3.2
    endloop
  endfacet
  facet normal -0.0248252 -0.756126 -0.653955
    outer loop
      vertex 0.395954 47.5546 0
      vertex 0 44.8 3.2
      vertex 0 47.5676 0
    endloop
  endfacet
  facet normal -0.024748 -0.756132 -0.65395
    outer loop
      vertex 0 44.8 3.2
      vertex 0.395954 47.5546 0
      vertex 2.93006 44.7041 3.2
    endloop
  endfacet
  facet normal 0.024748 -0.756132 -0.65395
    outer loop
      vertex -0.395954 47.5546 0
      vertex 0 44.8 3.2
      vertex -2.93006 44.7041 3.2
    endloop
  endfacet
  facet normal 0.0248252 -0.756126 -0.653955
    outer loop
      vertex 0 44.8 3.2
      vertex -0.395954 47.5546 0
      vertex 0 47.5676 0
    endloop
  endfacet
  facet normal 0.171798 -0.736771 -0.653953
    outer loop
      vertex -9.27997 46.6536 0
      vertex -8.74005 43.9392 3.2
      vertex -11.9256 46.0367 0
    endloop
  endfacet
  facet normal -0.723967 -0.219615 -0.653943
    outer loop
      vertex 43.2735 11.5951 3.2
      vertex 45.8317 12.6905 0
      vertex 45.9467 12.3114 0
    endloop
  endfacet
  facet normal -0.723968 -0.219611 -0.653943
    outer loop
      vertex 45.8317 12.6905 0
      vertex 43.2735 11.5951 3.2
      vertex 42.4225 14.4005 3.2
    endloop
  endfacet
  facet normal -0.552175 -0.517156 -0.653952
    outer loop
      vertex 31.6784 31.6784 3.2
      vertex 33.9062 33.3462 0
      vertex 33.6824 29.5387 3.2
    endloop
  endfacet
  facet normal -0.552053 -0.517299 -0.653942
    outer loop
      vertex 33.9062 33.3462 0
      vertex 31.6784 31.6784 3.2
      vertex 33.6353 33.6353 0
    endloop
  endfacet
  facet normal -0.64245 -0.399495 -0.653959
    outer loop
      vertex 39.551 26.4271 0
      vertex 40.9855 24.1202 0
      vertex 37.2498 24.8895 3.2
    endloop
  endfacet
  facet normal -0.689112 -0.312191 -0.653958
    outer loop
      vertex 42.8256 20.6777 0
      vertex 40.1799 19.8145 3.2
      vertex 42.6621 21.0386 0
    endloop
  endfacet
  facet normal -0.689098 -0.312227 -0.653956
    outer loop
      vertex 40.1799 19.8145 3.2
      vertex 42.8256 20.6777 0
      vertex 41.3898 17.1442 3.2
    endloop
  endfacet
  facet normal -0.723966 0.21959 -0.653952
    outer loop
      vertex 45.8317 -12.6905 0
      vertex 45.0432 -15.2901 0
      vertex 42.4225 -14.4005 3.2
    endloop
  endfacet
  facet normal -0.752903 -0.0740949 -0.653947
    outer loop
      vertex 44.7041 2.93006 3.2
      vertex 47.4269 3.50533 0
      vertex 47.4657 3.11107 0
    endloop
  endfacet
  facet normal -0.752893 -0.0741665 -0.653951
    outer loop
      vertex 47.4269 3.50533 0
      vertex 44.7041 2.93006 3.2
      vertex 44.4167 5.84757 3.2
    endloop
  endfacet
  facet normal 0.171791 0.736776 -0.653949
    outer loop
      vertex -11.9256 -46.0367 0
      vertex -11.5951 -43.2735 3.2
      vertex -8.74005 -43.9392 3.2
    endloop
  endfacet
  facet normal 0.171873 0.736761 -0.653944
    outer loop
      vertex -11.5951 -43.2735 3.2
      vertex -11.9256 -46.0367 0
      vertex -12.3114 -45.9467 0
    endloop
  endfacet
  facet normal -0.667169 -0.356689 -0.653956
    outer loop
      vertex 41.3815 23.4344 0
      vertex 38.7979 22.4 3.2
      vertex 41.1947 23.7838 0
    endloop
  endfacet
  facet normal -0.667197 -0.35663 -0.653959
    outer loop
      vertex 38.7979 22.4 3.2
      vertex 41.3815 23.4344 0
      vertex 40.1799 19.8145 3.2
    endloop
  endfacet
  facet normal -0.171791 -0.736776 -0.653949
    outer loop
      vertex 11.9256 46.0367 0
      vertex 11.5951 43.2735 3.2
      vertex 8.74005 43.9392 3.2
    endloop
  endfacet
  facet normal -0.171873 -0.736761 -0.653944
    outer loop
      vertex 11.5951 43.2735 3.2
      vertex 11.9256 46.0367 0
      vertex 12.3114 45.9467 0
    endloop
  endfacet
  facet normal 0.752903 0.0740949 -0.653947
    outer loop
      vertex -44.7041 -2.93006 3.2
      vertex -47.4269 -3.50533 0
      vertex -47.4657 -3.11107 0
    endloop
  endfacet
  facet normal 0.752893 0.0741665 -0.653951
    outer loop
      vertex -47.4269 -3.50533 0
      vertex -44.7041 -2.93006 3.2
      vertex -44.4167 -5.84757 3.2
    endloop
  endfacet
  facet normal 0.21959 0.723966 -0.653952
    outer loop
      vertex -14.4005 -42.4225 3.2
      vertex -12.6905 -45.8317 0
      vertex -15.2901 -45.0432 0
    endloop
  endfacet
  facet normal -0.356689 0.667169 -0.653956
    outer loop
      vertex 23.4344 -41.3815 0
      vertex 22.4 -38.7979 3.2
      vertex 23.7838 -41.1947 0
    endloop
  endfacet
  facet normal -0.35663 0.667197 -0.653959
    outer loop
      vertex 22.4 -38.7979 3.2
      vertex 23.4344 -41.3815 0
      vertex 19.8145 -40.1799 3.2
    endloop
  endfacet
  facet normal -0.399495 -0.64245 -0.653959
    outer loop
      vertex 26.4271 39.551 0
      vertex 24.8895 37.2498 3.2
      vertex 24.1202 40.9855 0
    endloop
  endfacet
  facet normal 0.479948 0.5848 -0.653957
    outer loop
      vertex -29.2635 -37.4866 0
      vertex -27.2725 -35.5422 3.2
      vertex -28.9573 -37.7379 0
    endloop
  endfacet
  facet normal 0.479936 0.584811 -0.653956
    outer loop
      vertex -27.2725 -35.5422 3.2
      vertex -29.2635 -37.4866 0
      vertex -29.5387 -33.6824 3.2
    endloop
  endfacet
  facet normal 0.708022 0.266558 -0.653951
    outer loop
      vertex -42.4225 -14.4005 3.2
      vertex -44.9036 -15.6609 0
      vertex -45.0432 -15.2901 0
    endloop
  endfacet
  facet normal 0.708046 0.266501 -0.653948
    outer loop
      vertex -44.9036 -15.6609 0
      vertex -42.4225 -14.4005 3.2
      vertex -41.3898 -17.1442 3.2
    endloop
  endfacet
  facet normal -0.479948 0.5848 -0.653957
    outer loop
      vertex 27.2725 -35.5422 3.2
      vertex 29.2635 -37.4866 0
      vertex 28.9573 -37.7379 0
    endloop
  endfacet
  facet normal -0.479936 0.584811 -0.653956
    outer loop
      vertex 29.2635 -37.4866 0
      vertex 27.2725 -35.5422 3.2
      vertex 29.5387 -33.6824 3.2
    endloop
  endfacet
  facet normal 0.756126 0.0248252 -0.653955
    outer loop
      vertex -44.8 0 3.2
      vertex -47.5546 -0.395954 0
      vertex -47.5676 0 0
    endloop
  endfacet
  facet normal 0.756132 0.024748 -0.65395
    outer loop
      vertex -47.5546 -0.395954 0
      vertex -44.8 0 3.2
      vertex -44.7041 -2.93006 3.2
    endloop
  endfacet
  facet normal -0.723967 0.219615 -0.653943
    outer loop
      vertex 45.8317 -12.6905 0
      vertex 43.2735 -11.5951 3.2
      vertex 45.9467 -12.3114 0
    endloop
  endfacet
  facet normal -0.723968 0.219611 -0.653943
    outer loop
      vertex 43.2735 -11.5951 3.2
      vertex 45.8317 -12.6905 0
      vertex 42.4225 -14.4005 3.2
    endloop
  endfacet
  facet normal 0.736761 -0.171873 -0.653944
    outer loop
      vertex -43.2735 11.5951 3.2
      vertex -46.0367 11.9256 0
      vertex -45.9467 12.3114 0
    endloop
  endfacet
  facet normal 0.736776 -0.171791 -0.653949
    outer loop
      vertex -46.0367 11.9256 0
      vertex -43.2735 11.5951 3.2
      vertex -43.9392 8.74005 3.2
    endloop
  endfacet
  facet normal 0.61494 0.440667 -0.653959
    outer loop
      vertex -37.2498 -24.8895 3.2
      vertex -37.9686 -28.6353 0
      vertex -39.551 -26.4271 0
    endloop
  endfacet
  facet normal 0.689105 -0.31222 -0.653952
    outer loop
      vertex -42.8256 20.6777 0
      vertex -41.3898 17.1442 3.2
      vertex -43.9467 18.2033 0
    endloop
  endfacet
  facet normal -0.667198 0.35663 -0.653959
    outer loop
      vertex 42.6621 -21.0386 0
      vertex 41.3815 -23.4344 0
      vertex 40.1799 -19.8145 3.2
    endloop
  endfacet
  facet normal -0.584811 0.479935 -0.653956
    outer loop
      vertex 37.4866 -29.2635 0
      vertex 35.7632 -31.3635 0
      vertex 33.6824 -29.5387 3.2
    endloop
  endfacet
  facet normal 0.0740949 0.752903 -0.653947
    outer loop
      vertex -3.50533 -47.4269 0
      vertex -2.93006 -44.7041 3.2
      vertex -3.11107 -47.4657 0
    endloop
  endfacet
  facet normal 0.0741665 0.752893 -0.653951
    outer loop
      vertex -2.93006 -44.7041 3.2
      vertex -3.50533 -47.4269 0
      vertex -5.84757 -44.4167 3.2
    endloop
  endfacet
  facet normal 0.584811 0.479936 -0.653956
    outer loop
      vertex -37.4866 -29.2635 0
      vertex -35.5422 -27.2725 3.2
      vertex -33.6824 -29.5387 3.2
    endloop
  endfacet
  facet normal 0.5848 0.479948 -0.653957
    outer loop
      vertex -35.5422 -27.2725 3.2
      vertex -37.4866 -29.2635 0
      vertex -37.7379 -28.9573 0
    endloop
  endfacet
  facet normal 0.517156 0.552175 -0.653952
    outer loop
      vertex -33.3462 -33.9062 0
      vertex -31.6784 -31.6784 3.2
      vertex -29.5387 -33.6824 3.2
    endloop
  endfacet
  facet normal 0.517299 0.552053 -0.653942
    outer loop
      vertex -31.6784 -31.6784 3.2
      vertex -33.3462 -33.9062 0
      vertex -33.6353 -33.6353 0
    endloop
  endfacet
  facet normal -0.667197 0.35663 -0.653959
    outer loop
      vertex 41.3815 -23.4344 0
      vertex 38.7979 -22.4 3.2
      vertex 40.1799 -19.8145 3.2
    endloop
  endfacet
  facet normal -0.667169 0.356689 -0.653956
    outer loop
      vertex 38.7979 -22.4 3.2
      vertex 41.3815 -23.4344 0
      vertex 41.1947 -23.7838 0
    endloop
  endfacet
  facet normal 0.64245 0.399495 -0.653959
    outer loop
      vertex -37.2498 -24.8895 3.2
      vertex -39.551 -26.4271 0
      vertex -40.9855 -24.1202 0
    endloop
  endfacet
  facet normal -0.219615 -0.723967 -0.653943
    outer loop
      vertex 12.6905 45.8317 0
      vertex 11.5951 43.2735 3.2
      vertex 12.3114 45.9467 0
    endloop
  endfacet
  facet normal -0.219611 -0.723968 -0.653943
    outer loop
      vertex 11.5951 43.2735 3.2
      vertex 12.6905 45.8317 0
      vertex 14.4005 42.4225 3.2
    endloop
  endfacet
  facet normal 0.440659 0.614951 -0.653953
    outer loop
      vertex -28.6353 -37.9686 0
      vertex -27.2725 -35.5422 3.2
      vertex -24.8895 -37.2498 3.2
    endloop
  endfacet
  facet normal 0.440611 0.614983 -0.653956
    outer loop
      vertex -27.2725 -35.5422 3.2
      vertex -28.6353 -37.9686 0
      vertex -28.9573 -37.7379 0
    endloop
  endfacet
  facet normal -0.746431 0.123232 -0.653953
    outer loop
      vertex 47.0961 -6.59969 0
      vertex 46.6536 -9.27997 0
      vertex 43.9392 -8.74005 3.2
    endloop
  endfacet
  facet normal 0.31222 0.689105 -0.653952
    outer loop
      vertex -17.1442 -41.3898 3.2
      vertex -18.2033 -43.9467 0
      vertex -20.6777 -42.8256 0
    endloop
  endfacet
  facet normal -0.552053 0.517299 -0.653942
    outer loop
      vertex 31.6784 -31.6784 3.2
      vertex 33.9062 -33.3462 0
      vertex 33.6353 -33.6353 0
    endloop
  endfacet
  facet normal -0.552175 0.517156 -0.653952
    outer loop
      vertex 33.9062 -33.3462 0
      vertex 31.6784 -31.6784 3.2
      vertex 33.6824 -29.5387 3.2
    endloop
  endfacet
  facet normal -0.21959 -0.723966 -0.653952
    outer loop
      vertex 15.2901 45.0432 0
      vertex 14.4005 42.4225 3.2
      vertex 12.6905 45.8317 0
    endloop
  endfacet
  facet normal -0.266558 -0.708022 -0.653951
    outer loop
      vertex 15.6609 44.9036 0
      vertex 14.4005 42.4225 3.2
      vertex 15.2901 45.0432 0
    endloop
  endfacet
  facet normal -0.266501 -0.708046 -0.653948
    outer loop
      vertex 14.4005 42.4225 3.2
      vertex 15.6609 44.9036 0
      vertex 17.1442 41.3898 3.2
    endloop
  endfacet
  facet normal -0.35663 -0.667197 -0.653959
    outer loop
      vertex 23.4344 41.3815 0
      vertex 22.4 38.7979 3.2
      vertex 19.8145 40.1799 3.2
    endloop
  endfacet
  facet normal -0.356689 -0.667169 -0.653956
    outer loop
      vertex 22.4 38.7979 3.2
      vertex 23.4344 41.3815 0
      vertex 23.7838 41.1947 0
    endloop
  endfacet
  facet normal 0.35663 0.667197 -0.653959
    outer loop
      vertex -23.4344 -41.3815 0
      vertex -22.4 -38.7979 3.2
      vertex -19.8145 -40.1799 3.2
    endloop
  endfacet
  facet normal 0.356689 0.667169 -0.653956
    outer loop
      vertex -22.4 -38.7979 3.2
      vertex -23.4344 -41.3815 0
      vertex -23.7838 -41.1947 0
    endloop
  endfacet
  facet normal 0.35663 -0.667198 -0.653959
    outer loop
      vertex -21.0386 42.6621 0
      vertex -19.8145 40.1799 3.2
      vertex -23.4344 41.3815 0
    endloop
  endfacet
  facet normal -0.266492 0.708046 -0.653952
    outer loop
      vertex 17.1442 -41.3898 3.2
      vertex 18.2033 -43.9467 0
      vertex 15.6609 -44.9036 0
    endloop
  endfacet
  facet normal 0.479935 -0.584811 -0.653956
    outer loop
      vertex -29.2635 37.4866 0
      vertex -29.5387 33.6824 3.2
      vertex -31.3635 35.7632 0
    endloop
  endfacet
  facet normal 0.312191 -0.689112 -0.653958
    outer loop
      vertex -20.6777 42.8256 0
      vertex -19.8145 40.1799 3.2
      vertex -21.0386 42.6621 0
    endloop
  endfacet
  facet normal 0.312227 -0.689098 -0.653956
    outer loop
      vertex -19.8145 40.1799 3.2
      vertex -20.6777 42.8256 0
      vertex -17.1442 41.3898 3.2
    endloop
  endfacet
  facet normal -0.614983 0.440611 -0.653956
    outer loop
      vertex 35.5422 -27.2725 3.2
      vertex 37.9686 -28.6353 0
      vertex 37.7379 -28.9573 0
    endloop
  endfacet
  facet normal -0.614951 0.440659 -0.653953
    outer loop
      vertex 37.9686 -28.6353 0
      vertex 35.5422 -27.2725 3.2
      vertex 37.2498 -24.8895 3.2
    endloop
  endfacet
  facet normal -0.5848 0.479948 -0.653957
    outer loop
      vertex 37.4866 -29.2635 0
      vertex 35.5422 -27.2725 3.2
      vertex 37.7379 -28.9573 0
    endloop
  endfacet
  facet normal -0.584811 0.479936 -0.653956
    outer loop
      vertex 35.5422 -27.2725 3.2
      vertex 37.4866 -29.2635 0
      vertex 33.6824 -29.5387 3.2
    endloop
  endfacet
  facet normal -0.642439 -0.399519 -0.653954
    outer loop
      vertex 38.7979 22.4 3.2
      vertex 40.9855 24.1202 0
      vertex 41.1947 23.7838 0
    endloop
  endfacet
  facet normal -0.642448 -0.399507 -0.653953
    outer loop
      vertex 40.9855 24.1202 0
      vertex 38.7979 22.4 3.2
      vertex 37.2498 24.8895 3.2
    endloop
  endfacet
  facet normal -0.123172 -0.74644 -0.653954
    outer loop
      vertex 6.59969 47.0961 0
      vertex 5.84757 44.4167 3.2
      vertex 6.20881 47.1606 0
    endloop
  endfacet
  facet normal -0.123223 -0.746429 -0.653957
    outer loop
      vertex 5.84757 44.4167 3.2
      vertex 6.59969 47.0961 0
      vertex 8.74005 43.9392 3.2
    endloop
  endfacet
  facet normal 0.746431 -0.123232 -0.653953
    outer loop
      vertex -46.6536 9.27997 0
      vertex -43.9392 8.74005 3.2
      vertex -47.0961 6.59969 0
    endloop
  endfacet
  facet normal 0.614951 -0.440659 -0.653953
    outer loop
      vertex -37.9686 28.6353 0
      vertex -35.5422 27.2725 3.2
      vertex -37.2498 24.8895 3.2
    endloop
  endfacet
  facet normal 0.614983 -0.440611 -0.653956
    outer loop
      vertex -35.5422 27.2725 3.2
      vertex -37.9686 28.6353 0
      vertex -37.7379 28.9573 0
    endloop
  endfacet
  facet normal -0.171873 0.736761 -0.653944
    outer loop
      vertex 11.9256 -46.0367 0
      vertex 11.5951 -43.2735 3.2
      vertex 12.3114 -45.9467 0
    endloop
  endfacet
  facet normal -0.171791 0.736776 -0.653949
    outer loop
      vertex 11.5951 -43.2735 3.2
      vertex 11.9256 -46.0367 0
      vertex 8.74005 -43.9392 3.2
    endloop
  endfacet
  facet normal 0.667197 0.35663 -0.653959
    outer loop
      vertex -38.7979 -22.4 3.2
      vertex -41.3815 -23.4344 0
      vertex -40.1799 -19.8145 3.2
    endloop
  endfacet
  facet normal 0.667169 0.356689 -0.653956
    outer loop
      vertex -41.3815 -23.4344 0
      vertex -38.7979 -22.4 3.2
      vertex -41.1947 -23.7838 0
    endloop
  endfacet
  facet normal -0.312227 -0.689098 -0.653956
    outer loop
      vertex 20.6777 42.8256 0
      vertex 19.8145 40.1799 3.2
      vertex 17.1442 41.3898 3.2
    endloop
  endfacet
  facet normal -0.312191 -0.689112 -0.653958
    outer loop
      vertex 19.8145 40.1799 3.2
      vertex 20.6777 42.8256 0
      vertex 21.0386 42.6621 0
    endloop
  endfacet
  facet normal 0.517156 -0.552175 -0.653952
    outer loop
      vertex -31.6784 31.6784 3.2
      vertex -33.3462 33.9062 0
      vertex -29.5387 33.6824 3.2
    endloop
  endfacet
  facet normal 0.517299 -0.552053 -0.653942
    outer loop
      vertex -33.3462 33.9062 0
      vertex -31.6784 31.6784 3.2
      vertex -33.6353 33.6353 0
    endloop
  endfacet
  facet normal 0.552166 0.51716 -0.653956
    outer loop
      vertex -33.6824 -29.5387 3.2
      vertex -33.9062 -33.3462 0
      vertex -35.7632 -31.3635 0
    endloop
  endfacet
  facet normal -0.312191 0.689112 -0.653958
    outer loop
      vertex 20.6777 -42.8256 0
      vertex 19.8145 -40.1799 3.2
      vertex 21.0386 -42.6621 0
    endloop
  endfacet
  facet normal -0.312227 0.689098 -0.653956
    outer loop
      vertex 19.8145 -40.1799 3.2
      vertex 20.6777 -42.8256 0
      vertex 17.1442 -41.3898 3.2
    endloop
  endfacet
  facet normal -0.440611 -0.614983 -0.653956
    outer loop
      vertex 27.2725 35.5422 3.2
      vertex 28.6353 37.9686 0
      vertex 28.9573 37.7379 0
    endloop
  endfacet
  facet normal -0.440659 -0.614951 -0.653953
    outer loop
      vertex 28.6353 37.9686 0
      vertex 27.2725 35.5422 3.2
      vertex 24.8895 37.2498 3.2
    endloop
  endfacet
  facet normal 0.723967 0.219615 -0.653943
    outer loop
      vertex -43.2735 -11.5951 3.2
      vertex -45.8317 -12.6905 0
      vertex -45.9467 -12.3114 0
    endloop
  endfacet
  facet normal 0.723968 0.219611 -0.653943
    outer loop
      vertex -45.8317 -12.6905 0
      vertex -43.2735 -11.5951 3.2
      vertex -42.4225 -14.4005 3.2
    endloop
  endfacet
  facet normal 0.667169 -0.356689 -0.653956
    outer loop
      vertex -38.7979 22.4 3.2
      vertex -41.3815 23.4344 0
      vertex -41.1947 23.7838 0
    endloop
  endfacet
  facet normal 0.667197 -0.35663 -0.653959
    outer loop
      vertex -41.3815 23.4344 0
      vertex -38.7979 22.4 3.2
      vertex -40.1799 19.8145 3.2
    endloop
  endfacet
  facet normal 0.266558 0.708022 -0.653951
    outer loop
      vertex -15.6609 -44.9036 0
      vertex -14.4005 -42.4225 3.2
      vertex -15.2901 -45.0432 0
    endloop
  endfacet
  facet normal 0.266501 0.708046 -0.653948
    outer loop
      vertex -14.4005 -42.4225 3.2
      vertex -15.6609 -44.9036 0
      vertex -17.1442 -41.3898 3.2
    endloop
  endfacet
  facet normal -0.219611 0.723968 -0.653943
    outer loop
      vertex 12.6905 -45.8317 0
      vertex 11.5951 -43.2735 3.2
      vertex 14.4005 -42.4225 3.2
    endloop
  endfacet
  facet normal -0.219615 0.723967 -0.653943
    outer loop
      vertex 11.5951 -43.2735 3.2
      vertex 12.6905 -45.8317 0
      vertex 12.3114 -45.9467 0
    endloop
  endfacet
  facet normal -0.21959 0.723966 -0.653952
    outer loop
      vertex 14.4005 -42.4225 3.2
      vertex 15.2901 -45.0432 0
      vertex 12.6905 -45.8317 0
    endloop
  endfacet
  facet normal 0.708046 -0.266501 -0.653948
    outer loop
      vertex -42.4225 14.4005 3.2
      vertex -44.9036 15.6609 0
      vertex -41.3898 17.1442 3.2
    endloop
  endfacet
  facet normal 0.708022 -0.266558 -0.653951
    outer loop
      vertex -44.9036 15.6609 0
      vertex -42.4225 14.4005 3.2
      vertex -45.0432 15.2901 0
    endloop
  endfacet
  facet normal 0.266501 -0.708046 -0.653948
    outer loop
      vertex -15.6609 44.9036 0
      vertex -14.4005 42.4225 3.2
      vertex -17.1442 41.3898 3.2
    endloop
  endfacet
  facet normal 0.266558 -0.708022 -0.653951
    outer loop
      vertex -14.4005 42.4225 3.2
      vertex -15.6609 44.9036 0
      vertex -15.2901 45.0432 0
    endloop
  endfacet
  facet normal -0.399519 0.642439 -0.653954
    outer loop
      vertex 22.4 -38.7979 3.2
      vertex 24.1202 -40.9855 0
      vertex 23.7838 -41.1947 0
    endloop
  endfacet
  facet normal -0.399507 0.642448 -0.653953
    outer loop
      vertex 24.1202 -40.9855 0
      vertex 22.4 -38.7979 3.2
      vertex 24.8895 -37.2498 3.2
    endloop
  endfacet
  facet normal -0.752892 0.0741618 -0.653953
    outer loop
      vertex 47.4269 -3.50533 0
      vertex 47.1606 -6.20881 0
      vertex 44.4167 -5.84757 3.2
    endloop
  endfacet
  facet normal 0.756136 -0.0247579 -0.653946
    outer loop
      vertex -47.4657 3.11107 0
      vertex -44.7041 2.93006 3.2
      vertex -47.5546 0.395954 0
    endloop
  endfacet
  facet normal 0.723968 -0.219611 -0.653943
    outer loop
      vertex -43.2735 11.5951 3.2
      vertex -45.8317 12.6905 0
      vertex -42.4225 14.4005 3.2
    endloop
  endfacet
  facet normal 0.723967 -0.219615 -0.653943
    outer loop
      vertex -45.8317 12.6905 0
      vertex -43.2735 11.5951 3.2
      vertex -45.9467 12.3114 0
    endloop
  endfacet
  facet normal 0.642448 0.399507 -0.653953
    outer loop
      vertex -40.9855 -24.1202 0
      vertex -38.7979 -22.4 3.2
      vertex -37.2498 -24.8895 3.2
    endloop
  endfacet
  facet normal 0.642439 0.399519 -0.653954
    outer loop
      vertex -38.7979 -22.4 3.2
      vertex -40.9855 -24.1202 0
      vertex -41.1947 -23.7838 0
    endloop
  endfacet
  facet normal 0.752893 -0.0741665 -0.653951
    outer loop
      vertex -44.7041 2.93006 3.2
      vertex -47.4269 3.50533 0
      vertex -44.4167 5.84757 3.2
    endloop
  endfacet
  facet normal 0.752903 -0.0740949 -0.653947
    outer loop
      vertex -47.4269 3.50533 0
      vertex -44.7041 2.93006 3.2
      vertex -47.4657 3.11107 0
    endloop
  endfacet
  facet normal 0.440659 -0.614951 -0.653953
    outer loop
      vertex -27.2725 35.5422 3.2
      vertex -28.6353 37.9686 0
      vertex -24.8895 37.2498 3.2
    endloop
  endfacet
  facet normal 0.440611 -0.614983 -0.653956
    outer loop
      vertex -28.6353 37.9686 0
      vertex -27.2725 35.5422 3.2
      vertex -28.9573 37.7379 0
    endloop
  endfacet
  facet normal 0.584811 -0.479936 -0.653956
    outer loop
      vertex -35.5422 27.2725 3.2
      vertex -37.4866 29.2635 0
      vertex -33.6824 29.5387 3.2
    endloop
  endfacet
  facet normal 0.5848 -0.479948 -0.653957
    outer loop
      vertex -37.4866 29.2635 0
      vertex -35.5422 27.2725 3.2
      vertex -37.7379 28.9573 0
    endloop
  endfacet
  facet normal 0.171798 0.736771 -0.653953
    outer loop
      vertex -8.74005 -43.9392 3.2
      vertex -9.27997 -46.6536 0
      vertex -11.9256 -46.0367 0
    endloop
  endfacet
  facet normal 0.584811 -0.479935 -0.653956
    outer loop
      vertex -35.7632 31.3635 0
      vertex -33.6824 29.5387 3.2
      vertex -37.4866 29.2635 0
    endloop
  endfacet
  facet normal 0.266492 0.708046 -0.653952
    outer loop
      vertex -17.1442 -41.3898 3.2
      vertex -15.6609 -44.9036 0
      vertex -18.2033 -43.9467 0
    endloop
  endfacet
  facet normal 0.552175 -0.517156 -0.653952
    outer loop
      vertex -33.9062 33.3462 0
      vertex -31.6784 31.6784 3.2
      vertex -33.6824 29.5387 3.2
    endloop
  endfacet
  facet normal 0.552053 -0.517299 -0.653942
    outer loop
      vertex -31.6784 31.6784 3.2
      vertex -33.9062 33.3462 0
      vertex -33.6353 33.6353 0
    endloop
  endfacet
  facet normal -0.752903 0.0740949 -0.653947
    outer loop
      vertex 47.4269 -3.50533 0
      vertex 44.7041 -2.93006 3.2
      vertex 47.4657 -3.11107 0
    endloop
  endfacet
  facet normal -0.752893 0.0741665 -0.653951
    outer loop
      vertex 44.7041 -2.93006 3.2
      vertex 47.4269 -3.50533 0
      vertex 44.4167 -5.84757 3.2
    endloop
  endfacet
  facet normal 0.64245 -0.399495 -0.653959
    outer loop
      vertex -39.551 26.4271 0
      vertex -37.2498 24.8895 3.2
      vertex -40.9855 24.1202 0
    endloop
  endfacet
  facet normal 0.642448 -0.399507 -0.653953
    outer loop
      vertex -38.7979 22.4 3.2
      vertex -40.9855 24.1202 0
      vertex -37.2498 24.8895 3.2
    endloop
  endfacet
  facet normal 0.642439 -0.399519 -0.653954
    outer loop
      vertex -40.9855 24.1202 0
      vertex -38.7979 22.4 3.2
      vertex -41.1947 23.7838 0
    endloop
  endfacet
  facet normal -0.723966 -0.21959 -0.653952
    outer loop
      vertex 45.0432 15.2901 0
      vertex 45.8317 12.6905 0
      vertex 42.4225 14.4005 3.2
    endloop
  endfacet
  facet normal 0.0741618 -0.752892 -0.653953
    outer loop
      vertex -3.50533 47.4269 0
      vertex -5.84757 44.4167 3.2
      vertex -6.20881 47.1606 0
    endloop
  endfacet
  facet normal 0.219615 0.723967 -0.653943
    outer loop
      vertex -12.6905 -45.8317 0
      vertex -11.5951 -43.2735 3.2
      vertex -12.3114 -45.9467 0
    endloop
  endfacet
  facet normal 0.219611 0.723968 -0.653943
    outer loop
      vertex -11.5951 -43.2735 3.2
      vertex -12.6905 -45.8317 0
      vertex -14.4005 -42.4225 3.2
    endloop
  endfacet
endsolid OpenSCAD_Model
