solid OpenSCAD_Model
  facet normal 0.242236 0.970217 -0
    outer loop
      vertex 144.322 193.656 0
      vertex 143.561 193.846 100
      vertex 144.322 193.656 100
    endloop
  endfacet
  facet normal 0.242236 0.970217 0
    outer loop
      vertex 143.561 193.846 100
      vertex 144.322 193.656 0
      vertex 143.561 193.846 0
    endloop
  endfacet
  facet normal 0.14641 0.989224 -0
    outer loop
      vertex 143.561 193.846 0
      vertex 142.784 193.961 100
      vertex 143.561 193.846 100
    endloop
  endfacet
  facet normal 0.14641 0.989224 0
    outer loop
      vertex 142.784 193.961 100
      vertex 143.561 193.846 0
      vertex 142.784 193.961 0
    endloop
  endfacet
  facet normal 0.741098 -0.671397 0
    outer loop
      vertex 147.657 6.34314 100
      vertex 148.184 6.92485 0
      vertex 148.184 6.92485 100
    endloop
  endfacet
  facet normal 0.741098 -0.671397 0
    outer loop
      vertex 148.184 6.92485 0
      vertex 147.657 6.34314 100
      vertex 147.657 6.34314 0
    endloop
  endfacet
  facet normal -0.741125 0.671367 0
    outer loop
      vertex 1.81592 191.075 0
      vertex 2.34314 191.657 100
      vertex 2.34314 191.657 0
    endloop
  endfacet
  facet normal -0.741125 0.671367 0
    outer loop
      vertex 2.34314 191.657 100
      vertex 1.81592 191.075 0
      vertex 1.81592 191.075 100
    endloop
  endfacet
  facet normal 0.0496835 0.998765 -0
    outer loop
      vertex 142.784 193.961 0
      vertex 142 194 100
      vertex 142.784 193.961 100
    endloop
  endfacet
  facet normal 0.0496835 0.998765 0
    outer loop
      vertex 142 194 100
      vertex 142.784 193.961 0
      vertex 142 194 0
    endloop
  endfacet
  facet normal 0 1 -0
    outer loop
      vertex 142 194 0
      vertex 8 194 100
      vertex 142 194 100
    endloop
  endfacet
  facet normal 0 1 0
    outer loop
      vertex 8 194 100
      vertex 142 194 0
      vertex 8 194 0
    endloop
  endfacet
  facet normal -0.802939 0.596061 0
    outer loop
      vertex 1.34824 190.445 0
      vertex 1.81592 191.075 100
      vertex 1.81592 191.075 0
    endloop
  endfacet
  facet normal -0.802939 0.596061 0
    outer loop
      vertex 1.81592 191.075 100
      vertex 1.34824 190.445 0
      vertex 1.34824 190.445 100
    endloop
  endfacet
  facet normal -0.970032 -0.242979 0
    outer loop
      vertex 0.344482 9.67772 0
      vertex 0.153717 10.4393 100
      vertex 0.153717 10.4393 0
    endloop
  endfacet
  facet normal -0.970032 -0.242979 0
    outer loop
      vertex 0.153717 10.4393 100
      vertex 0.344482 9.67772 0
      vertex 0.344482 9.67772 100
    endloop
  endfacet
  facet normal -0.989178 -0.146719 0
    outer loop
      vertex 0.153717 10.4393 0
      vertex 0.0385284 11.2159 100
      vertex 0.0385284 11.2159 0
    endloop
  endfacet
  facet normal -0.989178 -0.146719 0
    outer loop
      vertex 0.0385284 11.2159 100
      vertex 0.153717 10.4393 0
      vertex 0.153717 10.4393 100
    endloop
  endfacet
  facet normal -0.671551 -0.740958 0
    outer loop
      vertex 2.34314 6.34314 0
      vertex 2.92485 5.81592 100
      vertex 2.34314 6.34314 100
    endloop
  endfacet
  facet normal -0.671551 -0.740958 -0
    outer loop
      vertex 2.92485 5.81592 100
      vertex 2.34314 6.34314 0
      vertex 2.92485 5.81592 0
    endloop
  endfacet
  facet normal -0.740958 -0.671551 0
    outer loop
      vertex 2.34314 6.34314 0
      vertex 1.81592 6.92485 100
      vertex 1.81592 6.92485 0
    endloop
  endfacet
  facet normal -0.740958 -0.671551 0
    outer loop
      vertex 1.81592 6.92485 100
      vertex 2.34314 6.34314 0
      vertex 2.34314 6.34314 100
    endloop
  endfacet
  facet normal -0.049078 -0.998795 0
    outer loop
      vertex 7.21587 4.03853 0
      vertex 8 4 94
      vertex 7.21587 4.03853 94
    endloop
  endfacet
  facet normal -0.049078 -0.998795 -0
    outer loop
      vertex 8 4 94
      vertex 7.21587 4.03853 0
      vertex 8 4 0
    endloop
  endfacet
  facet normal 0.903828 -0.427896 0
    outer loop
      vertex 149.055 8.22882 100
      vertex 149.391 8.93854 0
      vertex 149.391 8.93854 100
    endloop
  endfacet
  facet normal 0.903828 -0.427896 0
    outer loop
      vertex 149.391 8.93854 0
      vertex 149.055 8.22882 100
      vertex 149.055 8.22882 0
    endloop
  endfacet
  facet normal 1 -0 0
    outer loop
      vertex 150 12 100
      vertex 150 186 0
      vertex 150 186 100
    endloop
  endfacet
  facet normal 1 0 0
    outer loop
      vertex 150 186 0
      vertex 150 12 100
      vertex 150 12 0
    endloop
  endfacet
  facet normal -1 0 0
    outer loop
      vertex 0 12 0
      vertex 0 186 100
      vertex 0 186 0
    endloop
  endfacet
  facet normal -1 -0 0
    outer loop
      vertex 0 186 100
      vertex 0 12 0
      vertex 0 12 100
    endloop
  endfacet
  facet normal -0.998795 -0.0490779 0
    outer loop
      vertex 0.0385284 11.2159 0
      vertex 0 12 100
      vertex 0 12 0
    endloop
  endfacet
  facet normal -0.998795 -0.0490779 0
    outer loop
      vertex 0 12 100
      vertex 0.0385284 11.2159 0
      vertex 0.0385284 11.2159 100
    endloop
  endfacet
  facet normal -0.803206 -0.595701 0
    outer loop
      vertex 1.81592 6.92485 0
      vertex 1.34824 7.55544 100
      vertex 1.34824 7.55544 0
    endloop
  endfacet
  facet normal -0.803206 -0.595701 0
    outer loop
      vertex 1.34824 7.55544 100
      vertex 1.81592 6.92485 0
      vertex 1.81592 6.92485 100
    endloop
  endfacet
  facet normal 0.941335 -0.337474 0
    outer loop
      vertex 149.391 8.93854 100
      vertex 149.656 9.67772 0
      vertex 149.656 9.67772 100
    endloop
  endfacet
  facet normal 0.941335 -0.337474 0
    outer loop
      vertex 149.656 9.67772 0
      vertex 149.391 8.93854 100
      vertex 149.391 8.93854 0
    endloop
  endfacet
  facet normal -0.514111 -0.857723 0
    outer loop
      vertex 3.55544 5.34824 100
      vertex 4.13643 5 94
      vertex 4.13643 5 100
    endloop
  endfacet
  facet normal -0.514111 -0.857723 0
    outer loop
      vertex 3.55544 5.34824 0
      vertex 4.13643 5 94
      vertex 3.55544 5.34824 100
    endloop
  endfacet
  facet normal -0.514059 -0.857755 -4.42208e-07
    outer loop
      vertex 3.55544 5.34824 0
      vertex 4.22882 4.94463 94
      vertex 4.13643 5 94
    endloop
  endfacet
  facet normal -0.514104 -0.857728 -0
    outer loop
      vertex 4.22882 4.94463 94
      vertex 3.55544 5.34824 0
      vertex 4.22882 4.94463 0
    endloop
  endfacet
  facet normal 0.858278 0.513184 0
    outer loop
      vertex 149.055 189.771 100
      vertex 148.652 190.445 0
      vertex 148.652 190.445 100
    endloop
  endfacet
  facet normal 0.858278 0.513184 0
    outer loop
      vertex 148.652 190.445 0
      vertex 149.055 189.771 100
      vertex 149.055 189.771 0
    endloop
  endfacet
  facet normal 0.970261 -0.242062 0
    outer loop
      vertex 149.656 9.67772 100
      vertex 149.846 10.4393 0
      vertex 149.846 10.4393 100
    endloop
  endfacet
  facet normal 0.970261 -0.242062 0
    outer loop
      vertex 149.846 10.4393 0
      vertex 149.656 9.67772 100
      vertex 149.656 9.67772 0
    endloop
  endfacet
  facet normal -0.336887 -0.941545 0
    outer loop
      vertex 4.93854 4.60896 0
      vertex 5.67772 4.34448 94
      vertex 4.93854 4.60896 94
    endloop
  endfacet
  facet normal -0.336887 -0.941545 -0
    outer loop
      vertex 5.67772 4.34448 94
      vertex 4.93854 4.60896 0
      vertex 5.67772 4.34448 0
    endloop
  endfacet
  facet normal 0 -1 0
    outer loop
      vertex 8 4 94
      vertex 75 4 67
      vertex 142 4 94
    endloop
  endfacet
  facet normal 0 -1 0
    outer loop
      vertex 8 4 94
      vertex 72.8436 4 66.8941
      vertex 75 4 67
    endloop
  endfacet
  facet normal 0 -1 0
    outer loop
      vertex 8 4 94
      vertex 70.708 4 66.5773
      vertex 72.8436 4 66.8941
    endloop
  endfacet
  facet normal 0 -1 0
    outer loop
      vertex 8 4 94
      vertex 68.6137 4 66.0527
      vertex 70.708 4 66.5773
    endloop
  endfacet
  facet normal 0 -1 0
    outer loop
      vertex 8 4 94
      vertex 66.581 4 65.3253
      vertex 68.6137 4 66.0527
    endloop
  endfacet
  facet normal 0 -1 0
    outer loop
      vertex 8 4 94
      vertex 64.6293 4 64.4023
      vertex 66.581 4 65.3253
    endloop
  endfacet
  facet normal 0 -1 0
    outer loop
      vertex 8 4 94
      vertex 62.7775 4 63.2923
      vertex 64.6293 4 64.4023
    endloop
  endfacet
  facet normal 0 -1 0
    outer loop
      vertex 8 4 94
      vertex 61.0433 4 62.0062
      vertex 62.7775 4 63.2923
    endloop
  endfacet
  facet normal 0 -1 0
    outer loop
      vertex 8 4 94
      vertex 59.4436 4 60.5564
      vertex 61.0433 4 62.0062
    endloop
  endfacet
  facet normal 0 -1 0
    outer loop
      vertex 8 4 94
      vertex 57.9938 4 58.9566
      vertex 59.4436 4 60.5564
    endloop
  endfacet
  facet normal 0 -1 0
    outer loop
      vertex 8 4 94
      vertex 56.7077 4 57.2225
      vertex 57.9938 4 58.9566
    endloop
  endfacet
  facet normal 0 -1 0
    outer loop
      vertex 8 4 94
      vertex 55.5977 4 55.3707
      vertex 56.7077 4 57.2225
    endloop
  endfacet
  facet normal 0 -1 0
    outer loop
      vertex 8 4 94
      vertex 54.6747 4 53.419
      vertex 55.5977 4 55.3707
    endloop
  endfacet
  facet normal 0 -1 0
    outer loop
      vertex 8 4 94
      vertex 53.9473 4 51.3863
      vertex 54.6747 4 53.419
    endloop
  endfacet
  facet normal 0 -1 0
    outer loop
      vertex 8 4 94
      vertex 53.4227 4 49.292
      vertex 53.9473 4 51.3863
    endloop
  endfacet
  facet normal 0 -1 0
    outer loop
      vertex 8 4 94
      vertex 53.1059 4 47.1564
      vertex 53.4227 4 49.292
    endloop
  endfacet
  facet normal 0 -1 0
    outer loop
      vertex 8 4 94
      vertex 53 4 45
      vertex 53.1059 4 47.1564
    endloop
  endfacet
  facet normal 0 -1 0
    outer loop
      vertex 8 4 0
      vertex 53 4 45
      vertex 8 4 94
    endloop
  endfacet
  facet normal 0 -1 -0
    outer loop
      vertex 53 4 45
      vertex 8 4 0
      vertex 53.1059 4 42.8436
    endloop
  endfacet
  facet normal 0 -1 -0
    outer loop
      vertex 53.1059 4 42.8436
      vertex 8 4 0
      vertex 53.4227 4 40.708
    endloop
  endfacet
  facet normal 0 -1 -0
    outer loop
      vertex 53.4227 4 40.708
      vertex 8 4 0
      vertex 53.9473 4 38.6137
    endloop
  endfacet
  facet normal 0 -1 -0
    outer loop
      vertex 53.9473 4 38.6137
      vertex 8 4 0
      vertex 54.6747 4 36.581
    endloop
  endfacet
  facet normal 0 -1 -0
    outer loop
      vertex 54.6747 4 36.581
      vertex 8 4 0
      vertex 55.5977 4 34.6293
    endloop
  endfacet
  facet normal 0 -1 -0
    outer loop
      vertex 55.5977 4 34.6293
      vertex 8 4 0
      vertex 56.7077 4 32.7775
    endloop
  endfacet
  facet normal 0 -1 -0
    outer loop
      vertex 72.8436 4 23.1059
      vertex 8 4 0
      vertex 75 4 23
    endloop
  endfacet
  facet normal 0 -1 -0
    outer loop
      vertex 70.708 4 23.4227
      vertex 8 4 0
      vertex 72.8436 4 23.1059
    endloop
  endfacet
  facet normal 0 -1 -0
    outer loop
      vertex 68.6137 4 23.9473
      vertex 8 4 0
      vertex 70.708 4 23.4227
    endloop
  endfacet
  facet normal 0 -1 -0
    outer loop
      vertex 66.581 4 24.6747
      vertex 8 4 0
      vertex 68.6137 4 23.9473
    endloop
  endfacet
  facet normal 0 -1 -0
    outer loop
      vertex 64.6293 4 25.5977
      vertex 8 4 0
      vertex 66.581 4 24.6747
    endloop
  endfacet
  facet normal 0 -1 -0
    outer loop
      vertex 62.7775 4 26.7077
      vertex 8 4 0
      vertex 64.6293 4 25.5977
    endloop
  endfacet
  facet normal 0 -1 -0
    outer loop
      vertex 61.0433 4 27.9938
      vertex 8 4 0
      vertex 62.7775 4 26.7077
    endloop
  endfacet
  facet normal 0 -1 -0
    outer loop
      vertex 59.4436 4 29.4436
      vertex 8 4 0
      vertex 61.0433 4 27.9938
    endloop
  endfacet
  facet normal 0 -1 -0
    outer loop
      vertex 57.9938 4 31.0433
      vertex 8 4 0
      vertex 59.4436 4 29.4436
    endloop
  endfacet
  facet normal 0 -1 -0
    outer loop
      vertex 56.7077 4 32.7775
      vertex 8 4 0
      vertex 57.9938 4 31.0433
    endloop
  endfacet
  facet normal 0 -1 0
    outer loop
      vertex 77.1564 4 66.8941
      vertex 142 4 94
      vertex 75 4 67
    endloop
  endfacet
  facet normal 0 -1 0
    outer loop
      vertex 79.292 4 66.5773
      vertex 142 4 94
      vertex 77.1564 4 66.8941
    endloop
  endfacet
  facet normal 0 -1 0
    outer loop
      vertex 81.3863 4 66.0527
      vertex 142 4 94
      vertex 79.292 4 66.5773
    endloop
  endfacet
  facet normal 0 -1 0
    outer loop
      vertex 83.419 4 65.3253
      vertex 142 4 94
      vertex 81.3863 4 66.0527
    endloop
  endfacet
  facet normal 0 -1 0
    outer loop
      vertex 85.3707 4 64.4023
      vertex 142 4 94
      vertex 83.419 4 65.3253
    endloop
  endfacet
  facet normal 0 -1 0
    outer loop
      vertex 87.2225 4 63.2923
      vertex 142 4 94
      vertex 85.3707 4 64.4023
    endloop
  endfacet
  facet normal 0 -1 0
    outer loop
      vertex 88.9566 4 62.0062
      vertex 142 4 94
      vertex 87.2225 4 63.2923
    endloop
  endfacet
  facet normal 0 -1 0
    outer loop
      vertex 90.5564 4 60.5564
      vertex 142 4 94
      vertex 88.9566 4 62.0062
    endloop
  endfacet
  facet normal 0 -1 0
    outer loop
      vertex 92.0062 4 58.9566
      vertex 142 4 94
      vertex 90.5564 4 60.5564
    endloop
  endfacet
  facet normal 0 -1 0
    outer loop
      vertex 93.2923 4 57.2225
      vertex 142 4 94
      vertex 92.0062 4 58.9566
    endloop
  endfacet
  facet normal 0 -1 0
    outer loop
      vertex 94.4023 4 55.3707
      vertex 142 4 94
      vertex 93.2923 4 57.2225
    endloop
  endfacet
  facet normal 0 -1 0
    outer loop
      vertex 95.3253 4 53.419
      vertex 142 4 94
      vertex 94.4023 4 55.3707
    endloop
  endfacet
  facet normal 0 -1 0
    outer loop
      vertex 96.0527 4 51.3863
      vertex 142 4 94
      vertex 95.3253 4 53.419
    endloop
  endfacet
  facet normal 0 -1 0
    outer loop
      vertex 96.5773 4 49.292
      vertex 142 4 94
      vertex 96.0527 4 51.3863
    endloop
  endfacet
  facet normal 0 -1 0
    outer loop
      vertex 96.8941 4 47.1564
      vertex 142 4 94
      vertex 96.5773 4 49.292
    endloop
  endfacet
  facet normal 0 -1 0
    outer loop
      vertex 97 4 45
      vertex 142 4 94
      vertex 96.8941 4 47.1564
    endloop
  endfacet
  facet normal 0 -1 0
    outer loop
      vertex 142 4 0
      vertex 97 4 45
      vertex 96.8941 4 42.8436
    endloop
  endfacet
  facet normal 0 -1 0
    outer loop
      vertex 142 4 0
      vertex 96.8941 4 42.8436
      vertex 96.5773 4 40.708
    endloop
  endfacet
  facet normal 0 -1 0
    outer loop
      vertex 142 4 0
      vertex 96.5773 4 40.708
      vertex 96.0527 4 38.6137
    endloop
  endfacet
  facet normal 0 -1 0
    outer loop
      vertex 142 4 0
      vertex 96.0527 4 38.6137
      vertex 95.3253 4 36.581
    endloop
  endfacet
  facet normal 0 -1 0
    outer loop
      vertex 142 4 0
      vertex 95.3253 4 36.581
      vertex 94.4023 4 34.6293
    endloop
  endfacet
  facet normal 0 -1 0
    outer loop
      vertex 142 4 0
      vertex 94.4023 4 34.6293
      vertex 93.2923 4 32.7775
    endloop
  endfacet
  facet normal 0 -1 0
    outer loop
      vertex 142 4 0
      vertex 93.2923 4 32.7775
      vertex 92.0062 4 31.0433
    endloop
  endfacet
  facet normal 0 -1 0
    outer loop
      vertex 142 4 0
      vertex 75 4 23
      vertex 8 4 0
    endloop
  endfacet
  facet normal 0 -1 0
    outer loop
      vertex 75 4 23
      vertex 142 4 0
      vertex 77.1564 4 23.1059
    endloop
  endfacet
  facet normal 0 -1 0
    outer loop
      vertex 77.1564 4 23.1059
      vertex 142 4 0
      vertex 79.292 4 23.4227
    endloop
  endfacet
  facet normal 0 -1 0
    outer loop
      vertex 97 4 45
      vertex 142 4 0
      vertex 142 4 94
    endloop
  endfacet
  facet normal 0 -1 0
    outer loop
      vertex 90.5564 4 29.4436
      vertex 142 4 0
      vertex 92.0062 4 31.0433
    endloop
  endfacet
  facet normal 0 -1 0
    outer loop
      vertex 88.9566 4 27.9938
      vertex 142 4 0
      vertex 90.5564 4 29.4436
    endloop
  endfacet
  facet normal 0 -1 0
    outer loop
      vertex 87.2225 4 26.7077
      vertex 142 4 0
      vertex 88.9566 4 27.9938
    endloop
  endfacet
  facet normal 0 -1 0
    outer loop
      vertex 85.3707 4 25.5977
      vertex 142 4 0
      vertex 87.2225 4 26.7077
    endloop
  endfacet
  facet normal 0 -1 0
    outer loop
      vertex 83.419 4 24.6747
      vertex 142 4 0
      vertex 85.3707 4 25.5977
    endloop
  endfacet
  facet normal 0 -1 0
    outer loop
      vertex 81.3863 4 23.9473
      vertex 142 4 0
      vertex 83.419 4 24.6747
    endloop
  endfacet
  facet normal 0 -1 0
    outer loop
      vertex 79.292 4 23.4227
      vertex 142 4 0
      vertex 81.3863 4 23.9473
    endloop
  endfacet
  facet normal -0.903994 -0.427545 0
    outer loop
      vertex 0.944626 8.22882 0
      vertex 0.608963 8.93854 100
      vertex 0.608963 8.93854 0
    endloop
  endfacet
  facet normal -0.903994 -0.427545 0
    outer loop
      vertex 0.608963 8.93854 100
      vertex 0.944626 8.22882 0
      vertex 0.944626 8.22882 100
    endloop
  endfacet
  facet normal 0.243147 -0.969989 0
    outer loop
      vertex 143.561 4.15372 0
      vertex 144.322 4.34448 94
      vertex 143.561 4.15372 94
    endloop
  endfacet
  facet normal 0.243147 -0.969989 0
    outer loop
      vertex 144.322 4.34448 94
      vertex 143.561 4.15372 0
      vertex 144.322 4.34448 0
    endloop
  endfacet
  facet normal -0.146721 -0.989178 0
    outer loop
      vertex 6.43927 4.15372 0
      vertex 7.21587 4.03853 94
      vertex 6.43927 4.15372 94
    endloop
  endfacet
  facet normal -0.146721 -0.989178 -0
    outer loop
      vertex 7.21587 4.03853 94
      vertex 6.43927 4.15372 0
      vertex 7.21587 4.03853 0
    endloop
  endfacet
  facet normal -0.427896 0.903828 0
    outer loop
      vertex 4.93854 193.391 0
      vertex 4.22882 193.055 100
      vertex 4.93854 193.391 100
    endloop
  endfacet
  facet normal -0.427896 0.903828 0
    outer loop
      vertex 4.22882 193.055 100
      vertex 4.93854 193.391 0
      vertex 4.22882 193.055 0
    endloop
  endfacet
  facet normal 0.0490862 -0.998795 0
    outer loop
      vertex 142 4 0
      vertex 142.784 4.03853 94
      vertex 142 4 94
    endloop
  endfacet
  facet normal 0.0490862 -0.998795 0
    outer loop
      vertex 142.784 4.03853 94
      vertex 142 4 0
      vertex 142.784 4.03853 0
    endloop
  endfacet
  facet normal -0.595964 0.803011 0
    outer loop
      vertex 3.55544 192.652 0
      vertex 2.92485 192.184 100
      vertex 3.55544 192.652 100
    endloop
  endfacet
  facet normal -0.595964 0.803011 0
    outer loop
      vertex 2.92485 192.184 100
      vertex 3.55544 192.652 0
      vertex 2.92485 192.184 0
    endloop
  endfacet
  facet normal 0.336959 -0.941519 0
    outer loop
      vertex 144.322 4.34448 0
      vertex 145.061 4.60896 94
      vertex 144.322 4.34448 94
    endloop
  endfacet
  facet normal 0.336959 -0.941519 0
    outer loop
      vertex 145.061 4.60896 94
      vertex 144.322 4.34448 0
      vertex 145.061 4.60896 0
    endloop
  endfacet
  facet normal 0.998765 -0.0496771 0
    outer loop
      vertex 149.961 11.2159 100
      vertex 150 12 0
      vertex 150 12 100
    endloop
  endfacet
  facet normal 0.998765 -0.0496771 0
    outer loop
      vertex 150 12 0
      vertex 149.961 11.2159 100
      vertex 149.961 11.2159 0
    endloop
  endfacet
  facet normal 0.671213 0.741264 -0
    outer loop
      vertex 147.657 191.657 0
      vertex 147.075 192.184 100
      vertex 147.657 191.657 100
    endloop
  endfacet
  facet normal 0.671213 0.741264 0
    outer loop
      vertex 147.075 192.184 100
      vertex 147.657 191.657 0
      vertex 147.075 192.184 0
    endloop
  endfacet
  facet normal -0.671397 0.741098 0
    outer loop
      vertex 2.92485 192.184 0
      vertex 2.34314 191.657 100
      vertex 2.92485 192.184 100
    endloop
  endfacet
  facet normal -0.671397 0.741098 0
    outer loop
      vertex 2.34314 191.657 100
      vertex 2.92485 192.184 0
      vertex 2.34314 191.657 0
    endloop
  endfacet
  facet normal -0.242982 -0.970031 0
    outer loop
      vertex 5.67772 4.34448 0
      vertex 6.43927 4.15372 94
      vertex 5.67772 4.34448 94
    endloop
  endfacet
  facet normal -0.242982 -0.970031 -0
    outer loop
      vertex 6.43927 4.15372 94
      vertex 5.67772 4.34448 0
      vertex 6.43927 4.15372 0
    endloop
  endfacet
  facet normal 0.970217 0.242236 0
    outer loop
      vertex 149.846 187.561 100
      vertex 149.656 188.322 0
      vertex 149.656 188.322 100
    endloop
  endfacet
  facet normal 0.970217 0.242236 0
    outer loop
      vertex 149.656 188.322 0
      vertex 149.846 187.561 100
      vertex 149.846 187.561 0
    endloop
  endfacet
  facet normal 0.513184 0.858278 -0
    outer loop
      vertex 146.445 192.652 0
      vertex 145.771 193.055 100
      vertex 146.445 192.652 100
    endloop
  endfacet
  facet normal 0.513184 0.858278 0
    outer loop
      vertex 145.771 193.055 100
      vertex 146.445 192.652 0
      vertex 145.771 193.055 0
    endloop
  endfacet
  facet normal -0.595701 -0.803206 0
    outer loop
      vertex 2.92485 5.81592 0
      vertex 3.55544 5.34824 100
      vertex 2.92485 5.81592 100
    endloop
  endfacet
  facet normal -0.595701 -0.803206 -0
    outer loop
      vertex 3.55544 5.34824 100
      vertex 2.92485 5.81592 0
      vertex 3.55544 5.34824 0
    endloop
  endfacet
  facet normal 0.671367 -0.741125 0
    outer loop
      vertex 147.075 5.81592 0
      vertex 147.657 6.34314 100
      vertex 147.075 5.81592 100
    endloop
  endfacet
  facet normal 0.671367 -0.741125 0
    outer loop
      vertex 147.657 6.34314 100
      vertex 147.075 5.81592 0
      vertex 147.657 6.34314 0
    endloop
  endfacet
  facet normal -0.0496752 0.998765 0
    outer loop
      vertex 8 194 0
      vertex 7.21587 193.961 100
      vertex 8 194 100
    endloop
  endfacet
  facet normal -0.0496752 0.998765 0
    outer loop
      vertex 7.21587 193.961 100
      vertex 8 194 0
      vertex 7.21587 193.961 0
    endloop
  endfacet
  facet normal -0.904059 0.427407 0
    outer loop
      vertex 0.608963 189.061 0
      vertex 0.944626 189.771 100
      vertex 0.944626 189.771 0
    endloop
  endfacet
  facet normal -0.904059 0.427407 0
    outer loop
      vertex 0.944626 189.771 100
      vertex 0.608963 189.061 0
      vertex 0.608963 189.061 100
    endloop
  endfacet
  facet normal -0.513532 0.85807 0
    outer loop
      vertex 4.22882 193.055 0
      vertex 3.55544 192.652 100
      vertex 4.22882 193.055 100
    endloop
  endfacet
  facet normal -0.513532 0.85807 0
    outer loop
      vertex 3.55544 192.652 100
      vertex 4.22882 193.055 0
      vertex 3.55544 192.652 0
    endloop
  endfacet
  facet normal -0.337474 0.941335 0
    outer loop
      vertex 5.67772 193.656 0
      vertex 4.93854 193.391 100
      vertex 5.67772 193.656 100
    endloop
  endfacet
  facet normal -0.337474 0.941335 0
    outer loop
      vertex 4.93854 193.391 100
      vertex 5.67772 193.656 0
      vertex 4.93854 193.391 0
    endloop
  endfacet
  facet normal 0.511572 -0.859241 0
    outer loop
      vertex 145.771 4.94463 94
      vertex 145.771 4.94463 0
      vertex 145.864 5 94
    endloop
  endfacet
  facet normal 0.514105 -0.857727 0
    outer loop
      vertex 145.864 5 94
      vertex 146.445 5.34824 100
      vertex 145.864 5 100
    endloop
  endfacet
  facet normal 0.513756 -0.857936 -2.92971e-06
    outer loop
      vertex 146.445 5.34824 0
      vertex 145.864 5 94
      vertex 145.771 4.94463 0
    endloop
  endfacet
  facet normal 0.514105 -0.857727 0
    outer loop
      vertex 145.864 5 94
      vertex 146.445 5.34824 0
      vertex 146.445 5.34824 100
    endloop
  endfacet
  facet normal 0.427758 0.903893 -0
    outer loop
      vertex 145.771 193.055 0
      vertex 145.061 193.391 100
      vertex 145.771 193.055 100
    endloop
  endfacet
  facet normal 0.427758 0.903893 0
    outer loop
      vertex 145.061 193.391 100
      vertex 145.771 193.055 0
      vertex 145.061 193.391 0
    endloop
  endfacet
  facet normal 0.803011 -0.595964 0
    outer loop
      vertex 148.184 6.92485 100
      vertex 148.652 7.55544 0
      vertex 148.652 7.55544 100
    endloop
  endfacet
  facet normal 0.803011 -0.595964 0
    outer loop
      vertex 148.652 7.55544 0
      vertex 148.184 6.92485 100
      vertex 148.184 6.92485 0
    endloop
  endfacet
  facet normal 0.85807 -0.513532 0
    outer loop
      vertex 148.652 7.55544 100
      vertex 149.055 8.22882 0
      vertex 149.055 8.22882 100
    endloop
  endfacet
  facet normal 0.85807 -0.513532 0
    outer loop
      vertex 149.055 8.22882 0
      vertex 148.652 7.55544 100
      vertex 148.652 7.55544 0
    endloop
  endfacet
  facet normal 0.941309 0.337546 0
    outer loop
      vertex 149.656 188.322 100
      vertex 149.391 189.061 0
      vertex 149.391 189.061 100
    endloop
  endfacet
  facet normal 0.941309 0.337546 0
    outer loop
      vertex 149.391 189.061 0
      vertex 149.656 188.322 100
      vertex 149.656 188.322 0
    endloop
  endfacet
  facet normal 0 0 -1
    outer loop
      vertex 78.1101 49.9434 0
      vertex 150 12 0
      vertex 78.1876 49.634 0
    endloop
  endfacet
  facet normal 0 0 -1
    outer loop
      vertex 150 186 0
      vertex 78.2344 148.681 0
      vertex 78.25 149 0
    endloop
  endfacet
  facet normal 0 0 -1
    outer loop
      vertex 78.0026 50.2437 0
      vertex 150 12 0
      vertex 78.1101 49.9434 0
    endloop
  endfacet
  facet normal 0 0 -1
    outer loop
      vertex 150 186 0
      vertex 78.1876 148.366 0
      vertex 78.2344 148.681 0
    endloop
  endfacet
  facet normal 0 0 -1
    outer loop
      vertex 77.8662 50.532 0
      vertex 150 12 0
      vertex 78.0026 50.2437 0
    endloop
  endfacet
  facet normal 0 0 -1
    outer loop
      vertex 150 186 0
      vertex 78.1101 148.057 0
      vertex 78.1876 148.366 0
    endloop
  endfacet
  facet normal 0 0 -1
    outer loop
      vertex 77.7023 50.8056 0
      vertex 150 12 0
      vertex 77.8662 50.532 0
    endloop
  endfacet
  facet normal 0 0 -1
    outer loop
      vertex 150 186 0
      vertex 78.0026 147.756 0
      vertex 78.1101 148.057 0
    endloop
  endfacet
  facet normal 0 0 -1
    outer loop
      vertex 150 12 0
      vertex 77.7023 50.8056 0
      vertex 150 186 0
    endloop
  endfacet
  facet normal 0 0 -1
    outer loop
      vertex 150 186 0
      vertex 77.8662 147.468 0
      vertex 78.0026 147.756 0
    endloop
  endfacet
  facet normal 0 0 -1
    outer loop
      vertex 77.7023 147.194 0
      vertex 150 186 0
      vertex 77.7023 50.8056 0
    endloop
  endfacet
  facet normal 0 0 -1
    outer loop
      vertex 150 186 0
      vertex 77.7023 147.194 0
      vertex 77.8662 147.468 0
    endloop
  endfacet
  facet normal 0 0 -1
    outer loop
      vertex 77.5123 51.0618 0
      vertex 77.7023 147.194 0
      vertex 77.7023 50.8056 0
    endloop
  endfacet
  facet normal 0 0 -1
    outer loop
      vertex 77.5123 51.0618 0
      vertex 77.5123 146.938 0
      vertex 77.7023 147.194 0
    endloop
  endfacet
  facet normal 0 0 -1
    outer loop
      vertex 77.2981 51.2981 0
      vertex 77.5123 146.938 0
      vertex 77.5123 51.0618 0
    endloop
  endfacet
  facet normal 0 0 -1
    outer loop
      vertex 77.2981 51.2981 0
      vertex 77.2981 146.702 0
      vertex 77.5123 146.938 0
    endloop
  endfacet
  facet normal 0 0 -1
    outer loop
      vertex 77.0618 51.5123 0
      vertex 77.2981 146.702 0
      vertex 77.2981 51.2981 0
    endloop
  endfacet
  facet normal 0 0 -1
    outer loop
      vertex 77.0618 51.5123 0
      vertex 77.0618 146.488 0
      vertex 77.2981 146.702 0
    endloop
  endfacet
  facet normal 0 0 -1
    outer loop
      vertex 76.8056 51.7023 0
      vertex 77.0618 146.488 0
      vertex 77.0618 51.5123 0
    endloop
  endfacet
  facet normal 0 0 -1
    outer loop
      vertex 76.8056 51.7023 0
      vertex 76.8056 146.298 0
      vertex 77.0618 146.488 0
    endloop
  endfacet
  facet normal 0 0 -1
    outer loop
      vertex 76.532 51.8662 0
      vertex 76.8056 146.298 0
      vertex 76.8056 51.7023 0
    endloop
  endfacet
  facet normal 0 0 -1
    outer loop
      vertex 76.532 51.8662 0
      vertex 76.532 146.134 0
      vertex 76.8056 146.298 0
    endloop
  endfacet
  facet normal 0 0 -1
    outer loop
      vertex 76.2437 52.0026 0
      vertex 76.532 146.134 0
      vertex 76.532 51.8662 0
    endloop
  endfacet
  facet normal 0 0 -1
    outer loop
      vertex 76.2437 52.0026 0
      vertex 76.2437 145.997 0
      vertex 76.532 146.134 0
    endloop
  endfacet
  facet normal 0 0 -1
    outer loop
      vertex 75.9434 52.1101 0
      vertex 76.2437 145.997 0
      vertex 76.2437 52.0026 0
    endloop
  endfacet
  facet normal 0 0 -1
    outer loop
      vertex 75.9434 52.1101 0
      vertex 75.9434 145.89 0
      vertex 76.2437 145.997 0
    endloop
  endfacet
  facet normal 0 0 -1
    outer loop
      vertex 75.634 52.1876 0
      vertex 75.9434 145.89 0
      vertex 75.9434 52.1101 0
    endloop
  endfacet
  facet normal 0 0 -1
    outer loop
      vertex 75.634 52.1876 0
      vertex 75.634 145.812 0
      vertex 75.9434 145.89 0
    endloop
  endfacet
  facet normal 0 0 -1
    outer loop
      vertex 75.3186 52.2344 0
      vertex 75.634 145.812 0
      vertex 75.634 52.1876 0
    endloop
  endfacet
  facet normal 0 0 -1
    outer loop
      vertex 75.3186 52.2344 0
      vertex 75.3186 145.766 0
      vertex 75.634 145.812 0
    endloop
  endfacet
  facet normal 0 0 -1
    outer loop
      vertex 75 52.25 0
      vertex 75.3186 145.766 0
      vertex 75.3186 52.2344 0
    endloop
  endfacet
  facet normal 0 0 -1
    outer loop
      vertex 75 52.25 0
      vertex 75 145.75 0
      vertex 75.3186 145.766 0
    endloop
  endfacet
  facet normal 0 0 -1
    outer loop
      vertex 74.6814 52.2344 0
      vertex 75 145.75 0
      vertex 75 52.25 0
    endloop
  endfacet
  facet normal 0 0 -1
    outer loop
      vertex 74.6814 52.2344 0
      vertex 74.6814 145.766 0
      vertex 75 145.75 0
    endloop
  endfacet
  facet normal 0 0 -1
    outer loop
      vertex 74.366 52.1876 0
      vertex 74.6814 145.766 0
      vertex 74.6814 52.2344 0
    endloop
  endfacet
  facet normal 0 0 -1
    outer loop
      vertex 74.366 52.1876 0
      vertex 74.366 145.812 0
      vertex 74.6814 145.766 0
    endloop
  endfacet
  facet normal 0 0 -1
    outer loop
      vertex 74.0566 52.1101 0
      vertex 74.366 145.812 0
      vertex 74.366 52.1876 0
    endloop
  endfacet
  facet normal 0 0 -1
    outer loop
      vertex 74.0566 52.1101 0
      vertex 74.0566 145.89 0
      vertex 74.366 145.812 0
    endloop
  endfacet
  facet normal 0 0 -1
    outer loop
      vertex 73.7563 52.0026 0
      vertex 74.0566 145.89 0
      vertex 74.0566 52.1101 0
    endloop
  endfacet
  facet normal 0 0 -1
    outer loop
      vertex 73.7563 52.0026 0
      vertex 73.7563 145.997 0
      vertex 74.0566 145.89 0
    endloop
  endfacet
  facet normal 0 0 -1
    outer loop
      vertex 73.468 51.8662 0
      vertex 73.7563 145.997 0
      vertex 73.7563 52.0026 0
    endloop
  endfacet
  facet normal 0 0 -1
    outer loop
      vertex 73.468 51.8662 0
      vertex 73.468 146.134 0
      vertex 73.7563 145.997 0
    endloop
  endfacet
  facet normal 0 0 -1
    outer loop
      vertex 73.1944 51.7023 0
      vertex 73.468 146.134 0
      vertex 73.468 51.8662 0
    endloop
  endfacet
  facet normal 0 0 -1
    outer loop
      vertex 73.1944 51.7023 0
      vertex 73.1944 146.298 0
      vertex 73.468 146.134 0
    endloop
  endfacet
  facet normal 0 0 -1
    outer loop
      vertex 72.9382 51.5123 0
      vertex 73.1944 146.298 0
      vertex 73.1944 51.7023 0
    endloop
  endfacet
  facet normal 0 0 -1
    outer loop
      vertex 72.9382 51.5123 0
      vertex 72.9382 146.488 0
      vertex 73.1944 146.298 0
    endloop
  endfacet
  facet normal 0 0 -1
    outer loop
      vertex 72.7019 51.2981 0
      vertex 72.9382 146.488 0
      vertex 72.9382 51.5123 0
    endloop
  endfacet
  facet normal 0 0 -1
    outer loop
      vertex 72.7019 51.2981 0
      vertex 72.7019 146.702 0
      vertex 72.9382 146.488 0
    endloop
  endfacet
  facet normal 0 0 -1
    outer loop
      vertex 72.4877 51.0618 0
      vertex 72.7019 146.702 0
      vertex 72.7019 51.2981 0
    endloop
  endfacet
  facet normal 0 0 -1
    outer loop
      vertex 72.4877 51.0618 0
      vertex 72.4877 146.938 0
      vertex 72.7019 146.702 0
    endloop
  endfacet
  facet normal 0 0 -1
    outer loop
      vertex 72.2977 50.8056 0
      vertex 72.4877 146.938 0
      vertex 72.4877 51.0618 0
    endloop
  endfacet
  facet normal 0 0 -1
    outer loop
      vertex 72.2977 50.8056 0
      vertex 72.2977 147.194 0
      vertex 72.4877 146.938 0
    endloop
  endfacet
  facet normal 0 0 -1
    outer loop
      vertex 0 12 0
      vertex 72.2977 50.8056 0
      vertex 72.1338 50.532 0
    endloop
  endfacet
  facet normal -0 0 -1
    outer loop
      vertex 72.2977 50.8056 0
      vertex 0 12 0
      vertex 72.2977 147.194 0
    endloop
  endfacet
  facet normal 0 0 -1
    outer loop
      vertex 0 12 0
      vertex 72.1338 50.532 0
      vertex 71.9974 50.2437 0
    endloop
  endfacet
  facet normal 0 0 -1
    outer loop
      vertex 0 186 0
      vertex 72.2977 147.194 0
      vertex 0 12 0
    endloop
  endfacet
  facet normal 0 0 -1
    outer loop
      vertex 0 12 0
      vertex 71.9974 50.2437 0
      vertex 71.8899 49.9434 0
    endloop
  endfacet
  facet normal 0 0 -1
    outer loop
      vertex 72.2977 147.194 0
      vertex 0 186 0
      vertex 72.1338 147.468 0
    endloop
  endfacet
  facet normal 0 0 -1
    outer loop
      vertex 0 12 0
      vertex 71.8899 49.9434 0
      vertex 71.8124 49.634 0
    endloop
  endfacet
  facet normal 0 0 -1
    outer loop
      vertex 72.1338 147.468 0
      vertex 0 186 0
      vertex 71.9974 147.756 0
    endloop
  endfacet
  facet normal 0 0 -1
    outer loop
      vertex 0 12 0
      vertex 71.8124 49.634 0
      vertex 71.7656 49.3186 0
    endloop
  endfacet
  facet normal 0 0 -1
    outer loop
      vertex 71.9974 147.756 0
      vertex 0 186 0
      vertex 71.8899 148.057 0
    endloop
  endfacet
  facet normal 0 0 -1
    outer loop
      vertex 0 12 0
      vertex 71.7656 49.3186 0
      vertex 71.75 49 0
    endloop
  endfacet
  facet normal 0 0 -1
    outer loop
      vertex 71.8899 148.057 0
      vertex 0 186 0
      vertex 71.8124 148.366 0
    endloop
  endfacet
  facet normal 0 0 -1
    outer loop
      vertex 142 4 0
      vertex 150 12 0
      vertex 149.961 11.2159 0
    endloop
  endfacet
  facet normal 0 0 -1
    outer loop
      vertex 78.2344 49.3186 0
      vertex 150 12 0
      vertex 78.25 49 0
    endloop
  endfacet
  facet normal 0 0 -1
    outer loop
      vertex 142 4 0
      vertex 149.961 11.2159 0
      vertex 149.846 10.4393 0
    endloop
  endfacet
  facet normal 0 0 -1
    outer loop
      vertex 78.1876 49.634 0
      vertex 150 12 0
      vertex 78.2344 49.3186 0
    endloop
  endfacet
  facet normal 0 0 -1
    outer loop
      vertex 142 4 0
      vertex 149.846 10.4393 0
      vertex 149.656 9.67772 0
    endloop
  endfacet
  facet normal 0 0 -1
    outer loop
      vertex 78.2344 149.319 0
      vertex 150 186 0
      vertex 78.25 149 0
    endloop
  endfacet
  facet normal 0 0 -1
    outer loop
      vertex 142 4 0
      vertex 149.656 9.67772 0
      vertex 149.391 8.93854 0
    endloop
  endfacet
  facet normal 0 0 -1
    outer loop
      vertex 78.1876 149.634 0
      vertex 150 186 0
      vertex 78.2344 149.319 0
    endloop
  endfacet
  facet normal 0 0 -1
    outer loop
      vertex 142 4 0
      vertex 149.391 8.93854 0
      vertex 149.055 8.22882 0
    endloop
  endfacet
  facet normal 0 0 -1
    outer loop
      vertex 78.1101 149.943 0
      vertex 150 186 0
      vertex 78.1876 149.634 0
    endloop
  endfacet
  facet normal 0 0 -1
    outer loop
      vertex 142 4 0
      vertex 149.055 8.22882 0
      vertex 148.652 7.55544 0
    endloop
  endfacet
  facet normal 0 0 -1
    outer loop
      vertex 150 186 0
      vertex 142 194 0
      vertex 149.961 186.784 0
    endloop
  endfacet
  facet normal 0 0 -1
    outer loop
      vertex 142 4 0
      vertex 148.652 7.55544 0
      vertex 148.184 6.92485 0
    endloop
  endfacet
  facet normal 0 0 -1
    outer loop
      vertex 149.961 186.784 0
      vertex 142 194 0
      vertex 149.846 187.561 0
    endloop
  endfacet
  facet normal 0 0 -1
    outer loop
      vertex 142 4 0
      vertex 148.184 6.92485 0
      vertex 147.657 6.34314 0
    endloop
  endfacet
  facet normal 0 0 -1
    outer loop
      vertex 149.656 188.322 0
      vertex 142 194 0
      vertex 149.391 189.061 0
    endloop
  endfacet
  facet normal 0 0 -1
    outer loop
      vertex 142 4 0
      vertex 147.657 6.34314 0
      vertex 147.075 5.81592 0
    endloop
  endfacet
  facet normal 0 0 -1
    outer loop
      vertex 149.391 189.061 0
      vertex 142 194 0
      vertex 149.055 189.771 0
    endloop
  endfacet
  facet normal 0 0 -1
    outer loop
      vertex 142 4 0
      vertex 147.075 5.81592 0
      vertex 146.445 5.34824 0
    endloop
  endfacet
  facet normal 0 0 -1
    outer loop
      vertex 148.652 190.445 0
      vertex 142 194 0
      vertex 148.184 191.075 0
    endloop
  endfacet
  facet normal 0 0 -1
    outer loop
      vertex 142 4 0
      vertex 146.445 5.34824 0
      vertex 145.771 4.94463 0
    endloop
  endfacet
  facet normal 0 0 -1
    outer loop
      vertex 148.184 191.075 0
      vertex 142 194 0
      vertex 147.657 191.657 0
    endloop
  endfacet
  facet normal 0 0 -1
    outer loop
      vertex 142 4 0
      vertex 145.771 4.94463 0
      vertex 145.061 4.60896 0
    endloop
  endfacet
  facet normal 0 0 -1
    outer loop
      vertex 147.657 191.657 0
      vertex 142 194 0
      vertex 147.075 192.184 0
    endloop
  endfacet
  facet normal 0 0 -1
    outer loop
      vertex 142 4 0
      vertex 145.061 4.60896 0
      vertex 144.322 4.34448 0
    endloop
  endfacet
  facet normal 0 0 -1
    outer loop
      vertex 147.075 192.184 0
      vertex 142 194 0
      vertex 146.445 192.652 0
    endloop
  endfacet
  facet normal 0 0 -1
    outer loop
      vertex 142 4 0
      vertex 144.322 4.34448 0
      vertex 143.561 4.15372 0
    endloop
  endfacet
  facet normal 0 0 -1
    outer loop
      vertex 146.445 192.652 0
      vertex 142 194 0
      vertex 145.771 193.055 0
    endloop
  endfacet
  facet normal 0 0 -1
    outer loop
      vertex 142 4 0
      vertex 143.561 4.15372 0
      vertex 142.784 4.03853 0
    endloop
  endfacet
  facet normal 0 0 -1
    outer loop
      vertex 145.771 193.055 0
      vertex 142 194 0
      vertex 145.061 193.391 0
    endloop
  endfacet
  facet normal 0 0 -1
    outer loop
      vertex 78.1101 48.0566 0
      vertex 150 12 0
      vertex 142 4 0
    endloop
  endfacet
  facet normal 0 0 -1
    outer loop
      vertex 145.061 193.391 0
      vertex 142 194 0
      vertex 144.322 193.656 0
    endloop
  endfacet
  facet normal 0 0 -1
    outer loop
      vertex 144.322 193.656 0
      vertex 142 194 0
      vertex 143.561 193.846 0
    endloop
  endfacet
  facet normal 0 0 -1
    outer loop
      vertex 150 12 0
      vertex 78.2344 48.6814 0
      vertex 78.25 49 0
    endloop
  endfacet
  facet normal 0 0 -1
    outer loop
      vertex 150 12 0
      vertex 78.1876 48.366 0
      vertex 78.2344 48.6814 0
    endloop
  endfacet
  facet normal 0 0 -1
    outer loop
      vertex 150 12 0
      vertex 78.1101 48.0566 0
      vertex 78.1876 48.366 0
    endloop
  endfacet
  facet normal 0 0 -1
    outer loop
      vertex 142 4 0
      vertex 78.0026 47.7563 0
      vertex 78.1101 48.0566 0
    endloop
  endfacet
  facet normal 0 0 -1
    outer loop
      vertex 142 4 0
      vertex 77.8662 47.468 0
      vertex 78.0026 47.7563 0
    endloop
  endfacet
  facet normal 0 0 -1
    outer loop
      vertex 142 4 0
      vertex 77.7023 47.1944 0
      vertex 77.8662 47.468 0
    endloop
  endfacet
  facet normal 0 0 -1
    outer loop
      vertex 142 4 0
      vertex 77.5123 46.9382 0
      vertex 77.7023 47.1944 0
    endloop
  endfacet
  facet normal 0 0 -1
    outer loop
      vertex 142 4 0
      vertex 77.2981 46.7019 0
      vertex 77.5123 46.9382 0
    endloop
  endfacet
  facet normal 0 0 -1
    outer loop
      vertex 142 4 0
      vertex 77.0618 46.4877 0
      vertex 77.2981 46.7019 0
    endloop
  endfacet
  facet normal 0 0 -1
    outer loop
      vertex 142 4 0
      vertex 76.8056 46.2977 0
      vertex 77.0618 46.4877 0
    endloop
  endfacet
  facet normal 0 0 -1
    outer loop
      vertex 142 4 0
      vertex 76.532 46.1338 0
      vertex 76.8056 46.2977 0
    endloop
  endfacet
  facet normal 0 0 -1
    outer loop
      vertex 142 4 0
      vertex 76.2437 45.9974 0
      vertex 76.532 46.1338 0
    endloop
  endfacet
  facet normal 0 0 -1
    outer loop
      vertex 142 4 0
      vertex 75.9434 45.8899 0
      vertex 76.2437 45.9974 0
    endloop
  endfacet
  facet normal 0 0 -1
    outer loop
      vertex 142 4 0
      vertex 75.634 45.8124 0
      vertex 75.9434 45.8899 0
    endloop
  endfacet
  facet normal 0 0 -1
    outer loop
      vertex 142 4 0
      vertex 75.3186 45.7656 0
      vertex 75.634 45.8124 0
    endloop
  endfacet
  facet normal 0 0 -1
    outer loop
      vertex 142 4 0
      vertex 75 45.75 0
      vertex 75.3186 45.7656 0
    endloop
  endfacet
  facet normal 0 0 -1
    outer loop
      vertex 8 4 0
      vertex 75 45.75 0
      vertex 142 4 0
    endloop
  endfacet
  facet normal -0 0 -1
    outer loop
      vertex 75 45.75 0
      vertex 8 4 0
      vertex 74.6814 45.7656 0
    endloop
  endfacet
  facet normal -0 0 -1
    outer loop
      vertex 74.6814 45.7656 0
      vertex 8 4 0
      vertex 74.366 45.8124 0
    endloop
  endfacet
  facet normal -0 0 -1
    outer loop
      vertex 74.366 45.8124 0
      vertex 8 4 0
      vertex 74.0566 45.8899 0
    endloop
  endfacet
  facet normal -0 0 -1
    outer loop
      vertex 74.0566 45.8899 0
      vertex 8 4 0
      vertex 73.7563 45.9974 0
    endloop
  endfacet
  facet normal -0 0 -1
    outer loop
      vertex 73.7563 45.9974 0
      vertex 8 4 0
      vertex 73.468 46.1338 0
    endloop
  endfacet
  facet normal -0 0 -1
    outer loop
      vertex 71.7656 48.6814 0
      vertex 0 12 0
      vertex 71.75 49 0
    endloop
  endfacet
  facet normal -0 0 -1
    outer loop
      vertex 71.8124 48.366 0
      vertex 0 12 0
      vertex 71.7656 48.6814 0
    endloop
  endfacet
  facet normal -0 0 -1
    outer loop
      vertex 71.8899 48.0566 0
      vertex 0 12 0
      vertex 71.8124 48.366 0
    endloop
  endfacet
  facet normal 0 0 -1
    outer loop
      vertex 0 12 0
      vertex 71.8899 48.0566 0
      vertex 8 4 0
    endloop
  endfacet
  facet normal -0 0 -1
    outer loop
      vertex 71.9974 47.7563 0
      vertex 8 4 0
      vertex 71.8899 48.0566 0
    endloop
  endfacet
  facet normal -0 0 -1
    outer loop
      vertex 72.1338 47.468 0
      vertex 8 4 0
      vertex 71.9974 47.7563 0
    endloop
  endfacet
  facet normal -0 0 -1
    outer loop
      vertex 72.2977 47.1944 0
      vertex 8 4 0
      vertex 72.1338 47.468 0
    endloop
  endfacet
  facet normal -0 0 -1
    outer loop
      vertex 72.4877 46.9382 0
      vertex 8 4 0
      vertex 72.2977 47.1944 0
    endloop
  endfacet
  facet normal -0 0 -1
    outer loop
      vertex 72.7019 46.7019 0
      vertex 8 4 0
      vertex 72.4877 46.9382 0
    endloop
  endfacet
  facet normal -0 0 -1
    outer loop
      vertex 72.9382 46.4877 0
      vertex 8 4 0
      vertex 72.7019 46.7019 0
    endloop
  endfacet
  facet normal -0 0 -1
    outer loop
      vertex 73.1944 46.2977 0
      vertex 8 4 0
      vertex 72.9382 46.4877 0
    endloop
  endfacet
  facet normal -0 0 -1
    outer loop
      vertex 73.468 46.1338 0
      vertex 8 4 0
      vertex 73.1944 46.2977 0
    endloop
  endfacet
  facet normal 0 0 -1
    outer loop
      vertex 143.561 193.846 0
      vertex 142 194 0
      vertex 142.784 193.961 0
    endloop
  endfacet
  facet normal 0 0 -1
    outer loop
      vertex 149.055 189.771 0
      vertex 142 194 0
      vertex 148.652 190.445 0
    endloop
  endfacet
  facet normal 0 0 -1
    outer loop
      vertex 149.846 187.561 0
      vertex 142 194 0
      vertex 149.656 188.322 0
    endloop
  endfacet
  facet normal -0 0 -1
    outer loop
      vertex 150 186 0
      vertex 78.1101 149.943 0
      vertex 142 194 0
    endloop
  endfacet
  facet normal 0 0 -1
    outer loop
      vertex 78.0026 150.244 0
      vertex 142 194 0
      vertex 78.1101 149.943 0
    endloop
  endfacet
  facet normal 0 0 -1
    outer loop
      vertex 77.8662 150.532 0
      vertex 142 194 0
      vertex 78.0026 150.244 0
    endloop
  endfacet
  facet normal 0 0 -1
    outer loop
      vertex 77.7023 150.806 0
      vertex 142 194 0
      vertex 77.8662 150.532 0
    endloop
  endfacet
  facet normal 0 0 -1
    outer loop
      vertex 77.5123 151.062 0
      vertex 142 194 0
      vertex 77.7023 150.806 0
    endloop
  endfacet
  facet normal 0 0 -1
    outer loop
      vertex 77.2981 151.298 0
      vertex 142 194 0
      vertex 77.5123 151.062 0
    endloop
  endfacet
  facet normal 0 0 -1
    outer loop
      vertex 77.0618 151.512 0
      vertex 142 194 0
      vertex 77.2981 151.298 0
    endloop
  endfacet
  facet normal 0 0 -1
    outer loop
      vertex 76.8056 151.702 0
      vertex 142 194 0
      vertex 77.0618 151.512 0
    endloop
  endfacet
  facet normal 0 0 -1
    outer loop
      vertex 76.532 151.866 0
      vertex 142 194 0
      vertex 76.8056 151.702 0
    endloop
  endfacet
  facet normal 0 0 -1
    outer loop
      vertex 76.2437 152.003 0
      vertex 142 194 0
      vertex 76.532 151.866 0
    endloop
  endfacet
  facet normal 0 0 -1
    outer loop
      vertex 75.9434 152.11 0
      vertex 142 194 0
      vertex 76.2437 152.003 0
    endloop
  endfacet
  facet normal 0 0 -1
    outer loop
      vertex 75.634 152.188 0
      vertex 142 194 0
      vertex 75.9434 152.11 0
    endloop
  endfacet
  facet normal 0 0 -1
    outer loop
      vertex 75.3186 152.234 0
      vertex 142 194 0
      vertex 75.634 152.188 0
    endloop
  endfacet
  facet normal 0 0 -1
    outer loop
      vertex 75 152.25 0
      vertex 142 194 0
      vertex 75.3186 152.234 0
    endloop
  endfacet
  facet normal 0 0 -1
    outer loop
      vertex 8 194 0
      vertex 75 152.25 0
      vertex 74.6814 152.234 0
    endloop
  endfacet
  facet normal 0 0 -1
    outer loop
      vertex 8 194 0
      vertex 74.6814 152.234 0
      vertex 74.366 152.188 0
    endloop
  endfacet
  facet normal 0 0 -1
    outer loop
      vertex 8 194 0
      vertex 74.366 152.188 0
      vertex 74.0566 152.11 0
    endloop
  endfacet
  facet normal 0 0 -1
    outer loop
      vertex 8 194 0
      vertex 74.0566 152.11 0
      vertex 73.7563 152.003 0
    endloop
  endfacet
  facet normal 0 0 -1
    outer loop
      vertex 8 194 0
      vertex 73.7563 152.003 0
      vertex 73.468 151.866 0
    endloop
  endfacet
  facet normal 0 0 -1
    outer loop
      vertex 8 194 0
      vertex 73.468 151.866 0
      vertex 73.1944 151.702 0
    endloop
  endfacet
  facet normal 0 0 -1
    outer loop
      vertex 71.8124 148.366 0
      vertex 0 186 0
      vertex 71.7656 148.681 0
    endloop
  endfacet
  facet normal 0 0 -1
    outer loop
      vertex 71.7656 148.681 0
      vertex 0 186 0
      vertex 71.75 149 0
    endloop
  endfacet
  facet normal 0 0 -1
    outer loop
      vertex 71.75 149 0
      vertex 0 186 0
      vertex 71.7656 149.319 0
    endloop
  endfacet
  facet normal 0 0 -1
    outer loop
      vertex 71.7656 149.319 0
      vertex 0 186 0
      vertex 71.8124 149.634 0
    endloop
  endfacet
  facet normal 0 0 -1
    outer loop
      vertex 75 152.25 0
      vertex 8 194 0
      vertex 142 194 0
    endloop
  endfacet
  facet normal 0 0 -1
    outer loop
      vertex 72.9382 151.512 0
      vertex 8 194 0
      vertex 73.1944 151.702 0
    endloop
  endfacet
  facet normal 0 0 -1
    outer loop
      vertex 72.7019 151.298 0
      vertex 8 194 0
      vertex 72.9382 151.512 0
    endloop
  endfacet
  facet normal 0 0 -1
    outer loop
      vertex 72.4877 151.062 0
      vertex 8 194 0
      vertex 72.7019 151.298 0
    endloop
  endfacet
  facet normal 0 0 -1
    outer loop
      vertex 72.2977 150.806 0
      vertex 8 194 0
      vertex 72.4877 151.062 0
    endloop
  endfacet
  facet normal 0 0 -1
    outer loop
      vertex 72.1338 150.532 0
      vertex 8 194 0
      vertex 72.2977 150.806 0
    endloop
  endfacet
  facet normal 0 0 -1
    outer loop
      vertex 71.9974 150.244 0
      vertex 8 194 0
      vertex 72.1338 150.532 0
    endloop
  endfacet
  facet normal 0 0 -1
    outer loop
      vertex 71.8124 149.634 0
      vertex 0 186 0
      vertex 71.8899 149.943 0
    endloop
  endfacet
  facet normal 0 0 -1
    outer loop
      vertex 0 12 0
      vertex 8 4 0
      vertex 7.21587 4.03853 0
    endloop
  endfacet
  facet normal 0 -0 -1
    outer loop
      vertex 8 194 0
      vertex 71.8899 149.943 0
      vertex 0 186 0
    endloop
  endfacet
  facet normal 0 0 -1
    outer loop
      vertex 0 12 0
      vertex 7.21587 4.03853 0
      vertex 6.43927 4.15372 0
    endloop
  endfacet
  facet normal 0 0 -1
    outer loop
      vertex 71.8899 149.943 0
      vertex 8 194 0
      vertex 71.9974 150.244 0
    endloop
  endfacet
  facet normal 0 0 -1
    outer loop
      vertex 0 12 0
      vertex 6.43927 4.15372 0
      vertex 5.67772 4.34448 0
    endloop
  endfacet
  facet normal 0 0 -1
    outer loop
      vertex 8 194 0
      vertex 0 186 0
      vertex 7.21587 193.961 0
    endloop
  endfacet
  facet normal 0 0 -1
    outer loop
      vertex 0 12 0
      vertex 5.67772 4.34448 0
      vertex 4.93854 4.60896 0
    endloop
  endfacet
  facet normal 0 0 -1
    outer loop
      vertex 7.21587 193.961 0
      vertex 0 186 0
      vertex 6.43927 193.846 0
    endloop
  endfacet
  facet normal 0 0 -1
    outer loop
      vertex 0 12 0
      vertex 4.93854 4.60896 0
      vertex 4.22882 4.94463 0
    endloop
  endfacet
  facet normal 0 0 -1
    outer loop
      vertex 6.43927 193.846 0
      vertex 0 186 0
      vertex 5.67772 193.656 0
    endloop
  endfacet
  facet normal 0 0 -1
    outer loop
      vertex 0 12 0
      vertex 4.22882 4.94463 0
      vertex 3.55544 5.34824 0
    endloop
  endfacet
  facet normal 0 0 -1
    outer loop
      vertex 5.67772 193.656 0
      vertex 0 186 0
      vertex 4.93854 193.391 0
    endloop
  endfacet
  facet normal 0 0 -1
    outer loop
      vertex 0 12 0
      vertex 3.55544 5.34824 0
      vertex 2.92485 5.81592 0
    endloop
  endfacet
  facet normal 0 0 -1
    outer loop
      vertex 4.93854 193.391 0
      vertex 0 186 0
      vertex 4.22882 193.055 0
    endloop
  endfacet
  facet normal 0 0 -1
    outer loop
      vertex 0 12 0
      vertex 2.92485 5.81592 0
      vertex 2.34314 6.34314 0
    endloop
  endfacet
  facet normal 0 0 -1
    outer loop
      vertex 4.22882 193.055 0
      vertex 0 186 0
      vertex 3.55544 192.652 0
    endloop
  endfacet
  facet normal 0 0 -1
    outer loop
      vertex 0 12 0
      vertex 2.34314 6.34314 0
      vertex 1.81592 6.92485 0
    endloop
  endfacet
  facet normal 0 0 -1
    outer loop
      vertex 3.55544 192.652 0
      vertex 0 186 0
      vertex 2.92485 192.184 0
    endloop
  endfacet
  facet normal 0 0 -1
    outer loop
      vertex 0 12 0
      vertex 1.81592 6.92485 0
      vertex 1.34824 7.55544 0
    endloop
  endfacet
  facet normal 0 0 -1
    outer loop
      vertex 2.92485 192.184 0
      vertex 0 186 0
      vertex 2.34314 191.657 0
    endloop
  endfacet
  facet normal 0 0 -1
    outer loop
      vertex 0 12 0
      vertex 1.34824 7.55544 0
      vertex 0.944626 8.22882 0
    endloop
  endfacet
  facet normal 0 0 -1
    outer loop
      vertex 2.34314 191.657 0
      vertex 0 186 0
      vertex 1.81592 191.075 0
    endloop
  endfacet
  facet normal 0 0 -1
    outer loop
      vertex 0 12 0
      vertex 0.944626 8.22882 0
      vertex 0.608963 8.93854 0
    endloop
  endfacet
  facet normal 0 0 -1
    outer loop
      vertex 1.81592 191.075 0
      vertex 0 186 0
      vertex 1.34824 190.445 0
    endloop
  endfacet
  facet normal 0 0 -1
    outer loop
      vertex 0 12 0
      vertex 0.608963 8.93854 0
      vertex 0.344482 9.67772 0
    endloop
  endfacet
  facet normal 0 0 -1
    outer loop
      vertex 1.34824 190.445 0
      vertex 0 186 0
      vertex 0.944626 189.771 0
    endloop
  endfacet
  facet normal 0 0 -1
    outer loop
      vertex 0 12 0
      vertex 0.344482 9.67772 0
      vertex 0.153717 10.4393 0
    endloop
  endfacet
  facet normal 0 0 -1
    outer loop
      vertex 0.944626 189.771 0
      vertex 0 186 0
      vertex 0.608963 189.061 0
    endloop
  endfacet
  facet normal 0 0 -1
    outer loop
      vertex 0 12 0
      vertex 0.153717 10.4393 0
      vertex 0.0385284 11.2159 0
    endloop
  endfacet
  facet normal 0 0 -1
    outer loop
      vertex 0.608963 189.061 0
      vertex 0 186 0
      vertex 0.344482 188.322 0
    endloop
  endfacet
  facet normal 0 0 -1
    outer loop
      vertex 0.344482 188.322 0
      vertex 0 186 0
      vertex 0.153717 187.561 0
    endloop
  endfacet
  facet normal 0 0 -1
    outer loop
      vertex 0.153717 187.561 0
      vertex 0 186 0
      vertex 0.0385284 186.784 0
    endloop
  endfacet
  facet normal 0.146647 -0.989189 0
    outer loop
      vertex 142.784 4.03853 0
      vertex 143.561 4.15372 94
      vertex 142.784 4.03853 94
    endloop
  endfacet
  facet normal 0.146647 -0.989189 0
    outer loop
      vertex 143.561 4.15372 94
      vertex 142.784 4.03853 0
      vertex 143.561 4.15372 0
    endloop
  endfacet
  facet normal 0.427415 -0.904056 0
    outer loop
      vertex 145.061 4.60896 0
      vertex 145.771 4.94463 94
      vertex 145.061 4.60896 94
    endloop
  endfacet
  facet normal 0.427415 -0.904056 0
    outer loop
      vertex 145.771 4.94463 94
      vertex 145.061 4.60896 0
      vertex 145.771 4.94463 0
    endloop
  endfacet
  facet normal -0.427552 -0.903991 0
    outer loop
      vertex 4.22882 4.94463 0
      vertex 4.93854 4.60896 94
      vertex 4.22882 4.94463 94
    endloop
  endfacet
  facet normal -0.427552 -0.903991 -0
    outer loop
      vertex 4.93854 4.60896 94
      vertex 4.22882 4.94463 0
      vertex 4.93854 4.60896 0
    endloop
  endfacet
  facet normal 0.998765 0.0496835 0
    outer loop
      vertex 150 186 100
      vertex 149.961 186.784 0
      vertex 149.961 186.784 100
    endloop
  endfacet
  facet normal 0.998765 0.0496835 0
    outer loop
      vertex 149.961 186.784 0
      vertex 150 186 100
      vertex 150 186 0
    endloop
  endfacet
  facet normal -0.242071 0.970259 0
    outer loop
      vertex 6.43927 193.846 0
      vertex 5.67772 193.656 100
      vertex 6.43927 193.846 100
    endloop
  endfacet
  facet normal -0.242071 0.970259 0
    outer loop
      vertex 5.67772 193.656 100
      vertex 6.43927 193.846 0
      vertex 5.67772 193.656 0
    endloop
  endfacet
  facet normal 0.596061 -0.802939 0
    outer loop
      vertex 146.445 5.34824 0
      vertex 147.075 5.81592 100
      vertex 146.445 5.34824 100
    endloop
  endfacet
  facet normal 0.596061 -0.802939 0
    outer loop
      vertex 147.075 5.81592 100
      vertex 146.445 5.34824 0
      vertex 147.075 5.81592 0
    endloop
  endfacet
  facet normal -0.989189 0.146645 0
    outer loop
      vertex 0.0385284 186.784 0
      vertex 0.153717 187.561 100
      vertex 0.153717 187.561 0
    endloop
  endfacet
  facet normal -0.989189 0.146645 0
    outer loop
      vertex 0.153717 187.561 100
      vertex 0.0385284 186.784 0
      vertex 0.0385284 186.784 100
    endloop
  endfacet
  facet normal -0.998795 0.0490841 0
    outer loop
      vertex 0 186 0
      vertex 0.0385284 186.784 100
      vertex 0.0385284 186.784 0
    endloop
  endfacet
  facet normal -0.998795 0.0490841 0
    outer loop
      vertex 0.0385284 186.784 100
      vertex 0 186 0
      vertex 0 186 100
    endloop
  endfacet
  facet normal 0.802744 0.596324 0
    outer loop
      vertex 148.652 190.445 100
      vertex 148.184 191.075 0
      vertex 148.184 191.075 100
    endloop
  endfacet
  facet normal 0.802744 0.596324 0
    outer loop
      vertex 148.184 191.075 0
      vertex 148.652 190.445 100
      vertex 148.652 190.445 0
    endloop
  endfacet
  facet normal 0.903893 0.427758 0
    outer loop
      vertex 149.391 189.061 100
      vertex 149.055 189.771 0
      vertex 149.055 189.771 100
    endloop
  endfacet
  facet normal 0.903893 0.427758 0
    outer loop
      vertex 149.055 189.771 0
      vertex 149.391 189.061 100
      vertex 149.391 189.061 0
    endloop
  endfacet
  facet normal -0.857725 -0.514108 0
    outer loop
      vertex 1.34824 7.55544 0
      vertex 0.944626 8.22882 100
      vertex 0.944626 8.22882 0
    endloop
  endfacet
  facet normal -0.857725 -0.514108 0
    outer loop
      vertex 0.944626 8.22882 100
      vertex 1.34824 7.55544 0
      vertex 1.34824 7.55544 100
    endloop
  endfacet
  facet normal -0.146484 0.989213 0
    outer loop
      vertex 7.21587 193.961 0
      vertex 6.43927 193.846 100
      vertex 7.21587 193.961 100
    endloop
  endfacet
  facet normal -0.146484 0.989213 0
    outer loop
      vertex 6.43927 193.846 100
      vertex 7.21587 193.961 0
      vertex 6.43927 193.846 0
    endloop
  endfacet
  facet normal -0.941545 -0.336888 0
    outer loop
      vertex 0.608963 8.93854 0
      vertex 0.344482 9.67772 100
      vertex 0.344482 9.67772 0
    endloop
  endfacet
  facet normal -0.941545 -0.336888 0
    outer loop
      vertex 0.344482 9.67772 100
      vertex 0.608963 8.93854 0
      vertex 0.608963 8.93854 100
    endloop
  endfacet
  facet normal -0.857934 0.51376 0
    outer loop
      vertex 0.944626 189.771 0
      vertex 1.34824 190.445 100
      vertex 1.34824 190.445 0
    endloop
  endfacet
  facet normal -0.857934 0.51376 0
    outer loop
      vertex 1.34824 190.445 100
      vertex 0.944626 189.771 0
      vertex 0.944626 189.771 100
    endloop
  endfacet
  facet normal 0.989213 -0.146484 0
    outer loop
      vertex 149.846 10.4393 100
      vertex 149.961 11.2159 0
      vertex 149.961 11.2159 100
    endloop
  endfacet
  facet normal 0.989213 -0.146484 0
    outer loop
      vertex 149.961 11.2159 0
      vertex 149.846 10.4393 100
      vertex 149.846 10.4393 0
    endloop
  endfacet
  facet normal -0.969988 0.243153 0
    outer loop
      vertex 0.153717 187.561 0
      vertex 0.344482 188.322 100
      vertex 0.344482 188.322 0
    endloop
  endfacet
  facet normal -0.969988 0.243153 0
    outer loop
      vertex 0.344482 188.322 100
      vertex 0.153717 187.561 0
      vertex 0.153717 187.561 100
    endloop
  endfacet
  facet normal 0.741264 0.671213 0
    outer loop
      vertex 148.184 191.075 100
      vertex 147.657 191.657 0
      vertex 147.657 191.657 100
    endloop
  endfacet
  facet normal 0.741264 0.671213 0
    outer loop
      vertex 147.657 191.657 0
      vertex 148.184 191.075 100
      vertex 148.184 191.075 0
    endloop
  endfacet
  facet normal 0.989224 0.14641 0
    outer loop
      vertex 149.961 186.784 100
      vertex 149.846 187.561 0
      vertex 149.846 187.561 100
    endloop
  endfacet
  facet normal 0.989224 0.14641 0
    outer loop
      vertex 149.846 187.561 0
      vertex 149.961 186.784 100
      vertex 149.961 186.784 0
    endloop
  endfacet
  facet normal 0 0 1
    outer loop
      vertex 146.8 186 100
      vertex 150 186 100
      vertex 149.961 186.784 100
    endloop
  endfacet
  facet normal 0 0 1
    outer loop
      vertex 150 186 100
      vertex 146.8 186 100
      vertex 150 12 100
    endloop
  endfacet
  facet normal 0 0 1
    outer loop
      vertex 146.777 186.47 100
      vertex 149.961 186.784 100
      vertex 149.846 187.561 100
    endloop
  endfacet
  facet normal 0 0 1
    outer loop
      vertex 146.8 12 100
      vertex 150 12 100
      vertex 146.8 186 100
    endloop
  endfacet
  facet normal 0 0 1
    outer loop
      vertex 146.708 186.936 100
      vertex 149.846 187.561 100
      vertex 149.656 188.322 100
    endloop
  endfacet
  facet normal 0 0 1
    outer loop
      vertex 150 12 100
      vertex 146.8 12 100
      vertex 149.961 11.2159 100
    endloop
  endfacet
  facet normal 0 0 1
    outer loop
      vertex 146.593 187.393 100
      vertex 149.656 188.322 100
      vertex 149.391 189.061 100
    endloop
  endfacet
  facet normal -0 0 1
    outer loop
      vertex 146.777 11.5295 100
      vertex 149.961 11.2159 100
      vertex 146.8 12 100
    endloop
  endfacet
  facet normal 0 0 1
    outer loop
      vertex 146.435 187.837 100
      vertex 149.391 189.061 100
      vertex 149.055 189.771 100
    endloop
  endfacet
  facet normal 0 0 1
    outer loop
      vertex 149.961 11.2159 100
      vertex 146.777 11.5295 100
      vertex 149.846 10.4393 100
    endloop
  endfacet
  facet normal 0 0 1
    outer loop
      vertex 146.233 188.263 100
      vertex 149.055 189.771 100
      vertex 148.652 190.445 100
    endloop
  endfacet
  facet normal -0 0 1
    outer loop
      vertex 146.708 11.0636 100
      vertex 149.846 10.4393 100
      vertex 146.777 11.5295 100
    endloop
  endfacet
  facet normal 0 0 1
    outer loop
      vertex 145.991 188.667 100
      vertex 148.652 190.445 100
      vertex 148.184 191.075 100
    endloop
  endfacet
  facet normal 0 0 1
    outer loop
      vertex 149.846 10.4393 100
      vertex 146.708 11.0636 100
      vertex 149.656 9.67772 100
    endloop
  endfacet
  facet normal 0 0 1
    outer loop
      vertex 145.71 189.045 100
      vertex 148.184 191.075 100
      vertex 147.657 191.657 100
    endloop
  endfacet
  facet normal -0 0 1
    outer loop
      vertex 146.593 10.6066 100
      vertex 149.656 9.67772 100
      vertex 146.708 11.0636 100
    endloop
  endfacet
  facet normal 0 0 1
    outer loop
      vertex 145.394 189.394 100
      vertex 147.657 191.657 100
      vertex 147.075 192.184 100
    endloop
  endfacet
  facet normal 0 0 1
    outer loop
      vertex 149.656 9.67772 100
      vertex 146.593 10.6066 100
      vertex 149.391 8.93854 100
    endloop
  endfacet
  facet normal -0 0 1
    outer loop
      vertex 146.435 10.1631 100
      vertex 149.391 8.93854 100
      vertex 146.593 10.6066 100
    endloop
  endfacet
  facet normal 0 0 1
    outer loop
      vertex 149.961 186.784 100
      vertex 146.777 186.47 100
      vertex 146.8 186 100
    endloop
  endfacet
  facet normal 0 0 1
    outer loop
      vertex 149.846 187.561 100
      vertex 146.708 186.936 100
      vertex 146.777 186.47 100
    endloop
  endfacet
  facet normal 0 0 1
    outer loop
      vertex 149.656 188.322 100
      vertex 146.593 187.393 100
      vertex 146.708 186.936 100
    endloop
  endfacet
  facet normal 0 0 1
    outer loop
      vertex 145.045 189.71 100
      vertex 147.075 192.184 100
      vertex 146.445 192.652 100
    endloop
  endfacet
  facet normal 0 0 1
    outer loop
      vertex 149.391 189.061 100
      vertex 146.435 187.837 100
      vertex 146.593 187.393 100
    endloop
  endfacet
  facet normal 0 0 1
    outer loop
      vertex 149.055 189.771 100
      vertex 146.233 188.263 100
      vertex 146.435 187.837 100
    endloop
  endfacet
  facet normal 0 0 1
    outer loop
      vertex 148.652 190.445 100
      vertex 145.991 188.667 100
      vertex 146.233 188.263 100
    endloop
  endfacet
  facet normal 0 0 1
    outer loop
      vertex 144.667 189.991 100
      vertex 146.445 192.652 100
      vertex 145.771 193.055 100
    endloop
  endfacet
  facet normal 0 0 1
    outer loop
      vertex 148.184 191.075 100
      vertex 145.71 189.045 100
      vertex 145.991 188.667 100
    endloop
  endfacet
  facet normal 0 0 1
    outer loop
      vertex 147.657 191.657 100
      vertex 145.394 189.394 100
      vertex 145.71 189.045 100
    endloop
  endfacet
  facet normal 0 0 1
    outer loop
      vertex 144.263 190.233 100
      vertex 145.771 193.055 100
      vertex 145.061 193.391 100
    endloop
  endfacet
  facet normal 0 0 1
    outer loop
      vertex 147.075 192.184 100
      vertex 145.045 189.71 100
      vertex 145.394 189.394 100
    endloop
  endfacet
  facet normal 0 0 1
    outer loop
      vertex 146.445 192.652 100
      vertex 144.667 189.991 100
      vertex 145.045 189.71 100
    endloop
  endfacet
  facet normal 0 0 1
    outer loop
      vertex 143.837 190.435 100
      vertex 145.061 193.391 100
      vertex 144.322 193.656 100
    endloop
  endfacet
  facet normal 0 0 1
    outer loop
      vertex 145.771 193.055 100
      vertex 144.263 190.233 100
      vertex 144.667 189.991 100
    endloop
  endfacet
  facet normal 0 0 1
    outer loop
      vertex 145.061 193.391 100
      vertex 143.837 190.435 100
      vertex 144.263 190.233 100
    endloop
  endfacet
  facet normal 0 0 1
    outer loop
      vertex 143.393 190.593 100
      vertex 144.322 193.656 100
      vertex 143.561 193.846 100
    endloop
  endfacet
  facet normal 0 0 1
    outer loop
      vertex 144.322 193.656 100
      vertex 143.393 190.593 100
      vertex 143.837 190.435 100
    endloop
  endfacet
  facet normal 0 0 1
    outer loop
      vertex 143.561 193.846 100
      vertex 142.936 190.708 100
      vertex 143.393 190.593 100
    endloop
  endfacet
  facet normal 0 0 1
    outer loop
      vertex 142.784 193.961 100
      vertex 142.936 190.708 100
      vertex 143.561 193.846 100
    endloop
  endfacet
  facet normal 0 0 1
    outer loop
      vertex 142.784 193.961 100
      vertex 142.47 190.777 100
      vertex 142.936 190.708 100
    endloop
  endfacet
  facet normal 0 0 1
    outer loop
      vertex 142 194 100
      vertex 142.47 190.777 100
      vertex 142.784 193.961 100
    endloop
  endfacet
  facet normal 0 0 1
    outer loop
      vertex 142 194 100
      vertex 142 190.8 100
      vertex 142.47 190.777 100
    endloop
  endfacet
  facet normal -0 0 1
    outer loop
      vertex 8 194 100
      vertex 142 190.8 100
      vertex 142 194 100
    endloop
  endfacet
  facet normal 0 0 1
    outer loop
      vertex 8 194 100
      vertex 8 190.8 100
      vertex 142 190.8 100
    endloop
  endfacet
  facet normal 0 0 1
    outer loop
      vertex 8 194 100
      vertex 7.52951 190.777 100
      vertex 8 190.8 100
    endloop
  endfacet
  facet normal -0 0 1
    outer loop
      vertex 7.21587 193.961 100
      vertex 7.52951 190.777 100
      vertex 8 194 100
    endloop
  endfacet
  facet normal 0 0 1
    outer loop
      vertex 7.21587 193.961 100
      vertex 7.06357 190.708 100
      vertex 7.52951 190.777 100
    endloop
  endfacet
  facet normal -0 0 1
    outer loop
      vertex 6.43927 193.846 100
      vertex 7.06357 190.708 100
      vertex 7.21587 193.961 100
    endloop
  endfacet
  facet normal 0 0 1
    outer loop
      vertex 7.06357 190.708 100
      vertex 6.43927 193.846 100
      vertex 6.60663 190.593 100
    endloop
  endfacet
  facet normal -0 0 1
    outer loop
      vertex 5.67772 193.656 100
      vertex 6.60663 190.593 100
      vertex 6.43927 193.846 100
    endloop
  endfacet
  facet normal 0 0 1
    outer loop
      vertex 6.60663 190.593 100
      vertex 5.67772 193.656 100
      vertex 6.16312 190.435 100
    endloop
  endfacet
  facet normal -0 0 1
    outer loop
      vertex 4.93854 193.391 100
      vertex 6.16312 190.435 100
      vertex 5.67772 193.656 100
    endloop
  endfacet
  facet normal 0 0 1
    outer loop
      vertex 6.16312 190.435 100
      vertex 4.93854 193.391 100
      vertex 5.73729 190.233 100
    endloop
  endfacet
  facet normal -0 0 1
    outer loop
      vertex 4.22882 193.055 100
      vertex 5.73729 190.233 100
      vertex 4.93854 193.391 100
    endloop
  endfacet
  facet normal 0 0 1
    outer loop
      vertex 5.73729 190.233 100
      vertex 4.22882 193.055 100
      vertex 5.33327 189.991 100
    endloop
  endfacet
  facet normal -0 0 1
    outer loop
      vertex 3.55544 192.652 100
      vertex 5.33327 189.991 100
      vertex 4.22882 193.055 100
    endloop
  endfacet
  facet normal 0 0 1
    outer loop
      vertex 5.33327 189.991 100
      vertex 3.55544 192.652 100
      vertex 4.95491 189.71 100
    endloop
  endfacet
  facet normal -0 0 1
    outer loop
      vertex 2.92485 192.184 100
      vertex 4.95491 189.71 100
      vertex 3.55544 192.652 100
    endloop
  endfacet
  facet normal 0 0 1
    outer loop
      vertex 4.95491 189.71 100
      vertex 2.92485 192.184 100
      vertex 4.60588 189.394 100
    endloop
  endfacet
  facet normal -0 0 1
    outer loop
      vertex 2.34314 191.657 100
      vertex 4.60588 189.394 100
      vertex 2.92485 192.184 100
    endloop
  endfacet
  facet normal 0 0 1
    outer loop
      vertex 4.60588 189.394 100
      vertex 2.34314 191.657 100
      vertex 4.28955 189.045 100
    endloop
  endfacet
  facet normal -0 0 1
    outer loop
      vertex 1.81592 191.075 100
      vertex 4.28955 189.045 100
      vertex 2.34314 191.657 100
    endloop
  endfacet
  facet normal 0 0 1
    outer loop
      vertex 4.28955 189.045 100
      vertex 1.81592 191.075 100
      vertex 4.00894 188.667 100
    endloop
  endfacet
  facet normal -0 0 1
    outer loop
      vertex 1.34824 190.445 100
      vertex 4.00894 188.667 100
      vertex 1.81592 191.075 100
    endloop
  endfacet
  facet normal 0 0 1
    outer loop
      vertex 4.00894 188.667 100
      vertex 1.34824 190.445 100
      vertex 3.76678 188.263 100
    endloop
  endfacet
  facet normal -0 0 1
    outer loop
      vertex 0.608963 189.061 100
      vertex 3.56538 187.837 100
      vertex 0.944626 189.771 100
    endloop
  endfacet
  facet normal 0 0 1
    outer loop
      vertex 3.76678 188.263 100
      vertex 0.944626 189.771 100
      vertex 3.56538 187.837 100
    endloop
  endfacet
  facet normal -0 0 1
    outer loop
      vertex 0.944626 189.771 100
      vertex 3.76678 188.263 100
      vertex 1.34824 190.445 100
    endloop
  endfacet
  facet normal 0 0 1
    outer loop
      vertex 149.391 8.93854 100
      vertex 146.435 10.1631 100
      vertex 149.055 8.22882 100
    endloop
  endfacet
  facet normal -0 0 1
    outer loop
      vertex 146.233 9.73729 100
      vertex 149.055 8.22882 100
      vertex 146.435 10.1631 100
    endloop
  endfacet
  facet normal 0 0 1
    outer loop
      vertex 149.055 8.22882 100
      vertex 146.233 9.73729 100
      vertex 148.652 7.55544 100
    endloop
  endfacet
  facet normal -0 0 1
    outer loop
      vertex 145.991 9.33327 100
      vertex 148.652 7.55544 100
      vertex 146.233 9.73729 100
    endloop
  endfacet
  facet normal 0 0 1
    outer loop
      vertex 148.652 7.55544 100
      vertex 145.991 9.33327 100
      vertex 148.184 6.92485 100
    endloop
  endfacet
  facet normal -0 0 1
    outer loop
      vertex 145.71 8.95491 100
      vertex 148.184 6.92485 100
      vertex 145.991 9.33327 100
    endloop
  endfacet
  facet normal 0 0 1
    outer loop
      vertex 148.184 6.92485 100
      vertex 145.71 8.95491 100
      vertex 147.657 6.34314 100
    endloop
  endfacet
  facet normal -0 0 1
    outer loop
      vertex 145.394 8.60588 100
      vertex 147.657 6.34314 100
      vertex 145.71 8.95491 100
    endloop
  endfacet
  facet normal 0 0 1
    outer loop
      vertex 147.657 6.34314 100
      vertex 145.394 8.60588 100
      vertex 147.075 5.81592 100
    endloop
  endfacet
  facet normal -0 0 1
    outer loop
      vertex 145.045 8.28955 100
      vertex 147.075 5.81592 100
      vertex 145.394 8.60588 100
    endloop
  endfacet
  facet normal -0 0 1
    outer loop
      vertex 145.864 5 100
      vertex 150 1 100
      vertex 150 5 100
    endloop
  endfacet
  facet normal 0 0 1
    outer loop
      vertex 147.075 5.81592 100
      vertex 145.045 8.28955 100
      vertex 146.445 5.34824 100
    endloop
  endfacet
  facet normal -0 0 1
    outer loop
      vertex 144.667 8.00894 100
      vertex 146.445 5.34824 100
      vertex 145.045 8.28955 100
    endloop
  endfacet
  facet normal 0 0 1
    outer loop
      vertex 146.445 5.34824 100
      vertex 144.667 8.00894 100
      vertex 145.864 5 100
    endloop
  endfacet
  facet normal -0 0 1
    outer loop
      vertex 144.263 7.76678 100
      vertex 145.864 5 100
      vertex 144.667 8.00894 100
    endloop
  endfacet
  facet normal -0 0 1
    outer loop
      vertex 143.837 7.56538 100
      vertex 145.864 5 100
      vertex 144.263 7.76678 100
    endloop
  endfacet
  facet normal -0 0 1
    outer loop
      vertex 143.393 7.40669 100
      vertex 145.864 5 100
      vertex 143.837 7.56538 100
    endloop
  endfacet
  facet normal -0 0 1
    outer loop
      vertex 142.936 7.29224 100
      vertex 145.864 5 100
      vertex 143.393 7.40669 100
    endloop
  endfacet
  facet normal -0 0 1
    outer loop
      vertex 142.47 7.22311 100
      vertex 145.864 5 100
      vertex 142.936 7.29224 100
    endloop
  endfacet
  facet normal -0 0 1
    outer loop
      vertex 142 7.2 100
      vertex 145.864 5 100
      vertex 142.47 7.22311 100
    endloop
  endfacet
  facet normal 0 0 1
    outer loop
      vertex 145.864 5 100
      vertex 142 7.2 100
      vertex 150 1 100
    endloop
  endfacet
  facet normal -0 0 1
    outer loop
      vertex 8 7.2 100
      vertex 150 1 100
      vertex 142 7.2 100
    endloop
  endfacet
  facet normal 0 0 1
    outer loop
      vertex 2.34314 6.34314 100
      vertex 4.60588 8.60588 100
      vertex 4.28955 8.95491 100
    endloop
  endfacet
  facet normal 0 0 1
    outer loop
      vertex 3.55544 5.34824 100
      vertex 4.95491 8.28955 100
      vertex 4.60588 8.60588 100
    endloop
  endfacet
  facet normal 0 0 1
    outer loop
      vertex 3.55544 5.34824 100
      vertex 5.33327 8.00894 100
      vertex 4.95491 8.28955 100
    endloop
  endfacet
  facet normal 0 0 1
    outer loop
      vertex 4.13643 5 100
      vertex 5.73729 7.76678 100
      vertex 5.33327 8.00894 100
    endloop
  endfacet
  facet normal 0 0 1
    outer loop
      vertex 4.13643 5 100
      vertex 6.16312 7.56538 100
      vertex 5.73729 7.76678 100
    endloop
  endfacet
  facet normal 0 0 1
    outer loop
      vertex 4.13643 5 100
      vertex 6.60663 7.40669 100
      vertex 6.16312 7.56538 100
    endloop
  endfacet
  facet normal 0 0 1
    outer loop
      vertex 4.13643 5 100
      vertex 7.06357 7.29224 100
      vertex 6.60663 7.40669 100
    endloop
  endfacet
  facet normal 0 0 1
    outer loop
      vertex 4.13643 5 100
      vertex 7.52951 7.22311 100
      vertex 7.06357 7.29224 100
    endloop
  endfacet
  facet normal 0 0 1
    outer loop
      vertex 4.13643 5 100
      vertex 8 7.2 100
      vertex 7.52951 7.22311 100
    endloop
  endfacet
  facet normal 0 0 1
    outer loop
      vertex 0 1 100
      vertex 8 7.2 100
      vertex 4.13643 5 100
    endloop
  endfacet
  facet normal 0 0 1
    outer loop
      vertex 0 1 100
      vertex 4.13643 5 100
      vertex 0 5 100
    endloop
  endfacet
  facet normal 0 0 1
    outer loop
      vertex 8 7.2 100
      vertex 0 1 100
      vertex 150 1 100
    endloop
  endfacet
  facet normal 0 0 1
    outer loop
      vertex 1.81592 6.92485 100
      vertex 4.28955 8.95491 100
      vertex 4.00894 9.33327 100
    endloop
  endfacet
  facet normal 0 0 1
    outer loop
      vertex 1.34824 7.55544 100
      vertex 4.00894 9.33327 100
      vertex 3.76678 9.73729 100
    endloop
  endfacet
  facet normal 0 0 1
    outer loop
      vertex 0.944626 8.22882 100
      vertex 3.76678 9.73729 100
      vertex 3.56538 10.1631 100
    endloop
  endfacet
  facet normal 0 0 1
    outer loop
      vertex 5.33327 8.00894 100
      vertex 3.55544 5.34824 100
      vertex 4.13643 5 100
    endloop
  endfacet
  facet normal 0 0 1
    outer loop
      vertex 0.608963 8.93854 100
      vertex 3.56538 10.1631 100
      vertex 3.40669 10.6066 100
    endloop
  endfacet
  facet normal 0 0 1
    outer loop
      vertex 0.344482 9.67772 100
      vertex 3.40669 10.6066 100
      vertex 3.29224 11.0636 100
    endloop
  endfacet
  facet normal 0 0 1
    outer loop
      vertex 0.153717 10.4393 100
      vertex 3.29224 11.0636 100
      vertex 3.22311 11.5295 100
    endloop
  endfacet
  facet normal 0 0 1
    outer loop
      vertex 4.60588 8.60588 100
      vertex 2.92485 5.81592 100
      vertex 3.55544 5.34824 100
    endloop
  endfacet
  facet normal 0 0 1
    outer loop
      vertex 0.0385284 11.2159 100
      vertex 3.22311 11.5295 100
      vertex 3.2 12 100
    endloop
  endfacet
  facet normal 0 0 1
    outer loop
      vertex 3.2 186 100
      vertex 0 186 100
      vertex 3.2 12 100
    endloop
  endfacet
  facet normal 0 0 1
    outer loop
      vertex 3.56538 187.837 100
      vertex 0.608963 189.061 100
      vertex 3.40669 187.393 100
    endloop
  endfacet
  facet normal 0 0 1
    outer loop
      vertex 0 12 100
      vertex 3.2 12 100
      vertex 0 186 100
    endloop
  endfacet
  facet normal -0 0 1
    outer loop
      vertex 0.344482 188.322 100
      vertex 3.40669 187.393 100
      vertex 0.608963 189.061 100
    endloop
  endfacet
  facet normal 0 -0 1
    outer loop
      vertex 0.0385284 11.2159 100
      vertex 3.2 12 100
      vertex 0 12 100
    endloop
  endfacet
  facet normal 0 0 1
    outer loop
      vertex 3.40669 187.393 100
      vertex 0.344482 188.322 100
      vertex 3.29224 186.936 100
    endloop
  endfacet
  facet normal 0 0 1
    outer loop
      vertex 4.60588 8.60588 100
      vertex 2.34314 6.34314 100
      vertex 2.92485 5.81592 100
    endloop
  endfacet
  facet normal -0 0 1
    outer loop
      vertex 0.153717 187.561 100
      vertex 3.29224 186.936 100
      vertex 0.344482 188.322 100
    endloop
  endfacet
  facet normal 0 0 1
    outer loop
      vertex 4.28955 8.95491 100
      vertex 1.81592 6.92485 100
      vertex 2.34314 6.34314 100
    endloop
  endfacet
  facet normal 0 0 1
    outer loop
      vertex 3.29224 186.936 100
      vertex 0.153717 187.561 100
      vertex 3.22311 186.47 100
    endloop
  endfacet
  facet normal 0 0 1
    outer loop
      vertex 4.00894 9.33327 100
      vertex 1.34824 7.55544 100
      vertex 1.81592 6.92485 100
    endloop
  endfacet
  facet normal -0 0 1
    outer loop
      vertex 0.0385284 186.784 100
      vertex 3.22311 186.47 100
      vertex 0.153717 187.561 100
    endloop
  endfacet
  facet normal 0 0 1
    outer loop
      vertex 3.76678 9.73729 100
      vertex 0.944626 8.22882 100
      vertex 1.34824 7.55544 100
    endloop
  endfacet
  facet normal 0 0 1
    outer loop
      vertex 3.22311 186.47 100
      vertex 0.0385284 186.784 100
      vertex 3.2 186 100
    endloop
  endfacet
  facet normal 0 0 1
    outer loop
      vertex 3.56538 10.1631 100
      vertex 0.608963 8.93854 100
      vertex 0.944626 8.22882 100
    endloop
  endfacet
  facet normal 0 0 1
    outer loop
      vertex 3.2 186 100
      vertex 0.0385284 186.784 100
      vertex 0 186 100
    endloop
  endfacet
  facet normal 0 0 1
    outer loop
      vertex 3.40669 10.6066 100
      vertex 0.344482 9.67772 100
      vertex 0.608963 8.93854 100
    endloop
  endfacet
  facet normal 0 0 1
    outer loop
      vertex 3.29224 11.0636 100
      vertex 0.153717 10.4393 100
      vertex 0.344482 9.67772 100
    endloop
  endfacet
  facet normal 0 0 1
    outer loop
      vertex 3.22311 11.5295 100
      vertex 0.0385284 11.2159 100
      vertex 0.153717 10.4393 100
    endloop
  endfacet
  facet normal -0.941519 0.336961 0
    outer loop
      vertex 0.344482 188.322 0
      vertex 0.608963 189.061 100
      vertex 0.608963 189.061 0
    endloop
  endfacet
  facet normal -0.941519 0.336961 0
    outer loop
      vertex 0.608963 189.061 100
      vertex 0.344482 188.322 0
      vertex 0.344482 188.322 100
    endloop
  endfacet
  facet normal 0.596324 0.802744 -0
    outer loop
      vertex 147.075 192.184 0
      vertex 146.445 192.652 100
      vertex 147.075 192.184 100
    endloop
  endfacet
  facet normal 0.596324 0.802744 0
    outer loop
      vertex 146.445 192.652 100
      vertex 147.075 192.184 0
      vertex 146.445 192.652 0
    endloop
  endfacet
  facet normal 0.337546 0.941309 -0
    outer loop
      vertex 145.061 193.391 0
      vertex 144.322 193.656 100
      vertex 145.061 193.391 100
    endloop
  endfacet
  facet normal 0.337546 0.941309 0
    outer loop
      vertex 144.322 193.656 100
      vertex 145.061 193.391 0
      vertex 144.322 193.656 0
    endloop
  endfacet
  facet normal -0.336926 0 -0.941531
    outer loop
      vertex 66.581 0 24.6747
      vertex 68.6137 4 23.9473
      vertex 68.6137 0 23.9473
    endloop
  endfacet
  facet normal -0.336926 0 -0.941531
    outer loop
      vertex 68.6137 4 23.9473
      vertex 66.581 0 24.6747
      vertex 66.581 4 24.6747
    endloop
  endfacet
  facet normal 0.989176 -0 0.146737
    outer loop
      vertex 96.5773 0 49.292
      vertex 96.8941 4 47.1564
      vertex 96.5773 4 49.292
    endloop
  endfacet
  facet normal 0.989176 0 0.146737
    outer loop
      vertex 96.8941 4 47.1564
      vertex 96.5773 0 49.292
      vertex 96.8941 0 47.1564
    endloop
  endfacet
  facet normal 0.998796 -0 0.0490505
    outer loop
      vertex 96.8941 0 47.1564
      vertex 97 4 45
      vertex 96.8941 4 47.1564
    endloop
  endfacet
  facet normal 0.998796 0 0.0490505
    outer loop
      vertex 97 4 45
      vertex 96.8941 0 47.1564
      vertex 97 0 45
    endloop
  endfacet
  facet normal 0.970031 -0 0.242982
    outer loop
      vertex 96.0527 0 51.3863
      vertex 96.5773 4 49.292
      vertex 96.0527 4 51.3863
    endloop
  endfacet
  facet normal 0.970031 0 0.242982
    outer loop
      vertex 96.5773 4 49.292
      vertex 96.0527 0 51.3863
      vertex 96.5773 0 49.292
    endloop
  endfacet
  facet normal -0.989176 0 0.146737
    outer loop
      vertex 53.1059 0 47.1564
      vertex 53.4227 4 49.292
      vertex 53.1059 4 47.1564
    endloop
  endfacet
  facet normal -0.989176 0 0.146737
    outer loop
      vertex 53.4227 4 49.292
      vertex 53.1059 0 47.1564
      vertex 53.4227 0 49.292
    endloop
  endfacet
  facet normal -0.242982 0 -0.970031
    outer loop
      vertex 68.6137 0 23.9473
      vertex 70.708 4 23.4227
      vertex 70.708 0 23.4227
    endloop
  endfacet
  facet normal -0.242982 0 -0.970031
    outer loop
      vertex 70.708 4 23.4227
      vertex 68.6137 0 23.9473
      vertex 68.6137 4 23.9473
    endloop
  endfacet
  facet normal 0.336926 0 0.941531
    outer loop
      vertex 81.3863 4 66.0527
      vertex 83.419 0 65.3253
      vertex 83.419 4 65.3253
    endloop
  endfacet
  facet normal 0.336926 0 0.941531
    outer loop
      vertex 83.419 0 65.3253
      vertex 81.3863 4 66.0527
      vertex 81.3863 0 66.0527
    endloop
  endfacet
  facet normal -0.514128 0 0.857714
    outer loop
      vertex 62.7775 4 63.2923
      vertex 64.6293 0 64.4023
      vertex 64.6293 4 64.4023
    endloop
  endfacet
  facet normal -0.514128 0 0.857714
    outer loop
      vertex 64.6293 0 64.4023
      vertex 62.7775 4 63.2923
      vertex 62.7775 0 63.2923
    endloop
  endfacet
  facet normal -0.904005 0 -0.427523
    outer loop
      vertex 55.5977 0 34.6293
      vertex 54.6747 4 36.581
      vertex 55.5977 4 34.6293
    endloop
  endfacet
  facet normal -0.904005 -0 -0.427523
    outer loop
      vertex 54.6747 4 36.581
      vertex 55.5977 0 34.6293
      vertex 54.6747 0 36.581
    endloop
  endfacet
  facet normal -0.242982 0 0.970031
    outer loop
      vertex 68.6137 4 66.0527
      vertex 70.708 0 66.5773
      vertex 70.708 4 66.5773
    endloop
  endfacet
  facet normal -0.242982 0 0.970031
    outer loop
      vertex 70.708 0 66.5773
      vertex 68.6137 4 66.0527
      vertex 68.6137 0 66.0527
    endloop
  endfacet
  facet normal -0.857714 0 -0.514128
    outer loop
      vertex 56.7077 0 32.7775
      vertex 55.5977 4 34.6293
      vertex 56.7077 4 32.7775
    endloop
  endfacet
  facet normal -0.857714 -0 -0.514128
    outer loop
      vertex 55.5977 4 34.6293
      vertex 56.7077 0 32.7775
      vertex 55.5977 0 34.6293
    endloop
  endfacet
  facet normal 0.242982 0 -0.970031
    outer loop
      vertex 79.292 0 23.4227
      vertex 81.3863 4 23.9473
      vertex 81.3863 0 23.9473
    endloop
  endfacet
  facet normal 0.242982 0 -0.970031
    outer loop
      vertex 81.3863 4 23.9473
      vertex 79.292 0 23.4227
      vertex 79.292 4 23.4227
    endloop
  endfacet
  facet normal -0.595678 0 -0.803223
    outer loop
      vertex 61.0433 0 27.9938
      vertex 62.7775 4 26.7077
      vertex 62.7775 0 26.7077
    endloop
  endfacet
  facet normal -0.595678 0 -0.803223
    outer loop
      vertex 62.7775 4 26.7077
      vertex 61.0433 0 27.9938
      vertex 61.0433 4 27.9938
    endloop
  endfacet
  facet normal 0.514128 0 -0.857714
    outer loop
      vertex 85.3707 0 25.5977
      vertex 87.2225 4 26.7077
      vertex 87.2225 0 26.7077
    endloop
  endfacet
  facet normal 0.514128 0 -0.857714
    outer loop
      vertex 87.2225 4 26.7077
      vertex 85.3707 0 25.5977
      vertex 85.3707 4 25.5977
    endloop
  endfacet
  facet normal 0.803223 0 -0.595678
    outer loop
      vertex 93.2923 0 32.7775
      vertex 92.0062 4 31.0433
      vertex 93.2923 4 32.7775
    endloop
  endfacet
  facet normal 0.803223 0 -0.595678
    outer loop
      vertex 92.0062 4 31.0433
      vertex 93.2923 0 32.7775
      vertex 92.0062 0 31.0433
    endloop
  endfacet
  facet normal 0.146737 0 0.989176
    outer loop
      vertex 77.1564 4 66.8941
      vertex 79.292 0 66.5773
      vertex 79.292 4 66.5773
    endloop
  endfacet
  facet normal 0.146737 0 0.989176
    outer loop
      vertex 79.292 0 66.5773
      vertex 77.1564 4 66.8941
      vertex 77.1564 0 66.8941
    endloop
  endfacet
  facet normal -0.595678 0 0.803223
    outer loop
      vertex 61.0433 4 62.0062
      vertex 62.7775 0 63.2923
      vertex 62.7775 4 63.2923
    endloop
  endfacet
  facet normal -0.595678 0 0.803223
    outer loop
      vertex 62.7775 0 63.2923
      vertex 61.0433 4 62.0062
      vertex 61.0433 0 62.0062
    endloop
  endfacet
  facet normal -0.803207 0 0.5957
    outer loop
      vertex 56.7077 0 57.2225
      vertex 57.9938 4 58.9566
      vertex 56.7077 4 57.2225
    endloop
  endfacet
  facet normal -0.803207 0 0.5957
    outer loop
      vertex 57.9938 4 58.9566
      vertex 56.7077 0 57.2225
      vertex 57.9938 0 58.9566
    endloop
  endfacet
  facet normal 0.989176 0 -0.146737
    outer loop
      vertex 96.8941 0 42.8436
      vertex 96.5773 4 40.708
      vertex 96.8941 4 42.8436
    endloop
  endfacet
  facet normal 0.989176 0 -0.146737
    outer loop
      vertex 96.5773 4 40.708
      vertex 96.8941 0 42.8436
      vertex 96.5773 0 40.708
    endloop
  endfacet
  facet normal -0.941531 0 0.336926
    outer loop
      vertex 53.9473 0 51.3863
      vertex 54.6747 4 53.419
      vertex 53.9473 4 51.3863
    endloop
  endfacet
  facet normal -0.941531 0 0.336926
    outer loop
      vertex 54.6747 4 53.419
      vertex 53.9473 0 51.3863
      vertex 54.6747 0 53.419
    endloop
  endfacet
  facet normal 0.427523 0 0.904005
    outer loop
      vertex 83.419 4 65.3253
      vertex 85.3707 0 64.4023
      vertex 85.3707 4 64.4023
    endloop
  endfacet
  facet normal 0.427523 0 0.904005
    outer loop
      vertex 85.3707 0 64.4023
      vertex 83.419 4 65.3253
      vertex 83.419 0 65.3253
    endloop
  endfacet
  facet normal -0.941531 0 -0.336926
    outer loop
      vertex 54.6747 0 36.581
      vertex 53.9473 4 38.6137
      vertex 54.6747 4 36.581
    endloop
  endfacet
  facet normal -0.941531 -0 -0.336926
    outer loop
      vertex 53.9473 4 38.6137
      vertex 54.6747 0 36.581
      vertex 53.9473 0 38.6137
    endloop
  endfacet
  facet normal 0.970031 0 -0.242982
    outer loop
      vertex 96.5773 0 40.708
      vertex 96.0527 4 38.6137
      vertex 96.5773 4 40.708
    endloop
  endfacet
  facet normal 0.970031 0 -0.242982
    outer loop
      vertex 96.0527 4 38.6137
      vertex 96.5773 0 40.708
      vertex 96.0527 0 38.6137
    endloop
  endfacet
  facet normal -0.0490505 0 0.998796
    outer loop
      vertex 72.8436 4 66.8941
      vertex 75 0 67
      vertex 75 4 67
    endloop
  endfacet
  facet normal -0.0490505 0 0.998796
    outer loop
      vertex 75 0 67
      vertex 72.8436 4 66.8941
      vertex 72.8436 0 66.8941
    endloop
  endfacet
  facet normal 0.671515 0 0.740991
    outer loop
      vertex 88.9566 4 62.0062
      vertex 90.5564 0 60.5564
      vertex 90.5564 4 60.5564
    endloop
  endfacet
  facet normal 0.671515 0 0.740991
    outer loop
      vertex 90.5564 0 60.5564
      vertex 88.9566 4 62.0062
      vertex 88.9566 0 62.0062
    endloop
  endfacet
  facet normal -0.427523 0 0.904005
    outer loop
      vertex 64.6293 4 64.4023
      vertex 66.581 0 65.3253
      vertex 66.581 4 65.3253
    endloop
  endfacet
  facet normal -0.427523 0 0.904005
    outer loop
      vertex 66.581 0 65.3253
      vertex 64.6293 4 64.4023
      vertex 64.6293 0 64.4023
    endloop
  endfacet
  facet normal -0.671538 0 0.74097
    outer loop
      vertex 59.4436 4 60.5564
      vertex 61.0433 0 62.0062
      vertex 61.0433 4 62.0062
    endloop
  endfacet
  facet normal -0.671538 0 0.74097
    outer loop
      vertex 61.0433 0 62.0062
      vertex 59.4436 4 60.5564
      vertex 59.4436 0 60.5564
    endloop
  endfacet
  facet normal 0.336926 0 -0.941531
    outer loop
      vertex 81.3863 0 23.9473
      vertex 83.419 4 24.6747
      vertex 83.419 0 24.6747
    endloop
  endfacet
  facet normal 0.336926 0 -0.941531
    outer loop
      vertex 83.419 4 24.6747
      vertex 81.3863 0 23.9473
      vertex 81.3863 4 23.9473
    endloop
  endfacet
  facet normal -0.336926 0 0.941531
    outer loop
      vertex 66.581 4 65.3253
      vertex 68.6137 0 66.0527
      vertex 68.6137 4 66.0527
    endloop
  endfacet
  facet normal -0.336926 0 0.941531
    outer loop
      vertex 68.6137 0 66.0527
      vertex 66.581 4 65.3253
      vertex 66.581 0 65.3253
    endloop
  endfacet
  facet normal 0.803207 -0 0.5957
    outer loop
      vertex 92.0062 0 58.9566
      vertex 93.2923 4 57.2225
      vertex 92.0062 4 58.9566
    endloop
  endfacet
  facet normal 0.803207 0 0.5957
    outer loop
      vertex 93.2923 4 57.2225
      vertex 92.0062 0 58.9566
      vertex 93.2923 0 57.2225
    endloop
  endfacet
  facet normal -0.857714 0 0.514128
    outer loop
      vertex 55.5977 0 55.3707
      vertex 56.7077 4 57.2225
      vertex 55.5977 4 55.3707
    endloop
  endfacet
  facet normal -0.857714 0 0.514128
    outer loop
      vertex 56.7077 4 57.2225
      vertex 55.5977 0 55.3707
      vertex 56.7077 0 57.2225
    endloop
  endfacet
  facet normal 0.998796 0 -0.0490505
    outer loop
      vertex 97 0 45
      vertex 96.8941 4 42.8436
      vertex 97 4 45
    endloop
  endfacet
  facet normal 0.998796 0 -0.0490505
    outer loop
      vertex 96.8941 4 42.8436
      vertex 97 0 45
      vertex 96.8941 0 42.8436
    endloop
  endfacet
  facet normal 0.904005 0 -0.427523
    outer loop
      vertex 95.3253 0 36.581
      vertex 94.4023 4 34.6293
      vertex 95.3253 4 36.581
    endloop
  endfacet
  facet normal 0.904005 0 -0.427523
    outer loop
      vertex 94.4023 4 34.6293
      vertex 95.3253 0 36.581
      vertex 94.4023 0 34.6293
    endloop
  endfacet
  facet normal 0 -1 0
    outer loop
      vertex 75 0 59.4
      vertex 75 0 67
      vertex 72.8436 0 66.8941
    endloop
  endfacet
  facet normal 0 -1 0
    outer loop
      vertex 73.5886 0 59.3307
      vertex 72.8436 0 66.8941
      vertex 70.708 0 66.5773
    endloop
  endfacet
  facet normal 0 -1 0
    outer loop
      vertex 75 0 67
      vertex 75 0 59.4
      vertex 77.1564 0 66.8941
    endloop
  endfacet
  facet normal 0 -1 0
    outer loop
      vertex 72.1907 0 59.1233
      vertex 70.708 0 66.5773
      vertex 68.6137 0 66.0527
    endloop
  endfacet
  facet normal 0 -1 0
    outer loop
      vertex 76.4114 0 59.3307
      vertex 77.1564 0 66.8941
      vertex 75 0 59.4
    endloop
  endfacet
  facet normal 0 -1 0
    outer loop
      vertex 70.8199 0 58.7799
      vertex 68.6137 0 66.0527
      vertex 66.581 0 65.3253
    endloop
  endfacet
  facet normal 0 -1 -0
    outer loop
      vertex 77.1564 0 66.8941
      vertex 76.4114 0 59.3307
      vertex 79.292 0 66.5773
    endloop
  endfacet
  facet normal 0 -1 0
    outer loop
      vertex 69.4894 0 58.3039
      vertex 66.581 0 65.3253
      vertex 64.6293 0 64.4023
    endloop
  endfacet
  facet normal 0 -1 0
    outer loop
      vertex 77.8093 0 59.1233
      vertex 79.292 0 66.5773
      vertex 76.4114 0 59.3307
    endloop
  endfacet
  facet normal 0 -1 0
    outer loop
      vertex 68.2119 0 57.6997
      vertex 64.6293 0 64.4023
      vertex 62.7775 0 63.2923
    endloop
  endfacet
  facet normal 0 -1 -0
    outer loop
      vertex 79.292 0 66.5773
      vertex 77.8093 0 59.1233
      vertex 81.3863 0 66.0527
    endloop
  endfacet
  facet normal 0 -1 0
    outer loop
      vertex 66.9998 0 56.9732
      vertex 62.7775 0 63.2923
      vertex 61.0433 0 62.0062
    endloop
  endfacet
  facet normal 0 -1 0
    outer loop
      vertex 79.1801 0 58.7799
      vertex 81.3863 0 66.0527
      vertex 77.8093 0 59.1233
    endloop
  endfacet
  facet normal 0 -1 0
    outer loop
      vertex 65.8647 0 56.1314
      vertex 61.0433 0 62.0062
      vertex 59.4436 0 60.5564
    endloop
  endfacet
  facet normal 0 -1 -0
    outer loop
      vertex 81.3863 0 66.0527
      vertex 79.1801 0 58.7799
      vertex 83.419 0 65.3253
    endloop
  endfacet
  facet normal 0 -1 0
    outer loop
      vertex 80.5106 0 58.3039
      vertex 83.419 0 65.3253
      vertex 79.1801 0 58.7799
    endloop
  endfacet
  facet normal 0 -1 0
    outer loop
      vertex 72.8436 0 66.8941
      vertex 73.5886 0 59.3307
      vertex 75 0 59.4
    endloop
  endfacet
  facet normal 0 -1 0
    outer loop
      vertex 70.708 0 66.5773
      vertex 72.1907 0 59.1233
      vertex 73.5886 0 59.3307
    endloop
  endfacet
  facet normal 0 -1 0
    outer loop
      vertex 64.8177 0 55.1823
      vertex 59.4436 0 60.5564
      vertex 57.9938 0 58.9566
    endloop
  endfacet
  facet normal 0 -1 0
    outer loop
      vertex 68.6137 0 66.0527
      vertex 70.8199 0 58.7799
      vertex 72.1907 0 59.1233
    endloop
  endfacet
  facet normal 0 -1 0
    outer loop
      vertex 66.581 0 65.3253
      vertex 69.4894 0 58.3039
      vertex 70.8199 0 58.7799
    endloop
  endfacet
  facet normal 0 -1 0
    outer loop
      vertex 64.6293 0 64.4023
      vertex 68.2119 0 57.6997
      vertex 69.4894 0 58.3039
    endloop
  endfacet
  facet normal 0 -1 0
    outer loop
      vertex 63.8686 0 54.1353
      vertex 57.9938 0 58.9566
      vertex 56.7077 0 57.2225
    endloop
  endfacet
  facet normal 0 -1 0
    outer loop
      vertex 62.7775 0 63.2923
      vertex 66.9998 0 56.9732
      vertex 68.2119 0 57.6997
    endloop
  endfacet
  facet normal 0 -1 0
    outer loop
      vertex 61.0433 0 62.0062
      vertex 65.8647 0 56.1314
      vertex 66.9998 0 56.9732
    endloop
  endfacet
  facet normal 0 -1 0
    outer loop
      vertex 63.0268 0 53.0002
      vertex 56.7077 0 57.2225
      vertex 55.5977 0 55.3707
    endloop
  endfacet
  facet normal 0 -1 0
    outer loop
      vertex 59.4436 0 60.5564
      vertex 64.8177 0 55.1823
      vertex 65.8647 0 56.1314
    endloop
  endfacet
  facet normal 0 -1 0
    outer loop
      vertex 57.9938 0 58.9566
      vertex 63.8686 0 54.1353
      vertex 64.8177 0 55.1823
    endloop
  endfacet
  facet normal 0 -1 0
    outer loop
      vertex 62.3003 0 51.7881
      vertex 55.5977 0 55.3707
      vertex 54.6747 0 53.419
    endloop
  endfacet
  facet normal 0 -1 0
    outer loop
      vertex 56.7077 0 57.2225
      vertex 63.0268 0 53.0002
      vertex 63.8686 0 54.1353
    endloop
  endfacet
  facet normal 0 -1 0
    outer loop
      vertex 55.5977 0 55.3707
      vertex 62.3003 0 51.7881
      vertex 63.0268 0 53.0002
    endloop
  endfacet
  facet normal 0 -1 0
    outer loop
      vertex 61.6961 0 50.5106
      vertex 54.6747 0 53.419
      vertex 53.9473 0 51.3863
    endloop
  endfacet
  facet normal 0 -1 0
    outer loop
      vertex 54.6747 0 53.419
      vertex 61.6961 0 50.5106
      vertex 62.3003 0 51.7881
    endloop
  endfacet
  facet normal 0 -1 0
    outer loop
      vertex 61.2201 0 49.1801
      vertex 53.9473 0 51.3863
      vertex 53.4227 0 49.292
    endloop
  endfacet
  facet normal 0 -1 0
    outer loop
      vertex 53.9473 0 51.3863
      vertex 61.2201 0 49.1801
      vertex 61.6961 0 50.5106
    endloop
  endfacet
  facet normal 0 -1 0
    outer loop
      vertex 53.4227 0 49.292
      vertex 60.8767 0 47.8093
      vertex 61.2201 0 49.1801
    endloop
  endfacet
  facet normal 0 -1 0
    outer loop
      vertex 53.1059 0 47.1564
      vertex 60.8767 0 47.8093
      vertex 53.4227 0 49.292
    endloop
  endfacet
  facet normal 0 -1 0
    outer loop
      vertex 53.1059 0 47.1564
      vertex 60.6693 0 46.4114
      vertex 60.8767 0 47.8093
    endloop
  endfacet
  facet normal 0 -1 0
    outer loop
      vertex 53 0 45
      vertex 60.6693 0 46.4114
      vertex 53.1059 0 47.1564
    endloop
  endfacet
  facet normal 0 -1 0
    outer loop
      vertex 53 0 45
      vertex 60.6 0 45
      vertex 60.6693 0 46.4114
    endloop
  endfacet
  facet normal 0 -1 0
    outer loop
      vertex 53 0 45
      vertex 60.6693 0 43.5886
      vertex 60.6 0 45
    endloop
  endfacet
  facet normal 0 -1 0
    outer loop
      vertex 53.1059 0 42.8436
      vertex 60.6693 0 43.5886
      vertex 53 0 45
    endloop
  endfacet
  facet normal 0 -1 0
    outer loop
      vertex 53.1059 0 42.8436
      vertex 60.8767 0 42.1907
      vertex 60.6693 0 43.5886
    endloop
  endfacet
  facet normal 0 -1 0
    outer loop
      vertex 53.4227 0 40.708
      vertex 60.8767 0 42.1907
      vertex 53.1059 0 42.8436
    endloop
  endfacet
  facet normal 0 -1 -0
    outer loop
      vertex 60.8767 0 42.1907
      vertex 53.4227 0 40.708
      vertex 61.2201 0 40.8199
    endloop
  endfacet
  facet normal 0 -1 0
    outer loop
      vertex 53.9473 0 38.6137
      vertex 61.2201 0 40.8199
      vertex 53.4227 0 40.708
    endloop
  endfacet
  facet normal 0 -1 -0
    outer loop
      vertex 61.2201 0 40.8199
      vertex 53.9473 0 38.6137
      vertex 61.6961 0 39.4894
    endloop
  endfacet
  facet normal 0 -1 0
    outer loop
      vertex 54.6747 0 36.581
      vertex 61.6961 0 39.4894
      vertex 53.9473 0 38.6137
    endloop
  endfacet
  facet normal 0 -1 -0
    outer loop
      vertex 61.6961 0 39.4894
      vertex 54.6747 0 36.581
      vertex 62.3003 0 38.2119
    endloop
  endfacet
  facet normal 0 -1 0
    outer loop
      vertex 55.5977 0 34.6293
      vertex 62.3003 0 38.2119
      vertex 54.6747 0 36.581
    endloop
  endfacet
  facet normal 0 -1 -0
    outer loop
      vertex 62.3003 0 38.2119
      vertex 55.5977 0 34.6293
      vertex 63.0268 0 36.9998
    endloop
  endfacet
  facet normal 0 -1 0
    outer loop
      vertex 56.7077 0 32.7775
      vertex 63.0268 0 36.9998
      vertex 55.5977 0 34.6293
    endloop
  endfacet
  facet normal 0 -1 -0
    outer loop
      vertex 63.0268 0 36.9998
      vertex 56.7077 0 32.7775
      vertex 63.8686 0 35.8647
    endloop
  endfacet
  facet normal 0 -1 0
    outer loop
      vertex 57.9938 0 31.0433
      vertex 63.8686 0 35.8647
      vertex 56.7077 0 32.7775
    endloop
  endfacet
  facet normal 0 -1 -0
    outer loop
      vertex 63.8686 0 35.8647
      vertex 57.9938 0 31.0433
      vertex 64.8177 0 34.8177
    endloop
  endfacet
  facet normal 0 -1 0
    outer loop
      vertex 59.4436 0 29.4436
      vertex 64.8177 0 34.8177
      vertex 57.9938 0 31.0433
    endloop
  endfacet
  facet normal 0 -1 -0
    outer loop
      vertex 64.8177 0 34.8177
      vertex 59.4436 0 29.4436
      vertex 65.8647 0 33.8686
    endloop
  endfacet
  facet normal 0 -1 0
    outer loop
      vertex 61.0433 0 27.9938
      vertex 65.8647 0 33.8686
      vertex 59.4436 0 29.4436
    endloop
  endfacet
  facet normal 0 -1 -0
    outer loop
      vertex 65.8647 0 33.8686
      vertex 61.0433 0 27.9938
      vertex 66.9998 0 33.0268
    endloop
  endfacet
  facet normal 0 -1 0
    outer loop
      vertex 62.7775 0 26.7077
      vertex 66.9998 0 33.0268
      vertex 61.0433 0 27.9938
    endloop
  endfacet
  facet normal 0 -1 -0
    outer loop
      vertex 66.9998 0 33.0268
      vertex 62.7775 0 26.7077
      vertex 68.2119 0 32.3003
    endloop
  endfacet
  facet normal 0 -1 0
    outer loop
      vertex 64.6293 0 25.5977
      vertex 68.2119 0 32.3003
      vertex 62.7775 0 26.7077
    endloop
  endfacet
  facet normal 0 -1 -0
    outer loop
      vertex 68.2119 0 32.3003
      vertex 64.6293 0 25.5977
      vertex 69.4894 0 31.6961
    endloop
  endfacet
  facet normal 0 -1 0
    outer loop
      vertex 66.581 0 24.6747
      vertex 69.4894 0 31.6961
      vertex 64.6293 0 25.5977
    endloop
  endfacet
  facet normal 0 -1 -0
    outer loop
      vertex 83.419 0 65.3253
      vertex 80.5106 0 58.3039
      vertex 85.3707 0 64.4023
    endloop
  endfacet
  facet normal 0 -1 0
    outer loop
      vertex 81.7881 0 57.6997
      vertex 85.3707 0 64.4023
      vertex 80.5106 0 58.3039
    endloop
  endfacet
  facet normal 0 -1 -0
    outer loop
      vertex 85.3707 0 64.4023
      vertex 81.7881 0 57.6997
      vertex 87.2225 0 63.2923
    endloop
  endfacet
  facet normal 0 -1 0
    outer loop
      vertex 83.0002 0 56.9732
      vertex 87.2225 0 63.2923
      vertex 81.7881 0 57.6997
    endloop
  endfacet
  facet normal 0 -1 -0
    outer loop
      vertex 87.2225 0 63.2923
      vertex 83.0002 0 56.9732
      vertex 88.9566 0 62.0062
    endloop
  endfacet
  facet normal 0 -1 0
    outer loop
      vertex 84.1353 0 56.1314
      vertex 88.9566 0 62.0062
      vertex 83.0002 0 56.9732
    endloop
  endfacet
  facet normal 0 -1 -0
    outer loop
      vertex 88.9566 0 62.0062
      vertex 84.1353 0 56.1314
      vertex 90.5564 0 60.5564
    endloop
  endfacet
  facet normal 0 -1 0
    outer loop
      vertex 85.1823 0 55.1823
      vertex 90.5564 0 60.5564
      vertex 84.1353 0 56.1314
    endloop
  endfacet
  facet normal 0 -1 -0
    outer loop
      vertex 90.5564 0 60.5564
      vertex 85.1823 0 55.1823
      vertex 92.0062 0 58.9566
    endloop
  endfacet
  facet normal 0 -1 0
    outer loop
      vertex 86.1313 0 54.1353
      vertex 92.0062 0 58.9566
      vertex 85.1823 0 55.1823
    endloop
  endfacet
  facet normal 0 -1 -0
    outer loop
      vertex 92.0062 0 58.9566
      vertex 86.1313 0 54.1353
      vertex 93.2923 0 57.2225
    endloop
  endfacet
  facet normal 0 -1 0
    outer loop
      vertex 86.9732 0 53.0002
      vertex 93.2923 0 57.2225
      vertex 86.1313 0 54.1353
    endloop
  endfacet
  facet normal 0 -1 -0
    outer loop
      vertex 93.2923 0 57.2225
      vertex 86.9732 0 53.0002
      vertex 94.4023 0 55.3707
    endloop
  endfacet
  facet normal 0 -1 0
    outer loop
      vertex 87.6997 0 51.7881
      vertex 94.4023 0 55.3707
      vertex 86.9732 0 53.0002
    endloop
  endfacet
  facet normal 0 -1 -0
    outer loop
      vertex 94.4023 0 55.3707
      vertex 87.6997 0 51.7881
      vertex 95.3253 0 53.419
    endloop
  endfacet
  facet normal 0 -1 0
    outer loop
      vertex 88.3039 0 50.5106
      vertex 95.3253 0 53.419
      vertex 87.6997 0 51.7881
    endloop
  endfacet
  facet normal 0 -1 -0
    outer loop
      vertex 95.3253 0 53.419
      vertex 88.3039 0 50.5106
      vertex 96.0527 0 51.3863
    endloop
  endfacet
  facet normal 0 -1 0
    outer loop
      vertex 88.7799 0 49.1801
      vertex 96.0527 0 51.3863
      vertex 88.3039 0 50.5106
    endloop
  endfacet
  facet normal 0 -1 -0
    outer loop
      vertex 96.0527 0 51.3863
      vertex 88.7799 0 49.1801
      vertex 96.5773 0 49.292
    endloop
  endfacet
  facet normal 0 -1 0
    outer loop
      vertex 89.1233 0 47.8093
      vertex 96.5773 0 49.292
      vertex 88.7799 0 49.1801
    endloop
  endfacet
  facet normal 0 -1 0
    outer loop
      vertex 89.1233 0 47.8093
      vertex 96.8941 0 47.1564
      vertex 96.5773 0 49.292
    endloop
  endfacet
  facet normal 0 -1 0
    outer loop
      vertex 89.3307 0 46.4114
      vertex 96.8941 0 47.1564
      vertex 89.1233 0 47.8093
    endloop
  endfacet
  facet normal 0 -1 0
    outer loop
      vertex 89.4 0 45
      vertex 96.8941 0 47.1564
      vertex 89.3307 0 46.4114
    endloop
  endfacet
  facet normal 0 -1 0
    outer loop
      vertex 89.4 0 45
      vertex 97 0 45
      vertex 96.8941 0 47.1564
    endloop
  endfacet
  facet normal 0 -1 0
    outer loop
      vertex 89.3307 0 43.5886
      vertex 97 0 45
      vertex 89.4 0 45
    endloop
  endfacet
  facet normal 0 -1 0
    outer loop
      vertex 89.3307 0 43.5886
      vertex 96.8941 0 42.8436
      vertex 97 0 45
    endloop
  endfacet
  facet normal 0 -1 0
    outer loop
      vertex 89.1233 0 42.1907
      vertex 96.8941 0 42.8436
      vertex 89.3307 0 43.5886
    endloop
  endfacet
  facet normal 0 -1 0
    outer loop
      vertex 96.5773 0 40.708
      vertex 89.1233 0 42.1907
      vertex 88.7799 0 40.8199
    endloop
  endfacet
  facet normal 0 -1 0
    outer loop
      vertex 89.1233 0 42.1907
      vertex 96.5773 0 40.708
      vertex 96.8941 0 42.8436
    endloop
  endfacet
  facet normal 0 -1 0
    outer loop
      vertex 96.0527 0 38.6137
      vertex 88.7799 0 40.8199
      vertex 88.3039 0 39.4894
    endloop
  endfacet
  facet normal 0 -1 0
    outer loop
      vertex 88.7799 0 40.8199
      vertex 96.0527 0 38.6137
      vertex 96.5773 0 40.708
    endloop
  endfacet
  facet normal 0 -1 0
    outer loop
      vertex 95.3253 0 36.581
      vertex 88.3039 0 39.4894
      vertex 87.6997 0 38.2119
    endloop
  endfacet
  facet normal 0 -1 0
    outer loop
      vertex 94.4023 0 34.6293
      vertex 87.6997 0 38.2119
      vertex 86.9732 0 36.9998
    endloop
  endfacet
  facet normal 0 -1 0
    outer loop
      vertex 88.3039 0 39.4894
      vertex 95.3253 0 36.581
      vertex 96.0527 0 38.6137
    endloop
  endfacet
  facet normal 0 -1 0
    outer loop
      vertex 93.2923 0 32.7775
      vertex 86.9732 0 36.9998
      vertex 86.1313 0 35.8647
    endloop
  endfacet
  facet normal 0 -1 0
    outer loop
      vertex 92.0062 0 31.0433
      vertex 86.1313 0 35.8647
      vertex 85.1823 0 34.8177
    endloop
  endfacet
  facet normal 0 -1 0
    outer loop
      vertex 87.6997 0 38.2119
      vertex 94.4023 0 34.6293
      vertex 95.3253 0 36.581
    endloop
  endfacet
  facet normal 0 -1 0
    outer loop
      vertex 90.5564 0 29.4436
      vertex 85.1823 0 34.8177
      vertex 84.1353 0 33.8686
    endloop
  endfacet
  facet normal 0 -1 0
    outer loop
      vertex 88.9566 0 27.9938
      vertex 84.1353 0 33.8686
      vertex 83.0002 0 33.0268
    endloop
  endfacet
  facet normal 0 -1 0
    outer loop
      vertex 86.9732 0 36.9998
      vertex 93.2923 0 32.7775
      vertex 94.4023 0 34.6293
    endloop
  endfacet
  facet normal 0 -1 0
    outer loop
      vertex 87.2225 0 26.7077
      vertex 83.0002 0 33.0268
      vertex 81.7881 0 32.3003
    endloop
  endfacet
  facet normal 0 -1 0
    outer loop
      vertex 85.3707 0 25.5977
      vertex 81.7881 0 32.3003
      vertex 80.5106 0 31.6961
    endloop
  endfacet
  facet normal 0 -1 0
    outer loop
      vertex 83.419 0 24.6747
      vertex 80.5106 0 31.6961
      vertex 79.1801 0 31.2201
    endloop
  endfacet
  facet normal 0 -1 0
    outer loop
      vertex 86.1313 0 35.8647
      vertex 92.0062 0 31.0433
      vertex 93.2923 0 32.7775
    endloop
  endfacet
  facet normal 0 -1 0
    outer loop
      vertex 81.3863 0 23.9473
      vertex 79.1801 0 31.2201
      vertex 77.8093 0 30.8767
    endloop
  endfacet
  facet normal 0 -1 0
    outer loop
      vertex 79.292 0 23.4227
      vertex 77.8093 0 30.8767
      vertex 76.4114 0 30.6693
    endloop
  endfacet
  facet normal 0 -1 0
    outer loop
      vertex 77.1564 0 23.1059
      vertex 76.4114 0 30.6693
      vertex 75 0 30.6
    endloop
  endfacet
  facet normal 0 -1 -0
    outer loop
      vertex 69.4894 0 31.6961
      vertex 66.581 0 24.6747
      vertex 70.8199 0 31.2201
    endloop
  endfacet
  facet normal 0 -1 0
    outer loop
      vertex 85.1823 0 34.8177
      vertex 90.5564 0 29.4436
      vertex 92.0062 0 31.0433
    endloop
  endfacet
  facet normal 0 -1 0
    outer loop
      vertex 68.6137 0 23.9473
      vertex 70.8199 0 31.2201
      vertex 66.581 0 24.6747
    endloop
  endfacet
  facet normal 0 -1 0
    outer loop
      vertex 84.1353 0 33.8686
      vertex 88.9566 0 27.9938
      vertex 90.5564 0 29.4436
    endloop
  endfacet
  facet normal 0 -1 -0
    outer loop
      vertex 70.8199 0 31.2201
      vertex 68.6137 0 23.9473
      vertex 72.1907 0 30.8767
    endloop
  endfacet
  facet normal 0 -1 0
    outer loop
      vertex 83.0002 0 33.0268
      vertex 87.2225 0 26.7077
      vertex 88.9566 0 27.9938
    endloop
  endfacet
  facet normal 0 -1 0
    outer loop
      vertex 70.708 0 23.4227
      vertex 72.1907 0 30.8767
      vertex 68.6137 0 23.9473
    endloop
  endfacet
  facet normal 0 -1 0
    outer loop
      vertex 81.7881 0 32.3003
      vertex 85.3707 0 25.5977
      vertex 87.2225 0 26.7077
    endloop
  endfacet
  facet normal 0 -1 -0
    outer loop
      vertex 72.1907 0 30.8767
      vertex 70.708 0 23.4227
      vertex 73.5886 0 30.6693
    endloop
  endfacet
  facet normal 0 -1 0
    outer loop
      vertex 80.5106 0 31.6961
      vertex 83.419 0 24.6747
      vertex 85.3707 0 25.5977
    endloop
  endfacet
  facet normal 0 -1 0
    outer loop
      vertex 72.8436 0 23.1059
      vertex 73.5886 0 30.6693
      vertex 70.708 0 23.4227
    endloop
  endfacet
  facet normal 0 -1 0
    outer loop
      vertex 79.1801 0 31.2201
      vertex 81.3863 0 23.9473
      vertex 83.419 0 24.6747
    endloop
  endfacet
  facet normal 0 -1 -0
    outer loop
      vertex 73.5886 0 30.6693
      vertex 72.8436 0 23.1059
      vertex 75 0 30.6
    endloop
  endfacet
  facet normal 0 -1 0
    outer loop
      vertex 77.8093 0 30.8767
      vertex 79.292 0 23.4227
      vertex 81.3863 0 23.9473
    endloop
  endfacet
  facet normal 0 -1 0
    outer loop
      vertex 75 0 23
      vertex 75 0 30.6
      vertex 72.8436 0 23.1059
    endloop
  endfacet
  facet normal 0 -1 0
    outer loop
      vertex 76.4114 0 30.6693
      vertex 77.1564 0 23.1059
      vertex 79.292 0 23.4227
    endloop
  endfacet
  facet normal 0 -1 0
    outer loop
      vertex 75 0 30.6
      vertex 75 0 23
      vertex 77.1564 0 23.1059
    endloop
  endfacet
  facet normal 0.5957 0 0.803207
    outer loop
      vertex 87.2225 4 63.2923
      vertex 88.9566 0 62.0062
      vertex 88.9566 4 62.0062
    endloop
  endfacet
  facet normal 0.5957 0 0.803207
    outer loop
      vertex 88.9566 0 62.0062
      vertex 87.2225 4 63.2923
      vertex 87.2225 0 63.2923
    endloop
  endfacet
  facet normal -0.514128 0 -0.857714
    outer loop
      vertex 62.7775 0 26.7077
      vertex 64.6293 4 25.5977
      vertex 64.6293 0 25.5977
    endloop
  endfacet
  facet normal -0.514128 0 -0.857714
    outer loop
      vertex 64.6293 4 25.5977
      vertex 62.7775 0 26.7077
      vertex 62.7775 4 26.7077
    endloop
  endfacet
  facet normal 0.514128 0 0.857714
    outer loop
      vertex 85.3707 4 64.4023
      vertex 87.2225 0 63.2923
      vertex 87.2225 4 63.2923
    endloop
  endfacet
  facet normal 0.514128 0 0.857714
    outer loop
      vertex 87.2225 0 63.2923
      vertex 85.3707 4 64.4023
      vertex 85.3707 0 64.4023
    endloop
  endfacet
  facet normal 0.146737 0 -0.989176
    outer loop
      vertex 77.1564 0 23.1059
      vertex 79.292 4 23.4227
      vertex 79.292 0 23.4227
    endloop
  endfacet
  facet normal 0.146737 0 -0.989176
    outer loop
      vertex 79.292 4 23.4227
      vertex 77.1564 0 23.1059
      vertex 77.1564 4 23.1059
    endloop
  endfacet
  facet normal 0.941531 -0 0.336926
    outer loop
      vertex 95.3253 0 53.419
      vertex 96.0527 4 51.3863
      vertex 95.3253 4 53.419
    endloop
  endfacet
  facet normal 0.941531 0 0.336926
    outer loop
      vertex 96.0527 4 51.3863
      vertex 95.3253 0 53.419
      vertex 96.0527 0 51.3863
    endloop
  endfacet
  facet normal 0.857714 0 -0.514128
    outer loop
      vertex 94.4023 0 34.6293
      vertex 93.2923 4 32.7775
      vertex 94.4023 4 34.6293
    endloop
  endfacet
  facet normal 0.857714 0 -0.514128
    outer loop
      vertex 93.2923 4 32.7775
      vertex 94.4023 0 34.6293
      vertex 93.2923 0 32.7775
    endloop
  endfacet
  facet normal -0.998796 0 -0.0490505
    outer loop
      vertex 53.1059 0 42.8436
      vertex 53 4 45
      vertex 53.1059 4 42.8436
    endloop
  endfacet
  facet normal -0.998796 -0 -0.0490505
    outer loop
      vertex 53 4 45
      vertex 53.1059 0 42.8436
      vertex 53 0 45
    endloop
  endfacet
  facet normal 0.941531 0 -0.336926
    outer loop
      vertex 96.0527 0 38.6137
      vertex 95.3253 4 36.581
      vertex 96.0527 4 38.6137
    endloop
  endfacet
  facet normal 0.941531 0 -0.336926
    outer loop
      vertex 95.3253 4 36.581
      vertex 96.0527 0 38.6137
      vertex 95.3253 0 36.581
    endloop
  endfacet
  facet normal -0.146737 0 0.989176
    outer loop
      vertex 70.708 4 66.5773
      vertex 72.8436 0 66.8941
      vertex 72.8436 4 66.8941
    endloop
  endfacet
  facet normal -0.146737 0 0.989176
    outer loop
      vertex 72.8436 0 66.8941
      vertex 70.708 4 66.5773
      vertex 70.708 0 66.5773
    endloop
  endfacet
  facet normal 0.740991 -0 0.671515
    outer loop
      vertex 90.5564 0 60.5564
      vertex 92.0062 4 58.9566
      vertex 90.5564 4 60.5564
    endloop
  endfacet
  facet normal 0.740991 0 0.671515
    outer loop
      vertex 92.0062 4 58.9566
      vertex 90.5564 0 60.5564
      vertex 92.0062 0 58.9566
    endloop
  endfacet
  facet normal 0.0490505 0 0.998796
    outer loop
      vertex 75 4 67
      vertex 77.1564 0 66.8941
      vertex 77.1564 4 66.8941
    endloop
  endfacet
  facet normal 0.0490505 0 0.998796
    outer loop
      vertex 77.1564 0 66.8941
      vertex 75 4 67
      vertex 75 0 67
    endloop
  endfacet
  facet normal 0.904005 -0 0.427523
    outer loop
      vertex 94.4023 0 55.3707
      vertex 95.3253 4 53.419
      vertex 94.4023 4 55.3707
    endloop
  endfacet
  facet normal 0.904005 0 0.427523
    outer loop
      vertex 95.3253 4 53.419
      vertex 94.4023 0 55.3707
      vertex 95.3253 0 53.419
    endloop
  endfacet
  facet normal -0.146737 0 -0.989176
    outer loop
      vertex 70.708 0 23.4227
      vertex 72.8436 4 23.1059
      vertex 72.8436 0 23.1059
    endloop
  endfacet
  facet normal -0.146737 0 -0.989176
    outer loop
      vertex 72.8436 4 23.1059
      vertex 70.708 0 23.4227
      vertex 70.708 4 23.4227
    endloop
  endfacet
  facet normal 0.671515 0 -0.740991
    outer loop
      vertex 88.9566 0 27.9938
      vertex 90.5564 4 29.4436
      vertex 90.5564 0 29.4436
    endloop
  endfacet
  facet normal 0.671515 0 -0.740991
    outer loop
      vertex 90.5564 4 29.4436
      vertex 88.9566 0 27.9938
      vertex 88.9566 4 27.9938
    endloop
  endfacet
  facet normal 0.857714 -0 0.514128
    outer loop
      vertex 93.2923 0 57.2225
      vertex 94.4023 4 55.3707
      vertex 93.2923 4 57.2225
    endloop
  endfacet
  facet normal 0.857714 0 0.514128
    outer loop
      vertex 94.4023 4 55.3707
      vertex 93.2923 0 57.2225
      vertex 94.4023 0 55.3707
    endloop
  endfacet
  facet normal -0.0490505 0 -0.998796
    outer loop
      vertex 72.8436 0 23.1059
      vertex 75 4 23
      vertex 75 0 23
    endloop
  endfacet
  facet normal -0.0490505 0 -0.998796
    outer loop
      vertex 75 4 23
      vertex 72.8436 0 23.1059
      vertex 72.8436 4 23.1059
    endloop
  endfacet
  facet normal -0.740991 0 0.671515
    outer loop
      vertex 57.9938 0 58.9566
      vertex 59.4436 4 60.5564
      vertex 57.9938 4 58.9566
    endloop
  endfacet
  facet normal -0.740991 0 0.671515
    outer loop
      vertex 59.4436 4 60.5564
      vertex 57.9938 0 58.9566
      vertex 59.4436 0 60.5564
    endloop
  endfacet
  facet normal -0.904005 0 0.427523
    outer loop
      vertex 54.6747 0 53.419
      vertex 55.5977 4 55.3707
      vertex 54.6747 4 53.419
    endloop
  endfacet
  facet normal -0.904005 0 0.427523
    outer loop
      vertex 55.5977 4 55.3707
      vertex 54.6747 0 53.419
      vertex 55.5977 0 55.3707
    endloop
  endfacet
  facet normal -0.671538 0 -0.74097
    outer loop
      vertex 59.4436 0 29.4436
      vertex 61.0433 4 27.9938
      vertex 61.0433 0 27.9938
    endloop
  endfacet
  facet normal -0.671538 0 -0.74097
    outer loop
      vertex 61.0433 4 27.9938
      vertex 59.4436 0 29.4436
      vertex 59.4436 4 29.4436
    endloop
  endfacet
  facet normal -0.970031 0 0.242982
    outer loop
      vertex 53.4227 0 49.292
      vertex 53.9473 4 51.3863
      vertex 53.4227 4 49.292
    endloop
  endfacet
  facet normal -0.970031 0 0.242982
    outer loop
      vertex 53.9473 4 51.3863
      vertex 53.4227 0 49.292
      vertex 53.9473 0 51.3863
    endloop
  endfacet
  facet normal 0.242982 0 0.970031
    outer loop
      vertex 79.292 4 66.5773
      vertex 81.3863 0 66.0527
      vertex 81.3863 4 66.0527
    endloop
  endfacet
  facet normal 0.242982 0 0.970031
    outer loop
      vertex 81.3863 0 66.0527
      vertex 79.292 4 66.5773
      vertex 79.292 0 66.5773
    endloop
  endfacet
  facet normal -0.970031 0 -0.242982
    outer loop
      vertex 53.9473 0 38.6137
      vertex 53.4227 4 40.708
      vertex 53.9473 4 38.6137
    endloop
  endfacet
  facet normal -0.970031 -0 -0.242982
    outer loop
      vertex 53.4227 4 40.708
      vertex 53.9473 0 38.6137
      vertex 53.4227 0 40.708
    endloop
  endfacet
  facet normal -0.427523 0 -0.904005
    outer loop
      vertex 64.6293 0 25.5977
      vertex 66.581 4 24.6747
      vertex 66.581 0 24.6747
    endloop
  endfacet
  facet normal -0.427523 0 -0.904005
    outer loop
      vertex 66.581 4 24.6747
      vertex 64.6293 0 25.5977
      vertex 64.6293 4 25.5977
    endloop
  endfacet
  facet normal -0.74097 0 -0.671538
    outer loop
      vertex 59.4436 0 29.4436
      vertex 57.9938 4 31.0433
      vertex 59.4436 4 29.4436
    endloop
  endfacet
  facet normal -0.74097 -0 -0.671538
    outer loop
      vertex 57.9938 4 31.0433
      vertex 59.4436 0 29.4436
      vertex 57.9938 0 31.0433
    endloop
  endfacet
  facet normal 0.427523 0 -0.904005
    outer loop
      vertex 83.419 0 24.6747
      vertex 85.3707 4 25.5977
      vertex 85.3707 0 25.5977
    endloop
  endfacet
  facet normal 0.427523 0 -0.904005
    outer loop
      vertex 85.3707 4 25.5977
      vertex 83.419 0 24.6747
      vertex 83.419 4 24.6747
    endloop
  endfacet
  facet normal 0.0490505 0 -0.998796
    outer loop
      vertex 75 0 23
      vertex 77.1564 4 23.1059
      vertex 77.1564 0 23.1059
    endloop
  endfacet
  facet normal 0.0490505 0 -0.998796
    outer loop
      vertex 77.1564 4 23.1059
      vertex 75 0 23
      vertex 75 4 23
    endloop
  endfacet
  facet normal -0.989176 0 -0.146737
    outer loop
      vertex 53.4227 0 40.708
      vertex 53.1059 4 42.8436
      vertex 53.4227 4 40.708
    endloop
  endfacet
  facet normal -0.989176 -0 -0.146737
    outer loop
      vertex 53.1059 4 42.8436
      vertex 53.4227 0 40.708
      vertex 53.1059 0 42.8436
    endloop
  endfacet
  facet normal 0.5957 0 -0.803207
    outer loop
      vertex 87.2225 0 26.7077
      vertex 88.9566 4 27.9938
      vertex 88.9566 0 27.9938
    endloop
  endfacet
  facet normal 0.5957 0 -0.803207
    outer loop
      vertex 88.9566 4 27.9938
      vertex 87.2225 0 26.7077
      vertex 87.2225 4 26.7077
    endloop
  endfacet
  facet normal -0.803223 0 -0.595678
    outer loop
      vertex 57.9938 0 31.0433
      vertex 56.7077 4 32.7775
      vertex 57.9938 4 31.0433
    endloop
  endfacet
  facet normal -0.803223 -0 -0.595678
    outer loop
      vertex 56.7077 4 32.7775
      vertex 57.9938 0 31.0433
      vertex 56.7077 0 32.7775
    endloop
  endfacet
  facet normal -0.998796 0 0.0490505
    outer loop
      vertex 53 0 45
      vertex 53.1059 4 47.1564
      vertex 53 4 45
    endloop
  endfacet
  facet normal -0.998796 0 0.0490505
    outer loop
      vertex 53.1059 4 47.1564
      vertex 53 0 45
      vertex 53.1059 0 47.1564
    endloop
  endfacet
  facet normal 0.74097 0 -0.671538
    outer loop
      vertex 92.0062 0 31.0433
      vertex 90.5564 4 29.4436
      vertex 92.0062 4 31.0433
    endloop
  endfacet
  facet normal 0.74097 0 -0.671538
    outer loop
      vertex 90.5564 4 29.4436
      vertex 92.0062 0 31.0433
      vertex 90.5564 0 29.4436
    endloop
  endfacet
  facet normal 1 -0 0
    outer loop
      vertex 150 1 100
      vertex 150 5 94
      vertex 150 5 100
    endloop
  endfacet
  facet normal 1 0 0
    outer loop
      vertex 150 5 94
      vertex 150 1 100
      vertex 150 1 94
    endloop
  endfacet
  facet normal 0 -1 0
    outer loop
      vertex 0 1 94
      vertex 150 1 100
      vertex 0 1 100
    endloop
  endfacet
  facet normal 0 -1 -0
    outer loop
      vertex 150 1 100
      vertex 0 1 94
      vertex 150 1 94
    endloop
  endfacet
  facet normal 0 1 -0
    outer loop
      vertex 150 5 94
      vertex 145.864 5 100
      vertex 150 5 100
    endloop
  endfacet
  facet normal 0 1 0
    outer loop
      vertex 145.864 5 100
      vertex 150 5 94
      vertex 145.864 5 94
    endloop
  endfacet
  facet normal 0 1 -0
    outer loop
      vertex 4.13643 5 94
      vertex 0 5 100
      vertex 4.13643 5 100
    endloop
  endfacet
  facet normal 0 1 0
    outer loop
      vertex 0 5 100
      vertex 4.13643 5 94
      vertex 0 5 94
    endloop
  endfacet
  facet normal -1 0 0
    outer loop
      vertex 0 1 94
      vertex 0 5 100
      vertex 0 5 94
    endloop
  endfacet
  facet normal -1 -0 0
    outer loop
      vertex 0 5 100
      vertex 0 1 94
      vertex 0 1 100
    endloop
  endfacet
  facet normal 0 0 -1
    outer loop
      vertex 150 1 94
      vertex 145.864 5 94
      vertex 150 5 94
    endloop
  endfacet
  facet normal 0 0 -1
    outer loop
      vertex 150 1 94
      vertex 145.771 4.94463 94
      vertex 145.864 5 94
    endloop
  endfacet
  facet normal 0 0 -1
    outer loop
      vertex 150 1 94
      vertex 145.061 4.60896 94
      vertex 145.771 4.94463 94
    endloop
  endfacet
  facet normal 0 0 -1
    outer loop
      vertex 150 1 94
      vertex 144.322 4.34448 94
      vertex 145.061 4.60896 94
    endloop
  endfacet
  facet normal 0 0 -1
    outer loop
      vertex 150 1 94
      vertex 143.561 4.15372 94
      vertex 144.322 4.34448 94
    endloop
  endfacet
  facet normal 0 0 -1
    outer loop
      vertex 150 1 94
      vertex 142.784 4.03853 94
      vertex 143.561 4.15372 94
    endloop
  endfacet
  facet normal 0 0 -1
    outer loop
      vertex 150 1 94
      vertex 142 4 94
      vertex 142.784 4.03853 94
    endloop
  endfacet
  facet normal 0 0 -1
    outer loop
      vertex 150 1 94
      vertex 8 4 94
      vertex 142 4 94
    endloop
  endfacet
  facet normal 0 0 -1
    outer loop
      vertex 0 1 94
      vertex 8 4 94
      vertex 150 1 94
    endloop
  endfacet
  facet normal 0 0 -1
    outer loop
      vertex 0 1 94
      vertex 7.21587 4.03853 94
      vertex 8 4 94
    endloop
  endfacet
  facet normal 0 0 -1
    outer loop
      vertex 0 1 94
      vertex 6.43927 4.15372 94
      vertex 7.21587 4.03853 94
    endloop
  endfacet
  facet normal 0 0 -1
    outer loop
      vertex 0 1 94
      vertex 5.67772 4.34448 94
      vertex 6.43927 4.15372 94
    endloop
  endfacet
  facet normal 0 0 -1
    outer loop
      vertex 0 1 94
      vertex 4.93854 4.60896 94
      vertex 5.67772 4.34448 94
    endloop
  endfacet
  facet normal 0 0 -1
    outer loop
      vertex 0 1 94
      vertex 4.22882 4.94463 94
      vertex 4.93854 4.60896 94
    endloop
  endfacet
  facet normal 0 0 -1
    outer loop
      vertex 0 1 94
      vertex 4.13643 5 94
      vertex 4.22882 4.94463 94
    endloop
  endfacet
  facet normal -0 0 -1
    outer loop
      vertex 4.13643 5 94
      vertex 0 1 94
      vertex 0 5 94
    endloop
  endfacet
  facet normal 1 -0 0
    outer loop
      vertex 3.2 12 100
      vertex 3.2 186 4.2
      vertex 3.2 186 100
    endloop
  endfacet
  facet normal 1 0 0
    outer loop
      vertex 3.2 186 4.2
      vertex 3.2 12 100
      vertex 3.2 12 4.2
    endloop
  endfacet
  facet normal -0.0488777 -0.998805 0
    outer loop
      vertex 142 190.8 4.2
      vertex 142.47 190.777 100
      vertex 142 190.8 100
    endloop
  endfacet
  facet normal -0.0488777 -0.998805 -0
    outer loop
      vertex 142.47 190.777 100
      vertex 142 190.8 4.2
      vertex 142.47 190.777 4.2
    endloop
  endfacet
  facet normal -0.427411 0.904057 0
    outer loop
      vertex 144.263 7.76678 4.2
      vertex 143.837 7.56538 100
      vertex 144.263 7.76678 100
    endloop
  endfacet
  facet normal -0.427411 0.904057 0
    outer loop
      vertex 143.837 7.56538 100
      vertex 144.263 7.76678 4.2
      vertex 143.837 7.56538 4.2
    endloop
  endfacet
  facet normal 0.903984 0.427567 0
    outer loop
      vertex 3.76678 9.73729 100
      vertex 3.56538 10.1631 4.2
      vertex 3.56538 10.1631 100
    endloop
  endfacet
  facet normal 0.903984 0.427567 0
    outer loop
      vertex 3.56538 10.1631 4.2
      vertex 3.76678 9.73729 100
      vertex 3.76678 9.73729 4.2
    endloop
  endfacet
  facet normal -0.903491 0.428607 0
    outer loop
      vertex 146.233 9.73729 4.2
      vertex 146.435 10.1631 100
      vertex 146.435 10.1631 4.2
    endloop
  endfacet
  facet normal -0.903491 0.428607 0
    outer loop
      vertex 146.435 10.1631 100
      vertex 146.233 9.73729 4.2
      vertex 146.233 9.73729 100
    endloop
  endfacet
  facet normal 0 -1 0
    outer loop
      vertex 8 190.8 4.2
      vertex 142 190.8 100
      vertex 8 190.8 100
    endloop
  endfacet
  facet normal 0 -1 -0
    outer loop
      vertex 142 190.8 100
      vertex 8 190.8 4.2
      vertex 142 190.8 4.2
    endloop
  endfacet
  facet normal 0.671545 0.740964 -0
    outer loop
      vertex 4.95491 8.28955 4.2
      vertex 4.60588 8.60588 100
      vertex 4.95491 8.28955 100
    endloop
  endfacet
  facet normal 0.671545 0.740964 0
    outer loop
      vertex 4.60588 8.60588 100
      vertex 4.95491 8.28955 4.2
      vertex 4.60588 8.60588 4.2
    endloop
  endfacet
  facet normal 0.857729 0.514102 0
    outer loop
      vertex 4.00894 9.33327 100
      vertex 3.76678 9.73729 4.2
      vertex 3.76678 9.73729 100
    endloop
  endfacet
  facet normal 0.857729 0.514102 0
    outer loop
      vertex 3.76678 9.73729 4.2
      vertex 4.00894 9.33327 100
      vertex 4.00894 9.33327 4.2
    endloop
  endfacet
  facet normal 0.428591 -0.903499 0
    outer loop
      vertex 5.73729 190.233 4.2
      vertex 6.16312 190.435 100
      vertex 5.73729 190.233 100
    endloop
  endfacet
  facet normal 0.428591 -0.903499 0
    outer loop
      vertex 6.16312 190.435 100
      vertex 5.73729 190.233 4.2
      vertex 6.16312 190.435 4.2
    endloop
  endfacet
  facet normal -0.514121 0.857718 0
    outer loop
      vertex 144.667 8.00894 4.2
      vertex 144.263 7.76678 100
      vertex 144.667 8.00894 100
    endloop
  endfacet
  facet normal -0.514121 0.857718 0
    outer loop
      vertex 144.263 7.76678 100
      vertex 144.667 8.00894 4.2
      vertex 144.263 7.76678 4.2
    endloop
  endfacet
  facet normal -0.802541 -0.596598 0
    outer loop
      vertex 145.991 188.667 4.2
      vertex 145.71 189.045 100
      vertex 145.71 189.045 4.2
    endloop
  endfacet
  facet normal -0.802541 -0.596598 0
    outer loop
      vertex 145.71 189.045 100
      vertex 145.991 188.667 4.2
      vertex 145.991 188.667 100
    endloop
  endfacet
  facet normal 0 1 0
    outer loop
      vertex 142 7.2 100
      vertex 75 7.2 59.4
      vertex 8 7.2 100
    endloop
  endfacet
  facet normal 0 1 0
    outer loop
      vertex 142 7.2 100
      vertex 76.4114 7.2 59.3307
      vertex 75 7.2 59.4
    endloop
  endfacet
  facet normal 0 1 0
    outer loop
      vertex 142 7.2 100
      vertex 77.8093 7.2 59.1233
      vertex 76.4114 7.2 59.3307
    endloop
  endfacet
  facet normal 0 1 0
    outer loop
      vertex 142 7.2 100
      vertex 79.1801 7.2 58.7799
      vertex 77.8093 7.2 59.1233
    endloop
  endfacet
  facet normal 0 1 0
    outer loop
      vertex 142 7.2 100
      vertex 80.5106 7.2 58.3039
      vertex 79.1801 7.2 58.7799
    endloop
  endfacet
  facet normal 0 1 0
    outer loop
      vertex 142 7.2 100
      vertex 81.7881 7.2 57.6997
      vertex 80.5106 7.2 58.3039
    endloop
  endfacet
  facet normal 0 1 0
    outer loop
      vertex 142 7.2 100
      vertex 83.0002 7.2 56.9732
      vertex 81.7881 7.2 57.6997
    endloop
  endfacet
  facet normal 0 1 0
    outer loop
      vertex 142 7.2 100
      vertex 84.1353 7.2 56.1314
      vertex 83.0002 7.2 56.9732
    endloop
  endfacet
  facet normal 0 1 0
    outer loop
      vertex 142 7.2 100
      vertex 85.1823 7.2 55.1823
      vertex 84.1353 7.2 56.1314
    endloop
  endfacet
  facet normal 0 1 0
    outer loop
      vertex 142 7.2 100
      vertex 86.1313 7.2 54.1353
      vertex 85.1823 7.2 55.1823
    endloop
  endfacet
  facet normal 0 1 0
    outer loop
      vertex 142 7.2 100
      vertex 86.9732 7.2 53.0002
      vertex 86.1313 7.2 54.1353
    endloop
  endfacet
  facet normal 0 1 0
    outer loop
      vertex 142 7.2 100
      vertex 87.6997 7.2 51.7881
      vertex 86.9732 7.2 53.0002
    endloop
  endfacet
  facet normal 0 1 0
    outer loop
      vertex 142 7.2 100
      vertex 88.3039 7.2 50.5106
      vertex 87.6997 7.2 51.7881
    endloop
  endfacet
  facet normal 0 1 0
    outer loop
      vertex 142 7.2 100
      vertex 88.7799 7.2 49.1801
      vertex 88.3039 7.2 50.5106
    endloop
  endfacet
  facet normal 0 1 0
    outer loop
      vertex 142 7.2 100
      vertex 89.1233 7.2 47.8093
      vertex 88.7799 7.2 49.1801
    endloop
  endfacet
  facet normal 0 1 0
    outer loop
      vertex 142 7.2 100
      vertex 89.3307 7.2 46.4114
      vertex 89.1233 7.2 47.8093
    endloop
  endfacet
  facet normal 0 1 -0
    outer loop
      vertex 142 7.2 4.2
      vertex 89.3307 7.2 46.4114
      vertex 142 7.2 100
    endloop
  endfacet
  facet normal 0 1 0
    outer loop
      vertex 89.3307 7.2 46.4114
      vertex 142 7.2 4.2
      vertex 89.4 7.2 45
    endloop
  endfacet
  facet normal 0 1 0
    outer loop
      vertex 89.4 7.2 45
      vertex 142 7.2 4.2
      vertex 89.3307 7.2 43.5886
    endloop
  endfacet
  facet normal 0 1 0
    outer loop
      vertex 89.3307 7.2 43.5886
      vertex 142 7.2 4.2
      vertex 89.1233 7.2 42.1907
    endloop
  endfacet
  facet normal 0 1 0
    outer loop
      vertex 89.1233 7.2 42.1907
      vertex 142 7.2 4.2
      vertex 88.7799 7.2 40.8199
    endloop
  endfacet
  facet normal 0 1 0
    outer loop
      vertex 88.7799 7.2 40.8199
      vertex 142 7.2 4.2
      vertex 88.3039 7.2 39.4894
    endloop
  endfacet
  facet normal 0 1 0
    outer loop
      vertex 88.3039 7.2 39.4894
      vertex 142 7.2 4.2
      vertex 87.6997 7.2 38.2119
    endloop
  endfacet
  facet normal 0 1 0
    outer loop
      vertex 87.6997 7.2 38.2119
      vertex 142 7.2 4.2
      vertex 86.9732 7.2 36.9998
    endloop
  endfacet
  facet normal 0 1 0
    outer loop
      vertex 76.4114 7.2 30.6693
      vertex 142 7.2 4.2
      vertex 75 7.2 30.6
    endloop
  endfacet
  facet normal 0 1 0
    outer loop
      vertex 77.8093 7.2 30.8767
      vertex 142 7.2 4.2
      vertex 76.4114 7.2 30.6693
    endloop
  endfacet
  facet normal 0 1 0
    outer loop
      vertex 79.1801 7.2 31.2201
      vertex 142 7.2 4.2
      vertex 77.8093 7.2 30.8767
    endloop
  endfacet
  facet normal 0 1 0
    outer loop
      vertex 80.5106 7.2 31.6961
      vertex 142 7.2 4.2
      vertex 79.1801 7.2 31.2201
    endloop
  endfacet
  facet normal 0 1 0
    outer loop
      vertex 81.7881 7.2 32.3003
      vertex 142 7.2 4.2
      vertex 80.5106 7.2 31.6961
    endloop
  endfacet
  facet normal 0 1 0
    outer loop
      vertex 83.0002 7.2 33.0268
      vertex 142 7.2 4.2
      vertex 81.7881 7.2 32.3003
    endloop
  endfacet
  facet normal 0 1 0
    outer loop
      vertex 84.1353 7.2 33.8686
      vertex 142 7.2 4.2
      vertex 83.0002 7.2 33.0268
    endloop
  endfacet
  facet normal 0 1 0
    outer loop
      vertex 85.1823 7.2 34.8177
      vertex 142 7.2 4.2
      vertex 84.1353 7.2 33.8686
    endloop
  endfacet
  facet normal 0 1 0
    outer loop
      vertex 86.1313 7.2 35.8647
      vertex 142 7.2 4.2
      vertex 85.1823 7.2 34.8177
    endloop
  endfacet
  facet normal 0 1 0
    outer loop
      vertex 86.9732 7.2 36.9998
      vertex 142 7.2 4.2
      vertex 86.1313 7.2 35.8647
    endloop
  endfacet
  facet normal 0 1 -0
    outer loop
      vertex 73.5886 7.2 59.3307
      vertex 8 7.2 100
      vertex 75 7.2 59.4
    endloop
  endfacet
  facet normal 0 1 -0
    outer loop
      vertex 72.1907 7.2 59.1233
      vertex 8 7.2 100
      vertex 73.5886 7.2 59.3307
    endloop
  endfacet
  facet normal 0 1 -0
    outer loop
      vertex 70.8199 7.2 58.7799
      vertex 8 7.2 100
      vertex 72.1907 7.2 59.1233
    endloop
  endfacet
  facet normal 0 1 -0
    outer loop
      vertex 69.4894 7.2 58.3039
      vertex 8 7.2 100
      vertex 70.8199 7.2 58.7799
    endloop
  endfacet
  facet normal 0 1 -0
    outer loop
      vertex 68.2119 7.2 57.6997
      vertex 8 7.2 100
      vertex 69.4894 7.2 58.3039
    endloop
  endfacet
  facet normal 0 1 -0
    outer loop
      vertex 66.9998 7.2 56.9732
      vertex 8 7.2 100
      vertex 68.2119 7.2 57.6997
    endloop
  endfacet
  facet normal 0 1 -0
    outer loop
      vertex 65.8647 7.2 56.1314
      vertex 8 7.2 100
      vertex 66.9998 7.2 56.9732
    endloop
  endfacet
  facet normal 0 1 -0
    outer loop
      vertex 64.8177 7.2 55.1823
      vertex 8 7.2 100
      vertex 65.8647 7.2 56.1314
    endloop
  endfacet
  facet normal 0 1 -0
    outer loop
      vertex 63.8686 7.2 54.1353
      vertex 8 7.2 100
      vertex 64.8177 7.2 55.1823
    endloop
  endfacet
  facet normal 0 1 -0
    outer loop
      vertex 63.0268 7.2 53.0002
      vertex 8 7.2 100
      vertex 63.8686 7.2 54.1353
    endloop
  endfacet
  facet normal 0 1 -0
    outer loop
      vertex 62.3003 7.2 51.7881
      vertex 8 7.2 100
      vertex 63.0268 7.2 53.0002
    endloop
  endfacet
  facet normal 0 1 -0
    outer loop
      vertex 61.6961 7.2 50.5106
      vertex 8 7.2 100
      vertex 62.3003 7.2 51.7881
    endloop
  endfacet
  facet normal 0 1 -0
    outer loop
      vertex 61.2201 7.2 49.1801
      vertex 8 7.2 100
      vertex 61.6961 7.2 50.5106
    endloop
  endfacet
  facet normal 0 1 -0
    outer loop
      vertex 60.8767 7.2 47.8093
      vertex 8 7.2 100
      vertex 61.2201 7.2 49.1801
    endloop
  endfacet
  facet normal 0 1 -0
    outer loop
      vertex 60.6693 7.2 46.4114
      vertex 8 7.2 100
      vertex 60.8767 7.2 47.8093
    endloop
  endfacet
  facet normal 0 1 0
    outer loop
      vertex 8 7.2 4.2
      vertex 60.6693 7.2 46.4114
      vertex 60.6 7.2 45
    endloop
  endfacet
  facet normal 0 1 0
    outer loop
      vertex 8 7.2 4.2
      vertex 60.6 7.2 45
      vertex 60.6693 7.2 43.5886
    endloop
  endfacet
  facet normal 0 1 0
    outer loop
      vertex 8 7.2 4.2
      vertex 60.6693 7.2 43.5886
      vertex 60.8767 7.2 42.1907
    endloop
  endfacet
  facet normal 0 1 0
    outer loop
      vertex 8 7.2 4.2
      vertex 60.8767 7.2 42.1907
      vertex 61.2201 7.2 40.8199
    endloop
  endfacet
  facet normal 0 1 0
    outer loop
      vertex 8 7.2 4.2
      vertex 61.2201 7.2 40.8199
      vertex 61.6961 7.2 39.4894
    endloop
  endfacet
  facet normal 0 1 0
    outer loop
      vertex 8 7.2 4.2
      vertex 61.6961 7.2 39.4894
      vertex 62.3003 7.2 38.2119
    endloop
  endfacet
  facet normal 0 1 0
    outer loop
      vertex 8 7.2 4.2
      vertex 62.3003 7.2 38.2119
      vertex 63.0268 7.2 36.9998
    endloop
  endfacet
  facet normal 0 1 0
    outer loop
      vertex 8 7.2 4.2
      vertex 63.0268 7.2 36.9998
      vertex 63.8686 7.2 35.8647
    endloop
  endfacet
  facet normal 0 1 0
    outer loop
      vertex 8 7.2 4.2
      vertex 75 7.2 30.6
      vertex 142 7.2 4.2
    endloop
  endfacet
  facet normal 0 1 0
    outer loop
      vertex 75 7.2 30.6
      vertex 8 7.2 4.2
      vertex 73.5886 7.2 30.6693
    endloop
  endfacet
  facet normal 0 1 0
    outer loop
      vertex 73.5886 7.2 30.6693
      vertex 8 7.2 4.2
      vertex 72.1907 7.2 30.8767
    endloop
  endfacet
  facet normal 0 1 0
    outer loop
      vertex 72.1907 7.2 30.8767
      vertex 8 7.2 4.2
      vertex 70.8199 7.2 31.2201
    endloop
  endfacet
  facet normal 0 1 0
    outer loop
      vertex 60.6693 7.2 46.4114
      vertex 8 7.2 4.2
      vertex 8 7.2 100
    endloop
  endfacet
  facet normal 0 1 0
    outer loop
      vertex 64.8177 7.2 34.8177
      vertex 8 7.2 4.2
      vertex 63.8686 7.2 35.8647
    endloop
  endfacet
  facet normal 0 1 0
    outer loop
      vertex 65.8647 7.2 33.8686
      vertex 8 7.2 4.2
      vertex 64.8177 7.2 34.8177
    endloop
  endfacet
  facet normal 0 1 0
    outer loop
      vertex 66.9998 7.2 33.0268
      vertex 8 7.2 4.2
      vertex 65.8647 7.2 33.8686
    endloop
  endfacet
  facet normal 0 1 0
    outer loop
      vertex 68.2119 7.2 32.3003
      vertex 8 7.2 4.2
      vertex 66.9998 7.2 33.0268
    endloop
  endfacet
  facet normal 0 1 0
    outer loop
      vertex 69.4894 7.2 31.6961
      vertex 8 7.2 4.2
      vertex 68.2119 7.2 32.3003
    endloop
  endfacet
  facet normal 0 1 0
    outer loop
      vertex 70.8199 7.2 31.2201
      vertex 8 7.2 4.2
      vertex 69.4894 7.2 31.6961
    endloop
  endfacet
  facet normal 0.513852 -0.857879 0
    outer loop
      vertex 5.33327 189.991 4.2
      vertex 5.73729 190.233 100
      vertex 5.33327 189.991 100
    endloop
  endfacet
  facet normal 0.513852 -0.857879 0
    outer loop
      vertex 5.73729 190.233 100
      vertex 5.33327 189.991 4.2
      vertex 5.73729 190.233 4.2
    endloop
  endfacet
  facet normal -0.802812 0.596232 0
    outer loop
      vertex 145.71 8.95491 4.2
      vertex 145.991 9.33327 100
      vertex 145.991 9.33327 4.2
    endloop
  endfacet
  facet normal -0.802812 0.596232 0
    outer loop
      vertex 145.991 9.33327 100
      vertex 145.71 8.95491 4.2
      vertex 145.71 8.95491 100
    endloop
  endfacet
  facet normal -0.335261 -0.942125 0
    outer loop
      vertex 143.393 190.593 4.2
      vertex 143.837 190.435 100
      vertex 143.393 190.593 100
    endloop
  endfacet
  facet normal -0.335261 -0.942125 -0
    outer loop
      vertex 143.837 190.435 100
      vertex 143.393 190.593 4.2
      vertex 143.837 190.435 4.2
    endloop
  endfacet
  facet normal -0.741313 0.67116 0
    outer loop
      vertex 145.394 8.60588 4.2
      vertex 145.71 8.95491 100
      vertex 145.71 8.95491 4.2
    endloop
  endfacet
  facet normal -0.741313 0.67116 0
    outer loop
      vertex 145.71 8.95491 100
      vertex 145.394 8.60588 4.2
      vertex 145.394 8.60588 100
    endloop
  endfacet
  facet normal 0.998793 -0.0491109 0
    outer loop
      vertex 3.2 186 100
      vertex 3.22311 186.47 4.2
      vertex 3.22311 186.47 100
    endloop
  endfacet
  facet normal 0.998793 -0.0491109 0
    outer loop
      vertex 3.22311 186.47 4.2
      vertex 3.2 186 100
      vertex 3.2 186 4.2
    endloop
  endfacet
  facet normal -0.942125 -0.335261 0
    outer loop
      vertex 146.593 187.393 4.2
      vertex 146.435 187.837 100
      vertex 146.435 187.837 4.2
    endloop
  endfacet
  facet normal -0.942125 -0.335261 0
    outer loop
      vertex 146.435 187.837 100
      vertex 146.593 187.393 4.2
      vertex 146.593 187.393 100
    endloop
  endfacet
  facet normal 0.14676 0.989172 -0
    outer loop
      vertex 7.52951 7.22311 4.2
      vertex 7.06357 7.29224 100
      vertex 7.52951 7.22311 100
    endloop
  endfacet
  facet normal 0.14676 0.989172 0
    outer loop
      vertex 7.06357 7.29224 100
      vertex 7.52951 7.22311 4.2
      vertex 7.06357 7.29224 4.2
    endloop
  endfacet
  facet normal 0.941662 -0.336559 0
    outer loop
      vertex 3.40669 187.393 100
      vertex 3.56538 187.837 4.2
      vertex 3.56538 187.837 100
    endloop
  endfacet
  facet normal 0.941662 -0.336559 0
    outer loop
      vertex 3.56538 187.837 4.2
      vertex 3.40669 187.393 100
      vertex 3.40669 187.393 4.2
    endloop
  endfacet
  facet normal 0.0490599 0.998796 -0
    outer loop
      vertex 8 7.2 4.2
      vertex 7.52951 7.22311 100
      vertex 8 7.2 100
    endloop
  endfacet
  facet normal 0.0490599 0.998796 0
    outer loop
      vertex 7.52951 7.22311 100
      vertex 8 7.2 4.2
      vertex 7.52951 7.22311 4.2
    endloop
  endfacet
  facet normal -0.857867 -0.513871 0
    outer loop
      vertex 146.233 188.263 4.2
      vertex 145.991 188.667 100
      vertex 145.991 188.667 4.2
    endloop
  endfacet
  facet normal -0.857867 -0.513871 0
    outer loop
      vertex 145.991 188.667 100
      vertex 146.233 188.263 4.2
      vertex 146.233 188.263 100
    endloop
  endfacet
  facet normal -0.969767 -0.244033 0
    outer loop
      vertex 146.708 186.936 4.2
      vertex 146.593 187.393 100
      vertex 146.593 187.393 4.2
    endloop
  endfacet
  facet normal -0.969767 -0.244033 0
    outer loop
      vertex 146.593 187.393 100
      vertex 146.708 186.936 4.2
      vertex 146.708 186.936 100
    endloop
  endfacet
  facet normal 0.998796 0.0490588 0
    outer loop
      vertex 3.22311 11.5295 100
      vertex 3.2 12 4.2
      vertex 3.2 12 100
    endloop
  endfacet
  facet normal 0.998796 0.0490588 0
    outer loop
      vertex 3.2 12 4.2
      vertex 3.22311 11.5295 100
      vertex 3.22311 11.5295 4.2
    endloop
  endfacet
  facet normal 0.514102 0.857729 -0
    outer loop
      vertex 5.73729 7.76678 4.2
      vertex 5.33327 8.00894 100
      vertex 5.73729 7.76678 100
    endloop
  endfacet
  facet normal 0.514102 0.857729 0
    outer loop
      vertex 5.33327 8.00894 100
      vertex 5.73729 7.76678 4.2
      vertex 5.33327 8.00894 4.2
    endloop
  endfacet
  facet normal 0.970043 0.242935 0
    outer loop
      vertex 3.40669 10.6066 100
      vertex 3.29224 11.0636 4.2
      vertex 3.29224 11.0636 100
    endloop
  endfacet
  facet normal 0.970043 0.242935 0
    outer loop
      vertex 3.29224 11.0636 4.2
      vertex 3.40669 10.6066 100
      vertex 3.40669 10.6066 4.2
    endloop
  endfacet
  facet normal 0.596232 -0.802812 0
    outer loop
      vertex 4.95491 189.71 4.2
      vertex 5.33327 189.991 100
      vertex 4.95491 189.71 100
    endloop
  endfacet
  facet normal 0.596232 -0.802812 0
    outer loop
      vertex 5.33327 189.991 100
      vertex 4.95491 189.71 4.2
      vertex 5.33327 189.991 4.2
    endloop
  endfacet
  facet normal -0.741284 -0.671191 0
    outer loop
      vertex 145.71 189.045 4.2
      vertex 145.394 189.394 100
      vertex 145.394 189.394 4.2
    endloop
  endfacet
  facet normal -0.741284 -0.671191 0
    outer loop
      vertex 145.394 189.394 100
      vertex 145.71 189.045 4.2
      vertex 145.71 189.045 100
    endloop
  endfacet
  facet normal -1 0 0
    outer loop
      vertex 146.8 12 4.2
      vertex 146.8 186 100
      vertex 146.8 186 4.2
    endloop
  endfacet
  facet normal -1 -0 0
    outer loop
      vertex 146.8 186 100
      vertex 146.8 12 4.2
      vertex 146.8 12 100
    endloop
  endfacet
  facet normal 0.98917 0.146773 0
    outer loop
      vertex 3.29224 11.0636 100
      vertex 3.22311 11.5295 4.2
      vertex 3.22311 11.5295 100
    endloop
  endfacet
  facet normal 0.98917 0.146773 0
    outer loop
      vertex 3.22311 11.5295 4.2
      vertex 3.29224 11.0636 100
      vertex 3.29224 11.0636 4.2
    endloop
  endfacet
  facet normal -0.998807 0.0488259 0
    outer loop
      vertex 146.777 11.5295 4.2
      vertex 146.8 12 100
      vertex 146.8 12 4.2
    endloop
  endfacet
  facet normal -0.998807 0.0488259 0
    outer loop
      vertex 146.8 12 100
      vertex 146.777 11.5295 4.2
      vertex 146.777 11.5295 100
    endloop
  endfacet
  facet normal 0.33559 -0.942008 0
    outer loop
      vertex 6.16312 190.435 4.2
      vertex 6.60663 190.593 100
      vertex 6.16312 190.435 100
    endloop
  endfacet
  facet normal 0.33559 -0.942008 0
    outer loop
      vertex 6.60663 190.593 100
      vertex 6.16312 190.435 4.2
      vertex 6.60663 190.593 4.2
    endloop
  endfacet
  facet normal 0.740964 0.671545 0
    outer loop
      vertex 4.60588 8.60588 100
      vertex 4.28955 8.95491 4.2
      vertex 4.28955 8.95491 100
    endloop
  endfacet
  facet normal 0.740964 0.671545 0
    outer loop
      vertex 4.28955 8.95491 4.2
      vertex 4.60588 8.60588 100
      vertex 4.60588 8.60588 4.2
    endloop
  endfacet
  facet normal 0.802937 -0.596064 0
    outer loop
      vertex 4.00894 188.667 100
      vertex 4.28955 189.045 4.2
      vertex 4.28955 189.045 100
    endloop
  endfacet
  facet normal 0.802937 -0.596064 0
    outer loop
      vertex 4.28955 189.045 4.2
      vertex 4.00894 188.667 100
      vertex 4.00894 188.667 4.2
    endloop
  endfacet
  facet normal -0.428451 -0.903565 0
    outer loop
      vertex 143.837 190.435 4.2
      vertex 144.263 190.233 100
      vertex 143.837 190.435 100
    endloop
  endfacet
  facet normal -0.428451 -0.903565 -0
    outer loop
      vertex 144.263 190.233 100
      vertex 143.837 190.435 4.2
      vertex 144.263 190.233 4.2
    endloop
  endfacet
  facet normal 0.336889 0.941544 -0
    outer loop
      vertex 6.60663 7.40669 4.2
      vertex 6.16312 7.56538 100
      vertex 6.60663 7.40669 100
    endloop
  endfacet
  facet normal 0.336889 0.941544 0
    outer loop
      vertex 6.16312 7.56538 100
      vertex 6.60663 7.40669 4.2
      vertex 6.16312 7.56538 4.2
    endloop
  endfacet
  facet normal 0.14649 -0.989212 0
    outer loop
      vertex 7.06357 190.708 4.2
      vertex 7.52951 190.777 100
      vertex 7.06357 190.708 100
    endloop
  endfacet
  facet normal 0.14649 -0.989212 0
    outer loop
      vertex 7.52951 190.777 100
      vertex 7.06357 190.708 4.2
      vertex 7.52951 190.777 4.2
    endloop
  endfacet
  facet normal 0.740935 -0.671576 0
    outer loop
      vertex 4.28955 189.045 100
      vertex 4.60588 189.394 4.2
      vertex 4.60588 189.394 100
    endloop
  endfacet
  facet normal 0.740935 -0.671576 0
    outer loop
      vertex 4.60588 189.394 4.2
      vertex 4.28955 189.045 100
      vertex 4.28955 189.045 4.2
    endloop
  endfacet
  facet normal 0.941542 0.336896 0
    outer loop
      vertex 3.56538 10.1631 100
      vertex 3.40669 10.6066 4.2
      vertex 3.40669 10.6066 100
    endloop
  endfacet
  facet normal 0.941542 0.336896 0
    outer loop
      vertex 3.40669 10.6066 4.2
      vertex 3.56538 10.1631 100
      vertex 3.56538 10.1631 4.2
    endloop
  endfacet
  facet normal -0.942006 0.335596 0
    outer loop
      vertex 146.435 10.1631 4.2
      vertex 146.593 10.6066 100
      vertex 146.593 10.6066 4.2
    endloop
  endfacet
  facet normal -0.942006 0.335596 0
    outer loop
      vertex 146.593 10.6066 100
      vertex 146.435 10.1631 4.2
      vertex 146.435 10.1631 100
    endloop
  endfacet
  facet normal -0.513871 -0.857867 0
    outer loop
      vertex 144.263 190.233 4.2
      vertex 144.667 189.991 100
      vertex 144.263 190.233 100
    endloop
  endfacet
  facet normal -0.513871 -0.857867 -0
    outer loop
      vertex 144.667 189.991 100
      vertex 144.263 190.233 4.2
      vertex 144.667 189.991 4.2
    endloop
  endfacet
  facet normal -0.336559 0.941662 0
    outer loop
      vertex 143.837 7.56538 4.2
      vertex 143.393 7.40669 100
      vertex 143.837 7.56538 100
    endloop
  endfacet
  facet normal -0.336559 0.941662 0
    outer loop
      vertex 143.393 7.40669 100
      vertex 143.837 7.56538 4.2
      vertex 143.393 7.40669 4.2
    endloop
  endfacet
  facet normal 0.0488269 -0.998807 0
    outer loop
      vertex 7.52951 190.777 4.2
      vertex 8 190.8 100
      vertex 7.52951 190.777 100
    endloop
  endfacet
  facet normal 0.0488269 -0.998807 0
    outer loop
      vertex 8 190.8 100
      vertex 7.52951 190.777 4.2
      vertex 8 190.8 4.2
    endloop
  endfacet
  facet normal 0.242965 0.970035 -0
    outer loop
      vertex 7.06357 7.29224 4.2
      vertex 6.60663 7.40669 100
      vertex 7.06357 7.29224 100
    endloop
  endfacet
  facet normal 0.242965 0.970035 0
    outer loop
      vertex 6.60663 7.40669 100
      vertex 7.06357 7.29224 4.2
      vertex 6.60663 7.40669 4.2
    endloop
  endfacet
  facet normal -0.903565 -0.428451 0
    outer loop
      vertex 146.435 187.837 4.2
      vertex 146.233 188.263 100
      vertex 146.233 188.263 4.2
    endloop
  endfacet
  facet normal -0.903565 -0.428451 0
    outer loop
      vertex 146.233 188.263 100
      vertex 146.435 187.837 4.2
      vertex 146.435 187.837 100
    endloop
  endfacet
  facet normal -0.242935 0.970043 0
    outer loop
      vertex 143.393 7.40669 4.2
      vertex 142.936 7.29224 100
      vertex 143.393 7.40669 100
    endloop
  endfacet
  facet normal -0.242935 0.970043 0
    outer loop
      vertex 142.936 7.29224 100
      vertex 143.393 7.40669 4.2
      vertex 142.936 7.29224 4.2
    endloop
  endfacet
  facet normal 0.857718 -0.514121 0
    outer loop
      vertex 3.76678 188.263 100
      vertex 4.00894 188.667 4.2
      vertex 4.00894 188.667 100
    endloop
  endfacet
  facet normal 0.857718 -0.514121 0
    outer loop
      vertex 4.00894 188.667 4.2
      vertex 3.76678 188.263 100
      vertex 3.76678 188.263 4.2
    endloop
  endfacet
  facet normal -0.989215 -0.146472 0
    outer loop
      vertex 146.777 186.47 4.2
      vertex 146.708 186.936 100
      vertex 146.708 186.936 4.2
    endloop
  endfacet
  facet normal -0.989215 -0.146472 0
    outer loop
      vertex 146.708 186.936 100
      vertex 146.777 186.47 4.2
      vertex 146.777 186.47 100
    endloop
  endfacet
  facet normal 0.803208 0.595698 0
    outer loop
      vertex 4.28955 8.95491 100
      vertex 4.00894 9.33327 4.2
      vertex 4.00894 9.33327 100
    endloop
  endfacet
  facet normal 0.803208 0.595698 0
    outer loop
      vertex 4.00894 9.33327 4.2
      vertex 4.28955 8.95491 100
      vertex 4.28955 8.95491 4.2
    endloop
  endfacet
  facet normal -0 0 1
    outer loop
      vertex 19.1236 168.975 4.2
      vertex 64 149 4.2
      vertex 19.5962 169.404 4.2
    endloop
  endfacet
  facet normal 0 0 1
    outer loop
      vertex 65.8538 55.1113 4.2
      vertex 21.4687 24.6371 4.2
      vertex 21.5 24 4.2
    endloop
  endfacet
  facet normal 0 0 1
    outer loop
      vertex 64 149 4.2
      vertex 19.1236 168.975 4.2
      vertex 64.053 147.922 4.2
    endloop
  endfacet
  facet normal 0 0 1
    outer loop
      vertex 65.8538 55.1113 4.2
      vertex 21.3751 25.2681 4.2
      vertex 21.4687 24.6371 4.2
    endloop
  endfacet
  facet normal -0 0 1
    outer loop
      vertex 18.6112 168.595 4.2
      vertex 64.053 147.922 4.2
      vertex 19.1236 168.975 4.2
    endloop
  endfacet
  facet normal 0 0 1
    outer loop
      vertex 65.8538 55.1113 4.2
      vertex 21.2201 25.8869 4.2
      vertex 21.3751 25.2681 4.2
    endloop
  endfacet
  facet normal 0 0 1
    outer loop
      vertex 64.053 147.922 4.2
      vertex 18.6112 168.595 4.2
      vertex 64.2114 146.854 4.2
    endloop
  endfacet
  facet normal 0 0 1
    outer loop
      vertex 65.8538 55.1113 4.2
      vertex 21.0052 26.4874 4.2
      vertex 21.2201 25.8869 4.2
    endloop
  endfacet
  facet normal -0 0 1
    outer loop
      vertex 18.0641 168.268 4.2
      vertex 64.2114 146.854 4.2
      vertex 18.6112 168.595 4.2
    endloop
  endfacet
  facet normal 0 0 1
    outer loop
      vertex 65.8538 55.1113 4.2
      vertex 20.7325 27.0641 4.2
      vertex 21.0052 26.4874 4.2
    endloop
  endfacet
  facet normal 0 0 1
    outer loop
      vertex 64.2114 146.854 4.2
      vertex 18.0641 168.268 4.2
      vertex 64.4737 145.807 4.2
    endloop
  endfacet
  facet normal 0 0 1
    outer loop
      vertex 65.8538 55.1113 4.2
      vertex 20.4046 27.6112 4.2
      vertex 20.7325 27.0641 4.2
    endloop
  endfacet
  facet normal -0 0 1
    outer loop
      vertex 17.4874 167.995 4.2
      vertex 64.4737 145.807 4.2
      vertex 18.0641 168.268 4.2
    endloop
  endfacet
  facet normal 0 0 1
    outer loop
      vertex 65.8538 55.1113 4.2
      vertex 20.0246 28.1236 4.2
      vertex 20.4046 27.6112 4.2
    endloop
  endfacet
  facet normal 0 0 1
    outer loop
      vertex 64.4737 145.807 4.2
      vertex 17.4874 167.995 4.2
      vertex 64.8373 144.79 4.2
    endloop
  endfacet
  facet normal 0 0 1
    outer loop
      vertex 65.8538 55.1113 4.2
      vertex 19.5962 28.5962 4.2
      vertex 20.0246 28.1236 4.2
    endloop
  endfacet
  facet normal -0 0 1
    outer loop
      vertex 16.8869 167.78 4.2
      vertex 64.8373 144.79 4.2
      vertex 17.4874 167.995 4.2
    endloop
  endfacet
  facet normal 0 0 1
    outer loop
      vertex 65.8538 55.1113 4.2
      vertex 19.1236 29.0246 4.2
      vertex 19.5962 28.5962 4.2
    endloop
  endfacet
  facet normal -0 0 1
    outer loop
      vertex 16.2681 167.625 4.2
      vertex 64.8373 144.79 4.2
      vertex 16.8869 167.78 4.2
    endloop
  endfacet
  facet normal 0 0 1
    outer loop
      vertex 65.8538 55.1113 4.2
      vertex 18.6112 29.4046 4.2
      vertex 19.1236 29.0246 4.2
    endloop
  endfacet
  facet normal 0 0 1
    outer loop
      vertex 64.8373 144.79 4.2
      vertex 16.2681 167.625 4.2
      vertex 65.2989 143.815 4.2
    endloop
  endfacet
  facet normal 0 0 1
    outer loop
      vertex 65.8538 55.1113 4.2
      vertex 18.0641 29.7325 4.2
      vertex 18.6112 29.4046 4.2
    endloop
  endfacet
  facet normal -0 0 1
    outer loop
      vertex 15.6371 167.531 4.2
      vertex 65.2989 143.815 4.2
      vertex 16.2681 167.625 4.2
    endloop
  endfacet
  facet normal 0 0 1
    outer loop
      vertex 65.8538 55.1113 4.2
      vertex 17.4874 30.0052 4.2
      vertex 18.0641 29.7325 4.2
    endloop
  endfacet
  facet normal 0 0 1
    outer loop
      vertex 65.2989 143.815 4.2
      vertex 15.6371 167.531 4.2
      vertex 65.8538 142.889 4.2
    endloop
  endfacet
  facet normal 0 0 1
    outer loop
      vertex 65.8538 55.1113 4.2
      vertex 16.8869 30.2201 4.2
      vertex 17.4874 30.0052 4.2
    endloop
  endfacet
  facet normal -0 0 1
    outer loop
      vertex 15 167.5 4.2
      vertex 65.8538 142.889 4.2
      vertex 15.6371 167.531 4.2
    endloop
  endfacet
  facet normal 0 0 1
    outer loop
      vertex 65.8538 55.1113 4.2
      vertex 16.2681 30.3751 4.2
      vertex 16.8869 30.2201 4.2
    endloop
  endfacet
  facet normal 0 0 1
    outer loop
      vertex 65.8538 142.889 4.2
      vertex 15 167.5 4.2
      vertex 65.8538 55.1113 4.2
    endloop
  endfacet
  facet normal 0 0 1
    outer loop
      vertex 65.8538 55.1113 4.2
      vertex 15.6371 30.4687 4.2
      vertex 16.2681 30.3751 4.2
    endloop
  endfacet
  facet normal 0 0 1
    outer loop
      vertex 15 30.5 4.2
      vertex 65.8538 55.1113 4.2
      vertex 15 167.5 4.2
    endloop
  endfacet
  facet normal 0 0 1
    outer loop
      vertex 65.8538 55.1113 4.2
      vertex 15 30.5 4.2
      vertex 15.6371 30.4687 4.2
    endloop
  endfacet
  facet normal 0 0 1
    outer loop
      vertex 14.3629 167.531 4.2
      vertex 15 30.5 4.2
      vertex 15 167.5 4.2
    endloop
  endfacet
  facet normal 0 0 1
    outer loop
      vertex 14.3629 167.531 4.2
      vertex 14.3629 30.4687 4.2
      vertex 15 30.5 4.2
    endloop
  endfacet
  facet normal 0 0 1
    outer loop
      vertex 13.7319 167.625 4.2
      vertex 14.3629 30.4687 4.2
      vertex 14.3629 167.531 4.2
    endloop
  endfacet
  facet normal 0 0 1
    outer loop
      vertex 13.7319 167.625 4.2
      vertex 13.7319 30.3751 4.2
      vertex 14.3629 30.4687 4.2
    endloop
  endfacet
  facet normal 0 0 1
    outer loop
      vertex 13.1131 167.78 4.2
      vertex 13.7319 30.3751 4.2
      vertex 13.7319 167.625 4.2
    endloop
  endfacet
  facet normal 0 0 1
    outer loop
      vertex 13.1131 167.78 4.2
      vertex 13.1131 30.2201 4.2
      vertex 13.7319 30.3751 4.2
    endloop
  endfacet
  facet normal 0 0 1
    outer loop
      vertex 12.5126 167.995 4.2
      vertex 13.1131 30.2201 4.2
      vertex 13.1131 167.78 4.2
    endloop
  endfacet
  facet normal 0 0 1
    outer loop
      vertex 12.5126 167.995 4.2
      vertex 12.5126 30.0052 4.2
      vertex 13.1131 30.2201 4.2
    endloop
  endfacet
  facet normal 0 0 1
    outer loop
      vertex 11.9359 168.268 4.2
      vertex 12.5126 30.0052 4.2
      vertex 12.5126 167.995 4.2
    endloop
  endfacet
  facet normal 0 0 1
    outer loop
      vertex 11.9359 168.268 4.2
      vertex 11.9359 29.7325 4.2
      vertex 12.5126 30.0052 4.2
    endloop
  endfacet
  facet normal 0 0 1
    outer loop
      vertex 11.3888 168.595 4.2
      vertex 11.9359 29.7325 4.2
      vertex 11.9359 168.268 4.2
    endloop
  endfacet
  facet normal 0 0 1
    outer loop
      vertex 11.3888 168.595 4.2
      vertex 11.3888 29.4046 4.2
      vertex 11.9359 29.7325 4.2
    endloop
  endfacet
  facet normal 0 0 1
    outer loop
      vertex 10.8764 168.975 4.2
      vertex 11.3888 29.4046 4.2
      vertex 11.3888 168.595 4.2
    endloop
  endfacet
  facet normal 0 0 1
    outer loop
      vertex 10.8764 168.975 4.2
      vertex 10.8764 29.0246 4.2
      vertex 11.3888 29.4046 4.2
    endloop
  endfacet
  facet normal 0 0 1
    outer loop
      vertex 10.4038 169.404 4.2
      vertex 10.8764 29.0246 4.2
      vertex 10.8764 168.975 4.2
    endloop
  endfacet
  facet normal 0 0 1
    outer loop
      vertex 10.4038 169.404 4.2
      vertex 10.4038 28.5962 4.2
      vertex 10.8764 29.0246 4.2
    endloop
  endfacet
  facet normal 0 0 1
    outer loop
      vertex 9.97543 169.876 4.2
      vertex 10.4038 28.5962 4.2
      vertex 10.4038 169.404 4.2
    endloop
  endfacet
  facet normal 0 0 1
    outer loop
      vertex 9.97543 169.876 4.2
      vertex 9.97543 28.1236 4.2
      vertex 10.4038 28.5962 4.2
    endloop
  endfacet
  facet normal 0 0 1
    outer loop
      vertex 9.59545 170.389 4.2
      vertex 9.97543 28.1236 4.2
      vertex 9.97543 169.876 4.2
    endloop
  endfacet
  facet normal 0 0 1
    outer loop
      vertex 9.59545 170.389 4.2
      vertex 9.59545 27.6112 4.2
      vertex 9.97543 28.1236 4.2
    endloop
  endfacet
  facet normal 0 0 1
    outer loop
      vertex 9.26751 170.936 4.2
      vertex 9.59545 27.6112 4.2
      vertex 9.59545 170.389 4.2
    endloop
  endfacet
  facet normal 0 0 1
    outer loop
      vertex 9.26751 170.936 4.2
      vertex 9.26751 27.0641 4.2
      vertex 9.59545 27.6112 4.2
    endloop
  endfacet
  facet normal 0 0 1
    outer loop
      vertex 8.99478 171.513 4.2
      vertex 9.26751 27.0641 4.2
      vertex 9.26751 170.936 4.2
    endloop
  endfacet
  facet normal 0 0 1
    outer loop
      vertex 8.99478 171.513 4.2
      vertex 8.99478 26.4874 4.2
      vertex 9.26751 27.0641 4.2
    endloop
  endfacet
  facet normal 0 0 1
    outer loop
      vertex 8.77989 172.113 4.2
      vertex 8.99478 26.4874 4.2
      vertex 8.99478 171.513 4.2
    endloop
  endfacet
  facet normal 0 0 1
    outer loop
      vertex 8.77989 172.113 4.2
      vertex 8.77989 25.8869 4.2
      vertex 8.99478 26.4874 4.2
    endloop
  endfacet
  facet normal 0 0 1
    outer loop
      vertex 3.2 186 4.2
      vertex 8.77989 172.113 4.2
      vertex 8.6249 172.732 4.2
    endloop
  endfacet
  facet normal 0 0 1
    outer loop
      vertex 8.77989 172.113 4.2
      vertex 3.2 186 4.2
      vertex 8.77989 25.8869 4.2
    endloop
  endfacet
  facet normal 0 0 1
    outer loop
      vertex 3.2 186 4.2
      vertex 8.6249 172.732 4.2
      vertex 8.5313 173.363 4.2
    endloop
  endfacet
  facet normal 0 0 1
    outer loop
      vertex 3.2 12 4.2
      vertex 8.77989 25.8869 4.2
      vertex 3.2 186 4.2
    endloop
  endfacet
  facet normal 0 0 1
    outer loop
      vertex 3.2 186 4.2
      vertex 8.5313 173.363 4.2
      vertex 8.5 174 4.2
    endloop
  endfacet
  facet normal 0 0 1
    outer loop
      vertex 8.77989 25.8869 4.2
      vertex 3.2 12 4.2
      vertex 8.6249 25.2681 4.2
    endloop
  endfacet
  facet normal 0 0 1
    outer loop
      vertex 84.7011 143.815 4.2
      vertex 133.732 167.625 4.2
      vertex 85.1627 144.79 4.2
    endloop
  endfacet
  facet normal 0 0 1
    outer loop
      vertex 135 30.5 4.2
      vertex 85.947 50.0782 4.2
      vertex 86 49 4.2
    endloop
  endfacet
  facet normal 0 0 1
    outer loop
      vertex 133.732 167.625 4.2
      vertex 84.7011 143.815 4.2
      vertex 134.363 167.531 4.2
    endloop
  endfacet
  facet normal 0 0 1
    outer loop
      vertex 135 30.5 4.2
      vertex 85.7886 51.146 4.2
      vertex 85.947 50.0782 4.2
    endloop
  endfacet
  facet normal 0 0 1
    outer loop
      vertex 84.1462 142.889 4.2
      vertex 134.363 167.531 4.2
      vertex 84.7011 143.815 4.2
    endloop
  endfacet
  facet normal 0 0 1
    outer loop
      vertex 135 30.5 4.2
      vertex 85.5263 52.1931 4.2
      vertex 85.7886 51.146 4.2
    endloop
  endfacet
  facet normal 0 0 1
    outer loop
      vertex 134.363 167.531 4.2
      vertex 84.1462 142.889 4.2
      vertex 135 167.5 4.2
    endloop
  endfacet
  facet normal 0 0 1
    outer loop
      vertex 135 30.5 4.2
      vertex 85.1627 53.2095 4.2
      vertex 85.5263 52.1931 4.2
    endloop
  endfacet
  facet normal 0 0 1
    outer loop
      vertex 83.5031 142.022 4.2
      vertex 135 167.5 4.2
      vertex 84.1462 142.889 4.2
    endloop
  endfacet
  facet normal 0 0 1
    outer loop
      vertex 135 30.5 4.2
      vertex 84.7011 54.1854 4.2
      vertex 85.1627 53.2095 4.2
    endloop
  endfacet
  facet normal 0 0 1
    outer loop
      vertex 135 167.5 4.2
      vertex 83.5031 142.022 4.2
      vertex 135 30.5 4.2
    endloop
  endfacet
  facet normal 0 0 1
    outer loop
      vertex 135 30.5 4.2
      vertex 84.1462 55.1113 4.2
      vertex 84.7011 54.1854 4.2
    endloop
  endfacet
  facet normal -0 0 1
    outer loop
      vertex 83.5031 55.9783 4.2
      vertex 135 30.5 4.2
      vertex 83.5031 142.022 4.2
    endloop
  endfacet
  facet normal 0 0 1
    outer loop
      vertex 135 30.5 4.2
      vertex 83.5031 55.9783 4.2
      vertex 84.1462 55.1113 4.2
    endloop
  endfacet
  facet normal -0 0 1
    outer loop
      vertex 82.7782 141.222 4.2
      vertex 83.5031 55.9783 4.2
      vertex 83.5031 142.022 4.2
    endloop
  endfacet
  facet normal 0 0 1
    outer loop
      vertex 82.7782 141.222 4.2
      vertex 82.7782 56.7782 4.2
      vertex 83.5031 55.9783 4.2
    endloop
  endfacet
  facet normal -0 0 1
    outer loop
      vertex 81.9783 140.497 4.2
      vertex 82.7782 56.7782 4.2
      vertex 82.7782 141.222 4.2
    endloop
  endfacet
  facet normal 0 0 1
    outer loop
      vertex 81.9783 140.497 4.2
      vertex 81.9783 57.5031 4.2
      vertex 82.7782 56.7782 4.2
    endloop
  endfacet
  facet normal -0 0 1
    outer loop
      vertex 81.1113 139.854 4.2
      vertex 81.9783 57.5031 4.2
      vertex 81.9783 140.497 4.2
    endloop
  endfacet
  facet normal 0 0 1
    outer loop
      vertex 81.1113 139.854 4.2
      vertex 81.1113 58.1462 4.2
      vertex 81.9783 57.5031 4.2
    endloop
  endfacet
  facet normal -0 0 1
    outer loop
      vertex 80.1854 139.299 4.2
      vertex 81.1113 58.1462 4.2
      vertex 81.1113 139.854 4.2
    endloop
  endfacet
  facet normal 0 0 1
    outer loop
      vertex 80.1854 139.299 4.2
      vertex 80.1854 58.7011 4.2
      vertex 81.1113 58.1462 4.2
    endloop
  endfacet
  facet normal -0 0 1
    outer loop
      vertex 79.2095 138.837 4.2
      vertex 80.1854 58.7011 4.2
      vertex 80.1854 139.299 4.2
    endloop
  endfacet
  facet normal 0 0 1
    outer loop
      vertex 79.2095 138.837 4.2
      vertex 79.2095 59.1627 4.2
      vertex 80.1854 58.7011 4.2
    endloop
  endfacet
  facet normal -0 0 1
    outer loop
      vertex 78.1931 138.474 4.2
      vertex 79.2095 59.1627 4.2
      vertex 79.2095 138.837 4.2
    endloop
  endfacet
  facet normal 0 0 1
    outer loop
      vertex 78.1931 138.474 4.2
      vertex 78.1931 59.5263 4.2
      vertex 79.2095 59.1627 4.2
    endloop
  endfacet
  facet normal -0 0 1
    outer loop
      vertex 77.146 138.211 4.2
      vertex 78.1931 59.5263 4.2
      vertex 78.1931 138.474 4.2
    endloop
  endfacet
  facet normal 0 0 1
    outer loop
      vertex 77.146 138.211 4.2
      vertex 77.146 59.7886 4.2
      vertex 78.1931 59.5263 4.2
    endloop
  endfacet
  facet normal -0 0 1
    outer loop
      vertex 76.0782 138.053 4.2
      vertex 77.146 59.7886 4.2
      vertex 77.146 138.211 4.2
    endloop
  endfacet
  facet normal 0 0 1
    outer loop
      vertex 76.0782 138.053 4.2
      vertex 76.0782 59.947 4.2
      vertex 77.146 59.7886 4.2
    endloop
  endfacet
  facet normal -0 0 1
    outer loop
      vertex 75 138 4.2
      vertex 76.0782 59.947 4.2
      vertex 76.0782 138.053 4.2
    endloop
  endfacet
  facet normal 0 0 1
    outer loop
      vertex 75 138 4.2
      vertex 75 60 4.2
      vertex 76.0782 59.947 4.2
    endloop
  endfacet
  facet normal 0 0 1
    outer loop
      vertex 73.9218 138.053 4.2
      vertex 75 60 4.2
      vertex 75 138 4.2
    endloop
  endfacet
  facet normal 0 0 1
    outer loop
      vertex 73.9218 138.053 4.2
      vertex 73.9218 59.947 4.2
      vertex 75 60 4.2
    endloop
  endfacet
  facet normal 0 0 1
    outer loop
      vertex 72.854 138.211 4.2
      vertex 73.9218 59.947 4.2
      vertex 73.9218 138.053 4.2
    endloop
  endfacet
  facet normal 0 0 1
    outer loop
      vertex 72.854 138.211 4.2
      vertex 72.854 59.7886 4.2
      vertex 73.9218 59.947 4.2
    endloop
  endfacet
  facet normal 0 0 1
    outer loop
      vertex 71.8069 138.474 4.2
      vertex 72.854 59.7886 4.2
      vertex 72.854 138.211 4.2
    endloop
  endfacet
  facet normal 0 0 1
    outer loop
      vertex 71.8069 138.474 4.2
      vertex 71.8069 59.5263 4.2
      vertex 72.854 59.7886 4.2
    endloop
  endfacet
  facet normal 0 0 1
    outer loop
      vertex 70.7905 138.837 4.2
      vertex 71.8069 59.5263 4.2
      vertex 71.8069 138.474 4.2
    endloop
  endfacet
  facet normal 0 0 1
    outer loop
      vertex 70.7905 138.837 4.2
      vertex 70.7905 59.1627 4.2
      vertex 71.8069 59.5263 4.2
    endloop
  endfacet
  facet normal 0 0 1
    outer loop
      vertex 69.8146 139.299 4.2
      vertex 70.7905 59.1627 4.2
      vertex 70.7905 138.837 4.2
    endloop
  endfacet
  facet normal 0 0 1
    outer loop
      vertex 69.8146 139.299 4.2
      vertex 69.8146 58.7011 4.2
      vertex 70.7905 59.1627 4.2
    endloop
  endfacet
  facet normal 0 0 1
    outer loop
      vertex 68.8887 139.854 4.2
      vertex 69.8146 58.7011 4.2
      vertex 69.8146 139.299 4.2
    endloop
  endfacet
  facet normal 0 0 1
    outer loop
      vertex 68.8887 139.854 4.2
      vertex 68.8887 58.1462 4.2
      vertex 69.8146 58.7011 4.2
    endloop
  endfacet
  facet normal 0 0 1
    outer loop
      vertex 68.0217 140.497 4.2
      vertex 68.8887 58.1462 4.2
      vertex 68.8887 139.854 4.2
    endloop
  endfacet
  facet normal 0 0 1
    outer loop
      vertex 68.0217 140.497 4.2
      vertex 68.0217 57.5031 4.2
      vertex 68.8887 58.1462 4.2
    endloop
  endfacet
  facet normal 0 0 1
    outer loop
      vertex 67.2218 141.222 4.2
      vertex 68.0217 57.5031 4.2
      vertex 68.0217 140.497 4.2
    endloop
  endfacet
  facet normal 0 0 1
    outer loop
      vertex 67.2218 141.222 4.2
      vertex 67.2218 56.7782 4.2
      vertex 68.0217 57.5031 4.2
    endloop
  endfacet
  facet normal 0 0 1
    outer loop
      vertex 66.4969 142.022 4.2
      vertex 67.2218 56.7782 4.2
      vertex 67.2218 141.222 4.2
    endloop
  endfacet
  facet normal 0 0 1
    outer loop
      vertex 66.4969 142.022 4.2
      vertex 66.4969 55.9783 4.2
      vertex 67.2218 56.7782 4.2
    endloop
  endfacet
  facet normal 0 0 1
    outer loop
      vertex 65.8538 142.889 4.2
      vertex 66.4969 55.9783 4.2
      vertex 66.4969 142.022 4.2
    endloop
  endfacet
  facet normal 0 0 1
    outer loop
      vertex 65.8538 142.889 4.2
      vertex 65.8538 55.1113 4.2
      vertex 66.4969 55.9783 4.2
    endloop
  endfacet
  facet normal 0 0 1
    outer loop
      vertex 64.2114 151.146 4.2
      vertex 20.0246 169.876 4.2
      vertex 64.053 150.078 4.2
    endloop
  endfacet
  facet normal -0 0 1
    outer loop
      vertex 19.5962 169.404 4.2
      vertex 64.053 150.078 4.2
      vertex 20.0246 169.876 4.2
    endloop
  endfacet
  facet normal -0 0 1
    outer loop
      vertex 20.0246 169.876 4.2
      vertex 64.2114 151.146 4.2
      vertex 20.4046 170.389 4.2
    endloop
  endfacet
  facet normal 0 0 1
    outer loop
      vertex 64.053 150.078 4.2
      vertex 19.5962 169.404 4.2
      vertex 64 149 4.2
    endloop
  endfacet
  facet normal 0 0 1
    outer loop
      vertex 64.4737 152.193 4.2
      vertex 20.4046 170.389 4.2
      vertex 64.2114 151.146 4.2
    endloop
  endfacet
  facet normal 0 0 1
    outer loop
      vertex 65.8538 55.1113 4.2
      vertex 21.5 24 4.2
      vertex 65.2989 54.1854 4.2
    endloop
  endfacet
  facet normal -0 0 1
    outer loop
      vertex 20.4046 170.389 4.2
      vertex 64.4737 152.193 4.2
      vertex 20.7325 170.936 4.2
    endloop
  endfacet
  facet normal 0 0 1
    outer loop
      vertex 65.2989 54.1854 4.2
      vertex 21.5 24 4.2
      vertex 64.8373 53.2095 4.2
    endloop
  endfacet
  facet normal 0 0 1
    outer loop
      vertex 64.8373 153.21 4.2
      vertex 20.7325 170.936 4.2
      vertex 64.4737 152.193 4.2
    endloop
  endfacet
  facet normal 0 0 1
    outer loop
      vertex 64.8373 53.2095 4.2
      vertex 21.5 24 4.2
      vertex 64.4737 52.1931 4.2
    endloop
  endfacet
  facet normal -0 0 1
    outer loop
      vertex 20.7325 170.936 4.2
      vertex 64.8373 153.21 4.2
      vertex 21.0052 171.513 4.2
    endloop
  endfacet
  facet normal 0 0 1
    outer loop
      vertex 64.4737 52.1931 4.2
      vertex 21.5 24 4.2
      vertex 64.2114 51.146 4.2
    endloop
  endfacet
  facet normal 0 0 1
    outer loop
      vertex 141.22 172.113 4.2
      vertex 146.8 186 4.2
      vertex 141.375 172.732 4.2
    endloop
  endfacet
  facet normal 0 0 1
    outer loop
      vertex 146.8 12 4.2
      vertex 141.469 24.6371 4.2
      vertex 141.5 24 4.2
    endloop
  endfacet
  facet normal 0 0 1
    outer loop
      vertex 146.8 186 4.2
      vertex 141.22 172.113 4.2
      vertex 146.8 12 4.2
    endloop
  endfacet
  facet normal 0 0 1
    outer loop
      vertex 146.8 12 4.2
      vertex 141.375 25.2681 4.2
      vertex 141.469 24.6371 4.2
    endloop
  endfacet
  facet normal -0 0 1
    outer loop
      vertex 141.22 25.8869 4.2
      vertex 146.8 12 4.2
      vertex 141.22 172.113 4.2
    endloop
  endfacet
  facet normal 0 0 1
    outer loop
      vertex 146.8 12 4.2
      vertex 141.22 25.8869 4.2
      vertex 141.375 25.2681 4.2
    endloop
  endfacet
  facet normal -0 0 1
    outer loop
      vertex 141.005 171.513 4.2
      vertex 141.22 25.8869 4.2
      vertex 141.22 172.113 4.2
    endloop
  endfacet
  facet normal 0 0 1
    outer loop
      vertex 141.005 171.513 4.2
      vertex 141.005 26.4874 4.2
      vertex 141.22 25.8869 4.2
    endloop
  endfacet
  facet normal -0 0 1
    outer loop
      vertex 140.732 170.936 4.2
      vertex 141.005 26.4874 4.2
      vertex 141.005 171.513 4.2
    endloop
  endfacet
  facet normal 0 0 1
    outer loop
      vertex 140.732 170.936 4.2
      vertex 140.732 27.0641 4.2
      vertex 141.005 26.4874 4.2
    endloop
  endfacet
  facet normal -0 0 1
    outer loop
      vertex 140.405 170.389 4.2
      vertex 140.732 27.0641 4.2
      vertex 140.732 170.936 4.2
    endloop
  endfacet
  facet normal 0 0 1
    outer loop
      vertex 140.405 170.389 4.2
      vertex 140.405 27.6112 4.2
      vertex 140.732 27.0641 4.2
    endloop
  endfacet
  facet normal -0 0 1
    outer loop
      vertex 140.025 169.876 4.2
      vertex 140.405 27.6112 4.2
      vertex 140.405 170.389 4.2
    endloop
  endfacet
  facet normal 0 0 1
    outer loop
      vertex 140.025 169.876 4.2
      vertex 140.025 28.1236 4.2
      vertex 140.405 27.6112 4.2
    endloop
  endfacet
  facet normal -0 0 1
    outer loop
      vertex 139.596 169.404 4.2
      vertex 140.025 28.1236 4.2
      vertex 140.025 169.876 4.2
    endloop
  endfacet
  facet normal 0 0 1
    outer loop
      vertex 139.596 169.404 4.2
      vertex 139.596 28.5962 4.2
      vertex 140.025 28.1236 4.2
    endloop
  endfacet
  facet normal -0 0 1
    outer loop
      vertex 139.124 168.975 4.2
      vertex 139.596 28.5962 4.2
      vertex 139.596 169.404 4.2
    endloop
  endfacet
  facet normal 0 0 1
    outer loop
      vertex 139.124 168.975 4.2
      vertex 139.124 29.0246 4.2
      vertex 139.596 28.5962 4.2
    endloop
  endfacet
  facet normal -0 0 1
    outer loop
      vertex 138.611 168.595 4.2
      vertex 139.124 29.0246 4.2
      vertex 139.124 168.975 4.2
    endloop
  endfacet
  facet normal 0 0 1
    outer loop
      vertex 138.611 168.595 4.2
      vertex 138.611 29.4046 4.2
      vertex 139.124 29.0246 4.2
    endloop
  endfacet
  facet normal -0 0 1
    outer loop
      vertex 138.064 168.268 4.2
      vertex 138.611 29.4046 4.2
      vertex 138.611 168.595 4.2
    endloop
  endfacet
  facet normal 0 0 1
    outer loop
      vertex 138.064 168.268 4.2
      vertex 138.064 29.7325 4.2
      vertex 138.611 29.4046 4.2
    endloop
  endfacet
  facet normal -0 0 1
    outer loop
      vertex 137.487 167.995 4.2
      vertex 138.064 29.7325 4.2
      vertex 138.064 168.268 4.2
    endloop
  endfacet
  facet normal 0 0 1
    outer loop
      vertex 137.487 167.995 4.2
      vertex 137.487 30.0052 4.2
      vertex 138.064 29.7325 4.2
    endloop
  endfacet
  facet normal -0 0 1
    outer loop
      vertex 136.887 167.78 4.2
      vertex 137.487 30.0052 4.2
      vertex 137.487 167.995 4.2
    endloop
  endfacet
  facet normal 0 0 1
    outer loop
      vertex 136.887 167.78 4.2
      vertex 136.887 30.2201 4.2
      vertex 137.487 30.0052 4.2
    endloop
  endfacet
  facet normal -0 0 1
    outer loop
      vertex 136.268 167.625 4.2
      vertex 136.887 30.2201 4.2
      vertex 136.887 167.78 4.2
    endloop
  endfacet
  facet normal 0 0 1
    outer loop
      vertex 136.268 167.625 4.2
      vertex 136.268 30.3751 4.2
      vertex 136.887 30.2201 4.2
    endloop
  endfacet
  facet normal -0 0 1
    outer loop
      vertex 135.637 167.531 4.2
      vertex 136.268 30.3751 4.2
      vertex 136.268 167.625 4.2
    endloop
  endfacet
  facet normal 0 0 1
    outer loop
      vertex 135.637 167.531 4.2
      vertex 135.637 30.4687 4.2
      vertex 136.268 30.3751 4.2
    endloop
  endfacet
  facet normal -0 0 1
    outer loop
      vertex 135 167.5 4.2
      vertex 135.637 30.4687 4.2
      vertex 135.637 167.531 4.2
    endloop
  endfacet
  facet normal 0 0 1
    outer loop
      vertex 135 167.5 4.2
      vertex 135 30.5 4.2
      vertex 135.637 30.4687 4.2
    endloop
  endfacet
  facet normal 0 0 1
    outer loop
      vertex 132.513 167.995 4.2
      vertex 85.5263 145.807 4.2
      vertex 133.113 167.78 4.2
    endloop
  endfacet
  facet normal 0 0 1
    outer loop
      vertex 85.1627 144.79 4.2
      vertex 133.113 167.78 4.2
      vertex 85.5263 145.807 4.2
    endloop
  endfacet
  facet normal 0 0 1
    outer loop
      vertex 85.5263 145.807 4.2
      vertex 132.513 167.995 4.2
      vertex 85.7886 146.854 4.2
    endloop
  endfacet
  facet normal 0 0 1
    outer loop
      vertex 133.113 167.78 4.2
      vertex 85.1627 144.79 4.2
      vertex 133.732 167.625 4.2
    endloop
  endfacet
  facet normal 0 0 1
    outer loop
      vertex 131.936 168.268 4.2
      vertex 85.7886 146.854 4.2
      vertex 132.513 167.995 4.2
    endloop
  endfacet
  facet normal 0 0 1
    outer loop
      vertex 135 30.5 4.2
      vertex 86 49 4.2
      vertex 134.363 30.4687 4.2
    endloop
  endfacet
  facet normal 0 0 1
    outer loop
      vertex 131.389 168.595 4.2
      vertex 85.7886 146.854 4.2
      vertex 131.936 168.268 4.2
    endloop
  endfacet
  facet normal 0 0 1
    outer loop
      vertex 134.363 30.4687 4.2
      vertex 86 49 4.2
      vertex 133.732 30.3751 4.2
    endloop
  endfacet
  facet normal 0 0 1
    outer loop
      vertex 85.7886 146.854 4.2
      vertex 131.389 168.595 4.2
      vertex 85.947 147.922 4.2
    endloop
  endfacet
  facet normal 0 0 1
    outer loop
      vertex 133.732 30.3751 4.2
      vertex 86 49 4.2
      vertex 133.113 30.2201 4.2
    endloop
  endfacet
  facet normal 0 0 1
    outer loop
      vertex 130.876 168.975 4.2
      vertex 85.947 147.922 4.2
      vertex 131.389 168.595 4.2
    endloop
  endfacet
  facet normal 0 0 1
    outer loop
      vertex 133.113 30.2201 4.2
      vertex 86 49 4.2
      vertex 132.513 30.0052 4.2
    endloop
  endfacet
  facet normal 0 0 1
    outer loop
      vertex 85.947 147.922 4.2
      vertex 130.876 168.975 4.2
      vertex 86 149 4.2
    endloop
  endfacet
  facet normal 0 0 1
    outer loop
      vertex 132.513 30.0052 4.2
      vertex 86 49 4.2
      vertex 131.936 29.7325 4.2
    endloop
  endfacet
  facet normal 0 0 1
    outer loop
      vertex 86 149 4.2
      vertex 130.876 168.975 4.2
      vertex 130.404 169.404 4.2
    endloop
  endfacet
  facet normal 0 0 1
    outer loop
      vertex 131.936 29.7325 4.2
      vertex 86 49 4.2
      vertex 131.389 29.4046 4.2
    endloop
  endfacet
  facet normal 0 0 1
    outer loop
      vertex 85.947 150.078 4.2
      vertex 130.404 169.404 4.2
      vertex 129.975 169.876 4.2
    endloop
  endfacet
  facet normal 0 0 1
    outer loop
      vertex 131.389 29.4046 4.2
      vertex 86 49 4.2
      vertex 130.876 29.0246 4.2
    endloop
  endfacet
  facet normal 0 0 1
    outer loop
      vertex 85.7886 151.146 4.2
      vertex 129.975 169.876 4.2
      vertex 129.595 170.389 4.2
    endloop
  endfacet
  facet normal 0 0 1
    outer loop
      vertex 130.876 29.0246 4.2
      vertex 86 49 4.2
      vertex 130.404 28.5962 4.2
    endloop
  endfacet
  facet normal 0 0 1
    outer loop
      vertex 85.5263 152.193 4.2
      vertex 129.595 170.389 4.2
      vertex 129.268 170.936 4.2
    endloop
  endfacet
  facet normal -0 0 1
    outer loop
      vertex 85.947 47.9218 4.2
      vertex 130.404 28.5962 4.2
      vertex 86 49 4.2
    endloop
  endfacet
  facet normal 0 0 1
    outer loop
      vertex 85.1627 153.21 4.2
      vertex 129.268 170.936 4.2
      vertex 128.995 171.513 4.2
    endloop
  endfacet
  facet normal 0 0 1
    outer loop
      vertex 130.404 28.5962 4.2
      vertex 85.947 47.9218 4.2
      vertex 129.975 28.1236 4.2
    endloop
  endfacet
  facet normal 0 0 1
    outer loop
      vertex 85.1627 153.21 4.2
      vertex 128.995 171.513 4.2
      vertex 128.78 172.113 4.2
    endloop
  endfacet
  facet normal -0 0 1
    outer loop
      vertex 85.7886 46.854 4.2
      vertex 129.975 28.1236 4.2
      vertex 85.947 47.9218 4.2
    endloop
  endfacet
  facet normal 0 0 1
    outer loop
      vertex 84.7011 154.185 4.2
      vertex 128.78 172.113 4.2
      vertex 128.625 172.732 4.2
    endloop
  endfacet
  facet normal 0 0 1
    outer loop
      vertex 129.975 28.1236 4.2
      vertex 85.7886 46.854 4.2
      vertex 129.595 27.6112 4.2
    endloop
  endfacet
  facet normal 0 0 1
    outer loop
      vertex 84.1462 155.111 4.2
      vertex 128.625 172.732 4.2
      vertex 128.531 173.363 4.2
    endloop
  endfacet
  facet normal -0 0 1
    outer loop
      vertex 85.5263 45.8069 4.2
      vertex 129.595 27.6112 4.2
      vertex 85.7886 46.854 4.2
    endloop
  endfacet
  facet normal 0 0 1
    outer loop
      vertex 83.5031 155.978 4.2
      vertex 128.531 173.363 4.2
      vertex 128.5 174 4.2
    endloop
  endfacet
  facet normal 0 0 1
    outer loop
      vertex 129.595 27.6112 4.2
      vertex 85.5263 45.8069 4.2
      vertex 129.268 27.0641 4.2
    endloop
  endfacet
  facet normal 0 0 1
    outer loop
      vertex 142 190.8 4.2
      vertex 146.8 186 4.2
      vertex 146.777 186.47 4.2
    endloop
  endfacet
  facet normal 0 0 1
    outer loop
      vertex 141.469 173.363 4.2
      vertex 146.8 186 4.2
      vertex 141.5 174 4.2
    endloop
  endfacet
  facet normal 0 0 1
    outer loop
      vertex 142 190.8 4.2
      vertex 146.777 186.47 4.2
      vertex 146.708 186.936 4.2
    endloop
  endfacet
  facet normal 0 0 1
    outer loop
      vertex 141.375 172.732 4.2
      vertex 146.8 186 4.2
      vertex 141.469 173.363 4.2
    endloop
  endfacet
  facet normal 0 0 1
    outer loop
      vertex 142 190.8 4.2
      vertex 146.708 186.936 4.2
      vertex 146.593 187.393 4.2
    endloop
  endfacet
  facet normal -0 0 1
    outer loop
      vertex 141.469 23.3629 4.2
      vertex 146.8 12 4.2
      vertex 141.5 24 4.2
    endloop
  endfacet
  facet normal 0 0 1
    outer loop
      vertex 142 190.8 4.2
      vertex 146.593 187.393 4.2
      vertex 146.435 187.837 4.2
    endloop
  endfacet
  facet normal -0 0 1
    outer loop
      vertex 141.375 22.7319 4.2
      vertex 146.8 12 4.2
      vertex 141.469 23.3629 4.2
    endloop
  endfacet
  facet normal 0 0 1
    outer loop
      vertex 142 190.8 4.2
      vertex 146.435 187.837 4.2
      vertex 146.233 188.263 4.2
    endloop
  endfacet
  facet normal -0 0 1
    outer loop
      vertex 141.22 22.1131 4.2
      vertex 146.8 12 4.2
      vertex 141.375 22.7319 4.2
    endloop
  endfacet
  facet normal 0 0 1
    outer loop
      vertex 142 190.8 4.2
      vertex 146.233 188.263 4.2
      vertex 145.991 188.667 4.2
    endloop
  endfacet
  facet normal -0 0 1
    outer loop
      vertex 141.005 21.5126 4.2
      vertex 146.8 12 4.2
      vertex 141.22 22.1131 4.2
    endloop
  endfacet
  facet normal 0 0 1
    outer loop
      vertex 142 190.8 4.2
      vertex 145.991 188.667 4.2
      vertex 145.71 189.045 4.2
    endloop
  endfacet
  facet normal -0 0 1
    outer loop
      vertex 140.732 20.9359 4.2
      vertex 146.8 12 4.2
      vertex 141.005 21.5126 4.2
    endloop
  endfacet
  facet normal 0 0 1
    outer loop
      vertex 142 190.8 4.2
      vertex 145.71 189.045 4.2
      vertex 145.394 189.394 4.2
    endloop
  endfacet
  facet normal -0 0 1
    outer loop
      vertex 140.405 20.3888 4.2
      vertex 146.8 12 4.2
      vertex 140.732 20.9359 4.2
    endloop
  endfacet
  facet normal 0 0 1
    outer loop
      vertex 142 190.8 4.2
      vertex 145.394 189.394 4.2
      vertex 145.045 189.71 4.2
    endloop
  endfacet
  facet normal -0 0 1
    outer loop
      vertex 140.025 19.8764 4.2
      vertex 146.8 12 4.2
      vertex 140.405 20.3888 4.2
    endloop
  endfacet
  facet normal 0 0 1
    outer loop
      vertex 142 190.8 4.2
      vertex 145.045 189.71 4.2
      vertex 144.667 189.991 4.2
    endloop
  endfacet
  facet normal -0 0 1
    outer loop
      vertex 139.596 19.4038 4.2
      vertex 146.8 12 4.2
      vertex 140.025 19.8764 4.2
    endloop
  endfacet
  facet normal 0 0 1
    outer loop
      vertex 142 190.8 4.2
      vertex 144.667 189.991 4.2
      vertex 144.263 190.233 4.2
    endloop
  endfacet
  facet normal -0 0 1
    outer loop
      vertex 139.124 18.9754 4.2
      vertex 146.8 12 4.2
      vertex 139.596 19.4038 4.2
    endloop
  endfacet
  facet normal 0 0 1
    outer loop
      vertex 142 190.8 4.2
      vertex 144.263 190.233 4.2
      vertex 143.837 190.435 4.2
    endloop
  endfacet
  facet normal -0 0 1
    outer loop
      vertex 138.611 18.5954 4.2
      vertex 146.8 12 4.2
      vertex 139.124 18.9754 4.2
    endloop
  endfacet
  facet normal 0 0 1
    outer loop
      vertex 142 190.8 4.2
      vertex 143.837 190.435 4.2
      vertex 143.393 190.593 4.2
    endloop
  endfacet
  facet normal -0 0 1
    outer loop
      vertex 138.064 18.2675 4.2
      vertex 146.8 12 4.2
      vertex 138.611 18.5954 4.2
    endloop
  endfacet
  facet normal 0 0 1
    outer loop
      vertex 142 190.8 4.2
      vertex 143.393 190.593 4.2
      vertex 142.936 190.708 4.2
    endloop
  endfacet
  facet normal 0 -0 1
    outer loop
      vertex 142 7.2 4.2
      vertex 146.8 12 4.2
      vertex 138.064 18.2675 4.2
    endloop
  endfacet
  facet normal 0 0 1
    outer loop
      vertex 142 190.8 4.2
      vertex 142.936 190.708 4.2
      vertex 142.47 190.777 4.2
    endloop
  endfacet
  facet normal 0 0 1
    outer loop
      vertex 146.8 12 4.2
      vertex 142 7.2 4.2
      vertex 146.777 11.5295 4.2
    endloop
  endfacet
  facet normal 0 0 1
    outer loop
      vertex 146.8 186 4.2
      vertex 142 190.8 4.2
      vertex 138.064 179.732 4.2
    endloop
  endfacet
  facet normal 0 0 1
    outer loop
      vertex 146.777 11.5295 4.2
      vertex 142 7.2 4.2
      vertex 146.708 11.0636 4.2
    endloop
  endfacet
  facet normal 0 0 1
    outer loop
      vertex 146.708 11.0636 4.2
      vertex 142 7.2 4.2
      vertex 146.593 10.6066 4.2
    endloop
  endfacet
  facet normal 0 0 1
    outer loop
      vertex 146.8 186 4.2
      vertex 141.469 174.637 4.2
      vertex 141.5 174 4.2
    endloop
  endfacet
  facet normal 0 0 1
    outer loop
      vertex 146.8 186 4.2
      vertex 141.375 175.268 4.2
      vertex 141.469 174.637 4.2
    endloop
  endfacet
  facet normal 0 0 1
    outer loop
      vertex 146.8 186 4.2
      vertex 141.22 175.887 4.2
      vertex 141.375 175.268 4.2
    endloop
  endfacet
  facet normal 0 0 1
    outer loop
      vertex 146.8 186 4.2
      vertex 141.005 176.487 4.2
      vertex 141.22 175.887 4.2
    endloop
  endfacet
  facet normal 0 0 1
    outer loop
      vertex 146.8 186 4.2
      vertex 140.732 177.064 4.2
      vertex 141.005 176.487 4.2
    endloop
  endfacet
  facet normal 0 0 1
    outer loop
      vertex 146.8 186 4.2
      vertex 140.405 177.611 4.2
      vertex 140.732 177.064 4.2
    endloop
  endfacet
  facet normal 0 0 1
    outer loop
      vertex 146.8 186 4.2
      vertex 140.025 178.124 4.2
      vertex 140.405 177.611 4.2
    endloop
  endfacet
  facet normal 0 0 1
    outer loop
      vertex 146.8 186 4.2
      vertex 139.596 178.596 4.2
      vertex 140.025 178.124 4.2
    endloop
  endfacet
  facet normal 0 0 1
    outer loop
      vertex 146.8 186 4.2
      vertex 139.124 179.025 4.2
      vertex 139.596 178.596 4.2
    endloop
  endfacet
  facet normal 0 0 1
    outer loop
      vertex 146.8 186 4.2
      vertex 138.611 179.405 4.2
      vertex 139.124 179.025 4.2
    endloop
  endfacet
  facet normal 0 0 1
    outer loop
      vertex 146.8 186 4.2
      vertex 138.064 179.732 4.2
      vertex 138.611 179.405 4.2
    endloop
  endfacet
  facet normal 0 0 1
    outer loop
      vertex 142 190.8 4.2
      vertex 137.487 180.005 4.2
      vertex 138.064 179.732 4.2
    endloop
  endfacet
  facet normal 0 0 1
    outer loop
      vertex 142 190.8 4.2
      vertex 136.887 180.22 4.2
      vertex 137.487 180.005 4.2
    endloop
  endfacet
  facet normal 0 0 1
    outer loop
      vertex 142 190.8 4.2
      vertex 136.268 180.375 4.2
      vertex 136.887 180.22 4.2
    endloop
  endfacet
  facet normal 0 0 1
    outer loop
      vertex 142 190.8 4.2
      vertex 135.637 180.469 4.2
      vertex 136.268 180.375 4.2
    endloop
  endfacet
  facet normal 0 0 1
    outer loop
      vertex 142 190.8 4.2
      vertex 135 180.5 4.2
      vertex 135.637 180.469 4.2
    endloop
  endfacet
  facet normal 0 0 1
    outer loop
      vertex 142 190.8 4.2
      vertex 134.363 180.469 4.2
      vertex 135 180.5 4.2
    endloop
  endfacet
  facet normal 0 0 1
    outer loop
      vertex 142 190.8 4.2
      vertex 133.732 180.375 4.2
      vertex 134.363 180.469 4.2
    endloop
  endfacet
  facet normal 0 0 1
    outer loop
      vertex 142 190.8 4.2
      vertex 133.113 180.22 4.2
      vertex 133.732 180.375 4.2
    endloop
  endfacet
  facet normal 0 0 1
    outer loop
      vertex 142 190.8 4.2
      vertex 132.513 180.005 4.2
      vertex 133.113 180.22 4.2
    endloop
  endfacet
  facet normal 0 0 1
    outer loop
      vertex 142 190.8 4.2
      vertex 131.936 179.732 4.2
      vertex 132.513 180.005 4.2
    endloop
  endfacet
  facet normal 0 0 1
    outer loop
      vertex 142 190.8 4.2
      vertex 131.389 179.405 4.2
      vertex 131.936 179.732 4.2
    endloop
  endfacet
  facet normal 0 0 1
    outer loop
      vertex 142 190.8 4.2
      vertex 130.876 179.025 4.2
      vertex 131.389 179.405 4.2
    endloop
  endfacet
  facet normal 0 0 1
    outer loop
      vertex 76.0782 159.947 4.2
      vertex 130.876 179.025 4.2
      vertex 142 190.8 4.2
    endloop
  endfacet
  facet normal -0 0 1
    outer loop
      vertex 85.1627 44.7905 4.2
      vertex 129.268 27.0641 4.2
      vertex 85.5263 45.8069 4.2
    endloop
  endfacet
  facet normal 0 0 1
    outer loop
      vertex 82.7782 156.778 4.2
      vertex 128.5 174 4.2
      vertex 128.531 174.637 4.2
    endloop
  endfacet
  facet normal 0 0 1
    outer loop
      vertex 81.9783 157.503 4.2
      vertex 128.531 174.637 4.2
      vertex 128.625 175.268 4.2
    endloop
  endfacet
  facet normal 0 0 1
    outer loop
      vertex 81.1113 158.146 4.2
      vertex 128.625 175.268 4.2
      vertex 128.78 175.887 4.2
    endloop
  endfacet
  facet normal 0 0 1
    outer loop
      vertex 80.1854 158.701 4.2
      vertex 128.78 175.887 4.2
      vertex 128.995 176.487 4.2
    endloop
  endfacet
  facet normal 0 0 1
    outer loop
      vertex 80.1854 158.701 4.2
      vertex 128.995 176.487 4.2
      vertex 129.268 177.064 4.2
    endloop
  endfacet
  facet normal 0 0 1
    outer loop
      vertex 79.2095 159.163 4.2
      vertex 129.268 177.064 4.2
      vertex 129.595 177.611 4.2
    endloop
  endfacet
  facet normal 0 0 1
    outer loop
      vertex 78.1931 159.526 4.2
      vertex 129.595 177.611 4.2
      vertex 129.975 178.124 4.2
    endloop
  endfacet
  facet normal 0 0 1
    outer loop
      vertex 77.146 159.789 4.2
      vertex 129.975 178.124 4.2
      vertex 130.404 178.596 4.2
    endloop
  endfacet
  facet normal 0 0 1
    outer loop
      vertex 130.876 179.025 4.2
      vertex 76.0782 159.947 4.2
      vertex 130.404 178.596 4.2
    endloop
  endfacet
  facet normal 0 0 1
    outer loop
      vertex 130.404 169.404 4.2
      vertex 85.947 150.078 4.2
      vertex 86 149 4.2
    endloop
  endfacet
  facet normal 0 0 1
    outer loop
      vertex 129.975 169.876 4.2
      vertex 85.7886 151.146 4.2
      vertex 85.947 150.078 4.2
    endloop
  endfacet
  facet normal 0 0 1
    outer loop
      vertex 129.595 170.389 4.2
      vertex 85.5263 152.193 4.2
      vertex 85.7886 151.146 4.2
    endloop
  endfacet
  facet normal 0 0 1
    outer loop
      vertex 129.268 170.936 4.2
      vertex 85.1627 153.21 4.2
      vertex 85.5263 152.193 4.2
    endloop
  endfacet
  facet normal 0 0 1
    outer loop
      vertex 128.78 172.113 4.2
      vertex 84.7011 154.185 4.2
      vertex 85.1627 153.21 4.2
    endloop
  endfacet
  facet normal 0 0 1
    outer loop
      vertex 128.625 172.732 4.2
      vertex 84.1462 155.111 4.2
      vertex 84.7011 154.185 4.2
    endloop
  endfacet
  facet normal 0 0 1
    outer loop
      vertex 128.531 173.363 4.2
      vertex 83.5031 155.978 4.2
      vertex 84.1462 155.111 4.2
    endloop
  endfacet
  facet normal 0 0 1
    outer loop
      vertex 128.5 174 4.2
      vertex 82.7782 156.778 4.2
      vertex 83.5031 155.978 4.2
    endloop
  endfacet
  facet normal 0 0 1
    outer loop
      vertex 128.531 174.637 4.2
      vertex 81.9783 157.503 4.2
      vertex 82.7782 156.778 4.2
    endloop
  endfacet
  facet normal 0 0 1
    outer loop
      vertex 128.625 175.268 4.2
      vertex 81.1113 158.146 4.2
      vertex 81.9783 157.503 4.2
    endloop
  endfacet
  facet normal 0 0 1
    outer loop
      vertex 128.78 175.887 4.2
      vertex 80.1854 158.701 4.2
      vertex 81.1113 158.146 4.2
    endloop
  endfacet
  facet normal 0 0 1
    outer loop
      vertex 129.268 177.064 4.2
      vertex 79.2095 159.163 4.2
      vertex 80.1854 158.701 4.2
    endloop
  endfacet
  facet normal 0 0 1
    outer loop
      vertex 129.595 177.611 4.2
      vertex 78.1931 159.526 4.2
      vertex 79.2095 159.163 4.2
    endloop
  endfacet
  facet normal 0 0 1
    outer loop
      vertex 129.975 178.124 4.2
      vertex 77.146 159.789 4.2
      vertex 78.1931 159.526 4.2
    endloop
  endfacet
  facet normal 0 0 1
    outer loop
      vertex 130.404 178.596 4.2
      vertex 76.0782 159.947 4.2
      vertex 77.146 159.789 4.2
    endloop
  endfacet
  facet normal 0 0 1
    outer loop
      vertex 142 190.8 4.2
      vertex 75 160 4.2
      vertex 76.0782 159.947 4.2
    endloop
  endfacet
  facet normal -0 0 1
    outer loop
      vertex 8 190.8 4.2
      vertex 75 160 4.2
      vertex 142 190.8 4.2
    endloop
  endfacet
  facet normal 0 0 1
    outer loop
      vertex 75 160 4.2
      vertex 8 190.8 4.2
      vertex 73.9218 159.947 4.2
    endloop
  endfacet
  facet normal -0 -0 1
    outer loop
      vertex 19.1236 179.025 4.2
      vertex 73.9218 159.947 4.2
      vertex 8 190.8 4.2
    endloop
  endfacet
  facet normal -0 -0 1
    outer loop
      vertex 19.5962 178.596 4.2
      vertex 73.9218 159.947 4.2
      vertex 19.1236 179.025 4.2
    endloop
  endfacet
  facet normal 0 0 1
    outer loop
      vertex 64.2114 51.146 4.2
      vertex 21.5 24 4.2
      vertex 64.053 50.0782 4.2
    endloop
  endfacet
  facet normal -0 0 1
    outer loop
      vertex 21.0052 171.513 4.2
      vertex 64.8373 153.21 4.2
      vertex 21.2201 172.113 4.2
    endloop
  endfacet
  facet normal 0 0 1
    outer loop
      vertex 65.2989 154.185 4.2
      vertex 21.2201 172.113 4.2
      vertex 64.8373 153.21 4.2
    endloop
  endfacet
  facet normal -0 0 1
    outer loop
      vertex 21.2201 172.113 4.2
      vertex 65.2989 154.185 4.2
      vertex 21.3751 172.732 4.2
    endloop
  endfacet
  facet normal 0 0 1
    outer loop
      vertex 65.8538 155.111 4.2
      vertex 21.3751 172.732 4.2
      vertex 65.2989 154.185 4.2
    endloop
  endfacet
  facet normal -0 0 1
    outer loop
      vertex 21.3751 172.732 4.2
      vertex 65.8538 155.111 4.2
      vertex 21.4687 173.363 4.2
    endloop
  endfacet
  facet normal 0 0 1
    outer loop
      vertex 66.4969 155.978 4.2
      vertex 21.4687 173.363 4.2
      vertex 65.8538 155.111 4.2
    endloop
  endfacet
  facet normal -0 0 1
    outer loop
      vertex 21.4687 173.363 4.2
      vertex 66.4969 155.978 4.2
      vertex 21.5 174 4.2
    endloop
  endfacet
  facet normal 0 0 1
    outer loop
      vertex 67.2218 156.778 4.2
      vertex 21.5 174 4.2
      vertex 66.4969 155.978 4.2
    endloop
  endfacet
  facet normal 0 0 1
    outer loop
      vertex 21.4687 174.637 4.2
      vertex 67.2218 156.778 4.2
      vertex 68.0217 157.503 4.2
    endloop
  endfacet
  facet normal 0 0 1
    outer loop
      vertex 21.3751 175.268 4.2
      vertex 68.0217 157.503 4.2
      vertex 68.8887 158.146 4.2
    endloop
  endfacet
  facet normal 0 0 1
    outer loop
      vertex 21.2201 175.887 4.2
      vertex 68.8887 158.146 4.2
      vertex 69.8146 158.701 4.2
    endloop
  endfacet
  facet normal 0 0 1
    outer loop
      vertex 21.0052 176.487 4.2
      vertex 69.8146 158.701 4.2
      vertex 70.7905 159.163 4.2
    endloop
  endfacet
  facet normal 0 0 1
    outer loop
      vertex 73.9218 159.947 4.2
      vertex 19.5962 178.596 4.2
      vertex 72.854 159.789 4.2
    endloop
  endfacet
  facet normal 0 0 1
    outer loop
      vertex 67.2218 156.778 4.2
      vertex 21.4687 174.637 4.2
      vertex 21.5 174 4.2
    endloop
  endfacet
  facet normal 0 0 1
    outer loop
      vertex 68.0217 157.503 4.2
      vertex 21.3751 175.268 4.2
      vertex 21.4687 174.637 4.2
    endloop
  endfacet
  facet normal 0 0 1
    outer loop
      vertex 68.8887 158.146 4.2
      vertex 21.2201 175.887 4.2
      vertex 21.3751 175.268 4.2
    endloop
  endfacet
  facet normal 0 0 1
    outer loop
      vertex 69.8146 158.701 4.2
      vertex 21.0052 176.487 4.2
      vertex 21.2201 175.887 4.2
    endloop
  endfacet
  facet normal 0 0 1
    outer loop
      vertex 70.7905 159.163 4.2
      vertex 20.7325 177.064 4.2
      vertex 21.0052 176.487 4.2
    endloop
  endfacet
  facet normal 0 0 1
    outer loop
      vertex 70.7905 159.163 4.2
      vertex 20.4046 177.611 4.2
      vertex 20.7325 177.064 4.2
    endloop
  endfacet
  facet normal 0 0 1
    outer loop
      vertex 71.8069 159.526 4.2
      vertex 20.4046 177.611 4.2
      vertex 70.7905 159.163 4.2
    endloop
  endfacet
  facet normal -0 -0 1
    outer loop
      vertex 20.4046 177.611 4.2
      vertex 71.8069 159.526 4.2
      vertex 20.0246 178.124 4.2
    endloop
  endfacet
  facet normal 0 0 1
    outer loop
      vertex 72.854 159.789 4.2
      vertex 20.0246 178.124 4.2
      vertex 71.8069 159.526 4.2
    endloop
  endfacet
  facet normal -0 -0 1
    outer loop
      vertex 20.0246 178.124 4.2
      vertex 72.854 159.789 4.2
      vertex 19.5962 178.596 4.2
    endloop
  endfacet
  facet normal 0 0 1
    outer loop
      vertex 19.1236 179.025 4.2
      vertex 8 190.8 4.2
      vertex 18.6112 179.405 4.2
    endloop
  endfacet
  facet normal 0 0 1
    outer loop
      vertex 18.6112 179.405 4.2
      vertex 8 190.8 4.2
      vertex 18.0641 179.732 4.2
    endloop
  endfacet
  facet normal 0 0 1
    outer loop
      vertex 18.0641 179.732 4.2
      vertex 8 190.8 4.2
      vertex 17.4874 180.005 4.2
    endloop
  endfacet
  facet normal 0 0 1
    outer loop
      vertex 17.4874 180.005 4.2
      vertex 8 190.8 4.2
      vertex 16.8869 180.22 4.2
    endloop
  endfacet
  facet normal 0 0 1
    outer loop
      vertex 16.8869 180.22 4.2
      vertex 8 190.8 4.2
      vertex 16.2681 180.375 4.2
    endloop
  endfacet
  facet normal 0 0 1
    outer loop
      vertex 16.2681 180.375 4.2
      vertex 8 190.8 4.2
      vertex 15.6371 180.469 4.2
    endloop
  endfacet
  facet normal 0 0 1
    outer loop
      vertex 15.6371 180.469 4.2
      vertex 8 190.8 4.2
      vertex 15 180.5 4.2
    endloop
  endfacet
  facet normal 0 0 1
    outer loop
      vertex 8.5313 174.637 4.2
      vertex 3.2 186 4.2
      vertex 8.5 174 4.2
    endloop
  endfacet
  facet normal 0 0 1
    outer loop
      vertex 8.6249 175.268 4.2
      vertex 3.2 186 4.2
      vertex 8.5313 174.637 4.2
    endloop
  endfacet
  facet normal 0 0 1
    outer loop
      vertex 8.77989 175.887 4.2
      vertex 3.2 186 4.2
      vertex 8.6249 175.268 4.2
    endloop
  endfacet
  facet normal 0 0 1
    outer loop
      vertex 8.99478 176.487 4.2
      vertex 3.2 186 4.2
      vertex 8.77989 175.887 4.2
    endloop
  endfacet
  facet normal 0 0 1
    outer loop
      vertex 9.26751 177.064 4.2
      vertex 3.2 186 4.2
      vertex 8.99478 176.487 4.2
    endloop
  endfacet
  facet normal 0 0 1
    outer loop
      vertex 9.59545 177.611 4.2
      vertex 3.2 186 4.2
      vertex 9.26751 177.064 4.2
    endloop
  endfacet
  facet normal 0 0 1
    outer loop
      vertex 9.97543 178.124 4.2
      vertex 3.2 186 4.2
      vertex 9.59545 177.611 4.2
    endloop
  endfacet
  facet normal 0 0 1
    outer loop
      vertex 10.4038 178.596 4.2
      vertex 3.2 186 4.2
      vertex 9.97543 178.124 4.2
    endloop
  endfacet
  facet normal 0 0 1
    outer loop
      vertex 10.8764 179.025 4.2
      vertex 3.2 186 4.2
      vertex 10.4038 178.596 4.2
    endloop
  endfacet
  facet normal 0 0 1
    outer loop
      vertex 11.3888 179.405 4.2
      vertex 3.2 186 4.2
      vertex 10.8764 179.025 4.2
    endloop
  endfacet
  facet normal 0 0 1
    outer loop
      vertex 11.9359 179.732 4.2
      vertex 3.2 186 4.2
      vertex 11.3888 179.405 4.2
    endloop
  endfacet
  facet normal -0 0 1
    outer loop
      vertex 3.2 186 4.2
      vertex 11.9359 179.732 4.2
      vertex 8 190.8 4.2
    endloop
  endfacet
  facet normal 0 0 1
    outer loop
      vertex 12.5126 180.005 4.2
      vertex 8 190.8 4.2
      vertex 11.9359 179.732 4.2
    endloop
  endfacet
  facet normal 0 0 1
    outer loop
      vertex 13.1131 180.22 4.2
      vertex 8 190.8 4.2
      vertex 12.5126 180.005 4.2
    endloop
  endfacet
  facet normal 0 0 1
    outer loop
      vertex 13.7319 180.375 4.2
      vertex 8 190.8 4.2
      vertex 13.1131 180.22 4.2
    endloop
  endfacet
  facet normal 0 0 1
    outer loop
      vertex 14.3629 180.469 4.2
      vertex 8 190.8 4.2
      vertex 13.7319 180.375 4.2
    endloop
  endfacet
  facet normal 0 0 1
    outer loop
      vertex 15 180.5 4.2
      vertex 8 190.8 4.2
      vertex 14.3629 180.469 4.2
    endloop
  endfacet
  facet normal 0 0 1
    outer loop
      vertex 146.593 10.6066 4.2
      vertex 142 7.2 4.2
      vertex 146.435 10.1631 4.2
    endloop
  endfacet
  facet normal 0 0 1
    outer loop
      vertex 146.435 10.1631 4.2
      vertex 142 7.2 4.2
      vertex 146.233 9.73729 4.2
    endloop
  endfacet
  facet normal 0 0 1
    outer loop
      vertex 145.991 9.33327 4.2
      vertex 142 7.2 4.2
      vertex 145.71 8.95491 4.2
    endloop
  endfacet
  facet normal 0 0 1
    outer loop
      vertex 145.71 8.95491 4.2
      vertex 142 7.2 4.2
      vertex 145.394 8.60588 4.2
    endloop
  endfacet
  facet normal 0 0 1
    outer loop
      vertex 145.394 8.60588 4.2
      vertex 142 7.2 4.2
      vertex 145.045 8.28955 4.2
    endloop
  endfacet
  facet normal 0 0 1
    outer loop
      vertex 145.045 8.28955 4.2
      vertex 142 7.2 4.2
      vertex 144.667 8.00894 4.2
    endloop
  endfacet
  facet normal 0 0 1
    outer loop
      vertex 144.667 8.00894 4.2
      vertex 142 7.2 4.2
      vertex 144.263 7.76678 4.2
    endloop
  endfacet
  facet normal 0 0 1
    outer loop
      vertex 144.263 7.76678 4.2
      vertex 142 7.2 4.2
      vertex 143.837 7.56538 4.2
    endloop
  endfacet
  facet normal 0 0 1
    outer loop
      vertex 143.837 7.56538 4.2
      vertex 142 7.2 4.2
      vertex 143.393 7.40669 4.2
    endloop
  endfacet
  facet normal 0 0 1
    outer loop
      vertex 143.393 7.40669 4.2
      vertex 142 7.2 4.2
      vertex 142.936 7.29224 4.2
    endloop
  endfacet
  facet normal 0 0 1
    outer loop
      vertex 142.936 7.29224 4.2
      vertex 142 7.2 4.2
      vertex 142.47 7.22311 4.2
    endloop
  endfacet
  facet normal 0 0 1
    outer loop
      vertex 146.233 9.73729 4.2
      vertex 142 7.2 4.2
      vertex 145.991 9.33327 4.2
    endloop
  endfacet
  facet normal -0 0 1
    outer loop
      vertex 137.487 17.9948 4.2
      vertex 142 7.2 4.2
      vertex 138.064 18.2675 4.2
    endloop
  endfacet
  facet normal -0 0 1
    outer loop
      vertex 136.887 17.7799 4.2
      vertex 142 7.2 4.2
      vertex 137.487 17.9948 4.2
    endloop
  endfacet
  facet normal -0 0 1
    outer loop
      vertex 136.268 17.6249 4.2
      vertex 142 7.2 4.2
      vertex 136.887 17.7799 4.2
    endloop
  endfacet
  facet normal -0 0 1
    outer loop
      vertex 135.637 17.5313 4.2
      vertex 142 7.2 4.2
      vertex 136.268 17.6249 4.2
    endloop
  endfacet
  facet normal -0 0 1
    outer loop
      vertex 135 17.5 4.2
      vertex 142 7.2 4.2
      vertex 135.637 17.5313 4.2
    endloop
  endfacet
  facet normal 0 0 1
    outer loop
      vertex 134.363 17.5313 4.2
      vertex 142 7.2 4.2
      vertex 135 17.5 4.2
    endloop
  endfacet
  facet normal 0 0 1
    outer loop
      vertex 133.732 17.6249 4.2
      vertex 142 7.2 4.2
      vertex 134.363 17.5313 4.2
    endloop
  endfacet
  facet normal 0 0 1
    outer loop
      vertex 133.113 17.7799 4.2
      vertex 142 7.2 4.2
      vertex 133.732 17.6249 4.2
    endloop
  endfacet
  facet normal 0 0 1
    outer loop
      vertex 132.513 17.9948 4.2
      vertex 142 7.2 4.2
      vertex 133.113 17.7799 4.2
    endloop
  endfacet
  facet normal 0 0 1
    outer loop
      vertex 131.936 18.2675 4.2
      vertex 142 7.2 4.2
      vertex 132.513 17.9948 4.2
    endloop
  endfacet
  facet normal 0 0 1
    outer loop
      vertex 131.389 18.5954 4.2
      vertex 142 7.2 4.2
      vertex 131.936 18.2675 4.2
    endloop
  endfacet
  facet normal 0 0 1
    outer loop
      vertex 130.876 18.9754 4.2
      vertex 142 7.2 4.2
      vertex 131.389 18.5954 4.2
    endloop
  endfacet
  facet normal 0 0 1
    outer loop
      vertex 76.0782 38.053 4.2
      vertex 130.876 18.9754 4.2
      vertex 130.404 19.4038 4.2
    endloop
  endfacet
  facet normal 0 0 1
    outer loop
      vertex 129.268 27.0641 4.2
      vertex 85.1627 44.7905 4.2
      vertex 128.995 26.4874 4.2
    endloop
  endfacet
  facet normal 0 0 1
    outer loop
      vertex 128.995 26.4874 4.2
      vertex 85.1627 44.7905 4.2
      vertex 128.78 25.8869 4.2
    endloop
  endfacet
  facet normal -0 0 1
    outer loop
      vertex 84.7011 43.8146 4.2
      vertex 128.78 25.8869 4.2
      vertex 85.1627 44.7905 4.2
    endloop
  endfacet
  facet normal 0 0 1
    outer loop
      vertex 128.78 25.8869 4.2
      vertex 84.7011 43.8146 4.2
      vertex 128.625 25.2681 4.2
    endloop
  endfacet
  facet normal -0 0 1
    outer loop
      vertex 84.1462 42.8887 4.2
      vertex 128.625 25.2681 4.2
      vertex 84.7011 43.8146 4.2
    endloop
  endfacet
  facet normal 0 0 1
    outer loop
      vertex 128.625 25.2681 4.2
      vertex 84.1462 42.8887 4.2
      vertex 128.531 24.6371 4.2
    endloop
  endfacet
  facet normal -0 0 1
    outer loop
      vertex 83.5031 42.0217 4.2
      vertex 128.531 24.6371 4.2
      vertex 84.1462 42.8887 4.2
    endloop
  endfacet
  facet normal 0 0 1
    outer loop
      vertex 128.531 24.6371 4.2
      vertex 83.5031 42.0217 4.2
      vertex 128.5 24 4.2
    endloop
  endfacet
  facet normal -0 0 1
    outer loop
      vertex 82.7782 41.2218 4.2
      vertex 128.5 24 4.2
      vertex 83.5031 42.0217 4.2
    endloop
  endfacet
  facet normal 0 0 1
    outer loop
      vertex 128.5 24 4.2
      vertex 82.7782 41.2218 4.2
      vertex 128.531 23.3629 4.2
    endloop
  endfacet
  facet normal -0 0 1
    outer loop
      vertex 81.9783 40.4969 4.2
      vertex 128.531 23.3629 4.2
      vertex 82.7782 41.2218 4.2
    endloop
  endfacet
  facet normal 0 0 1
    outer loop
      vertex 128.531 23.3629 4.2
      vertex 81.9783 40.4969 4.2
      vertex 128.625 22.7319 4.2
    endloop
  endfacet
  facet normal -0 0 1
    outer loop
      vertex 81.1113 39.8538 4.2
      vertex 128.625 22.7319 4.2
      vertex 81.9783 40.4969 4.2
    endloop
  endfacet
  facet normal 0 0 1
    outer loop
      vertex 128.625 22.7319 4.2
      vertex 81.1113 39.8538 4.2
      vertex 128.78 22.1131 4.2
    endloop
  endfacet
  facet normal -0 0 1
    outer loop
      vertex 80.1854 39.2989 4.2
      vertex 128.78 22.1131 4.2
      vertex 81.1113 39.8538 4.2
    endloop
  endfacet
  facet normal 0 0 1
    outer loop
      vertex 128.78 22.1131 4.2
      vertex 80.1854 39.2989 4.2
      vertex 128.995 21.5126 4.2
    endloop
  endfacet
  facet normal 0 0 1
    outer loop
      vertex 128.995 21.5126 4.2
      vertex 80.1854 39.2989 4.2
      vertex 129.268 20.9359 4.2
    endloop
  endfacet
  facet normal -0 0 1
    outer loop
      vertex 79.2095 38.8373 4.2
      vertex 129.268 20.9359 4.2
      vertex 80.1854 39.2989 4.2
    endloop
  endfacet
  facet normal 0 0 1
    outer loop
      vertex 129.268 20.9359 4.2
      vertex 79.2095 38.8373 4.2
      vertex 129.595 20.3888 4.2
    endloop
  endfacet
  facet normal -0 0 1
    outer loop
      vertex 78.1931 38.4737 4.2
      vertex 129.595 20.3888 4.2
      vertex 79.2095 38.8373 4.2
    endloop
  endfacet
  facet normal 0 0 1
    outer loop
      vertex 129.595 20.3888 4.2
      vertex 78.1931 38.4737 4.2
      vertex 129.975 19.8764 4.2
    endloop
  endfacet
  facet normal -0 0 1
    outer loop
      vertex 77.146 38.2114 4.2
      vertex 129.975 19.8764 4.2
      vertex 78.1931 38.4737 4.2
    endloop
  endfacet
  facet normal 0 0 1
    outer loop
      vertex 129.975 19.8764 4.2
      vertex 77.146 38.2114 4.2
      vertex 130.404 19.4038 4.2
    endloop
  endfacet
  facet normal -0 0 1
    outer loop
      vertex 76.0782 38.053 4.2
      vertex 130.404 19.4038 4.2
      vertex 77.146 38.2114 4.2
    endloop
  endfacet
  facet normal 0 0 1
    outer loop
      vertex 130.876 18.9754 4.2
      vertex 76.0782 38.053 4.2
      vertex 142 7.2 4.2
    endloop
  endfacet
  facet normal -0 0 1
    outer loop
      vertex 75 38 4.2
      vertex 142 7.2 4.2
      vertex 76.0782 38.053 4.2
    endloop
  endfacet
  facet normal 0 0 1
    outer loop
      vertex 8 7.2 4.2
      vertex 75 38 4.2
      vertex 73.9218 38.053 4.2
    endloop
  endfacet
  facet normal 0 0 1
    outer loop
      vertex 19.5962 19.4038 4.2
      vertex 73.9218 38.053 4.2
      vertex 72.854 38.2114 4.2
    endloop
  endfacet
  facet normal 0 0 1
    outer loop
      vertex 20.0246 19.8764 4.2
      vertex 72.854 38.2114 4.2
      vertex 71.8069 38.4737 4.2
    endloop
  endfacet
  facet normal 0 0 1
    outer loop
      vertex 20.4046 20.3888 4.2
      vertex 71.8069 38.4737 4.2
      vertex 70.7905 38.8373 4.2
    endloop
  endfacet
  facet normal 0 0 1
    outer loop
      vertex 64.053 50.0782 4.2
      vertex 21.5 24 4.2
      vertex 64 49 4.2
    endloop
  endfacet
  facet normal 0 0 1
    outer loop
      vertex 64 49 4.2
      vertex 21.5 24 4.2
      vertex 64.053 47.9218 4.2
    endloop
  endfacet
  facet normal 0 0 1
    outer loop
      vertex 64.053 47.9218 4.2
      vertex 21.5 24 4.2
      vertex 64.2114 46.854 4.2
    endloop
  endfacet
  facet normal 0 0 1
    outer loop
      vertex 64.2114 46.854 4.2
      vertex 21.5 24 4.2
      vertex 64.4737 45.8069 4.2
    endloop
  endfacet
  facet normal 0 0 1
    outer loop
      vertex 21.5 24 4.2
      vertex 64.8373 44.7905 4.2
      vertex 64.4737 45.8069 4.2
    endloop
  endfacet
  facet normal 0 0 1
    outer loop
      vertex 21.5 24 4.2
      vertex 65.2989 43.8146 4.2
      vertex 64.8373 44.7905 4.2
    endloop
  endfacet
  facet normal 0 0 1
    outer loop
      vertex 21.5 24 4.2
      vertex 65.8538 42.8887 4.2
      vertex 65.2989 43.8146 4.2
    endloop
  endfacet
  facet normal 0 0 1
    outer loop
      vertex 21.5 24 4.2
      vertex 66.4969 42.0217 4.2
      vertex 65.8538 42.8887 4.2
    endloop
  endfacet
  facet normal 0 0 1
    outer loop
      vertex 21.5 24 4.2
      vertex 67.2218 41.2218 4.2
      vertex 66.4969 42.0217 4.2
    endloop
  endfacet
  facet normal 0 0 1
    outer loop
      vertex 21.4687 23.3629 4.2
      vertex 67.2218 41.2218 4.2
      vertex 21.5 24 4.2
    endloop
  endfacet
  facet normal 0 0 1
    outer loop
      vertex 67.2218 41.2218 4.2
      vertex 21.4687 23.3629 4.2
      vertex 68.0217 40.4969 4.2
    endloop
  endfacet
  facet normal 0 0 1
    outer loop
      vertex 21.3751 22.7319 4.2
      vertex 68.0217 40.4969 4.2
      vertex 21.4687 23.3629 4.2
    endloop
  endfacet
  facet normal 0 0 1
    outer loop
      vertex 68.0217 40.4969 4.2
      vertex 21.3751 22.7319 4.2
      vertex 68.8887 39.8538 4.2
    endloop
  endfacet
  facet normal 0 0 1
    outer loop
      vertex 21.2201 22.1131 4.2
      vertex 68.8887 39.8538 4.2
      vertex 21.3751 22.7319 4.2
    endloop
  endfacet
  facet normal 0 0 1
    outer loop
      vertex 68.8887 39.8538 4.2
      vertex 21.2201 22.1131 4.2
      vertex 69.8146 39.2989 4.2
    endloop
  endfacet
  facet normal 0 0 1
    outer loop
      vertex 21.0052 21.5126 4.2
      vertex 69.8146 39.2989 4.2
      vertex 21.2201 22.1131 4.2
    endloop
  endfacet
  facet normal 0 0 1
    outer loop
      vertex 69.8146 39.2989 4.2
      vertex 21.0052 21.5126 4.2
      vertex 70.7905 38.8373 4.2
    endloop
  endfacet
  facet normal 0 0 1
    outer loop
      vertex 20.7325 20.9359 4.2
      vertex 70.7905 38.8373 4.2
      vertex 21.0052 21.5126 4.2
    endloop
  endfacet
  facet normal 0 0 1
    outer loop
      vertex 20.4046 20.3888 4.2
      vertex 70.7905 38.8373 4.2
      vertex 20.7325 20.9359 4.2
    endloop
  endfacet
  facet normal 0 0 1
    outer loop
      vertex 71.8069 38.4737 4.2
      vertex 20.4046 20.3888 4.2
      vertex 20.0246 19.8764 4.2
    endloop
  endfacet
  facet normal 0 0 1
    outer loop
      vertex 72.854 38.2114 4.2
      vertex 20.0246 19.8764 4.2
      vertex 19.5962 19.4038 4.2
    endloop
  endfacet
  facet normal 0 0 1
    outer loop
      vertex 73.9218 38.053 4.2
      vertex 19.5962 19.4038 4.2
      vertex 19.1236 18.9754 4.2
    endloop
  endfacet
  facet normal 0 0 1
    outer loop
      vertex 73.9218 38.053 4.2
      vertex 19.1236 18.9754 4.2
      vertex 8 7.2 4.2
    endloop
  endfacet
  facet normal 0 0 1
    outer loop
      vertex 8 7.2 4.2
      vertex 19.1236 18.9754 4.2
      vertex 18.6112 18.5954 4.2
    endloop
  endfacet
  facet normal 0 0 1
    outer loop
      vertex 8 7.2 4.2
      vertex 18.6112 18.5954 4.2
      vertex 18.0641 18.2675 4.2
    endloop
  endfacet
  facet normal 0 0 1
    outer loop
      vertex 8 7.2 4.2
      vertex 18.0641 18.2675 4.2
      vertex 17.4874 17.9948 4.2
    endloop
  endfacet
  facet normal 0 0 1
    outer loop
      vertex 8 7.2 4.2
      vertex 17.4874 17.9948 4.2
      vertex 16.8869 17.7799 4.2
    endloop
  endfacet
  facet normal 0 0 1
    outer loop
      vertex 8 7.2 4.2
      vertex 16.8869 17.7799 4.2
      vertex 16.2681 17.6249 4.2
    endloop
  endfacet
  facet normal 0 0 1
    outer loop
      vertex 8 7.2 4.2
      vertex 16.2681 17.6249 4.2
      vertex 15.6371 17.5313 4.2
    endloop
  endfacet
  facet normal 0 0 1
    outer loop
      vertex 8 7.2 4.2
      vertex 15.6371 17.5313 4.2
      vertex 15 17.5 4.2
    endloop
  endfacet
  facet normal 0 0 1
    outer loop
      vertex 8 7.2 4.2
      vertex 15 17.5 4.2
      vertex 14.3629 17.5313 4.2
    endloop
  endfacet
  facet normal 0 0 1
    outer loop
      vertex 75 38 4.2
      vertex 8 7.2 4.2
      vertex 142 7.2 4.2
    endloop
  endfacet
  facet normal 0 0 1
    outer loop
      vertex 13.7319 17.6249 4.2
      vertex 8 7.2 4.2
      vertex 14.3629 17.5313 4.2
    endloop
  endfacet
  facet normal 0 0 1
    outer loop
      vertex 13.1131 17.7799 4.2
      vertex 8 7.2 4.2
      vertex 13.7319 17.6249 4.2
    endloop
  endfacet
  facet normal 0 0 1
    outer loop
      vertex 12.5126 17.9948 4.2
      vertex 8 7.2 4.2
      vertex 13.1131 17.7799 4.2
    endloop
  endfacet
  facet normal 0 0 1
    outer loop
      vertex 11.9359 18.2675 4.2
      vertex 8 7.2 4.2
      vertex 12.5126 17.9948 4.2
    endloop
  endfacet
  facet normal 0 0 1
    outer loop
      vertex 3.2 12 4.2
      vertex 11.9359 18.2675 4.2
      vertex 11.3888 18.5954 4.2
    endloop
  endfacet
  facet normal 0 0 1
    outer loop
      vertex 3.2 12 4.2
      vertex 11.3888 18.5954 4.2
      vertex 10.8764 18.9754 4.2
    endloop
  endfacet
  facet normal 0 0 1
    outer loop
      vertex 3.2 12 4.2
      vertex 10.8764 18.9754 4.2
      vertex 10.4038 19.4038 4.2
    endloop
  endfacet
  facet normal 0 0 1
    outer loop
      vertex 3.2 12 4.2
      vertex 10.4038 19.4038 4.2
      vertex 9.97543 19.8764 4.2
    endloop
  endfacet
  facet normal 0 0 1
    outer loop
      vertex 3.2 12 4.2
      vertex 9.97543 19.8764 4.2
      vertex 9.59545 20.3888 4.2
    endloop
  endfacet
  facet normal 0 0 1
    outer loop
      vertex 3.2 12 4.2
      vertex 9.59545 20.3888 4.2
      vertex 9.26751 20.9359 4.2
    endloop
  endfacet
  facet normal 0 0 1
    outer loop
      vertex 3.2 12 4.2
      vertex 9.26751 20.9359 4.2
      vertex 8.99478 21.5126 4.2
    endloop
  endfacet
  facet normal 0 0 1
    outer loop
      vertex 3.2 12 4.2
      vertex 8.99478 21.5126 4.2
      vertex 8.77989 22.1131 4.2
    endloop
  endfacet
  facet normal 0 0 1
    outer loop
      vertex 3.2 12 4.2
      vertex 8.77989 22.1131 4.2
      vertex 8.6249 22.7319 4.2
    endloop
  endfacet
  facet normal 0 0 1
    outer loop
      vertex 3.2 12 4.2
      vertex 8.6249 22.7319 4.2
      vertex 8.5313 23.3629 4.2
    endloop
  endfacet
  facet normal 0 0 1
    outer loop
      vertex 3.2 12 4.2
      vertex 8.5313 23.3629 4.2
      vertex 8.5 24 4.2
    endloop
  endfacet
  facet normal 0 0 1
    outer loop
      vertex 8.6249 25.2681 4.2
      vertex 3.2 12 4.2
      vertex 8.5313 24.6371 4.2
    endloop
  endfacet
  facet normal 0 0 1
    outer loop
      vertex 3.2 186 4.2
      vertex 8 190.8 4.2
      vertex 7.52951 190.777 4.2
    endloop
  endfacet
  facet normal 0 0 1
    outer loop
      vertex 8.5313 24.6371 4.2
      vertex 3.2 12 4.2
      vertex 8.5 24 4.2
    endloop
  endfacet
  facet normal 0 0 1
    outer loop
      vertex 3.2 186 4.2
      vertex 7.52951 190.777 4.2
      vertex 7.06357 190.708 4.2
    endloop
  endfacet
  facet normal 0 0 1
    outer loop
      vertex 11.9359 18.2675 4.2
      vertex 3.2 12 4.2
      vertex 8 7.2 4.2
    endloop
  endfacet
  facet normal 0 0 1
    outer loop
      vertex 3.2 186 4.2
      vertex 7.06357 190.708 4.2
      vertex 6.60663 190.593 4.2
    endloop
  endfacet
  facet normal 0 0 1
    outer loop
      vertex 8 7.2 4.2
      vertex 3.2 12 4.2
      vertex 7.52951 7.22311 4.2
    endloop
  endfacet
  facet normal 0 0 1
    outer loop
      vertex 3.2 186 4.2
      vertex 6.60663 190.593 4.2
      vertex 6.16312 190.435 4.2
    endloop
  endfacet
  facet normal 0 0 1
    outer loop
      vertex 7.52951 7.22311 4.2
      vertex 3.2 12 4.2
      vertex 7.06357 7.29224 4.2
    endloop
  endfacet
  facet normal 0 0 1
    outer loop
      vertex 3.2 186 4.2
      vertex 6.16312 190.435 4.2
      vertex 5.73729 190.233 4.2
    endloop
  endfacet
  facet normal 0 0 1
    outer loop
      vertex 7.06357 7.29224 4.2
      vertex 3.2 12 4.2
      vertex 6.60663 7.40669 4.2
    endloop
  endfacet
  facet normal 0 0 1
    outer loop
      vertex 3.2 186 4.2
      vertex 5.73729 190.233 4.2
      vertex 5.33327 189.991 4.2
    endloop
  endfacet
  facet normal 0 0 1
    outer loop
      vertex 6.60663 7.40669 4.2
      vertex 3.2 12 4.2
      vertex 6.16312 7.56538 4.2
    endloop
  endfacet
  facet normal 0 0 1
    outer loop
      vertex 3.2 186 4.2
      vertex 5.33327 189.991 4.2
      vertex 4.95491 189.71 4.2
    endloop
  endfacet
  facet normal 0 0 1
    outer loop
      vertex 6.16312 7.56538 4.2
      vertex 3.2 12 4.2
      vertex 5.73729 7.76678 4.2
    endloop
  endfacet
  facet normal 0 0 1
    outer loop
      vertex 3.2 186 4.2
      vertex 4.95491 189.71 4.2
      vertex 4.60588 189.394 4.2
    endloop
  endfacet
  facet normal 0 0 1
    outer loop
      vertex 5.73729 7.76678 4.2
      vertex 3.2 12 4.2
      vertex 5.33327 8.00894 4.2
    endloop
  endfacet
  facet normal 0 0 1
    outer loop
      vertex 3.2 186 4.2
      vertex 4.60588 189.394 4.2
      vertex 4.28955 189.045 4.2
    endloop
  endfacet
  facet normal 0 0 1
    outer loop
      vertex 5.33327 8.00894 4.2
      vertex 3.2 12 4.2
      vertex 4.95491 8.28955 4.2
    endloop
  endfacet
  facet normal 0 0 1
    outer loop
      vertex 3.2 186 4.2
      vertex 4.28955 189.045 4.2
      vertex 4.00894 188.667 4.2
    endloop
  endfacet
  facet normal 0 0 1
    outer loop
      vertex 4.95491 8.28955 4.2
      vertex 3.2 12 4.2
      vertex 4.60588 8.60588 4.2
    endloop
  endfacet
  facet normal 0 0 1
    outer loop
      vertex 3.2 186 4.2
      vertex 4.00894 188.667 4.2
      vertex 3.76678 188.263 4.2
    endloop
  endfacet
  facet normal 0 0 1
    outer loop
      vertex 4.60588 8.60588 4.2
      vertex 3.2 12 4.2
      vertex 4.28955 8.95491 4.2
    endloop
  endfacet
  facet normal 0 0 1
    outer loop
      vertex 3.2 186 4.2
      vertex 3.76678 188.263 4.2
      vertex 3.56538 187.837 4.2
    endloop
  endfacet
  facet normal 0 0 1
    outer loop
      vertex 4.28955 8.95491 4.2
      vertex 3.2 12 4.2
      vertex 4.00894 9.33327 4.2
    endloop
  endfacet
  facet normal 0 0 1
    outer loop
      vertex 3.2 186 4.2
      vertex 3.56538 187.837 4.2
      vertex 3.40669 187.393 4.2
    endloop
  endfacet
  facet normal 0 0 1
    outer loop
      vertex 4.00894 9.33327 4.2
      vertex 3.2 12 4.2
      vertex 3.76678 9.73729 4.2
    endloop
  endfacet
  facet normal 0 0 1
    outer loop
      vertex 3.2 186 4.2
      vertex 3.40669 187.393 4.2
      vertex 3.29224 186.936 4.2
    endloop
  endfacet
  facet normal 0 0 1
    outer loop
      vertex 3.76678 9.73729 4.2
      vertex 3.2 12 4.2
      vertex 3.56538 10.1631 4.2
    endloop
  endfacet
  facet normal 0 0 1
    outer loop
      vertex 3.2 186 4.2
      vertex 3.29224 186.936 4.2
      vertex 3.22311 186.47 4.2
    endloop
  endfacet
  facet normal 0 0 1
    outer loop
      vertex 3.56538 10.1631 4.2
      vertex 3.2 12 4.2
      vertex 3.40669 10.6066 4.2
    endloop
  endfacet
  facet normal 0 0 1
    outer loop
      vertex 3.40669 10.6066 4.2
      vertex 3.2 12 4.2
      vertex 3.29224 11.0636 4.2
    endloop
  endfacet
  facet normal 0 0 1
    outer loop
      vertex 3.29224 11.0636 4.2
      vertex 3.2 12 4.2
      vertex 3.22311 11.5295 4.2
    endloop
  endfacet
  facet normal 0.595698 0.803208 -0
    outer loop
      vertex 5.33327 8.00894 4.2
      vertex 4.95491 8.28955 100
      vertex 5.33327 8.00894 100
    endloop
  endfacet
  facet normal 0.595698 0.803208 0
    outer loop
      vertex 4.95491 8.28955 100
      vertex 5.33327 8.00894 4.2
      vertex 4.95491 8.28955 4.2
    endloop
  endfacet
  facet normal 0.244063 -0.969759 0
    outer loop
      vertex 6.60663 190.593 4.2
      vertex 7.06357 190.708 100
      vertex 6.60663 190.593 100
    endloop
  endfacet
  facet normal 0.244063 -0.969759 0
    outer loop
      vertex 7.06357 190.708 100
      vertex 6.60663 190.593 4.2
      vertex 7.06357 190.708 4.2
    endloop
  endfacet
  facet normal 0.67116 -0.741313 0
    outer loop
      vertex 4.60588 189.394 4.2
      vertex 4.95491 189.71 100
      vertex 4.60588 189.394 100
    endloop
  endfacet
  facet normal 0.67116 -0.741313 0
    outer loop
      vertex 4.95491 189.71 100
      vertex 4.60588 189.394 4.2
      vertex 4.95491 189.71 4.2
    endloop
  endfacet
  facet normal -0.146472 -0.989215 0
    outer loop
      vertex 142.47 190.777 4.2
      vertex 142.936 190.708 100
      vertex 142.47 190.777 100
    endloop
  endfacet
  facet normal -0.146472 -0.989215 -0
    outer loop
      vertex 142.936 190.708 100
      vertex 142.47 190.777 4.2
      vertex 142.936 190.708 4.2
    endloop
  endfacet
  facet normal -0.98921 0.146502 0
    outer loop
      vertex 146.708 11.0636 4.2
      vertex 146.777 11.5295 100
      vertex 146.777 11.5295 4.2
    endloop
  endfacet
  facet normal -0.98921 0.146502 0
    outer loop
      vertex 146.777 11.5295 100
      vertex 146.708 11.0636 4.2
      vertex 146.708 11.0636 100
    endloop
  endfacet
  facet normal -0.146742 0.989175 0
    outer loop
      vertex 142.936 7.29224 4.2
      vertex 142.47 7.22311 100
      vertex 142.936 7.29224 100
    endloop
  endfacet
  facet normal -0.146742 0.989175 0
    outer loop
      vertex 142.47 7.22311 100
      vertex 142.936 7.29224 4.2
      vertex 142.47 7.22311 4.2
    endloop
  endfacet
  facet normal -0.969767 0.244033 0
    outer loop
      vertex 146.593 10.6066 4.2
      vertex 146.708 11.0636 100
      vertex 146.708 11.0636 4.2
    endloop
  endfacet
  facet normal -0.969767 0.244033 0
    outer loop
      vertex 146.708 11.0636 100
      vertex 146.593 10.6066 4.2
      vertex 146.593 10.6066 100
    endloop
  endfacet
  facet normal 0.989175 -0.146742 0
    outer loop
      vertex 3.22311 186.47 100
      vertex 3.29224 186.936 4.2
      vertex 3.29224 186.936 100
    endloop
  endfacet
  facet normal 0.989175 -0.146742 0
    outer loop
      vertex 3.29224 186.936 4.2
      vertex 3.22311 186.47 100
      vertex 3.22311 186.47 4.2
    endloop
  endfacet
  facet normal 0.970043 -0.242935 0
    outer loop
      vertex 3.29224 186.936 100
      vertex 3.40669 187.393 4.2
      vertex 3.40669 187.393 100
    endloop
  endfacet
  facet normal 0.970043 -0.242935 0
    outer loop
      vertex 3.40669 187.393 4.2
      vertex 3.29224 186.936 100
      vertex 3.29224 186.936 4.2
    endloop
  endfacet
  facet normal -0.998805 -0.0488777 0
    outer loop
      vertex 146.8 186 4.2
      vertex 146.777 186.47 100
      vertex 146.777 186.47 4.2
    endloop
  endfacet
  facet normal -0.998805 -0.0488777 0
    outer loop
      vertex 146.777 186.47 100
      vertex 146.8 186 4.2
      vertex 146.8 186 100
    endloop
  endfacet
  facet normal -0.596598 -0.802541 0
    outer loop
      vertex 144.667 189.991 4.2
      vertex 145.045 189.71 100
      vertex 144.667 189.991 100
    endloop
  endfacet
  facet normal -0.596598 -0.802541 -0
    outer loop
      vertex 145.045 189.71 100
      vertex 144.667 189.991 4.2
      vertex 145.045 189.71 4.2
    endloop
  endfacet
  facet normal -0.671191 -0.741284 0
    outer loop
      vertex 145.045 189.71 4.2
      vertex 145.394 189.394 100
      vertex 145.045 189.71 100
    endloop
  endfacet
  facet normal -0.671191 -0.741284 -0
    outer loop
      vertex 145.394 189.394 100
      vertex 145.045 189.71 4.2
      vertex 145.394 189.394 4.2
    endloop
  endfacet
  facet normal -0.671576 0.740935 0
    outer loop
      vertex 145.394 8.60588 4.2
      vertex 145.045 8.28955 100
      vertex 145.394 8.60588 100
    endloop
  endfacet
  facet normal -0.671576 0.740935 0
    outer loop
      vertex 145.045 8.28955 100
      vertex 145.394 8.60588 4.2
      vertex 145.045 8.28955 4.2
    endloop
  endfacet
  facet normal -0.596064 0.802937 0
    outer loop
      vertex 145.045 8.28955 4.2
      vertex 144.667 8.00894 100
      vertex 145.045 8.28955 100
    endloop
  endfacet
  facet normal -0.596064 0.802937 0
    outer loop
      vertex 144.667 8.00894 100
      vertex 145.045 8.28955 4.2
      vertex 144.667 8.00894 4.2
    endloop
  endfacet
  facet normal -0.0491109 0.998793 0
    outer loop
      vertex 142.47 7.22311 4.2
      vertex 142 7.2 100
      vertex 142.47 7.22311 100
    endloop
  endfacet
  facet normal -0.0491109 0.998793 0
    outer loop
      vertex 142 7.2 100
      vertex 142.47 7.22311 4.2
      vertex 142 7.2 4.2
    endloop
  endfacet
  facet normal -0.244033 -0.969767 0
    outer loop
      vertex 142.936 190.708 4.2
      vertex 143.393 190.593 100
      vertex 142.936 190.708 100
    endloop
  endfacet
  facet normal -0.244033 -0.969767 -0
    outer loop
      vertex 143.393 190.593 100
      vertex 142.936 190.708 4.2
      vertex 143.393 190.593 4.2
    endloop
  endfacet
  facet normal 0.904057 -0.427411 0
    outer loop
      vertex 3.56538 187.837 100
      vertex 3.76678 188.263 4.2
      vertex 3.76678 188.263 100
    endloop
  endfacet
  facet normal 0.904057 -0.427411 0
    outer loop
      vertex 3.76678 188.263 4.2
      vertex 3.56538 187.837 100
      vertex 3.56538 187.837 4.2
    endloop
  endfacet
  facet normal 0.427551 0.903991 -0
    outer loop
      vertex 6.16312 7.56538 4.2
      vertex 5.73729 7.76678 100
      vertex 6.16312 7.56538 100
    endloop
  endfacet
  facet normal 0.427551 0.903991 0
    outer loop
      vertex 5.73729 7.76678 100
      vertex 6.16312 7.56538 4.2
      vertex 5.73729 7.76678 4.2
    endloop
  endfacet
  facet normal -0.857879 0.513852 0
    outer loop
      vertex 145.991 9.33327 4.2
      vertex 146.233 9.73729 100
      vertex 146.233 9.73729 4.2
    endloop
  endfacet
  facet normal -0.857879 0.513852 0
    outer loop
      vertex 146.233 9.73729 100
      vertex 145.991 9.33327 4.2
      vertex 145.991 9.33327 100
    endloop
  endfacet
  facet normal -0.337081 -0.941476 0
    outer loop
      vertex 12.5126 167.995 4.2
      vertex 13.1131 167.78 100
      vertex 12.5126 167.995 100
    endloop
  endfacet
  facet normal -0.337081 -0.941476 -0
    outer loop
      vertex 13.1131 167.78 100
      vertex 12.5126 167.995 4.2
      vertex 13.1131 167.78 4.2
    endloop
  endfacet
  facet normal -0.595677 0.803224 0
    outer loop
      vertex 11.3888 179.405 4.2
      vertex 10.8764 179.025 100
      vertex 11.3888 179.405 100
    endloop
  endfacet
  facet normal -0.595677 0.803224 0
    outer loop
      vertex 10.8764 179.025 100
      vertex 11.3888 179.405 4.2
      vertex 10.8764 179.025 4.2
    endloop
  endfacet
  facet normal 0.989177 0.14673 0
    outer loop
      vertex 21.4687 174.637 100
      vertex 21.3751 175.268 4.2
      vertex 21.3751 175.268 100
    endloop
  endfacet
  facet normal 0.989177 0.14673 0
    outer loop
      vertex 21.3751 175.268 4.2
      vertex 21.4687 174.637 100
      vertex 21.4687 174.637 4.2
    endloop
  endfacet
  facet normal 0.998795 0.0490774 0
    outer loop
      vertex 21.5 174 100
      vertex 21.4687 174.637 4.2
      vertex 21.4687 174.637 100
    endloop
  endfacet
  facet normal 0.998795 0.0490774 0
    outer loop
      vertex 21.4687 174.637 4.2
      vertex 21.5 174 100
      vertex 21.5 174 4.2
    endloop
  endfacet
  facet normal 0.97005 0.242904 0
    outer loop
      vertex 21.3751 175.268 100
      vertex 21.2201 175.887 4.2
      vertex 21.2201 175.887 100
    endloop
  endfacet
  facet normal 0.97005 0.242904 0
    outer loop
      vertex 21.2201 175.887 4.2
      vertex 21.3751 175.268 100
      vertex 21.3751 175.268 4.2
    endloop
  endfacet
  facet normal 0.147344 0.989085 -0
    outer loop
      vertex 16.2681 180.375 4.2
      vertex 15.6371 180.469 100
      vertex 16.2681 180.375 100
    endloop
  endfacet
  facet normal 0.147344 0.989085 0
    outer loop
      vertex 15.6371 180.469 100
      vertex 16.2681 180.375 4.2
      vertex 15.6371 180.469 4.2
    endloop
  endfacet
  facet normal -0.147344 0.989085 0
    outer loop
      vertex 14.3629 180.469 4.2
      vertex 13.7319 180.375 100
      vertex 14.3629 180.469 100
    endloop
  endfacet
  facet normal -0.147344 0.989085 0
    outer loop
      vertex 13.7319 180.375 100
      vertex 14.3629 180.469 4.2
      vertex 13.7319 180.375 4.2
    endloop
  endfacet
  facet normal 0.803557 0.595228 0
    outer loop
      vertex 20.4046 177.611 100
      vertex 20.0246 178.124 4.2
      vertex 20.0246 178.124 100
    endloop
  endfacet
  facet normal 0.803557 0.595228 0
    outer loop
      vertex 20.0246 178.124 4.2
      vertex 20.4046 177.611 100
      vertex 20.4046 177.611 4.2
    endloop
  endfacet
  facet normal 0.513041 -0.858364 0
    outer loop
      vertex 18.0641 168.268 4.2
      vertex 18.6112 168.595 100
      vertex 18.0641 168.268 100
    endloop
  endfacet
  facet normal 0.513041 -0.858364 0
    outer loop
      vertex 18.6112 168.595 100
      vertex 18.0641 168.268 4.2
      vertex 18.6112 168.595 4.2
    endloop
  endfacet
  facet normal 0.595677 0.803224 -0
    outer loop
      vertex 19.1236 179.025 4.2
      vertex 18.6112 179.405 100
      vertex 19.1236 179.025 100
    endloop
  endfacet
  facet normal 0.595677 0.803224 0
    outer loop
      vertex 18.6112 179.405 100
      vertex 19.1236 179.025 4.2
      vertex 18.6112 179.405 4.2
    endloop
  endfacet
  facet normal 0.998795 -0.0490774 0
    outer loop
      vertex 21.4687 173.363 100
      vertex 21.5 174 4.2
      vertex 21.5 174 100
    endloop
  endfacet
  facet normal 0.998795 -0.0490774 0
    outer loop
      vertex 21.5 174 4.2
      vertex 21.4687 173.363 100
      vertex 21.4687 173.363 4.2
    endloop
  endfacet
  facet normal -0.242978 0.970032 0
    outer loop
      vertex 13.7319 180.375 4.2
      vertex 13.1131 180.22 100
      vertex 13.7319 180.375 100
    endloop
  endfacet
  facet normal -0.242978 0.970032 0
    outer loop
      vertex 13.1131 180.22 100
      vertex 13.7319 180.375 4.2
      vertex 13.1131 180.22 4.2
    endloop
  endfacet
  facet normal 0.427864 0.903843 -0
    outer loop
      vertex 18.0641 179.732 4.2
      vertex 17.4874 180.005 100
      vertex 18.0641 179.732 100
    endloop
  endfacet
  facet normal 0.427864 0.903843 0
    outer loop
      vertex 17.4874 180.005 100
      vertex 18.0641 179.732 4.2
      vertex 17.4874 180.005 4.2
    endloop
  endfacet
  facet normal 0 0 1
    outer loop
      vertex 17.65 174 100
      vertex 21.5 174 100
      vertex 21.4687 174.637 100
    endloop
  endfacet
  facet normal 0 0 1
    outer loop
      vertex 17.6372 174.26 100
      vertex 21.4687 174.637 100
      vertex 21.3751 175.268 100
    endloop
  endfacet
  facet normal 0 0 1
    outer loop
      vertex 21.5 174 100
      vertex 17.65 174 100
      vertex 21.4687 173.363 100
    endloop
  endfacet
  facet normal 0 0 1
    outer loop
      vertex 17.5991 174.517 100
      vertex 21.3751 175.268 100
      vertex 21.2201 175.887 100
    endloop
  endfacet
  facet normal -0 0 1
    outer loop
      vertex 17.6372 173.74 100
      vertex 21.4687 173.363 100
      vertex 17.65 174 100
    endloop
  endfacet
  facet normal 0 0 1
    outer loop
      vertex 17.5359 174.769 100
      vertex 21.2201 175.887 100
      vertex 21.0052 176.487 100
    endloop
  endfacet
  facet normal 0 0 1
    outer loop
      vertex 21.4687 173.363 100
      vertex 17.6372 173.74 100
      vertex 21.3751 172.732 100
    endloop
  endfacet
  facet normal 0 0 1
    outer loop
      vertex 17.4483 175.014 100
      vertex 21.0052 176.487 100
      vertex 20.7325 177.064 100
    endloop
  endfacet
  facet normal -0 0 1
    outer loop
      vertex 17.5991 173.483 100
      vertex 21.3751 172.732 100
      vertex 17.6372 173.74 100
    endloop
  endfacet
  facet normal 0 0 1
    outer loop
      vertex 17.3371 175.249 100
      vertex 20.7325 177.064 100
      vertex 20.4046 177.611 100
    endloop
  endfacet
  facet normal 0 0 1
    outer loop
      vertex 21.3751 172.732 100
      vertex 17.5991 173.483 100
      vertex 21.2201 172.113 100
    endloop
  endfacet
  facet normal 0 0 1
    outer loop
      vertex 17.2034 175.472 100
      vertex 20.4046 177.611 100
      vertex 20.0246 178.124 100
    endloop
  endfacet
  facet normal -0 0 1
    outer loop
      vertex 17.5359 173.231 100
      vertex 21.2201 172.113 100
      vertex 17.5991 173.483 100
    endloop
  endfacet
  facet normal 0 0 1
    outer loop
      vertex 17.0485 175.681 100
      vertex 20.0246 178.124 100
      vertex 19.5962 178.596 100
    endloop
  endfacet
  facet normal 0 0 1
    outer loop
      vertex 21.2201 172.113 100
      vertex 17.5359 173.231 100
      vertex 21.0052 171.513 100
    endloop
  endfacet
  facet normal 0 0 1
    outer loop
      vertex 16.8738 175.874 100
      vertex 19.5962 178.596 100
      vertex 19.1236 179.025 100
    endloop
  endfacet
  facet normal -0 0 1
    outer loop
      vertex 17.4483 172.986 100
      vertex 21.0052 171.513 100
      vertex 17.5359 173.231 100
    endloop
  endfacet
  facet normal 0 0 1
    outer loop
      vertex 16.6811 176.048 100
      vertex 19.1236 179.025 100
      vertex 18.6112 179.405 100
    endloop
  endfacet
  facet normal 0 0 1
    outer loop
      vertex 21.0052 171.513 100
      vertex 17.4483 172.986 100
      vertex 20.7325 170.936 100
    endloop
  endfacet
  facet normal 0 0 1
    outer loop
      vertex 16.4723 176.203 100
      vertex 18.6112 179.405 100
      vertex 18.0641 179.732 100
    endloop
  endfacet
  facet normal -0 0 1
    outer loop
      vertex 17.3371 172.751 100
      vertex 20.7325 170.936 100
      vertex 17.4483 172.986 100
    endloop
  endfacet
  facet normal 0 0 1
    outer loop
      vertex 20.7325 170.936 100
      vertex 17.3371 172.751 100
      vertex 20.4046 170.389 100
    endloop
  endfacet
  facet normal 0 0 1
    outer loop
      vertex 21.4687 174.637 100
      vertex 17.6372 174.26 100
      vertex 17.65 174 100
    endloop
  endfacet
  facet normal 0 0 1
    outer loop
      vertex 21.3751 175.268 100
      vertex 17.5991 174.517 100
      vertex 17.6372 174.26 100
    endloop
  endfacet
  facet normal 0 0 1
    outer loop
      vertex 21.2201 175.887 100
      vertex 17.5359 174.769 100
      vertex 17.5991 174.517 100
    endloop
  endfacet
  facet normal 0 0 1
    outer loop
      vertex 16.2492 176.337 100
      vertex 18.0641 179.732 100
      vertex 17.4874 180.005 100
    endloop
  endfacet
  facet normal 0 0 1
    outer loop
      vertex 21.0052 176.487 100
      vertex 17.4483 175.014 100
      vertex 17.5359 174.769 100
    endloop
  endfacet
  facet normal 0 0 1
    outer loop
      vertex 20.7325 177.064 100
      vertex 17.3371 175.249 100
      vertex 17.4483 175.014 100
    endloop
  endfacet
  facet normal 0 0 1
    outer loop
      vertex 20.4046 177.611 100
      vertex 17.2034 175.472 100
      vertex 17.3371 175.249 100
    endloop
  endfacet
  facet normal 0 0 1
    outer loop
      vertex 20.0246 178.124 100
      vertex 17.0485 175.681 100
      vertex 17.2034 175.472 100
    endloop
  endfacet
  facet normal 0 0 1
    outer loop
      vertex 16.0141 176.448 100
      vertex 17.4874 180.005 100
      vertex 16.8869 180.22 100
    endloop
  endfacet
  facet normal 0 0 1
    outer loop
      vertex 19.5962 178.596 100
      vertex 16.8738 175.874 100
      vertex 17.0485 175.681 100
    endloop
  endfacet
  facet normal 0 0 1
    outer loop
      vertex 19.1236 179.025 100
      vertex 16.6811 176.048 100
      vertex 16.8738 175.874 100
    endloop
  endfacet
  facet normal 0 0 1
    outer loop
      vertex 18.6112 179.405 100
      vertex 16.4723 176.203 100
      vertex 16.6811 176.048 100
    endloop
  endfacet
  facet normal 0 0 1
    outer loop
      vertex 15.7693 176.536 100
      vertex 16.8869 180.22 100
      vertex 16.2681 180.375 100
    endloop
  endfacet
  facet normal 0 0 1
    outer loop
      vertex 18.0641 179.732 100
      vertex 16.2492 176.337 100
      vertex 16.4723 176.203 100
    endloop
  endfacet
  facet normal 0 0 1
    outer loop
      vertex 17.4874 180.005 100
      vertex 16.0141 176.448 100
      vertex 16.2492 176.337 100
    endloop
  endfacet
  facet normal 0 0 1
    outer loop
      vertex 16.8869 180.22 100
      vertex 15.7693 176.536 100
      vertex 16.0141 176.448 100
    endloop
  endfacet
  facet normal 0 0 1
    outer loop
      vertex 15.517 176.599 100
      vertex 16.2681 180.375 100
      vertex 15.6371 180.469 100
    endloop
  endfacet
  facet normal 0 0 1
    outer loop
      vertex 16.2681 180.375 100
      vertex 15.517 176.599 100
      vertex 15.7693 176.536 100
    endloop
  endfacet
  facet normal 0 0 1
    outer loop
      vertex 15.6371 180.469 100
      vertex 15.2597 176.637 100
      vertex 15.517 176.599 100
    endloop
  endfacet
  facet normal 0 0 1
    outer loop
      vertex 15 180.5 100
      vertex 15.2597 176.637 100
      vertex 15.6371 180.469 100
    endloop
  endfacet
  facet normal 0 0 1
    outer loop
      vertex 15 180.5 100
      vertex 15 176.65 100
      vertex 15.2597 176.637 100
    endloop
  endfacet
  facet normal 0 0 1
    outer loop
      vertex 15 180.5 100
      vertex 14.7403 176.637 100
      vertex 15 176.65 100
    endloop
  endfacet
  facet normal -0 0 1
    outer loop
      vertex 14.3629 180.469 100
      vertex 14.7403 176.637 100
      vertex 15 180.5 100
    endloop
  endfacet
  facet normal 0 0 1
    outer loop
      vertex 14.7403 176.637 100
      vertex 14.3629 180.469 100
      vertex 14.483 176.599 100
    endloop
  endfacet
  facet normal -0 0 1
    outer loop
      vertex 13.7319 180.375 100
      vertex 14.483 176.599 100
      vertex 14.3629 180.469 100
    endloop
  endfacet
  facet normal 0 0 1
    outer loop
      vertex 14.483 176.599 100
      vertex 13.7319 180.375 100
      vertex 14.2307 176.536 100
    endloop
  endfacet
  facet normal -0 0 1
    outer loop
      vertex 13.1131 180.22 100
      vertex 14.2307 176.536 100
      vertex 13.7319 180.375 100
    endloop
  endfacet
  facet normal 0 0 1
    outer loop
      vertex 14.2307 176.536 100
      vertex 13.1131 180.22 100
      vertex 13.9859 176.448 100
    endloop
  endfacet
  facet normal -0 0 1
    outer loop
      vertex 12.5126 180.005 100
      vertex 13.9859 176.448 100
      vertex 13.1131 180.22 100
    endloop
  endfacet
  facet normal 0 0 1
    outer loop
      vertex 13.9859 176.448 100
      vertex 12.5126 180.005 100
      vertex 13.7508 176.337 100
    endloop
  endfacet
  facet normal -0 0 1
    outer loop
      vertex 11.9359 179.732 100
      vertex 13.7508 176.337 100
      vertex 12.5126 180.005 100
    endloop
  endfacet
  facet normal 0 0 1
    outer loop
      vertex 13.7508 176.337 100
      vertex 11.9359 179.732 100
      vertex 13.5277 176.203 100
    endloop
  endfacet
  facet normal -0 0 1
    outer loop
      vertex 11.3888 179.405 100
      vertex 13.5277 176.203 100
      vertex 11.9359 179.732 100
    endloop
  endfacet
  facet normal 0 0 1
    outer loop
      vertex 13.5277 176.203 100
      vertex 11.3888 179.405 100
      vertex 13.3189 176.048 100
    endloop
  endfacet
  facet normal -0 0 1
    outer loop
      vertex 10.8764 179.025 100
      vertex 13.3189 176.048 100
      vertex 11.3888 179.405 100
    endloop
  endfacet
  facet normal 0 0 1
    outer loop
      vertex 13.3189 176.048 100
      vertex 10.8764 179.025 100
      vertex 13.1262 175.874 100
    endloop
  endfacet
  facet normal -0 0 1
    outer loop
      vertex 10.4038 178.596 100
      vertex 13.1262 175.874 100
      vertex 10.8764 179.025 100
    endloop
  endfacet
  facet normal 0 0 1
    outer loop
      vertex 13.1262 175.874 100
      vertex 10.4038 178.596 100
      vertex 12.9515 175.681 100
    endloop
  endfacet
  facet normal -0 0 1
    outer loop
      vertex 9.97543 178.124 100
      vertex 12.9515 175.681 100
      vertex 10.4038 178.596 100
    endloop
  endfacet
  facet normal 0 0 1
    outer loop
      vertex 12.9515 175.681 100
      vertex 9.97543 178.124 100
      vertex 12.7966 175.472 100
    endloop
  endfacet
  facet normal -0 0 1
    outer loop
      vertex 9.59545 177.611 100
      vertex 12.7966 175.472 100
      vertex 9.97543 178.124 100
    endloop
  endfacet
  facet normal 0 0 1
    outer loop
      vertex 12.7966 175.472 100
      vertex 9.59545 177.611 100
      vertex 12.6629 175.249 100
    endloop
  endfacet
  facet normal -0 0 1
    outer loop
      vertex 17.2034 172.528 100
      vertex 20.4046 170.389 100
      vertex 17.3371 172.751 100
    endloop
  endfacet
  facet normal 0 0 1
    outer loop
      vertex 20.4046 170.389 100
      vertex 17.2034 172.528 100
      vertex 20.0246 169.876 100
    endloop
  endfacet
  facet normal -0 0 1
    outer loop
      vertex 17.0485 172.319 100
      vertex 20.0246 169.876 100
      vertex 17.2034 172.528 100
    endloop
  endfacet
  facet normal 0 0 1
    outer loop
      vertex 20.0246 169.876 100
      vertex 17.0485 172.319 100
      vertex 19.5962 169.404 100
    endloop
  endfacet
  facet normal -0 0 1
    outer loop
      vertex 16.8738 172.126 100
      vertex 19.5962 169.404 100
      vertex 17.0485 172.319 100
    endloop
  endfacet
  facet normal 0 0 1
    outer loop
      vertex 19.5962 169.404 100
      vertex 16.8738 172.126 100
      vertex 19.1236 168.975 100
    endloop
  endfacet
  facet normal -0 0 1
    outer loop
      vertex 16.6811 171.952 100
      vertex 19.1236 168.975 100
      vertex 16.8738 172.126 100
    endloop
  endfacet
  facet normal 0 0 1
    outer loop
      vertex 19.1236 168.975 100
      vertex 16.6811 171.952 100
      vertex 18.6112 168.595 100
    endloop
  endfacet
  facet normal -0 0 1
    outer loop
      vertex 16.4723 171.797 100
      vertex 18.6112 168.595 100
      vertex 16.6811 171.952 100
    endloop
  endfacet
  facet normal 0 0 1
    outer loop
      vertex 18.6112 168.595 100
      vertex 16.4723 171.797 100
      vertex 18.0641 168.268 100
    endloop
  endfacet
  facet normal -0 0 1
    outer loop
      vertex 16.2492 171.663 100
      vertex 18.0641 168.268 100
      vertex 16.4723 171.797 100
    endloop
  endfacet
  facet normal 0 0 1
    outer loop
      vertex 18.0641 168.268 100
      vertex 16.2492 171.663 100
      vertex 17.4874 167.995 100
    endloop
  endfacet
  facet normal -0 0 1
    outer loop
      vertex 16.0141 171.552 100
      vertex 17.4874 167.995 100
      vertex 16.2492 171.663 100
    endloop
  endfacet
  facet normal 0 0 1
    outer loop
      vertex 17.4874 167.995 100
      vertex 16.0141 171.552 100
      vertex 16.8869 167.78 100
    endloop
  endfacet
  facet normal -0 0 1
    outer loop
      vertex 15.7693 171.464 100
      vertex 16.8869 167.78 100
      vertex 16.0141 171.552 100
    endloop
  endfacet
  facet normal 0 0 1
    outer loop
      vertex 16.8869 167.78 100
      vertex 15.7693 171.464 100
      vertex 16.2681 167.625 100
    endloop
  endfacet
  facet normal -0 0 1
    outer loop
      vertex 15.517 171.401 100
      vertex 16.2681 167.625 100
      vertex 15.7693 171.464 100
    endloop
  endfacet
  facet normal 0 0 1
    outer loop
      vertex 16.2681 167.625 100
      vertex 15.517 171.401 100
      vertex 15.6371 167.531 100
    endloop
  endfacet
  facet normal -0 0 1
    outer loop
      vertex 15.2597 171.363 100
      vertex 15.6371 167.531 100
      vertex 15.517 171.401 100
    endloop
  endfacet
  facet normal -0 0 1
    outer loop
      vertex 15 171.35 100
      vertex 15.6371 167.531 100
      vertex 15.2597 171.363 100
    endloop
  endfacet
  facet normal 0 0 1
    outer loop
      vertex 15 171.35 100
      vertex 15 167.5 100
      vertex 15.6371 167.531 100
    endloop
  endfacet
  facet normal 0 0 1
    outer loop
      vertex 14.7403 171.363 100
      vertex 15 167.5 100
      vertex 15 171.35 100
    endloop
  endfacet
  facet normal 0 0 1
    outer loop
      vertex 14.3629 167.531 100
      vertex 14.7403 171.363 100
      vertex 14.483 171.401 100
    endloop
  endfacet
  facet normal 0 0 1
    outer loop
      vertex 14.7403 171.363 100
      vertex 14.3629 167.531 100
      vertex 15 167.5 100
    endloop
  endfacet
  facet normal 0 0 1
    outer loop
      vertex 13.7319 167.625 100
      vertex 14.483 171.401 100
      vertex 14.2307 171.464 100
    endloop
  endfacet
  facet normal 0 0 1
    outer loop
      vertex 13.1131 167.78 100
      vertex 14.2307 171.464 100
      vertex 13.9859 171.552 100
    endloop
  endfacet
  facet normal 0 0 1
    outer loop
      vertex 12.5126 167.995 100
      vertex 13.9859 171.552 100
      vertex 13.7508 171.663 100
    endloop
  endfacet
  facet normal 0 0 1
    outer loop
      vertex 14.483 171.401 100
      vertex 13.7319 167.625 100
      vertex 14.3629 167.531 100
    endloop
  endfacet
  facet normal 0 0 1
    outer loop
      vertex 11.9359 168.268 100
      vertex 13.7508 171.663 100
      vertex 13.5277 171.797 100
    endloop
  endfacet
  facet normal 0 0 1
    outer loop
      vertex 11.3888 168.595 100
      vertex 13.5277 171.797 100
      vertex 13.3189 171.952 100
    endloop
  endfacet
  facet normal 0 0 1
    outer loop
      vertex 10.8764 168.975 100
      vertex 13.3189 171.952 100
      vertex 13.1262 172.126 100
    endloop
  endfacet
  facet normal 0 0 1
    outer loop
      vertex 14.2307 171.464 100
      vertex 13.1131 167.78 100
      vertex 13.7319 167.625 100
    endloop
  endfacet
  facet normal 0 0 1
    outer loop
      vertex 10.4038 169.404 100
      vertex 13.1262 172.126 100
      vertex 12.9515 172.319 100
    endloop
  endfacet
  facet normal 0 0 1
    outer loop
      vertex 9.97543 169.876 100
      vertex 12.9515 172.319 100
      vertex 12.7966 172.528 100
    endloop
  endfacet
  facet normal 0 0 1
    outer loop
      vertex 9.59545 170.389 100
      vertex 12.7966 172.528 100
      vertex 12.6629 172.751 100
    endloop
  endfacet
  facet normal 0 0 1
    outer loop
      vertex 9.26751 170.936 100
      vertex 12.6629 172.751 100
      vertex 12.5517 172.986 100
    endloop
  endfacet
  facet normal 0 0 1
    outer loop
      vertex 13.9859 171.552 100
      vertex 12.5126 167.995 100
      vertex 13.1131 167.78 100
    endloop
  endfacet
  facet normal 0 0 1
    outer loop
      vertex 8.99478 171.513 100
      vertex 12.5517 172.986 100
      vertex 12.4641 173.231 100
    endloop
  endfacet
  facet normal 0 0 1
    outer loop
      vertex 8.77989 172.113 100
      vertex 12.4641 173.231 100
      vertex 12.4009 173.483 100
    endloop
  endfacet
  facet normal 0 0 1
    outer loop
      vertex 8.6249 172.732 100
      vertex 12.4009 173.483 100
      vertex 12.3628 173.74 100
    endloop
  endfacet
  facet normal 0 0 1
    outer loop
      vertex 8.5313 173.363 100
      vertex 12.3628 173.74 100
      vertex 12.35 174 100
    endloop
  endfacet
  facet normal -0 0 1
    outer loop
      vertex 9.26751 177.064 100
      vertex 12.6629 175.249 100
      vertex 9.59545 177.611 100
    endloop
  endfacet
  facet normal 0 0 1
    outer loop
      vertex 13.7508 171.663 100
      vertex 11.9359 168.268 100
      vertex 12.5126 167.995 100
    endloop
  endfacet
  facet normal 0 0 1
    outer loop
      vertex 12.6629 175.249 100
      vertex 9.26751 177.064 100
      vertex 12.5517 175.014 100
    endloop
  endfacet
  facet normal 0 0 1
    outer loop
      vertex 13.5277 171.797 100
      vertex 11.3888 168.595 100
      vertex 11.9359 168.268 100
    endloop
  endfacet
  facet normal -0 0 1
    outer loop
      vertex 8.99478 176.487 100
      vertex 12.5517 175.014 100
      vertex 9.26751 177.064 100
    endloop
  endfacet
  facet normal 0 0 1
    outer loop
      vertex 13.3189 171.952 100
      vertex 10.8764 168.975 100
      vertex 11.3888 168.595 100
    endloop
  endfacet
  facet normal 0 0 1
    outer loop
      vertex 12.5517 175.014 100
      vertex 8.99478 176.487 100
      vertex 12.4641 174.769 100
    endloop
  endfacet
  facet normal 0 0 1
    outer loop
      vertex 13.1262 172.126 100
      vertex 10.4038 169.404 100
      vertex 10.8764 168.975 100
    endloop
  endfacet
  facet normal -0 0 1
    outer loop
      vertex 8.77989 175.887 100
      vertex 12.4641 174.769 100
      vertex 8.99478 176.487 100
    endloop
  endfacet
  facet normal 0 0 1
    outer loop
      vertex 12.9515 172.319 100
      vertex 9.97543 169.876 100
      vertex 10.4038 169.404 100
    endloop
  endfacet
  facet normal 0 0 1
    outer loop
      vertex 12.4641 174.769 100
      vertex 8.77989 175.887 100
      vertex 12.4009 174.517 100
    endloop
  endfacet
  facet normal 0 0 1
    outer loop
      vertex 12.7966 172.528 100
      vertex 9.59545 170.389 100
      vertex 9.97543 169.876 100
    endloop
  endfacet
  facet normal -0 0 1
    outer loop
      vertex 8.6249 175.268 100
      vertex 12.4009 174.517 100
      vertex 8.77989 175.887 100
    endloop
  endfacet
  facet normal 0 0 1
    outer loop
      vertex 12.6629 172.751 100
      vertex 9.26751 170.936 100
      vertex 9.59545 170.389 100
    endloop
  endfacet
  facet normal 0 0 1
    outer loop
      vertex 12.4009 174.517 100
      vertex 8.6249 175.268 100
      vertex 12.3628 174.26 100
    endloop
  endfacet
  facet normal 0 0 1
    outer loop
      vertex 12.5517 172.986 100
      vertex 8.99478 171.513 100
      vertex 9.26751 170.936 100
    endloop
  endfacet
  facet normal -0 0 1
    outer loop
      vertex 8.5313 174.637 100
      vertex 12.3628 174.26 100
      vertex 8.6249 175.268 100
    endloop
  endfacet
  facet normal 0 0 1
    outer loop
      vertex 12.4641 173.231 100
      vertex 8.77989 172.113 100
      vertex 8.99478 171.513 100
    endloop
  endfacet
  facet normal 0 0 1
    outer loop
      vertex 12.3628 174.26 100
      vertex 8.5313 174.637 100
      vertex 12.35 174 100
    endloop
  endfacet
  facet normal 0 0 1
    outer loop
      vertex 12.4009 173.483 100
      vertex 8.6249 172.732 100
      vertex 8.77989 172.113 100
    endloop
  endfacet
  facet normal 0 0 1
    outer loop
      vertex 8.5 174 100
      vertex 12.35 174 100
      vertex 8.5313 174.637 100
    endloop
  endfacet
  facet normal 0 0 1
    outer loop
      vertex 12.3628 173.74 100
      vertex 8.5313 173.363 100
      vertex 8.6249 172.732 100
    endloop
  endfacet
  facet normal 0 0 1
    outer loop
      vertex 12.35 174 100
      vertex 8.5 174 100
      vertex 8.5313 173.363 100
    endloop
  endfacet
  facet normal -0.242978 -0.970032 0
    outer loop
      vertex 13.1131 167.78 4.2
      vertex 13.7319 167.625 100
      vertex 13.1131 167.78 100
    endloop
  endfacet
  facet normal -0.242978 -0.970032 -0
    outer loop
      vertex 13.7319 167.625 100
      vertex 13.1131 167.78 4.2
      vertex 13.7319 167.625 4.2
    endloop
  endfacet
  facet normal -0.989177 -0.14673 0
    outer loop
      vertex 8.6249 172.732 4.2
      vertex 8.5313 173.363 100
      vertex 8.5313 173.363 4.2
    endloop
  endfacet
  facet normal -0.989177 -0.14673 0
    outer loop
      vertex 8.5313 173.363 100
      vertex 8.6249 172.732 4.2
      vertex 8.6249 172.732 100
    endloop
  endfacet
  facet normal 0.672127 -0.740436 0
    outer loop
      vertex 19.1236 168.975 4.2
      vertex 19.5962 169.404 100
      vertex 19.1236 168.975 100
    endloop
  endfacet
  facet normal 0.672127 -0.740436 0
    outer loop
      vertex 19.5962 169.404 100
      vertex 19.1236 168.975 4.2
      vertex 19.5962 169.404 4.2
    endloop
  endfacet
  facet normal -0.427864 0.903843 0
    outer loop
      vertex 12.5126 180.005 4.2
      vertex 11.9359 179.732 100
      vertex 12.5126 180.005 100
    endloop
  endfacet
  facet normal -0.427864 0.903843 0
    outer loop
      vertex 11.9359 179.732 100
      vertex 12.5126 180.005 4.2
      vertex 11.9359 179.732 4.2
    endloop
  endfacet
  facet normal 0.337081 -0.941476 0
    outer loop
      vertex 16.8869 167.78 4.2
      vertex 17.4874 167.995 100
      vertex 16.8869 167.78 100
    endloop
  endfacet
  facet normal 0.337081 -0.941476 0
    outer loop
      vertex 17.4874 167.995 100
      vertex 16.8869 167.78 4.2
      vertex 17.4874 167.995 4.2
    endloop
  endfacet
  facet normal -0.904093 0.427337 0
    outer loop
      vertex 8.99478 176.487 4.2
      vertex 9.26751 177.064 100
      vertex 9.26751 177.064 4.2
    endloop
  endfacet
  facet normal -0.904093 0.427337 0
    outer loop
      vertex 9.26751 177.064 100
      vertex 8.99478 176.487 4.2
      vertex 8.99478 176.487 100
    endloop
  endfacet
  facet normal -0.803572 -0.595207 0
    outer loop
      vertex 9.97543 169.876 4.2
      vertex 9.59545 170.389 100
      vertex 9.59545 170.389 4.2
    endloop
  endfacet
  facet normal -0.803572 -0.595207 0
    outer loop
      vertex 9.59545 170.389 100
      vertex 9.97543 169.876 4.2
      vertex 9.97543 169.876 100
    endloop
  endfacet
  facet normal -0.513041 -0.858364 0
    outer loop
      vertex 11.3888 168.595 4.2
      vertex 11.9359 168.268 100
      vertex 11.3888 168.595 100
    endloop
  endfacet
  facet normal -0.513041 -0.858364 -0
    outer loop
      vertex 11.9359 168.268 100
      vertex 11.3888 168.595 4.2
      vertex 11.9359 168.268 4.2
    endloop
  endfacet
  facet normal 0.803557 -0.595228 0
    outer loop
      vertex 20.0246 169.876 100
      vertex 20.4046 170.389 4.2
      vertex 20.4046 170.389 100
    endloop
  endfacet
  facet normal 0.803557 -0.595228 0
    outer loop
      vertex 20.4046 170.389 4.2
      vertex 20.0246 169.876 100
      vertex 20.0246 169.876 4.2
    endloop
  endfacet
  facet normal -0.513041 0.858364 0
    outer loop
      vertex 11.9359 179.732 4.2
      vertex 11.3888 179.405 100
      vertex 11.9359 179.732 100
    endloop
  endfacet
  facet normal -0.513041 0.858364 0
    outer loop
      vertex 11.3888 179.405 100
      vertex 11.9359 179.732 4.2
      vertex 11.3888 179.405 4.2
    endloop
  endfacet
  facet normal -0.427864 -0.903843 0
    outer loop
      vertex 11.9359 168.268 4.2
      vertex 12.5126 167.995 100
      vertex 11.9359 168.268 100
    endloop
  endfacet
  facet normal -0.427864 -0.903843 -0
    outer loop
      vertex 12.5126 167.995 100
      vertex 11.9359 168.268 4.2
      vertex 12.5126 167.995 4.2
    endloop
  endfacet
  facet normal -0.595677 -0.803224 0
    outer loop
      vertex 10.8764 168.975 4.2
      vertex 11.3888 168.595 100
      vertex 10.8764 168.975 100
    endloop
  endfacet
  facet normal -0.595677 -0.803224 -0
    outer loop
      vertex 11.3888 168.595 100
      vertex 10.8764 168.975 4.2
      vertex 11.3888 168.595 4.2
    endloop
  endfacet
  facet normal 0.337081 0.941476 -0
    outer loop
      vertex 17.4874 180.005 4.2
      vertex 16.8869 180.22 100
      vertex 17.4874 180.005 100
    endloop
  endfacet
  facet normal 0.337081 0.941476 0
    outer loop
      vertex 16.8869 180.22 100
      vertex 17.4874 180.005 4.2
      vertex 16.8869 180.22 4.2
    endloop
  endfacet
  facet normal -0.740503 -0.672053 0
    outer loop
      vertex 10.4038 169.404 4.2
      vertex 9.97543 169.876 100
      vertex 9.97543 169.876 4.2
    endloop
  endfacet
  facet normal -0.740503 -0.672053 0
    outer loop
      vertex 9.97543 169.876 100
      vertex 10.4038 169.404 4.2
      vertex 10.4038 169.404 100
    endloop
  endfacet
  facet normal -0.337081 0.941476 0
    outer loop
      vertex 13.1131 180.22 4.2
      vertex 12.5126 180.005 100
      vertex 13.1131 180.22 100
    endloop
  endfacet
  facet normal -0.337081 0.941476 0
    outer loop
      vertex 12.5126 180.005 100
      vertex 13.1131 180.22 4.2
      vertex 12.5126 180.005 4.2
    endloop
  endfacet
  facet normal -0.904093 -0.427337 0
    outer loop
      vertex 9.26751 170.936 4.2
      vertex 8.99478 171.513 100
      vertex 8.99478 171.513 4.2
    endloop
  endfacet
  facet normal -0.904093 -0.427337 0
    outer loop
      vertex 8.99478 171.513 100
      vertex 9.26751 170.936 4.2
      vertex 9.26751 170.936 100
    endloop
  endfacet
  facet normal -0.941441 -0.337177 0
    outer loop
      vertex 8.99478 171.513 4.2
      vertex 8.77989 172.113 100
      vertex 8.77989 172.113 4.2
    endloop
  endfacet
  facet normal -0.941441 -0.337177 0
    outer loop
      vertex 8.77989 172.113 100
      vertex 8.99478 171.513 4.2
      vertex 8.99478 171.513 100
    endloop
  endfacet
  facet normal 0.904111 0.427298 0
    outer loop
      vertex 21.0052 176.487 100
      vertex 20.7325 177.064 4.2
      vertex 20.7325 177.064 100
    endloop
  endfacet
  facet normal 0.904111 0.427298 0
    outer loop
      vertex 20.7325 177.064 4.2
      vertex 21.0052 176.487 100
      vertex 21.0052 176.487 4.2
    endloop
  endfacet
  facet normal -0.970054 -0.24289 0
    outer loop
      vertex 8.77989 172.113 4.2
      vertex 8.6249 172.732 100
      vertex 8.6249 172.732 4.2
    endloop
  endfacet
  facet normal -0.970054 -0.24289 0
    outer loop
      vertex 8.6249 172.732 100
      vertex 8.77989 172.113 4.2
      vertex 8.77989 172.113 100
    endloop
  endfacet
  facet normal 0.672127 0.740436 -0
    outer loop
      vertex 19.5962 178.596 4.2
      vertex 19.1236 179.025 100
      vertex 19.5962 178.596 100
    endloop
  endfacet
  facet normal 0.672127 0.740436 0
    outer loop
      vertex 19.1236 179.025 100
      vertex 19.5962 178.596 4.2
      vertex 19.1236 179.025 4.2
    endloop
  endfacet
  facet normal 0.97005 -0.242904 0
    outer loop
      vertex 21.2201 172.113 100
      vertex 21.3751 172.732 4.2
      vertex 21.3751 172.732 100
    endloop
  endfacet
  facet normal 0.97005 -0.242904 0
    outer loop
      vertex 21.3751 172.732 4.2
      vertex 21.2201 172.113 100
      vertex 21.2201 172.113 4.2
    endloop
  endfacet
  facet normal 0.740479 -0.672079 0
    outer loop
      vertex 19.5962 169.404 100
      vertex 20.0246 169.876 4.2
      vertex 20.0246 169.876 100
    endloop
  endfacet
  facet normal 0.740479 -0.672079 0
    outer loop
      vertex 20.0246 169.876 4.2
      vertex 19.5962 169.404 100
      vertex 19.5962 169.404 4.2
    endloop
  endfacet
  facet normal 0.147344 -0.989085 0
    outer loop
      vertex 15.6371 167.531 4.2
      vertex 16.2681 167.625 100
      vertex 15.6371 167.531 100
    endloop
  endfacet
  facet normal 0.147344 -0.989085 0
    outer loop
      vertex 16.2681 167.625 100
      vertex 15.6371 167.531 4.2
      vertex 16.2681 167.625 4.2
    endloop
  endfacet
  facet normal -0.989177 0.14673 0
    outer loop
      vertex 8.5313 174.637 4.2
      vertex 8.6249 175.268 100
      vertex 8.6249 175.268 4.2
    endloop
  endfacet
  facet normal -0.989177 0.14673 0
    outer loop
      vertex 8.6249 175.268 100
      vertex 8.5313 174.637 4.2
      vertex 8.5313 174.637 100
    endloop
  endfacet
  facet normal 0.513041 0.858364 -0
    outer loop
      vertex 18.6112 179.405 4.2
      vertex 18.0641 179.732 100
      vertex 18.6112 179.405 100
    endloop
  endfacet
  facet normal 0.513041 0.858364 0
    outer loop
      vertex 18.0641 179.732 100
      vertex 18.6112 179.405 4.2
      vertex 18.0641 179.732 4.2
    endloop
  endfacet
  facet normal -0.970054 0.24289 0
    outer loop
      vertex 8.6249 175.268 4.2
      vertex 8.77989 175.887 100
      vertex 8.77989 175.887 4.2
    endloop
  endfacet
  facet normal -0.970054 0.24289 0
    outer loop
      vertex 8.77989 175.887 100
      vertex 8.6249 175.268 4.2
      vertex 8.6249 175.268 100
    endloop
  endfacet
  facet normal 0.941436 0.337191 0
    outer loop
      vertex 21.2201 175.887 100
      vertex 21.0052 176.487 4.2
      vertex 21.0052 176.487 100
    endloop
  endfacet
  facet normal 0.941436 0.337191 0
    outer loop
      vertex 21.0052 176.487 4.2
      vertex 21.2201 175.887 100
      vertex 21.2201 175.887 4.2
    endloop
  endfacet
  facet normal 0.242978 0.970032 -0
    outer loop
      vertex 16.8869 180.22 4.2
      vertex 16.2681 180.375 100
      vertex 16.8869 180.22 100
    endloop
  endfacet
  facet normal 0.242978 0.970032 0
    outer loop
      vertex 16.2681 180.375 100
      vertex 16.8869 180.22 4.2
      vertex 16.2681 180.375 4.2
    endloop
  endfacet
  facet normal 0.0486005 0.998818 -0
    outer loop
      vertex 15.6371 180.469 4.2
      vertex 15 180.5 100
      vertex 15.6371 180.469 100
    endloop
  endfacet
  facet normal 0.0486005 0.998818 0
    outer loop
      vertex 15 180.5 100
      vertex 15.6371 180.469 4.2
      vertex 15 180.5 4.2
    endloop
  endfacet
  facet normal 0.427864 -0.903843 0
    outer loop
      vertex 17.4874 167.995 4.2
      vertex 18.0641 168.268 100
      vertex 17.4874 167.995 100
    endloop
  endfacet
  facet normal 0.427864 -0.903843 0
    outer loop
      vertex 18.0641 168.268 100
      vertex 17.4874 167.995 4.2
      vertex 18.0641 168.268 4.2
    endloop
  endfacet
  facet normal -0.0486005 0.998818 0
    outer loop
      vertex 15 180.5 4.2
      vertex 14.3629 180.469 100
      vertex 15 180.5 100
    endloop
  endfacet
  facet normal -0.0486005 0.998818 0
    outer loop
      vertex 14.3629 180.469 100
      vertex 15 180.5 4.2
      vertex 14.3629 180.469 4.2
    endloop
  endfacet
  facet normal 0.989177 -0.14673 0
    outer loop
      vertex 21.3751 172.732 100
      vertex 21.4687 173.363 4.2
      vertex 21.4687 173.363 100
    endloop
  endfacet
  facet normal 0.989177 -0.14673 0
    outer loop
      vertex 21.4687 173.363 4.2
      vertex 21.3751 172.732 100
      vertex 21.3751 172.732 4.2
    endloop
  endfacet
  facet normal 0.8577 0.51415 0
    outer loop
      vertex 20.7325 177.064 100
      vertex 20.4046 177.611 4.2
      vertex 20.4046 177.611 100
    endloop
  endfacet
  facet normal 0.8577 0.51415 0
    outer loop
      vertex 20.4046 177.611 4.2
      vertex 20.7325 177.064 100
      vertex 20.7325 177.064 4.2
    endloop
  endfacet
  facet normal -0.672127 0.740436 0
    outer loop
      vertex 10.8764 179.025 4.2
      vertex 10.4038 178.596 100
      vertex 10.8764 179.025 100
    endloop
  endfacet
  facet normal -0.672127 0.740436 0
    outer loop
      vertex 10.4038 178.596 100
      vertex 10.8764 179.025 4.2
      vertex 10.4038 178.596 4.2
    endloop
  endfacet
  facet normal 0.242978 -0.970032 0
    outer loop
      vertex 16.2681 167.625 4.2
      vertex 16.8869 167.78 100
      vertex 16.2681 167.625 100
    endloop
  endfacet
  facet normal 0.242978 -0.970032 0
    outer loop
      vertex 16.8869 167.78 100
      vertex 16.2681 167.625 4.2
      vertex 16.8869 167.78 4.2
    endloop
  endfacet
  facet normal -0.0486005 -0.998818 0
    outer loop
      vertex 14.3629 167.531 4.2
      vertex 15 167.5 100
      vertex 14.3629 167.531 100
    endloop
  endfacet
  facet normal -0.0486005 -0.998818 -0
    outer loop
      vertex 15 167.5 100
      vertex 14.3629 167.531 4.2
      vertex 15 167.5 4.2
    endloop
  endfacet
  facet normal -0.740503 0.672053 0
    outer loop
      vertex 9.97543 178.124 4.2
      vertex 10.4038 178.596 100
      vertex 10.4038 178.596 4.2
    endloop
  endfacet
  facet normal -0.740503 0.672053 0
    outer loop
      vertex 10.4038 178.596 100
      vertex 9.97543 178.124 4.2
      vertex 9.97543 178.124 100
    endloop
  endfacet
  facet normal -0.941441 0.337177 0
    outer loop
      vertex 8.77989 175.887 4.2
      vertex 8.99478 176.487 100
      vertex 8.99478 176.487 4.2
    endloop
  endfacet
  facet normal -0.941441 0.337177 0
    outer loop
      vertex 8.99478 176.487 100
      vertex 8.77989 175.887 4.2
      vertex 8.77989 175.887 100
    endloop
  endfacet
  facet normal 0.904111 -0.427298 0
    outer loop
      vertex 20.7325 170.936 100
      vertex 21.0052 171.513 4.2
      vertex 21.0052 171.513 100
    endloop
  endfacet
  facet normal 0.904111 -0.427298 0
    outer loop
      vertex 21.0052 171.513 4.2
      vertex 20.7325 170.936 100
      vertex 20.7325 170.936 4.2
    endloop
  endfacet
  facet normal 0.0486005 -0.998818 0
    outer loop
      vertex 15 167.5 4.2
      vertex 15.6371 167.531 100
      vertex 15 167.5 100
    endloop
  endfacet
  facet normal 0.0486005 -0.998818 0
    outer loop
      vertex 15.6371 167.531 100
      vertex 15 167.5 4.2
      vertex 15.6371 167.531 4.2
    endloop
  endfacet
  facet normal -0.672127 -0.740436 0
    outer loop
      vertex 10.4038 169.404 4.2
      vertex 10.8764 168.975 100
      vertex 10.4038 169.404 100
    endloop
  endfacet
  facet normal -0.672127 -0.740436 -0
    outer loop
      vertex 10.8764 168.975 100
      vertex 10.4038 169.404 4.2
      vertex 10.8764 168.975 4.2
    endloop
  endfacet
  facet normal 0.941436 -0.337191 0
    outer loop
      vertex 21.0052 171.513 100
      vertex 21.2201 172.113 4.2
      vertex 21.2201 172.113 100
    endloop
  endfacet
  facet normal 0.941436 -0.337191 0
    outer loop
      vertex 21.2201 172.113 4.2
      vertex 21.0052 171.513 100
      vertex 21.0052 171.513 4.2
    endloop
  endfacet
  facet normal -0.998795 0.0490774 0
    outer loop
      vertex 8.5 174 4.2
      vertex 8.5313 174.637 100
      vertex 8.5313 174.637 4.2
    endloop
  endfacet
  facet normal -0.998795 0.0490774 0
    outer loop
      vertex 8.5313 174.637 100
      vertex 8.5 174 4.2
      vertex 8.5 174 100
    endloop
  endfacet
  facet normal 0.740479 0.672079 0
    outer loop
      vertex 20.0246 178.124 100
      vertex 19.5962 178.596 4.2
      vertex 19.5962 178.596 100
    endloop
  endfacet
  facet normal 0.740479 0.672079 0
    outer loop
      vertex 19.5962 178.596 4.2
      vertex 20.0246 178.124 100
      vertex 20.0246 178.124 4.2
    endloop
  endfacet
  facet normal 0.595677 -0.803224 0
    outer loop
      vertex 18.6112 168.595 4.2
      vertex 19.1236 168.975 100
      vertex 18.6112 168.595 100
    endloop
  endfacet
  facet normal 0.595677 -0.803224 0
    outer loop
      vertex 19.1236 168.975 100
      vertex 18.6112 168.595 4.2
      vertex 19.1236 168.975 4.2
    endloop
  endfacet
  facet normal 0.8577 -0.51415 0
    outer loop
      vertex 20.4046 170.389 100
      vertex 20.7325 170.936 4.2
      vertex 20.7325 170.936 100
    endloop
  endfacet
  facet normal 0.8577 -0.51415 0
    outer loop
      vertex 20.7325 170.936 4.2
      vertex 20.4046 170.389 100
      vertex 20.4046 170.389 4.2
    endloop
  endfacet
  facet normal -0.857673 0.514196 0
    outer loop
      vertex 9.26751 177.064 4.2
      vertex 9.59545 177.611 100
      vertex 9.59545 177.611 4.2
    endloop
  endfacet
  facet normal -0.857673 0.514196 0
    outer loop
      vertex 9.59545 177.611 100
      vertex 9.26751 177.064 4.2
      vertex 9.26751 177.064 100
    endloop
  endfacet
  facet normal -0.857673 -0.514196 0
    outer loop
      vertex 9.59545 170.389 4.2
      vertex 9.26751 170.936 100
      vertex 9.26751 170.936 4.2
    endloop
  endfacet
  facet normal -0.857673 -0.514196 0
    outer loop
      vertex 9.26751 170.936 100
      vertex 9.59545 170.389 4.2
      vertex 9.59545 170.389 100
    endloop
  endfacet
  facet normal -0.998795 -0.0490774 0
    outer loop
      vertex 8.5313 173.363 4.2
      vertex 8.5 174 100
      vertex 8.5 174 4.2
    endloop
  endfacet
  facet normal -0.998795 -0.0490774 0
    outer loop
      vertex 8.5 174 100
      vertex 8.5313 173.363 4.2
      vertex 8.5313 173.363 100
    endloop
  endfacet
  facet normal -0.147344 -0.989085 0
    outer loop
      vertex 13.7319 167.625 4.2
      vertex 14.3629 167.531 100
      vertex 13.7319 167.625 100
    endloop
  endfacet
  facet normal -0.147344 -0.989085 -0
    outer loop
      vertex 14.3629 167.531 100
      vertex 13.7319 167.625 4.2
      vertex 14.3629 167.531 4.2
    endloop
  endfacet
  facet normal -0.803572 0.595207 0
    outer loop
      vertex 9.59545 177.611 4.2
      vertex 9.97543 178.124 100
      vertex 9.97543 178.124 4.2
    endloop
  endfacet
  facet normal -0.803572 0.595207 0
    outer loop
      vertex 9.97543 178.124 100
      vertex 9.59545 177.611 4.2
      vertex 9.59545 177.611 100
    endloop
  endfacet
  facet normal -0.336942 -0.941525 0
    outer loop
      vertex 12.5126 17.9948 4.2
      vertex 13.1131 17.7799 100
      vertex 12.5126 17.9948 100
    endloop
  endfacet
  facet normal -0.336942 -0.941525 -0
    outer loop
      vertex 13.1131 17.7799 100
      vertex 12.5126 17.9948 4.2
      vertex 13.1131 17.7799 4.2
    endloop
  endfacet
  facet normal -0.595677 0.803224 0
    outer loop
      vertex 11.3888 29.4046 4.2
      vertex 10.8764 29.0246 100
      vertex 11.3888 29.4046 100
    endloop
  endfacet
  facet normal -0.595677 0.803224 0
    outer loop
      vertex 10.8764 29.0246 100
      vertex 11.3888 29.4046 4.2
      vertex 10.8764 29.0246 4.2
    endloop
  endfacet
  facet normal 0.989177 0.14673 0
    outer loop
      vertex 21.4687 24.6371 100
      vertex 21.3751 25.2681 4.2
      vertex 21.3751 25.2681 100
    endloop
  endfacet
  facet normal 0.989177 0.14673 0
    outer loop
      vertex 21.3751 25.2681 4.2
      vertex 21.4687 24.6371 100
      vertex 21.4687 24.6371 4.2
    endloop
  endfacet
  facet normal 0.998795 0.0490697 0
    outer loop
      vertex 21.5 24 100
      vertex 21.4687 24.6371 4.2
      vertex 21.4687 24.6371 100
    endloop
  endfacet
  facet normal 0.998795 0.0490697 0
    outer loop
      vertex 21.4687 24.6371 4.2
      vertex 21.5 24 100
      vertex 21.5 24 4.2
    endloop
  endfacet
  facet normal 0.970032 0.242978 0
    outer loop
      vertex 21.3751 25.2681 100
      vertex 21.2201 25.8869 4.2
      vertex 21.2201 25.8869 100
    endloop
  endfacet
  facet normal 0.970032 0.242978 0
    outer loop
      vertex 21.2201 25.8869 4.2
      vertex 21.3751 25.2681 100
      vertex 21.3751 25.2681 4.2
    endloop
  endfacet
  facet normal 0.14673 0.989177 -0
    outer loop
      vertex 16.2681 30.3751 4.2
      vertex 15.6371 30.4687 100
      vertex 16.2681 30.3751 100
    endloop
  endfacet
  facet normal 0.14673 0.989177 0
    outer loop
      vertex 15.6371 30.4687 100
      vertex 16.2681 30.3751 4.2
      vertex 15.6371 30.4687 4.2
    endloop
  endfacet
  facet normal -0.14673 0.989177 0
    outer loop
      vertex 14.3629 30.4687 4.2
      vertex 13.7319 30.3751 100
      vertex 14.3629 30.4687 100
    endloop
  endfacet
  facet normal -0.14673 0.989177 0
    outer loop
      vertex 13.7319 30.3751 100
      vertex 14.3629 30.4687 4.2
      vertex 13.7319 30.3751 4.2
    endloop
  endfacet
  facet normal 0.803224 0.595677 0
    outer loop
      vertex 20.4046 27.6112 100
      vertex 20.0246 28.1236 4.2
      vertex 20.0246 28.1236 100
    endloop
  endfacet
  facet normal 0.803224 0.595677 0
    outer loop
      vertex 20.0246 28.1236 4.2
      vertex 20.4046 27.6112 100
      vertex 20.4046 27.6112 4.2
    endloop
  endfacet
  facet normal 0.514081 -0.857742 0
    outer loop
      vertex 18.0641 18.2675 4.2
      vertex 18.6112 18.5954 100
      vertex 18.0641 18.2675 100
    endloop
  endfacet
  facet normal 0.514081 -0.857742 0
    outer loop
      vertex 18.6112 18.5954 100
      vertex 18.0641 18.2675 4.2
      vertex 18.6112 18.5954 4.2
    endloop
  endfacet
  facet normal 0.595677 0.803224 -0
    outer loop
      vertex 19.1236 29.0246 4.2
      vertex 18.6112 29.4046 100
      vertex 19.1236 29.0246 100
    endloop
  endfacet
  facet normal 0.595677 0.803224 0
    outer loop
      vertex 18.6112 29.4046 100
      vertex 19.1236 29.0246 4.2
      vertex 18.6112 29.4046 4.2
    endloop
  endfacet
  facet normal 0.998795 -0.0490697 0
    outer loop
      vertex 21.4687 23.3629 100
      vertex 21.5 24 4.2
      vertex 21.5 24 100
    endloop
  endfacet
  facet normal 0.998795 -0.0490697 0
    outer loop
      vertex 21.5 24 4.2
      vertex 21.4687 23.3629 100
      vertex 21.4687 23.3629 4.2
    endloop
  endfacet
  facet normal -0.242978 0.970032 0
    outer loop
      vertex 13.7319 30.3751 4.2
      vertex 13.1131 30.2201 100
      vertex 13.7319 30.3751 100
    endloop
  endfacet
  facet normal -0.242978 0.970032 0
    outer loop
      vertex 13.1131 30.2201 100
      vertex 13.7319 30.3751 4.2
      vertex 13.1131 30.2201 4.2
    endloop
  endfacet
  facet normal 0.42748 0.904025 -0
    outer loop
      vertex 18.0641 29.7325 4.2
      vertex 17.4874 30.0052 100
      vertex 18.0641 29.7325 100
    endloop
  endfacet
  facet normal 0.42748 0.904025 0
    outer loop
      vertex 17.4874 30.0052 100
      vertex 18.0641 29.7325 4.2
      vertex 17.4874 30.0052 4.2
    endloop
  endfacet
  facet normal 0 0 1
    outer loop
      vertex 17.65 24 100
      vertex 21.5 24 100
      vertex 21.4687 24.6371 100
    endloop
  endfacet
  facet normal 0 0 1
    outer loop
      vertex 17.6372 24.2597 100
      vertex 21.4687 24.6371 100
      vertex 21.3751 25.2681 100
    endloop
  endfacet
  facet normal 0 0 1
    outer loop
      vertex 21.5 24 100
      vertex 17.65 24 100
      vertex 21.4687 23.3629 100
    endloop
  endfacet
  facet normal 0 0 1
    outer loop
      vertex 17.5991 24.517 100
      vertex 21.3751 25.2681 100
      vertex 21.2201 25.8869 100
    endloop
  endfacet
  facet normal -0 0 1
    outer loop
      vertex 17.6372 23.7403 100
      vertex 21.4687 23.3629 100
      vertex 17.65 24 100
    endloop
  endfacet
  facet normal 0 0 1
    outer loop
      vertex 17.5359 24.7693 100
      vertex 21.2201 25.8869 100
      vertex 21.0052 26.4874 100
    endloop
  endfacet
  facet normal 0 0 1
    outer loop
      vertex 21.4687 23.3629 100
      vertex 17.6372 23.7403 100
      vertex 21.3751 22.7319 100
    endloop
  endfacet
  facet normal 0 0 1
    outer loop
      vertex 17.4483 25.0141 100
      vertex 21.0052 26.4874 100
      vertex 20.7325 27.0641 100
    endloop
  endfacet
  facet normal -0 0 1
    outer loop
      vertex 17.5991 23.483 100
      vertex 21.3751 22.7319 100
      vertex 17.6372 23.7403 100
    endloop
  endfacet
  facet normal 0 0 1
    outer loop
      vertex 17.3371 25.2492 100
      vertex 20.7325 27.0641 100
      vertex 20.4046 27.6112 100
    endloop
  endfacet
  facet normal 0 0 1
    outer loop
      vertex 21.3751 22.7319 100
      vertex 17.5991 23.483 100
      vertex 21.2201 22.1131 100
    endloop
  endfacet
  facet normal 0 0 1
    outer loop
      vertex 17.2034 25.4723 100
      vertex 20.4046 27.6112 100
      vertex 20.0246 28.1236 100
    endloop
  endfacet
  facet normal -0 0 1
    outer loop
      vertex 17.5359 23.2307 100
      vertex 21.2201 22.1131 100
      vertex 17.5991 23.483 100
    endloop
  endfacet
  facet normal 0 0 1
    outer loop
      vertex 17.0485 25.6811 100
      vertex 20.0246 28.1236 100
      vertex 19.5962 28.5962 100
    endloop
  endfacet
  facet normal 0 0 1
    outer loop
      vertex 21.2201 22.1131 100
      vertex 17.5359 23.2307 100
      vertex 21.0052 21.5126 100
    endloop
  endfacet
  facet normal 0 0 1
    outer loop
      vertex 16.8738 25.8738 100
      vertex 19.5962 28.5962 100
      vertex 19.1236 29.0246 100
    endloop
  endfacet
  facet normal -0 0 1
    outer loop
      vertex 17.4483 22.9859 100
      vertex 21.0052 21.5126 100
      vertex 17.5359 23.2307 100
    endloop
  endfacet
  facet normal 0 0 1
    outer loop
      vertex 16.6811 26.0485 100
      vertex 19.1236 29.0246 100
      vertex 18.6112 29.4046 100
    endloop
  endfacet
  facet normal 0 0 1
    outer loop
      vertex 21.0052 21.5126 100
      vertex 17.4483 22.9859 100
      vertex 20.7325 20.9359 100
    endloop
  endfacet
  facet normal 0 0 1
    outer loop
      vertex 16.4723 26.2034 100
      vertex 18.6112 29.4046 100
      vertex 18.0641 29.7325 100
    endloop
  endfacet
  facet normal -0 0 1
    outer loop
      vertex 17.3371 22.7508 100
      vertex 20.7325 20.9359 100
      vertex 17.4483 22.9859 100
    endloop
  endfacet
  facet normal 0 0 1
    outer loop
      vertex 20.7325 20.9359 100
      vertex 17.3371 22.7508 100
      vertex 20.4046 20.3888 100
    endloop
  endfacet
  facet normal 0 0 1
    outer loop
      vertex 21.4687 24.6371 100
      vertex 17.6372 24.2597 100
      vertex 17.65 24 100
    endloop
  endfacet
  facet normal 0 0 1
    outer loop
      vertex 21.3751 25.2681 100
      vertex 17.5991 24.517 100
      vertex 17.6372 24.2597 100
    endloop
  endfacet
  facet normal 0 0 1
    outer loop
      vertex 21.2201 25.8869 100
      vertex 17.5359 24.7693 100
      vertex 17.5991 24.517 100
    endloop
  endfacet
  facet normal 0 0 1
    outer loop
      vertex 16.2492 26.3371 100
      vertex 18.0641 29.7325 100
      vertex 17.4874 30.0052 100
    endloop
  endfacet
  facet normal 0 0 1
    outer loop
      vertex 21.0052 26.4874 100
      vertex 17.4483 25.0141 100
      vertex 17.5359 24.7693 100
    endloop
  endfacet
  facet normal 0 0 1
    outer loop
      vertex 20.7325 27.0641 100
      vertex 17.3371 25.2492 100
      vertex 17.4483 25.0141 100
    endloop
  endfacet
  facet normal 0 0 1
    outer loop
      vertex 20.4046 27.6112 100
      vertex 17.2034 25.4723 100
      vertex 17.3371 25.2492 100
    endloop
  endfacet
  facet normal 0 0 1
    outer loop
      vertex 20.0246 28.1236 100
      vertex 17.0485 25.6811 100
      vertex 17.2034 25.4723 100
    endloop
  endfacet
  facet normal 0 0 1
    outer loop
      vertex 16.0141 26.4483 100
      vertex 17.4874 30.0052 100
      vertex 16.8869 30.2201 100
    endloop
  endfacet
  facet normal 0 0 1
    outer loop
      vertex 19.5962 28.5962 100
      vertex 16.8738 25.8738 100
      vertex 17.0485 25.6811 100
    endloop
  endfacet
  facet normal 0 0 1
    outer loop
      vertex 19.1236 29.0246 100
      vertex 16.6811 26.0485 100
      vertex 16.8738 25.8738 100
    endloop
  endfacet
  facet normal 0 0 1
    outer loop
      vertex 18.6112 29.4046 100
      vertex 16.4723 26.2034 100
      vertex 16.6811 26.0485 100
    endloop
  endfacet
  facet normal 0 0 1
    outer loop
      vertex 15.7693 26.5359 100
      vertex 16.8869 30.2201 100
      vertex 16.2681 30.3751 100
    endloop
  endfacet
  facet normal 0 0 1
    outer loop
      vertex 18.0641 29.7325 100
      vertex 16.2492 26.3371 100
      vertex 16.4723 26.2034 100
    endloop
  endfacet
  facet normal 0 0 1
    outer loop
      vertex 17.4874 30.0052 100
      vertex 16.0141 26.4483 100
      vertex 16.2492 26.3371 100
    endloop
  endfacet
  facet normal 0 0 1
    outer loop
      vertex 16.8869 30.2201 100
      vertex 15.7693 26.5359 100
      vertex 16.0141 26.4483 100
    endloop
  endfacet
  facet normal 0 0 1
    outer loop
      vertex 15.517 26.5991 100
      vertex 16.2681 30.3751 100
      vertex 15.6371 30.4687 100
    endloop
  endfacet
  facet normal 0 0 1
    outer loop
      vertex 16.2681 30.3751 100
      vertex 15.517 26.5991 100
      vertex 15.7693 26.5359 100
    endloop
  endfacet
  facet normal 0 0 1
    outer loop
      vertex 15.6371 30.4687 100
      vertex 15.2597 26.6372 100
      vertex 15.517 26.5991 100
    endloop
  endfacet
  facet normal 0 0 1
    outer loop
      vertex 15 30.5 100
      vertex 15.2597 26.6372 100
      vertex 15.6371 30.4687 100
    endloop
  endfacet
  facet normal 0 0 1
    outer loop
      vertex 15 30.5 100
      vertex 15 26.65 100
      vertex 15.2597 26.6372 100
    endloop
  endfacet
  facet normal 0 0 1
    outer loop
      vertex 15 30.5 100
      vertex 14.7403 26.6372 100
      vertex 15 26.65 100
    endloop
  endfacet
  facet normal -0 0 1
    outer loop
      vertex 14.3629 30.4687 100
      vertex 14.7403 26.6372 100
      vertex 15 30.5 100
    endloop
  endfacet
  facet normal 0 0 1
    outer loop
      vertex 14.7403 26.6372 100
      vertex 14.3629 30.4687 100
      vertex 14.483 26.5991 100
    endloop
  endfacet
  facet normal -0 0 1
    outer loop
      vertex 13.7319 30.3751 100
      vertex 14.483 26.5991 100
      vertex 14.3629 30.4687 100
    endloop
  endfacet
  facet normal 0 0 1
    outer loop
      vertex 14.483 26.5991 100
      vertex 13.7319 30.3751 100
      vertex 14.2307 26.5359 100
    endloop
  endfacet
  facet normal -0 0 1
    outer loop
      vertex 13.1131 30.2201 100
      vertex 14.2307 26.5359 100
      vertex 13.7319 30.3751 100
    endloop
  endfacet
  facet normal 0 0 1
    outer loop
      vertex 14.2307 26.5359 100
      vertex 13.1131 30.2201 100
      vertex 13.9859 26.4483 100
    endloop
  endfacet
  facet normal -0 0 1
    outer loop
      vertex 12.5126 30.0052 100
      vertex 13.9859 26.4483 100
      vertex 13.1131 30.2201 100
    endloop
  endfacet
  facet normal 0 0 1
    outer loop
      vertex 13.9859 26.4483 100
      vertex 12.5126 30.0052 100
      vertex 13.7508 26.3371 100
    endloop
  endfacet
  facet normal -0 0 1
    outer loop
      vertex 11.9359 29.7325 100
      vertex 13.7508 26.3371 100
      vertex 12.5126 30.0052 100
    endloop
  endfacet
  facet normal 0 0 1
    outer loop
      vertex 13.7508 26.3371 100
      vertex 11.9359 29.7325 100
      vertex 13.5277 26.2034 100
    endloop
  endfacet
  facet normal -0 0 1
    outer loop
      vertex 11.3888 29.4046 100
      vertex 13.5277 26.2034 100
      vertex 11.9359 29.7325 100
    endloop
  endfacet
  facet normal 0 0 1
    outer loop
      vertex 13.5277 26.2034 100
      vertex 11.3888 29.4046 100
      vertex 13.3189 26.0485 100
    endloop
  endfacet
  facet normal -0 0 1
    outer loop
      vertex 10.8764 29.0246 100
      vertex 13.3189 26.0485 100
      vertex 11.3888 29.4046 100
    endloop
  endfacet
  facet normal 0 0 1
    outer loop
      vertex 13.3189 26.0485 100
      vertex 10.8764 29.0246 100
      vertex 13.1262 25.8738 100
    endloop
  endfacet
  facet normal -0 0 1
    outer loop
      vertex 10.4038 28.5962 100
      vertex 13.1262 25.8738 100
      vertex 10.8764 29.0246 100
    endloop
  endfacet
  facet normal 0 0 1
    outer loop
      vertex 13.1262 25.8738 100
      vertex 10.4038 28.5962 100
      vertex 12.9515 25.6811 100
    endloop
  endfacet
  facet normal -0 0 1
    outer loop
      vertex 9.97543 28.1236 100
      vertex 12.9515 25.6811 100
      vertex 10.4038 28.5962 100
    endloop
  endfacet
  facet normal 0 0 1
    outer loop
      vertex 12.9515 25.6811 100
      vertex 9.97543 28.1236 100
      vertex 12.7966 25.4723 100
    endloop
  endfacet
  facet normal -0 0 1
    outer loop
      vertex 9.59545 27.6112 100
      vertex 12.7966 25.4723 100
      vertex 9.97543 28.1236 100
    endloop
  endfacet
  facet normal 0 0 1
    outer loop
      vertex 12.7966 25.4723 100
      vertex 9.59545 27.6112 100
      vertex 12.6629 25.2492 100
    endloop
  endfacet
  facet normal -0 0 1
    outer loop
      vertex 17.2034 22.5277 100
      vertex 20.4046 20.3888 100
      vertex 17.3371 22.7508 100
    endloop
  endfacet
  facet normal 0 0 1
    outer loop
      vertex 20.4046 20.3888 100
      vertex 17.2034 22.5277 100
      vertex 20.0246 19.8764 100
    endloop
  endfacet
  facet normal -0 0 1
    outer loop
      vertex 17.0485 22.3189 100
      vertex 20.0246 19.8764 100
      vertex 17.2034 22.5277 100
    endloop
  endfacet
  facet normal 0 0 1
    outer loop
      vertex 20.0246 19.8764 100
      vertex 17.0485 22.3189 100
      vertex 19.5962 19.4038 100
    endloop
  endfacet
  facet normal -0 0 1
    outer loop
      vertex 16.8738 22.1262 100
      vertex 19.5962 19.4038 100
      vertex 17.0485 22.3189 100
    endloop
  endfacet
  facet normal 0 0 1
    outer loop
      vertex 19.5962 19.4038 100
      vertex 16.8738 22.1262 100
      vertex 19.1236 18.9754 100
    endloop
  endfacet
  facet normal -0 0 1
    outer loop
      vertex 16.6811 21.9515 100
      vertex 19.1236 18.9754 100
      vertex 16.8738 22.1262 100
    endloop
  endfacet
  facet normal 0 0 1
    outer loop
      vertex 19.1236 18.9754 100
      vertex 16.6811 21.9515 100
      vertex 18.6112 18.5954 100
    endloop
  endfacet
  facet normal -0 0 1
    outer loop
      vertex 16.4723 21.7966 100
      vertex 18.6112 18.5954 100
      vertex 16.6811 21.9515 100
    endloop
  endfacet
  facet normal 0 0 1
    outer loop
      vertex 18.6112 18.5954 100
      vertex 16.4723 21.7966 100
      vertex 18.0641 18.2675 100
    endloop
  endfacet
  facet normal -0 0 1
    outer loop
      vertex 16.2492 21.6629 100
      vertex 18.0641 18.2675 100
      vertex 16.4723 21.7966 100
    endloop
  endfacet
  facet normal 0 0 1
    outer loop
      vertex 18.0641 18.2675 100
      vertex 16.2492 21.6629 100
      vertex 17.4874 17.9948 100
    endloop
  endfacet
  facet normal -0 0 1
    outer loop
      vertex 16.0141 21.5517 100
      vertex 17.4874 17.9948 100
      vertex 16.2492 21.6629 100
    endloop
  endfacet
  facet normal 0 0 1
    outer loop
      vertex 17.4874 17.9948 100
      vertex 16.0141 21.5517 100
      vertex 16.8869 17.7799 100
    endloop
  endfacet
  facet normal -0 0 1
    outer loop
      vertex 15.7693 21.4641 100
      vertex 16.8869 17.7799 100
      vertex 16.0141 21.5517 100
    endloop
  endfacet
  facet normal 0 0 1
    outer loop
      vertex 16.8869 17.7799 100
      vertex 15.7693 21.4641 100
      vertex 16.2681 17.6249 100
    endloop
  endfacet
  facet normal -0 0 1
    outer loop
      vertex 15.517 21.4009 100
      vertex 16.2681 17.6249 100
      vertex 15.7693 21.4641 100
    endloop
  endfacet
  facet normal 0 0 1
    outer loop
      vertex 16.2681 17.6249 100
      vertex 15.517 21.4009 100
      vertex 15.6371 17.5313 100
    endloop
  endfacet
  facet normal -0 0 1
    outer loop
      vertex 15.2597 21.3628 100
      vertex 15.6371 17.5313 100
      vertex 15.517 21.4009 100
    endloop
  endfacet
  facet normal -0 0 1
    outer loop
      vertex 15 21.35 100
      vertex 15.6371 17.5313 100
      vertex 15.2597 21.3628 100
    endloop
  endfacet
  facet normal 0 0 1
    outer loop
      vertex 15 21.35 100
      vertex 15 17.5 100
      vertex 15.6371 17.5313 100
    endloop
  endfacet
  facet normal 0 0 1
    outer loop
      vertex 14.7403 21.3628 100
      vertex 15 17.5 100
      vertex 15 21.35 100
    endloop
  endfacet
  facet normal 0 0 1
    outer loop
      vertex 14.3629 17.5313 100
      vertex 14.7403 21.3628 100
      vertex 14.483 21.4009 100
    endloop
  endfacet
  facet normal 0 0 1
    outer loop
      vertex 14.7403 21.3628 100
      vertex 14.3629 17.5313 100
      vertex 15 17.5 100
    endloop
  endfacet
  facet normal 0 0 1
    outer loop
      vertex 13.7319 17.6249 100
      vertex 14.483 21.4009 100
      vertex 14.2307 21.4641 100
    endloop
  endfacet
  facet normal 0 0 1
    outer loop
      vertex 13.1131 17.7799 100
      vertex 14.2307 21.4641 100
      vertex 13.9859 21.5517 100
    endloop
  endfacet
  facet normal 0 0 1
    outer loop
      vertex 12.5126 17.9948 100
      vertex 13.9859 21.5517 100
      vertex 13.7508 21.6629 100
    endloop
  endfacet
  facet normal 0 0 1
    outer loop
      vertex 14.483 21.4009 100
      vertex 13.7319 17.6249 100
      vertex 14.3629 17.5313 100
    endloop
  endfacet
  facet normal 0 0 1
    outer loop
      vertex 11.9359 18.2675 100
      vertex 13.7508 21.6629 100
      vertex 13.5277 21.7966 100
    endloop
  endfacet
  facet normal 0 0 1
    outer loop
      vertex 11.3888 18.5954 100
      vertex 13.5277 21.7966 100
      vertex 13.3189 21.9515 100
    endloop
  endfacet
  facet normal 0 0 1
    outer loop
      vertex 10.8764 18.9754 100
      vertex 13.3189 21.9515 100
      vertex 13.1262 22.1262 100
    endloop
  endfacet
  facet normal 0 0 1
    outer loop
      vertex 14.2307 21.4641 100
      vertex 13.1131 17.7799 100
      vertex 13.7319 17.6249 100
    endloop
  endfacet
  facet normal 0 0 1
    outer loop
      vertex 10.4038 19.4038 100
      vertex 13.1262 22.1262 100
      vertex 12.9515 22.3189 100
    endloop
  endfacet
  facet normal 0 0 1
    outer loop
      vertex 9.97543 19.8764 100
      vertex 12.9515 22.3189 100
      vertex 12.7966 22.5277 100
    endloop
  endfacet
  facet normal 0 0 1
    outer loop
      vertex 9.59545 20.3888 100
      vertex 12.7966 22.5277 100
      vertex 12.6629 22.7508 100
    endloop
  endfacet
  facet normal 0 0 1
    outer loop
      vertex 9.26751 20.9359 100
      vertex 12.6629 22.7508 100
      vertex 12.5517 22.9859 100
    endloop
  endfacet
  facet normal 0 0 1
    outer loop
      vertex 13.9859 21.5517 100
      vertex 12.5126 17.9948 100
      vertex 13.1131 17.7799 100
    endloop
  endfacet
  facet normal 0 0 1
    outer loop
      vertex 8.99478 21.5126 100
      vertex 12.5517 22.9859 100
      vertex 12.4641 23.2307 100
    endloop
  endfacet
  facet normal 0 0 1
    outer loop
      vertex 8.77989 22.1131 100
      vertex 12.4641 23.2307 100
      vertex 12.4009 23.483 100
    endloop
  endfacet
  facet normal 0 0 1
    outer loop
      vertex 8.6249 22.7319 100
      vertex 12.4009 23.483 100
      vertex 12.3628 23.7403 100
    endloop
  endfacet
  facet normal 0 0 1
    outer loop
      vertex 8.5313 23.3629 100
      vertex 12.3628 23.7403 100
      vertex 12.35 24 100
    endloop
  endfacet
  facet normal -0 0 1
    outer loop
      vertex 9.26751 27.0641 100
      vertex 12.6629 25.2492 100
      vertex 9.59545 27.6112 100
    endloop
  endfacet
  facet normal 0 0 1
    outer loop
      vertex 13.7508 21.6629 100
      vertex 11.9359 18.2675 100
      vertex 12.5126 17.9948 100
    endloop
  endfacet
  facet normal 0 0 1
    outer loop
      vertex 12.6629 25.2492 100
      vertex 9.26751 27.0641 100
      vertex 12.5517 25.0141 100
    endloop
  endfacet
  facet normal 0 0 1
    outer loop
      vertex 13.5277 21.7966 100
      vertex 11.3888 18.5954 100
      vertex 11.9359 18.2675 100
    endloop
  endfacet
  facet normal -0 0 1
    outer loop
      vertex 8.99478 26.4874 100
      vertex 12.5517 25.0141 100
      vertex 9.26751 27.0641 100
    endloop
  endfacet
  facet normal 0 0 1
    outer loop
      vertex 13.3189 21.9515 100
      vertex 10.8764 18.9754 100
      vertex 11.3888 18.5954 100
    endloop
  endfacet
  facet normal 0 0 1
    outer loop
      vertex 12.5517 25.0141 100
      vertex 8.99478 26.4874 100
      vertex 12.4641 24.7693 100
    endloop
  endfacet
  facet normal 0 0 1
    outer loop
      vertex 13.1262 22.1262 100
      vertex 10.4038 19.4038 100
      vertex 10.8764 18.9754 100
    endloop
  endfacet
  facet normal -0 0 1
    outer loop
      vertex 8.77989 25.8869 100
      vertex 12.4641 24.7693 100
      vertex 8.99478 26.4874 100
    endloop
  endfacet
  facet normal 0 0 1
    outer loop
      vertex 12.9515 22.3189 100
      vertex 9.97543 19.8764 100
      vertex 10.4038 19.4038 100
    endloop
  endfacet
  facet normal 0 0 1
    outer loop
      vertex 12.4641 24.7693 100
      vertex 8.77989 25.8869 100
      vertex 12.4009 24.517 100
    endloop
  endfacet
  facet normal 0 0 1
    outer loop
      vertex 12.7966 22.5277 100
      vertex 9.59545 20.3888 100
      vertex 9.97543 19.8764 100
    endloop
  endfacet
  facet normal -0 0 1
    outer loop
      vertex 8.6249 25.2681 100
      vertex 12.4009 24.517 100
      vertex 8.77989 25.8869 100
    endloop
  endfacet
  facet normal 0 0 1
    outer loop
      vertex 12.6629 22.7508 100
      vertex 9.26751 20.9359 100
      vertex 9.59545 20.3888 100
    endloop
  endfacet
  facet normal 0 0 1
    outer loop
      vertex 12.4009 24.517 100
      vertex 8.6249 25.2681 100
      vertex 12.3628 24.2597 100
    endloop
  endfacet
  facet normal 0 0 1
    outer loop
      vertex 12.5517 22.9859 100
      vertex 8.99478 21.5126 100
      vertex 9.26751 20.9359 100
    endloop
  endfacet
  facet normal -0 0 1
    outer loop
      vertex 8.5313 24.6371 100
      vertex 12.3628 24.2597 100
      vertex 8.6249 25.2681 100
    endloop
  endfacet
  facet normal 0 0 1
    outer loop
      vertex 12.4641 23.2307 100
      vertex 8.77989 22.1131 100
      vertex 8.99478 21.5126 100
    endloop
  endfacet
  facet normal 0 0 1
    outer loop
      vertex 12.3628 24.2597 100
      vertex 8.5313 24.6371 100
      vertex 12.35 24 100
    endloop
  endfacet
  facet normal 0 0 1
    outer loop
      vertex 12.4009 23.483 100
      vertex 8.6249 22.7319 100
      vertex 8.77989 22.1131 100
    endloop
  endfacet
  facet normal 0 0 1
    outer loop
      vertex 8.5 24 100
      vertex 12.35 24 100
      vertex 8.5313 24.6371 100
    endloop
  endfacet
  facet normal 0 0 1
    outer loop
      vertex 12.3628 23.7403 100
      vertex 8.5313 23.3629 100
      vertex 8.6249 22.7319 100
    endloop
  endfacet
  facet normal 0 0 1
    outer loop
      vertex 12.35 24 100
      vertex 8.5 24 100
      vertex 8.5313 23.3629 100
    endloop
  endfacet
  facet normal -0.242978 -0.970032 0
    outer loop
      vertex 13.1131 17.7799 4.2
      vertex 13.7319 17.6249 100
      vertex 13.1131 17.7799 100
    endloop
  endfacet
  facet normal -0.242978 -0.970032 -0
    outer loop
      vertex 13.7319 17.6249 100
      vertex 13.1131 17.7799 4.2
      vertex 13.7319 17.6249 4.2
    endloop
  endfacet
  facet normal -0.989177 -0.14673 0
    outer loop
      vertex 8.6249 22.7319 4.2
      vertex 8.5313 23.3629 100
      vertex 8.5313 23.3629 4.2
    endloop
  endfacet
  facet normal -0.989177 -0.14673 0
    outer loop
      vertex 8.5313 23.3629 100
      vertex 8.6249 22.7319 4.2
      vertex 8.6249 22.7319 100
    endloop
  endfacet
  facet normal 0.671611 -0.740904 0
    outer loop
      vertex 19.1236 18.9754 4.2
      vertex 19.5962 19.4038 100
      vertex 19.1236 18.9754 100
    endloop
  endfacet
  facet normal 0.671611 -0.740904 0
    outer loop
      vertex 19.5962 19.4038 100
      vertex 19.1236 18.9754 4.2
      vertex 19.5962 19.4038 4.2
    endloop
  endfacet
  facet normal -0.42748 0.904025 0
    outer loop
      vertex 12.5126 30.0052 4.2
      vertex 11.9359 29.7325 100
      vertex 12.5126 30.0052 100
    endloop
  endfacet
  facet normal -0.42748 0.904025 0
    outer loop
      vertex 11.9359 29.7325 100
      vertex 12.5126 30.0052 4.2
      vertex 11.9359 29.7325 4.2
    endloop
  endfacet
  facet normal 0.336942 -0.941525 0
    outer loop
      vertex 16.8869 17.7799 4.2
      vertex 17.4874 17.9948 100
      vertex 16.8869 17.7799 100
    endloop
  endfacet
  facet normal 0.336942 -0.941525 0
    outer loop
      vertex 17.4874 17.9948 100
      vertex 16.8869 17.7799 4.2
      vertex 17.4874 17.9948 4.2
    endloop
  endfacet
  facet normal -0.904007 0.427518 0
    outer loop
      vertex 8.99478 26.4874 4.2
      vertex 9.26751 27.0641 100
      vertex 9.26751 27.0641 4.2
    endloop
  endfacet
  facet normal -0.904007 0.427518 0
    outer loop
      vertex 9.26751 27.0641 100
      vertex 8.99478 26.4874 4.2
      vertex 8.99478 26.4874 100
    endloop
  endfacet
  facet normal -0.803239 -0.595657 0
    outer loop
      vertex 9.97543 19.8764 4.2
      vertex 9.59545 20.3888 100
      vertex 9.59545 20.3888 4.2
    endloop
  endfacet
  facet normal -0.803239 -0.595657 0
    outer loop
      vertex 9.59545 20.3888 100
      vertex 9.97543 19.8764 4.2
      vertex 9.97543 19.8764 100
    endloop
  endfacet
  facet normal -0.514081 -0.857742 0
    outer loop
      vertex 11.3888 18.5954 4.2
      vertex 11.9359 18.2675 100
      vertex 11.3888 18.5954 100
    endloop
  endfacet
  facet normal -0.514081 -0.857742 -0
    outer loop
      vertex 11.9359 18.2675 100
      vertex 11.3888 18.5954 4.2
      vertex 11.9359 18.2675 4.2
    endloop
  endfacet
  facet normal 0.803224 -0.595677 0
    outer loop
      vertex 20.0246 19.8764 100
      vertex 20.4046 20.3888 4.2
      vertex 20.4046 20.3888 100
    endloop
  endfacet
  facet normal 0.803224 -0.595677 0
    outer loop
      vertex 20.4046 20.3888 4.2
      vertex 20.0246 19.8764 100
      vertex 20.0246 19.8764 4.2
    endloop
  endfacet
  facet normal -0.514081 0.857742 0
    outer loop
      vertex 11.9359 29.7325 4.2
      vertex 11.3888 29.4046 100
      vertex 11.9359 29.7325 100
    endloop
  endfacet
  facet normal -0.514081 0.857742 0
    outer loop
      vertex 11.3888 29.4046 100
      vertex 11.9359 29.7325 4.2
      vertex 11.3888 29.4046 4.2
    endloop
  endfacet
  facet normal -0.42748 -0.904025 0
    outer loop
      vertex 11.9359 18.2675 4.2
      vertex 12.5126 17.9948 100
      vertex 11.9359 18.2675 100
    endloop
  endfacet
  facet normal -0.42748 -0.904025 -0
    outer loop
      vertex 12.5126 17.9948 100
      vertex 11.9359 18.2675 4.2
      vertex 12.5126 17.9948 4.2
    endloop
  endfacet
  facet normal -0.595677 -0.803224 0
    outer loop
      vertex 10.8764 18.9754 4.2
      vertex 11.3888 18.5954 100
      vertex 10.8764 18.9754 100
    endloop
  endfacet
  facet normal -0.595677 -0.803224 -0
    outer loop
      vertex 11.3888 18.5954 100
      vertex 10.8764 18.9754 4.2
      vertex 11.3888 18.5954 4.2
    endloop
  endfacet
  facet normal 0.336942 0.941525 -0
    outer loop
      vertex 17.4874 30.0052 4.2
      vertex 16.8869 30.2201 100
      vertex 17.4874 30.0052 100
    endloop
  endfacet
  facet normal 0.336942 0.941525 0
    outer loop
      vertex 16.8869 30.2201 100
      vertex 17.4874 30.0052 4.2
      vertex 16.8869 30.2201 4.2
    endloop
  endfacet
  facet normal -0.740927 -0.671585 0
    outer loop
      vertex 10.4038 19.4038 4.2
      vertex 9.97543 19.8764 100
      vertex 9.97543 19.8764 4.2
    endloop
  endfacet
  facet normal -0.740927 -0.671585 0
    outer loop
      vertex 9.97543 19.8764 100
      vertex 10.4038 19.4038 4.2
      vertex 10.4038 19.4038 100
    endloop
  endfacet
  facet normal -0.336942 0.941525 0
    outer loop
      vertex 13.1131 30.2201 4.2
      vertex 12.5126 30.0052 100
      vertex 13.1131 30.2201 100
    endloop
  endfacet
  facet normal -0.336942 0.941525 0
    outer loop
      vertex 12.5126 30.0052 100
      vertex 13.1131 30.2201 4.2
      vertex 12.5126 30.0052 4.2
    endloop
  endfacet
  facet normal -0.904007 -0.427518 0
    outer loop
      vertex 9.26751 20.9359 4.2
      vertex 8.99478 21.5126 100
      vertex 8.99478 21.5126 4.2
    endloop
  endfacet
  facet normal -0.904007 -0.427518 0
    outer loop
      vertex 8.99478 21.5126 100
      vertex 9.26751 20.9359 4.2
      vertex 9.26751 20.9359 100
    endloop
  endfacet
  facet normal -0.94153 -0.336928 0
    outer loop
      vertex 8.99478 21.5126 4.2
      vertex 8.77989 22.1131 100
      vertex 8.77989 22.1131 4.2
    endloop
  endfacet
  facet normal -0.94153 -0.336928 0
    outer loop
      vertex 8.77989 22.1131 100
      vertex 8.99478 21.5126 4.2
      vertex 8.99478 21.5126 100
    endloop
  endfacet
  facet normal 0.904025 0.42748 0
    outer loop
      vertex 21.0052 26.4874 100
      vertex 20.7325 27.0641 4.2
      vertex 20.7325 27.0641 100
    endloop
  endfacet
  facet normal 0.904025 0.42748 0
    outer loop
      vertex 20.7325 27.0641 4.2
      vertex 21.0052 26.4874 100
      vertex 21.0052 26.4874 4.2
    endloop
  endfacet
  facet normal -0.970035 -0.242963 0
    outer loop
      vertex 8.77989 22.1131 4.2
      vertex 8.6249 22.7319 100
      vertex 8.6249 22.7319 4.2
    endloop
  endfacet
  facet normal -0.970035 -0.242963 0
    outer loop
      vertex 8.6249 22.7319 100
      vertex 8.77989 22.1131 4.2
      vertex 8.77989 22.1131 100
    endloop
  endfacet
  facet normal 0.671611 0.740904 -0
    outer loop
      vertex 19.5962 28.5962 4.2
      vertex 19.1236 29.0246 100
      vertex 19.5962 28.5962 100
    endloop
  endfacet
  facet normal 0.671611 0.740904 0
    outer loop
      vertex 19.1236 29.0246 100
      vertex 19.5962 28.5962 4.2
      vertex 19.1236 29.0246 4.2
    endloop
  endfacet
  facet normal -0.671611 -0.740904 0
    outer loop
      vertex 10.4038 19.4038 4.2
      vertex 10.8764 18.9754 100
      vertex 10.4038 19.4038 100
    endloop
  endfacet
  facet normal -0.671611 -0.740904 -0
    outer loop
      vertex 10.8764 18.9754 100
      vertex 10.4038 19.4038 4.2
      vertex 10.8764 18.9754 4.2
    endloop
  endfacet
  facet normal 0.970032 -0.242978 0
    outer loop
      vertex 21.2201 22.1131 100
      vertex 21.3751 22.7319 4.2
      vertex 21.3751 22.7319 100
    endloop
  endfacet
  facet normal 0.970032 -0.242978 0
    outer loop
      vertex 21.3751 22.7319 4.2
      vertex 21.2201 22.1131 100
      vertex 21.2201 22.1131 4.2
    endloop
  endfacet
  facet normal 0.740904 -0.671611 0
    outer loop
      vertex 19.5962 19.4038 100
      vertex 20.0246 19.8764 4.2
      vertex 20.0246 19.8764 100
    endloop
  endfacet
  facet normal 0.740904 -0.671611 0
    outer loop
      vertex 20.0246 19.8764 4.2
      vertex 19.5962 19.4038 100
      vertex 19.5962 19.4038 4.2
    endloop
  endfacet
  facet normal 0.14673 -0.989177 0
    outer loop
      vertex 15.6371 17.5313 4.2
      vertex 16.2681 17.6249 100
      vertex 15.6371 17.5313 100
    endloop
  endfacet
  facet normal 0.14673 -0.989177 0
    outer loop
      vertex 16.2681 17.6249 100
      vertex 15.6371 17.5313 4.2
      vertex 16.2681 17.6249 4.2
    endloop
  endfacet
  facet normal -0.989177 0.14673 0
    outer loop
      vertex 8.5313 24.6371 4.2
      vertex 8.6249 25.2681 100
      vertex 8.6249 25.2681 4.2
    endloop
  endfacet
  facet normal -0.989177 0.14673 0
    outer loop
      vertex 8.6249 25.2681 100
      vertex 8.5313 24.6371 4.2
      vertex 8.5313 24.6371 100
    endloop
  endfacet
  facet normal 0.514081 0.857742 -0
    outer loop
      vertex 18.6112 29.4046 4.2
      vertex 18.0641 29.7325 100
      vertex 18.6112 29.4046 100
    endloop
  endfacet
  facet normal 0.514081 0.857742 0
    outer loop
      vertex 18.0641 29.7325 100
      vertex 18.6112 29.4046 4.2
      vertex 18.0641 29.7325 4.2
    endloop
  endfacet
  facet normal -0.970035 0.242963 0
    outer loop
      vertex 8.6249 25.2681 4.2
      vertex 8.77989 25.8869 100
      vertex 8.77989 25.8869 4.2
    endloop
  endfacet
  facet normal -0.970035 0.242963 0
    outer loop
      vertex 8.77989 25.8869 100
      vertex 8.6249 25.2681 4.2
      vertex 8.6249 25.2681 100
    endloop
  endfacet
  facet normal 0.941525 0.336942 0
    outer loop
      vertex 21.2201 25.8869 100
      vertex 21.0052 26.4874 4.2
      vertex 21.0052 26.4874 100
    endloop
  endfacet
  facet normal 0.941525 0.336942 0
    outer loop
      vertex 21.0052 26.4874 4.2
      vertex 21.2201 25.8869 100
      vertex 21.2201 25.8869 4.2
    endloop
  endfacet
  facet normal 0.242978 0.970032 -0
    outer loop
      vertex 16.8869 30.2201 4.2
      vertex 16.2681 30.3751 100
      vertex 16.8869 30.2201 100
    endloop
  endfacet
  facet normal 0.242978 0.970032 0
    outer loop
      vertex 16.2681 30.3751 100
      vertex 16.8869 30.2201 4.2
      vertex 16.2681 30.3751 4.2
    endloop
  endfacet
  facet normal 0.0490697 0.998795 -0
    outer loop
      vertex 15.6371 30.4687 4.2
      vertex 15 30.5 100
      vertex 15.6371 30.4687 100
    endloop
  endfacet
  facet normal 0.0490697 0.998795 0
    outer loop
      vertex 15 30.5 100
      vertex 15.6371 30.4687 4.2
      vertex 15 30.5 4.2
    endloop
  endfacet
  facet normal 0.42748 -0.904025 0
    outer loop
      vertex 17.4874 17.9948 4.2
      vertex 18.0641 18.2675 100
      vertex 17.4874 17.9948 100
    endloop
  endfacet
  facet normal 0.42748 -0.904025 0
    outer loop
      vertex 18.0641 18.2675 100
      vertex 17.4874 17.9948 4.2
      vertex 18.0641 18.2675 4.2
    endloop
  endfacet
  facet normal -0.0490697 0.998795 0
    outer loop
      vertex 15 30.5 4.2
      vertex 14.3629 30.4687 100
      vertex 15 30.5 100
    endloop
  endfacet
  facet normal -0.0490697 0.998795 0
    outer loop
      vertex 14.3629 30.4687 100
      vertex 15 30.5 4.2
      vertex 14.3629 30.4687 4.2
    endloop
  endfacet
  facet normal 0.989177 -0.14673 0
    outer loop
      vertex 21.3751 22.7319 100
      vertex 21.4687 23.3629 4.2
      vertex 21.4687 23.3629 100
    endloop
  endfacet
  facet normal 0.989177 -0.14673 0
    outer loop
      vertex 21.4687 23.3629 4.2
      vertex 21.3751 22.7319 100
      vertex 21.3751 22.7319 4.2
    endloop
  endfacet
  facet normal 0.857742 0.514081 0
    outer loop
      vertex 20.7325 27.0641 100
      vertex 20.4046 27.6112 4.2
      vertex 20.4046 27.6112 100
    endloop
  endfacet
  facet normal 0.857742 0.514081 0
    outer loop
      vertex 20.4046 27.6112 4.2
      vertex 20.7325 27.0641 100
      vertex 20.7325 27.0641 4.2
    endloop
  endfacet
  facet normal -0.671611 0.740904 0
    outer loop
      vertex 10.8764 29.0246 4.2
      vertex 10.4038 28.5962 100
      vertex 10.8764 29.0246 100
    endloop
  endfacet
  facet normal -0.671611 0.740904 0
    outer loop
      vertex 10.4038 28.5962 100
      vertex 10.8764 29.0246 4.2
      vertex 10.4038 28.5962 4.2
    endloop
  endfacet
  facet normal 0.242978 -0.970032 0
    outer loop
      vertex 16.2681 17.6249 4.2
      vertex 16.8869 17.7799 100
      vertex 16.2681 17.6249 100
    endloop
  endfacet
  facet normal 0.242978 -0.970032 0
    outer loop
      vertex 16.8869 17.7799 100
      vertex 16.2681 17.6249 4.2
      vertex 16.8869 17.7799 4.2
    endloop
  endfacet
  facet normal -0.0490697 -0.998795 0
    outer loop
      vertex 14.3629 17.5313 4.2
      vertex 15 17.5 100
      vertex 14.3629 17.5313 100
    endloop
  endfacet
  facet normal -0.0490697 -0.998795 -0
    outer loop
      vertex 15 17.5 100
      vertex 14.3629 17.5313 4.2
      vertex 15 17.5 4.2
    endloop
  endfacet
  facet normal -0.740927 0.671585 0
    outer loop
      vertex 9.97543 28.1236 4.2
      vertex 10.4038 28.5962 100
      vertex 10.4038 28.5962 4.2
    endloop
  endfacet
  facet normal -0.740927 0.671585 0
    outer loop
      vertex 10.4038 28.5962 100
      vertex 9.97543 28.1236 4.2
      vertex 9.97543 28.1236 100
    endloop
  endfacet
  facet normal -0.94153 0.336928 0
    outer loop
      vertex 8.77989 25.8869 4.2
      vertex 8.99478 26.4874 100
      vertex 8.99478 26.4874 4.2
    endloop
  endfacet
  facet normal -0.94153 0.336928 0
    outer loop
      vertex 8.99478 26.4874 100
      vertex 8.77989 25.8869 4.2
      vertex 8.77989 25.8869 100
    endloop
  endfacet
  facet normal 0.904025 -0.42748 0
    outer loop
      vertex 20.7325 20.9359 100
      vertex 21.0052 21.5126 4.2
      vertex 21.0052 21.5126 100
    endloop
  endfacet
  facet normal 0.904025 -0.42748 0
    outer loop
      vertex 21.0052 21.5126 4.2
      vertex 20.7325 20.9359 100
      vertex 20.7325 20.9359 4.2
    endloop
  endfacet
  facet normal 0.0490697 -0.998795 0
    outer loop
      vertex 15 17.5 4.2
      vertex 15.6371 17.5313 100
      vertex 15 17.5 100
    endloop
  endfacet
  facet normal 0.0490697 -0.998795 0
    outer loop
      vertex 15.6371 17.5313 100
      vertex 15 17.5 4.2
      vertex 15.6371 17.5313 4.2
    endloop
  endfacet
  facet normal 0.941525 -0.336942 0
    outer loop
      vertex 21.0052 21.5126 100
      vertex 21.2201 22.1131 4.2
      vertex 21.2201 22.1131 100
    endloop
  endfacet
  facet normal 0.941525 -0.336942 0
    outer loop
      vertex 21.2201 22.1131 4.2
      vertex 21.0052 21.5126 100
      vertex 21.0052 21.5126 4.2
    endloop
  endfacet
  facet normal -0.998795 0.0490697 0
    outer loop
      vertex 8.5 24 4.2
      vertex 8.5313 24.6371 100
      vertex 8.5313 24.6371 4.2
    endloop
  endfacet
  facet normal -0.998795 0.0490697 0
    outer loop
      vertex 8.5313 24.6371 100
      vertex 8.5 24 4.2
      vertex 8.5 24 100
    endloop
  endfacet
  facet normal 0.740904 0.671611 0
    outer loop
      vertex 20.0246 28.1236 100
      vertex 19.5962 28.5962 4.2
      vertex 19.5962 28.5962 100
    endloop
  endfacet
  facet normal 0.740904 0.671611 0
    outer loop
      vertex 19.5962 28.5962 4.2
      vertex 20.0246 28.1236 100
      vertex 20.0246 28.1236 4.2
    endloop
  endfacet
  facet normal 0.595677 -0.803224 0
    outer loop
      vertex 18.6112 18.5954 4.2
      vertex 19.1236 18.9754 100
      vertex 18.6112 18.5954 100
    endloop
  endfacet
  facet normal 0.595677 -0.803224 0
    outer loop
      vertex 19.1236 18.9754 100
      vertex 18.6112 18.5954 4.2
      vertex 19.1236 18.9754 4.2
    endloop
  endfacet
  facet normal 0.857742 -0.514081 0
    outer loop
      vertex 20.4046 20.3888 100
      vertex 20.7325 20.9359 4.2
      vertex 20.7325 20.9359 100
    endloop
  endfacet
  facet normal 0.857742 -0.514081 0
    outer loop
      vertex 20.7325 20.9359 4.2
      vertex 20.4046 20.3888 100
      vertex 20.4046 20.3888 4.2
    endloop
  endfacet
  facet normal -0.857714 0.514127 0
    outer loop
      vertex 9.26751 27.0641 4.2
      vertex 9.59545 27.6112 100
      vertex 9.59545 27.6112 4.2
    endloop
  endfacet
  facet normal -0.857714 0.514127 0
    outer loop
      vertex 9.59545 27.6112 100
      vertex 9.26751 27.0641 4.2
      vertex 9.26751 27.0641 100
    endloop
  endfacet
  facet normal -0.857714 -0.514127 0
    outer loop
      vertex 9.59545 20.3888 4.2
      vertex 9.26751 20.9359 100
      vertex 9.26751 20.9359 4.2
    endloop
  endfacet
  facet normal -0.857714 -0.514127 0
    outer loop
      vertex 9.26751 20.9359 100
      vertex 9.59545 20.3888 4.2
      vertex 9.59545 20.3888 100
    endloop
  endfacet
  facet normal -0.998795 -0.0490697 0
    outer loop
      vertex 8.5313 23.3629 4.2
      vertex 8.5 24 100
      vertex 8.5 24 4.2
    endloop
  endfacet
  facet normal -0.998795 -0.0490697 0
    outer loop
      vertex 8.5 24 100
      vertex 8.5313 23.3629 4.2
      vertex 8.5313 23.3629 100
    endloop
  endfacet
  facet normal -0.14673 -0.989177 0
    outer loop
      vertex 13.7319 17.6249 4.2
      vertex 14.3629 17.5313 100
      vertex 13.7319 17.6249 100
    endloop
  endfacet
  facet normal -0.14673 -0.989177 -0
    outer loop
      vertex 14.3629 17.5313 100
      vertex 13.7319 17.6249 4.2
      vertex 14.3629 17.5313 4.2
    endloop
  endfacet
  facet normal -0.803239 0.595657 0
    outer loop
      vertex 9.59545 27.6112 4.2
      vertex 9.97543 28.1236 100
      vertex 9.97543 28.1236 4.2
    endloop
  endfacet
  facet normal -0.803239 0.595657 0
    outer loop
      vertex 9.97543 28.1236 100
      vertex 9.59545 27.6112 4.2
      vertex 9.59545 27.6112 100
    endloop
  endfacet
  facet normal -0.33733 -0.941386 0
    outer loop
      vertex 132.513 167.995 4.2
      vertex 133.113 167.78 100
      vertex 132.513 167.995 100
    endloop
  endfacet
  facet normal -0.33733 -0.941386 -0
    outer loop
      vertex 133.113 167.78 100
      vertex 132.513 167.995 4.2
      vertex 133.113 167.78 4.2
    endloop
  endfacet
  facet normal -0.595228 0.803557 0
    outer loop
      vertex 131.389 179.405 4.2
      vertex 130.876 179.025 100
      vertex 131.389 179.405 100
    endloop
  endfacet
  facet normal -0.595228 0.803557 0
    outer loop
      vertex 130.876 179.025 100
      vertex 131.389 179.405 4.2
      vertex 130.876 179.025 4.2
    endloop
  endfacet
  facet normal 0.989085 0.147344 0
    outer loop
      vertex 141.469 174.637 100
      vertex 141.375 175.268 4.2
      vertex 141.375 175.268 100
    endloop
  endfacet
  facet normal 0.989085 0.147344 0
    outer loop
      vertex 141.375 175.268 4.2
      vertex 141.469 174.637 100
      vertex 141.469 174.637 4.2
    endloop
  endfacet
  facet normal 0.998818 0.0486081 0
    outer loop
      vertex 141.5 174 100
      vertex 141.469 174.637 4.2
      vertex 141.469 174.637 100
    endloop
  endfacet
  facet normal 0.998818 0.0486081 0
    outer loop
      vertex 141.469 174.637 4.2
      vertex 141.5 174 100
      vertex 141.5 174 4.2
    endloop
  endfacet
  facet normal 0.97005 0.242904 0
    outer loop
      vertex 141.375 175.268 100
      vertex 141.22 175.887 4.2
      vertex 141.22 175.887 100
    endloop
  endfacet
  facet normal 0.97005 0.242904 0
    outer loop
      vertex 141.22 175.887 4.2
      vertex 141.375 175.268 100
      vertex 141.375 175.268 4.2
    endloop
  endfacet
  facet normal 0.147344 0.989085 -0
    outer loop
      vertex 136.268 180.375 4.2
      vertex 135.637 180.469 100
      vertex 136.268 180.375 100
    endloop
  endfacet
  facet normal 0.147344 0.989085 0
    outer loop
      vertex 135.637 180.469 100
      vertex 136.268 180.375 4.2
      vertex 135.637 180.469 4.2
    endloop
  endfacet
  facet normal -0.147344 0.989085 0
    outer loop
      vertex 134.363 180.469 4.2
      vertex 133.732 180.375 100
      vertex 134.363 180.469 100
    endloop
  endfacet
  facet normal -0.147344 0.989085 0
    outer loop
      vertex 133.732 180.375 100
      vertex 134.363 180.469 4.2
      vertex 133.732 180.375 4.2
    endloop
  endfacet
  facet normal 0.803557 0.595228 0
    outer loop
      vertex 140.405 177.611 100
      vertex 140.025 178.124 4.2
      vertex 140.025 178.124 100
    endloop
  endfacet
  facet normal 0.803557 0.595228 0
    outer loop
      vertex 140.025 178.124 4.2
      vertex 140.405 177.611 100
      vertex 140.405 177.611 4.2
    endloop
  endfacet
  facet normal 0.513111 -0.858323 0
    outer loop
      vertex 138.064 168.268 4.2
      vertex 138.611 168.595 100
      vertex 138.064 168.268 100
    endloop
  endfacet
  facet normal 0.513111 -0.858323 0
    outer loop
      vertex 138.611 168.595 100
      vertex 138.064 168.268 4.2
      vertex 138.611 168.595 4.2
    endloop
  endfacet
  facet normal 0.595228 0.803557 -0
    outer loop
      vertex 139.124 179.025 4.2
      vertex 138.611 179.405 100
      vertex 139.124 179.025 100
    endloop
  endfacet
  facet normal 0.595228 0.803557 0
    outer loop
      vertex 138.611 179.405 100
      vertex 139.124 179.025 4.2
      vertex 138.611 179.405 4.2
    endloop
  endfacet
  facet normal 0.998818 -0.0486081 0
    outer loop
      vertex 141.469 173.363 100
      vertex 141.5 174 4.2
      vertex 141.5 174 100
    endloop
  endfacet
  facet normal 0.998818 -0.0486081 0
    outer loop
      vertex 141.5 174 4.2
      vertex 141.469 173.363 100
      vertex 141.469 173.363 4.2
    endloop
  endfacet
  facet normal -0.242904 0.97005 0
    outer loop
      vertex 133.732 180.375 4.2
      vertex 133.113 180.22 100
      vertex 133.732 180.375 100
    endloop
  endfacet
  facet normal -0.242904 0.97005 0
    outer loop
      vertex 133.113 180.22 100
      vertex 133.732 180.375 4.2
      vertex 133.113 180.22 4.2
    endloop
  endfacet
  facet normal 0.427682 0.903929 -0
    outer loop
      vertex 138.064 179.732 4.2
      vertex 137.487 180.005 100
      vertex 138.064 179.732 100
    endloop
  endfacet
  facet normal 0.427682 0.903929 0
    outer loop
      vertex 137.487 180.005 100
      vertex 138.064 179.732 4.2
      vertex 137.487 180.005 4.2
    endloop
  endfacet
  facet normal 0 0 1
    outer loop
      vertex 137.65 174 100
      vertex 141.5 174 100
      vertex 141.469 174.637 100
    endloop
  endfacet
  facet normal 0 0 1
    outer loop
      vertex 137.637 174.26 100
      vertex 141.469 174.637 100
      vertex 141.375 175.268 100
    endloop
  endfacet
  facet normal 0 0 1
    outer loop
      vertex 141.5 174 100
      vertex 137.65 174 100
      vertex 141.469 173.363 100
    endloop
  endfacet
  facet normal 0 0 1
    outer loop
      vertex 137.599 174.517 100
      vertex 141.375 175.268 100
      vertex 141.22 175.887 100
    endloop
  endfacet
  facet normal -0 0 1
    outer loop
      vertex 137.637 173.74 100
      vertex 141.469 173.363 100
      vertex 137.65 174 100
    endloop
  endfacet
  facet normal 0 0 1
    outer loop
      vertex 137.536 174.769 100
      vertex 141.22 175.887 100
      vertex 141.005 176.487 100
    endloop
  endfacet
  facet normal 0 0 1
    outer loop
      vertex 141.469 173.363 100
      vertex 137.637 173.74 100
      vertex 141.375 172.732 100
    endloop
  endfacet
  facet normal 0 0 1
    outer loop
      vertex 137.448 175.014 100
      vertex 141.005 176.487 100
      vertex 140.732 177.064 100
    endloop
  endfacet
  facet normal -0 0 1
    outer loop
      vertex 137.599 173.483 100
      vertex 141.375 172.732 100
      vertex 137.637 173.74 100
    endloop
  endfacet
  facet normal 0 0 1
    outer loop
      vertex 137.337 175.249 100
      vertex 140.732 177.064 100
      vertex 140.405 177.611 100
    endloop
  endfacet
  facet normal 0 0 1
    outer loop
      vertex 141.375 172.732 100
      vertex 137.599 173.483 100
      vertex 141.22 172.113 100
    endloop
  endfacet
  facet normal 0 0 1
    outer loop
      vertex 137.203 175.472 100
      vertex 140.405 177.611 100
      vertex 140.025 178.124 100
    endloop
  endfacet
  facet normal -0 0 1
    outer loop
      vertex 137.536 173.231 100
      vertex 141.22 172.113 100
      vertex 137.599 173.483 100
    endloop
  endfacet
  facet normal 0 0 1
    outer loop
      vertex 137.048 175.681 100
      vertex 140.025 178.124 100
      vertex 139.596 178.596 100
    endloop
  endfacet
  facet normal 0 0 1
    outer loop
      vertex 141.22 172.113 100
      vertex 137.536 173.231 100
      vertex 141.005 171.513 100
    endloop
  endfacet
  facet normal 0 0 1
    outer loop
      vertex 136.874 175.874 100
      vertex 139.596 178.596 100
      vertex 139.124 179.025 100
    endloop
  endfacet
  facet normal -0 0 1
    outer loop
      vertex 137.448 172.986 100
      vertex 141.005 171.513 100
      vertex 137.536 173.231 100
    endloop
  endfacet
  facet normal 0 0 1
    outer loop
      vertex 136.681 176.048 100
      vertex 139.124 179.025 100
      vertex 138.611 179.405 100
    endloop
  endfacet
  facet normal 0 0 1
    outer loop
      vertex 141.005 171.513 100
      vertex 137.448 172.986 100
      vertex 140.732 170.936 100
    endloop
  endfacet
  facet normal 0 0 1
    outer loop
      vertex 136.472 176.203 100
      vertex 138.611 179.405 100
      vertex 138.064 179.732 100
    endloop
  endfacet
  facet normal -0 0 1
    outer loop
      vertex 137.337 172.751 100
      vertex 140.732 170.936 100
      vertex 137.448 172.986 100
    endloop
  endfacet
  facet normal 0 0 1
    outer loop
      vertex 140.732 170.936 100
      vertex 137.337 172.751 100
      vertex 140.405 170.389 100
    endloop
  endfacet
  facet normal 0 0 1
    outer loop
      vertex 141.469 174.637 100
      vertex 137.637 174.26 100
      vertex 137.65 174 100
    endloop
  endfacet
  facet normal 0 0 1
    outer loop
      vertex 141.375 175.268 100
      vertex 137.599 174.517 100
      vertex 137.637 174.26 100
    endloop
  endfacet
  facet normal 0 0 1
    outer loop
      vertex 141.22 175.887 100
      vertex 137.536 174.769 100
      vertex 137.599 174.517 100
    endloop
  endfacet
  facet normal 0 0 1
    outer loop
      vertex 136.249 176.337 100
      vertex 138.064 179.732 100
      vertex 137.487 180.005 100
    endloop
  endfacet
  facet normal 0 0 1
    outer loop
      vertex 141.005 176.487 100
      vertex 137.448 175.014 100
      vertex 137.536 174.769 100
    endloop
  endfacet
  facet normal 0 0 1
    outer loop
      vertex 140.732 177.064 100
      vertex 137.337 175.249 100
      vertex 137.448 175.014 100
    endloop
  endfacet
  facet normal 0 0 1
    outer loop
      vertex 140.405 177.611 100
      vertex 137.203 175.472 100
      vertex 137.337 175.249 100
    endloop
  endfacet
  facet normal 0 0 1
    outer loop
      vertex 140.025 178.124 100
      vertex 137.048 175.681 100
      vertex 137.203 175.472 100
    endloop
  endfacet
  facet normal 0 0 1
    outer loop
      vertex 136.014 176.448 100
      vertex 137.487 180.005 100
      vertex 136.887 180.22 100
    endloop
  endfacet
  facet normal 0 0 1
    outer loop
      vertex 139.596 178.596 100
      vertex 136.874 175.874 100
      vertex 137.048 175.681 100
    endloop
  endfacet
  facet normal 0 0 1
    outer loop
      vertex 139.124 179.025 100
      vertex 136.681 176.048 100
      vertex 136.874 175.874 100
    endloop
  endfacet
  facet normal 0 0 1
    outer loop
      vertex 138.611 179.405 100
      vertex 136.472 176.203 100
      vertex 136.681 176.048 100
    endloop
  endfacet
  facet normal 0 0 1
    outer loop
      vertex 135.769 176.536 100
      vertex 136.887 180.22 100
      vertex 136.268 180.375 100
    endloop
  endfacet
  facet normal 0 0 1
    outer loop
      vertex 138.064 179.732 100
      vertex 136.249 176.337 100
      vertex 136.472 176.203 100
    endloop
  endfacet
  facet normal 0 0 1
    outer loop
      vertex 137.487 180.005 100
      vertex 136.014 176.448 100
      vertex 136.249 176.337 100
    endloop
  endfacet
  facet normal 0 0 1
    outer loop
      vertex 136.887 180.22 100
      vertex 135.769 176.536 100
      vertex 136.014 176.448 100
    endloop
  endfacet
  facet normal 0 0 1
    outer loop
      vertex 135.517 176.599 100
      vertex 136.268 180.375 100
      vertex 135.637 180.469 100
    endloop
  endfacet
  facet normal 0 0 1
    outer loop
      vertex 136.268 180.375 100
      vertex 135.517 176.599 100
      vertex 135.769 176.536 100
    endloop
  endfacet
  facet normal 0 0 1
    outer loop
      vertex 135.637 180.469 100
      vertex 135.26 176.637 100
      vertex 135.517 176.599 100
    endloop
  endfacet
  facet normal 0 0 1
    outer loop
      vertex 135 180.5 100
      vertex 135.26 176.637 100
      vertex 135.637 180.469 100
    endloop
  endfacet
  facet normal 0 0 1
    outer loop
      vertex 135 180.5 100
      vertex 135 176.65 100
      vertex 135.26 176.637 100
    endloop
  endfacet
  facet normal 0 0 1
    outer loop
      vertex 135 180.5 100
      vertex 134.74 176.637 100
      vertex 135 176.65 100
    endloop
  endfacet
  facet normal -0 0 1
    outer loop
      vertex 134.363 180.469 100
      vertex 134.74 176.637 100
      vertex 135 180.5 100
    endloop
  endfacet
  facet normal 0 0 1
    outer loop
      vertex 134.74 176.637 100
      vertex 134.363 180.469 100
      vertex 134.483 176.599 100
    endloop
  endfacet
  facet normal -0 0 1
    outer loop
      vertex 133.732 180.375 100
      vertex 134.483 176.599 100
      vertex 134.363 180.469 100
    endloop
  endfacet
  facet normal 0 0 1
    outer loop
      vertex 134.483 176.599 100
      vertex 133.732 180.375 100
      vertex 134.231 176.536 100
    endloop
  endfacet
  facet normal -0 0 1
    outer loop
      vertex 133.113 180.22 100
      vertex 134.231 176.536 100
      vertex 133.732 180.375 100
    endloop
  endfacet
  facet normal 0 0 1
    outer loop
      vertex 134.231 176.536 100
      vertex 133.113 180.22 100
      vertex 133.986 176.448 100
    endloop
  endfacet
  facet normal -0 0 1
    outer loop
      vertex 132.513 180.005 100
      vertex 133.986 176.448 100
      vertex 133.113 180.22 100
    endloop
  endfacet
  facet normal 0 0 1
    outer loop
      vertex 133.986 176.448 100
      vertex 132.513 180.005 100
      vertex 133.751 176.337 100
    endloop
  endfacet
  facet normal -0 0 1
    outer loop
      vertex 131.936 179.732 100
      vertex 133.751 176.337 100
      vertex 132.513 180.005 100
    endloop
  endfacet
  facet normal 0 0 1
    outer loop
      vertex 133.751 176.337 100
      vertex 131.936 179.732 100
      vertex 133.528 176.203 100
    endloop
  endfacet
  facet normal -0 0 1
    outer loop
      vertex 131.389 179.405 100
      vertex 133.528 176.203 100
      vertex 131.936 179.732 100
    endloop
  endfacet
  facet normal 0 0 1
    outer loop
      vertex 133.528 176.203 100
      vertex 131.389 179.405 100
      vertex 133.319 176.048 100
    endloop
  endfacet
  facet normal -0 0 1
    outer loop
      vertex 130.876 179.025 100
      vertex 133.319 176.048 100
      vertex 131.389 179.405 100
    endloop
  endfacet
  facet normal 0 0 1
    outer loop
      vertex 133.319 176.048 100
      vertex 130.876 179.025 100
      vertex 133.126 175.874 100
    endloop
  endfacet
  facet normal -0 0 1
    outer loop
      vertex 130.404 178.596 100
      vertex 133.126 175.874 100
      vertex 130.876 179.025 100
    endloop
  endfacet
  facet normal 0 0 1
    outer loop
      vertex 133.126 175.874 100
      vertex 130.404 178.596 100
      vertex 132.952 175.681 100
    endloop
  endfacet
  facet normal -0 0 1
    outer loop
      vertex 129.975 178.124 100
      vertex 132.952 175.681 100
      vertex 130.404 178.596 100
    endloop
  endfacet
  facet normal 0 0 1
    outer loop
      vertex 132.952 175.681 100
      vertex 129.975 178.124 100
      vertex 132.797 175.472 100
    endloop
  endfacet
  facet normal -0 0 1
    outer loop
      vertex 129.595 177.611 100
      vertex 132.797 175.472 100
      vertex 129.975 178.124 100
    endloop
  endfacet
  facet normal 0 0 1
    outer loop
      vertex 132.797 175.472 100
      vertex 129.595 177.611 100
      vertex 132.663 175.249 100
    endloop
  endfacet
  facet normal -0 0 1
    outer loop
      vertex 137.203 172.528 100
      vertex 140.405 170.389 100
      vertex 137.337 172.751 100
    endloop
  endfacet
  facet normal 0 0 1
    outer loop
      vertex 140.405 170.389 100
      vertex 137.203 172.528 100
      vertex 140.025 169.876 100
    endloop
  endfacet
  facet normal -0 0 1
    outer loop
      vertex 137.048 172.319 100
      vertex 140.025 169.876 100
      vertex 137.203 172.528 100
    endloop
  endfacet
  facet normal 0 0 1
    outer loop
      vertex 140.025 169.876 100
      vertex 137.048 172.319 100
      vertex 139.596 169.404 100
    endloop
  endfacet
  facet normal -0 0 1
    outer loop
      vertex 136.874 172.126 100
      vertex 139.596 169.404 100
      vertex 137.048 172.319 100
    endloop
  endfacet
  facet normal 0 0 1
    outer loop
      vertex 139.596 169.404 100
      vertex 136.874 172.126 100
      vertex 139.124 168.975 100
    endloop
  endfacet
  facet normal -0 0 1
    outer loop
      vertex 136.681 171.952 100
      vertex 139.124 168.975 100
      vertex 136.874 172.126 100
    endloop
  endfacet
  facet normal 0 0 1
    outer loop
      vertex 139.124 168.975 100
      vertex 136.681 171.952 100
      vertex 138.611 168.595 100
    endloop
  endfacet
  facet normal -0 0 1
    outer loop
      vertex 136.472 171.797 100
      vertex 138.611 168.595 100
      vertex 136.681 171.952 100
    endloop
  endfacet
  facet normal 0 0 1
    outer loop
      vertex 138.611 168.595 100
      vertex 136.472 171.797 100
      vertex 138.064 168.268 100
    endloop
  endfacet
  facet normal -0 0 1
    outer loop
      vertex 136.249 171.663 100
      vertex 138.064 168.268 100
      vertex 136.472 171.797 100
    endloop
  endfacet
  facet normal 0 0 1
    outer loop
      vertex 138.064 168.268 100
      vertex 136.249 171.663 100
      vertex 137.487 167.995 100
    endloop
  endfacet
  facet normal -0 0 1
    outer loop
      vertex 136.014 171.552 100
      vertex 137.487 167.995 100
      vertex 136.249 171.663 100
    endloop
  endfacet
  facet normal 0 0 1
    outer loop
      vertex 137.487 167.995 100
      vertex 136.014 171.552 100
      vertex 136.887 167.78 100
    endloop
  endfacet
  facet normal -0 0 1
    outer loop
      vertex 135.769 171.464 100
      vertex 136.887 167.78 100
      vertex 136.014 171.552 100
    endloop
  endfacet
  facet normal 0 0 1
    outer loop
      vertex 136.887 167.78 100
      vertex 135.769 171.464 100
      vertex 136.268 167.625 100
    endloop
  endfacet
  facet normal -0 0 1
    outer loop
      vertex 135.517 171.401 100
      vertex 136.268 167.625 100
      vertex 135.769 171.464 100
    endloop
  endfacet
  facet normal 0 0 1
    outer loop
      vertex 136.268 167.625 100
      vertex 135.517 171.401 100
      vertex 135.637 167.531 100
    endloop
  endfacet
  facet normal -0 0 1
    outer loop
      vertex 135.26 171.363 100
      vertex 135.637 167.531 100
      vertex 135.517 171.401 100
    endloop
  endfacet
  facet normal -0 0 1
    outer loop
      vertex 135 171.35 100
      vertex 135.637 167.531 100
      vertex 135.26 171.363 100
    endloop
  endfacet
  facet normal 0 0 1
    outer loop
      vertex 135 171.35 100
      vertex 135 167.5 100
      vertex 135.637 167.531 100
    endloop
  endfacet
  facet normal 0 0 1
    outer loop
      vertex 134.74 171.363 100
      vertex 135 167.5 100
      vertex 135 171.35 100
    endloop
  endfacet
  facet normal 0 0 1
    outer loop
      vertex 134.363 167.531 100
      vertex 134.74 171.363 100
      vertex 134.483 171.401 100
    endloop
  endfacet
  facet normal 0 0 1
    outer loop
      vertex 134.74 171.363 100
      vertex 134.363 167.531 100
      vertex 135 167.5 100
    endloop
  endfacet
  facet normal 0 0 1
    outer loop
      vertex 133.732 167.625 100
      vertex 134.483 171.401 100
      vertex 134.231 171.464 100
    endloop
  endfacet
  facet normal 0 0 1
    outer loop
      vertex 133.113 167.78 100
      vertex 134.231 171.464 100
      vertex 133.986 171.552 100
    endloop
  endfacet
  facet normal 0 0 1
    outer loop
      vertex 132.513 167.995 100
      vertex 133.986 171.552 100
      vertex 133.751 171.663 100
    endloop
  endfacet
  facet normal 0 0 1
    outer loop
      vertex 134.483 171.401 100
      vertex 133.732 167.625 100
      vertex 134.363 167.531 100
    endloop
  endfacet
  facet normal 0 0 1
    outer loop
      vertex 131.936 168.268 100
      vertex 133.751 171.663 100
      vertex 133.528 171.797 100
    endloop
  endfacet
  facet normal 0 0 1
    outer loop
      vertex 131.389 168.595 100
      vertex 133.528 171.797 100
      vertex 133.319 171.952 100
    endloop
  endfacet
  facet normal 0 0 1
    outer loop
      vertex 130.876 168.975 100
      vertex 133.319 171.952 100
      vertex 133.126 172.126 100
    endloop
  endfacet
  facet normal 0 0 1
    outer loop
      vertex 134.231 171.464 100
      vertex 133.113 167.78 100
      vertex 133.732 167.625 100
    endloop
  endfacet
  facet normal 0 0 1
    outer loop
      vertex 130.404 169.404 100
      vertex 133.126 172.126 100
      vertex 132.952 172.319 100
    endloop
  endfacet
  facet normal 0 0 1
    outer loop
      vertex 129.975 169.876 100
      vertex 132.952 172.319 100
      vertex 132.797 172.528 100
    endloop
  endfacet
  facet normal 0 0 1
    outer loop
      vertex 129.595 170.389 100
      vertex 132.797 172.528 100
      vertex 132.663 172.751 100
    endloop
  endfacet
  facet normal 0 0 1
    outer loop
      vertex 129.268 170.936 100
      vertex 132.663 172.751 100
      vertex 132.552 172.986 100
    endloop
  endfacet
  facet normal 0 0 1
    outer loop
      vertex 133.986 171.552 100
      vertex 132.513 167.995 100
      vertex 133.113 167.78 100
    endloop
  endfacet
  facet normal 0 0 1
    outer loop
      vertex 128.995 171.513 100
      vertex 132.552 172.986 100
      vertex 132.464 173.231 100
    endloop
  endfacet
  facet normal 0 0 1
    outer loop
      vertex 128.78 172.113 100
      vertex 132.464 173.231 100
      vertex 132.401 173.483 100
    endloop
  endfacet
  facet normal 0 0 1
    outer loop
      vertex 128.625 172.732 100
      vertex 132.401 173.483 100
      vertex 132.363 173.74 100
    endloop
  endfacet
  facet normal 0 0 1
    outer loop
      vertex 128.531 173.363 100
      vertex 132.363 173.74 100
      vertex 132.35 174 100
    endloop
  endfacet
  facet normal -0 0 1
    outer loop
      vertex 129.268 177.064 100
      vertex 132.663 175.249 100
      vertex 129.595 177.611 100
    endloop
  endfacet
  facet normal 0 0 1
    outer loop
      vertex 133.751 171.663 100
      vertex 131.936 168.268 100
      vertex 132.513 167.995 100
    endloop
  endfacet
  facet normal 0 0 1
    outer loop
      vertex 132.663 175.249 100
      vertex 129.268 177.064 100
      vertex 132.552 175.014 100
    endloop
  endfacet
  facet normal 0 0 1
    outer loop
      vertex 133.528 171.797 100
      vertex 131.389 168.595 100
      vertex 131.936 168.268 100
    endloop
  endfacet
  facet normal -0 0 1
    outer loop
      vertex 128.995 176.487 100
      vertex 132.552 175.014 100
      vertex 129.268 177.064 100
    endloop
  endfacet
  facet normal 0 0 1
    outer loop
      vertex 133.319 171.952 100
      vertex 130.876 168.975 100
      vertex 131.389 168.595 100
    endloop
  endfacet
  facet normal 0 0 1
    outer loop
      vertex 132.552 175.014 100
      vertex 128.995 176.487 100
      vertex 132.464 174.769 100
    endloop
  endfacet
  facet normal 0 0 1
    outer loop
      vertex 133.126 172.126 100
      vertex 130.404 169.404 100
      vertex 130.876 168.975 100
    endloop
  endfacet
  facet normal -0 0 1
    outer loop
      vertex 128.78 175.887 100
      vertex 132.464 174.769 100
      vertex 128.995 176.487 100
    endloop
  endfacet
  facet normal 0 0 1
    outer loop
      vertex 132.952 172.319 100
      vertex 129.975 169.876 100
      vertex 130.404 169.404 100
    endloop
  endfacet
  facet normal 0 0 1
    outer loop
      vertex 132.464 174.769 100
      vertex 128.78 175.887 100
      vertex 132.401 174.517 100
    endloop
  endfacet
  facet normal 0 0 1
    outer loop
      vertex 132.797 172.528 100
      vertex 129.595 170.389 100
      vertex 129.975 169.876 100
    endloop
  endfacet
  facet normal -0 0 1
    outer loop
      vertex 128.625 175.268 100
      vertex 132.401 174.517 100
      vertex 128.78 175.887 100
    endloop
  endfacet
  facet normal 0 0 1
    outer loop
      vertex 132.663 172.751 100
      vertex 129.268 170.936 100
      vertex 129.595 170.389 100
    endloop
  endfacet
  facet normal 0 0 1
    outer loop
      vertex 132.401 174.517 100
      vertex 128.625 175.268 100
      vertex 132.363 174.26 100
    endloop
  endfacet
  facet normal 0 0 1
    outer loop
      vertex 132.552 172.986 100
      vertex 128.995 171.513 100
      vertex 129.268 170.936 100
    endloop
  endfacet
  facet normal -0 0 1
    outer loop
      vertex 128.531 174.637 100
      vertex 132.363 174.26 100
      vertex 128.625 175.268 100
    endloop
  endfacet
  facet normal 0 0 1
    outer loop
      vertex 132.464 173.231 100
      vertex 128.78 172.113 100
      vertex 128.995 171.513 100
    endloop
  endfacet
  facet normal 0 0 1
    outer loop
      vertex 132.363 174.26 100
      vertex 128.531 174.637 100
      vertex 132.35 174 100
    endloop
  endfacet
  facet normal 0 0 1
    outer loop
      vertex 132.401 173.483 100
      vertex 128.625 172.732 100
      vertex 128.78 172.113 100
    endloop
  endfacet
  facet normal 0 0 1
    outer loop
      vertex 128.5 174 100
      vertex 132.35 174 100
      vertex 128.531 174.637 100
    endloop
  endfacet
  facet normal 0 0 1
    outer loop
      vertex 132.363 173.74 100
      vertex 128.531 173.363 100
      vertex 128.625 172.732 100
    endloop
  endfacet
  facet normal 0 0 1
    outer loop
      vertex 132.35 174 100
      vertex 128.5 174 100
      vertex 128.531 173.363 100
    endloop
  endfacet
  facet normal -0.242904 -0.97005 0
    outer loop
      vertex 133.113 167.78 4.2
      vertex 133.732 167.625 100
      vertex 133.113 167.78 100
    endloop
  endfacet
  facet normal -0.242904 -0.97005 -0
    outer loop
      vertex 133.732 167.625 100
      vertex 133.113 167.78 4.2
      vertex 133.732 167.625 4.2
    endloop
  endfacet
  facet normal -0.989085 -0.147344 0
    outer loop
      vertex 128.625 172.732 4.2
      vertex 128.531 173.363 100
      vertex 128.531 173.363 4.2
    endloop
  endfacet
  facet normal -0.989085 -0.147344 0
    outer loop
      vertex 128.531 173.363 100
      vertex 128.625 172.732 4.2
      vertex 128.625 172.732 100
    endloop
  endfacet
  facet normal 0.672595 -0.740011 0
    outer loop
      vertex 139.124 168.975 4.2
      vertex 139.596 169.404 100
      vertex 139.124 168.975 100
    endloop
  endfacet
  facet normal 0.672595 -0.740011 0
    outer loop
      vertex 139.596 169.404 100
      vertex 139.124 168.975 4.2
      vertex 139.596 169.404 4.2
    endloop
  endfacet
  facet normal -0.427682 0.903929 0
    outer loop
      vertex 132.513 180.005 4.2
      vertex 131.936 179.732 100
      vertex 132.513 180.005 100
    endloop
  endfacet
  facet normal -0.427682 0.903929 0
    outer loop
      vertex 131.936 179.732 100
      vertex 132.513 180.005 4.2
      vertex 131.936 179.732 4.2
    endloop
  endfacet
  facet normal 0.33733 -0.941386 0
    outer loop
      vertex 136.887 167.78 4.2
      vertex 137.487 167.995 100
      vertex 136.887 167.78 100
    endloop
  endfacet
  facet normal 0.33733 -0.941386 0
    outer loop
      vertex 137.487 167.995 100
      vertex 136.887 167.78 4.2
      vertex 137.487 167.995 4.2
    endloop
  endfacet
  facet normal -0.903929 0.427682 0
    outer loop
      vertex 128.995 176.487 4.2
      vertex 129.268 177.064 100
      vertex 129.268 177.064 4.2
    endloop
  endfacet
  facet normal -0.903929 0.427682 0
    outer loop
      vertex 129.268 177.064 100
      vertex 128.995 176.487 4.2
      vertex 128.995 176.487 100
    endloop
  endfacet
  facet normal -0.803557 -0.595228 0
    outer loop
      vertex 129.975 169.876 4.2
      vertex 129.595 170.389 100
      vertex 129.595 170.389 4.2
    endloop
  endfacet
  facet normal -0.803557 -0.595228 0
    outer loop
      vertex 129.595 170.389 100
      vertex 129.975 169.876 4.2
      vertex 129.975 169.876 100
    endloop
  endfacet
  facet normal -0.513111 -0.858323 0
    outer loop
      vertex 131.389 168.595 4.2
      vertex 131.936 168.268 100
      vertex 131.389 168.595 100
    endloop
  endfacet
  facet normal -0.513111 -0.858323 -0
    outer loop
      vertex 131.936 168.268 100
      vertex 131.389 168.595 4.2
      vertex 131.936 168.268 4.2
    endloop
  endfacet
  facet normal 0.803557 -0.595228 0
    outer loop
      vertex 140.025 169.876 100
      vertex 140.405 170.389 4.2
      vertex 140.405 170.389 100
    endloop
  endfacet
  facet normal 0.803557 -0.595228 0
    outer loop
      vertex 140.405 170.389 4.2
      vertex 140.025 169.876 100
      vertex 140.025 169.876 4.2
    endloop
  endfacet
  facet normal -0.513111 0.858323 0
    outer loop
      vertex 131.936 179.732 4.2
      vertex 131.389 179.405 100
      vertex 131.936 179.732 100
    endloop
  endfacet
  facet normal -0.513111 0.858323 0
    outer loop
      vertex 131.389 179.405 100
      vertex 131.936 179.732 4.2
      vertex 131.389 179.405 4.2
    endloop
  endfacet
  facet normal -0.427682 -0.903929 0
    outer loop
      vertex 131.936 168.268 4.2
      vertex 132.513 167.995 100
      vertex 131.936 168.268 100
    endloop
  endfacet
  facet normal -0.427682 -0.903929 -0
    outer loop
      vertex 132.513 167.995 100
      vertex 131.936 168.268 4.2
      vertex 132.513 167.995 4.2
    endloop
  endfacet
  facet normal -0.595228 -0.803557 0
    outer loop
      vertex 130.876 168.975 4.2
      vertex 131.389 168.595 100
      vertex 130.876 168.975 100
    endloop
  endfacet
  facet normal -0.595228 -0.803557 -0
    outer loop
      vertex 131.389 168.595 100
      vertex 130.876 168.975 4.2
      vertex 131.389 168.595 4.2
    endloop
  endfacet
  facet normal 0.33733 0.941386 -0
    outer loop
      vertex 137.487 180.005 4.2
      vertex 136.887 180.22 100
      vertex 137.487 180.005 100
    endloop
  endfacet
  facet normal 0.33733 0.941386 0
    outer loop
      vertex 136.887 180.22 100
      vertex 137.487 180.005 4.2
      vertex 136.887 180.22 4.2
    endloop
  endfacet
  facet normal -0.740011 -0.672595 0
    outer loop
      vertex 130.404 169.404 4.2
      vertex 129.975 169.876 100
      vertex 129.975 169.876 4.2
    endloop
  endfacet
  facet normal -0.740011 -0.672595 0
    outer loop
      vertex 129.975 169.876 100
      vertex 130.404 169.404 4.2
      vertex 130.404 169.404 100
    endloop
  endfacet
  facet normal -0.33733 0.941386 0
    outer loop
      vertex 133.113 180.22 4.2
      vertex 132.513 180.005 100
      vertex 133.113 180.22 100
    endloop
  endfacet
  facet normal -0.33733 0.941386 0
    outer loop
      vertex 132.513 180.005 100
      vertex 133.113 180.22 4.2
      vertex 132.513 180.005 4.2
    endloop
  endfacet
  facet normal -0.903929 -0.427682 0
    outer loop
      vertex 129.268 170.936 4.2
      vertex 128.995 171.513 100
      vertex 128.995 171.513 4.2
    endloop
  endfacet
  facet normal -0.903929 -0.427682 0
    outer loop
      vertex 128.995 171.513 100
      vertex 129.268 170.936 4.2
      vertex 129.268 170.936 100
    endloop
  endfacet
  facet normal -0.941386 -0.33733 0
    outer loop
      vertex 128.995 171.513 4.2
      vertex 128.78 172.113 100
      vertex 128.78 172.113 4.2
    endloop
  endfacet
  facet normal -0.941386 -0.33733 0
    outer loop
      vertex 128.78 172.113 100
      vertex 128.995 171.513 4.2
      vertex 128.995 171.513 100
    endloop
  endfacet
  facet normal 0.903929 0.427682 0
    outer loop
      vertex 141.005 176.487 100
      vertex 140.732 177.064 4.2
      vertex 140.732 177.064 100
    endloop
  endfacet
  facet normal 0.903929 0.427682 0
    outer loop
      vertex 140.732 177.064 4.2
      vertex 141.005 176.487 100
      vertex 141.005 176.487 4.2
    endloop
  endfacet
  facet normal -0.97005 -0.242904 0
    outer loop
      vertex 128.78 172.113 4.2
      vertex 128.625 172.732 100
      vertex 128.625 172.732 4.2
    endloop
  endfacet
  facet normal -0.97005 -0.242904 0
    outer loop
      vertex 128.625 172.732 100
      vertex 128.78 172.113 4.2
      vertex 128.78 172.113 100
    endloop
  endfacet
  facet normal 0.672595 0.740011 -0
    outer loop
      vertex 139.596 178.596 4.2
      vertex 139.124 179.025 100
      vertex 139.596 178.596 100
    endloop
  endfacet
  facet normal 0.672595 0.740011 0
    outer loop
      vertex 139.124 179.025 100
      vertex 139.596 178.596 4.2
      vertex 139.124 179.025 4.2
    endloop
  endfacet
  facet normal -0.672595 -0.740011 0
    outer loop
      vertex 130.404 169.404 4.2
      vertex 130.876 168.975 100
      vertex 130.404 169.404 100
    endloop
  endfacet
  facet normal -0.672595 -0.740011 -0
    outer loop
      vertex 130.876 168.975 100
      vertex 130.404 169.404 4.2
      vertex 130.876 168.975 4.2
    endloop
  endfacet
  facet normal 0.97005 -0.242904 0
    outer loop
      vertex 141.22 172.113 100
      vertex 141.375 172.732 4.2
      vertex 141.375 172.732 100
    endloop
  endfacet
  facet normal 0.97005 -0.242904 0
    outer loop
      vertex 141.375 172.732 4.2
      vertex 141.22 172.113 100
      vertex 141.22 172.113 4.2
    endloop
  endfacet
  facet normal 0.740011 -0.672595 0
    outer loop
      vertex 139.596 169.404 100
      vertex 140.025 169.876 4.2
      vertex 140.025 169.876 100
    endloop
  endfacet
  facet normal 0.740011 -0.672595 0
    outer loop
      vertex 140.025 169.876 4.2
      vertex 139.596 169.404 100
      vertex 139.596 169.404 4.2
    endloop
  endfacet
  facet normal 0.147344 -0.989085 0
    outer loop
      vertex 135.637 167.531 4.2
      vertex 136.268 167.625 100
      vertex 135.637 167.531 100
    endloop
  endfacet
  facet normal 0.147344 -0.989085 0
    outer loop
      vertex 136.268 167.625 100
      vertex 135.637 167.531 4.2
      vertex 136.268 167.625 4.2
    endloop
  endfacet
  facet normal -0.989085 0.147344 0
    outer loop
      vertex 128.531 174.637 4.2
      vertex 128.625 175.268 100
      vertex 128.625 175.268 4.2
    endloop
  endfacet
  facet normal -0.989085 0.147344 0
    outer loop
      vertex 128.625 175.268 100
      vertex 128.531 174.637 4.2
      vertex 128.531 174.637 100
    endloop
  endfacet
  facet normal 0.513111 0.858323 -0
    outer loop
      vertex 138.611 179.405 4.2
      vertex 138.064 179.732 100
      vertex 138.611 179.405 100
    endloop
  endfacet
  facet normal 0.513111 0.858323 0
    outer loop
      vertex 138.064 179.732 100
      vertex 138.611 179.405 4.2
      vertex 138.064 179.732 4.2
    endloop
  endfacet
  facet normal -0.97005 0.242904 0
    outer loop
      vertex 128.625 175.268 4.2
      vertex 128.78 175.887 100
      vertex 128.78 175.887 4.2
    endloop
  endfacet
  facet normal -0.97005 0.242904 0
    outer loop
      vertex 128.78 175.887 100
      vertex 128.625 175.268 4.2
      vertex 128.625 175.268 100
    endloop
  endfacet
  facet normal 0.941386 0.33733 0
    outer loop
      vertex 141.22 175.887 100
      vertex 141.005 176.487 4.2
      vertex 141.005 176.487 100
    endloop
  endfacet
  facet normal 0.941386 0.33733 0
    outer loop
      vertex 141.005 176.487 4.2
      vertex 141.22 175.887 100
      vertex 141.22 175.887 4.2
    endloop
  endfacet
  facet normal 0.242904 0.97005 -0
    outer loop
      vertex 136.887 180.22 4.2
      vertex 136.268 180.375 100
      vertex 136.887 180.22 100
    endloop
  endfacet
  facet normal 0.242904 0.97005 0
    outer loop
      vertex 136.268 180.375 100
      vertex 136.887 180.22 4.2
      vertex 136.268 180.375 4.2
    endloop
  endfacet
  facet normal 0.0486081 0.998818 -0
    outer loop
      vertex 135.637 180.469 4.2
      vertex 135 180.5 100
      vertex 135.637 180.469 100
    endloop
  endfacet
  facet normal 0.0486081 0.998818 0
    outer loop
      vertex 135 180.5 100
      vertex 135.637 180.469 4.2
      vertex 135 180.5 4.2
    endloop
  endfacet
  facet normal 0.427682 -0.903929 0
    outer loop
      vertex 137.487 167.995 4.2
      vertex 138.064 168.268 100
      vertex 137.487 167.995 100
    endloop
  endfacet
  facet normal 0.427682 -0.903929 0
    outer loop
      vertex 138.064 168.268 100
      vertex 137.487 167.995 4.2
      vertex 138.064 168.268 4.2
    endloop
  endfacet
  facet normal -0.0486081 0.998818 0
    outer loop
      vertex 135 180.5 4.2
      vertex 134.363 180.469 100
      vertex 135 180.5 100
    endloop
  endfacet
  facet normal -0.0486081 0.998818 0
    outer loop
      vertex 134.363 180.469 100
      vertex 135 180.5 4.2
      vertex 134.363 180.469 4.2
    endloop
  endfacet
  facet normal 0.989085 -0.147344 0
    outer loop
      vertex 141.375 172.732 100
      vertex 141.469 173.363 4.2
      vertex 141.469 173.363 100
    endloop
  endfacet
  facet normal 0.989085 -0.147344 0
    outer loop
      vertex 141.469 173.363 4.2
      vertex 141.375 172.732 100
      vertex 141.375 172.732 4.2
    endloop
  endfacet
  facet normal 0.858323 0.513111 0
    outer loop
      vertex 140.732 177.064 100
      vertex 140.405 177.611 4.2
      vertex 140.405 177.611 100
    endloop
  endfacet
  facet normal 0.858323 0.513111 0
    outer loop
      vertex 140.405 177.611 4.2
      vertex 140.732 177.064 100
      vertex 140.732 177.064 4.2
    endloop
  endfacet
  facet normal -0.672595 0.740011 0
    outer loop
      vertex 130.876 179.025 4.2
      vertex 130.404 178.596 100
      vertex 130.876 179.025 100
    endloop
  endfacet
  facet normal -0.672595 0.740011 0
    outer loop
      vertex 130.404 178.596 100
      vertex 130.876 179.025 4.2
      vertex 130.404 178.596 4.2
    endloop
  endfacet
  facet normal 0.242904 -0.97005 0
    outer loop
      vertex 136.268 167.625 4.2
      vertex 136.887 167.78 100
      vertex 136.268 167.625 100
    endloop
  endfacet
  facet normal 0.242904 -0.97005 0
    outer loop
      vertex 136.887 167.78 100
      vertex 136.268 167.625 4.2
      vertex 136.887 167.78 4.2
    endloop
  endfacet
  facet normal -0.0486081 -0.998818 0
    outer loop
      vertex 134.363 167.531 4.2
      vertex 135 167.5 100
      vertex 134.363 167.531 100
    endloop
  endfacet
  facet normal -0.0486081 -0.998818 -0
    outer loop
      vertex 135 167.5 100
      vertex 134.363 167.531 4.2
      vertex 135 167.5 4.2
    endloop
  endfacet
  facet normal -0.740011 0.672595 0
    outer loop
      vertex 129.975 178.124 4.2
      vertex 130.404 178.596 100
      vertex 130.404 178.596 4.2
    endloop
  endfacet
  facet normal -0.740011 0.672595 0
    outer loop
      vertex 130.404 178.596 100
      vertex 129.975 178.124 4.2
      vertex 129.975 178.124 100
    endloop
  endfacet
  facet normal -0.941386 0.33733 0
    outer loop
      vertex 128.78 175.887 4.2
      vertex 128.995 176.487 100
      vertex 128.995 176.487 4.2
    endloop
  endfacet
  facet normal -0.941386 0.33733 0
    outer loop
      vertex 128.995 176.487 100
      vertex 128.78 175.887 4.2
      vertex 128.78 175.887 100
    endloop
  endfacet
  facet normal 0.903929 -0.427682 0
    outer loop
      vertex 140.732 170.936 100
      vertex 141.005 171.513 4.2
      vertex 141.005 171.513 100
    endloop
  endfacet
  facet normal 0.903929 -0.427682 0
    outer loop
      vertex 141.005 171.513 4.2
      vertex 140.732 170.936 100
      vertex 140.732 170.936 4.2
    endloop
  endfacet
  facet normal 0.0486081 -0.998818 0
    outer loop
      vertex 135 167.5 4.2
      vertex 135.637 167.531 100
      vertex 135 167.5 100
    endloop
  endfacet
  facet normal 0.0486081 -0.998818 0
    outer loop
      vertex 135.637 167.531 100
      vertex 135 167.5 4.2
      vertex 135.637 167.531 4.2
    endloop
  endfacet
  facet normal 0.941386 -0.33733 0
    outer loop
      vertex 141.005 171.513 100
      vertex 141.22 172.113 4.2
      vertex 141.22 172.113 100
    endloop
  endfacet
  facet normal 0.941386 -0.33733 0
    outer loop
      vertex 141.22 172.113 4.2
      vertex 141.005 171.513 100
      vertex 141.005 171.513 4.2
    endloop
  endfacet
  facet normal -0.998818 0.0486081 0
    outer loop
      vertex 128.5 174 4.2
      vertex 128.531 174.637 100
      vertex 128.531 174.637 4.2
    endloop
  endfacet
  facet normal -0.998818 0.0486081 0
    outer loop
      vertex 128.531 174.637 100
      vertex 128.5 174 4.2
      vertex 128.5 174 100
    endloop
  endfacet
  facet normal 0.740011 0.672595 0
    outer loop
      vertex 140.025 178.124 100
      vertex 139.596 178.596 4.2
      vertex 139.596 178.596 100
    endloop
  endfacet
  facet normal 0.740011 0.672595 0
    outer loop
      vertex 139.596 178.596 4.2
      vertex 140.025 178.124 100
      vertex 140.025 178.124 4.2
    endloop
  endfacet
  facet normal 0.595228 -0.803557 0
    outer loop
      vertex 138.611 168.595 4.2
      vertex 139.124 168.975 100
      vertex 138.611 168.595 100
    endloop
  endfacet
  facet normal 0.595228 -0.803557 0
    outer loop
      vertex 139.124 168.975 100
      vertex 138.611 168.595 4.2
      vertex 139.124 168.975 4.2
    endloop
  endfacet
  facet normal 0.858323 -0.513111 0
    outer loop
      vertex 140.405 170.389 100
      vertex 140.732 170.936 4.2
      vertex 140.732 170.936 100
    endloop
  endfacet
  facet normal 0.858323 -0.513111 0
    outer loop
      vertex 140.732 170.936 4.2
      vertex 140.405 170.389 100
      vertex 140.405 170.389 4.2
    endloop
  endfacet
  facet normal -0.858323 0.513111 0
    outer loop
      vertex 129.268 177.064 4.2
      vertex 129.595 177.611 100
      vertex 129.595 177.611 4.2
    endloop
  endfacet
  facet normal -0.858323 0.513111 0
    outer loop
      vertex 129.595 177.611 100
      vertex 129.268 177.064 4.2
      vertex 129.268 177.064 100
    endloop
  endfacet
  facet normal -0.858323 -0.513111 0
    outer loop
      vertex 129.595 170.389 4.2
      vertex 129.268 170.936 100
      vertex 129.268 170.936 4.2
    endloop
  endfacet
  facet normal -0.858323 -0.513111 0
    outer loop
      vertex 129.268 170.936 100
      vertex 129.595 170.389 4.2
      vertex 129.595 170.389 100
    endloop
  endfacet
  facet normal -0.998818 -0.0486081 0
    outer loop
      vertex 128.531 173.363 4.2
      vertex 128.5 174 100
      vertex 128.5 174 4.2
    endloop
  endfacet
  facet normal -0.998818 -0.0486081 0
    outer loop
      vertex 128.5 174 100
      vertex 128.531 173.363 4.2
      vertex 128.531 173.363 100
    endloop
  endfacet
  facet normal -0.147344 -0.989085 0
    outer loop
      vertex 133.732 167.625 4.2
      vertex 134.363 167.531 100
      vertex 133.732 167.625 100
    endloop
  endfacet
  facet normal -0.147344 -0.989085 -0
    outer loop
      vertex 134.363 167.531 100
      vertex 133.732 167.625 4.2
      vertex 134.363 167.531 4.2
    endloop
  endfacet
  facet normal -0.803557 0.595228 0
    outer loop
      vertex 129.595 177.611 4.2
      vertex 129.975 178.124 100
      vertex 129.975 178.124 4.2
    endloop
  endfacet
  facet normal -0.803557 0.595228 0
    outer loop
      vertex 129.975 178.124 100
      vertex 129.595 177.611 4.2
      vertex 129.595 177.611 100
    endloop
  endfacet
  facet normal -0.337191 -0.941436 0
    outer loop
      vertex 132.513 17.9948 4.2
      vertex 133.113 17.7799 100
      vertex 132.513 17.9948 100
    endloop
  endfacet
  facet normal -0.337191 -0.941436 -0
    outer loop
      vertex 133.113 17.7799 100
      vertex 132.513 17.9948 4.2
      vertex 133.113 17.7799 4.2
    endloop
  endfacet
  facet normal -0.595228 0.803557 0
    outer loop
      vertex 131.389 29.4046 4.2
      vertex 130.876 29.0246 100
      vertex 131.389 29.4046 100
    endloop
  endfacet
  facet normal -0.595228 0.803557 0
    outer loop
      vertex 130.876 29.0246 100
      vertex 131.389 29.4046 4.2
      vertex 130.876 29.0246 4.2
    endloop
  endfacet
  facet normal 0.989085 0.147344 0
    outer loop
      vertex 141.469 24.6371 100
      vertex 141.375 25.2681 4.2
      vertex 141.375 25.2681 100
    endloop
  endfacet
  facet normal 0.989085 0.147344 0
    outer loop
      vertex 141.375 25.2681 4.2
      vertex 141.469 24.6371 100
      vertex 141.469 24.6371 4.2
    endloop
  endfacet
  facet normal 0.998818 0.0486005 0
    outer loop
      vertex 141.5 24 100
      vertex 141.469 24.6371 4.2
      vertex 141.469 24.6371 100
    endloop
  endfacet
  facet normal 0.998818 0.0486005 0
    outer loop
      vertex 141.469 24.6371 4.2
      vertex 141.5 24 100
      vertex 141.5 24 4.2
    endloop
  endfacet
  facet normal 0.970032 0.242978 0
    outer loop
      vertex 141.375 25.2681 100
      vertex 141.22 25.8869 4.2
      vertex 141.22 25.8869 100
    endloop
  endfacet
  facet normal 0.970032 0.242978 0
    outer loop
      vertex 141.22 25.8869 4.2
      vertex 141.375 25.2681 100
      vertex 141.375 25.2681 4.2
    endloop
  endfacet
  facet normal 0.14673 0.989177 -0
    outer loop
      vertex 136.268 30.3751 4.2
      vertex 135.637 30.4687 100
      vertex 136.268 30.3751 100
    endloop
  endfacet
  facet normal 0.14673 0.989177 0
    outer loop
      vertex 135.637 30.4687 100
      vertex 136.268 30.3751 4.2
      vertex 135.637 30.4687 4.2
    endloop
  endfacet
  facet normal -0.14673 0.989177 0
    outer loop
      vertex 134.363 30.4687 4.2
      vertex 133.732 30.3751 100
      vertex 134.363 30.4687 100
    endloop
  endfacet
  facet normal -0.14673 0.989177 0
    outer loop
      vertex 133.732 30.3751 100
      vertex 134.363 30.4687 4.2
      vertex 133.732 30.3751 4.2
    endloop
  endfacet
  facet normal 0.803224 0.595677 0
    outer loop
      vertex 140.405 27.6112 100
      vertex 140.025 28.1236 4.2
      vertex 140.025 28.1236 100
    endloop
  endfacet
  facet normal 0.803224 0.595677 0
    outer loop
      vertex 140.025 28.1236 4.2
      vertex 140.405 27.6112 100
      vertex 140.405 27.6112 4.2
    endloop
  endfacet
  facet normal 0.51415 -0.8577 0
    outer loop
      vertex 138.064 18.2675 4.2
      vertex 138.611 18.5954 100
      vertex 138.064 18.2675 100
    endloop
  endfacet
  facet normal 0.51415 -0.8577 0
    outer loop
      vertex 138.611 18.5954 100
      vertex 138.064 18.2675 4.2
      vertex 138.611 18.5954 4.2
    endloop
  endfacet
  facet normal 0.595228 0.803557 -0
    outer loop
      vertex 139.124 29.0246 4.2
      vertex 138.611 29.4046 100
      vertex 139.124 29.0246 100
    endloop
  endfacet
  facet normal 0.595228 0.803557 0
    outer loop
      vertex 138.611 29.4046 100
      vertex 139.124 29.0246 4.2
      vertex 138.611 29.4046 4.2
    endloop
  endfacet
  facet normal 0.998818 -0.0486005 0
    outer loop
      vertex 141.469 23.3629 100
      vertex 141.5 24 4.2
      vertex 141.5 24 100
    endloop
  endfacet
  facet normal 0.998818 -0.0486005 0
    outer loop
      vertex 141.5 24 4.2
      vertex 141.469 23.3629 100
      vertex 141.469 23.3629 4.2
    endloop
  endfacet
  facet normal -0.242904 0.97005 0
    outer loop
      vertex 133.732 30.3751 4.2
      vertex 133.113 30.2201 100
      vertex 133.732 30.3751 100
    endloop
  endfacet
  facet normal -0.242904 0.97005 0
    outer loop
      vertex 133.113 30.2201 100
      vertex 133.732 30.3751 4.2
      vertex 133.113 30.2201 4.2
    endloop
  endfacet
  facet normal 0.427298 0.904111 -0
    outer loop
      vertex 138.064 29.7325 4.2
      vertex 137.487 30.0052 100
      vertex 138.064 29.7325 100
    endloop
  endfacet
  facet normal 0.427298 0.904111 0
    outer loop
      vertex 137.487 30.0052 100
      vertex 138.064 29.7325 4.2
      vertex 137.487 30.0052 4.2
    endloop
  endfacet
  facet normal 0 0 1
    outer loop
      vertex 137.65 24 100
      vertex 141.5 24 100
      vertex 141.469 24.6371 100
    endloop
  endfacet
  facet normal 0 0 1
    outer loop
      vertex 137.637 24.2597 100
      vertex 141.469 24.6371 100
      vertex 141.375 25.2681 100
    endloop
  endfacet
  facet normal 0 0 1
    outer loop
      vertex 141.5 24 100
      vertex 137.65 24 100
      vertex 141.469 23.3629 100
    endloop
  endfacet
  facet normal 0 0 1
    outer loop
      vertex 137.599 24.517 100
      vertex 141.375 25.2681 100
      vertex 141.22 25.8869 100
    endloop
  endfacet
  facet normal -0 0 1
    outer loop
      vertex 137.637 23.7403 100
      vertex 141.469 23.3629 100
      vertex 137.65 24 100
    endloop
  endfacet
  facet normal 0 0 1
    outer loop
      vertex 137.536 24.7693 100
      vertex 141.22 25.8869 100
      vertex 141.005 26.4874 100
    endloop
  endfacet
  facet normal 0 0 1
    outer loop
      vertex 141.469 23.3629 100
      vertex 137.637 23.7403 100
      vertex 141.375 22.7319 100
    endloop
  endfacet
  facet normal 0 0 1
    outer loop
      vertex 137.448 25.0141 100
      vertex 141.005 26.4874 100
      vertex 140.732 27.0641 100
    endloop
  endfacet
  facet normal -0 0 1
    outer loop
      vertex 137.599 23.483 100
      vertex 141.375 22.7319 100
      vertex 137.637 23.7403 100
    endloop
  endfacet
  facet normal 0 0 1
    outer loop
      vertex 137.337 25.2492 100
      vertex 140.732 27.0641 100
      vertex 140.405 27.6112 100
    endloop
  endfacet
  facet normal 0 0 1
    outer loop
      vertex 141.375 22.7319 100
      vertex 137.599 23.483 100
      vertex 141.22 22.1131 100
    endloop
  endfacet
  facet normal 0 0 1
    outer loop
      vertex 137.203 25.4723 100
      vertex 140.405 27.6112 100
      vertex 140.025 28.1236 100
    endloop
  endfacet
  facet normal -0 0 1
    outer loop
      vertex 137.536 23.2307 100
      vertex 141.22 22.1131 100
      vertex 137.599 23.483 100
    endloop
  endfacet
  facet normal 0 0 1
    outer loop
      vertex 137.048 25.6811 100
      vertex 140.025 28.1236 100
      vertex 139.596 28.5962 100
    endloop
  endfacet
  facet normal 0 0 1
    outer loop
      vertex 141.22 22.1131 100
      vertex 137.536 23.2307 100
      vertex 141.005 21.5126 100
    endloop
  endfacet
  facet normal 0 0 1
    outer loop
      vertex 136.874 25.8738 100
      vertex 139.596 28.5962 100
      vertex 139.124 29.0246 100
    endloop
  endfacet
  facet normal -0 0 1
    outer loop
      vertex 137.448 22.9859 100
      vertex 141.005 21.5126 100
      vertex 137.536 23.2307 100
    endloop
  endfacet
  facet normal 0 0 1
    outer loop
      vertex 136.681 26.0485 100
      vertex 139.124 29.0246 100
      vertex 138.611 29.4046 100
    endloop
  endfacet
  facet normal 0 0 1
    outer loop
      vertex 141.005 21.5126 100
      vertex 137.448 22.9859 100
      vertex 140.732 20.9359 100
    endloop
  endfacet
  facet normal 0 0 1
    outer loop
      vertex 136.472 26.2034 100
      vertex 138.611 29.4046 100
      vertex 138.064 29.7325 100
    endloop
  endfacet
  facet normal -0 0 1
    outer loop
      vertex 137.337 22.7508 100
      vertex 140.732 20.9359 100
      vertex 137.448 22.9859 100
    endloop
  endfacet
  facet normal 0 0 1
    outer loop
      vertex 140.732 20.9359 100
      vertex 137.337 22.7508 100
      vertex 140.405 20.3888 100
    endloop
  endfacet
  facet normal 0 0 1
    outer loop
      vertex 141.469 24.6371 100
      vertex 137.637 24.2597 100
      vertex 137.65 24 100
    endloop
  endfacet
  facet normal 0 0 1
    outer loop
      vertex 141.375 25.2681 100
      vertex 137.599 24.517 100
      vertex 137.637 24.2597 100
    endloop
  endfacet
  facet normal 0 0 1
    outer loop
      vertex 141.22 25.8869 100
      vertex 137.536 24.7693 100
      vertex 137.599 24.517 100
    endloop
  endfacet
  facet normal 0 0 1
    outer loop
      vertex 136.249 26.3371 100
      vertex 138.064 29.7325 100
      vertex 137.487 30.0052 100
    endloop
  endfacet
  facet normal 0 0 1
    outer loop
      vertex 141.005 26.4874 100
      vertex 137.448 25.0141 100
      vertex 137.536 24.7693 100
    endloop
  endfacet
  facet normal 0 0 1
    outer loop
      vertex 140.732 27.0641 100
      vertex 137.337 25.2492 100
      vertex 137.448 25.0141 100
    endloop
  endfacet
  facet normal 0 0 1
    outer loop
      vertex 140.405 27.6112 100
      vertex 137.203 25.4723 100
      vertex 137.337 25.2492 100
    endloop
  endfacet
  facet normal 0 0 1
    outer loop
      vertex 140.025 28.1236 100
      vertex 137.048 25.6811 100
      vertex 137.203 25.4723 100
    endloop
  endfacet
  facet normal 0 0 1
    outer loop
      vertex 136.014 26.4483 100
      vertex 137.487 30.0052 100
      vertex 136.887 30.2201 100
    endloop
  endfacet
  facet normal 0 0 1
    outer loop
      vertex 139.596 28.5962 100
      vertex 136.874 25.8738 100
      vertex 137.048 25.6811 100
    endloop
  endfacet
  facet normal 0 0 1
    outer loop
      vertex 139.124 29.0246 100
      vertex 136.681 26.0485 100
      vertex 136.874 25.8738 100
    endloop
  endfacet
  facet normal 0 0 1
    outer loop
      vertex 138.611 29.4046 100
      vertex 136.472 26.2034 100
      vertex 136.681 26.0485 100
    endloop
  endfacet
  facet normal 0 0 1
    outer loop
      vertex 135.769 26.5359 100
      vertex 136.887 30.2201 100
      vertex 136.268 30.3751 100
    endloop
  endfacet
  facet normal 0 0 1
    outer loop
      vertex 138.064 29.7325 100
      vertex 136.249 26.3371 100
      vertex 136.472 26.2034 100
    endloop
  endfacet
  facet normal 0 0 1
    outer loop
      vertex 137.487 30.0052 100
      vertex 136.014 26.4483 100
      vertex 136.249 26.3371 100
    endloop
  endfacet
  facet normal 0 0 1
    outer loop
      vertex 136.887 30.2201 100
      vertex 135.769 26.5359 100
      vertex 136.014 26.4483 100
    endloop
  endfacet
  facet normal 0 0 1
    outer loop
      vertex 135.517 26.5991 100
      vertex 136.268 30.3751 100
      vertex 135.637 30.4687 100
    endloop
  endfacet
  facet normal 0 0 1
    outer loop
      vertex 136.268 30.3751 100
      vertex 135.517 26.5991 100
      vertex 135.769 26.5359 100
    endloop
  endfacet
  facet normal 0 0 1
    outer loop
      vertex 135.637 30.4687 100
      vertex 135.26 26.6372 100
      vertex 135.517 26.5991 100
    endloop
  endfacet
  facet normal 0 0 1
    outer loop
      vertex 135 30.5 100
      vertex 135.26 26.6372 100
      vertex 135.637 30.4687 100
    endloop
  endfacet
  facet normal 0 0 1
    outer loop
      vertex 135 30.5 100
      vertex 135 26.65 100
      vertex 135.26 26.6372 100
    endloop
  endfacet
  facet normal 0 0 1
    outer loop
      vertex 135 30.5 100
      vertex 134.74 26.6372 100
      vertex 135 26.65 100
    endloop
  endfacet
  facet normal -0 0 1
    outer loop
      vertex 134.363 30.4687 100
      vertex 134.74 26.6372 100
      vertex 135 30.5 100
    endloop
  endfacet
  facet normal 0 0 1
    outer loop
      vertex 134.74 26.6372 100
      vertex 134.363 30.4687 100
      vertex 134.483 26.5991 100
    endloop
  endfacet
  facet normal -0 0 1
    outer loop
      vertex 133.732 30.3751 100
      vertex 134.483 26.5991 100
      vertex 134.363 30.4687 100
    endloop
  endfacet
  facet normal 0 0 1
    outer loop
      vertex 134.483 26.5991 100
      vertex 133.732 30.3751 100
      vertex 134.231 26.5359 100
    endloop
  endfacet
  facet normal -0 0 1
    outer loop
      vertex 133.113 30.2201 100
      vertex 134.231 26.5359 100
      vertex 133.732 30.3751 100
    endloop
  endfacet
  facet normal 0 0 1
    outer loop
      vertex 134.231 26.5359 100
      vertex 133.113 30.2201 100
      vertex 133.986 26.4483 100
    endloop
  endfacet
  facet normal -0 0 1
    outer loop
      vertex 132.513 30.0052 100
      vertex 133.986 26.4483 100
      vertex 133.113 30.2201 100
    endloop
  endfacet
  facet normal 0 0 1
    outer loop
      vertex 133.986 26.4483 100
      vertex 132.513 30.0052 100
      vertex 133.751 26.3371 100
    endloop
  endfacet
  facet normal -0 0 1
    outer loop
      vertex 131.936 29.7325 100
      vertex 133.751 26.3371 100
      vertex 132.513 30.0052 100
    endloop
  endfacet
  facet normal 0 0 1
    outer loop
      vertex 133.751 26.3371 100
      vertex 131.936 29.7325 100
      vertex 133.528 26.2034 100
    endloop
  endfacet
  facet normal -0 0 1
    outer loop
      vertex 131.389 29.4046 100
      vertex 133.528 26.2034 100
      vertex 131.936 29.7325 100
    endloop
  endfacet
  facet normal 0 0 1
    outer loop
      vertex 133.528 26.2034 100
      vertex 131.389 29.4046 100
      vertex 133.319 26.0485 100
    endloop
  endfacet
  facet normal -0 0 1
    outer loop
      vertex 130.876 29.0246 100
      vertex 133.319 26.0485 100
      vertex 131.389 29.4046 100
    endloop
  endfacet
  facet normal 0 0 1
    outer loop
      vertex 133.319 26.0485 100
      vertex 130.876 29.0246 100
      vertex 133.126 25.8738 100
    endloop
  endfacet
  facet normal -0 0 1
    outer loop
      vertex 130.404 28.5962 100
      vertex 133.126 25.8738 100
      vertex 130.876 29.0246 100
    endloop
  endfacet
  facet normal 0 0 1
    outer loop
      vertex 133.126 25.8738 100
      vertex 130.404 28.5962 100
      vertex 132.952 25.6811 100
    endloop
  endfacet
  facet normal -0 0 1
    outer loop
      vertex 129.975 28.1236 100
      vertex 132.952 25.6811 100
      vertex 130.404 28.5962 100
    endloop
  endfacet
  facet normal 0 0 1
    outer loop
      vertex 132.952 25.6811 100
      vertex 129.975 28.1236 100
      vertex 132.797 25.4723 100
    endloop
  endfacet
  facet normal -0 0 1
    outer loop
      vertex 129.595 27.6112 100
      vertex 132.797 25.4723 100
      vertex 129.975 28.1236 100
    endloop
  endfacet
  facet normal 0 0 1
    outer loop
      vertex 132.797 25.4723 100
      vertex 129.595 27.6112 100
      vertex 132.663 25.2492 100
    endloop
  endfacet
  facet normal -0 0 1
    outer loop
      vertex 137.203 22.5277 100
      vertex 140.405 20.3888 100
      vertex 137.337 22.7508 100
    endloop
  endfacet
  facet normal 0 0 1
    outer loop
      vertex 140.405 20.3888 100
      vertex 137.203 22.5277 100
      vertex 140.025 19.8764 100
    endloop
  endfacet
  facet normal -0 0 1
    outer loop
      vertex 137.048 22.3189 100
      vertex 140.025 19.8764 100
      vertex 137.203 22.5277 100
    endloop
  endfacet
  facet normal 0 0 1
    outer loop
      vertex 140.025 19.8764 100
      vertex 137.048 22.3189 100
      vertex 139.596 19.4038 100
    endloop
  endfacet
  facet normal -0 0 1
    outer loop
      vertex 136.874 22.1262 100
      vertex 139.596 19.4038 100
      vertex 137.048 22.3189 100
    endloop
  endfacet
  facet normal 0 0 1
    outer loop
      vertex 139.596 19.4038 100
      vertex 136.874 22.1262 100
      vertex 139.124 18.9754 100
    endloop
  endfacet
  facet normal -0 0 1
    outer loop
      vertex 136.681 21.9515 100
      vertex 139.124 18.9754 100
      vertex 136.874 22.1262 100
    endloop
  endfacet
  facet normal 0 0 1
    outer loop
      vertex 139.124 18.9754 100
      vertex 136.681 21.9515 100
      vertex 138.611 18.5954 100
    endloop
  endfacet
  facet normal -0 0 1
    outer loop
      vertex 136.472 21.7966 100
      vertex 138.611 18.5954 100
      vertex 136.681 21.9515 100
    endloop
  endfacet
  facet normal 0 0 1
    outer loop
      vertex 138.611 18.5954 100
      vertex 136.472 21.7966 100
      vertex 138.064 18.2675 100
    endloop
  endfacet
  facet normal -0 0 1
    outer loop
      vertex 136.249 21.6629 100
      vertex 138.064 18.2675 100
      vertex 136.472 21.7966 100
    endloop
  endfacet
  facet normal 0 0 1
    outer loop
      vertex 138.064 18.2675 100
      vertex 136.249 21.6629 100
      vertex 137.487 17.9948 100
    endloop
  endfacet
  facet normal -0 0 1
    outer loop
      vertex 136.014 21.5517 100
      vertex 137.487 17.9948 100
      vertex 136.249 21.6629 100
    endloop
  endfacet
  facet normal 0 0 1
    outer loop
      vertex 137.487 17.9948 100
      vertex 136.014 21.5517 100
      vertex 136.887 17.7799 100
    endloop
  endfacet
  facet normal -0 0 1
    outer loop
      vertex 135.769 21.4641 100
      vertex 136.887 17.7799 100
      vertex 136.014 21.5517 100
    endloop
  endfacet
  facet normal 0 0 1
    outer loop
      vertex 136.887 17.7799 100
      vertex 135.769 21.4641 100
      vertex 136.268 17.6249 100
    endloop
  endfacet
  facet normal -0 0 1
    outer loop
      vertex 135.517 21.4009 100
      vertex 136.268 17.6249 100
      vertex 135.769 21.4641 100
    endloop
  endfacet
  facet normal 0 0 1
    outer loop
      vertex 136.268 17.6249 100
      vertex 135.517 21.4009 100
      vertex 135.637 17.5313 100
    endloop
  endfacet
  facet normal -0 0 1
    outer loop
      vertex 135.26 21.3628 100
      vertex 135.637 17.5313 100
      vertex 135.517 21.4009 100
    endloop
  endfacet
  facet normal -0 0 1
    outer loop
      vertex 135 21.35 100
      vertex 135.637 17.5313 100
      vertex 135.26 21.3628 100
    endloop
  endfacet
  facet normal 0 0 1
    outer loop
      vertex 135 21.35 100
      vertex 135 17.5 100
      vertex 135.637 17.5313 100
    endloop
  endfacet
  facet normal 0 0 1
    outer loop
      vertex 134.74 21.3628 100
      vertex 135 17.5 100
      vertex 135 21.35 100
    endloop
  endfacet
  facet normal 0 0 1
    outer loop
      vertex 134.363 17.5313 100
      vertex 134.74 21.3628 100
      vertex 134.483 21.4009 100
    endloop
  endfacet
  facet normal 0 0 1
    outer loop
      vertex 134.74 21.3628 100
      vertex 134.363 17.5313 100
      vertex 135 17.5 100
    endloop
  endfacet
  facet normal 0 0 1
    outer loop
      vertex 133.732 17.6249 100
      vertex 134.483 21.4009 100
      vertex 134.231 21.4641 100
    endloop
  endfacet
  facet normal 0 0 1
    outer loop
      vertex 133.113 17.7799 100
      vertex 134.231 21.4641 100
      vertex 133.986 21.5517 100
    endloop
  endfacet
  facet normal 0 0 1
    outer loop
      vertex 132.513 17.9948 100
      vertex 133.986 21.5517 100
      vertex 133.751 21.6629 100
    endloop
  endfacet
  facet normal 0 0 1
    outer loop
      vertex 134.483 21.4009 100
      vertex 133.732 17.6249 100
      vertex 134.363 17.5313 100
    endloop
  endfacet
  facet normal 0 0 1
    outer loop
      vertex 131.936 18.2675 100
      vertex 133.751 21.6629 100
      vertex 133.528 21.7966 100
    endloop
  endfacet
  facet normal 0 0 1
    outer loop
      vertex 131.389 18.5954 100
      vertex 133.528 21.7966 100
      vertex 133.319 21.9515 100
    endloop
  endfacet
  facet normal 0 0 1
    outer loop
      vertex 130.876 18.9754 100
      vertex 133.319 21.9515 100
      vertex 133.126 22.1262 100
    endloop
  endfacet
  facet normal 0 0 1
    outer loop
      vertex 134.231 21.4641 100
      vertex 133.113 17.7799 100
      vertex 133.732 17.6249 100
    endloop
  endfacet
  facet normal 0 0 1
    outer loop
      vertex 130.404 19.4038 100
      vertex 133.126 22.1262 100
      vertex 132.952 22.3189 100
    endloop
  endfacet
  facet normal 0 0 1
    outer loop
      vertex 129.975 19.8764 100
      vertex 132.952 22.3189 100
      vertex 132.797 22.5277 100
    endloop
  endfacet
  facet normal 0 0 1
    outer loop
      vertex 129.595 20.3888 100
      vertex 132.797 22.5277 100
      vertex 132.663 22.7508 100
    endloop
  endfacet
  facet normal 0 0 1
    outer loop
      vertex 129.268 20.9359 100
      vertex 132.663 22.7508 100
      vertex 132.552 22.9859 100
    endloop
  endfacet
  facet normal 0 0 1
    outer loop
      vertex 133.986 21.5517 100
      vertex 132.513 17.9948 100
      vertex 133.113 17.7799 100
    endloop
  endfacet
  facet normal 0 0 1
    outer loop
      vertex 128.995 21.5126 100
      vertex 132.552 22.9859 100
      vertex 132.464 23.2307 100
    endloop
  endfacet
  facet normal 0 0 1
    outer loop
      vertex 128.78 22.1131 100
      vertex 132.464 23.2307 100
      vertex 132.401 23.483 100
    endloop
  endfacet
  facet normal 0 0 1
    outer loop
      vertex 128.625 22.7319 100
      vertex 132.401 23.483 100
      vertex 132.363 23.7403 100
    endloop
  endfacet
  facet normal 0 0 1
    outer loop
      vertex 128.531 23.3629 100
      vertex 132.363 23.7403 100
      vertex 132.35 24 100
    endloop
  endfacet
  facet normal -0 0 1
    outer loop
      vertex 129.268 27.0641 100
      vertex 132.663 25.2492 100
      vertex 129.595 27.6112 100
    endloop
  endfacet
  facet normal 0 0 1
    outer loop
      vertex 133.751 21.6629 100
      vertex 131.936 18.2675 100
      vertex 132.513 17.9948 100
    endloop
  endfacet
  facet normal 0 0 1
    outer loop
      vertex 132.663 25.2492 100
      vertex 129.268 27.0641 100
      vertex 132.552 25.0141 100
    endloop
  endfacet
  facet normal 0 0 1
    outer loop
      vertex 133.528 21.7966 100
      vertex 131.389 18.5954 100
      vertex 131.936 18.2675 100
    endloop
  endfacet
  facet normal -0 0 1
    outer loop
      vertex 128.995 26.4874 100
      vertex 132.552 25.0141 100
      vertex 129.268 27.0641 100
    endloop
  endfacet
  facet normal 0 0 1
    outer loop
      vertex 133.319 21.9515 100
      vertex 130.876 18.9754 100
      vertex 131.389 18.5954 100
    endloop
  endfacet
  facet normal 0 0 1
    outer loop
      vertex 132.552 25.0141 100
      vertex 128.995 26.4874 100
      vertex 132.464 24.7693 100
    endloop
  endfacet
  facet normal 0 0 1
    outer loop
      vertex 133.126 22.1262 100
      vertex 130.404 19.4038 100
      vertex 130.876 18.9754 100
    endloop
  endfacet
  facet normal -0 0 1
    outer loop
      vertex 128.78 25.8869 100
      vertex 132.464 24.7693 100
      vertex 128.995 26.4874 100
    endloop
  endfacet
  facet normal 0 0 1
    outer loop
      vertex 132.952 22.3189 100
      vertex 129.975 19.8764 100
      vertex 130.404 19.4038 100
    endloop
  endfacet
  facet normal 0 0 1
    outer loop
      vertex 132.464 24.7693 100
      vertex 128.78 25.8869 100
      vertex 132.401 24.517 100
    endloop
  endfacet
  facet normal 0 0 1
    outer loop
      vertex 132.797 22.5277 100
      vertex 129.595 20.3888 100
      vertex 129.975 19.8764 100
    endloop
  endfacet
  facet normal -0 0 1
    outer loop
      vertex 128.625 25.2681 100
      vertex 132.401 24.517 100
      vertex 128.78 25.8869 100
    endloop
  endfacet
  facet normal 0 0 1
    outer loop
      vertex 132.663 22.7508 100
      vertex 129.268 20.9359 100
      vertex 129.595 20.3888 100
    endloop
  endfacet
  facet normal 0 0 1
    outer loop
      vertex 132.401 24.517 100
      vertex 128.625 25.2681 100
      vertex 132.363 24.2597 100
    endloop
  endfacet
  facet normal 0 0 1
    outer loop
      vertex 132.552 22.9859 100
      vertex 128.995 21.5126 100
      vertex 129.268 20.9359 100
    endloop
  endfacet
  facet normal -0 0 1
    outer loop
      vertex 128.531 24.6371 100
      vertex 132.363 24.2597 100
      vertex 128.625 25.2681 100
    endloop
  endfacet
  facet normal 0 0 1
    outer loop
      vertex 132.464 23.2307 100
      vertex 128.78 22.1131 100
      vertex 128.995 21.5126 100
    endloop
  endfacet
  facet normal 0 0 1
    outer loop
      vertex 132.363 24.2597 100
      vertex 128.531 24.6371 100
      vertex 132.35 24 100
    endloop
  endfacet
  facet normal 0 0 1
    outer loop
      vertex 132.401 23.483 100
      vertex 128.625 22.7319 100
      vertex 128.78 22.1131 100
    endloop
  endfacet
  facet normal 0 0 1
    outer loop
      vertex 128.5 24 100
      vertex 132.35 24 100
      vertex 128.531 24.6371 100
    endloop
  endfacet
  facet normal 0 0 1
    outer loop
      vertex 132.363 23.7403 100
      vertex 128.531 23.3629 100
      vertex 128.625 22.7319 100
    endloop
  endfacet
  facet normal 0 0 1
    outer loop
      vertex 132.35 24 100
      vertex 128.5 24 100
      vertex 128.531 23.3629 100
    endloop
  endfacet
  facet normal -0.242904 -0.97005 0
    outer loop
      vertex 133.113 17.7799 4.2
      vertex 133.732 17.6249 100
      vertex 133.113 17.7799 100
    endloop
  endfacet
  facet normal -0.242904 -0.97005 -0
    outer loop
      vertex 133.732 17.6249 100
      vertex 133.113 17.7799 4.2
      vertex 133.732 17.6249 4.2
    endloop
  endfacet
  facet normal -0.989085 -0.147344 0
    outer loop
      vertex 128.625 22.7319 4.2
      vertex 128.531 23.3629 100
      vertex 128.531 23.3629 4.2
    endloop
  endfacet
  facet normal -0.989085 -0.147344 0
    outer loop
      vertex 128.531 23.3629 100
      vertex 128.625 22.7319 4.2
      vertex 128.625 22.7319 100
    endloop
  endfacet
  facet normal 0.672079 -0.740479 0
    outer loop
      vertex 139.124 18.9754 4.2
      vertex 139.596 19.4038 100
      vertex 139.124 18.9754 100
    endloop
  endfacet
  facet normal 0.672079 -0.740479 0
    outer loop
      vertex 139.596 19.4038 100
      vertex 139.124 18.9754 4.2
      vertex 139.596 19.4038 4.2
    endloop
  endfacet
  facet normal -0.427298 0.904111 0
    outer loop
      vertex 132.513 30.0052 4.2
      vertex 131.936 29.7325 100
      vertex 132.513 30.0052 100
    endloop
  endfacet
  facet normal -0.427298 0.904111 0
    outer loop
      vertex 131.936 29.7325 100
      vertex 132.513 30.0052 4.2
      vertex 131.936 29.7325 4.2
    endloop
  endfacet
  facet normal 0.337191 -0.941436 0
    outer loop
      vertex 136.887 17.7799 4.2
      vertex 137.487 17.9948 100
      vertex 136.887 17.7799 100
    endloop
  endfacet
  facet normal 0.337191 -0.941436 0
    outer loop
      vertex 137.487 17.9948 100
      vertex 136.887 17.7799 4.2
      vertex 137.487 17.9948 4.2
    endloop
  endfacet
  facet normal -0.903843 0.427864 0
    outer loop
      vertex 128.995 26.4874 4.2
      vertex 129.268 27.0641 100
      vertex 129.268 27.0641 4.2
    endloop
  endfacet
  facet normal -0.903843 0.427864 0
    outer loop
      vertex 129.268 27.0641 100
      vertex 128.995 26.4874 4.2
      vertex 128.995 26.4874 100
    endloop
  endfacet
  facet normal -0.803224 -0.595677 0
    outer loop
      vertex 129.975 19.8764 4.2
      vertex 129.595 20.3888 100
      vertex 129.595 20.3888 4.2
    endloop
  endfacet
  facet normal -0.803224 -0.595677 0
    outer loop
      vertex 129.595 20.3888 100
      vertex 129.975 19.8764 4.2
      vertex 129.975 19.8764 100
    endloop
  endfacet
  facet normal -0.51415 -0.8577 0
    outer loop
      vertex 131.389 18.5954 4.2
      vertex 131.936 18.2675 100
      vertex 131.389 18.5954 100
    endloop
  endfacet
  facet normal -0.51415 -0.8577 -0
    outer loop
      vertex 131.936 18.2675 100
      vertex 131.389 18.5954 4.2
      vertex 131.936 18.2675 4.2
    endloop
  endfacet
  facet normal 0.803224 -0.595677 0
    outer loop
      vertex 140.025 19.8764 100
      vertex 140.405 20.3888 4.2
      vertex 140.405 20.3888 100
    endloop
  endfacet
  facet normal 0.803224 -0.595677 0
    outer loop
      vertex 140.405 20.3888 4.2
      vertex 140.025 19.8764 100
      vertex 140.025 19.8764 4.2
    endloop
  endfacet
  facet normal -0.51415 0.8577 0
    outer loop
      vertex 131.936 29.7325 4.2
      vertex 131.389 29.4046 100
      vertex 131.936 29.7325 100
    endloop
  endfacet
  facet normal -0.51415 0.8577 0
    outer loop
      vertex 131.389 29.4046 100
      vertex 131.936 29.7325 4.2
      vertex 131.389 29.4046 4.2
    endloop
  endfacet
  facet normal -0.427298 -0.904111 0
    outer loop
      vertex 131.936 18.2675 4.2
      vertex 132.513 17.9948 100
      vertex 131.936 18.2675 100
    endloop
  endfacet
  facet normal -0.427298 -0.904111 -0
    outer loop
      vertex 132.513 17.9948 100
      vertex 131.936 18.2675 4.2
      vertex 132.513 17.9948 4.2
    endloop
  endfacet
  facet normal -0.595228 -0.803557 0
    outer loop
      vertex 130.876 18.9754 4.2
      vertex 131.389 18.5954 100
      vertex 130.876 18.9754 100
    endloop
  endfacet
  facet normal -0.595228 -0.803557 -0
    outer loop
      vertex 131.389 18.5954 100
      vertex 130.876 18.9754 4.2
      vertex 131.389 18.5954 4.2
    endloop
  endfacet
  facet normal 0.337191 0.941436 -0
    outer loop
      vertex 137.487 30.0052 4.2
      vertex 136.887 30.2201 100
      vertex 137.487 30.0052 100
    endloop
  endfacet
  facet normal 0.337191 0.941436 0
    outer loop
      vertex 136.887 30.2201 100
      vertex 137.487 30.0052 4.2
      vertex 136.887 30.2201 4.2
    endloop
  endfacet
  facet normal -0.740436 -0.672127 0
    outer loop
      vertex 130.404 19.4038 4.2
      vertex 129.975 19.8764 100
      vertex 129.975 19.8764 4.2
    endloop
  endfacet
  facet normal -0.740436 -0.672127 0
    outer loop
      vertex 129.975 19.8764 100
      vertex 130.404 19.4038 4.2
      vertex 130.404 19.4038 100
    endloop
  endfacet
  facet normal -0.337191 0.941436 0
    outer loop
      vertex 133.113 30.2201 4.2
      vertex 132.513 30.0052 100
      vertex 133.113 30.2201 100
    endloop
  endfacet
  facet normal -0.337191 0.941436 0
    outer loop
      vertex 132.513 30.0052 100
      vertex 133.113 30.2201 4.2
      vertex 132.513 30.0052 4.2
    endloop
  endfacet
  facet normal -0.903843 -0.427864 0
    outer loop
      vertex 129.268 20.9359 4.2
      vertex 128.995 21.5126 100
      vertex 128.995 21.5126 4.2
    endloop
  endfacet
  facet normal -0.903843 -0.427864 0
    outer loop
      vertex 128.995 21.5126 100
      vertex 129.268 20.9359 4.2
      vertex 129.268 20.9359 100
    endloop
  endfacet
  facet normal -0.941476 -0.337081 0
    outer loop
      vertex 128.995 21.5126 4.2
      vertex 128.78 22.1131 100
      vertex 128.78 22.1131 4.2
    endloop
  endfacet
  facet normal -0.941476 -0.337081 0
    outer loop
      vertex 128.78 22.1131 100
      vertex 128.995 21.5126 4.2
      vertex 128.995 21.5126 100
    endloop
  endfacet
  facet normal 0.903843 0.427864 0
    outer loop
      vertex 141.005 26.4874 100
      vertex 140.732 27.0641 4.2
      vertex 140.732 27.0641 100
    endloop
  endfacet
  facet normal 0.903843 0.427864 0
    outer loop
      vertex 140.732 27.0641 4.2
      vertex 141.005 26.4874 100
      vertex 141.005 26.4874 4.2
    endloop
  endfacet
  facet normal -0.970032 -0.242978 0
    outer loop
      vertex 128.78 22.1131 4.2
      vertex 128.625 22.7319 100
      vertex 128.625 22.7319 4.2
    endloop
  endfacet
  facet normal -0.970032 -0.242978 0
    outer loop
      vertex 128.625 22.7319 100
      vertex 128.78 22.1131 4.2
      vertex 128.78 22.1131 100
    endloop
  endfacet
  facet normal 0.672079 0.740479 -0
    outer loop
      vertex 139.596 28.5962 4.2
      vertex 139.124 29.0246 100
      vertex 139.596 28.5962 100
    endloop
  endfacet
  facet normal 0.672079 0.740479 0
    outer loop
      vertex 139.124 29.0246 100
      vertex 139.596 28.5962 4.2
      vertex 139.124 29.0246 4.2
    endloop
  endfacet
  facet normal -0.672079 -0.740479 0
    outer loop
      vertex 130.404 19.4038 4.2
      vertex 130.876 18.9754 100
      vertex 130.404 19.4038 100
    endloop
  endfacet
  facet normal -0.672079 -0.740479 -0
    outer loop
      vertex 130.876 18.9754 100
      vertex 130.404 19.4038 4.2
      vertex 130.876 18.9754 4.2
    endloop
  endfacet
  facet normal 0.970032 -0.242978 0
    outer loop
      vertex 141.22 22.1131 100
      vertex 141.375 22.7319 4.2
      vertex 141.375 22.7319 100
    endloop
  endfacet
  facet normal 0.970032 -0.242978 0
    outer loop
      vertex 141.375 22.7319 4.2
      vertex 141.22 22.1131 100
      vertex 141.22 22.1131 4.2
    endloop
  endfacet
  facet normal 0.740436 -0.672127 0
    outer loop
      vertex 139.596 19.4038 100
      vertex 140.025 19.8764 4.2
      vertex 140.025 19.8764 100
    endloop
  endfacet
  facet normal 0.740436 -0.672127 0
    outer loop
      vertex 140.025 19.8764 4.2
      vertex 139.596 19.4038 100
      vertex 139.596 19.4038 4.2
    endloop
  endfacet
  facet normal 0.14673 -0.989177 0
    outer loop
      vertex 135.637 17.5313 4.2
      vertex 136.268 17.6249 100
      vertex 135.637 17.5313 100
    endloop
  endfacet
  facet normal 0.14673 -0.989177 0
    outer loop
      vertex 136.268 17.6249 100
      vertex 135.637 17.5313 4.2
      vertex 136.268 17.6249 4.2
    endloop
  endfacet
  facet normal -0.989085 0.147344 0
    outer loop
      vertex 128.531 24.6371 4.2
      vertex 128.625 25.2681 100
      vertex 128.625 25.2681 4.2
    endloop
  endfacet
  facet normal -0.989085 0.147344 0
    outer loop
      vertex 128.625 25.2681 100
      vertex 128.531 24.6371 4.2
      vertex 128.531 24.6371 100
    endloop
  endfacet
  facet normal 0.51415 0.8577 -0
    outer loop
      vertex 138.611 29.4046 4.2
      vertex 138.064 29.7325 100
      vertex 138.611 29.4046 100
    endloop
  endfacet
  facet normal 0.51415 0.8577 0
    outer loop
      vertex 138.064 29.7325 100
      vertex 138.611 29.4046 4.2
      vertex 138.064 29.7325 4.2
    endloop
  endfacet
  facet normal -0.970032 0.242978 0
    outer loop
      vertex 128.625 25.2681 4.2
      vertex 128.78 25.8869 100
      vertex 128.78 25.8869 4.2
    endloop
  endfacet
  facet normal -0.970032 0.242978 0
    outer loop
      vertex 128.78 25.8869 100
      vertex 128.625 25.2681 4.2
      vertex 128.625 25.2681 100
    endloop
  endfacet
  facet normal 0.941476 0.337081 0
    outer loop
      vertex 141.22 25.8869 100
      vertex 141.005 26.4874 4.2
      vertex 141.005 26.4874 100
    endloop
  endfacet
  facet normal 0.941476 0.337081 0
    outer loop
      vertex 141.005 26.4874 4.2
      vertex 141.22 25.8869 100
      vertex 141.22 25.8869 4.2
    endloop
  endfacet
  facet normal 0.242904 0.97005 -0
    outer loop
      vertex 136.887 30.2201 4.2
      vertex 136.268 30.3751 100
      vertex 136.887 30.2201 100
    endloop
  endfacet
  facet normal 0.242904 0.97005 0
    outer loop
      vertex 136.268 30.3751 100
      vertex 136.887 30.2201 4.2
      vertex 136.268 30.3751 4.2
    endloop
  endfacet
  facet normal 0.0490774 0.998795 -0
    outer loop
      vertex 135.637 30.4687 4.2
      vertex 135 30.5 100
      vertex 135.637 30.4687 100
    endloop
  endfacet
  facet normal 0.0490774 0.998795 0
    outer loop
      vertex 135 30.5 100
      vertex 135.637 30.4687 4.2
      vertex 135 30.5 4.2
    endloop
  endfacet
  facet normal 0.427298 -0.904111 0
    outer loop
      vertex 137.487 17.9948 4.2
      vertex 138.064 18.2675 100
      vertex 137.487 17.9948 100
    endloop
  endfacet
  facet normal 0.427298 -0.904111 0
    outer loop
      vertex 138.064 18.2675 100
      vertex 137.487 17.9948 4.2
      vertex 138.064 18.2675 4.2
    endloop
  endfacet
  facet normal -0.0490774 0.998795 0
    outer loop
      vertex 135 30.5 4.2
      vertex 134.363 30.4687 100
      vertex 135 30.5 100
    endloop
  endfacet
  facet normal -0.0490774 0.998795 0
    outer loop
      vertex 134.363 30.4687 100
      vertex 135 30.5 4.2
      vertex 134.363 30.4687 4.2
    endloop
  endfacet
  facet normal 0.989085 -0.147344 0
    outer loop
      vertex 141.375 22.7319 100
      vertex 141.469 23.3629 4.2
      vertex 141.469 23.3629 100
    endloop
  endfacet
  facet normal 0.989085 -0.147344 0
    outer loop
      vertex 141.469 23.3629 4.2
      vertex 141.375 22.7319 100
      vertex 141.375 22.7319 4.2
    endloop
  endfacet
  facet normal 0.858364 0.513041 0
    outer loop
      vertex 140.732 27.0641 100
      vertex 140.405 27.6112 4.2
      vertex 140.405 27.6112 100
    endloop
  endfacet
  facet normal 0.858364 0.513041 0
    outer loop
      vertex 140.405 27.6112 4.2
      vertex 140.732 27.0641 100
      vertex 140.732 27.0641 4.2
    endloop
  endfacet
  facet normal -0.672079 0.740479 0
    outer loop
      vertex 130.876 29.0246 4.2
      vertex 130.404 28.5962 100
      vertex 130.876 29.0246 100
    endloop
  endfacet
  facet normal -0.672079 0.740479 0
    outer loop
      vertex 130.404 28.5962 100
      vertex 130.876 29.0246 4.2
      vertex 130.404 28.5962 4.2
    endloop
  endfacet
  facet normal 0.242904 -0.97005 0
    outer loop
      vertex 136.268 17.6249 4.2
      vertex 136.887 17.7799 100
      vertex 136.268 17.6249 100
    endloop
  endfacet
  facet normal 0.242904 -0.97005 0
    outer loop
      vertex 136.887 17.7799 100
      vertex 136.268 17.6249 4.2
      vertex 136.887 17.7799 4.2
    endloop
  endfacet
  facet normal -0.0490774 -0.998795 0
    outer loop
      vertex 134.363 17.5313 4.2
      vertex 135 17.5 100
      vertex 134.363 17.5313 100
    endloop
  endfacet
  facet normal -0.0490774 -0.998795 -0
    outer loop
      vertex 135 17.5 100
      vertex 134.363 17.5313 4.2
      vertex 135 17.5 4.2
    endloop
  endfacet
  facet normal -0.740436 0.672127 0
    outer loop
      vertex 129.975 28.1236 4.2
      vertex 130.404 28.5962 100
      vertex 130.404 28.5962 4.2
    endloop
  endfacet
  facet normal -0.740436 0.672127 0
    outer loop
      vertex 130.404 28.5962 100
      vertex 129.975 28.1236 4.2
      vertex 129.975 28.1236 100
    endloop
  endfacet
  facet normal -0.941476 0.337081 0
    outer loop
      vertex 128.78 25.8869 4.2
      vertex 128.995 26.4874 100
      vertex 128.995 26.4874 4.2
    endloop
  endfacet
  facet normal -0.941476 0.337081 0
    outer loop
      vertex 128.995 26.4874 100
      vertex 128.78 25.8869 4.2
      vertex 128.78 25.8869 100
    endloop
  endfacet
  facet normal 0.903843 -0.427864 0
    outer loop
      vertex 140.732 20.9359 100
      vertex 141.005 21.5126 4.2
      vertex 141.005 21.5126 100
    endloop
  endfacet
  facet normal 0.903843 -0.427864 0
    outer loop
      vertex 141.005 21.5126 4.2
      vertex 140.732 20.9359 100
      vertex 140.732 20.9359 4.2
    endloop
  endfacet
  facet normal 0.0490774 -0.998795 0
    outer loop
      vertex 135 17.5 4.2
      vertex 135.637 17.5313 100
      vertex 135 17.5 100
    endloop
  endfacet
  facet normal 0.0490774 -0.998795 0
    outer loop
      vertex 135.637 17.5313 100
      vertex 135 17.5 4.2
      vertex 135.637 17.5313 4.2
    endloop
  endfacet
  facet normal 0.941476 -0.337081 0
    outer loop
      vertex 141.005 21.5126 100
      vertex 141.22 22.1131 4.2
      vertex 141.22 22.1131 100
    endloop
  endfacet
  facet normal 0.941476 -0.337081 0
    outer loop
      vertex 141.22 22.1131 4.2
      vertex 141.005 21.5126 100
      vertex 141.005 21.5126 4.2
    endloop
  endfacet
  facet normal -0.998818 0.0486005 0
    outer loop
      vertex 128.5 24 4.2
      vertex 128.531 24.6371 100
      vertex 128.531 24.6371 4.2
    endloop
  endfacet
  facet normal -0.998818 0.0486005 0
    outer loop
      vertex 128.531 24.6371 100
      vertex 128.5 24 4.2
      vertex 128.5 24 100
    endloop
  endfacet
  facet normal 0.740436 0.672127 0
    outer loop
      vertex 140.025 28.1236 100
      vertex 139.596 28.5962 4.2
      vertex 139.596 28.5962 100
    endloop
  endfacet
  facet normal 0.740436 0.672127 0
    outer loop
      vertex 139.596 28.5962 4.2
      vertex 140.025 28.1236 100
      vertex 140.025 28.1236 4.2
    endloop
  endfacet
  facet normal 0.595228 -0.803557 0
    outer loop
      vertex 138.611 18.5954 4.2
      vertex 139.124 18.9754 100
      vertex 138.611 18.5954 100
    endloop
  endfacet
  facet normal 0.595228 -0.803557 0
    outer loop
      vertex 139.124 18.9754 100
      vertex 138.611 18.5954 4.2
      vertex 139.124 18.9754 4.2
    endloop
  endfacet
  facet normal 0.858364 -0.513041 0
    outer loop
      vertex 140.405 20.3888 100
      vertex 140.732 20.9359 4.2
      vertex 140.732 20.9359 100
    endloop
  endfacet
  facet normal 0.858364 -0.513041 0
    outer loop
      vertex 140.732 20.9359 4.2
      vertex 140.405 20.3888 100
      vertex 140.405 20.3888 4.2
    endloop
  endfacet
  facet normal -0.858364 0.513041 0
    outer loop
      vertex 129.268 27.0641 4.2
      vertex 129.595 27.6112 100
      vertex 129.595 27.6112 4.2
    endloop
  endfacet
  facet normal -0.858364 0.513041 0
    outer loop
      vertex 129.595 27.6112 100
      vertex 129.268 27.0641 4.2
      vertex 129.268 27.0641 100
    endloop
  endfacet
  facet normal -0.858364 -0.513041 0
    outer loop
      vertex 129.595 20.3888 4.2
      vertex 129.268 20.9359 100
      vertex 129.268 20.9359 4.2
    endloop
  endfacet
  facet normal -0.858364 -0.513041 0
    outer loop
      vertex 129.268 20.9359 100
      vertex 129.595 20.3888 4.2
      vertex 129.595 20.3888 100
    endloop
  endfacet
  facet normal -0.998818 -0.0486005 0
    outer loop
      vertex 128.531 23.3629 4.2
      vertex 128.5 24 100
      vertex 128.5 24 4.2
    endloop
  endfacet
  facet normal -0.998818 -0.0486005 0
    outer loop
      vertex 128.5 24 100
      vertex 128.531 23.3629 4.2
      vertex 128.531 23.3629 100
    endloop
  endfacet
  facet normal -0.14673 -0.989177 0
    outer loop
      vertex 133.732 17.6249 4.2
      vertex 134.363 17.5313 100
      vertex 133.732 17.6249 100
    endloop
  endfacet
  facet normal -0.14673 -0.989177 -0
    outer loop
      vertex 134.363 17.5313 100
      vertex 133.732 17.6249 4.2
      vertex 134.363 17.5313 4.2
    endloop
  endfacet
  facet normal -0.803224 0.595677 0
    outer loop
      vertex 129.595 27.6112 4.2
      vertex 129.975 28.1236 100
      vertex 129.975 28.1236 4.2
    endloop
  endfacet
  facet normal -0.803224 0.595677 0
    outer loop
      vertex 129.975 28.1236 100
      vertex 129.595 27.6112 4.2
      vertex 129.595 27.6112 100
    endloop
  endfacet
  facet normal 0.98918 0.14671 0
    outer loop
      vertex 85.947 150.078 11.2
      vertex 85.7886 151.146 4.2
      vertex 85.7886 151.146 11.2
    endloop
  endfacet
  facet normal 0.98918 0.14671 0
    outer loop
      vertex 85.7886 151.146 4.2
      vertex 85.947 150.078 11.2
      vertex 85.947 150.078 4.2
    endloop
  endfacet
  facet normal 0.998794 0.0491058 0
    outer loop
      vertex 86 149 11.2
      vertex 85.947 150.078 4.2
      vertex 85.947 150.078 11.2
    endloop
  endfacet
  facet normal 0.998794 0.0491058 0
    outer loop
      vertex 85.947 150.078 4.2
      vertex 86 149 11.2
      vertex 86 149 4.2
    endloop
  endfacet
  facet normal 0.970022 0.243015 0
    outer loop
      vertex 85.7886 151.146 11.2
      vertex 85.5263 152.193 4.2
      vertex 85.5263 152.193 11.2
    endloop
  endfacet
  facet normal 0.970022 0.243015 0
    outer loop
      vertex 85.5263 152.193 4.2
      vertex 85.7886 151.146 11.2
      vertex 85.7886 151.146 4.2
    endloop
  endfacet
  facet normal 0.427883 0.903834 -0
    outer loop
      vertex 80.1854 158.701 4.2
      vertex 79.2095 159.163 11.2
      vertex 80.1854 158.701 11.2
    endloop
  endfacet
  facet normal 0.427883 0.903834 0
    outer loop
      vertex 79.2095 159.163 11.2
      vertex 80.1854 158.701 4.2
      vertex 79.2095 159.163 4.2
    endloop
  endfacet
  facet normal -0.243603 0.969875 0
    outer loop
      vertex 72.854 159.789 4.2
      vertex 71.8069 159.526 11.2
      vertex 72.854 159.789 11.2
    endloop
  endfacet
  facet normal -0.243603 0.969875 0
    outer loop
      vertex 71.8069 159.526 11.2
      vertex 72.854 159.789 4.2
      vertex 71.8069 159.526 4.2
    endloop
  endfacet
  facet normal 0.998794 -0.0491058 0
    outer loop
      vertex 85.947 147.922 11.2
      vertex 86 149 4.2
      vertex 86 149 11.2
    endloop
  endfacet
  facet normal 0.998794 -0.0491058 0
    outer loop
      vertex 86 149 4.2
      vertex 85.947 147.922 11.2
      vertex 85.947 147.922 4.2
    endloop
  endfacet
  facet normal -0.336336 -0.941742 0
    outer loop
      vertex 70.7905 138.837 4.2
      vertex 71.8069 138.474 11.2
      vertex 70.7905 138.837 11.2
    endloop
  endfacet
  facet normal -0.336336 -0.941742 -0
    outer loop
      vertex 71.8069 138.474 11.2
      vertex 70.7905 138.837 4.2
      vertex 71.8069 138.474 4.2
    endloop
  endfacet
  facet normal 0.803168 -0.595752 0
    outer loop
      vertex 83.5031 142.022 11.2
      vertex 84.1462 142.889 4.2
      vertex 84.1462 142.889 11.2
    endloop
  endfacet
  facet normal 0.803168 -0.595752 0
    outer loop
      vertex 84.1462 142.889 4.2
      vertex 83.5031 142.022 11.2
      vertex 83.5031 142.022 4.2
    endloop
  endfacet
  facet normal 0.243603 -0.969875 0
    outer loop
      vertex 77.146 138.211 4.2
      vertex 78.1931 138.474 11.2
      vertex 77.146 138.211 11.2
    endloop
  endfacet
  facet normal 0.243603 -0.969875 0
    outer loop
      vertex 78.1931 138.474 11.2
      vertex 77.146 138.211 4.2
      vertex 78.1931 138.474 4.2
    endloop
  endfacet
  facet normal -0.741033 -0.671469 0
    outer loop
      vertex 67.2218 141.222 4.2
      vertex 66.4969 142.022 11.2
      vertex 66.4969 142.022 4.2
    endloop
  endfacet
  facet normal -0.741033 -0.671469 0
    outer loop
      vertex 66.4969 142.022 11.2
      vertex 67.2218 141.222 4.2
      vertex 67.2218 141.222 11.2
    endloop
  endfacet
  facet normal -0.857779 -0.514019 0
    outer loop
      vertex 65.8538 142.889 4.2
      vertex 65.2989 143.815 11.2
      vertex 65.2989 143.815 4.2
    endloop
  endfacet
  facet normal -0.857779 -0.514019 0
    outer loop
      vertex 65.2989 143.815 11.2
      vertex 65.8538 142.889 4.2
      vertex 65.8538 142.889 11.2
    endloop
  endfacet
  facet normal -0.595693 -0.803212 0
    outer loop
      vertex 68.0217 140.497 4.2
      vertex 68.8887 139.854 11.2
      vertex 68.0217 140.497 11.2
    endloop
  endfacet
  facet normal -0.595693 -0.803212 -0
    outer loop
      vertex 68.8887 139.854 11.2
      vertex 68.0217 140.497 4.2
      vertex 68.8887 139.854 4.2
    endloop
  endfacet
  facet normal -0.803168 0.595752 0
    outer loop
      vertex 65.8538 155.111 4.2
      vertex 66.4969 155.978 11.2
      vertex 66.4969 155.978 4.2
    endloop
  endfacet
  facet normal -0.803168 0.595752 0
    outer loop
      vertex 66.4969 155.978 11.2
      vertex 65.8538 155.111 4.2
      vertex 65.8538 155.111 11.2
    endloop
  endfacet
  facet normal 0.146374 0.989229 -0
    outer loop
      vertex 77.146 159.789 4.2
      vertex 76.0782 159.947 11.2
      vertex 77.146 159.789 11.2
    endloop
  endfacet
  facet normal 0.146374 0.989229 0
    outer loop
      vertex 76.0782 159.947 11.2
      vertex 77.146 159.789 4.2
      vertex 76.0782 159.947 4.2
    endloop
  endfacet
  facet normal 0.146374 -0.989229 0
    outer loop
      vertex 76.0782 138.053 4.2
      vertex 77.146 138.211 11.2
      vertex 76.0782 138.053 11.2
    endloop
  endfacet
  facet normal 0.146374 -0.989229 0
    outer loop
      vertex 77.146 138.211 11.2
      vertex 76.0782 138.053 4.2
      vertex 77.146 138.211 4.2
    endloop
  endfacet
  facet normal 0.427883 -0.903834 0
    outer loop
      vertex 79.2095 138.837 4.2
      vertex 80.1854 139.299 11.2
      vertex 79.2095 138.837 11.2
    endloop
  endfacet
  facet normal 0.427883 -0.903834 0
    outer loop
      vertex 80.1854 139.299 11.2
      vertex 79.2095 138.837 4.2
      vertex 80.1854 139.299 4.2
    endloop
  endfacet
  facet normal 0.741033 0.671469 0
    outer loop
      vertex 83.5031 155.978 11.2
      vertex 82.7782 156.778 4.2
      vertex 82.7782 156.778 11.2
    endloop
  endfacet
  facet normal 0.741033 0.671469 0
    outer loop
      vertex 82.7782 156.778 4.2
      vertex 83.5031 155.978 11.2
      vertex 83.5031 155.978 4.2
    endloop
  endfacet
  facet normal -0.970022 -0.243015 0
    outer loop
      vertex 64.4737 145.807 4.2
      vertex 64.2114 146.854 11.2
      vertex 64.2114 146.854 4.2
    endloop
  endfacet
  facet normal -0.970022 -0.243015 0
    outer loop
      vertex 64.2114 146.854 11.2
      vertex 64.4737 145.807 4.2
      vertex 64.4737 145.807 11.2
    endloop
  endfacet
  facet normal -0.595693 0.803212 0
    outer loop
      vertex 68.8887 158.146 4.2
      vertex 68.0217 157.503 11.2
      vertex 68.8887 158.146 11.2
    endloop
  endfacet
  facet normal -0.595693 0.803212 0
    outer loop
      vertex 68.0217 157.503 11.2
      vertex 68.8887 158.146 4.2
      vertex 68.0217 157.503 4.2
    endloop
  endfacet
  facet normal -0.0490967 -0.998794 0
    outer loop
      vertex 73.9218 138.053 4.2
      vertex 75 138 11.2
      vertex 73.9218 138.053 11.2
    endloop
  endfacet
  facet normal -0.0490967 -0.998794 -0
    outer loop
      vertex 75 138 11.2
      vertex 73.9218 138.053 4.2
      vertex 75 138 4.2
    endloop
  endfacet
  facet normal -0.336336 0.941742 0
    outer loop
      vertex 71.8069 159.526 4.2
      vertex 70.7905 159.163 11.2
      vertex 71.8069 159.526 11.2
    endloop
  endfacet
  facet normal -0.336336 0.941742 0
    outer loop
      vertex 70.7905 159.163 11.2
      vertex 71.8069 159.526 4.2
      vertex 70.7905 159.163 4.2
    endloop
  endfacet
  facet normal -0.98918 -0.14671 0
    outer loop
      vertex 64.2114 146.854 4.2
      vertex 64.053 147.922 11.2
      vertex 64.053 147.922 4.2
    endloop
  endfacet
  facet normal -0.98918 -0.14671 0
    outer loop
      vertex 64.053 147.922 11.2
      vertex 64.2114 146.854 4.2
      vertex 64.2114 146.854 11.2
    endloop
  endfacet
  facet normal 0.595693 -0.803212 0
    outer loop
      vertex 81.1113 139.854 4.2
      vertex 81.9783 140.497 11.2
      vertex 81.1113 139.854 11.2
    endloop
  endfacet
  facet normal 0.595693 -0.803212 0
    outer loop
      vertex 81.9783 140.497 11.2
      vertex 81.1113 139.854 4.2
      vertex 81.9783 140.497 4.2
    endloop
  endfacet
  facet normal 0.0490967 -0.998794 0
    outer loop
      vertex 75 138 4.2
      vertex 76.0782 138.053 11.2
      vertex 75 138 11.2
    endloop
  endfacet
  facet normal 0.0490967 -0.998794 0
    outer loop
      vertex 76.0782 138.053 11.2
      vertex 75 138 4.2
      vertex 76.0782 138.053 4.2
    endloop
  endfacet
  facet normal 0.803168 0.595752 0
    outer loop
      vertex 84.1462 155.111 11.2
      vertex 83.5031 155.978 4.2
      vertex 83.5031 155.978 11.2
    endloop
  endfacet
  facet normal 0.803168 0.595752 0
    outer loop
      vertex 83.5031 155.978 4.2
      vertex 84.1462 155.111 11.2
      vertex 84.1462 155.111 4.2
    endloop
  endfacet
  facet normal -0.903825 -0.427903 0
    outer loop
      vertex 65.2989 143.815 4.2
      vertex 64.8373 144.79 11.2
      vertex 64.8373 144.79 4.2
    endloop
  endfacet
  facet normal -0.903825 -0.427903 0
    outer loop
      vertex 64.8373 144.79 11.2
      vertex 65.2989 143.815 4.2
      vertex 65.2989 143.815 11.2
    endloop
  endfacet
  facet normal 0.0490967 0.998794 -0
    outer loop
      vertex 76.0782 159.947 4.2
      vertex 75 160 11.2
      vertex 76.0782 159.947 11.2
    endloop
  endfacet
  facet normal 0.0490967 0.998794 0
    outer loop
      vertex 75 160 11.2
      vertex 76.0782 159.947 4.2
      vertex 75 160 4.2
    endloop
  endfacet
  facet normal -0.514128 -0.857714 0
    outer loop
      vertex 68.8887 139.854 4.2
      vertex 69.8146 139.299 11.2
      vertex 68.8887 139.854 11.2
    endloop
  endfacet
  facet normal -0.514128 -0.857714 -0
    outer loop
      vertex 69.8146 139.299 11.2
      vertex 68.8887 139.854 4.2
      vertex 69.8146 139.299 4.2
    endloop
  endfacet
  facet normal 0.336336 0.941742 -0
    outer loop
      vertex 79.2095 159.163 4.2
      vertex 78.1931 159.526 11.2
      vertex 79.2095 159.163 11.2
    endloop
  endfacet
  facet normal 0.336336 0.941742 0
    outer loop
      vertex 78.1931 159.526 11.2
      vertex 79.2095 159.163 4.2
      vertex 78.1931 159.526 4.2
    endloop
  endfacet
  facet normal -0.903825 0.427903 0
    outer loop
      vertex 64.8373 153.21 4.2
      vertex 65.2989 154.185 11.2
      vertex 65.2989 154.185 4.2
    endloop
  endfacet
  facet normal -0.903825 0.427903 0
    outer loop
      vertex 65.2989 154.185 11.2
      vertex 64.8373 153.21 4.2
      vertex 64.8373 153.21 11.2
    endloop
  endfacet
  facet normal 0.336336 -0.941742 0
    outer loop
      vertex 78.1931 138.474 4.2
      vertex 79.2095 138.837 11.2
      vertex 78.1931 138.474 11.2
    endloop
  endfacet
  facet normal 0.336336 -0.941742 0
    outer loop
      vertex 79.2095 138.837 11.2
      vertex 78.1931 138.474 4.2
      vertex 79.2095 138.837 4.2
    endloop
  endfacet
  facet normal 0.970022 -0.243015 0
    outer loop
      vertex 85.5263 145.807 11.2
      vertex 85.7886 146.854 4.2
      vertex 85.7886 146.854 11.2
    endloop
  endfacet
  facet normal 0.970022 -0.243015 0
    outer loop
      vertex 85.7886 146.854 4.2
      vertex 85.5263 145.807 11.2
      vertex 85.5263 145.807 4.2
    endloop
  endfacet
  facet normal 0.903825 -0.427903 0
    outer loop
      vertex 84.7011 143.815 11.2
      vertex 85.1627 144.79 4.2
      vertex 85.1627 144.79 11.2
    endloop
  endfacet
  facet normal 0.903825 -0.427903 0
    outer loop
      vertex 85.1627 144.79 4.2
      vertex 84.7011 143.815 11.2
      vertex 84.7011 143.815 4.2
    endloop
  endfacet
  facet normal 0.514128 0.857714 -0
    outer loop
      vertex 81.1113 158.146 4.2
      vertex 80.1854 158.701 11.2
      vertex 81.1113 158.146 11.2
    endloop
  endfacet
  facet normal 0.514128 0.857714 0
    outer loop
      vertex 80.1854 158.701 11.2
      vertex 81.1113 158.146 4.2
      vertex 80.1854 158.701 4.2
    endloop
  endfacet
  facet normal 0.941629 0.336653 0
    outer loop
      vertex 85.5263 152.193 11.2
      vertex 85.1627 153.21 4.2
      vertex 85.1627 153.21 11.2
    endloop
  endfacet
  facet normal 0.941629 0.336653 0
    outer loop
      vertex 85.1627 153.21 4.2
      vertex 85.5263 152.193 11.2
      vertex 85.5263 152.193 4.2
    endloop
  endfacet
  facet normal -0.427883 0.903834 0
    outer loop
      vertex 70.7905 159.163 4.2
      vertex 69.8146 158.701 11.2
      vertex 70.7905 159.163 11.2
    endloop
  endfacet
  facet normal -0.427883 0.903834 0
    outer loop
      vertex 69.8146 158.701 11.2
      vertex 70.7905 159.163 4.2
      vertex 69.8146 158.701 4.2
    endloop
  endfacet
  facet normal 0.595693 0.803212 -0
    outer loop
      vertex 81.9783 157.503 4.2
      vertex 81.1113 158.146 11.2
      vertex 81.9783 157.503 11.2
    endloop
  endfacet
  facet normal 0.595693 0.803212 0
    outer loop
      vertex 81.1113 158.146 11.2
      vertex 81.9783 157.503 4.2
      vertex 81.1113 158.146 4.2
    endloop
  endfacet
  facet normal 0.903825 0.427903 0
    outer loop
      vertex 85.1627 153.21 11.2
      vertex 84.7011 154.185 4.2
      vertex 84.7011 154.185 11.2
    endloop
  endfacet
  facet normal 0.903825 0.427903 0
    outer loop
      vertex 84.7011 154.185 4.2
      vertex 85.1627 153.21 11.2
      vertex 85.1627 153.21 4.2
    endloop
  endfacet
  facet normal 0.98918 -0.14671 0
    outer loop
      vertex 85.7886 146.854 11.2
      vertex 85.947 147.922 4.2
      vertex 85.947 147.922 11.2
    endloop
  endfacet
  facet normal 0.98918 -0.14671 0
    outer loop
      vertex 85.947 147.922 4.2
      vertex 85.7886 146.854 11.2
      vertex 85.7886 146.854 4.2
    endloop
  endfacet
  facet normal 0.741033 -0.671469 0
    outer loop
      vertex 82.7782 141.222 11.2
      vertex 83.5031 142.022 4.2
      vertex 83.5031 142.022 11.2
    endloop
  endfacet
  facet normal 0.741033 -0.671469 0
    outer loop
      vertex 83.5031 142.022 4.2
      vertex 82.7782 141.222 11.2
      vertex 82.7782 141.222 4.2
    endloop
  endfacet
  facet normal 0.857779 0.514019 0
    outer loop
      vertex 84.7011 154.185 11.2
      vertex 84.1462 155.111 4.2
      vertex 84.1462 155.111 11.2
    endloop
  endfacet
  facet normal 0.857779 0.514019 0
    outer loop
      vertex 84.1462 155.111 4.2
      vertex 84.7011 154.185 11.2
      vertex 84.7011 154.185 4.2
    endloop
  endfacet
  facet normal -0.98918 0.14671 0
    outer loop
      vertex 64.053 150.078 4.2
      vertex 64.2114 151.146 11.2
      vertex 64.2114 151.146 4.2
    endloop
  endfacet
  facet normal -0.98918 0.14671 0
    outer loop
      vertex 64.2114 151.146 11.2
      vertex 64.053 150.078 4.2
      vertex 64.053 150.078 11.2
    endloop
  endfacet
  facet normal -0.146374 0.989229 0
    outer loop
      vertex 73.9218 159.947 4.2
      vertex 72.854 159.789 11.2
      vertex 73.9218 159.947 11.2
    endloop
  endfacet
  facet normal -0.146374 0.989229 0
    outer loop
      vertex 72.854 159.789 11.2
      vertex 73.9218 159.947 4.2
      vertex 72.854 159.789 4.2
    endloop
  endfacet
  facet normal -0.671566 0.740945 0
    outer loop
      vertex 68.0217 157.503 4.2
      vertex 67.2218 156.778 11.2
      vertex 68.0217 157.503 11.2
    endloop
  endfacet
  facet normal -0.671566 0.740945 0
    outer loop
      vertex 67.2218 156.778 11.2
      vertex 68.0217 157.503 4.2
      vertex 67.2218 156.778 4.2
    endloop
  endfacet
  facet normal -0.941629 0.336653 0
    outer loop
      vertex 64.4737 152.193 4.2
      vertex 64.8373 153.21 11.2
      vertex 64.8373 153.21 4.2
    endloop
  endfacet
  facet normal -0.941629 0.336653 0
    outer loop
      vertex 64.8373 153.21 11.2
      vertex 64.4737 152.193 4.2
      vertex 64.4737 152.193 11.2
    endloop
  endfacet
  facet normal -0.741033 0.671469 0
    outer loop
      vertex 66.4969 155.978 4.2
      vertex 67.2218 156.778 11.2
      vertex 67.2218 156.778 4.2
    endloop
  endfacet
  facet normal -0.741033 0.671469 0
    outer loop
      vertex 67.2218 156.778 11.2
      vertex 66.4969 155.978 4.2
      vertex 66.4969 155.978 11.2
    endloop
  endfacet
  facet normal -0.146374 -0.989229 0
    outer loop
      vertex 72.854 138.211 4.2
      vertex 73.9218 138.053 11.2
      vertex 72.854 138.211 11.2
    endloop
  endfacet
  facet normal -0.146374 -0.989229 -0
    outer loop
      vertex 73.9218 138.053 11.2
      vertex 72.854 138.211 4.2
      vertex 73.9218 138.053 4.2
    endloop
  endfacet
  facet normal -0.671566 -0.740945 0
    outer loop
      vertex 67.2218 141.222 4.2
      vertex 68.0217 140.497 11.2
      vertex 67.2218 141.222 11.2
    endloop
  endfacet
  facet normal -0.671566 -0.740945 -0
    outer loop
      vertex 68.0217 140.497 11.2
      vertex 67.2218 141.222 4.2
      vertex 68.0217 140.497 4.2
    endloop
  endfacet
  facet normal -0.941629 -0.336653 0
    outer loop
      vertex 64.8373 144.79 4.2
      vertex 64.4737 145.807 11.2
      vertex 64.4737 145.807 4.2
    endloop
  endfacet
  facet normal -0.941629 -0.336653 0
    outer loop
      vertex 64.4737 145.807 11.2
      vertex 64.8373 144.79 4.2
      vertex 64.8373 144.79 11.2
    endloop
  endfacet
  facet normal -0.970022 0.243015 0
    outer loop
      vertex 64.2114 151.146 4.2
      vertex 64.4737 152.193 11.2
      vertex 64.4737 152.193 4.2
    endloop
  endfacet
  facet normal -0.970022 0.243015 0
    outer loop
      vertex 64.4737 152.193 11.2
      vertex 64.2114 151.146 4.2
      vertex 64.2114 151.146 11.2
    endloop
  endfacet
  facet normal -0.0490967 0.998794 0
    outer loop
      vertex 75 160 4.2
      vertex 73.9218 159.947 11.2
      vertex 75 160 11.2
    endloop
  endfacet
  facet normal -0.0490967 0.998794 0
    outer loop
      vertex 73.9218 159.947 11.2
      vertex 75 160 4.2
      vertex 73.9218 159.947 4.2
    endloop
  endfacet
  facet normal -0.514128 0.857714 0
    outer loop
      vertex 69.8146 158.701 4.2
      vertex 68.8887 158.146 11.2
      vertex 69.8146 158.701 11.2
    endloop
  endfacet
  facet normal -0.514128 0.857714 0
    outer loop
      vertex 68.8887 158.146 11.2
      vertex 69.8146 158.701 4.2
      vertex 68.8887 158.146 4.2
    endloop
  endfacet
  facet normal 0.857779 -0.514019 0
    outer loop
      vertex 84.1462 142.889 11.2
      vertex 84.7011 143.815 4.2
      vertex 84.7011 143.815 11.2
    endloop
  endfacet
  facet normal 0.857779 -0.514019 0
    outer loop
      vertex 84.7011 143.815 4.2
      vertex 84.1462 142.889 11.2
      vertex 84.1462 142.889 4.2
    endloop
  endfacet
  facet normal 0.514128 -0.857714 0
    outer loop
      vertex 80.1854 139.299 4.2
      vertex 81.1113 139.854 11.2
      vertex 80.1854 139.299 11.2
    endloop
  endfacet
  facet normal 0.514128 -0.857714 0
    outer loop
      vertex 81.1113 139.854 11.2
      vertex 80.1854 139.299 4.2
      vertex 81.1113 139.854 4.2
    endloop
  endfacet
  facet normal -0.427883 -0.903834 0
    outer loop
      vertex 69.8146 139.299 4.2
      vertex 70.7905 138.837 11.2
      vertex 69.8146 139.299 11.2
    endloop
  endfacet
  facet normal -0.427883 -0.903834 -0
    outer loop
      vertex 70.7905 138.837 11.2
      vertex 69.8146 139.299 4.2
      vertex 70.7905 138.837 4.2
    endloop
  endfacet
  facet normal -0.857779 0.514019 0
    outer loop
      vertex 65.2989 154.185 4.2
      vertex 65.8538 155.111 11.2
      vertex 65.8538 155.111 4.2
    endloop
  endfacet
  facet normal -0.857779 0.514019 0
    outer loop
      vertex 65.8538 155.111 11.2
      vertex 65.2989 154.185 4.2
      vertex 65.2989 154.185 11.2
    endloop
  endfacet
  facet normal 0.671566 0.740945 -0
    outer loop
      vertex 82.7782 156.778 4.2
      vertex 81.9783 157.503 11.2
      vertex 82.7782 156.778 11.2
    endloop
  endfacet
  facet normal 0.671566 0.740945 0
    outer loop
      vertex 81.9783 157.503 11.2
      vertex 82.7782 156.778 4.2
      vertex 81.9783 157.503 4.2
    endloop
  endfacet
  facet normal 0.941629 -0.336653 0
    outer loop
      vertex 85.1627 144.79 11.2
      vertex 85.5263 145.807 4.2
      vertex 85.5263 145.807 11.2
    endloop
  endfacet
  facet normal 0.941629 -0.336653 0
    outer loop
      vertex 85.5263 145.807 4.2
      vertex 85.1627 144.79 11.2
      vertex 85.1627 144.79 4.2
    endloop
  endfacet
  facet normal 0.671566 -0.740945 0
    outer loop
      vertex 81.9783 140.497 4.2
      vertex 82.7782 141.222 11.2
      vertex 81.9783 140.497 11.2
    endloop
  endfacet
  facet normal 0.671566 -0.740945 0
    outer loop
      vertex 82.7782 141.222 11.2
      vertex 81.9783 140.497 4.2
      vertex 82.7782 141.222 4.2
    endloop
  endfacet
  facet normal 0.243603 0.969875 -0
    outer loop
      vertex 78.1931 159.526 4.2
      vertex 77.146 159.789 11.2
      vertex 78.1931 159.526 11.2
    endloop
  endfacet
  facet normal 0.243603 0.969875 0
    outer loop
      vertex 77.146 159.789 11.2
      vertex 78.1931 159.526 4.2
      vertex 77.146 159.789 4.2
    endloop
  endfacet
  facet normal -0.998794 0.0491058 0
    outer loop
      vertex 64 149 4.2
      vertex 64.053 150.078 11.2
      vertex 64.053 150.078 4.2
    endloop
  endfacet
  facet normal -0.998794 0.0491058 0
    outer loop
      vertex 64.053 150.078 11.2
      vertex 64 149 4.2
      vertex 64 149 11.2
    endloop
  endfacet
  facet normal -0.998794 -0.0491058 0
    outer loop
      vertex 64.053 147.922 4.2
      vertex 64 149 11.2
      vertex 64 149 4.2
    endloop
  endfacet
  facet normal -0.998794 -0.0491058 0
    outer loop
      vertex 64 149 11.2
      vertex 64.053 147.922 4.2
      vertex 64.053 147.922 11.2
    endloop
  endfacet
  facet normal -0.243603 -0.969875 0
    outer loop
      vertex 71.8069 138.474 4.2
      vertex 72.854 138.211 11.2
      vertex 71.8069 138.474 11.2
    endloop
  endfacet
  facet normal -0.243603 -0.969875 -0
    outer loop
      vertex 72.854 138.211 11.2
      vertex 71.8069 138.474 4.2
      vertex 72.854 138.211 4.2
    endloop
  endfacet
  facet normal 0 0 1
    outer loop
      vertex 81.5 149 11.2
      vertex 86 149 11.2
      vertex 85.947 150.078 11.2
    endloop
  endfacet
  facet normal 0 0 1
    outer loop
      vertex 81.4687 149.637 11.2
      vertex 85.947 150.078 11.2
      vertex 85.7886 151.146 11.2
    endloop
  endfacet
  facet normal 0 0 1
    outer loop
      vertex 86 149 11.2
      vertex 81.5 149 11.2
      vertex 85.947 147.922 11.2
    endloop
  endfacet
  facet normal 0 0 1
    outer loop
      vertex 81.3751 150.268 11.2
      vertex 85.7886 151.146 11.2
      vertex 85.5263 152.193 11.2
    endloop
  endfacet
  facet normal -0 0 1
    outer loop
      vertex 81.4687 148.363 11.2
      vertex 85.947 147.922 11.2
      vertex 81.5 149 11.2
    endloop
  endfacet
  facet normal 0 0 1
    outer loop
      vertex 81.2201 150.887 11.2
      vertex 85.5263 152.193 11.2
      vertex 85.1627 153.21 11.2
    endloop
  endfacet
  facet normal 0 0 1
    outer loop
      vertex 85.947 147.922 11.2
      vertex 81.4687 148.363 11.2
      vertex 85.7886 146.854 11.2
    endloop
  endfacet
  facet normal 0 0 1
    outer loop
      vertex 81.0052 151.487 11.2
      vertex 85.1627 153.21 11.2
      vertex 84.7011 154.185 11.2
    endloop
  endfacet
  facet normal -0 0 1
    outer loop
      vertex 81.3751 147.732 11.2
      vertex 85.7886 146.854 11.2
      vertex 81.4687 148.363 11.2
    endloop
  endfacet
  facet normal 0 0 1
    outer loop
      vertex 80.7325 152.064 11.2
      vertex 84.7011 154.185 11.2
      vertex 84.1462 155.111 11.2
    endloop
  endfacet
  facet normal 0 0 1
    outer loop
      vertex 85.7886 146.854 11.2
      vertex 81.3751 147.732 11.2
      vertex 85.5263 145.807 11.2
    endloop
  endfacet
  facet normal 0 0 1
    outer loop
      vertex 80.4046 152.611 11.2
      vertex 84.1462 155.111 11.2
      vertex 83.5031 155.978 11.2
    endloop
  endfacet
  facet normal -0 0 1
    outer loop
      vertex 81.2201 147.113 11.2
      vertex 85.5263 145.807 11.2
      vertex 81.3751 147.732 11.2
    endloop
  endfacet
  facet normal 0 0 1
    outer loop
      vertex 80.0246 153.124 11.2
      vertex 83.5031 155.978 11.2
      vertex 82.7782 156.778 11.2
    endloop
  endfacet
  facet normal 0 0 1
    outer loop
      vertex 85.5263 145.807 11.2
      vertex 81.2201 147.113 11.2
      vertex 85.1627 144.79 11.2
    endloop
  endfacet
  facet normal 0 0 1
    outer loop
      vertex 79.5962 153.596 11.2
      vertex 82.7782 156.778 11.2
      vertex 81.9783 157.503 11.2
    endloop
  endfacet
  facet normal -0 0 1
    outer loop
      vertex 81.0052 146.513 11.2
      vertex 85.1627 144.79 11.2
      vertex 81.2201 147.113 11.2
    endloop
  endfacet
  facet normal 0 0 1
    outer loop
      vertex 85.1627 144.79 11.2
      vertex 81.0052 146.513 11.2
      vertex 84.7011 143.815 11.2
    endloop
  endfacet
  facet normal 0 0 1
    outer loop
      vertex 85.947 150.078 11.2
      vertex 81.4687 149.637 11.2
      vertex 81.5 149 11.2
    endloop
  endfacet
  facet normal 0 0 1
    outer loop
      vertex 85.7886 151.146 11.2
      vertex 81.3751 150.268 11.2
      vertex 81.4687 149.637 11.2
    endloop
  endfacet
  facet normal 0 0 1
    outer loop
      vertex 85.5263 152.193 11.2
      vertex 81.2201 150.887 11.2
      vertex 81.3751 150.268 11.2
    endloop
  endfacet
  facet normal 0 0 1
    outer loop
      vertex 79.1236 154.025 11.2
      vertex 81.9783 157.503 11.2
      vertex 81.1113 158.146 11.2
    endloop
  endfacet
  facet normal 0 0 1
    outer loop
      vertex 85.1627 153.21 11.2
      vertex 81.0052 151.487 11.2
      vertex 81.2201 150.887 11.2
    endloop
  endfacet
  facet normal 0 0 1
    outer loop
      vertex 84.7011 154.185 11.2
      vertex 80.7325 152.064 11.2
      vertex 81.0052 151.487 11.2
    endloop
  endfacet
  facet normal 0 0 1
    outer loop
      vertex 84.1462 155.111 11.2
      vertex 80.4046 152.611 11.2
      vertex 80.7325 152.064 11.2
    endloop
  endfacet
  facet normal 0 0 1
    outer loop
      vertex 78.6112 154.405 11.2
      vertex 81.1113 158.146 11.2
      vertex 80.1854 158.701 11.2
    endloop
  endfacet
  facet normal 0 0 1
    outer loop
      vertex 83.5031 155.978 11.2
      vertex 80.0246 153.124 11.2
      vertex 80.4046 152.611 11.2
    endloop
  endfacet
  facet normal 0 0 1
    outer loop
      vertex 82.7782 156.778 11.2
      vertex 79.5962 153.596 11.2
      vertex 80.0246 153.124 11.2
    endloop
  endfacet
  facet normal 0 0 1
    outer loop
      vertex 78.0641 154.732 11.2
      vertex 80.1854 158.701 11.2
      vertex 79.2095 159.163 11.2
    endloop
  endfacet
  facet normal 0 0 1
    outer loop
      vertex 81.9783 157.503 11.2
      vertex 79.1236 154.025 11.2
      vertex 79.5962 153.596 11.2
    endloop
  endfacet
  facet normal 0 0 1
    outer loop
      vertex 81.1113 158.146 11.2
      vertex 78.6112 154.405 11.2
      vertex 79.1236 154.025 11.2
    endloop
  endfacet
  facet normal 0 0 1
    outer loop
      vertex 77.4874 155.005 11.2
      vertex 79.2095 159.163 11.2
      vertex 78.1931 159.526 11.2
    endloop
  endfacet
  facet normal 0 0 1
    outer loop
      vertex 80.1854 158.701 11.2
      vertex 78.0641 154.732 11.2
      vertex 78.6112 154.405 11.2
    endloop
  endfacet
  facet normal 0 0 1
    outer loop
      vertex 79.2095 159.163 11.2
      vertex 77.4874 155.005 11.2
      vertex 78.0641 154.732 11.2
    endloop
  endfacet
  facet normal 0 0 1
    outer loop
      vertex 76.8868 155.22 11.2
      vertex 78.1931 159.526 11.2
      vertex 77.146 159.789 11.2
    endloop
  endfacet
  facet normal 0 0 1
    outer loop
      vertex 78.1931 159.526 11.2
      vertex 76.8868 155.22 11.2
      vertex 77.4874 155.005 11.2
    endloop
  endfacet
  facet normal 0 0 1
    outer loop
      vertex 77.146 159.789 11.2
      vertex 76.2681 155.375 11.2
      vertex 76.8868 155.22 11.2
    endloop
  endfacet
  facet normal 0 0 1
    outer loop
      vertex 76.0782 159.947 11.2
      vertex 76.2681 155.375 11.2
      vertex 77.146 159.789 11.2
    endloop
  endfacet
  facet normal 0 0 1
    outer loop
      vertex 76.0782 159.947 11.2
      vertex 75.6371 155.469 11.2
      vertex 76.2681 155.375 11.2
    endloop
  endfacet
  facet normal 0 0 1
    outer loop
      vertex 75 160 11.2
      vertex 75.6371 155.469 11.2
      vertex 76.0782 159.947 11.2
    endloop
  endfacet
  facet normal 0 0 1
    outer loop
      vertex 75 160 11.2
      vertex 75 155.5 11.2
      vertex 75.6371 155.469 11.2
    endloop
  endfacet
  facet normal 0 0 1
    outer loop
      vertex 75 160 11.2
      vertex 74.3629 155.469 11.2
      vertex 75 155.5 11.2
    endloop
  endfacet
  facet normal -0 0 1
    outer loop
      vertex 73.9218 159.947 11.2
      vertex 74.3629 155.469 11.2
      vertex 75 160 11.2
    endloop
  endfacet
  facet normal 0 0 1
    outer loop
      vertex 73.9218 159.947 11.2
      vertex 73.7319 155.375 11.2
      vertex 74.3629 155.469 11.2
    endloop
  endfacet
  facet normal -0 0 1
    outer loop
      vertex 72.854 159.789 11.2
      vertex 73.7319 155.375 11.2
      vertex 73.9218 159.947 11.2
    endloop
  endfacet
  facet normal 0 0 1
    outer loop
      vertex 73.7319 155.375 11.2
      vertex 72.854 159.789 11.2
      vertex 73.1132 155.22 11.2
    endloop
  endfacet
  facet normal -0 0 1
    outer loop
      vertex 71.8069 159.526 11.2
      vertex 73.1132 155.22 11.2
      vertex 72.854 159.789 11.2
    endloop
  endfacet
  facet normal 0 0 1
    outer loop
      vertex 73.1132 155.22 11.2
      vertex 71.8069 159.526 11.2
      vertex 72.5126 155.005 11.2
    endloop
  endfacet
  facet normal -0 0 1
    outer loop
      vertex 70.7905 159.163 11.2
      vertex 72.5126 155.005 11.2
      vertex 71.8069 159.526 11.2
    endloop
  endfacet
  facet normal 0 0 1
    outer loop
      vertex 72.5126 155.005 11.2
      vertex 70.7905 159.163 11.2
      vertex 71.9359 154.732 11.2
    endloop
  endfacet
  facet normal -0 0 1
    outer loop
      vertex 69.8146 158.701 11.2
      vertex 71.9359 154.732 11.2
      vertex 70.7905 159.163 11.2
    endloop
  endfacet
  facet normal 0 0 1
    outer loop
      vertex 71.9359 154.732 11.2
      vertex 69.8146 158.701 11.2
      vertex 71.3888 154.405 11.2
    endloop
  endfacet
  facet normal -0 0 1
    outer loop
      vertex 68.8887 158.146 11.2
      vertex 71.3888 154.405 11.2
      vertex 69.8146 158.701 11.2
    endloop
  endfacet
  facet normal 0 0 1
    outer loop
      vertex 71.3888 154.405 11.2
      vertex 68.8887 158.146 11.2
      vertex 70.8764 154.025 11.2
    endloop
  endfacet
  facet normal -0 0 1
    outer loop
      vertex 68.0217 157.503 11.2
      vertex 70.8764 154.025 11.2
      vertex 68.8887 158.146 11.2
    endloop
  endfacet
  facet normal 0 0 1
    outer loop
      vertex 70.8764 154.025 11.2
      vertex 68.0217 157.503 11.2
      vertex 70.4038 153.596 11.2
    endloop
  endfacet
  facet normal -0 0 1
    outer loop
      vertex 67.2218 156.778 11.2
      vertex 70.4038 153.596 11.2
      vertex 68.0217 157.503 11.2
    endloop
  endfacet
  facet normal 0 0 1
    outer loop
      vertex 70.4038 153.596 11.2
      vertex 67.2218 156.778 11.2
      vertex 69.9754 153.124 11.2
    endloop
  endfacet
  facet normal -0 0 1
    outer loop
      vertex 66.4969 155.978 11.2
      vertex 69.9754 153.124 11.2
      vertex 67.2218 156.778 11.2
    endloop
  endfacet
  facet normal 0 0 1
    outer loop
      vertex 69.9754 153.124 11.2
      vertex 66.4969 155.978 11.2
      vertex 69.5954 152.611 11.2
    endloop
  endfacet
  facet normal -0 0 1
    outer loop
      vertex 65.8538 155.111 11.2
      vertex 69.5954 152.611 11.2
      vertex 66.4969 155.978 11.2
    endloop
  endfacet
  facet normal 0 0 1
    outer loop
      vertex 69.5954 152.611 11.2
      vertex 65.8538 155.111 11.2
      vertex 69.2675 152.064 11.2
    endloop
  endfacet
  facet normal -0 0 1
    outer loop
      vertex 65.2989 154.185 11.2
      vertex 69.2675 152.064 11.2
      vertex 65.8538 155.111 11.2
    endloop
  endfacet
  facet normal 0 0 1
    outer loop
      vertex 69.2675 152.064 11.2
      vertex 65.2989 154.185 11.2
      vertex 68.9948 151.487 11.2
    endloop
  endfacet
  facet normal -0 0 1
    outer loop
      vertex 80.7325 145.936 11.2
      vertex 84.7011 143.815 11.2
      vertex 81.0052 146.513 11.2
    endloop
  endfacet
  facet normal 0 0 1
    outer loop
      vertex 84.7011 143.815 11.2
      vertex 80.7325 145.936 11.2
      vertex 84.1462 142.889 11.2
    endloop
  endfacet
  facet normal -0 0 1
    outer loop
      vertex 80.4046 145.389 11.2
      vertex 84.1462 142.889 11.2
      vertex 80.7325 145.936 11.2
    endloop
  endfacet
  facet normal 0 0 1
    outer loop
      vertex 84.1462 142.889 11.2
      vertex 80.4046 145.389 11.2
      vertex 83.5031 142.022 11.2
    endloop
  endfacet
  facet normal -0 0 1
    outer loop
      vertex 80.0246 144.876 11.2
      vertex 83.5031 142.022 11.2
      vertex 80.4046 145.389 11.2
    endloop
  endfacet
  facet normal 0 0 1
    outer loop
      vertex 83.5031 142.022 11.2
      vertex 80.0246 144.876 11.2
      vertex 82.7782 141.222 11.2
    endloop
  endfacet
  facet normal -0 0 1
    outer loop
      vertex 79.5962 144.404 11.2
      vertex 82.7782 141.222 11.2
      vertex 80.0246 144.876 11.2
    endloop
  endfacet
  facet normal 0 0 1
    outer loop
      vertex 82.7782 141.222 11.2
      vertex 79.5962 144.404 11.2
      vertex 81.9783 140.497 11.2
    endloop
  endfacet
  facet normal -0 0 1
    outer loop
      vertex 79.1236 143.975 11.2
      vertex 81.9783 140.497 11.2
      vertex 79.5962 144.404 11.2
    endloop
  endfacet
  facet normal 0 0 1
    outer loop
      vertex 81.9783 140.497 11.2
      vertex 79.1236 143.975 11.2
      vertex 81.1113 139.854 11.2
    endloop
  endfacet
  facet normal -0 0 1
    outer loop
      vertex 78.6112 143.595 11.2
      vertex 81.1113 139.854 11.2
      vertex 79.1236 143.975 11.2
    endloop
  endfacet
  facet normal 0 0 1
    outer loop
      vertex 81.1113 139.854 11.2
      vertex 78.6112 143.595 11.2
      vertex 80.1854 139.299 11.2
    endloop
  endfacet
  facet normal -0 0 1
    outer loop
      vertex 78.0641 143.268 11.2
      vertex 80.1854 139.299 11.2
      vertex 78.6112 143.595 11.2
    endloop
  endfacet
  facet normal 0 0 1
    outer loop
      vertex 80.1854 139.299 11.2
      vertex 78.0641 143.268 11.2
      vertex 79.2095 138.837 11.2
    endloop
  endfacet
  facet normal -0 0 1
    outer loop
      vertex 77.4874 142.995 11.2
      vertex 79.2095 138.837 11.2
      vertex 78.0641 143.268 11.2
    endloop
  endfacet
  facet normal 0 0 1
    outer loop
      vertex 79.2095 138.837 11.2
      vertex 77.4874 142.995 11.2
      vertex 78.1931 138.474 11.2
    endloop
  endfacet
  facet normal -0 0 1
    outer loop
      vertex 76.8868 142.78 11.2
      vertex 78.1931 138.474 11.2
      vertex 77.4874 142.995 11.2
    endloop
  endfacet
  facet normal 0 0 1
    outer loop
      vertex 78.1931 138.474 11.2
      vertex 76.8868 142.78 11.2
      vertex 77.146 138.211 11.2
    endloop
  endfacet
  facet normal -0 0 1
    outer loop
      vertex 76.2681 142.625 11.2
      vertex 77.146 138.211 11.2
      vertex 76.8868 142.78 11.2
    endloop
  endfacet
  facet normal 0 0 1
    outer loop
      vertex 76.2681 142.625 11.2
      vertex 76.0782 138.053 11.2
      vertex 77.146 138.211 11.2
    endloop
  endfacet
  facet normal -0 0 1
    outer loop
      vertex 75.6371 142.531 11.2
      vertex 76.0782 138.053 11.2
      vertex 76.2681 142.625 11.2
    endloop
  endfacet
  facet normal -0 0 1
    outer loop
      vertex 75 142.5 11.2
      vertex 76.0782 138.053 11.2
      vertex 75.6371 142.531 11.2
    endloop
  endfacet
  facet normal 0 0 1
    outer loop
      vertex 75 142.5 11.2
      vertex 75 138 11.2
      vertex 76.0782 138.053 11.2
    endloop
  endfacet
  facet normal 0 0 1
    outer loop
      vertex 74.3629 142.531 11.2
      vertex 75 138 11.2
      vertex 75 142.5 11.2
    endloop
  endfacet
  facet normal 0 0 1
    outer loop
      vertex 74.3629 142.531 11.2
      vertex 73.9218 138.053 11.2
      vertex 75 138 11.2
    endloop
  endfacet
  facet normal 0 0 1
    outer loop
      vertex 73.7319 142.625 11.2
      vertex 73.9218 138.053 11.2
      vertex 74.3629 142.531 11.2
    endloop
  endfacet
  facet normal 0 0 1
    outer loop
      vertex 72.854 138.211 11.2
      vertex 73.7319 142.625 11.2
      vertex 73.1132 142.78 11.2
    endloop
  endfacet
  facet normal 0 0 1
    outer loop
      vertex 73.7319 142.625 11.2
      vertex 72.854 138.211 11.2
      vertex 73.9218 138.053 11.2
    endloop
  endfacet
  facet normal 0 0 1
    outer loop
      vertex 71.8069 138.474 11.2
      vertex 73.1132 142.78 11.2
      vertex 72.5126 142.995 11.2
    endloop
  endfacet
  facet normal 0 0 1
    outer loop
      vertex 70.7905 138.837 11.2
      vertex 72.5126 142.995 11.2
      vertex 71.9359 143.268 11.2
    endloop
  endfacet
  facet normal 0 0 1
    outer loop
      vertex 73.1132 142.78 11.2
      vertex 71.8069 138.474 11.2
      vertex 72.854 138.211 11.2
    endloop
  endfacet
  facet normal 0 0 1
    outer loop
      vertex 69.8146 139.299 11.2
      vertex 71.9359 143.268 11.2
      vertex 71.3888 143.595 11.2
    endloop
  endfacet
  facet normal 0 0 1
    outer loop
      vertex 68.8887 139.854 11.2
      vertex 71.3888 143.595 11.2
      vertex 70.8764 143.975 11.2
    endloop
  endfacet
  facet normal 0 0 1
    outer loop
      vertex 72.5126 142.995 11.2
      vertex 70.7905 138.837 11.2
      vertex 71.8069 138.474 11.2
    endloop
  endfacet
  facet normal 0 0 1
    outer loop
      vertex 68.0217 140.497 11.2
      vertex 70.8764 143.975 11.2
      vertex 70.4038 144.404 11.2
    endloop
  endfacet
  facet normal 0 0 1
    outer loop
      vertex 67.2218 141.222 11.2
      vertex 70.4038 144.404 11.2
      vertex 69.9754 144.876 11.2
    endloop
  endfacet
  facet normal 0 0 1
    outer loop
      vertex 71.9359 143.268 11.2
      vertex 69.8146 139.299 11.2
      vertex 70.7905 138.837 11.2
    endloop
  endfacet
  facet normal 0 0 1
    outer loop
      vertex 66.4969 142.022 11.2
      vertex 69.9754 144.876 11.2
      vertex 69.5954 145.389 11.2
    endloop
  endfacet
  facet normal 0 0 1
    outer loop
      vertex 65.8538 142.889 11.2
      vertex 69.5954 145.389 11.2
      vertex 69.2675 145.936 11.2
    endloop
  endfacet
  facet normal 0 0 1
    outer loop
      vertex 65.2989 143.815 11.2
      vertex 69.2675 145.936 11.2
      vertex 68.9948 146.513 11.2
    endloop
  endfacet
  facet normal 0 0 1
    outer loop
      vertex 71.3888 143.595 11.2
      vertex 68.8887 139.854 11.2
      vertex 69.8146 139.299 11.2
    endloop
  endfacet
  facet normal 0 0 1
    outer loop
      vertex 64.8373 144.79 11.2
      vertex 68.9948 146.513 11.2
      vertex 68.7799 147.113 11.2
    endloop
  endfacet
  facet normal 0 0 1
    outer loop
      vertex 64.4737 145.807 11.2
      vertex 68.7799 147.113 11.2
      vertex 68.6249 147.732 11.2
    endloop
  endfacet
  facet normal 0 0 1
    outer loop
      vertex 64.2114 146.854 11.2
      vertex 68.6249 147.732 11.2
      vertex 68.5313 148.363 11.2
    endloop
  endfacet
  facet normal 0 0 1
    outer loop
      vertex 64.053 147.922 11.2
      vertex 68.5313 148.363 11.2
      vertex 68.5 149 11.2
    endloop
  endfacet
  facet normal -0 0 1
    outer loop
      vertex 64.8373 153.21 11.2
      vertex 68.9948 151.487 11.2
      vertex 65.2989 154.185 11.2
    endloop
  endfacet
  facet normal 0 0 1
    outer loop
      vertex 70.8764 143.975 11.2
      vertex 68.0217 140.497 11.2
      vertex 68.8887 139.854 11.2
    endloop
  endfacet
  facet normal 0 0 1
    outer loop
      vertex 68.9948 151.487 11.2
      vertex 64.8373 153.21 11.2
      vertex 68.7799 150.887 11.2
    endloop
  endfacet
  facet normal 0 0 1
    outer loop
      vertex 70.4038 144.404 11.2
      vertex 67.2218 141.222 11.2
      vertex 68.0217 140.497 11.2
    endloop
  endfacet
  facet normal -0 0 1
    outer loop
      vertex 64.4737 152.193 11.2
      vertex 68.7799 150.887 11.2
      vertex 64.8373 153.21 11.2
    endloop
  endfacet
  facet normal 0 0 1
    outer loop
      vertex 69.9754 144.876 11.2
      vertex 66.4969 142.022 11.2
      vertex 67.2218 141.222 11.2
    endloop
  endfacet
  facet normal 0 0 1
    outer loop
      vertex 68.7799 150.887 11.2
      vertex 64.4737 152.193 11.2
      vertex 68.6249 150.268 11.2
    endloop
  endfacet
  facet normal 0 0 1
    outer loop
      vertex 69.5954 145.389 11.2
      vertex 65.8538 142.889 11.2
      vertex 66.4969 142.022 11.2
    endloop
  endfacet
  facet normal -0 0 1
    outer loop
      vertex 64.2114 151.146 11.2
      vertex 68.6249 150.268 11.2
      vertex 64.4737 152.193 11.2
    endloop
  endfacet
  facet normal 0 0 1
    outer loop
      vertex 69.2675 145.936 11.2
      vertex 65.2989 143.815 11.2
      vertex 65.8538 142.889 11.2
    endloop
  endfacet
  facet normal 0 0 1
    outer loop
      vertex 68.6249 150.268 11.2
      vertex 64.2114 151.146 11.2
      vertex 68.5313 149.637 11.2
    endloop
  endfacet
  facet normal 0 0 1
    outer loop
      vertex 68.9948 146.513 11.2
      vertex 64.8373 144.79 11.2
      vertex 65.2989 143.815 11.2
    endloop
  endfacet
  facet normal -0 0 1
    outer loop
      vertex 64.053 150.078 11.2
      vertex 68.5313 149.637 11.2
      vertex 64.2114 151.146 11.2
    endloop
  endfacet
  facet normal 0 0 1
    outer loop
      vertex 68.7799 147.113 11.2
      vertex 64.4737 145.807 11.2
      vertex 64.8373 144.79 11.2
    endloop
  endfacet
  facet normal 0 0 1
    outer loop
      vertex 68.5313 149.637 11.2
      vertex 64.053 150.078 11.2
      vertex 68.5 149 11.2
    endloop
  endfacet
  facet normal 0 0 1
    outer loop
      vertex 68.6249 147.732 11.2
      vertex 64.2114 146.854 11.2
      vertex 64.4737 145.807 11.2
    endloop
  endfacet
  facet normal 0 0 1
    outer loop
      vertex 64 149 11.2
      vertex 68.5 149 11.2
      vertex 64.053 150.078 11.2
    endloop
  endfacet
  facet normal 0 0 1
    outer loop
      vertex 68.5313 148.363 11.2
      vertex 64.053 147.922 11.2
      vertex 64.2114 146.854 11.2
    endloop
  endfacet
  facet normal 0 0 1
    outer loop
      vertex 68.5 149 11.2
      vertex 64 149 11.2
      vertex 64.053 147.922 11.2
    endloop
  endfacet
  facet normal -0.803168 -0.595752 0
    outer loop
      vertex 66.4969 142.022 4.2
      vertex 65.8538 142.889 11.2
      vertex 65.8538 142.889 4.2
    endloop
  endfacet
  facet normal -0.803168 -0.595752 0
    outer loop
      vertex 65.8538 142.889 11.2
      vertex 66.4969 142.022 4.2
      vertex 66.4969 142.022 11.2
    endloop
  endfacet
  facet normal 0.989176 0.146737 0
    outer loop
      vertex 85.947 50.0782 11.2
      vertex 85.7886 51.146 4.2
      vertex 85.7886 51.146 11.2
    endloop
  endfacet
  facet normal 0.989176 0.146737 0
    outer loop
      vertex 85.7886 51.146 4.2
      vertex 85.947 50.0782 11.2
      vertex 85.947 50.0782 4.2
    endloop
  endfacet
  facet normal 0.998794 0.0490967 0
    outer loop
      vertex 86 49 11.2
      vertex 85.947 50.0782 4.2
      vertex 85.947 50.0782 11.2
    endloop
  endfacet
  facet normal 0.998794 0.0490967 0
    outer loop
      vertex 85.947 50.0782 4.2
      vertex 86 49 11.2
      vertex 86 49 4.2
    endloop
  endfacet
  facet normal 0.970028 0.242993 0
    outer loop
      vertex 85.7886 51.146 11.2
      vertex 85.5263 52.1931 4.2
      vertex 85.5263 52.1931 11.2
    endloop
  endfacet
  facet normal 0.970028 0.242993 0
    outer loop
      vertex 85.5263 52.1931 4.2
      vertex 85.7886 51.146 11.2
      vertex 85.7886 51.146 4.2
    endloop
  endfacet
  facet normal 0.427581 0.903977 -0
    outer loop
      vertex 80.1854 58.7011 4.2
      vertex 79.2095 59.1627 11.2
      vertex 80.1854 58.7011 11.2
    endloop
  endfacet
  facet normal 0.427581 0.903977 0
    outer loop
      vertex 79.2095 59.1627 11.2
      vertex 80.1854 58.7011 4.2
      vertex 79.2095 59.1627 4.2
    endloop
  endfacet
  facet normal -0.242993 0.970028 0
    outer loop
      vertex 72.854 59.7886 4.2
      vertex 71.8069 59.5263 11.2
      vertex 72.854 59.7886 11.2
    endloop
  endfacet
  facet normal -0.242993 0.970028 0
    outer loop
      vertex 71.8069 59.5263 11.2
      vertex 72.854 59.7886 4.2
      vertex 71.8069 59.5263 4.2
    endloop
  endfacet
  facet normal 0.998794 -0.0490967 0
    outer loop
      vertex 85.947 47.9218 11.2
      vertex 86 49 4.2
      vertex 86 49 11.2
    endloop
  endfacet
  facet normal 0.998794 -0.0490967 0
    outer loop
      vertex 86 49 4.2
      vertex 85.947 47.9218 11.2
      vertex 85.947 47.9218 4.2
    endloop
  endfacet
  facet normal -0.336829 -0.941566 0
    outer loop
      vertex 70.7905 38.8373 4.2
      vertex 71.8069 38.4737 11.2
      vertex 70.7905 38.8373 11.2
    endloop
  endfacet
  facet normal -0.336829 -0.941566 -0
    outer loop
      vertex 71.8069 38.4737 11.2
      vertex 70.7905 38.8373 4.2
      vertex 71.8069 38.4737 4.2
    endloop
  endfacet
  facet normal 0.803168 -0.595752 0
    outer loop
      vertex 83.5031 42.0217 11.2
      vertex 84.1462 42.8887 4.2
      vertex 84.1462 42.8887 11.2
    endloop
  endfacet
  facet normal 0.803168 -0.595752 0
    outer loop
      vertex 84.1462 42.8887 4.2
      vertex 83.5031 42.0217 11.2
      vertex 83.5031 42.0217 4.2
    endloop
  endfacet
  facet normal 0.242993 -0.970028 0
    outer loop
      vertex 77.146 38.2114 4.2
      vertex 78.1931 38.4737 11.2
      vertex 77.146 38.2114 11.2
    endloop
  endfacet
  facet normal 0.242993 -0.970028 0
    outer loop
      vertex 78.1931 38.4737 11.2
      vertex 77.146 38.2114 4.2
      vertex 78.1931 38.4737 4.2
    endloop
  endfacet
  facet normal -0.740991 -0.671515 0
    outer loop
      vertex 67.2218 41.2218 4.2
      vertex 66.4969 42.0217 11.2
      vertex 66.4969 42.0217 4.2
    endloop
  endfacet
  facet normal -0.740991 -0.671515 0
    outer loop
      vertex 66.4969 42.0217 11.2
      vertex 67.2218 41.2218 4.2
      vertex 67.2218 41.2218 11.2
    endloop
  endfacet
  facet normal -0.857754 -0.51406 0
    outer loop
      vertex 65.8538 42.8887 4.2
      vertex 65.2989 43.8146 11.2
      vertex 65.2989 43.8146 4.2
    endloop
  endfacet
  facet normal -0.857754 -0.51406 0
    outer loop
      vertex 65.2989 43.8146 11.2
      vertex 65.8538 42.8887 4.2
      vertex 65.8538 42.8887 11.2
    endloop
  endfacet
  facet normal -0.595752 -0.803168 0
    outer loop
      vertex 68.0217 40.4969 4.2
      vertex 68.8887 39.8538 11.2
      vertex 68.0217 40.4969 11.2
    endloop
  endfacet
  facet normal -0.595752 -0.803168 -0
    outer loop
      vertex 68.8887 39.8538 11.2
      vertex 68.0217 40.4969 4.2
      vertex 68.8887 39.8538 4.2
    endloop
  endfacet
  facet normal -0.803168 0.595752 0
    outer loop
      vertex 65.8538 55.1113 4.2
      vertex 66.4969 55.9783 11.2
      vertex 66.4969 55.9783 4.2
    endloop
  endfacet
  facet normal -0.803168 0.595752 0
    outer loop
      vertex 66.4969 55.9783 11.2
      vertex 65.8538 55.1113 4.2
      vertex 65.8538 55.1113 11.2
    endloop
  endfacet
  facet normal 0.146737 0.989176 -0
    outer loop
      vertex 77.146 59.7886 4.2
      vertex 76.0782 59.947 11.2
      vertex 77.146 59.7886 11.2
    endloop
  endfacet
  facet normal 0.146737 0.989176 0
    outer loop
      vertex 76.0782 59.947 11.2
      vertex 77.146 59.7886 4.2
      vertex 76.0782 59.947 4.2
    endloop
  endfacet
  facet normal 0.146737 -0.989176 0
    outer loop
      vertex 76.0782 38.053 4.2
      vertex 77.146 38.2114 11.2
      vertex 76.0782 38.053 11.2
    endloop
  endfacet
  facet normal 0.146737 -0.989176 0
    outer loop
      vertex 77.146 38.2114 11.2
      vertex 76.0782 38.053 4.2
      vertex 77.146 38.2114 4.2
    endloop
  endfacet
  facet normal 0.427581 -0.903977 0
    outer loop
      vertex 79.2095 38.8373 4.2
      vertex 80.1854 39.2989 11.2
      vertex 79.2095 38.8373 11.2
    endloop
  endfacet
  facet normal 0.427581 -0.903977 0
    outer loop
      vertex 80.1854 39.2989 11.2
      vertex 79.2095 38.8373 4.2
      vertex 80.1854 39.2989 4.2
    endloop
  endfacet
  facet normal 0.740991 0.671515 0
    outer loop
      vertex 83.5031 55.9783 11.2
      vertex 82.7782 56.7782 4.2
      vertex 82.7782 56.7782 11.2
    endloop
  endfacet
  facet normal 0.740991 0.671515 0
    outer loop
      vertex 82.7782 56.7782 4.2
      vertex 83.5031 55.9783 11.2
      vertex 83.5031 55.9783 4.2
    endloop
  endfacet
  facet normal -0.970028 -0.242993 0
    outer loop
      vertex 64.4737 45.8069 4.2
      vertex 64.2114 46.854 11.2
      vertex 64.2114 46.854 4.2
    endloop
  endfacet
  facet normal -0.970028 -0.242993 0
    outer loop
      vertex 64.2114 46.854 11.2
      vertex 64.4737 45.8069 4.2
      vertex 64.4737 45.8069 11.2
    endloop
  endfacet
  facet normal -0.595752 0.803168 0
    outer loop
      vertex 68.8887 58.1462 4.2
      vertex 68.0217 57.5031 11.2
      vertex 68.8887 58.1462 11.2
    endloop
  endfacet
  facet normal -0.595752 0.803168 0
    outer loop
      vertex 68.0217 57.5031 11.2
      vertex 68.8887 58.1462 4.2
      vertex 68.0217 57.5031 4.2
    endloop
  endfacet
  facet normal -0.0490967 -0.998794 0
    outer loop
      vertex 73.9218 38.053 4.2
      vertex 75 38 11.2
      vertex 73.9218 38.053 11.2
    endloop
  endfacet
  facet normal -0.0490967 -0.998794 -0
    outer loop
      vertex 75 38 11.2
      vertex 73.9218 38.053 4.2
      vertex 75 38 4.2
    endloop
  endfacet
  facet normal -0.336829 0.941566 0
    outer loop
      vertex 71.8069 59.5263 4.2
      vertex 70.7905 59.1627 11.2
      vertex 71.8069 59.5263 11.2
    endloop
  endfacet
  facet normal -0.336829 0.941566 0
    outer loop
      vertex 70.7905 59.1627 11.2
      vertex 71.8069 59.5263 4.2
      vertex 70.7905 59.1627 4.2
    endloop
  endfacet
  facet normal -0.989176 -0.146737 0
    outer loop
      vertex 64.2114 46.854 4.2
      vertex 64.053 47.9218 11.2
      vertex 64.053 47.9218 4.2
    endloop
  endfacet
  facet normal -0.989176 -0.146737 0
    outer loop
      vertex 64.053 47.9218 11.2
      vertex 64.2114 46.854 4.2
      vertex 64.2114 46.854 11.2
    endloop
  endfacet
  facet normal 0.595752 -0.803168 0
    outer loop
      vertex 81.1113 39.8538 4.2
      vertex 81.9783 40.4969 11.2
      vertex 81.1113 39.8538 11.2
    endloop
  endfacet
  facet normal 0.595752 -0.803168 0
    outer loop
      vertex 81.9783 40.4969 11.2
      vertex 81.1113 39.8538 4.2
      vertex 81.9783 40.4969 4.2
    endloop
  endfacet
  facet normal 0.0490967 -0.998794 0
    outer loop
      vertex 75 38 4.2
      vertex 76.0782 38.053 11.2
      vertex 75 38 11.2
    endloop
  endfacet
  facet normal 0.0490967 -0.998794 0
    outer loop
      vertex 76.0782 38.053 11.2
      vertex 75 38 4.2
      vertex 76.0782 38.053 4.2
    endloop
  endfacet
  facet normal 0.803168 0.595752 0
    outer loop
      vertex 84.1462 55.1113 11.2
      vertex 83.5031 55.9783 4.2
      vertex 83.5031 55.9783 11.2
    endloop
  endfacet
  facet normal 0.803168 0.595752 0
    outer loop
      vertex 83.5031 55.9783 4.2
      vertex 84.1462 55.1113 11.2
      vertex 84.1462 55.1113 4.2
    endloop
  endfacet
  facet normal -0.903977 -0.427581 0
    outer loop
      vertex 65.2989 43.8146 4.2
      vertex 64.8373 44.7905 11.2
      vertex 64.8373 44.7905 4.2
    endloop
  endfacet
  facet normal -0.903977 -0.427581 0
    outer loop
      vertex 64.8373 44.7905 11.2
      vertex 65.2989 43.8146 4.2
      vertex 65.2989 43.8146 11.2
    endloop
  endfacet
  facet normal 0.0490967 0.998794 -0
    outer loop
      vertex 76.0782 59.947 4.2
      vertex 75 60 11.2
      vertex 76.0782 59.947 11.2
    endloop
  endfacet
  facet normal 0.0490967 0.998794 0
    outer loop
      vertex 75 60 11.2
      vertex 76.0782 59.947 4.2
      vertex 75 60 4.2
    endloop
  endfacet
  facet normal 0.336829 0.941566 -0
    outer loop
      vertex 79.2095 59.1627 4.2
      vertex 78.1931 59.5263 11.2
      vertex 79.2095 59.1627 11.2
    endloop
  endfacet
  facet normal 0.336829 0.941566 0
    outer loop
      vertex 78.1931 59.5263 11.2
      vertex 79.2095 59.1627 4.2
      vertex 78.1931 59.5263 4.2
    endloop
  endfacet
  facet normal -0.903977 0.427581 0
    outer loop
      vertex 64.8373 53.2095 4.2
      vertex 65.2989 54.1854 11.2
      vertex 65.2989 54.1854 4.2
    endloop
  endfacet
  facet normal -0.903977 0.427581 0
    outer loop
      vertex 65.2989 54.1854 11.2
      vertex 64.8373 53.2095 4.2
      vertex 64.8373 53.2095 11.2
    endloop
  endfacet
  facet normal 0.336829 -0.941566 0
    outer loop
      vertex 78.1931 38.4737 4.2
      vertex 79.2095 38.8373 11.2
      vertex 78.1931 38.4737 11.2
    endloop
  endfacet
  facet normal 0.336829 -0.941566 0
    outer loop
      vertex 79.2095 38.8373 11.2
      vertex 78.1931 38.4737 4.2
      vertex 79.2095 38.8373 4.2
    endloop
  endfacet
  facet normal 0.970028 -0.242993 0
    outer loop
      vertex 85.5263 45.8069 11.2
      vertex 85.7886 46.854 4.2
      vertex 85.7886 46.854 11.2
    endloop
  endfacet
  facet normal 0.970028 -0.242993 0
    outer loop
      vertex 85.7886 46.854 4.2
      vertex 85.5263 45.8069 11.2
      vertex 85.5263 45.8069 4.2
    endloop
  endfacet
  facet normal 0.903977 -0.427581 0
    outer loop
      vertex 84.7011 43.8146 11.2
      vertex 85.1627 44.7905 4.2
      vertex 85.1627 44.7905 11.2
    endloop
  endfacet
  facet normal 0.903977 -0.427581 0
    outer loop
      vertex 85.1627 44.7905 4.2
      vertex 84.7011 43.8146 11.2
      vertex 84.7011 43.8146 4.2
    endloop
  endfacet
  facet normal 0.51406 0.857754 -0
    outer loop
      vertex 81.1113 58.1462 4.2
      vertex 80.1854 58.7011 11.2
      vertex 81.1113 58.1462 11.2
    endloop
  endfacet
  facet normal 0.51406 0.857754 0
    outer loop
      vertex 80.1854 58.7011 11.2
      vertex 81.1113 58.1462 4.2
      vertex 80.1854 58.7011 4.2
    endloop
  endfacet
  facet normal 0.941566 0.336829 0
    outer loop
      vertex 85.5263 52.1931 11.2
      vertex 85.1627 53.2095 4.2
      vertex 85.1627 53.2095 11.2
    endloop
  endfacet
  facet normal 0.941566 0.336829 0
    outer loop
      vertex 85.1627 53.2095 4.2
      vertex 85.5263 52.1931 11.2
      vertex 85.5263 52.1931 4.2
    endloop
  endfacet
  facet normal -0.427581 0.903977 0
    outer loop
      vertex 70.7905 59.1627 4.2
      vertex 69.8146 58.7011 11.2
      vertex 70.7905 59.1627 11.2
    endloop
  endfacet
  facet normal -0.427581 0.903977 0
    outer loop
      vertex 69.8146 58.7011 11.2
      vertex 70.7905 59.1627 4.2
      vertex 69.8146 58.7011 4.2
    endloop
  endfacet
  facet normal 0.595752 0.803168 -0
    outer loop
      vertex 81.9783 57.5031 4.2
      vertex 81.1113 58.1462 11.2
      vertex 81.9783 57.5031 11.2
    endloop
  endfacet
  facet normal 0.595752 0.803168 0
    outer loop
      vertex 81.1113 58.1462 11.2
      vertex 81.9783 57.5031 4.2
      vertex 81.1113 58.1462 4.2
    endloop
  endfacet
  facet normal 0.903977 0.427581 0
    outer loop
      vertex 85.1627 53.2095 11.2
      vertex 84.7011 54.1854 4.2
      vertex 84.7011 54.1854 11.2
    endloop
  endfacet
  facet normal 0.903977 0.427581 0
    outer loop
      vertex 84.7011 54.1854 4.2
      vertex 85.1627 53.2095 11.2
      vertex 85.1627 53.2095 4.2
    endloop
  endfacet
  facet normal 0.989176 -0.146737 0
    outer loop
      vertex 85.7886 46.854 11.2
      vertex 85.947 47.9218 4.2
      vertex 85.947 47.9218 11.2
    endloop
  endfacet
  facet normal 0.989176 -0.146737 0
    outer loop
      vertex 85.947 47.9218 4.2
      vertex 85.7886 46.854 11.2
      vertex 85.7886 46.854 4.2
    endloop
  endfacet
  facet normal 0.740991 -0.671515 0
    outer loop
      vertex 82.7782 41.2218 11.2
      vertex 83.5031 42.0217 4.2
      vertex 83.5031 42.0217 11.2
    endloop
  endfacet
  facet normal 0.740991 -0.671515 0
    outer loop
      vertex 83.5031 42.0217 4.2
      vertex 82.7782 41.2218 11.2
      vertex 82.7782 41.2218 4.2
    endloop
  endfacet
  facet normal 0.857754 0.51406 0
    outer loop
      vertex 84.7011 54.1854 11.2
      vertex 84.1462 55.1113 4.2
      vertex 84.1462 55.1113 11.2
    endloop
  endfacet
  facet normal 0.857754 0.51406 0
    outer loop
      vertex 84.1462 55.1113 4.2
      vertex 84.7011 54.1854 11.2
      vertex 84.7011 54.1854 4.2
    endloop
  endfacet
  facet normal -0.989176 0.146737 0
    outer loop
      vertex 64.053 50.0782 4.2
      vertex 64.2114 51.146 11.2
      vertex 64.2114 51.146 4.2
    endloop
  endfacet
  facet normal -0.989176 0.146737 0
    outer loop
      vertex 64.2114 51.146 11.2
      vertex 64.053 50.0782 4.2
      vertex 64.053 50.0782 11.2
    endloop
  endfacet
  facet normal -0.146737 0.989176 0
    outer loop
      vertex 73.9218 59.947 4.2
      vertex 72.854 59.7886 11.2
      vertex 73.9218 59.947 11.2
    endloop
  endfacet
  facet normal -0.146737 0.989176 0
    outer loop
      vertex 72.854 59.7886 11.2
      vertex 73.9218 59.947 4.2
      vertex 72.854 59.7886 4.2
    endloop
  endfacet
  facet normal -0.671515 0.740991 0
    outer loop
      vertex 68.0217 57.5031 4.2
      vertex 67.2218 56.7782 11.2
      vertex 68.0217 57.5031 11.2
    endloop
  endfacet
  facet normal -0.671515 0.740991 0
    outer loop
      vertex 67.2218 56.7782 11.2
      vertex 68.0217 57.5031 4.2
      vertex 67.2218 56.7782 4.2
    endloop
  endfacet
  facet normal -0.941566 0.336829 0
    outer loop
      vertex 64.4737 52.1931 4.2
      vertex 64.8373 53.2095 11.2
      vertex 64.8373 53.2095 4.2
    endloop
  endfacet
  facet normal -0.941566 0.336829 0
    outer loop
      vertex 64.8373 53.2095 11.2
      vertex 64.4737 52.1931 4.2
      vertex 64.4737 52.1931 11.2
    endloop
  endfacet
  facet normal -0.740991 0.671515 0
    outer loop
      vertex 66.4969 55.9783 4.2
      vertex 67.2218 56.7782 11.2
      vertex 67.2218 56.7782 4.2
    endloop
  endfacet
  facet normal -0.740991 0.671515 0
    outer loop
      vertex 67.2218 56.7782 11.2
      vertex 66.4969 55.9783 4.2
      vertex 66.4969 55.9783 11.2
    endloop
  endfacet
  facet normal -0.146737 -0.989176 0
    outer loop
      vertex 72.854 38.2114 4.2
      vertex 73.9218 38.053 11.2
      vertex 72.854 38.2114 11.2
    endloop
  endfacet
  facet normal -0.146737 -0.989176 -0
    outer loop
      vertex 73.9218 38.053 11.2
      vertex 72.854 38.2114 4.2
      vertex 73.9218 38.053 4.2
    endloop
  endfacet
  facet normal -0.671515 -0.740991 0
    outer loop
      vertex 67.2218 41.2218 4.2
      vertex 68.0217 40.4969 11.2
      vertex 67.2218 41.2218 11.2
    endloop
  endfacet
  facet normal -0.671515 -0.740991 -0
    outer loop
      vertex 68.0217 40.4969 11.2
      vertex 67.2218 41.2218 4.2
      vertex 68.0217 40.4969 4.2
    endloop
  endfacet
  facet normal -0.941566 -0.336829 0
    outer loop
      vertex 64.8373 44.7905 4.2
      vertex 64.4737 45.8069 11.2
      vertex 64.4737 45.8069 4.2
    endloop
  endfacet
  facet normal -0.941566 -0.336829 0
    outer loop
      vertex 64.4737 45.8069 11.2
      vertex 64.8373 44.7905 4.2
      vertex 64.8373 44.7905 11.2
    endloop
  endfacet
  facet normal -0.970028 0.242993 0
    outer loop
      vertex 64.2114 51.146 4.2
      vertex 64.4737 52.1931 11.2
      vertex 64.4737 52.1931 4.2
    endloop
  endfacet
  facet normal -0.970028 0.242993 0
    outer loop
      vertex 64.4737 52.1931 11.2
      vertex 64.2114 51.146 4.2
      vertex 64.2114 51.146 11.2
    endloop
  endfacet
  facet normal -0.0490967 0.998794 0
    outer loop
      vertex 75 60 4.2
      vertex 73.9218 59.947 11.2
      vertex 75 60 11.2
    endloop
  endfacet
  facet normal -0.0490967 0.998794 0
    outer loop
      vertex 73.9218 59.947 11.2
      vertex 75 60 4.2
      vertex 73.9218 59.947 4.2
    endloop
  endfacet
  facet normal -0.51406 0.857754 0
    outer loop
      vertex 69.8146 58.7011 4.2
      vertex 68.8887 58.1462 11.2
      vertex 69.8146 58.7011 11.2
    endloop
  endfacet
  facet normal -0.51406 0.857754 0
    outer loop
      vertex 68.8887 58.1462 11.2
      vertex 69.8146 58.7011 4.2
      vertex 68.8887 58.1462 4.2
    endloop
  endfacet
  facet normal 0.857754 -0.51406 0
    outer loop
      vertex 84.1462 42.8887 11.2
      vertex 84.7011 43.8146 4.2
      vertex 84.7011 43.8146 11.2
    endloop
  endfacet
  facet normal 0.857754 -0.51406 0
    outer loop
      vertex 84.7011 43.8146 4.2
      vertex 84.1462 42.8887 11.2
      vertex 84.1462 42.8887 4.2
    endloop
  endfacet
  facet normal 0.51406 -0.857754 0
    outer loop
      vertex 80.1854 39.2989 4.2
      vertex 81.1113 39.8538 11.2
      vertex 80.1854 39.2989 11.2
    endloop
  endfacet
  facet normal 0.51406 -0.857754 0
    outer loop
      vertex 81.1113 39.8538 11.2
      vertex 80.1854 39.2989 4.2
      vertex 81.1113 39.8538 4.2
    endloop
  endfacet
  facet normal -0.427581 -0.903977 0
    outer loop
      vertex 69.8146 39.2989 4.2
      vertex 70.7905 38.8373 11.2
      vertex 69.8146 39.2989 11.2
    endloop
  endfacet
  facet normal -0.427581 -0.903977 -0
    outer loop
      vertex 70.7905 38.8373 11.2
      vertex 69.8146 39.2989 4.2
      vertex 70.7905 38.8373 4.2
    endloop
  endfacet
  facet normal -0.857754 0.51406 0
    outer loop
      vertex 65.2989 54.1854 4.2
      vertex 65.8538 55.1113 11.2
      vertex 65.8538 55.1113 4.2
    endloop
  endfacet
  facet normal -0.857754 0.51406 0
    outer loop
      vertex 65.8538 55.1113 11.2
      vertex 65.2989 54.1854 4.2
      vertex 65.2989 54.1854 11.2
    endloop
  endfacet
  facet normal 0.671515 0.740991 -0
    outer loop
      vertex 82.7782 56.7782 4.2
      vertex 81.9783 57.5031 11.2
      vertex 82.7782 56.7782 11.2
    endloop
  endfacet
  facet normal 0.671515 0.740991 0
    outer loop
      vertex 81.9783 57.5031 11.2
      vertex 82.7782 56.7782 4.2
      vertex 81.9783 57.5031 4.2
    endloop
  endfacet
  facet normal 0.941566 -0.336829 0
    outer loop
      vertex 85.1627 44.7905 11.2
      vertex 85.5263 45.8069 4.2
      vertex 85.5263 45.8069 11.2
    endloop
  endfacet
  facet normal 0.941566 -0.336829 0
    outer loop
      vertex 85.5263 45.8069 4.2
      vertex 85.1627 44.7905 11.2
      vertex 85.1627 44.7905 4.2
    endloop
  endfacet
  facet normal 0.671515 -0.740991 0
    outer loop
      vertex 81.9783 40.4969 4.2
      vertex 82.7782 41.2218 11.2
      vertex 81.9783 40.4969 11.2
    endloop
  endfacet
  facet normal 0.671515 -0.740991 0
    outer loop
      vertex 82.7782 41.2218 11.2
      vertex 81.9783 40.4969 4.2
      vertex 82.7782 41.2218 4.2
    endloop
  endfacet
  facet normal 0.242993 0.970028 -0
    outer loop
      vertex 78.1931 59.5263 4.2
      vertex 77.146 59.7886 11.2
      vertex 78.1931 59.5263 11.2
    endloop
  endfacet
  facet normal 0.242993 0.970028 0
    outer loop
      vertex 77.146 59.7886 11.2
      vertex 78.1931 59.5263 4.2
      vertex 77.146 59.7886 4.2
    endloop
  endfacet
  facet normal -0.998794 0.0490967 0
    outer loop
      vertex 64 49 4.2
      vertex 64.053 50.0782 11.2
      vertex 64.053 50.0782 4.2
    endloop
  endfacet
  facet normal -0.998794 0.0490967 0
    outer loop
      vertex 64.053 50.0782 11.2
      vertex 64 49 4.2
      vertex 64 49 11.2
    endloop
  endfacet
  facet normal -0.998794 -0.0490967 0
    outer loop
      vertex 64.053 47.9218 4.2
      vertex 64 49 11.2
      vertex 64 49 4.2
    endloop
  endfacet
  facet normal -0.998794 -0.0490967 0
    outer loop
      vertex 64 49 11.2
      vertex 64.053 47.9218 4.2
      vertex 64.053 47.9218 11.2
    endloop
  endfacet
  facet normal -0.242993 -0.970028 0
    outer loop
      vertex 71.8069 38.4737 4.2
      vertex 72.854 38.2114 11.2
      vertex 71.8069 38.4737 11.2
    endloop
  endfacet
  facet normal -0.242993 -0.970028 -0
    outer loop
      vertex 72.854 38.2114 11.2
      vertex 71.8069 38.4737 4.2
      vertex 72.854 38.2114 4.2
    endloop
  endfacet
  facet normal 0 0 1
    outer loop
      vertex 81.5 49 11.2
      vertex 86 49 11.2
      vertex 85.947 50.0782 11.2
    endloop
  endfacet
  facet normal 0 0 1
    outer loop
      vertex 81.4687 49.6371 11.2
      vertex 85.947 50.0782 11.2
      vertex 85.7886 51.146 11.2
    endloop
  endfacet
  facet normal 0 0 1
    outer loop
      vertex 86 49 11.2
      vertex 81.5 49 11.2
      vertex 85.947 47.9218 11.2
    endloop
  endfacet
  facet normal 0 0 1
    outer loop
      vertex 81.3751 50.2681 11.2
      vertex 85.7886 51.146 11.2
      vertex 85.5263 52.1931 11.2
    endloop
  endfacet
  facet normal -0 0 1
    outer loop
      vertex 81.4687 48.3629 11.2
      vertex 85.947 47.9218 11.2
      vertex 81.5 49 11.2
    endloop
  endfacet
  facet normal 0 0 1
    outer loop
      vertex 81.2201 50.8869 11.2
      vertex 85.5263 52.1931 11.2
      vertex 85.1627 53.2095 11.2
    endloop
  endfacet
  facet normal 0 0 1
    outer loop
      vertex 85.947 47.9218 11.2
      vertex 81.4687 48.3629 11.2
      vertex 85.7886 46.854 11.2
    endloop
  endfacet
  facet normal 0 0 1
    outer loop
      vertex 81.0052 51.4874 11.2
      vertex 85.1627 53.2095 11.2
      vertex 84.7011 54.1854 11.2
    endloop
  endfacet
  facet normal -0 0 1
    outer loop
      vertex 81.3751 47.7319 11.2
      vertex 85.7886 46.854 11.2
      vertex 81.4687 48.3629 11.2
    endloop
  endfacet
  facet normal 0 0 1
    outer loop
      vertex 80.7325 52.0641 11.2
      vertex 84.7011 54.1854 11.2
      vertex 84.1462 55.1113 11.2
    endloop
  endfacet
  facet normal 0 0 1
    outer loop
      vertex 85.7886 46.854 11.2
      vertex 81.3751 47.7319 11.2
      vertex 85.5263 45.8069 11.2
    endloop
  endfacet
  facet normal 0 0 1
    outer loop
      vertex 80.4046 52.6112 11.2
      vertex 84.1462 55.1113 11.2
      vertex 83.5031 55.9783 11.2
    endloop
  endfacet
  facet normal -0 0 1
    outer loop
      vertex 81.2201 47.1132 11.2
      vertex 85.5263 45.8069 11.2
      vertex 81.3751 47.7319 11.2
    endloop
  endfacet
  facet normal 0 0 1
    outer loop
      vertex 80.0246 53.1236 11.2
      vertex 83.5031 55.9783 11.2
      vertex 82.7782 56.7782 11.2
    endloop
  endfacet
  facet normal 0 0 1
    outer loop
      vertex 85.5263 45.8069 11.2
      vertex 81.2201 47.1132 11.2
      vertex 85.1627 44.7905 11.2
    endloop
  endfacet
  facet normal 0 0 1
    outer loop
      vertex 79.5962 53.5962 11.2
      vertex 82.7782 56.7782 11.2
      vertex 81.9783 57.5031 11.2
    endloop
  endfacet
  facet normal -0 0 1
    outer loop
      vertex 81.0052 46.5126 11.2
      vertex 85.1627 44.7905 11.2
      vertex 81.2201 47.1132 11.2
    endloop
  endfacet
  facet normal 0 0 1
    outer loop
      vertex 85.1627 44.7905 11.2
      vertex 81.0052 46.5126 11.2
      vertex 84.7011 43.8146 11.2
    endloop
  endfacet
  facet normal 0 0 1
    outer loop
      vertex 85.947 50.0782 11.2
      vertex 81.4687 49.6371 11.2
      vertex 81.5 49 11.2
    endloop
  endfacet
  facet normal 0 0 1
    outer loop
      vertex 85.7886 51.146 11.2
      vertex 81.3751 50.2681 11.2
      vertex 81.4687 49.6371 11.2
    endloop
  endfacet
  facet normal 0 0 1
    outer loop
      vertex 85.5263 52.1931 11.2
      vertex 81.2201 50.8869 11.2
      vertex 81.3751 50.2681 11.2
    endloop
  endfacet
  facet normal 0 0 1
    outer loop
      vertex 79.1236 54.0246 11.2
      vertex 81.9783 57.5031 11.2
      vertex 81.1113 58.1462 11.2
    endloop
  endfacet
  facet normal 0 0 1
    outer loop
      vertex 85.1627 53.2095 11.2
      vertex 81.0052 51.4874 11.2
      vertex 81.2201 50.8869 11.2
    endloop
  endfacet
  facet normal 0 0 1
    outer loop
      vertex 84.7011 54.1854 11.2
      vertex 80.7325 52.0641 11.2
      vertex 81.0052 51.4874 11.2
    endloop
  endfacet
  facet normal 0 0 1
    outer loop
      vertex 84.1462 55.1113 11.2
      vertex 80.4046 52.6112 11.2
      vertex 80.7325 52.0641 11.2
    endloop
  endfacet
  facet normal 0 0 1
    outer loop
      vertex 78.6112 54.4046 11.2
      vertex 81.1113 58.1462 11.2
      vertex 80.1854 58.7011 11.2
    endloop
  endfacet
  facet normal 0 0 1
    outer loop
      vertex 83.5031 55.9783 11.2
      vertex 80.0246 53.1236 11.2
      vertex 80.4046 52.6112 11.2
    endloop
  endfacet
  facet normal 0 0 1
    outer loop
      vertex 82.7782 56.7782 11.2
      vertex 79.5962 53.5962 11.2
      vertex 80.0246 53.1236 11.2
    endloop
  endfacet
  facet normal 0 0 1
    outer loop
      vertex 78.0641 54.7325 11.2
      vertex 80.1854 58.7011 11.2
      vertex 79.2095 59.1627 11.2
    endloop
  endfacet
  facet normal 0 0 1
    outer loop
      vertex 81.9783 57.5031 11.2
      vertex 79.1236 54.0246 11.2
      vertex 79.5962 53.5962 11.2
    endloop
  endfacet
  facet normal 0 0 1
    outer loop
      vertex 81.1113 58.1462 11.2
      vertex 78.6112 54.4046 11.2
      vertex 79.1236 54.0246 11.2
    endloop
  endfacet
  facet normal 0 0 1
    outer loop
      vertex 77.4874 55.0052 11.2
      vertex 79.2095 59.1627 11.2
      vertex 78.1931 59.5263 11.2
    endloop
  endfacet
  facet normal 0 0 1
    outer loop
      vertex 80.1854 58.7011 11.2
      vertex 78.0641 54.7325 11.2
      vertex 78.6112 54.4046 11.2
    endloop
  endfacet
  facet normal 0 0 1
    outer loop
      vertex 79.2095 59.1627 11.2
      vertex 77.4874 55.0052 11.2
      vertex 78.0641 54.7325 11.2
    endloop
  endfacet
  facet normal 0 0 1
    outer loop
      vertex 76.8868 55.2201 11.2
      vertex 78.1931 59.5263 11.2
      vertex 77.146 59.7886 11.2
    endloop
  endfacet
  facet normal 0 0 1
    outer loop
      vertex 78.1931 59.5263 11.2
      vertex 76.8868 55.2201 11.2
      vertex 77.4874 55.0052 11.2
    endloop
  endfacet
  facet normal 0 0 1
    outer loop
      vertex 77.146 59.7886 11.2
      vertex 76.2681 55.3751 11.2
      vertex 76.8868 55.2201 11.2
    endloop
  endfacet
  facet normal 0 0 1
    outer loop
      vertex 76.0782 59.947 11.2
      vertex 76.2681 55.3751 11.2
      vertex 77.146 59.7886 11.2
    endloop
  endfacet
  facet normal 0 0 1
    outer loop
      vertex 76.0782 59.947 11.2
      vertex 75.6371 55.4687 11.2
      vertex 76.2681 55.3751 11.2
    endloop
  endfacet
  facet normal 0 0 1
    outer loop
      vertex 75 60 11.2
      vertex 75.6371 55.4687 11.2
      vertex 76.0782 59.947 11.2
    endloop
  endfacet
  facet normal 0 0 1
    outer loop
      vertex 75 60 11.2
      vertex 75 55.5 11.2
      vertex 75.6371 55.4687 11.2
    endloop
  endfacet
  facet normal 0 0 1
    outer loop
      vertex 75 60 11.2
      vertex 74.3629 55.4687 11.2
      vertex 75 55.5 11.2
    endloop
  endfacet
  facet normal -0 0 1
    outer loop
      vertex 73.9218 59.947 11.2
      vertex 74.3629 55.4687 11.2
      vertex 75 60 11.2
    endloop
  endfacet
  facet normal 0 0 1
    outer loop
      vertex 73.9218 59.947 11.2
      vertex 73.7319 55.3751 11.2
      vertex 74.3629 55.4687 11.2
    endloop
  endfacet
  facet normal -0 0 1
    outer loop
      vertex 72.854 59.7886 11.2
      vertex 73.7319 55.3751 11.2
      vertex 73.9218 59.947 11.2
    endloop
  endfacet
  facet normal 0 0 1
    outer loop
      vertex 73.7319 55.3751 11.2
      vertex 72.854 59.7886 11.2
      vertex 73.1132 55.2201 11.2
    endloop
  endfacet
  facet normal -0 0 1
    outer loop
      vertex 71.8069 59.5263 11.2
      vertex 73.1132 55.2201 11.2
      vertex 72.854 59.7886 11.2
    endloop
  endfacet
  facet normal 0 0 1
    outer loop
      vertex 73.1132 55.2201 11.2
      vertex 71.8069 59.5263 11.2
      vertex 72.5126 55.0052 11.2
    endloop
  endfacet
  facet normal -0 0 1
    outer loop
      vertex 70.7905 59.1627 11.2
      vertex 72.5126 55.0052 11.2
      vertex 71.8069 59.5263 11.2
    endloop
  endfacet
  facet normal 0 0 1
    outer loop
      vertex 72.5126 55.0052 11.2
      vertex 70.7905 59.1627 11.2
      vertex 71.9359 54.7325 11.2
    endloop
  endfacet
  facet normal -0 0 1
    outer loop
      vertex 69.8146 58.7011 11.2
      vertex 71.9359 54.7325 11.2
      vertex 70.7905 59.1627 11.2
    endloop
  endfacet
  facet normal 0 0 1
    outer loop
      vertex 71.9359 54.7325 11.2
      vertex 69.8146 58.7011 11.2
      vertex 71.3888 54.4046 11.2
    endloop
  endfacet
  facet normal -0 0 1
    outer loop
      vertex 68.8887 58.1462 11.2
      vertex 71.3888 54.4046 11.2
      vertex 69.8146 58.7011 11.2
    endloop
  endfacet
  facet normal 0 0 1
    outer loop
      vertex 71.3888 54.4046 11.2
      vertex 68.8887 58.1462 11.2
      vertex 70.8764 54.0246 11.2
    endloop
  endfacet
  facet normal -0 0 1
    outer loop
      vertex 68.0217 57.5031 11.2
      vertex 70.8764 54.0246 11.2
      vertex 68.8887 58.1462 11.2
    endloop
  endfacet
  facet normal 0 0 1
    outer loop
      vertex 70.8764 54.0246 11.2
      vertex 68.0217 57.5031 11.2
      vertex 70.4038 53.5962 11.2
    endloop
  endfacet
  facet normal -0 0 1
    outer loop
      vertex 67.2218 56.7782 11.2
      vertex 70.4038 53.5962 11.2
      vertex 68.0217 57.5031 11.2
    endloop
  endfacet
  facet normal 0 0 1
    outer loop
      vertex 70.4038 53.5962 11.2
      vertex 67.2218 56.7782 11.2
      vertex 69.9754 53.1236 11.2
    endloop
  endfacet
  facet normal -0 0 1
    outer loop
      vertex 66.4969 55.9783 11.2
      vertex 69.9754 53.1236 11.2
      vertex 67.2218 56.7782 11.2
    endloop
  endfacet
  facet normal 0 0 1
    outer loop
      vertex 69.9754 53.1236 11.2
      vertex 66.4969 55.9783 11.2
      vertex 69.5954 52.6112 11.2
    endloop
  endfacet
  facet normal -0 0 1
    outer loop
      vertex 65.8538 55.1113 11.2
      vertex 69.5954 52.6112 11.2
      vertex 66.4969 55.9783 11.2
    endloop
  endfacet
  facet normal 0 0 1
    outer loop
      vertex 69.5954 52.6112 11.2
      vertex 65.8538 55.1113 11.2
      vertex 69.2675 52.0641 11.2
    endloop
  endfacet
  facet normal -0 0 1
    outer loop
      vertex 65.2989 54.1854 11.2
      vertex 69.2675 52.0641 11.2
      vertex 65.8538 55.1113 11.2
    endloop
  endfacet
  facet normal 0 0 1
    outer loop
      vertex 69.2675 52.0641 11.2
      vertex 65.2989 54.1854 11.2
      vertex 68.9948 51.4874 11.2
    endloop
  endfacet
  facet normal -0 0 1
    outer loop
      vertex 80.7325 45.9359 11.2
      vertex 84.7011 43.8146 11.2
      vertex 81.0052 46.5126 11.2
    endloop
  endfacet
  facet normal 0 0 1
    outer loop
      vertex 84.7011 43.8146 11.2
      vertex 80.7325 45.9359 11.2
      vertex 84.1462 42.8887 11.2
    endloop
  endfacet
  facet normal -0 0 1
    outer loop
      vertex 80.4046 45.3888 11.2
      vertex 84.1462 42.8887 11.2
      vertex 80.7325 45.9359 11.2
    endloop
  endfacet
  facet normal 0 0 1
    outer loop
      vertex 84.1462 42.8887 11.2
      vertex 80.4046 45.3888 11.2
      vertex 83.5031 42.0217 11.2
    endloop
  endfacet
  facet normal -0 0 1
    outer loop
      vertex 80.0246 44.8764 11.2
      vertex 83.5031 42.0217 11.2
      vertex 80.4046 45.3888 11.2
    endloop
  endfacet
  facet normal 0 0 1
    outer loop
      vertex 83.5031 42.0217 11.2
      vertex 80.0246 44.8764 11.2
      vertex 82.7782 41.2218 11.2
    endloop
  endfacet
  facet normal -0 0 1
    outer loop
      vertex 79.5962 44.4038 11.2
      vertex 82.7782 41.2218 11.2
      vertex 80.0246 44.8764 11.2
    endloop
  endfacet
  facet normal 0 0 1
    outer loop
      vertex 82.7782 41.2218 11.2
      vertex 79.5962 44.4038 11.2
      vertex 81.9783 40.4969 11.2
    endloop
  endfacet
  facet normal -0 0 1
    outer loop
      vertex 79.1236 43.9754 11.2
      vertex 81.9783 40.4969 11.2
      vertex 79.5962 44.4038 11.2
    endloop
  endfacet
  facet normal 0 0 1
    outer loop
      vertex 81.9783 40.4969 11.2
      vertex 79.1236 43.9754 11.2
      vertex 81.1113 39.8538 11.2
    endloop
  endfacet
  facet normal -0 0 1
    outer loop
      vertex 78.6112 43.5954 11.2
      vertex 81.1113 39.8538 11.2
      vertex 79.1236 43.9754 11.2
    endloop
  endfacet
  facet normal 0 0 1
    outer loop
      vertex 81.1113 39.8538 11.2
      vertex 78.6112 43.5954 11.2
      vertex 80.1854 39.2989 11.2
    endloop
  endfacet
  facet normal -0 0 1
    outer loop
      vertex 78.0641 43.2675 11.2
      vertex 80.1854 39.2989 11.2
      vertex 78.6112 43.5954 11.2
    endloop
  endfacet
  facet normal 0 0 1
    outer loop
      vertex 80.1854 39.2989 11.2
      vertex 78.0641 43.2675 11.2
      vertex 79.2095 38.8373 11.2
    endloop
  endfacet
  facet normal -0 0 1
    outer loop
      vertex 77.4874 42.9948 11.2
      vertex 79.2095 38.8373 11.2
      vertex 78.0641 43.2675 11.2
    endloop
  endfacet
  facet normal 0 0 1
    outer loop
      vertex 79.2095 38.8373 11.2
      vertex 77.4874 42.9948 11.2
      vertex 78.1931 38.4737 11.2
    endloop
  endfacet
  facet normal -0 0 1
    outer loop
      vertex 76.8868 42.7799 11.2
      vertex 78.1931 38.4737 11.2
      vertex 77.4874 42.9948 11.2
    endloop
  endfacet
  facet normal 0 0 1
    outer loop
      vertex 78.1931 38.4737 11.2
      vertex 76.8868 42.7799 11.2
      vertex 77.146 38.2114 11.2
    endloop
  endfacet
  facet normal -0 0 1
    outer loop
      vertex 76.2681 42.6249 11.2
      vertex 77.146 38.2114 11.2
      vertex 76.8868 42.7799 11.2
    endloop
  endfacet
  facet normal 0 0 1
    outer loop
      vertex 76.2681 42.6249 11.2
      vertex 76.0782 38.053 11.2
      vertex 77.146 38.2114 11.2
    endloop
  endfacet
  facet normal -0 0 1
    outer loop
      vertex 75.6371 42.5313 11.2
      vertex 76.0782 38.053 11.2
      vertex 76.2681 42.6249 11.2
    endloop
  endfacet
  facet normal -0 0 1
    outer loop
      vertex 75 42.5 11.2
      vertex 76.0782 38.053 11.2
      vertex 75.6371 42.5313 11.2
    endloop
  endfacet
  facet normal 0 0 1
    outer loop
      vertex 75 42.5 11.2
      vertex 75 38 11.2
      vertex 76.0782 38.053 11.2
    endloop
  endfacet
  facet normal 0 0 1
    outer loop
      vertex 74.3629 42.5313 11.2
      vertex 75 38 11.2
      vertex 75 42.5 11.2
    endloop
  endfacet
  facet normal 0 0 1
    outer loop
      vertex 74.3629 42.5313 11.2
      vertex 73.9218 38.053 11.2
      vertex 75 38 11.2
    endloop
  endfacet
  facet normal 0 0 1
    outer loop
      vertex 73.7319 42.6249 11.2
      vertex 73.9218 38.053 11.2
      vertex 74.3629 42.5313 11.2
    endloop
  endfacet
  facet normal 0 0 1
    outer loop
      vertex 72.854 38.2114 11.2
      vertex 73.7319 42.6249 11.2
      vertex 73.1132 42.7799 11.2
    endloop
  endfacet
  facet normal 0 0 1
    outer loop
      vertex 73.7319 42.6249 11.2
      vertex 72.854 38.2114 11.2
      vertex 73.9218 38.053 11.2
    endloop
  endfacet
  facet normal 0 0 1
    outer loop
      vertex 71.8069 38.4737 11.2
      vertex 73.1132 42.7799 11.2
      vertex 72.5126 42.9948 11.2
    endloop
  endfacet
  facet normal 0 0 1
    outer loop
      vertex 70.7905 38.8373 11.2
      vertex 72.5126 42.9948 11.2
      vertex 71.9359 43.2675 11.2
    endloop
  endfacet
  facet normal 0 0 1
    outer loop
      vertex 73.1132 42.7799 11.2
      vertex 71.8069 38.4737 11.2
      vertex 72.854 38.2114 11.2
    endloop
  endfacet
  facet normal 0 0 1
    outer loop
      vertex 69.8146 39.2989 11.2
      vertex 71.9359 43.2675 11.2
      vertex 71.3888 43.5954 11.2
    endloop
  endfacet
  facet normal 0 0 1
    outer loop
      vertex 68.8887 39.8538 11.2
      vertex 71.3888 43.5954 11.2
      vertex 70.8764 43.9754 11.2
    endloop
  endfacet
  facet normal 0 0 1
    outer loop
      vertex 72.5126 42.9948 11.2
      vertex 70.7905 38.8373 11.2
      vertex 71.8069 38.4737 11.2
    endloop
  endfacet
  facet normal 0 0 1
    outer loop
      vertex 68.0217 40.4969 11.2
      vertex 70.8764 43.9754 11.2
      vertex 70.4038 44.4038 11.2
    endloop
  endfacet
  facet normal 0 0 1
    outer loop
      vertex 67.2218 41.2218 11.2
      vertex 70.4038 44.4038 11.2
      vertex 69.9754 44.8764 11.2
    endloop
  endfacet
  facet normal 0 0 1
    outer loop
      vertex 71.9359 43.2675 11.2
      vertex 69.8146 39.2989 11.2
      vertex 70.7905 38.8373 11.2
    endloop
  endfacet
  facet normal 0 0 1
    outer loop
      vertex 66.4969 42.0217 11.2
      vertex 69.9754 44.8764 11.2
      vertex 69.5954 45.3888 11.2
    endloop
  endfacet
  facet normal 0 0 1
    outer loop
      vertex 65.8538 42.8887 11.2
      vertex 69.5954 45.3888 11.2
      vertex 69.2675 45.9359 11.2
    endloop
  endfacet
  facet normal 0 0 1
    outer loop
      vertex 65.2989 43.8146 11.2
      vertex 69.2675 45.9359 11.2
      vertex 68.9948 46.5126 11.2
    endloop
  endfacet
  facet normal 0 0 1
    outer loop
      vertex 71.3888 43.5954 11.2
      vertex 68.8887 39.8538 11.2
      vertex 69.8146 39.2989 11.2
    endloop
  endfacet
  facet normal 0 0 1
    outer loop
      vertex 64.8373 44.7905 11.2
      vertex 68.9948 46.5126 11.2
      vertex 68.7799 47.1132 11.2
    endloop
  endfacet
  facet normal 0 0 1
    outer loop
      vertex 64.4737 45.8069 11.2
      vertex 68.7799 47.1132 11.2
      vertex 68.6249 47.7319 11.2
    endloop
  endfacet
  facet normal 0 0 1
    outer loop
      vertex 64.2114 46.854 11.2
      vertex 68.6249 47.7319 11.2
      vertex 68.5313 48.3629 11.2
    endloop
  endfacet
  facet normal 0 0 1
    outer loop
      vertex 64.053 47.9218 11.2
      vertex 68.5313 48.3629 11.2
      vertex 68.5 49 11.2
    endloop
  endfacet
  facet normal -0 0 1
    outer loop
      vertex 64.8373 53.2095 11.2
      vertex 68.9948 51.4874 11.2
      vertex 65.2989 54.1854 11.2
    endloop
  endfacet
  facet normal 0 0 1
    outer loop
      vertex 70.8764 43.9754 11.2
      vertex 68.0217 40.4969 11.2
      vertex 68.8887 39.8538 11.2
    endloop
  endfacet
  facet normal 0 0 1
    outer loop
      vertex 68.9948 51.4874 11.2
      vertex 64.8373 53.2095 11.2
      vertex 68.7799 50.8869 11.2
    endloop
  endfacet
  facet normal 0 0 1
    outer loop
      vertex 70.4038 44.4038 11.2
      vertex 67.2218 41.2218 11.2
      vertex 68.0217 40.4969 11.2
    endloop
  endfacet
  facet normal -0 0 1
    outer loop
      vertex 64.4737 52.1931 11.2
      vertex 68.7799 50.8869 11.2
      vertex 64.8373 53.2095 11.2
    endloop
  endfacet
  facet normal 0 0 1
    outer loop
      vertex 69.9754 44.8764 11.2
      vertex 66.4969 42.0217 11.2
      vertex 67.2218 41.2218 11.2
    endloop
  endfacet
  facet normal 0 0 1
    outer loop
      vertex 68.7799 50.8869 11.2
      vertex 64.4737 52.1931 11.2
      vertex 68.6249 50.2681 11.2
    endloop
  endfacet
  facet normal 0 0 1
    outer loop
      vertex 69.5954 45.3888 11.2
      vertex 65.8538 42.8887 11.2
      vertex 66.4969 42.0217 11.2
    endloop
  endfacet
  facet normal -0 0 1
    outer loop
      vertex 64.2114 51.146 11.2
      vertex 68.6249 50.2681 11.2
      vertex 64.4737 52.1931 11.2
    endloop
  endfacet
  facet normal 0 0 1
    outer loop
      vertex 69.2675 45.9359 11.2
      vertex 65.2989 43.8146 11.2
      vertex 65.8538 42.8887 11.2
    endloop
  endfacet
  facet normal 0 0 1
    outer loop
      vertex 68.6249 50.2681 11.2
      vertex 64.2114 51.146 11.2
      vertex 68.5313 49.6371 11.2
    endloop
  endfacet
  facet normal 0 0 1
    outer loop
      vertex 68.9948 46.5126 11.2
      vertex 64.8373 44.7905 11.2
      vertex 65.2989 43.8146 11.2
    endloop
  endfacet
  facet normal -0 0 1
    outer loop
      vertex 64.053 50.0782 11.2
      vertex 68.5313 49.6371 11.2
      vertex 64.2114 51.146 11.2
    endloop
  endfacet
  facet normal 0 0 1
    outer loop
      vertex 68.7799 47.1132 11.2
      vertex 64.4737 45.8069 11.2
      vertex 64.8373 44.7905 11.2
    endloop
  endfacet
  facet normal 0 0 1
    outer loop
      vertex 68.5313 49.6371 11.2
      vertex 64.053 50.0782 11.2
      vertex 68.5 49 11.2
    endloop
  endfacet
  facet normal 0 0 1
    outer loop
      vertex 68.6249 47.7319 11.2
      vertex 64.2114 46.854 11.2
      vertex 64.4737 45.8069 11.2
    endloop
  endfacet
  facet normal 0 0 1
    outer loop
      vertex 64 49 11.2
      vertex 68.5 49 11.2
      vertex 64.053 50.0782 11.2
    endloop
  endfacet
  facet normal 0 0 1
    outer loop
      vertex 68.5313 48.3629 11.2
      vertex 64.053 47.9218 11.2
      vertex 64.2114 46.854 11.2
    endloop
  endfacet
  facet normal 0 0 1
    outer loop
      vertex 68.5 49 11.2
      vertex 64 49 11.2
      vertex 64.053 47.9218 11.2
    endloop
  endfacet
  facet normal -0.51406 -0.857754 0
    outer loop
      vertex 68.8887 39.8538 4.2
      vertex 69.8146 39.2989 11.2
      vertex 68.8887 39.8538 11.2
    endloop
  endfacet
  facet normal -0.51406 -0.857754 -0
    outer loop
      vertex 69.8146 39.2989 11.2
      vertex 68.8887 39.8538 4.2
      vertex 69.8146 39.2989 4.2
    endloop
  endfacet
  facet normal -0.803168 -0.595752 0
    outer loop
      vertex 66.4969 42.0217 4.2
      vertex 65.8538 42.8887 11.2
      vertex 65.8538 42.8887 4.2
    endloop
  endfacet
  facet normal -0.803168 -0.595752 0
    outer loop
      vertex 65.8538 42.8887 11.2
      vertex 66.4969 42.0217 4.2
      vertex 66.4969 42.0217 11.2
    endloop
  endfacet
  facet normal -0.242264 -0.97021 0
    outer loop
      vertex 15.517 176.599 93
      vertex 15.7693 176.536 100
      vertex 15.517 176.599 100
    endloop
  endfacet
  facet normal -0.242264 -0.97021 -0
    outer loop
      vertex 15.7693 176.536 100
      vertex 15.517 176.599 93
      vertex 15.7693 176.536 93
    endloop
  endfacet
  facet normal -0.338284 -0.941044 0
    outer loop
      vertex 15.7693 176.536 93
      vertex 16.0141 176.448 100
      vertex 15.7693 176.536 100
    endloop
  endfacet
  facet normal -0.338284 -0.941044 -0
    outer loop
      vertex 16.0141 176.448 100
      vertex 15.7693 176.536 93
      vertex 16.0141 176.448 93
    endloop
  endfacet
  facet normal -0.989189 -0.146646 0
    outer loop
      vertex 17.6372 174.26 93
      vertex 17.5991 174.517 100
      vertex 17.5991 174.517 93
    endloop
  endfacet
  facet normal -0.989189 -0.146646 0
    outer loop
      vertex 17.5991 174.517 100
      vertex 17.6372 174.26 93
      vertex 17.6372 174.26 100
    endloop
  endfacet
  facet normal -0.99879 -0.0491712 0
    outer loop
      vertex 17.65 174 93
      vertex 17.6372 174.26 100
      vertex 17.6372 174.26 93
    endloop
  endfacet
  facet normal -0.99879 -0.0491712 0
    outer loop
      vertex 17.6372 174.26 100
      vertex 17.65 174 93
      vertex 17.65 174 100
    endloop
  endfacet
  facet normal -0.969961 -0.24326 0
    outer loop
      vertex 17.5991 174.517 93
      vertex 17.5359 174.769 100
      vertex 17.5359 174.769 93
    endloop
  endfacet
  facet normal -0.969961 -0.24326 0
    outer loop
      vertex 17.5359 174.769 100
      vertex 17.5991 174.517 93
      vertex 17.5991 174.517 100
    endloop
  endfacet
  facet normal -0.670177 -0.742202 0
    outer loop
      vertex 16.6811 176.048 93
      vertex 16.8738 175.874 100
      vertex 16.6811 176.048 100
    endloop
  endfacet
  facet normal -0.670177 -0.742202 -0
    outer loop
      vertex 16.8738 175.874 100
      vertex 16.6811 176.048 93
      vertex 16.8738 175.874 93
    endloop
  endfacet
  facet normal 0.741381 0.671084 0
    outer loop
      vertex 13.1262 172.126 100
      vertex 12.9515 172.319 93
      vertex 12.9515 172.319 100
    endloop
  endfacet
  facet normal 0.741381 0.671084 0
    outer loop
      vertex 12.9515 172.319 93
      vertex 13.1262 172.126 100
      vertex 13.1262 172.126 93
    endloop
  endfacet
  facet normal 0.0499952 0.998749 -0
    outer loop
      vertex 15 171.35 93
      vertex 14.7403 171.363 100
      vertex 15 171.35 100
    endloop
  endfacet
  facet normal 0.0499952 0.998749 0
    outer loop
      vertex 14.7403 171.363 100
      vertex 15 171.35 93
      vertex 14.7403 171.363 93
    endloop
  endfacet
  facet normal -0.99879 0.0491712 0
    outer loop
      vertex 17.6372 173.74 93
      vertex 17.65 174 100
      vertex 17.65 174 93
    endloop
  endfacet
  facet normal -0.99879 0.0491712 0
    outer loop
      vertex 17.65 174 100
      vertex 17.6372 173.74 93
      vertex 17.6372 173.74 100
    endloop
  endfacet
  facet normal -0.338284 0.941044 0
    outer loop
      vertex 16.0141 171.552 93
      vertex 15.7693 171.464 100
      vertex 16.0141 171.552 100
    endloop
  endfacet
  facet normal -0.338284 0.941044 0
    outer loop
      vertex 15.7693 171.464 100
      vertex 16.0141 171.552 93
      vertex 15.7693 171.464 93
    endloop
  endfacet
  facet normal 0.94162 0.336677 0
    outer loop
      vertex 12.5517 172.986 100
      vertex 12.4641 173.231 93
      vertex 12.4641 173.231 100
    endloop
  endfacet
  facet normal 0.94162 0.336677 0
    outer loop
      vertex 12.4641 173.231 93
      vertex 12.5517 172.986 100
      vertex 12.5517 172.986 93
    endloop
  endfacet
  facet normal -0.94162 -0.336677 0
    outer loop
      vertex 17.5359 174.769 93
      vertex 17.4483 175.014 100
      vertex 17.4483 175.014 93
    endloop
  endfacet
  facet normal -0.94162 -0.336677 0
    outer loop
      vertex 17.4483 175.014 100
      vertex 17.5359 174.769 93
      vertex 17.5359 174.769 100
    endloop
  endfacet
  facet normal -0.90391 -0.427723 0
    outer loop
      vertex 17.4483 175.014 93
      vertex 17.3371 175.249 100
      vertex 17.3371 175.249 93
    endloop
  endfacet
  facet normal -0.90391 -0.427723 0
    outer loop
      vertex 17.3371 175.249 100
      vertex 17.4483 175.014 93
      vertex 17.4483 175.014 100
    endloop
  endfacet
  facet normal 0.90391 -0.427723 0
    outer loop
      vertex 12.5517 175.014 100
      vertex 12.6629 175.249 93
      vertex 12.6629 175.249 100
    endloop
  endfacet
  facet normal 0.90391 -0.427723 0
    outer loop
      vertex 12.6629 175.249 93
      vertex 12.5517 175.014 100
      vertex 12.5517 175.014 93
    endloop
  endfacet
  facet normal -0.514891 -0.857256 0
    outer loop
      vertex 16.2492 176.337 93
      vertex 16.4723 176.203 100
      vertex 16.2492 176.337 100
    endloop
  endfacet
  facet normal -0.514891 -0.857256 -0
    outer loop
      vertex 16.4723 176.203 100
      vertex 16.2492 176.337 93
      vertex 16.4723 176.203 93
    endloop
  endfacet
  facet normal 0.969961 0.24326 0
    outer loop
      vertex 12.4641 173.231 100
      vertex 12.4009 173.483 93
      vertex 12.4009 173.483 100
    endloop
  endfacet
  facet normal 0.969961 0.24326 0
    outer loop
      vertex 12.4009 173.483 93
      vertex 12.4641 173.231 100
      vertex 12.4641 173.231 93
    endloop
  endfacet
  facet normal -0.857663 0.514213 0
    outer loop
      vertex 17.2034 172.528 93
      vertex 17.3371 172.751 100
      vertex 17.3371 172.751 93
    endloop
  endfacet
  facet normal -0.857663 0.514213 0
    outer loop
      vertex 17.3371 172.751 100
      vertex 17.2034 172.528 93
      vertex 17.2034 172.528 100
    endloop
  endfacet
  facet normal -0.514891 0.857256 0
    outer loop
      vertex 16.4723 171.797 93
      vertex 16.2492 171.663 100
      vertex 16.4723 171.797 100
    endloop
  endfacet
  facet normal -0.514891 0.857256 0
    outer loop
      vertex 16.2492 171.663 100
      vertex 16.4723 171.797 93
      vertex 16.2492 171.663 93
    endloop
  endfacet
  facet normal 0.146103 -0.989269 0
    outer loop
      vertex 14.483 176.599 93
      vertex 14.7403 176.637 100
      vertex 14.483 176.599 100
    endloop
  endfacet
  facet normal 0.146103 -0.989269 0
    outer loop
      vertex 14.7403 176.637 100
      vertex 14.483 176.599 93
      vertex 14.7403 176.637 93
    endloop
  endfacet
  facet normal 0.90391 0.427723 0
    outer loop
      vertex 12.6629 172.751 100
      vertex 12.5517 172.986 93
      vertex 12.5517 172.986 100
    endloop
  endfacet
  facet normal 0.90391 0.427723 0
    outer loop
      vertex 12.5517 172.986 93
      vertex 12.6629 172.751 100
      vertex 12.6629 172.751 93
    endloop
  endfacet
  facet normal 0.426945 -0.904278 0
    outer loop
      vertex 13.7508 176.337 93
      vertex 13.9859 176.448 100
      vertex 13.7508 176.337 100
    endloop
  endfacet
  facet normal 0.426945 -0.904278 0
    outer loop
      vertex 13.9859 176.448 100
      vertex 13.7508 176.337 93
      vertex 13.9859 176.448 93
    endloop
  endfacet
  facet normal -0.741381 0.671084 0
    outer loop
      vertex 16.8738 172.126 93
      vertex 17.0485 172.319 100
      vertex 17.0485 172.319 93
    endloop
  endfacet
  facet normal -0.741381 0.671084 0
    outer loop
      vertex 17.0485 172.319 100
      vertex 16.8738 172.126 93
      vertex 16.8738 172.126 100
    endloop
  endfacet
  facet normal -0.803401 -0.595439 0
    outer loop
      vertex 17.2034 175.472 93
      vertex 17.0485 175.681 100
      vertex 17.0485 175.681 93
    endloop
  endfacet
  facet normal -0.803401 -0.595439 0
    outer loop
      vertex 17.0485 175.681 100
      vertex 17.2034 175.472 93
      vertex 17.2034 175.472 100
    endloop
  endfacet
  facet normal -0.146103 0.989269 0
    outer loop
      vertex 15.517 171.401 93
      vertex 15.2597 171.363 100
      vertex 15.517 171.401 100
    endloop
  endfacet
  facet normal -0.146103 0.989269 0
    outer loop
      vertex 15.2597 171.363 100
      vertex 15.517 171.401 93
      vertex 15.2597 171.363 93
    endloop
  endfacet
  facet normal -0.989189 0.146646 0
    outer loop
      vertex 17.5991 173.483 93
      vertex 17.6372 173.74 100
      vertex 17.6372 173.74 93
    endloop
  endfacet
  facet normal -0.989189 0.146646 0
    outer loop
      vertex 17.6372 173.74 100
      vertex 17.5991 173.483 93
      vertex 17.5991 173.483 100
    endloop
  endfacet
  facet normal 0.596055 0.802944 -0
    outer loop
      vertex 13.5277 171.797 93
      vertex 13.3189 171.952 100
      vertex 13.5277 171.797 100
    endloop
  endfacet
  facet normal 0.596055 0.802944 0
    outer loop
      vertex 13.3189 171.952 100
      vertex 13.5277 171.797 93
      vertex 13.3189 171.952 93
    endloop
  endfacet
  facet normal -0.426945 -0.904278 0
    outer loop
      vertex 16.0141 176.448 93
      vertex 16.2492 176.337 100
      vertex 16.0141 176.448 100
    endloop
  endfacet
  facet normal -0.426945 -0.904278 -0
    outer loop
      vertex 16.2492 176.337 100
      vertex 16.0141 176.448 93
      vertex 16.2492 176.337 93
    endloop
  endfacet
  facet normal 0.989189 -0.146646 0
    outer loop
      vertex 12.3628 174.26 100
      vertex 12.4009 174.517 93
      vertex 12.4009 174.517 100
    endloop
  endfacet
  facet normal 0.989189 -0.146646 0
    outer loop
      vertex 12.4009 174.517 93
      vertex 12.3628 174.26 100
      vertex 12.3628 174.26 93
    endloop
  endfacet
  facet normal 0.242264 -0.97021 0
    outer loop
      vertex 14.2307 176.536 93
      vertex 14.483 176.599 100
      vertex 14.2307 176.536 100
    endloop
  endfacet
  facet normal 0.242264 -0.97021 0
    outer loop
      vertex 14.483 176.599 100
      vertex 14.2307 176.536 93
      vertex 14.483 176.599 93
    endloop
  endfacet
  facet normal 0.146103 0.989269 -0
    outer loop
      vertex 14.7403 171.363 93
      vertex 14.483 171.401 100
      vertex 14.7403 171.363 100
    endloop
  endfacet
  facet normal 0.146103 0.989269 0
    outer loop
      vertex 14.483 171.401 100
      vertex 14.7403 171.363 93
      vertex 14.483 171.401 93
    endloop
  endfacet
  facet normal -0.146103 -0.989269 0
    outer loop
      vertex 15.2597 176.637 93
      vertex 15.517 176.599 100
      vertex 15.2597 176.637 100
    endloop
  endfacet
  facet normal -0.146103 -0.989269 -0
    outer loop
      vertex 15.517 176.599 100
      vertex 15.2597 176.637 93
      vertex 15.517 176.599 93
    endloop
  endfacet
  facet normal 0.338284 -0.941044 0
    outer loop
      vertex 13.9859 176.448 93
      vertex 14.2307 176.536 100
      vertex 13.9859 176.448 100
    endloop
  endfacet
  facet normal 0.338284 -0.941044 0
    outer loop
      vertex 14.2307 176.536 100
      vertex 13.9859 176.448 93
      vertex 14.2307 176.536 93
    endloop
  endfacet
  facet normal 0.99879 -0.0491712 0
    outer loop
      vertex 12.35 174 100
      vertex 12.3628 174.26 93
      vertex 12.3628 174.26 100
    endloop
  endfacet
  facet normal 0.99879 -0.0491712 0
    outer loop
      vertex 12.3628 174.26 93
      vertex 12.35 174 100
      vertex 12.35 174 93
    endloop
  endfacet
  facet normal 0.99879 0.0491712 0
    outer loop
      vertex 12.3628 173.74 100
      vertex 12.35 174 93
      vertex 12.35 174 100
    endloop
  endfacet
  facet normal 0.99879 0.0491712 0
    outer loop
      vertex 12.35 174 93
      vertex 12.3628 173.74 100
      vertex 12.3628 173.74 93
    endloop
  endfacet
  facet normal 0.596055 -0.802944 0
    outer loop
      vertex 13.3189 176.048 93
      vertex 13.5277 176.203 100
      vertex 13.3189 176.048 100
    endloop
  endfacet
  facet normal 0.596055 -0.802944 0
    outer loop
      vertex 13.5277 176.203 100
      vertex 13.3189 176.048 93
      vertex 13.5277 176.203 93
    endloop
  endfacet
  facet normal -0.596055 0.802944 0
    outer loop
      vertex 16.6811 171.952 93
      vertex 16.4723 171.797 100
      vertex 16.6811 171.952 100
    endloop
  endfacet
  facet normal -0.596055 0.802944 0
    outer loop
      vertex 16.4723 171.797 100
      vertex 16.6811 171.952 93
      vertex 16.4723 171.797 93
    endloop
  endfacet
  facet normal -0.0499952 -0.998749 0
    outer loop
      vertex 15 176.65 93
      vertex 15.2597 176.637 100
      vertex 15 176.65 100
    endloop
  endfacet
  facet normal -0.0499952 -0.998749 -0
    outer loop
      vertex 15.2597 176.637 100
      vertex 15 176.65 93
      vertex 15.2597 176.637 93
    endloop
  endfacet
  facet normal -0.426945 0.904278 0
    outer loop
      vertex 16.2492 171.663 93
      vertex 16.0141 171.552 100
      vertex 16.2492 171.663 100
    endloop
  endfacet
  facet normal -0.426945 0.904278 0
    outer loop
      vertex 16.0141 171.552 100
      vertex 16.2492 171.663 93
      vertex 16.0141 171.552 93
    endloop
  endfacet
  facet normal -0.596055 -0.802944 0
    outer loop
      vertex 16.4723 176.203 93
      vertex 16.6811 176.048 100
      vertex 16.4723 176.203 100
    endloop
  endfacet
  facet normal -0.596055 -0.802944 -0
    outer loop
      vertex 16.6811 176.048 100
      vertex 16.4723 176.203 93
      vertex 16.6811 176.048 93
    endloop
  endfacet
  facet normal 0.857663 0.514213 0
    outer loop
      vertex 12.7966 172.528 100
      vertex 12.6629 172.751 93
      vertex 12.6629 172.751 100
    endloop
  endfacet
  facet normal 0.857663 0.514213 0
    outer loop
      vertex 12.6629 172.751 93
      vertex 12.7966 172.528 100
      vertex 12.7966 172.528 93
    endloop
  endfacet
  facet normal 0.0499952 -0.998749 0
    outer loop
      vertex 14.7403 176.637 93
      vertex 15 176.65 100
      vertex 14.7403 176.637 100
    endloop
  endfacet
  facet normal 0.0499952 -0.998749 0
    outer loop
      vertex 15 176.65 100
      vertex 14.7403 176.637 93
      vertex 15 176.65 93
    endloop
  endfacet
  facet normal 0.514891 -0.857256 0
    outer loop
      vertex 13.5277 176.203 93
      vertex 13.7508 176.337 100
      vertex 13.5277 176.203 100
    endloop
  endfacet
  facet normal 0.514891 -0.857256 0
    outer loop
      vertex 13.7508 176.337 100
      vertex 13.5277 176.203 93
      vertex 13.7508 176.337 93
    endloop
  endfacet
  facet normal -0.242264 0.97021 0
    outer loop
      vertex 15.7693 171.464 93
      vertex 15.517 171.401 100
      vertex 15.7693 171.464 100
    endloop
  endfacet
  facet normal -0.242264 0.97021 0
    outer loop
      vertex 15.517 171.401 100
      vertex 15.7693 171.464 93
      vertex 15.517 171.401 93
    endloop
  endfacet
  facet normal -0.969961 0.24326 0
    outer loop
      vertex 17.5359 173.231 93
      vertex 17.5991 173.483 100
      vertex 17.5991 173.483 93
    endloop
  endfacet
  facet normal -0.969961 0.24326 0
    outer loop
      vertex 17.5991 173.483 100
      vertex 17.5359 173.231 93
      vertex 17.5359 173.231 100
    endloop
  endfacet
  facet normal 0.803401 -0.595439 0
    outer loop
      vertex 12.7966 175.472 100
      vertex 12.9515 175.681 93
      vertex 12.9515 175.681 100
    endloop
  endfacet
  facet normal 0.803401 -0.595439 0
    outer loop
      vertex 12.9515 175.681 93
      vertex 12.7966 175.472 100
      vertex 12.7966 175.472 93
    endloop
  endfacet
  facet normal -0.857663 -0.514213 0
    outer loop
      vertex 17.3371 175.249 93
      vertex 17.2034 175.472 100
      vertex 17.2034 175.472 93
    endloop
  endfacet
  facet normal -0.857663 -0.514213 0
    outer loop
      vertex 17.2034 175.472 100
      vertex 17.3371 175.249 93
      vertex 17.3371 175.249 100
    endloop
  endfacet
  facet normal -0.803401 0.595439 0
    outer loop
      vertex 17.0485 172.319 93
      vertex 17.2034 172.528 100
      vertex 17.2034 172.528 93
    endloop
  endfacet
  facet normal -0.803401 0.595439 0
    outer loop
      vertex 17.2034 172.528 100
      vertex 17.0485 172.319 93
      vertex 17.0485 172.319 100
    endloop
  endfacet
  facet normal -0.94162 0.336677 0
    outer loop
      vertex 17.4483 172.986 93
      vertex 17.5359 173.231 100
      vertex 17.5359 173.231 93
    endloop
  endfacet
  facet normal -0.94162 0.336677 0
    outer loop
      vertex 17.5359 173.231 100
      vertex 17.4483 172.986 93
      vertex 17.4483 172.986 100
    endloop
  endfacet
  facet normal 0.670177 -0.742202 0
    outer loop
      vertex 13.1262 175.874 93
      vertex 13.3189 176.048 100
      vertex 13.1262 175.874 100
    endloop
  endfacet
  facet normal 0.670177 -0.742202 0
    outer loop
      vertex 13.3189 176.048 100
      vertex 13.1262 175.874 93
      vertex 13.3189 176.048 93
    endloop
  endfacet
  facet normal 0.857663 -0.514213 0
    outer loop
      vertex 12.6629 175.249 100
      vertex 12.7966 175.472 93
      vertex 12.7966 175.472 100
    endloop
  endfacet
  facet normal 0.857663 -0.514213 0
    outer loop
      vertex 12.7966 175.472 93
      vertex 12.6629 175.249 100
      vertex 12.6629 175.249 93
    endloop
  endfacet
  facet normal -0.90391 0.427723 0
    outer loop
      vertex 17.3371 172.751 93
      vertex 17.4483 172.986 100
      vertex 17.4483 172.986 93
    endloop
  endfacet
  facet normal -0.90391 0.427723 0
    outer loop
      vertex 17.4483 172.986 100
      vertex 17.3371 172.751 93
      vertex 17.3371 172.751 100
    endloop
  endfacet
  facet normal 0.514891 0.857256 -0
    outer loop
      vertex 13.7508 171.663 93
      vertex 13.5277 171.797 100
      vertex 13.7508 171.663 100
    endloop
  endfacet
  facet normal 0.514891 0.857256 0
    outer loop
      vertex 13.5277 171.797 100
      vertex 13.7508 171.663 93
      vertex 13.5277 171.797 93
    endloop
  endfacet
  facet normal -0.741381 -0.671084 0
    outer loop
      vertex 17.0485 175.681 93
      vertex 16.8738 175.874 100
      vertex 16.8738 175.874 93
    endloop
  endfacet
  facet normal -0.741381 -0.671084 0
    outer loop
      vertex 16.8738 175.874 100
      vertex 17.0485 175.681 93
      vertex 17.0485 175.681 100
    endloop
  endfacet
  facet normal -0.0499952 0.998749 0
    outer loop
      vertex 15.2597 171.363 93
      vertex 15 171.35 100
      vertex 15.2597 171.363 100
    endloop
  endfacet
  facet normal -0.0499952 0.998749 0
    outer loop
      vertex 15 171.35 100
      vertex 15.2597 171.363 93
      vertex 15 171.35 93
    endloop
  endfacet
  facet normal -0.670177 0.742202 0
    outer loop
      vertex 16.8738 172.126 93
      vertex 16.6811 171.952 100
      vertex 16.8738 172.126 100
    endloop
  endfacet
  facet normal -0.670177 0.742202 0
    outer loop
      vertex 16.6811 171.952 100
      vertex 16.8738 172.126 93
      vertex 16.6811 171.952 93
    endloop
  endfacet
  facet normal 0.803401 0.595439 0
    outer loop
      vertex 12.9515 172.319 100
      vertex 12.7966 172.528 93
      vertex 12.7966 172.528 100
    endloop
  endfacet
  facet normal 0.803401 0.595439 0
    outer loop
      vertex 12.7966 172.528 93
      vertex 12.9515 172.319 100
      vertex 12.9515 172.319 93
    endloop
  endfacet
  facet normal 0.94162 -0.336677 0
    outer loop
      vertex 12.4641 174.769 100
      vertex 12.5517 175.014 93
      vertex 12.5517 175.014 100
    endloop
  endfacet
  facet normal 0.94162 -0.336677 0
    outer loop
      vertex 12.5517 175.014 93
      vertex 12.4641 174.769 100
      vertex 12.4641 174.769 93
    endloop
  endfacet
  facet normal 0.969961 -0.24326 0
    outer loop
      vertex 12.4009 174.517 100
      vertex 12.4641 174.769 93
      vertex 12.4641 174.769 100
    endloop
  endfacet
  facet normal 0.969961 -0.24326 0
    outer loop
      vertex 12.4641 174.769 93
      vertex 12.4009 174.517 100
      vertex 12.4009 174.517 93
    endloop
  endfacet
  facet normal 0.989189 0.146646 0
    outer loop
      vertex 12.4009 173.483 100
      vertex 12.3628 173.74 93
      vertex 12.3628 173.74 100
    endloop
  endfacet
  facet normal 0.989189 0.146646 0
    outer loop
      vertex 12.3628 173.74 93
      vertex 12.4009 173.483 100
      vertex 12.4009 173.483 93
    endloop
  endfacet
  facet normal 0.741381 -0.671084 0
    outer loop
      vertex 12.9515 175.681 100
      vertex 13.1262 175.874 93
      vertex 13.1262 175.874 100
    endloop
  endfacet
  facet normal 0.741381 -0.671084 0
    outer loop
      vertex 13.1262 175.874 93
      vertex 12.9515 175.681 100
      vertex 12.9515 175.681 93
    endloop
  endfacet
  facet normal 0 0 1
    outer loop
      vertex 17.6372 174.26 93
      vertex 17.6372 173.74 93
      vertex 17.65 174 93
    endloop
  endfacet
  facet normal 0 0 1
    outer loop
      vertex 17.5991 174.517 93
      vertex 17.6372 173.74 93
      vertex 17.6372 174.26 93
    endloop
  endfacet
  facet normal 0 0 1
    outer loop
      vertex 17.5991 174.517 93
      vertex 17.5991 173.483 93
      vertex 17.6372 173.74 93
    endloop
  endfacet
  facet normal 0 0 1
    outer loop
      vertex 17.5359 174.769 93
      vertex 17.5991 173.483 93
      vertex 17.5991 174.517 93
    endloop
  endfacet
  facet normal 0 0 1
    outer loop
      vertex 17.5359 174.769 93
      vertex 17.5359 173.231 93
      vertex 17.5991 173.483 93
    endloop
  endfacet
  facet normal 0 0 1
    outer loop
      vertex 17.4483 175.014 93
      vertex 17.5359 173.231 93
      vertex 17.5359 174.769 93
    endloop
  endfacet
  facet normal 0 0 1
    outer loop
      vertex 17.4483 175.014 93
      vertex 17.4483 172.986 93
      vertex 17.5359 173.231 93
    endloop
  endfacet
  facet normal 0 0 1
    outer loop
      vertex 17.3371 175.249 93
      vertex 17.4483 172.986 93
      vertex 17.4483 175.014 93
    endloop
  endfacet
  facet normal 0 0 1
    outer loop
      vertex 17.3371 175.249 93
      vertex 17.3371 172.751 93
      vertex 17.4483 172.986 93
    endloop
  endfacet
  facet normal 0 0 1
    outer loop
      vertex 17.2034 175.472 93
      vertex 17.3371 172.751 93
      vertex 17.3371 175.249 93
    endloop
  endfacet
  facet normal 0 0 1
    outer loop
      vertex 17.2034 175.472 93
      vertex 17.2034 172.528 93
      vertex 17.3371 172.751 93
    endloop
  endfacet
  facet normal 0 0 1
    outer loop
      vertex 17.0485 175.681 93
      vertex 17.2034 172.528 93
      vertex 17.2034 175.472 93
    endloop
  endfacet
  facet normal 0 0 1
    outer loop
      vertex 17.0485 175.681 93
      vertex 17.0485 172.319 93
      vertex 17.2034 172.528 93
    endloop
  endfacet
  facet normal 0 0 1
    outer loop
      vertex 16.8738 175.874 93
      vertex 17.0485 172.319 93
      vertex 17.0485 175.681 93
    endloop
  endfacet
  facet normal 0 0 1
    outer loop
      vertex 16.8738 175.874 93
      vertex 16.8738 172.126 93
      vertex 17.0485 172.319 93
    endloop
  endfacet
  facet normal 0 0 1
    outer loop
      vertex 16.6811 176.048 93
      vertex 16.8738 172.126 93
      vertex 16.8738 175.874 93
    endloop
  endfacet
  facet normal 0 0 1
    outer loop
      vertex 16.6811 176.048 93
      vertex 16.6811 171.952 93
      vertex 16.8738 172.126 93
    endloop
  endfacet
  facet normal 0 0 1
    outer loop
      vertex 16.4723 176.203 93
      vertex 16.6811 171.952 93
      vertex 16.6811 176.048 93
    endloop
  endfacet
  facet normal 0 0 1
    outer loop
      vertex 16.4723 176.203 93
      vertex 16.4723 171.797 93
      vertex 16.6811 171.952 93
    endloop
  endfacet
  facet normal 0 0 1
    outer loop
      vertex 16.2492 176.337 93
      vertex 16.4723 171.797 93
      vertex 16.4723 176.203 93
    endloop
  endfacet
  facet normal 0 0 1
    outer loop
      vertex 16.2492 176.337 93
      vertex 16.2492 171.663 93
      vertex 16.4723 171.797 93
    endloop
  endfacet
  facet normal 0 0 1
    outer loop
      vertex 16.0141 176.448 93
      vertex 16.2492 171.663 93
      vertex 16.2492 176.337 93
    endloop
  endfacet
  facet normal 0 0 1
    outer loop
      vertex 16.0141 176.448 93
      vertex 16.0141 171.552 93
      vertex 16.2492 171.663 93
    endloop
  endfacet
  facet normal 0 0 1
    outer loop
      vertex 15.7693 176.536 93
      vertex 16.0141 171.552 93
      vertex 16.0141 176.448 93
    endloop
  endfacet
  facet normal 0 0 1
    outer loop
      vertex 15.7693 176.536 93
      vertex 15.7693 171.464 93
      vertex 16.0141 171.552 93
    endloop
  endfacet
  facet normal 0 0 1
    outer loop
      vertex 15.517 176.599 93
      vertex 15.7693 171.464 93
      vertex 15.7693 176.536 93
    endloop
  endfacet
  facet normal 0 0 1
    outer loop
      vertex 15.517 176.599 93
      vertex 15.517 171.401 93
      vertex 15.7693 171.464 93
    endloop
  endfacet
  facet normal 0 0 1
    outer loop
      vertex 15.2597 176.637 93
      vertex 15.517 171.401 93
      vertex 15.517 176.599 93
    endloop
  endfacet
  facet normal 0 0 1
    outer loop
      vertex 15.2597 176.637 93
      vertex 15.2597 171.363 93
      vertex 15.517 171.401 93
    endloop
  endfacet
  facet normal 0 0 1
    outer loop
      vertex 15 176.65 93
      vertex 15.2597 171.363 93
      vertex 15.2597 176.637 93
    endloop
  endfacet
  facet normal 0 0 1
    outer loop
      vertex 15 176.65 93
      vertex 15 171.35 93
      vertex 15.2597 171.363 93
    endloop
  endfacet
  facet normal -0 0 1
    outer loop
      vertex 14.7403 176.637 93
      vertex 15 171.35 93
      vertex 15 176.65 93
    endloop
  endfacet
  facet normal 0 0 1
    outer loop
      vertex 14.7403 176.637 93
      vertex 14.7403 171.363 93
      vertex 15 171.35 93
    endloop
  endfacet
  facet normal -0 0 1
    outer loop
      vertex 14.483 176.599 93
      vertex 14.7403 171.363 93
      vertex 14.7403 176.637 93
    endloop
  endfacet
  facet normal 0 0 1
    outer loop
      vertex 14.483 176.599 93
      vertex 14.483 171.401 93
      vertex 14.7403 171.363 93
    endloop
  endfacet
  facet normal -0 0 1
    outer loop
      vertex 14.2307 176.536 93
      vertex 14.483 171.401 93
      vertex 14.483 176.599 93
    endloop
  endfacet
  facet normal 0 0 1
    outer loop
      vertex 14.2307 176.536 93
      vertex 14.2307 171.464 93
      vertex 14.483 171.401 93
    endloop
  endfacet
  facet normal -0 0 1
    outer loop
      vertex 13.9859 176.448 93
      vertex 14.2307 171.464 93
      vertex 14.2307 176.536 93
    endloop
  endfacet
  facet normal 0 0 1
    outer loop
      vertex 13.9859 176.448 93
      vertex 13.9859 171.552 93
      vertex 14.2307 171.464 93
    endloop
  endfacet
  facet normal -0 0 1
    outer loop
      vertex 13.7508 176.337 93
      vertex 13.9859 171.552 93
      vertex 13.9859 176.448 93
    endloop
  endfacet
  facet normal 0 0 1
    outer loop
      vertex 13.7508 176.337 93
      vertex 13.7508 171.663 93
      vertex 13.9859 171.552 93
    endloop
  endfacet
  facet normal -0 0 1
    outer loop
      vertex 13.5277 176.203 93
      vertex 13.7508 171.663 93
      vertex 13.7508 176.337 93
    endloop
  endfacet
  facet normal 0 0 1
    outer loop
      vertex 13.5277 176.203 93
      vertex 13.5277 171.797 93
      vertex 13.7508 171.663 93
    endloop
  endfacet
  facet normal -0 0 1
    outer loop
      vertex 13.3189 176.048 93
      vertex 13.5277 171.797 93
      vertex 13.5277 176.203 93
    endloop
  endfacet
  facet normal 0 0 1
    outer loop
      vertex 13.3189 176.048 93
      vertex 13.3189 171.952 93
      vertex 13.5277 171.797 93
    endloop
  endfacet
  facet normal -0 0 1
    outer loop
      vertex 13.1262 175.874 93
      vertex 13.3189 171.952 93
      vertex 13.3189 176.048 93
    endloop
  endfacet
  facet normal 0 0 1
    outer loop
      vertex 13.1262 175.874 93
      vertex 13.1262 172.126 93
      vertex 13.3189 171.952 93
    endloop
  endfacet
  facet normal -0 0 1
    outer loop
      vertex 12.9515 175.681 93
      vertex 13.1262 172.126 93
      vertex 13.1262 175.874 93
    endloop
  endfacet
  facet normal 0 0 1
    outer loop
      vertex 12.9515 175.681 93
      vertex 12.9515 172.319 93
      vertex 13.1262 172.126 93
    endloop
  endfacet
  facet normal -0 0 1
    outer loop
      vertex 12.7966 175.472 93
      vertex 12.9515 172.319 93
      vertex 12.9515 175.681 93
    endloop
  endfacet
  facet normal 0 0 1
    outer loop
      vertex 12.7966 175.472 93
      vertex 12.7966 172.528 93
      vertex 12.9515 172.319 93
    endloop
  endfacet
  facet normal -0 0 1
    outer loop
      vertex 12.6629 175.249 93
      vertex 12.7966 172.528 93
      vertex 12.7966 175.472 93
    endloop
  endfacet
  facet normal 0 0 1
    outer loop
      vertex 12.6629 175.249 93
      vertex 12.6629 172.751 93
      vertex 12.7966 172.528 93
    endloop
  endfacet
  facet normal -0 0 1
    outer loop
      vertex 12.5517 175.014 93
      vertex 12.6629 172.751 93
      vertex 12.6629 175.249 93
    endloop
  endfacet
  facet normal 0 0 1
    outer loop
      vertex 12.5517 175.014 93
      vertex 12.5517 172.986 93
      vertex 12.6629 172.751 93
    endloop
  endfacet
  facet normal -0 0 1
    outer loop
      vertex 12.4641 174.769 93
      vertex 12.5517 172.986 93
      vertex 12.5517 175.014 93
    endloop
  endfacet
  facet normal 0 0 1
    outer loop
      vertex 12.4641 174.769 93
      vertex 12.4641 173.231 93
      vertex 12.5517 172.986 93
    endloop
  endfacet
  facet normal -0 0 1
    outer loop
      vertex 12.4009 174.517 93
      vertex 12.4641 173.231 93
      vertex 12.4641 174.769 93
    endloop
  endfacet
  facet normal 0 0 1
    outer loop
      vertex 12.4009 174.517 93
      vertex 12.4009 173.483 93
      vertex 12.4641 173.231 93
    endloop
  endfacet
  facet normal -0 0 1
    outer loop
      vertex 12.3628 174.26 93
      vertex 12.4009 173.483 93
      vertex 12.4009 174.517 93
    endloop
  endfacet
  facet normal 0 0 1
    outer loop
      vertex 12.3628 174.26 93
      vertex 12.3628 173.74 93
      vertex 12.4009 173.483 93
    endloop
  endfacet
  facet normal 0 -0 1
    outer loop
      vertex 12.3628 173.74 93
      vertex 12.3628 174.26 93
      vertex 12.35 174 93
    endloop
  endfacet
  facet normal 0.670177 0.742202 -0
    outer loop
      vertex 13.3189 171.952 93
      vertex 13.1262 172.126 100
      vertex 13.3189 171.952 100
    endloop
  endfacet
  facet normal 0.670177 0.742202 0
    outer loop
      vertex 13.1262 172.126 100
      vertex 13.3189 171.952 93
      vertex 13.1262 172.126 93
    endloop
  endfacet
  facet normal 0.338284 0.941044 -0
    outer loop
      vertex 14.2307 171.464 93
      vertex 13.9859 171.552 100
      vertex 14.2307 171.464 100
    endloop
  endfacet
  facet normal 0.338284 0.941044 0
    outer loop
      vertex 13.9859 171.552 100
      vertex 14.2307 171.464 93
      vertex 13.9859 171.552 93
    endloop
  endfacet
  facet normal 0.242264 0.97021 -0
    outer loop
      vertex 14.483 171.401 93
      vertex 14.2307 171.464 100
      vertex 14.483 171.401 100
    endloop
  endfacet
  facet normal 0.242264 0.97021 0
    outer loop
      vertex 14.2307 171.464 100
      vertex 14.483 171.401 93
      vertex 14.2307 171.464 93
    endloop
  endfacet
  facet normal 0.426945 0.904278 -0
    outer loop
      vertex 13.9859 171.552 93
      vertex 13.7508 171.663 100
      vertex 13.9859 171.552 100
    endloop
  endfacet
  facet normal 0.426945 0.904278 0
    outer loop
      vertex 13.7508 171.663 100
      vertex 13.9859 171.552 93
      vertex 13.7508 171.663 93
    endloop
  endfacet
  facet normal -0.242988 -0.970029 0
    outer loop
      vertex 15.517 26.5991 93
      vertex 15.7693 26.5359 100
      vertex 15.517 26.5991 100
    endloop
  endfacet
  facet normal -0.242988 -0.970029 -0
    outer loop
      vertex 15.7693 26.5359 100
      vertex 15.517 26.5991 93
      vertex 15.7693 26.5359 93
    endloop
  endfacet
  facet normal -0.336921 -0.941533 0
    outer loop
      vertex 15.7693 26.5359 93
      vertex 16.0141 26.4483 100
      vertex 15.7693 26.5359 100
    endloop
  endfacet
  facet normal -0.336921 -0.941533 -0
    outer loop
      vertex 16.0141 26.4483 100
      vertex 15.7693 26.5359 93
      vertex 16.0141 26.4483 93
    endloop
  endfacet
  facet normal -0.989214 -0.146479 0
    outer loop
      vertex 17.6372 24.2597 93
      vertex 17.5991 24.517 100
      vertex 17.5991 24.517 93
    endloop
  endfacet
  facet normal -0.989214 -0.146479 0
    outer loop
      vertex 17.5991 24.517 100
      vertex 17.6372 24.2597 93
      vertex 17.6372 24.2597 100
    endloop
  endfacet
  facet normal -0.998788 -0.0492279 0
    outer loop
      vertex 17.65 24 93
      vertex 17.6372 24.2597 100
      vertex 17.6372 24.2597 93
    endloop
  endfacet
  facet normal -0.998788 -0.0492279 0
    outer loop
      vertex 17.6372 24.2597 100
      vertex 17.65 24 93
      vertex 17.65 24 100
    endloop
  endfacet
  facet normal -0.970029 -0.242988 0
    outer loop
      vertex 17.5991 24.517 93
      vertex 17.5359 24.7693 100
      vertex 17.5359 24.7693 93
    endloop
  endfacet
  facet normal -0.970029 -0.242988 0
    outer loop
      vertex 17.5359 24.7693 100
      vertex 17.5991 24.517 93
      vertex 17.5991 24.517 100
    endloop
  endfacet
  facet normal -0.671658 -0.740861 0
    outer loop
      vertex 16.6811 26.0485 93
      vertex 16.8738 25.8738 100
      vertex 16.6811 26.0485 100
    endloop
  endfacet
  facet normal -0.671658 -0.740861 -0
    outer loop
      vertex 16.8738 25.8738 100
      vertex 16.6811 26.0485 93
      vertex 16.8738 25.8738 93
    endloop
  endfacet
  facet normal -0.0492279 0.998788 0
    outer loop
      vertex 15.2597 21.3628 93
      vertex 15 21.35 100
      vertex 15.2597 21.3628 100
    endloop
  endfacet
  facet normal -0.0492279 0.998788 0
    outer loop
      vertex 15 21.35 100
      vertex 15.2597 21.3628 93
      vertex 15 21.35 93
    endloop
  endfacet
  facet normal 0.740861 0.671658 0
    outer loop
      vertex 13.1262 22.1262 100
      vertex 12.9515 22.3189 93
      vertex 12.9515 22.3189 100
    endloop
  endfacet
  facet normal 0.740861 0.671658 0
    outer loop
      vertex 12.9515 22.3189 93
      vertex 13.1262 22.1262 100
      vertex 13.1262 22.1262 93
    endloop
  endfacet
  facet normal 0.0492279 0.998788 -0
    outer loop
      vertex 15 21.35 93
      vertex 14.7403 21.3628 100
      vertex 15 21.35 100
    endloop
  endfacet
  facet normal 0.0492279 0.998788 0
    outer loop
      vertex 14.7403 21.3628 100
      vertex 15 21.35 93
      vertex 14.7403 21.3628 93
    endloop
  endfacet
  facet normal -0.998788 0.0492279 0
    outer loop
      vertex 17.6372 23.7403 93
      vertex 17.65 24 100
      vertex 17.65 24 93
    endloop
  endfacet
  facet normal -0.998788 0.0492279 0
    outer loop
      vertex 17.65 24 100
      vertex 17.6372 23.7403 93
      vertex 17.6372 23.7403 100
    endloop
  endfacet
  facet normal -0.336921 0.941533 0
    outer loop
      vertex 16.0141 21.5517 93
      vertex 15.7693 21.4641 100
      vertex 16.0141 21.5517 100
    endloop
  endfacet
  facet normal -0.336921 0.941533 0
    outer loop
      vertex 15.7693 21.4641 100
      vertex 16.0141 21.5517 93
      vertex 15.7693 21.4641 93
    endloop
  endfacet
  facet normal 0.941533 0.336921 0
    outer loop
      vertex 12.5517 22.9859 100
      vertex 12.4641 23.2307 93
      vertex 12.4641 23.2307 100
    endloop
  endfacet
  facet normal 0.941533 0.336921 0
    outer loop
      vertex 12.4641 23.2307 93
      vertex 12.5517 22.9859 100
      vertex 12.5517 22.9859 93
    endloop
  endfacet
  facet normal -0.941533 -0.336921 0
    outer loop
      vertex 17.5359 24.7693 93
      vertex 17.4483 25.0141 100
      vertex 17.4483 25.0141 93
    endloop
  endfacet
  facet normal -0.941533 -0.336921 0
    outer loop
      vertex 17.4483 25.0141 100
      vertex 17.5359 24.7693 93
      vertex 17.5359 24.7693 100
    endloop
  endfacet
  facet normal -0.90398 -0.427574 0
    outer loop
      vertex 17.4483 25.0141 93
      vertex 17.3371 25.2492 100
      vertex 17.3371 25.2492 93
    endloop
  endfacet
  facet normal -0.90398 -0.427574 0
    outer loop
      vertex 17.3371 25.2492 100
      vertex 17.4483 25.0141 93
      vertex 17.4483 25.0141 100
    endloop
  endfacet
  facet normal -0.941533 0.336921 0
    outer loop
      vertex 17.4483 22.9859 93
      vertex 17.5359 23.2307 100
      vertex 17.5359 23.2307 93
    endloop
  endfacet
  facet normal -0.941533 0.336921 0
    outer loop
      vertex 17.5359 23.2307 100
      vertex 17.4483 22.9859 93
      vertex 17.4483 22.9859 100
    endloop
  endfacet
  facet normal 0.90398 -0.427574 0
    outer loop
      vertex 12.5517 25.0141 100
      vertex 12.6629 25.2492 93
      vertex 12.6629 25.2492 100
    endloop
  endfacet
  facet normal 0.90398 -0.427574 0
    outer loop
      vertex 12.6629 25.2492 93
      vertex 12.5517 25.0141 100
      vertex 12.5517 25.0141 93
    endloop
  endfacet
  facet normal -0.514043 -0.857764 0
    outer loop
      vertex 16.2492 26.3371 93
      vertex 16.4723 26.2034 100
      vertex 16.2492 26.3371 100
    endloop
  endfacet
  facet normal -0.514043 -0.857764 -0
    outer loop
      vertex 16.4723 26.2034 100
      vertex 16.2492 26.3371 93
      vertex 16.4723 26.2034 93
    endloop
  endfacet
  facet normal 0.970029 0.242988 0
    outer loop
      vertex 12.4641 23.2307 100
      vertex 12.4009 23.483 93
      vertex 12.4009 23.483 100
    endloop
  endfacet
  facet normal 0.970029 0.242988 0
    outer loop
      vertex 12.4009 23.483 93
      vertex 12.4641 23.2307 100
      vertex 12.4641 23.2307 93
    endloop
  endfacet
  facet normal -0.857764 0.514043 0
    outer loop
      vertex 17.2034 22.5277 93
      vertex 17.3371 22.7508 100
      vertex 17.3371 22.7508 93
    endloop
  endfacet
  facet normal -0.857764 0.514043 0
    outer loop
      vertex 17.3371 22.7508 100
      vertex 17.2034 22.5277 93
      vertex 17.2034 22.5277 100
    endloop
  endfacet
  facet normal -0.514043 0.857764 0
    outer loop
      vertex 16.4723 21.7966 93
      vertex 16.2492 21.6629 100
      vertex 16.4723 21.7966 100
    endloop
  endfacet
  facet normal -0.514043 0.857764 0
    outer loop
      vertex 16.2492 21.6629 100
      vertex 16.4723 21.7966 93
      vertex 16.2492 21.6629 93
    endloop
  endfacet
  facet normal 0.146479 -0.989214 0
    outer loop
      vertex 14.483 26.5991 93
      vertex 14.7403 26.6372 100
      vertex 14.483 26.5991 100
    endloop
  endfacet
  facet normal 0.146479 -0.989214 0
    outer loop
      vertex 14.7403 26.6372 100
      vertex 14.483 26.5991 93
      vertex 14.7403 26.6372 93
    endloop
  endfacet
  facet normal 0.90398 0.427574 0
    outer loop
      vertex 12.6629 22.7508 100
      vertex 12.5517 22.9859 93
      vertex 12.5517 22.9859 100
    endloop
  endfacet
  facet normal 0.90398 0.427574 0
    outer loop
      vertex 12.5517 22.9859 93
      vertex 12.6629 22.7508 100
      vertex 12.6629 22.7508 93
    endloop
  endfacet
  facet normal 0.427574 -0.90398 0
    outer loop
      vertex 13.7508 26.3371 93
      vertex 13.9859 26.4483 100
      vertex 13.7508 26.3371 100
    endloop
  endfacet
  facet normal 0.427574 -0.90398 0
    outer loop
      vertex 13.9859 26.4483 100
      vertex 13.7508 26.3371 93
      vertex 13.9859 26.4483 93
    endloop
  endfacet
  facet normal -0.740861 0.671658 0
    outer loop
      vertex 16.8738 22.1262 93
      vertex 17.0485 22.3189 100
      vertex 17.0485 22.3189 93
    endloop
  endfacet
  facet normal -0.740861 0.671658 0
    outer loop
      vertex 17.0485 22.3189 100
      vertex 16.8738 22.1262 93
      vertex 16.8738 22.1262 100
    endloop
  endfacet
  facet normal -0.803128 -0.595807 0
    outer loop
      vertex 17.2034 25.4723 93
      vertex 17.0485 25.6811 100
      vertex 17.0485 25.6811 93
    endloop
  endfacet
  facet normal -0.803128 -0.595807 0
    outer loop
      vertex 17.0485 25.6811 100
      vertex 17.2034 25.4723 93
      vertex 17.2034 25.4723 100
    endloop
  endfacet
  facet normal -0.146479 0.989214 0
    outer loop
      vertex 15.517 21.4009 93
      vertex 15.2597 21.3628 100
      vertex 15.517 21.4009 100
    endloop
  endfacet
  facet normal -0.146479 0.989214 0
    outer loop
      vertex 15.2597 21.3628 100
      vertex 15.517 21.4009 93
      vertex 15.2597 21.3628 93
    endloop
  endfacet
  facet normal -0.989214 0.146479 0
    outer loop
      vertex 17.5991 23.483 93
      vertex 17.6372 23.7403 100
      vertex 17.6372 23.7403 93
    endloop
  endfacet
  facet normal -0.989214 0.146479 0
    outer loop
      vertex 17.6372 23.7403 100
      vertex 17.5991 23.483 93
      vertex 17.5991 23.483 100
    endloop
  endfacet
  facet normal 0.595807 0.803128 -0
    outer loop
      vertex 13.5277 21.7966 93
      vertex 13.3189 21.9515 100
      vertex 13.5277 21.7966 100
    endloop
  endfacet
  facet normal 0.595807 0.803128 0
    outer loop
      vertex 13.3189 21.9515 100
      vertex 13.5277 21.7966 93
      vertex 13.3189 21.9515 93
    endloop
  endfacet
  facet normal 0.740861 -0.671658 0
    outer loop
      vertex 12.9515 25.6811 100
      vertex 13.1262 25.8738 93
      vertex 13.1262 25.8738 100
    endloop
  endfacet
  facet normal 0.740861 -0.671658 0
    outer loop
      vertex 13.1262 25.8738 93
      vertex 12.9515 25.6811 100
      vertex 12.9515 25.6811 93
    endloop
  endfacet
  facet normal -0.427574 -0.90398 0
    outer loop
      vertex 16.0141 26.4483 93
      vertex 16.2492 26.3371 100
      vertex 16.0141 26.4483 100
    endloop
  endfacet
  facet normal -0.427574 -0.90398 -0
    outer loop
      vertex 16.2492 26.3371 100
      vertex 16.0141 26.4483 93
      vertex 16.2492 26.3371 93
    endloop
  endfacet
  facet normal 0.989214 -0.146479 0
    outer loop
      vertex 12.3628 24.2597 100
      vertex 12.4009 24.517 93
      vertex 12.4009 24.517 100
    endloop
  endfacet
  facet normal 0.989214 -0.146479 0
    outer loop
      vertex 12.4009 24.517 93
      vertex 12.3628 24.2597 100
      vertex 12.3628 24.2597 93
    endloop
  endfacet
  facet normal 0.242988 -0.970029 0
    outer loop
      vertex 14.2307 26.5359 93
      vertex 14.483 26.5991 100
      vertex 14.2307 26.5359 100
    endloop
  endfacet
  facet normal 0.242988 -0.970029 0
    outer loop
      vertex 14.483 26.5991 100
      vertex 14.2307 26.5359 93
      vertex 14.483 26.5991 93
    endloop
  endfacet
  facet normal 0.146479 0.989214 -0
    outer loop
      vertex 14.7403 21.3628 93
      vertex 14.483 21.4009 100
      vertex 14.7403 21.3628 100
    endloop
  endfacet
  facet normal 0.146479 0.989214 0
    outer loop
      vertex 14.483 21.4009 100
      vertex 14.7403 21.3628 93
      vertex 14.483 21.4009 93
    endloop
  endfacet
  facet normal -0.146479 -0.989214 0
    outer loop
      vertex 15.2597 26.6372 93
      vertex 15.517 26.5991 100
      vertex 15.2597 26.6372 100
    endloop
  endfacet
  facet normal -0.146479 -0.989214 -0
    outer loop
      vertex 15.517 26.5991 100
      vertex 15.2597 26.6372 93
      vertex 15.517 26.5991 93
    endloop
  endfacet
  facet normal 0.336921 -0.941533 0
    outer loop
      vertex 13.9859 26.4483 93
      vertex 14.2307 26.5359 100
      vertex 13.9859 26.4483 100
    endloop
  endfacet
  facet normal 0.336921 -0.941533 0
    outer loop
      vertex 14.2307 26.5359 100
      vertex 13.9859 26.4483 93
      vertex 14.2307 26.5359 93
    endloop
  endfacet
  facet normal 0.998788 -0.0492279 0
    outer loop
      vertex 12.35 24 100
      vertex 12.3628 24.2597 93
      vertex 12.3628 24.2597 100
    endloop
  endfacet
  facet normal 0.998788 -0.0492279 0
    outer loop
      vertex 12.3628 24.2597 93
      vertex 12.35 24 100
      vertex 12.35 24 93
    endloop
  endfacet
  facet normal 0.998788 0.0492279 0
    outer loop
      vertex 12.3628 23.7403 100
      vertex 12.35 24 93
      vertex 12.35 24 100
    endloop
  endfacet
  facet normal 0.998788 0.0492279 0
    outer loop
      vertex 12.35 24 93
      vertex 12.3628 23.7403 100
      vertex 12.3628 23.7403 93
    endloop
  endfacet
  facet normal 0.595807 -0.803128 0
    outer loop
      vertex 13.3189 26.0485 93
      vertex 13.5277 26.2034 100
      vertex 13.3189 26.0485 100
    endloop
  endfacet
  facet normal 0.595807 -0.803128 0
    outer loop
      vertex 13.5277 26.2034 100
      vertex 13.3189 26.0485 93
      vertex 13.5277 26.2034 93
    endloop
  endfacet
  facet normal -0.671658 0.740861 0
    outer loop
      vertex 16.8738 22.1262 93
      vertex 16.6811 21.9515 100
      vertex 16.8738 22.1262 100
    endloop
  endfacet
  facet normal -0.671658 0.740861 0
    outer loop
      vertex 16.6811 21.9515 100
      vertex 16.8738 22.1262 93
      vertex 16.6811 21.9515 93
    endloop
  endfacet
  facet normal -0.595807 0.803128 0
    outer loop
      vertex 16.6811 21.9515 93
      vertex 16.4723 21.7966 100
      vertex 16.6811 21.9515 100
    endloop
  endfacet
  facet normal -0.595807 0.803128 0
    outer loop
      vertex 16.4723 21.7966 100
      vertex 16.6811 21.9515 93
      vertex 16.4723 21.7966 93
    endloop
  endfacet
  facet normal -0.0492279 -0.998788 0
    outer loop
      vertex 15 26.65 93
      vertex 15.2597 26.6372 100
      vertex 15 26.65 100
    endloop
  endfacet
  facet normal -0.0492279 -0.998788 -0
    outer loop
      vertex 15.2597 26.6372 100
      vertex 15 26.65 93
      vertex 15.2597 26.6372 93
    endloop
  endfacet
  facet normal -0.427574 0.90398 0
    outer loop
      vertex 16.2492 21.6629 93
      vertex 16.0141 21.5517 100
      vertex 16.2492 21.6629 100
    endloop
  endfacet
  facet normal -0.427574 0.90398 0
    outer loop
      vertex 16.0141 21.5517 100
      vertex 16.2492 21.6629 93
      vertex 16.0141 21.5517 93
    endloop
  endfacet
  facet normal -0.595807 -0.803128 0
    outer loop
      vertex 16.4723 26.2034 93
      vertex 16.6811 26.0485 100
      vertex 16.4723 26.2034 100
    endloop
  endfacet
  facet normal -0.595807 -0.803128 -0
    outer loop
      vertex 16.6811 26.0485 100
      vertex 16.4723 26.2034 93
      vertex 16.6811 26.0485 93
    endloop
  endfacet
  facet normal 0.857764 0.514043 0
    outer loop
      vertex 12.7966 22.5277 100
      vertex 12.6629 22.7508 93
      vertex 12.6629 22.7508 100
    endloop
  endfacet
  facet normal 0.857764 0.514043 0
    outer loop
      vertex 12.6629 22.7508 93
      vertex 12.7966 22.5277 100
      vertex 12.7966 22.5277 93
    endloop
  endfacet
  facet normal 0.0492279 -0.998788 0
    outer loop
      vertex 14.7403 26.6372 93
      vertex 15 26.65 100
      vertex 14.7403 26.6372 100
    endloop
  endfacet
  facet normal 0.0492279 -0.998788 0
    outer loop
      vertex 15 26.65 100
      vertex 14.7403 26.6372 93
      vertex 15 26.65 93
    endloop
  endfacet
  facet normal 0.514043 -0.857764 0
    outer loop
      vertex 13.5277 26.2034 93
      vertex 13.7508 26.3371 100
      vertex 13.5277 26.2034 100
    endloop
  endfacet
  facet normal 0.514043 -0.857764 0
    outer loop
      vertex 13.7508 26.3371 100
      vertex 13.5277 26.2034 93
      vertex 13.7508 26.3371 93
    endloop
  endfacet
  facet normal -0.242988 0.970029 0
    outer loop
      vertex 15.7693 21.4641 93
      vertex 15.517 21.4009 100
      vertex 15.7693 21.4641 100
    endloop
  endfacet
  facet normal -0.242988 0.970029 0
    outer loop
      vertex 15.517 21.4009 100
      vertex 15.7693 21.4641 93
      vertex 15.517 21.4009 93
    endloop
  endfacet
  facet normal -0.970029 0.242988 0
    outer loop
      vertex 17.5359 23.2307 93
      vertex 17.5991 23.483 100
      vertex 17.5991 23.483 93
    endloop
  endfacet
  facet normal -0.970029 0.242988 0
    outer loop
      vertex 17.5991 23.483 100
      vertex 17.5359 23.2307 93
      vertex 17.5359 23.2307 100
    endloop
  endfacet
  facet normal 0.803128 -0.595807 0
    outer loop
      vertex 12.7966 25.4723 100
      vertex 12.9515 25.6811 93
      vertex 12.9515 25.6811 100
    endloop
  endfacet
  facet normal 0.803128 -0.595807 0
    outer loop
      vertex 12.9515 25.6811 93
      vertex 12.7966 25.4723 100
      vertex 12.7966 25.4723 93
    endloop
  endfacet
  facet normal -0.857764 -0.514043 0
    outer loop
      vertex 17.3371 25.2492 93
      vertex 17.2034 25.4723 100
      vertex 17.2034 25.4723 93
    endloop
  endfacet
  facet normal -0.857764 -0.514043 0
    outer loop
      vertex 17.2034 25.4723 100
      vertex 17.3371 25.2492 93
      vertex 17.3371 25.2492 100
    endloop
  endfacet
  facet normal -0.803128 0.595807 0
    outer loop
      vertex 17.0485 22.3189 93
      vertex 17.2034 22.5277 100
      vertex 17.2034 22.5277 93
    endloop
  endfacet
  facet normal -0.803128 0.595807 0
    outer loop
      vertex 17.2034 22.5277 100
      vertex 17.0485 22.3189 93
      vertex 17.0485 22.3189 100
    endloop
  endfacet
  facet normal 0.671658 -0.740861 0
    outer loop
      vertex 13.1262 25.8738 93
      vertex 13.3189 26.0485 100
      vertex 13.1262 25.8738 100
    endloop
  endfacet
  facet normal 0.671658 -0.740861 0
    outer loop
      vertex 13.3189 26.0485 100
      vertex 13.1262 25.8738 93
      vertex 13.3189 26.0485 93
    endloop
  endfacet
  facet normal 0.857764 -0.514043 0
    outer loop
      vertex 12.6629 25.2492 100
      vertex 12.7966 25.4723 93
      vertex 12.7966 25.4723 100
    endloop
  endfacet
  facet normal 0.857764 -0.514043 0
    outer loop
      vertex 12.7966 25.4723 93
      vertex 12.6629 25.2492 100
      vertex 12.6629 25.2492 93
    endloop
  endfacet
  facet normal -0.90398 0.427574 0
    outer loop
      vertex 17.3371 22.7508 93
      vertex 17.4483 22.9859 100
      vertex 17.4483 22.9859 93
    endloop
  endfacet
  facet normal -0.90398 0.427574 0
    outer loop
      vertex 17.4483 22.9859 100
      vertex 17.3371 22.7508 93
      vertex 17.3371 22.7508 100
    endloop
  endfacet
  facet normal 0.514043 0.857764 -0
    outer loop
      vertex 13.7508 21.6629 93
      vertex 13.5277 21.7966 100
      vertex 13.7508 21.6629 100
    endloop
  endfacet
  facet normal 0.514043 0.857764 0
    outer loop
      vertex 13.5277 21.7966 100
      vertex 13.7508 21.6629 93
      vertex 13.5277 21.7966 93
    endloop
  endfacet
  facet normal -0.740861 -0.671658 0
    outer loop
      vertex 17.0485 25.6811 93
      vertex 16.8738 25.8738 100
      vertex 16.8738 25.8738 93
    endloop
  endfacet
  facet normal -0.740861 -0.671658 0
    outer loop
      vertex 16.8738 25.8738 100
      vertex 17.0485 25.6811 93
      vertex 17.0485 25.6811 100
    endloop
  endfacet
  facet normal 0.803128 0.595807 0
    outer loop
      vertex 12.9515 22.3189 100
      vertex 12.7966 22.5277 93
      vertex 12.7966 22.5277 100
    endloop
  endfacet
  facet normal 0.803128 0.595807 0
    outer loop
      vertex 12.7966 22.5277 93
      vertex 12.9515 22.3189 100
      vertex 12.9515 22.3189 93
    endloop
  endfacet
  facet normal 0.941533 -0.336921 0
    outer loop
      vertex 12.4641 24.7693 100
      vertex 12.5517 25.0141 93
      vertex 12.5517 25.0141 100
    endloop
  endfacet
  facet normal 0.941533 -0.336921 0
    outer loop
      vertex 12.5517 25.0141 93
      vertex 12.4641 24.7693 100
      vertex 12.4641 24.7693 93
    endloop
  endfacet
  facet normal 0.970029 -0.242988 0
    outer loop
      vertex 12.4009 24.517 100
      vertex 12.4641 24.7693 93
      vertex 12.4641 24.7693 100
    endloop
  endfacet
  facet normal 0.970029 -0.242988 0
    outer loop
      vertex 12.4641 24.7693 93
      vertex 12.4009 24.517 100
      vertex 12.4009 24.517 93
    endloop
  endfacet
  facet normal 0.989214 0.146479 0
    outer loop
      vertex 12.4009 23.483 100
      vertex 12.3628 23.7403 93
      vertex 12.3628 23.7403 100
    endloop
  endfacet
  facet normal 0.989214 0.146479 0
    outer loop
      vertex 12.3628 23.7403 93
      vertex 12.4009 23.483 100
      vertex 12.4009 23.483 93
    endloop
  endfacet
  facet normal 0 0 1
    outer loop
      vertex 17.6372 24.2597 93
      vertex 17.6372 23.7403 93
      vertex 17.65 24 93
    endloop
  endfacet
  facet normal 0 0 1
    outer loop
      vertex 17.5991 24.517 93
      vertex 17.6372 23.7403 93
      vertex 17.6372 24.2597 93
    endloop
  endfacet
  facet normal 0 0 1
    outer loop
      vertex 17.5991 24.517 93
      vertex 17.5991 23.483 93
      vertex 17.6372 23.7403 93
    endloop
  endfacet
  facet normal 0 0 1
    outer loop
      vertex 17.5359 24.7693 93
      vertex 17.5991 23.483 93
      vertex 17.5991 24.517 93
    endloop
  endfacet
  facet normal 0 0 1
    outer loop
      vertex 17.5359 24.7693 93
      vertex 17.5359 23.2307 93
      vertex 17.5991 23.483 93
    endloop
  endfacet
  facet normal 0 0 1
    outer loop
      vertex 17.4483 25.0141 93
      vertex 17.5359 23.2307 93
      vertex 17.5359 24.7693 93
    endloop
  endfacet
  facet normal 0 0 1
    outer loop
      vertex 17.4483 25.0141 93
      vertex 17.4483 22.9859 93
      vertex 17.5359 23.2307 93
    endloop
  endfacet
  facet normal 0 0 1
    outer loop
      vertex 17.3371 25.2492 93
      vertex 17.4483 22.9859 93
      vertex 17.4483 25.0141 93
    endloop
  endfacet
  facet normal 0 0 1
    outer loop
      vertex 17.3371 25.2492 93
      vertex 17.3371 22.7508 93
      vertex 17.4483 22.9859 93
    endloop
  endfacet
  facet normal 0 0 1
    outer loop
      vertex 17.2034 25.4723 93
      vertex 17.3371 22.7508 93
      vertex 17.3371 25.2492 93
    endloop
  endfacet
  facet normal 0 0 1
    outer loop
      vertex 17.2034 25.4723 93
      vertex 17.2034 22.5277 93
      vertex 17.3371 22.7508 93
    endloop
  endfacet
  facet normal 0 0 1
    outer loop
      vertex 17.0485 25.6811 93
      vertex 17.2034 22.5277 93
      vertex 17.2034 25.4723 93
    endloop
  endfacet
  facet normal 0 0 1
    outer loop
      vertex 17.0485 25.6811 93
      vertex 17.0485 22.3189 93
      vertex 17.2034 22.5277 93
    endloop
  endfacet
  facet normal 0 0 1
    outer loop
      vertex 16.8738 25.8738 93
      vertex 17.0485 22.3189 93
      vertex 17.0485 25.6811 93
    endloop
  endfacet
  facet normal 0 0 1
    outer loop
      vertex 16.8738 25.8738 93
      vertex 16.8738 22.1262 93
      vertex 17.0485 22.3189 93
    endloop
  endfacet
  facet normal 0 0 1
    outer loop
      vertex 16.6811 26.0485 93
      vertex 16.8738 22.1262 93
      vertex 16.8738 25.8738 93
    endloop
  endfacet
  facet normal 0 0 1
    outer loop
      vertex 16.6811 26.0485 93
      vertex 16.6811 21.9515 93
      vertex 16.8738 22.1262 93
    endloop
  endfacet
  facet normal 0 0 1
    outer loop
      vertex 16.4723 26.2034 93
      vertex 16.6811 21.9515 93
      vertex 16.6811 26.0485 93
    endloop
  endfacet
  facet normal 0 0 1
    outer loop
      vertex 16.4723 26.2034 93
      vertex 16.4723 21.7966 93
      vertex 16.6811 21.9515 93
    endloop
  endfacet
  facet normal 0 0 1
    outer loop
      vertex 16.2492 26.3371 93
      vertex 16.4723 21.7966 93
      vertex 16.4723 26.2034 93
    endloop
  endfacet
  facet normal 0 0 1
    outer loop
      vertex 16.2492 26.3371 93
      vertex 16.2492 21.6629 93
      vertex 16.4723 21.7966 93
    endloop
  endfacet
  facet normal 0 0 1
    outer loop
      vertex 16.0141 26.4483 93
      vertex 16.2492 21.6629 93
      vertex 16.2492 26.3371 93
    endloop
  endfacet
  facet normal 0 0 1
    outer loop
      vertex 16.0141 26.4483 93
      vertex 16.0141 21.5517 93
      vertex 16.2492 21.6629 93
    endloop
  endfacet
  facet normal 0 0 1
    outer loop
      vertex 15.7693 26.5359 93
      vertex 16.0141 21.5517 93
      vertex 16.0141 26.4483 93
    endloop
  endfacet
  facet normal 0 0 1
    outer loop
      vertex 15.7693 26.5359 93
      vertex 15.7693 21.4641 93
      vertex 16.0141 21.5517 93
    endloop
  endfacet
  facet normal 0 0 1
    outer loop
      vertex 15.517 26.5991 93
      vertex 15.7693 21.4641 93
      vertex 15.7693 26.5359 93
    endloop
  endfacet
  facet normal 0 0 1
    outer loop
      vertex 15.517 26.5991 93
      vertex 15.517 21.4009 93
      vertex 15.7693 21.4641 93
    endloop
  endfacet
  facet normal 0 0 1
    outer loop
      vertex 15.2597 26.6372 93
      vertex 15.517 21.4009 93
      vertex 15.517 26.5991 93
    endloop
  endfacet
  facet normal 0 0 1
    outer loop
      vertex 15.2597 26.6372 93
      vertex 15.2597 21.3628 93
      vertex 15.517 21.4009 93
    endloop
  endfacet
  facet normal 0 0 1
    outer loop
      vertex 15 26.65 93
      vertex 15.2597 21.3628 93
      vertex 15.2597 26.6372 93
    endloop
  endfacet
  facet normal 0 0 1
    outer loop
      vertex 15 26.65 93
      vertex 15 21.35 93
      vertex 15.2597 21.3628 93
    endloop
  endfacet
  facet normal -0 0 1
    outer loop
      vertex 14.7403 26.6372 93
      vertex 15 21.35 93
      vertex 15 26.65 93
    endloop
  endfacet
  facet normal 0 0 1
    outer loop
      vertex 14.7403 26.6372 93
      vertex 14.7403 21.3628 93
      vertex 15 21.35 93
    endloop
  endfacet
  facet normal -0 0 1
    outer loop
      vertex 14.483 26.5991 93
      vertex 14.7403 21.3628 93
      vertex 14.7403 26.6372 93
    endloop
  endfacet
  facet normal 0 0 1
    outer loop
      vertex 14.483 26.5991 93
      vertex 14.483 21.4009 93
      vertex 14.7403 21.3628 93
    endloop
  endfacet
  facet normal -0 0 1
    outer loop
      vertex 14.2307 26.5359 93
      vertex 14.483 21.4009 93
      vertex 14.483 26.5991 93
    endloop
  endfacet
  facet normal 0 0 1
    outer loop
      vertex 14.2307 26.5359 93
      vertex 14.2307 21.4641 93
      vertex 14.483 21.4009 93
    endloop
  endfacet
  facet normal -0 0 1
    outer loop
      vertex 13.9859 26.4483 93
      vertex 14.2307 21.4641 93
      vertex 14.2307 26.5359 93
    endloop
  endfacet
  facet normal 0 0 1
    outer loop
      vertex 13.9859 26.4483 93
      vertex 13.9859 21.5517 93
      vertex 14.2307 21.4641 93
    endloop
  endfacet
  facet normal -0 0 1
    outer loop
      vertex 13.7508 26.3371 93
      vertex 13.9859 21.5517 93
      vertex 13.9859 26.4483 93
    endloop
  endfacet
  facet normal 0 0 1
    outer loop
      vertex 13.7508 26.3371 93
      vertex 13.7508 21.6629 93
      vertex 13.9859 21.5517 93
    endloop
  endfacet
  facet normal -0 0 1
    outer loop
      vertex 13.5277 26.2034 93
      vertex 13.7508 21.6629 93
      vertex 13.7508 26.3371 93
    endloop
  endfacet
  facet normal 0 0 1
    outer loop
      vertex 13.5277 26.2034 93
      vertex 13.5277 21.7966 93
      vertex 13.7508 21.6629 93
    endloop
  endfacet
  facet normal -0 0 1
    outer loop
      vertex 13.3189 26.0485 93
      vertex 13.5277 21.7966 93
      vertex 13.5277 26.2034 93
    endloop
  endfacet
  facet normal 0 0 1
    outer loop
      vertex 13.3189 26.0485 93
      vertex 13.3189 21.9515 93
      vertex 13.5277 21.7966 93
    endloop
  endfacet
  facet normal -0 0 1
    outer loop
      vertex 13.1262 25.8738 93
      vertex 13.3189 21.9515 93
      vertex 13.3189 26.0485 93
    endloop
  endfacet
  facet normal 0 0 1
    outer loop
      vertex 13.1262 25.8738 93
      vertex 13.1262 22.1262 93
      vertex 13.3189 21.9515 93
    endloop
  endfacet
  facet normal -0 0 1
    outer loop
      vertex 12.9515 25.6811 93
      vertex 13.1262 22.1262 93
      vertex 13.1262 25.8738 93
    endloop
  endfacet
  facet normal 0 0 1
    outer loop
      vertex 12.9515 25.6811 93
      vertex 12.9515 22.3189 93
      vertex 13.1262 22.1262 93
    endloop
  endfacet
  facet normal -0 0 1
    outer loop
      vertex 12.7966 25.4723 93
      vertex 12.9515 22.3189 93
      vertex 12.9515 25.6811 93
    endloop
  endfacet
  facet normal 0 0 1
    outer loop
      vertex 12.7966 25.4723 93
      vertex 12.7966 22.5277 93
      vertex 12.9515 22.3189 93
    endloop
  endfacet
  facet normal -0 0 1
    outer loop
      vertex 12.6629 25.2492 93
      vertex 12.7966 22.5277 93
      vertex 12.7966 25.4723 93
    endloop
  endfacet
  facet normal 0 0 1
    outer loop
      vertex 12.6629 25.2492 93
      vertex 12.6629 22.7508 93
      vertex 12.7966 22.5277 93
    endloop
  endfacet
  facet normal -0 0 1
    outer loop
      vertex 12.5517 25.0141 93
      vertex 12.6629 22.7508 93
      vertex 12.6629 25.2492 93
    endloop
  endfacet
  facet normal 0 0 1
    outer loop
      vertex 12.5517 25.0141 93
      vertex 12.5517 22.9859 93
      vertex 12.6629 22.7508 93
    endloop
  endfacet
  facet normal -0 0 1
    outer loop
      vertex 12.4641 24.7693 93
      vertex 12.5517 22.9859 93
      vertex 12.5517 25.0141 93
    endloop
  endfacet
  facet normal 0 0 1
    outer loop
      vertex 12.4641 24.7693 93
      vertex 12.4641 23.2307 93
      vertex 12.5517 22.9859 93
    endloop
  endfacet
  facet normal -0 0 1
    outer loop
      vertex 12.4009 24.517 93
      vertex 12.4641 23.2307 93
      vertex 12.4641 24.7693 93
    endloop
  endfacet
  facet normal 0 0 1
    outer loop
      vertex 12.4009 24.517 93
      vertex 12.4009 23.483 93
      vertex 12.4641 23.2307 93
    endloop
  endfacet
  facet normal -0 0 1
    outer loop
      vertex 12.3628 24.2597 93
      vertex 12.4009 23.483 93
      vertex 12.4009 24.517 93
    endloop
  endfacet
  facet normal 0 0 1
    outer loop
      vertex 12.3628 24.2597 93
      vertex 12.3628 23.7403 93
      vertex 12.4009 23.483 93
    endloop
  endfacet
  facet normal 0 -0 1
    outer loop
      vertex 12.3628 23.7403 93
      vertex 12.3628 24.2597 93
      vertex 12.35 24 93
    endloop
  endfacet
  facet normal 0.671658 0.740861 -0
    outer loop
      vertex 13.3189 21.9515 93
      vertex 13.1262 22.1262 100
      vertex 13.3189 21.9515 100
    endloop
  endfacet
  facet normal 0.671658 0.740861 0
    outer loop
      vertex 13.1262 22.1262 100
      vertex 13.3189 21.9515 93
      vertex 13.1262 22.1262 93
    endloop
  endfacet
  facet normal 0.336921 0.941533 -0
    outer loop
      vertex 14.2307 21.4641 93
      vertex 13.9859 21.5517 100
      vertex 14.2307 21.4641 100
    endloop
  endfacet
  facet normal 0.336921 0.941533 0
    outer loop
      vertex 13.9859 21.5517 100
      vertex 14.2307 21.4641 93
      vertex 13.9859 21.5517 93
    endloop
  endfacet
  facet normal 0.242988 0.970029 -0
    outer loop
      vertex 14.483 21.4009 93
      vertex 14.2307 21.4641 100
      vertex 14.483 21.4009 100
    endloop
  endfacet
  facet normal 0.242988 0.970029 0
    outer loop
      vertex 14.2307 21.4641 100
      vertex 14.483 21.4009 93
      vertex 14.2307 21.4641 93
    endloop
  endfacet
  facet normal 0.427574 0.90398 -0
    outer loop
      vertex 13.9859 21.5517 93
      vertex 13.7508 21.6629 100
      vertex 13.9859 21.5517 100
    endloop
  endfacet
  facet normal 0.427574 0.90398 0
    outer loop
      vertex 13.7508 21.6629 100
      vertex 13.9859 21.5517 93
      vertex 13.7508 21.6629 93
    endloop
  endfacet
  facet normal -0.242536 -0.970143 0
    outer loop
      vertex 135.517 176.599 93
      vertex 135.769 176.536 100
      vertex 135.517 176.599 100
    endloop
  endfacet
  facet normal -0.242536 -0.970143 -0
    outer loop
      vertex 135.769 176.536 100
      vertex 135.517 176.599 93
      vertex 135.769 176.536 93
    endloop
  endfacet
  facet normal -0.338039 -0.941132 0
    outer loop
      vertex 135.769 176.536 93
      vertex 136.014 176.448 100
      vertex 135.769 176.536 100
    endloop
  endfacet
  facet normal -0.338039 -0.941132 -0
    outer loop
      vertex 136.014 176.448 100
      vertex 135.769 176.536 93
      vertex 136.014 176.448 93
    endloop
  endfacet
  facet normal -0.989245 -0.14627 0
    outer loop
      vertex 137.637 174.26 93
      vertex 137.599 174.517 100
      vertex 137.599 174.517 93
    endloop
  endfacet
  facet normal -0.989245 -0.14627 0
    outer loop
      vertex 137.599 174.517 100
      vertex 137.637 174.26 93
      vertex 137.637 174.26 100
    endloop
  endfacet
  facet normal -0.998752 -0.0499376 0
    outer loop
      vertex 137.65 174 93
      vertex 137.637 174.26 100
      vertex 137.637 174.26 93
    endloop
  endfacet
  facet normal -0.998752 -0.0499376 0
    outer loop
      vertex 137.637 174.26 100
      vertex 137.65 174 93
      vertex 137.65 174 100
    endloop
  endfacet
  facet normal -0.970143 -0.242536 0
    outer loop
      vertex 137.599 174.517 93
      vertex 137.536 174.769 100
      vertex 137.536 174.769 93
    endloop
  endfacet
  facet normal -0.970143 -0.242536 0
    outer loop
      vertex 137.536 174.769 100
      vertex 137.599 174.517 93
      vertex 137.599 174.517 100
    endloop
  endfacet
  facet normal -0.669602 -0.74272 0
    outer loop
      vertex 136.681 176.048 93
      vertex 136.874 175.874 100
      vertex 136.681 176.048 100
    endloop
  endfacet
  facet normal -0.669602 -0.74272 -0
    outer loop
      vertex 136.874 175.874 100
      vertex 136.681 176.048 93
      vertex 136.874 175.874 93
    endloop
  endfacet
  facet normal -0.0499376 0.998752 0
    outer loop
      vertex 135.26 171.363 93
      vertex 135 171.35 100
      vertex 135.26 171.363 100
    endloop
  endfacet
  facet normal -0.0499376 0.998752 0
    outer loop
      vertex 135 171.35 100
      vertex 135.26 171.363 93
      vertex 135 171.35 93
    endloop
  endfacet
  facet normal 0.74272 0.669602 0
    outer loop
      vertex 133.126 172.126 100
      vertex 132.952 172.319 93
      vertex 132.952 172.319 100
    endloop
  endfacet
  facet normal 0.74272 0.669602 0
    outer loop
      vertex 132.952 172.319 93
      vertex 133.126 172.126 100
      vertex 133.126 172.126 93
    endloop
  endfacet
  facet normal 0.0499376 0.998752 -0
    outer loop
      vertex 135 171.35 93
      vertex 134.74 171.363 100
      vertex 135 171.35 100
    endloop
  endfacet
  facet normal 0.0499376 0.998752 0
    outer loop
      vertex 134.74 171.363 100
      vertex 135 171.35 93
      vertex 134.74 171.363 93
    endloop
  endfacet
  facet normal -0.998752 0.0499376 0
    outer loop
      vertex 137.637 173.74 93
      vertex 137.65 174 100
      vertex 137.65 174 93
    endloop
  endfacet
  facet normal -0.998752 0.0499376 0
    outer loop
      vertex 137.65 174 100
      vertex 137.637 173.74 93
      vertex 137.637 173.74 100
    endloop
  endfacet
  facet normal -0.338039 0.941132 0
    outer loop
      vertex 136.014 171.552 93
      vertex 135.769 171.464 100
      vertex 136.014 171.552 100
    endloop
  endfacet
  facet normal -0.338039 0.941132 0
    outer loop
      vertex 135.769 171.464 100
      vertex 136.014 171.552 93
      vertex 135.769 171.464 93
    endloop
  endfacet
  facet normal 0.941132 0.338039 0
    outer loop
      vertex 132.552 172.986 100
      vertex 132.464 173.231 93
      vertex 132.464 173.231 100
    endloop
  endfacet
  facet normal 0.941132 0.338039 0
    outer loop
      vertex 132.464 173.231 93
      vertex 132.552 172.986 100
      vertex 132.552 172.986 93
    endloop
  endfacet
  facet normal -0.941132 -0.338039 0
    outer loop
      vertex 137.536 174.769 93
      vertex 137.448 175.014 100
      vertex 137.448 175.014 93
    endloop
  endfacet
  facet normal -0.941132 -0.338039 0
    outer loop
      vertex 137.448 175.014 100
      vertex 137.536 174.769 93
      vertex 137.536 174.769 100
    endloop
  endfacet
  facet normal 0.0499376 -0.998752 0
    outer loop
      vertex 134.74 176.637 93
      vertex 135 176.65 100
      vertex 134.74 176.637 100
    endloop
  endfacet
  facet normal 0.0499376 -0.998752 0
    outer loop
      vertex 135 176.65 100
      vertex 134.74 176.637 93
      vertex 135 176.65 93
    endloop
  endfacet
  facet normal -0.904207 -0.427094 0
    outer loop
      vertex 137.448 175.014 93
      vertex 137.337 175.249 100
      vertex 137.337 175.249 93
    endloop
  endfacet
  facet normal -0.904207 -0.427094 0
    outer loop
      vertex 137.337 175.249 100
      vertex 137.448 175.014 93
      vertex 137.448 175.014 100
    endloop
  endfacet
  facet normal -0.941132 0.338039 0
    outer loop
      vertex 137.448 172.986 93
      vertex 137.536 173.231 100
      vertex 137.536 173.231 93
    endloop
  endfacet
  facet normal -0.941132 0.338039 0
    outer loop
      vertex 137.536 173.231 100
      vertex 137.448 172.986 93
      vertex 137.448 172.986 100
    endloop
  endfacet
  facet normal 0.904207 -0.427094 0
    outer loop
      vertex 132.552 175.014 100
      vertex 132.663 175.249 93
      vertex 132.663 175.249 100
    endloop
  endfacet
  facet normal 0.904207 -0.427094 0
    outer loop
      vertex 132.663 175.249 93
      vertex 132.552 175.014 100
      vertex 132.552 175.014 93
    endloop
  endfacet
  facet normal -0.515061 -0.857154 0
    outer loop
      vertex 136.249 176.337 93
      vertex 136.472 176.203 100
      vertex 136.249 176.337 100
    endloop
  endfacet
  facet normal -0.515061 -0.857154 -0
    outer loop
      vertex 136.472 176.203 100
      vertex 136.249 176.337 93
      vertex 136.472 176.203 93
    endloop
  endfacet
  facet normal 0.970143 0.242536 0
    outer loop
      vertex 132.464 173.231 100
      vertex 132.401 173.483 93
      vertex 132.401 173.483 100
    endloop
  endfacet
  facet normal 0.970143 0.242536 0
    outer loop
      vertex 132.401 173.483 93
      vertex 132.464 173.231 100
      vertex 132.464 173.231 93
    endloop
  endfacet
  facet normal -0.857154 0.515061 0
    outer loop
      vertex 137.203 172.528 93
      vertex 137.337 172.751 100
      vertex 137.337 172.751 93
    endloop
  endfacet
  facet normal -0.857154 0.515061 0
    outer loop
      vertex 137.337 172.751 100
      vertex 137.203 172.528 93
      vertex 137.203 172.528 100
    endloop
  endfacet
  facet normal -0.515061 0.857154 0
    outer loop
      vertex 136.472 171.797 93
      vertex 136.249 171.663 100
      vertex 136.472 171.797 100
    endloop
  endfacet
  facet normal -0.515061 0.857154 0
    outer loop
      vertex 136.249 171.663 100
      vertex 136.472 171.797 93
      vertex 136.249 171.663 93
    endloop
  endfacet
  facet normal 0.14627 -0.989245 0
    outer loop
      vertex 134.483 176.599 93
      vertex 134.74 176.637 100
      vertex 134.483 176.599 100
    endloop
  endfacet
  facet normal 0.14627 -0.989245 0
    outer loop
      vertex 134.74 176.637 100
      vertex 134.483 176.599 93
      vertex 134.74 176.637 93
    endloop
  endfacet
  facet normal 0.904207 0.427094 0
    outer loop
      vertex 132.663 172.751 100
      vertex 132.552 172.986 93
      vertex 132.552 172.986 100
    endloop
  endfacet
  facet normal 0.904207 0.427094 0
    outer loop
      vertex 132.552 172.986 93
      vertex 132.663 172.751 100
      vertex 132.663 172.751 93
    endloop
  endfacet
  facet normal 0.427094 -0.904207 0
    outer loop
      vertex 133.751 176.337 93
      vertex 133.986 176.448 100
      vertex 133.751 176.337 100
    endloop
  endfacet
  facet normal 0.427094 -0.904207 0
    outer loop
      vertex 133.986 176.448 100
      vertex 133.751 176.337 93
      vertex 133.986 176.448 93
    endloop
  endfacet
  facet normal -0.74272 0.669602 0
    outer loop
      vertex 136.874 172.126 93
      vertex 137.048 172.319 100
      vertex 137.048 172.319 93
    endloop
  endfacet
  facet normal -0.74272 0.669602 0
    outer loop
      vertex 137.048 172.319 100
      vertex 136.874 172.126 93
      vertex 136.874 172.126 100
    endloop
  endfacet
  facet normal -0.803217 -0.595687 0
    outer loop
      vertex 137.203 175.472 93
      vertex 137.048 175.681 100
      vertex 137.048 175.681 93
    endloop
  endfacet
  facet normal -0.803217 -0.595687 0
    outer loop
      vertex 137.048 175.681 100
      vertex 137.203 175.472 93
      vertex 137.203 175.472 100
    endloop
  endfacet
  facet normal -0.14627 0.989245 0
    outer loop
      vertex 135.517 171.401 93
      vertex 135.26 171.363 100
      vertex 135.517 171.401 100
    endloop
  endfacet
  facet normal -0.14627 0.989245 0
    outer loop
      vertex 135.26 171.363 100
      vertex 135.517 171.401 93
      vertex 135.26 171.363 93
    endloop
  endfacet
  facet normal -0.989245 0.14627 0
    outer loop
      vertex 137.599 173.483 93
      vertex 137.637 173.74 100
      vertex 137.637 173.74 93
    endloop
  endfacet
  facet normal -0.989245 0.14627 0
    outer loop
      vertex 137.637 173.74 100
      vertex 137.599 173.483 93
      vertex 137.599 173.483 100
    endloop
  endfacet
  facet normal 0.595687 0.803217 -0
    outer loop
      vertex 133.528 171.797 93
      vertex 133.319 171.952 100
      vertex 133.528 171.797 100
    endloop
  endfacet
  facet normal 0.595687 0.803217 0
    outer loop
      vertex 133.319 171.952 100
      vertex 133.528 171.797 93
      vertex 133.319 171.952 93
    endloop
  endfacet
  facet normal 0.74272 -0.669602 0
    outer loop
      vertex 132.952 175.681 100
      vertex 133.126 175.874 93
      vertex 133.126 175.874 100
    endloop
  endfacet
  facet normal 0.74272 -0.669602 0
    outer loop
      vertex 133.126 175.874 93
      vertex 132.952 175.681 100
      vertex 132.952 175.681 93
    endloop
  endfacet
  facet normal -0.427094 -0.904207 0
    outer loop
      vertex 136.014 176.448 93
      vertex 136.249 176.337 100
      vertex 136.014 176.448 100
    endloop
  endfacet
  facet normal -0.427094 -0.904207 -0
    outer loop
      vertex 136.249 176.337 100
      vertex 136.014 176.448 93
      vertex 136.249 176.337 93
    endloop
  endfacet
  facet normal 0.989245 -0.14627 0
    outer loop
      vertex 132.363 174.26 100
      vertex 132.401 174.517 93
      vertex 132.401 174.517 100
    endloop
  endfacet
  facet normal 0.989245 -0.14627 0
    outer loop
      vertex 132.401 174.517 93
      vertex 132.363 174.26 100
      vertex 132.363 174.26 93
    endloop
  endfacet
  facet normal 0.242536 -0.970143 0
    outer loop
      vertex 134.231 176.536 93
      vertex 134.483 176.599 100
      vertex 134.231 176.536 100
    endloop
  endfacet
  facet normal 0.242536 -0.970143 0
    outer loop
      vertex 134.483 176.599 100
      vertex 134.231 176.536 93
      vertex 134.483 176.599 93
    endloop
  endfacet
  facet normal 0.14627 0.989245 -0
    outer loop
      vertex 134.74 171.363 93
      vertex 134.483 171.401 100
      vertex 134.74 171.363 100
    endloop
  endfacet
  facet normal 0.14627 0.989245 0
    outer loop
      vertex 134.483 171.401 100
      vertex 134.74 171.363 93
      vertex 134.483 171.401 93
    endloop
  endfacet
  facet normal -0.14627 -0.989245 0
    outer loop
      vertex 135.26 176.637 93
      vertex 135.517 176.599 100
      vertex 135.26 176.637 100
    endloop
  endfacet
  facet normal -0.14627 -0.989245 -0
    outer loop
      vertex 135.517 176.599 100
      vertex 135.26 176.637 93
      vertex 135.517 176.599 93
    endloop
  endfacet
  facet normal 0.970143 -0.242536 0
    outer loop
      vertex 132.401 174.517 100
      vertex 132.464 174.769 93
      vertex 132.464 174.769 100
    endloop
  endfacet
  facet normal 0.970143 -0.242536 0
    outer loop
      vertex 132.464 174.769 93
      vertex 132.401 174.517 100
      vertex 132.401 174.517 93
    endloop
  endfacet
  facet normal 0.338039 -0.941132 0
    outer loop
      vertex 133.986 176.448 93
      vertex 134.231 176.536 100
      vertex 133.986 176.448 100
    endloop
  endfacet
  facet normal 0.338039 -0.941132 0
    outer loop
      vertex 134.231 176.536 100
      vertex 133.986 176.448 93
      vertex 134.231 176.536 93
    endloop
  endfacet
  facet normal 0.998752 -0.0499376 0
    outer loop
      vertex 132.35 174 100
      vertex 132.363 174.26 93
      vertex 132.363 174.26 100
    endloop
  endfacet
  facet normal 0.998752 -0.0499376 0
    outer loop
      vertex 132.363 174.26 93
      vertex 132.35 174 100
      vertex 132.35 174 93
    endloop
  endfacet
  facet normal 0.998752 0.0499376 0
    outer loop
      vertex 132.363 173.74 100
      vertex 132.35 174 93
      vertex 132.35 174 100
    endloop
  endfacet
  facet normal 0.998752 0.0499376 0
    outer loop
      vertex 132.35 174 93
      vertex 132.363 173.74 100
      vertex 132.363 173.74 93
    endloop
  endfacet
  facet normal 0.595687 -0.803217 0
    outer loop
      vertex 133.319 176.048 93
      vertex 133.528 176.203 100
      vertex 133.319 176.048 100
    endloop
  endfacet
  facet normal 0.595687 -0.803217 0
    outer loop
      vertex 133.528 176.203 100
      vertex 133.319 176.048 93
      vertex 133.528 176.203 93
    endloop
  endfacet
  facet normal -0.595687 0.803217 0
    outer loop
      vertex 136.681 171.952 93
      vertex 136.472 171.797 100
      vertex 136.681 171.952 100
    endloop
  endfacet
  facet normal -0.595687 0.803217 0
    outer loop
      vertex 136.472 171.797 100
      vertex 136.681 171.952 93
      vertex 136.472 171.797 93
    endloop
  endfacet
  facet normal -0.0499376 -0.998752 0
    outer loop
      vertex 135 176.65 93
      vertex 135.26 176.637 100
      vertex 135 176.65 100
    endloop
  endfacet
  facet normal -0.0499376 -0.998752 -0
    outer loop
      vertex 135.26 176.637 100
      vertex 135 176.65 93
      vertex 135.26 176.637 93
    endloop
  endfacet
  facet normal -0.427094 0.904207 0
    outer loop
      vertex 136.249 171.663 93
      vertex 136.014 171.552 100
      vertex 136.249 171.663 100
    endloop
  endfacet
  facet normal -0.427094 0.904207 0
    outer loop
      vertex 136.014 171.552 100
      vertex 136.249 171.663 93
      vertex 136.014 171.552 93
    endloop
  endfacet
  facet normal -0.595687 -0.803217 0
    outer loop
      vertex 136.472 176.203 93
      vertex 136.681 176.048 100
      vertex 136.472 176.203 100
    endloop
  endfacet
  facet normal -0.595687 -0.803217 -0
    outer loop
      vertex 136.681 176.048 100
      vertex 136.472 176.203 93
      vertex 136.681 176.048 93
    endloop
  endfacet
  facet normal 0.857154 0.515061 0
    outer loop
      vertex 132.797 172.528 100
      vertex 132.663 172.751 93
      vertex 132.663 172.751 100
    endloop
  endfacet
  facet normal 0.857154 0.515061 0
    outer loop
      vertex 132.663 172.751 93
      vertex 132.797 172.528 100
      vertex 132.797 172.528 93
    endloop
  endfacet
  facet normal 0.515061 -0.857154 0
    outer loop
      vertex 133.528 176.203 93
      vertex 133.751 176.337 100
      vertex 133.528 176.203 100
    endloop
  endfacet
  facet normal 0.515061 -0.857154 0
    outer loop
      vertex 133.751 176.337 100
      vertex 133.528 176.203 93
      vertex 133.751 176.337 93
    endloop
  endfacet
  facet normal -0.242536 0.970143 0
    outer loop
      vertex 135.769 171.464 93
      vertex 135.517 171.401 100
      vertex 135.769 171.464 100
    endloop
  endfacet
  facet normal -0.242536 0.970143 0
    outer loop
      vertex 135.517 171.401 100
      vertex 135.769 171.464 93
      vertex 135.517 171.401 93
    endloop
  endfacet
  facet normal -0.970143 0.242536 0
    outer loop
      vertex 137.536 173.231 93
      vertex 137.599 173.483 100
      vertex 137.599 173.483 93
    endloop
  endfacet
  facet normal -0.970143 0.242536 0
    outer loop
      vertex 137.599 173.483 100
      vertex 137.536 173.231 93
      vertex 137.536 173.231 100
    endloop
  endfacet
  facet normal 0.803217 -0.595687 0
    outer loop
      vertex 132.797 175.472 100
      vertex 132.952 175.681 93
      vertex 132.952 175.681 100
    endloop
  endfacet
  facet normal 0.803217 -0.595687 0
    outer loop
      vertex 132.952 175.681 93
      vertex 132.797 175.472 100
      vertex 132.797 175.472 93
    endloop
  endfacet
  facet normal -0.857154 -0.515061 0
    outer loop
      vertex 137.337 175.249 93
      vertex 137.203 175.472 100
      vertex 137.203 175.472 93
    endloop
  endfacet
  facet normal -0.857154 -0.515061 0
    outer loop
      vertex 137.203 175.472 100
      vertex 137.337 175.249 93
      vertex 137.337 175.249 100
    endloop
  endfacet
  facet normal -0.803217 0.595687 0
    outer loop
      vertex 137.048 172.319 93
      vertex 137.203 172.528 100
      vertex 137.203 172.528 93
    endloop
  endfacet
  facet normal -0.803217 0.595687 0
    outer loop
      vertex 137.203 172.528 100
      vertex 137.048 172.319 93
      vertex 137.048 172.319 100
    endloop
  endfacet
  facet normal 0.669602 -0.74272 0
    outer loop
      vertex 133.126 175.874 93
      vertex 133.319 176.048 100
      vertex 133.126 175.874 100
    endloop
  endfacet
  facet normal 0.669602 -0.74272 0
    outer loop
      vertex 133.319 176.048 100
      vertex 133.126 175.874 93
      vertex 133.319 176.048 93
    endloop
  endfacet
  facet normal 0.857154 -0.515061 0
    outer loop
      vertex 132.663 175.249 100
      vertex 132.797 175.472 93
      vertex 132.797 175.472 100
    endloop
  endfacet
  facet normal 0.857154 -0.515061 0
    outer loop
      vertex 132.797 175.472 93
      vertex 132.663 175.249 100
      vertex 132.663 175.249 93
    endloop
  endfacet
  facet normal -0.904207 0.427094 0
    outer loop
      vertex 137.337 172.751 93
      vertex 137.448 172.986 100
      vertex 137.448 172.986 93
    endloop
  endfacet
  facet normal -0.904207 0.427094 0
    outer loop
      vertex 137.448 172.986 100
      vertex 137.337 172.751 93
      vertex 137.337 172.751 100
    endloop
  endfacet
  facet normal 0.515061 0.857154 -0
    outer loop
      vertex 133.751 171.663 93
      vertex 133.528 171.797 100
      vertex 133.751 171.663 100
    endloop
  endfacet
  facet normal 0.515061 0.857154 0
    outer loop
      vertex 133.528 171.797 100
      vertex 133.751 171.663 93
      vertex 133.528 171.797 93
    endloop
  endfacet
  facet normal -0.74272 -0.669602 0
    outer loop
      vertex 137.048 175.681 93
      vertex 136.874 175.874 100
      vertex 136.874 175.874 93
    endloop
  endfacet
  facet normal -0.74272 -0.669602 0
    outer loop
      vertex 136.874 175.874 100
      vertex 137.048 175.681 93
      vertex 137.048 175.681 100
    endloop
  endfacet
  facet normal -0.669602 0.74272 0
    outer loop
      vertex 136.874 172.126 93
      vertex 136.681 171.952 100
      vertex 136.874 172.126 100
    endloop
  endfacet
  facet normal -0.669602 0.74272 0
    outer loop
      vertex 136.681 171.952 100
      vertex 136.874 172.126 93
      vertex 136.681 171.952 93
    endloop
  endfacet
  facet normal 0.803217 0.595687 0
    outer loop
      vertex 132.952 172.319 100
      vertex 132.797 172.528 93
      vertex 132.797 172.528 100
    endloop
  endfacet
  facet normal 0.803217 0.595687 0
    outer loop
      vertex 132.797 172.528 93
      vertex 132.952 172.319 100
      vertex 132.952 172.319 93
    endloop
  endfacet
  facet normal 0.941132 -0.338039 0
    outer loop
      vertex 132.464 174.769 100
      vertex 132.552 175.014 93
      vertex 132.552 175.014 100
    endloop
  endfacet
  facet normal 0.941132 -0.338039 0
    outer loop
      vertex 132.552 175.014 93
      vertex 132.464 174.769 100
      vertex 132.464 174.769 93
    endloop
  endfacet
  facet normal 0.989245 0.14627 0
    outer loop
      vertex 132.401 173.483 100
      vertex 132.363 173.74 93
      vertex 132.363 173.74 100
    endloop
  endfacet
  facet normal 0.989245 0.14627 0
    outer loop
      vertex 132.363 173.74 93
      vertex 132.401 173.483 100
      vertex 132.401 173.483 93
    endloop
  endfacet
  facet normal 0 0 1
    outer loop
      vertex 137.637 174.26 93
      vertex 137.637 173.74 93
      vertex 137.65 174 93
    endloop
  endfacet
  facet normal 0 0 1
    outer loop
      vertex 137.599 174.517 93
      vertex 137.637 173.74 93
      vertex 137.637 174.26 93
    endloop
  endfacet
  facet normal 0 0 1
    outer loop
      vertex 137.599 174.517 93
      vertex 137.599 173.483 93
      vertex 137.637 173.74 93
    endloop
  endfacet
  facet normal 0 0 1
    outer loop
      vertex 137.536 174.769 93
      vertex 137.599 173.483 93
      vertex 137.599 174.517 93
    endloop
  endfacet
  facet normal 0 0 1
    outer loop
      vertex 137.536 174.769 93
      vertex 137.536 173.231 93
      vertex 137.599 173.483 93
    endloop
  endfacet
  facet normal 0 0 1
    outer loop
      vertex 137.448 175.014 93
      vertex 137.536 173.231 93
      vertex 137.536 174.769 93
    endloop
  endfacet
  facet normal 0 0 1
    outer loop
      vertex 137.448 175.014 93
      vertex 137.448 172.986 93
      vertex 137.536 173.231 93
    endloop
  endfacet
  facet normal 0 0 1
    outer loop
      vertex 137.337 175.249 93
      vertex 137.448 172.986 93
      vertex 137.448 175.014 93
    endloop
  endfacet
  facet normal 0 0 1
    outer loop
      vertex 137.337 175.249 93
      vertex 137.337 172.751 93
      vertex 137.448 172.986 93
    endloop
  endfacet
  facet normal 0 0 1
    outer loop
      vertex 137.203 175.472 93
      vertex 137.337 172.751 93
      vertex 137.337 175.249 93
    endloop
  endfacet
  facet normal 0 0 1
    outer loop
      vertex 137.203 175.472 93
      vertex 137.203 172.528 93
      vertex 137.337 172.751 93
    endloop
  endfacet
  facet normal 0 0 1
    outer loop
      vertex 137.048 175.681 93
      vertex 137.203 172.528 93
      vertex 137.203 175.472 93
    endloop
  endfacet
  facet normal 0 0 1
    outer loop
      vertex 137.048 175.681 93
      vertex 137.048 172.319 93
      vertex 137.203 172.528 93
    endloop
  endfacet
  facet normal 0 0 1
    outer loop
      vertex 136.874 175.874 93
      vertex 137.048 172.319 93
      vertex 137.048 175.681 93
    endloop
  endfacet
  facet normal 0 0 1
    outer loop
      vertex 136.874 175.874 93
      vertex 136.874 172.126 93
      vertex 137.048 172.319 93
    endloop
  endfacet
  facet normal 0 0 1
    outer loop
      vertex 136.681 176.048 93
      vertex 136.874 172.126 93
      vertex 136.874 175.874 93
    endloop
  endfacet
  facet normal 0 0 1
    outer loop
      vertex 136.681 176.048 93
      vertex 136.681 171.952 93
      vertex 136.874 172.126 93
    endloop
  endfacet
  facet normal 0 0 1
    outer loop
      vertex 136.472 176.203 93
      vertex 136.681 171.952 93
      vertex 136.681 176.048 93
    endloop
  endfacet
  facet normal 0 0 1
    outer loop
      vertex 136.472 176.203 93
      vertex 136.472 171.797 93
      vertex 136.681 171.952 93
    endloop
  endfacet
  facet normal 0 0 1
    outer loop
      vertex 136.249 176.337 93
      vertex 136.472 171.797 93
      vertex 136.472 176.203 93
    endloop
  endfacet
  facet normal 0 0 1
    outer loop
      vertex 136.249 176.337 93
      vertex 136.249 171.663 93
      vertex 136.472 171.797 93
    endloop
  endfacet
  facet normal 0 0 1
    outer loop
      vertex 136.014 176.448 93
      vertex 136.249 171.663 93
      vertex 136.249 176.337 93
    endloop
  endfacet
  facet normal 0 0 1
    outer loop
      vertex 136.014 176.448 93
      vertex 136.014 171.552 93
      vertex 136.249 171.663 93
    endloop
  endfacet
  facet normal 0 0 1
    outer loop
      vertex 135.769 176.536 93
      vertex 136.014 171.552 93
      vertex 136.014 176.448 93
    endloop
  endfacet
  facet normal 0 0 1
    outer loop
      vertex 135.769 176.536 93
      vertex 135.769 171.464 93
      vertex 136.014 171.552 93
    endloop
  endfacet
  facet normal 0 0 1
    outer loop
      vertex 135.517 176.599 93
      vertex 135.769 171.464 93
      vertex 135.769 176.536 93
    endloop
  endfacet
  facet normal 0 0 1
    outer loop
      vertex 135.517 176.599 93
      vertex 135.517 171.401 93
      vertex 135.769 171.464 93
    endloop
  endfacet
  facet normal 0 0 1
    outer loop
      vertex 135.26 176.637 93
      vertex 135.517 171.401 93
      vertex 135.517 176.599 93
    endloop
  endfacet
  facet normal 0 0 1
    outer loop
      vertex 135.26 176.637 93
      vertex 135.26 171.363 93
      vertex 135.517 171.401 93
    endloop
  endfacet
  facet normal 0 0 1
    outer loop
      vertex 135 176.65 93
      vertex 135.26 171.363 93
      vertex 135.26 176.637 93
    endloop
  endfacet
  facet normal 0 0 1
    outer loop
      vertex 135 176.65 93
      vertex 135 171.35 93
      vertex 135.26 171.363 93
    endloop
  endfacet
  facet normal -0 0 1
    outer loop
      vertex 134.74 176.637 93
      vertex 135 171.35 93
      vertex 135 176.65 93
    endloop
  endfacet
  facet normal 0 0 1
    outer loop
      vertex 134.74 176.637 93
      vertex 134.74 171.363 93
      vertex 135 171.35 93
    endloop
  endfacet
  facet normal -0 0 1
    outer loop
      vertex 134.483 176.599 93
      vertex 134.74 171.363 93
      vertex 134.74 176.637 93
    endloop
  endfacet
  facet normal 0 0 1
    outer loop
      vertex 134.483 176.599 93
      vertex 134.483 171.401 93
      vertex 134.74 171.363 93
    endloop
  endfacet
  facet normal -0 0 1
    outer loop
      vertex 134.231 176.536 93
      vertex 134.483 171.401 93
      vertex 134.483 176.599 93
    endloop
  endfacet
  facet normal 0 0 1
    outer loop
      vertex 134.231 176.536 93
      vertex 134.231 171.464 93
      vertex 134.483 171.401 93
    endloop
  endfacet
  facet normal -0 0 1
    outer loop
      vertex 133.986 176.448 93
      vertex 134.231 171.464 93
      vertex 134.231 176.536 93
    endloop
  endfacet
  facet normal 0 0 1
    outer loop
      vertex 133.986 176.448 93
      vertex 133.986 171.552 93
      vertex 134.231 171.464 93
    endloop
  endfacet
  facet normal -0 0 1
    outer loop
      vertex 133.751 176.337 93
      vertex 133.986 171.552 93
      vertex 133.986 176.448 93
    endloop
  endfacet
  facet normal 0 0 1
    outer loop
      vertex 133.751 176.337 93
      vertex 133.751 171.663 93
      vertex 133.986 171.552 93
    endloop
  endfacet
  facet normal -0 0 1
    outer loop
      vertex 133.528 176.203 93
      vertex 133.751 171.663 93
      vertex 133.751 176.337 93
    endloop
  endfacet
  facet normal 0 0 1
    outer loop
      vertex 133.528 176.203 93
      vertex 133.528 171.797 93
      vertex 133.751 171.663 93
    endloop
  endfacet
  facet normal -0 0 1
    outer loop
      vertex 133.319 176.048 93
      vertex 133.528 171.797 93
      vertex 133.528 176.203 93
    endloop
  endfacet
  facet normal 0 0 1
    outer loop
      vertex 133.319 176.048 93
      vertex 133.319 171.952 93
      vertex 133.528 171.797 93
    endloop
  endfacet
  facet normal -0 0 1
    outer loop
      vertex 133.126 175.874 93
      vertex 133.319 171.952 93
      vertex 133.319 176.048 93
    endloop
  endfacet
  facet normal 0 0 1
    outer loop
      vertex 133.126 175.874 93
      vertex 133.126 172.126 93
      vertex 133.319 171.952 93
    endloop
  endfacet
  facet normal -0 0 1
    outer loop
      vertex 132.952 175.681 93
      vertex 133.126 172.126 93
      vertex 133.126 175.874 93
    endloop
  endfacet
  facet normal 0 0 1
    outer loop
      vertex 132.952 175.681 93
      vertex 132.952 172.319 93
      vertex 133.126 172.126 93
    endloop
  endfacet
  facet normal -0 0 1
    outer loop
      vertex 132.797 175.472 93
      vertex 132.952 172.319 93
      vertex 132.952 175.681 93
    endloop
  endfacet
  facet normal 0 0 1
    outer loop
      vertex 132.797 175.472 93
      vertex 132.797 172.528 93
      vertex 132.952 172.319 93
    endloop
  endfacet
  facet normal -0 0 1
    outer loop
      vertex 132.663 175.249 93
      vertex 132.797 172.528 93
      vertex 132.797 175.472 93
    endloop
  endfacet
  facet normal 0 0 1
    outer loop
      vertex 132.663 175.249 93
      vertex 132.663 172.751 93
      vertex 132.797 172.528 93
    endloop
  endfacet
  facet normal -0 0 1
    outer loop
      vertex 132.552 175.014 93
      vertex 132.663 172.751 93
      vertex 132.663 175.249 93
    endloop
  endfacet
  facet normal 0 0 1
    outer loop
      vertex 132.552 175.014 93
      vertex 132.552 172.986 93
      vertex 132.663 172.751 93
    endloop
  endfacet
  facet normal -0 0 1
    outer loop
      vertex 132.464 174.769 93
      vertex 132.552 172.986 93
      vertex 132.552 175.014 93
    endloop
  endfacet
  facet normal 0 0 1
    outer loop
      vertex 132.464 174.769 93
      vertex 132.464 173.231 93
      vertex 132.552 172.986 93
    endloop
  endfacet
  facet normal -0 0 1
    outer loop
      vertex 132.401 174.517 93
      vertex 132.464 173.231 93
      vertex 132.464 174.769 93
    endloop
  endfacet
  facet normal 0 0 1
    outer loop
      vertex 132.401 174.517 93
      vertex 132.401 173.483 93
      vertex 132.464 173.231 93
    endloop
  endfacet
  facet normal -0 0 1
    outer loop
      vertex 132.363 174.26 93
      vertex 132.401 173.483 93
      vertex 132.401 174.517 93
    endloop
  endfacet
  facet normal 0 0 1
    outer loop
      vertex 132.363 174.26 93
      vertex 132.363 173.74 93
      vertex 132.401 173.483 93
    endloop
  endfacet
  facet normal 0 -0 1
    outer loop
      vertex 132.363 173.74 93
      vertex 132.363 174.26 93
      vertex 132.35 174 93
    endloop
  endfacet
  facet normal 0.669602 0.74272 -0
    outer loop
      vertex 133.319 171.952 93
      vertex 133.126 172.126 100
      vertex 133.319 171.952 100
    endloop
  endfacet
  facet normal 0.669602 0.74272 0
    outer loop
      vertex 133.126 172.126 100
      vertex 133.319 171.952 93
      vertex 133.126 172.126 93
    endloop
  endfacet
  facet normal 0.338039 0.941132 -0
    outer loop
      vertex 134.231 171.464 93
      vertex 133.986 171.552 100
      vertex 134.231 171.464 100
    endloop
  endfacet
  facet normal 0.338039 0.941132 0
    outer loop
      vertex 133.986 171.552 100
      vertex 134.231 171.464 93
      vertex 133.986 171.552 93
    endloop
  endfacet
  facet normal 0.242536 0.970143 -0
    outer loop
      vertex 134.483 171.401 93
      vertex 134.231 171.464 100
      vertex 134.483 171.401 100
    endloop
  endfacet
  facet normal 0.242536 0.970143 0
    outer loop
      vertex 134.231 171.464 100
      vertex 134.483 171.401 93
      vertex 134.231 171.464 93
    endloop
  endfacet
  facet normal 0.427094 0.904207 -0
    outer loop
      vertex 133.986 171.552 93
      vertex 133.751 171.663 100
      vertex 133.986 171.552 100
    endloop
  endfacet
  facet normal 0.427094 0.904207 0
    outer loop
      vertex 133.751 171.663 100
      vertex 133.986 171.552 93
      vertex 133.751 171.663 93
    endloop
  endfacet
  facet normal -0.24326 -0.969961 0
    outer loop
      vertex 135.517 26.5991 93
      vertex 135.769 26.5359 100
      vertex 135.517 26.5991 100
    endloop
  endfacet
  facet normal -0.24326 -0.969961 -0
    outer loop
      vertex 135.769 26.5359 100
      vertex 135.517 26.5991 93
      vertex 135.769 26.5359 93
    endloop
  endfacet
  facet normal -0.336677 -0.94162 0
    outer loop
      vertex 135.769 26.5359 93
      vertex 136.014 26.4483 100
      vertex 135.769 26.5359 100
    endloop
  endfacet
  facet normal -0.336677 -0.94162 -0
    outer loop
      vertex 136.014 26.4483 100
      vertex 135.769 26.5359 93
      vertex 136.014 26.4483 93
    endloop
  endfacet
  facet normal -0.989269 -0.146103 0
    outer loop
      vertex 137.637 24.2597 93
      vertex 137.599 24.517 100
      vertex 137.599 24.517 93
    endloop
  endfacet
  facet normal -0.989269 -0.146103 0
    outer loop
      vertex 137.599 24.517 100
      vertex 137.637 24.2597 93
      vertex 137.637 24.2597 100
    endloop
  endfacet
  facet normal -0.998749 -0.0499952 0
    outer loop
      vertex 137.65 24 93
      vertex 137.637 24.2597 100
      vertex 137.637 24.2597 93
    endloop
  endfacet
  facet normal -0.998749 -0.0499952 0
    outer loop
      vertex 137.637 24.2597 100
      vertex 137.65 24 93
      vertex 137.65 24 100
    endloop
  endfacet
  facet normal -0.97021 -0.242264 0
    outer loop
      vertex 137.599 24.517 93
      vertex 137.536 24.7693 100
      vertex 137.536 24.7693 93
    endloop
  endfacet
  facet normal -0.97021 -0.242264 0
    outer loop
      vertex 137.536 24.7693 100
      vertex 137.599 24.517 93
      vertex 137.599 24.517 100
    endloop
  endfacet
  facet normal -0.671084 -0.741381 0
    outer loop
      vertex 136.681 26.0485 93
      vertex 136.874 25.8738 100
      vertex 136.681 26.0485 100
    endloop
  endfacet
  facet normal -0.671084 -0.741381 -0
    outer loop
      vertex 136.874 25.8738 100
      vertex 136.681 26.0485 93
      vertex 136.874 25.8738 93
    endloop
  endfacet
  facet normal -0.0491712 0.99879 0
    outer loop
      vertex 135.26 21.3628 93
      vertex 135 21.35 100
      vertex 135.26 21.3628 100
    endloop
  endfacet
  facet normal -0.0491712 0.99879 0
    outer loop
      vertex 135 21.35 100
      vertex 135.26 21.3628 93
      vertex 135 21.35 93
    endloop
  endfacet
  facet normal 0.742202 0.670177 0
    outer loop
      vertex 133.126 22.1262 100
      vertex 132.952 22.3189 93
      vertex 132.952 22.3189 100
    endloop
  endfacet
  facet normal 0.742202 0.670177 0
    outer loop
      vertex 132.952 22.3189 93
      vertex 133.126 22.1262 100
      vertex 133.126 22.1262 93
    endloop
  endfacet
  facet normal 0.0491712 0.99879 -0
    outer loop
      vertex 135 21.35 93
      vertex 134.74 21.3628 100
      vertex 135 21.35 100
    endloop
  endfacet
  facet normal 0.0491712 0.99879 0
    outer loop
      vertex 134.74 21.3628 100
      vertex 135 21.35 93
      vertex 134.74 21.3628 93
    endloop
  endfacet
  facet normal -0.998749 0.0499952 0
    outer loop
      vertex 137.637 23.7403 93
      vertex 137.65 24 100
      vertex 137.65 24 93
    endloop
  endfacet
  facet normal -0.998749 0.0499952 0
    outer loop
      vertex 137.65 24 100
      vertex 137.637 23.7403 93
      vertex 137.637 23.7403 100
    endloop
  endfacet
  facet normal -0.336677 0.94162 0
    outer loop
      vertex 136.014 21.5517 93
      vertex 135.769 21.4641 100
      vertex 136.014 21.5517 100
    endloop
  endfacet
  facet normal -0.336677 0.94162 0
    outer loop
      vertex 135.769 21.4641 100
      vertex 136.014 21.5517 93
      vertex 135.769 21.4641 93
    endloop
  endfacet
  facet normal 0.941044 0.338284 0
    outer loop
      vertex 132.552 22.9859 100
      vertex 132.464 23.2307 93
      vertex 132.464 23.2307 100
    endloop
  endfacet
  facet normal 0.941044 0.338284 0
    outer loop
      vertex 132.464 23.2307 93
      vertex 132.552 22.9859 100
      vertex 132.552 22.9859 93
    endloop
  endfacet
  facet normal -0.941044 -0.338284 0
    outer loop
      vertex 137.536 24.7693 93
      vertex 137.448 25.0141 100
      vertex 137.448 25.0141 93
    endloop
  endfacet
  facet normal -0.941044 -0.338284 0
    outer loop
      vertex 137.448 25.0141 100
      vertex 137.536 24.7693 93
      vertex 137.536 24.7693 100
    endloop
  endfacet
  facet normal -0.904278 -0.426945 0
    outer loop
      vertex 137.448 25.0141 93
      vertex 137.337 25.2492 100
      vertex 137.337 25.2492 93
    endloop
  endfacet
  facet normal -0.904278 -0.426945 0
    outer loop
      vertex 137.337 25.2492 100
      vertex 137.448 25.0141 93
      vertex 137.448 25.0141 100
    endloop
  endfacet
  facet normal -0.941044 0.338284 0
    outer loop
      vertex 137.448 22.9859 93
      vertex 137.536 23.2307 100
      vertex 137.536 23.2307 93
    endloop
  endfacet
  facet normal -0.941044 0.338284 0
    outer loop
      vertex 137.536 23.2307 100
      vertex 137.448 22.9859 93
      vertex 137.448 22.9859 100
    endloop
  endfacet
  facet normal 0.904278 -0.426945 0
    outer loop
      vertex 132.552 25.0141 100
      vertex 132.663 25.2492 93
      vertex 132.663 25.2492 100
    endloop
  endfacet
  facet normal 0.904278 -0.426945 0
    outer loop
      vertex 132.663 25.2492 93
      vertex 132.552 25.0141 100
      vertex 132.552 25.0141 93
    endloop
  endfacet
  facet normal -0.514213 -0.857663 0
    outer loop
      vertex 136.249 26.3371 93
      vertex 136.472 26.2034 100
      vertex 136.249 26.3371 100
    endloop
  endfacet
  facet normal -0.514213 -0.857663 -0
    outer loop
      vertex 136.472 26.2034 100
      vertex 136.249 26.3371 93
      vertex 136.472 26.2034 93
    endloop
  endfacet
  facet normal 0.97021 0.242264 0
    outer loop
      vertex 132.464 23.2307 100
      vertex 132.401 23.483 93
      vertex 132.401 23.483 100
    endloop
  endfacet
  facet normal 0.97021 0.242264 0
    outer loop
      vertex 132.401 23.483 93
      vertex 132.464 23.2307 100
      vertex 132.464 23.2307 93
    endloop
  endfacet
  facet normal -0.857256 0.514891 0
    outer loop
      vertex 137.203 22.5277 93
      vertex 137.337 22.7508 100
      vertex 137.337 22.7508 93
    endloop
  endfacet
  facet normal -0.857256 0.514891 0
    outer loop
      vertex 137.337 22.7508 100
      vertex 137.203 22.5277 93
      vertex 137.203 22.5277 100
    endloop
  endfacet
  facet normal -0.514213 0.857663 0
    outer loop
      vertex 136.472 21.7966 93
      vertex 136.249 21.6629 100
      vertex 136.472 21.7966 100
    endloop
  endfacet
  facet normal -0.514213 0.857663 0
    outer loop
      vertex 136.249 21.6629 100
      vertex 136.472 21.7966 93
      vertex 136.249 21.6629 93
    endloop
  endfacet
  facet normal 0.146646 -0.989189 0
    outer loop
      vertex 134.483 26.5991 93
      vertex 134.74 26.6372 100
      vertex 134.483 26.5991 100
    endloop
  endfacet
  facet normal 0.146646 -0.989189 0
    outer loop
      vertex 134.74 26.6372 100
      vertex 134.483 26.5991 93
      vertex 134.74 26.6372 93
    endloop
  endfacet
  facet normal 0.904278 0.426945 0
    outer loop
      vertex 132.663 22.7508 100
      vertex 132.552 22.9859 93
      vertex 132.552 22.9859 100
    endloop
  endfacet
  facet normal 0.904278 0.426945 0
    outer loop
      vertex 132.552 22.9859 93
      vertex 132.663 22.7508 100
      vertex 132.663 22.7508 93
    endloop
  endfacet
  facet normal 0.427723 -0.90391 0
    outer loop
      vertex 133.751 26.3371 93
      vertex 133.986 26.4483 100
      vertex 133.751 26.3371 100
    endloop
  endfacet
  facet normal 0.427723 -0.90391 0
    outer loop
      vertex 133.986 26.4483 100
      vertex 133.751 26.3371 93
      vertex 133.986 26.4483 93
    endloop
  endfacet
  facet normal -0.802944 -0.596055 0
    outer loop
      vertex 137.203 25.4723 93
      vertex 137.048 25.6811 100
      vertex 137.048 25.6811 93
    endloop
  endfacet
  facet normal -0.802944 -0.596055 0
    outer loop
      vertex 137.048 25.6811 100
      vertex 137.203 25.4723 93
      vertex 137.203 25.4723 100
    endloop
  endfacet
  facet normal -0.146646 0.989189 0
    outer loop
      vertex 135.517 21.4009 93
      vertex 135.26 21.3628 100
      vertex 135.517 21.4009 100
    endloop
  endfacet
  facet normal -0.146646 0.989189 0
    outer loop
      vertex 135.26 21.3628 100
      vertex 135.517 21.4009 93
      vertex 135.26 21.3628 93
    endloop
  endfacet
  facet normal -0.989269 0.146103 0
    outer loop
      vertex 137.599 23.483 93
      vertex 137.637 23.7403 100
      vertex 137.637 23.7403 93
    endloop
  endfacet
  facet normal -0.989269 0.146103 0
    outer loop
      vertex 137.637 23.7403 100
      vertex 137.599 23.483 93
      vertex 137.599 23.483 100
    endloop
  endfacet
  facet normal 0.595439 0.803401 -0
    outer loop
      vertex 133.528 21.7966 93
      vertex 133.319 21.9515 100
      vertex 133.528 21.7966 100
    endloop
  endfacet
  facet normal 0.595439 0.803401 0
    outer loop
      vertex 133.319 21.9515 100
      vertex 133.528 21.7966 93
      vertex 133.319 21.9515 93
    endloop
  endfacet
  facet normal -0.427723 -0.90391 0
    outer loop
      vertex 136.014 26.4483 93
      vertex 136.249 26.3371 100
      vertex 136.014 26.4483 100
    endloop
  endfacet
  facet normal -0.427723 -0.90391 -0
    outer loop
      vertex 136.249 26.3371 100
      vertex 136.014 26.4483 93
      vertex 136.249 26.3371 93
    endloop
  endfacet
  facet normal 0.989269 -0.146103 0
    outer loop
      vertex 132.363 24.2597 100
      vertex 132.401 24.517 93
      vertex 132.401 24.517 100
    endloop
  endfacet
  facet normal 0.989269 -0.146103 0
    outer loop
      vertex 132.401 24.517 93
      vertex 132.363 24.2597 100
      vertex 132.363 24.2597 93
    endloop
  endfacet
  facet normal 0.24326 -0.969961 0
    outer loop
      vertex 134.231 26.5359 93
      vertex 134.483 26.5991 100
      vertex 134.231 26.5359 100
    endloop
  endfacet
  facet normal 0.24326 -0.969961 0
    outer loop
      vertex 134.483 26.5991 100
      vertex 134.231 26.5359 93
      vertex 134.483 26.5991 93
    endloop
  endfacet
  facet normal 0.146646 0.989189 -0
    outer loop
      vertex 134.74 21.3628 93
      vertex 134.483 21.4009 100
      vertex 134.74 21.3628 100
    endloop
  endfacet
  facet normal 0.146646 0.989189 0
    outer loop
      vertex 134.483 21.4009 100
      vertex 134.74 21.3628 93
      vertex 134.483 21.4009 93
    endloop
  endfacet
  facet normal -0.146646 -0.989189 0
    outer loop
      vertex 135.26 26.6372 93
      vertex 135.517 26.5991 100
      vertex 135.26 26.6372 100
    endloop
  endfacet
  facet normal -0.146646 -0.989189 -0
    outer loop
      vertex 135.517 26.5991 100
      vertex 135.26 26.6372 93
      vertex 135.517 26.5991 93
    endloop
  endfacet
  facet normal 0.336677 -0.94162 0
    outer loop
      vertex 133.986 26.4483 93
      vertex 134.231 26.5359 100
      vertex 133.986 26.4483 100
    endloop
  endfacet
  facet normal 0.336677 -0.94162 0
    outer loop
      vertex 134.231 26.5359 100
      vertex 133.986 26.4483 93
      vertex 134.231 26.5359 93
    endloop
  endfacet
  facet normal 0.998749 -0.0499952 0
    outer loop
      vertex 132.35 24 100
      vertex 132.363 24.2597 93
      vertex 132.363 24.2597 100
    endloop
  endfacet
  facet normal 0.998749 -0.0499952 0
    outer loop
      vertex 132.363 24.2597 93
      vertex 132.35 24 100
      vertex 132.35 24 93
    endloop
  endfacet
  facet normal 0.998749 0.0499952 0
    outer loop
      vertex 132.363 23.7403 100
      vertex 132.35 24 93
      vertex 132.35 24 100
    endloop
  endfacet
  facet normal 0.998749 0.0499952 0
    outer loop
      vertex 132.35 24 93
      vertex 132.363 23.7403 100
      vertex 132.363 23.7403 93
    endloop
  endfacet
  facet normal 0.595439 -0.803401 0
    outer loop
      vertex 133.319 26.0485 93
      vertex 133.528 26.2034 100
      vertex 133.319 26.0485 100
    endloop
  endfacet
  facet normal 0.595439 -0.803401 0
    outer loop
      vertex 133.528 26.2034 100
      vertex 133.319 26.0485 93
      vertex 133.528 26.2034 93
    endloop
  endfacet
  facet normal -0.671084 0.741381 0
    outer loop
      vertex 136.874 22.1262 93
      vertex 136.681 21.9515 100
      vertex 136.874 22.1262 100
    endloop
  endfacet
  facet normal -0.671084 0.741381 0
    outer loop
      vertex 136.681 21.9515 100
      vertex 136.874 22.1262 93
      vertex 136.681 21.9515 93
    endloop
  endfacet
  facet normal -0.595439 0.803401 0
    outer loop
      vertex 136.681 21.9515 93
      vertex 136.472 21.7966 100
      vertex 136.681 21.9515 100
    endloop
  endfacet
  facet normal -0.595439 0.803401 0
    outer loop
      vertex 136.472 21.7966 100
      vertex 136.681 21.9515 93
      vertex 136.472 21.7966 93
    endloop
  endfacet
  facet normal -0.0491712 -0.99879 0
    outer loop
      vertex 135 26.65 93
      vertex 135.26 26.6372 100
      vertex 135 26.65 100
    endloop
  endfacet
  facet normal -0.0491712 -0.99879 -0
    outer loop
      vertex 135.26 26.6372 100
      vertex 135 26.65 93
      vertex 135.26 26.6372 93
    endloop
  endfacet
  facet normal -0.427723 0.90391 0
    outer loop
      vertex 136.249 21.6629 93
      vertex 136.014 21.5517 100
      vertex 136.249 21.6629 100
    endloop
  endfacet
  facet normal -0.427723 0.90391 0
    outer loop
      vertex 136.014 21.5517 100
      vertex 136.249 21.6629 93
      vertex 136.014 21.5517 93
    endloop
  endfacet
  facet normal -0.595439 -0.803401 0
    outer loop
      vertex 136.472 26.2034 93
      vertex 136.681 26.0485 100
      vertex 136.472 26.2034 100
    endloop
  endfacet
  facet normal -0.595439 -0.803401 -0
    outer loop
      vertex 136.681 26.0485 100
      vertex 136.472 26.2034 93
      vertex 136.681 26.0485 93
    endloop
  endfacet
  facet normal 0.857256 0.514891 0
    outer loop
      vertex 132.797 22.5277 100
      vertex 132.663 22.7508 93
      vertex 132.663 22.7508 100
    endloop
  endfacet
  facet normal 0.857256 0.514891 0
    outer loop
      vertex 132.663 22.7508 93
      vertex 132.797 22.5277 100
      vertex 132.797 22.5277 93
    endloop
  endfacet
  facet normal 0.0491712 -0.99879 0
    outer loop
      vertex 134.74 26.6372 93
      vertex 135 26.65 100
      vertex 134.74 26.6372 100
    endloop
  endfacet
  facet normal 0.0491712 -0.99879 0
    outer loop
      vertex 135 26.65 100
      vertex 134.74 26.6372 93
      vertex 135 26.65 93
    endloop
  endfacet
  facet normal 0.514213 -0.857663 0
    outer loop
      vertex 133.528 26.2034 93
      vertex 133.751 26.3371 100
      vertex 133.528 26.2034 100
    endloop
  endfacet
  facet normal 0.514213 -0.857663 0
    outer loop
      vertex 133.751 26.3371 100
      vertex 133.528 26.2034 93
      vertex 133.751 26.3371 93
    endloop
  endfacet
  facet normal -0.24326 0.969961 0
    outer loop
      vertex 135.769 21.4641 93
      vertex 135.517 21.4009 100
      vertex 135.769 21.4641 100
    endloop
  endfacet
  facet normal -0.24326 0.969961 0
    outer loop
      vertex 135.517 21.4009 100
      vertex 135.769 21.4641 93
      vertex 135.517 21.4009 93
    endloop
  endfacet
  facet normal -0.97021 0.242264 0
    outer loop
      vertex 137.536 23.2307 93
      vertex 137.599 23.483 100
      vertex 137.599 23.483 93
    endloop
  endfacet
  facet normal -0.97021 0.242264 0
    outer loop
      vertex 137.599 23.483 100
      vertex 137.536 23.2307 93
      vertex 137.536 23.2307 100
    endloop
  endfacet
  facet normal 0.802944 -0.596055 0
    outer loop
      vertex 132.797 25.4723 100
      vertex 132.952 25.6811 93
      vertex 132.952 25.6811 100
    endloop
  endfacet
  facet normal 0.802944 -0.596055 0
    outer loop
      vertex 132.952 25.6811 93
      vertex 132.797 25.4723 100
      vertex 132.797 25.4723 93
    endloop
  endfacet
  facet normal -0.857256 -0.514891 0
    outer loop
      vertex 137.337 25.2492 93
      vertex 137.203 25.4723 100
      vertex 137.203 25.4723 93
    endloop
  endfacet
  facet normal -0.857256 -0.514891 0
    outer loop
      vertex 137.203 25.4723 100
      vertex 137.337 25.2492 93
      vertex 137.337 25.2492 100
    endloop
  endfacet
  facet normal -0.802944 0.596055 0
    outer loop
      vertex 137.048 22.3189 93
      vertex 137.203 22.5277 100
      vertex 137.203 22.5277 93
    endloop
  endfacet
  facet normal -0.802944 0.596055 0
    outer loop
      vertex 137.203 22.5277 100
      vertex 137.048 22.3189 93
      vertex 137.048 22.3189 100
    endloop
  endfacet
  facet normal 0.671084 -0.741381 0
    outer loop
      vertex 133.126 25.8738 93
      vertex 133.319 26.0485 100
      vertex 133.126 25.8738 100
    endloop
  endfacet
  facet normal 0.671084 -0.741381 0
    outer loop
      vertex 133.319 26.0485 100
      vertex 133.126 25.8738 93
      vertex 133.319 26.0485 93
    endloop
  endfacet
  facet normal 0.857256 -0.514891 0
    outer loop
      vertex 132.663 25.2492 100
      vertex 132.797 25.4723 93
      vertex 132.797 25.4723 100
    endloop
  endfacet
  facet normal 0.857256 -0.514891 0
    outer loop
      vertex 132.797 25.4723 93
      vertex 132.663 25.2492 100
      vertex 132.663 25.2492 93
    endloop
  endfacet
  facet normal -0.742202 0.670177 0
    outer loop
      vertex 136.874 22.1262 93
      vertex 137.048 22.3189 100
      vertex 137.048 22.3189 93
    endloop
  endfacet
  facet normal -0.742202 0.670177 0
    outer loop
      vertex 137.048 22.3189 100
      vertex 136.874 22.1262 93
      vertex 136.874 22.1262 100
    endloop
  endfacet
  facet normal -0.904278 0.426945 0
    outer loop
      vertex 137.337 22.7508 93
      vertex 137.448 22.9859 100
      vertex 137.448 22.9859 93
    endloop
  endfacet
  facet normal -0.904278 0.426945 0
    outer loop
      vertex 137.448 22.9859 100
      vertex 137.337 22.7508 93
      vertex 137.337 22.7508 100
    endloop
  endfacet
  facet normal 0.514213 0.857663 -0
    outer loop
      vertex 133.751 21.6629 93
      vertex 133.528 21.7966 100
      vertex 133.751 21.6629 100
    endloop
  endfacet
  facet normal 0.514213 0.857663 0
    outer loop
      vertex 133.528 21.7966 100
      vertex 133.751 21.6629 93
      vertex 133.528 21.7966 93
    endloop
  endfacet
  facet normal -0.742202 -0.670177 0
    outer loop
      vertex 137.048 25.6811 93
      vertex 136.874 25.8738 100
      vertex 136.874 25.8738 93
    endloop
  endfacet
  facet normal -0.742202 -0.670177 0
    outer loop
      vertex 136.874 25.8738 100
      vertex 137.048 25.6811 93
      vertex 137.048 25.6811 100
    endloop
  endfacet
  facet normal 0.802944 0.596055 0
    outer loop
      vertex 132.952 22.3189 100
      vertex 132.797 22.5277 93
      vertex 132.797 22.5277 100
    endloop
  endfacet
  facet normal 0.802944 0.596055 0
    outer loop
      vertex 132.797 22.5277 93
      vertex 132.952 22.3189 100
      vertex 132.952 22.3189 93
    endloop
  endfacet
  facet normal 0.941044 -0.338284 0
    outer loop
      vertex 132.464 24.7693 100
      vertex 132.552 25.0141 93
      vertex 132.552 25.0141 100
    endloop
  endfacet
  facet normal 0.941044 -0.338284 0
    outer loop
      vertex 132.552 25.0141 93
      vertex 132.464 24.7693 100
      vertex 132.464 24.7693 93
    endloop
  endfacet
  facet normal 0.97021 -0.242264 0
    outer loop
      vertex 132.401 24.517 100
      vertex 132.464 24.7693 93
      vertex 132.464 24.7693 100
    endloop
  endfacet
  facet normal 0.97021 -0.242264 0
    outer loop
      vertex 132.464 24.7693 93
      vertex 132.401 24.517 100
      vertex 132.401 24.517 93
    endloop
  endfacet
  facet normal 0.989269 0.146103 0
    outer loop
      vertex 132.401 23.483 100
      vertex 132.363 23.7403 93
      vertex 132.363 23.7403 100
    endloop
  endfacet
  facet normal 0.989269 0.146103 0
    outer loop
      vertex 132.363 23.7403 93
      vertex 132.401 23.483 100
      vertex 132.401 23.483 93
    endloop
  endfacet
  facet normal 0.742202 -0.670177 0
    outer loop
      vertex 132.952 25.6811 100
      vertex 133.126 25.8738 93
      vertex 133.126 25.8738 100
    endloop
  endfacet
  facet normal 0.742202 -0.670177 0
    outer loop
      vertex 133.126 25.8738 93
      vertex 132.952 25.6811 100
      vertex 132.952 25.6811 93
    endloop
  endfacet
  facet normal 0 0 1
    outer loop
      vertex 137.637 24.2597 93
      vertex 137.637 23.7403 93
      vertex 137.65 24 93
    endloop
  endfacet
  facet normal 0 0 1
    outer loop
      vertex 137.599 24.517 93
      vertex 137.637 23.7403 93
      vertex 137.637 24.2597 93
    endloop
  endfacet
  facet normal 0 0 1
    outer loop
      vertex 137.599 24.517 93
      vertex 137.599 23.483 93
      vertex 137.637 23.7403 93
    endloop
  endfacet
  facet normal 0 0 1
    outer loop
      vertex 137.536 24.7693 93
      vertex 137.599 23.483 93
      vertex 137.599 24.517 93
    endloop
  endfacet
  facet normal 0 0 1
    outer loop
      vertex 137.536 24.7693 93
      vertex 137.536 23.2307 93
      vertex 137.599 23.483 93
    endloop
  endfacet
  facet normal 0 0 1
    outer loop
      vertex 137.448 25.0141 93
      vertex 137.536 23.2307 93
      vertex 137.536 24.7693 93
    endloop
  endfacet
  facet normal 0 0 1
    outer loop
      vertex 137.448 25.0141 93
      vertex 137.448 22.9859 93
      vertex 137.536 23.2307 93
    endloop
  endfacet
  facet normal 0 0 1
    outer loop
      vertex 137.337 25.2492 93
      vertex 137.448 22.9859 93
      vertex 137.448 25.0141 93
    endloop
  endfacet
  facet normal 0 0 1
    outer loop
      vertex 137.337 25.2492 93
      vertex 137.337 22.7508 93
      vertex 137.448 22.9859 93
    endloop
  endfacet
  facet normal 0 0 1
    outer loop
      vertex 137.203 25.4723 93
      vertex 137.337 22.7508 93
      vertex 137.337 25.2492 93
    endloop
  endfacet
  facet normal 0 0 1
    outer loop
      vertex 137.203 25.4723 93
      vertex 137.203 22.5277 93
      vertex 137.337 22.7508 93
    endloop
  endfacet
  facet normal 0 0 1
    outer loop
      vertex 137.048 25.6811 93
      vertex 137.203 22.5277 93
      vertex 137.203 25.4723 93
    endloop
  endfacet
  facet normal 0 0 1
    outer loop
      vertex 137.048 25.6811 93
      vertex 137.048 22.3189 93
      vertex 137.203 22.5277 93
    endloop
  endfacet
  facet normal 0 0 1
    outer loop
      vertex 136.874 25.8738 93
      vertex 137.048 22.3189 93
      vertex 137.048 25.6811 93
    endloop
  endfacet
  facet normal 0 0 1
    outer loop
      vertex 136.874 25.8738 93
      vertex 136.874 22.1262 93
      vertex 137.048 22.3189 93
    endloop
  endfacet
  facet normal 0 0 1
    outer loop
      vertex 136.681 26.0485 93
      vertex 136.874 22.1262 93
      vertex 136.874 25.8738 93
    endloop
  endfacet
  facet normal 0 0 1
    outer loop
      vertex 136.681 26.0485 93
      vertex 136.681 21.9515 93
      vertex 136.874 22.1262 93
    endloop
  endfacet
  facet normal 0 0 1
    outer loop
      vertex 136.472 26.2034 93
      vertex 136.681 21.9515 93
      vertex 136.681 26.0485 93
    endloop
  endfacet
  facet normal 0 0 1
    outer loop
      vertex 136.472 26.2034 93
      vertex 136.472 21.7966 93
      vertex 136.681 21.9515 93
    endloop
  endfacet
  facet normal 0 0 1
    outer loop
      vertex 136.249 26.3371 93
      vertex 136.472 21.7966 93
      vertex 136.472 26.2034 93
    endloop
  endfacet
  facet normal 0 0 1
    outer loop
      vertex 136.249 26.3371 93
      vertex 136.249 21.6629 93
      vertex 136.472 21.7966 93
    endloop
  endfacet
  facet normal 0 0 1
    outer loop
      vertex 136.014 26.4483 93
      vertex 136.249 21.6629 93
      vertex 136.249 26.3371 93
    endloop
  endfacet
  facet normal 0 0 1
    outer loop
      vertex 136.014 26.4483 93
      vertex 136.014 21.5517 93
      vertex 136.249 21.6629 93
    endloop
  endfacet
  facet normal 0 0 1
    outer loop
      vertex 135.769 26.5359 93
      vertex 136.014 21.5517 93
      vertex 136.014 26.4483 93
    endloop
  endfacet
  facet normal 0 0 1
    outer loop
      vertex 135.769 26.5359 93
      vertex 135.769 21.4641 93
      vertex 136.014 21.5517 93
    endloop
  endfacet
  facet normal 0 0 1
    outer loop
      vertex 135.517 26.5991 93
      vertex 135.769 21.4641 93
      vertex 135.769 26.5359 93
    endloop
  endfacet
  facet normal 0 0 1
    outer loop
      vertex 135.517 26.5991 93
      vertex 135.517 21.4009 93
      vertex 135.769 21.4641 93
    endloop
  endfacet
  facet normal 0 0 1
    outer loop
      vertex 135.26 26.6372 93
      vertex 135.517 21.4009 93
      vertex 135.517 26.5991 93
    endloop
  endfacet
  facet normal 0 0 1
    outer loop
      vertex 135.26 26.6372 93
      vertex 135.26 21.3628 93
      vertex 135.517 21.4009 93
    endloop
  endfacet
  facet normal 0 0 1
    outer loop
      vertex 135 26.65 93
      vertex 135.26 21.3628 93
      vertex 135.26 26.6372 93
    endloop
  endfacet
  facet normal 0 0 1
    outer loop
      vertex 135 26.65 93
      vertex 135 21.35 93
      vertex 135.26 21.3628 93
    endloop
  endfacet
  facet normal -0 0 1
    outer loop
      vertex 134.74 26.6372 93
      vertex 135 21.35 93
      vertex 135 26.65 93
    endloop
  endfacet
  facet normal 0 0 1
    outer loop
      vertex 134.74 26.6372 93
      vertex 134.74 21.3628 93
      vertex 135 21.35 93
    endloop
  endfacet
  facet normal -0 0 1
    outer loop
      vertex 134.483 26.5991 93
      vertex 134.74 21.3628 93
      vertex 134.74 26.6372 93
    endloop
  endfacet
  facet normal 0 0 1
    outer loop
      vertex 134.483 26.5991 93
      vertex 134.483 21.4009 93
      vertex 134.74 21.3628 93
    endloop
  endfacet
  facet normal -0 0 1
    outer loop
      vertex 134.231 26.5359 93
      vertex 134.483 21.4009 93
      vertex 134.483 26.5991 93
    endloop
  endfacet
  facet normal 0 0 1
    outer loop
      vertex 134.231 26.5359 93
      vertex 134.231 21.4641 93
      vertex 134.483 21.4009 93
    endloop
  endfacet
  facet normal -0 0 1
    outer loop
      vertex 133.986 26.4483 93
      vertex 134.231 21.4641 93
      vertex 134.231 26.5359 93
    endloop
  endfacet
  facet normal 0 0 1
    outer loop
      vertex 133.986 26.4483 93
      vertex 133.986 21.5517 93
      vertex 134.231 21.4641 93
    endloop
  endfacet
  facet normal -0 0 1
    outer loop
      vertex 133.751 26.3371 93
      vertex 133.986 21.5517 93
      vertex 133.986 26.4483 93
    endloop
  endfacet
  facet normal 0 0 1
    outer loop
      vertex 133.751 26.3371 93
      vertex 133.751 21.6629 93
      vertex 133.986 21.5517 93
    endloop
  endfacet
  facet normal -0 0 1
    outer loop
      vertex 133.528 26.2034 93
      vertex 133.751 21.6629 93
      vertex 133.751 26.3371 93
    endloop
  endfacet
  facet normal 0 0 1
    outer loop
      vertex 133.528 26.2034 93
      vertex 133.528 21.7966 93
      vertex 133.751 21.6629 93
    endloop
  endfacet
  facet normal -0 0 1
    outer loop
      vertex 133.319 26.0485 93
      vertex 133.528 21.7966 93
      vertex 133.528 26.2034 93
    endloop
  endfacet
  facet normal 0 0 1
    outer loop
      vertex 133.319 26.0485 93
      vertex 133.319 21.9515 93
      vertex 133.528 21.7966 93
    endloop
  endfacet
  facet normal -0 0 1
    outer loop
      vertex 133.126 25.8738 93
      vertex 133.319 21.9515 93
      vertex 133.319 26.0485 93
    endloop
  endfacet
  facet normal 0 0 1
    outer loop
      vertex 133.126 25.8738 93
      vertex 133.126 22.1262 93
      vertex 133.319 21.9515 93
    endloop
  endfacet
  facet normal -0 0 1
    outer loop
      vertex 132.952 25.6811 93
      vertex 133.126 22.1262 93
      vertex 133.126 25.8738 93
    endloop
  endfacet
  facet normal 0 0 1
    outer loop
      vertex 132.952 25.6811 93
      vertex 132.952 22.3189 93
      vertex 133.126 22.1262 93
    endloop
  endfacet
  facet normal -0 0 1
    outer loop
      vertex 132.797 25.4723 93
      vertex 132.952 22.3189 93
      vertex 132.952 25.6811 93
    endloop
  endfacet
  facet normal 0 0 1
    outer loop
      vertex 132.797 25.4723 93
      vertex 132.797 22.5277 93
      vertex 132.952 22.3189 93
    endloop
  endfacet
  facet normal -0 0 1
    outer loop
      vertex 132.663 25.2492 93
      vertex 132.797 22.5277 93
      vertex 132.797 25.4723 93
    endloop
  endfacet
  facet normal 0 0 1
    outer loop
      vertex 132.663 25.2492 93
      vertex 132.663 22.7508 93
      vertex 132.797 22.5277 93
    endloop
  endfacet
  facet normal -0 0 1
    outer loop
      vertex 132.552 25.0141 93
      vertex 132.663 22.7508 93
      vertex 132.663 25.2492 93
    endloop
  endfacet
  facet normal 0 0 1
    outer loop
      vertex 132.552 25.0141 93
      vertex 132.552 22.9859 93
      vertex 132.663 22.7508 93
    endloop
  endfacet
  facet normal -0 0 1
    outer loop
      vertex 132.464 24.7693 93
      vertex 132.552 22.9859 93
      vertex 132.552 25.0141 93
    endloop
  endfacet
  facet normal 0 0 1
    outer loop
      vertex 132.464 24.7693 93
      vertex 132.464 23.2307 93
      vertex 132.552 22.9859 93
    endloop
  endfacet
  facet normal -0 0 1
    outer loop
      vertex 132.401 24.517 93
      vertex 132.464 23.2307 93
      vertex 132.464 24.7693 93
    endloop
  endfacet
  facet normal 0 0 1
    outer loop
      vertex 132.401 24.517 93
      vertex 132.401 23.483 93
      vertex 132.464 23.2307 93
    endloop
  endfacet
  facet normal -0 0 1
    outer loop
      vertex 132.363 24.2597 93
      vertex 132.401 23.483 93
      vertex 132.401 24.517 93
    endloop
  endfacet
  facet normal 0 0 1
    outer loop
      vertex 132.363 24.2597 93
      vertex 132.363 23.7403 93
      vertex 132.401 23.483 93
    endloop
  endfacet
  facet normal 0 -0 1
    outer loop
      vertex 132.363 23.7403 93
      vertex 132.363 24.2597 93
      vertex 132.35 24 93
    endloop
  endfacet
  facet normal 0.671084 0.741381 -0
    outer loop
      vertex 133.319 21.9515 93
      vertex 133.126 22.1262 100
      vertex 133.319 21.9515 100
    endloop
  endfacet
  facet normal 0.671084 0.741381 0
    outer loop
      vertex 133.126 22.1262 100
      vertex 133.319 21.9515 93
      vertex 133.126 22.1262 93
    endloop
  endfacet
  facet normal 0.336677 0.94162 -0
    outer loop
      vertex 134.231 21.4641 93
      vertex 133.986 21.5517 100
      vertex 134.231 21.4641 100
    endloop
  endfacet
  facet normal 0.336677 0.94162 0
    outer loop
      vertex 133.986 21.5517 100
      vertex 134.231 21.4641 93
      vertex 133.986 21.5517 93
    endloop
  endfacet
  facet normal 0.24326 0.969961 -0
    outer loop
      vertex 134.483 21.4009 93
      vertex 134.231 21.4641 100
      vertex 134.483 21.4009 100
    endloop
  endfacet
  facet normal 0.24326 0.969961 0
    outer loop
      vertex 134.231 21.4641 100
      vertex 134.483 21.4009 93
      vertex 134.231 21.4641 93
    endloop
  endfacet
  facet normal 0.427723 0.90391 -0
    outer loop
      vertex 133.986 21.5517 93
      vertex 133.751 21.6629 100
      vertex 133.986 21.5517 100
    endloop
  endfacet
  facet normal 0.427723 0.90391 0
    outer loop
      vertex 133.751 21.6629 100
      vertex 133.986 21.5517 93
      vertex 133.751 21.6629 93
    endloop
  endfacet
  facet normal -0.989143 -0.146958 0
    outer loop
      vertex 78.2344 149.319 0
      vertex 78.1876 149.634 6.2
      vertex 78.1876 149.634 0
    endloop
  endfacet
  facet normal -0.989143 -0.146958 0
    outer loop
      vertex 78.1876 149.634 6.2
      vertex 78.2344 149.319 0
      vertex 78.2344 149.319 6.2
    endloop
  endfacet
  facet normal -0.998806 -0.0488445 0
    outer loop
      vertex 78.25 149 0
      vertex 78.2344 149.319 6.2
      vertex 78.2344 149.319 0
    endloop
  endfacet
  facet normal -0.998806 -0.0488445 0
    outer loop
      vertex 78.2344 149.319 6.2
      vertex 78.25 149 0
      vertex 78.25 149 6.2
    endloop
  endfacet
  facet normal -0.969958 -0.243274 0
    outer loop
      vertex 78.1876 149.634 0
      vertex 78.1101 149.943 6.2
      vertex 78.1101 149.943 0
    endloop
  endfacet
  facet normal -0.969958 -0.243274 0
    outer loop
      vertex 78.1101 149.943 6.2
      vertex 78.1876 149.634 0
      vertex 78.1876 149.634 6.2
    endloop
  endfacet
  facet normal 0.244452 -0.969661 0
    outer loop
      vertex 74.0566 152.11 0
      vertex 74.366 152.188 6.2
      vertex 74.0566 152.11 6.2
    endloop
  endfacet
  facet normal 0.244452 -0.969661 0
    outer loop
      vertex 74.366 152.188 6.2
      vertex 74.0566 152.11 0
      vertex 74.366 152.188 0
    endloop
  endfacet
  facet normal 0.14432 -0.989531 0
    outer loop
      vertex 74.366 152.188 0
      vertex 74.6814 152.234 6.2
      vertex 74.366 152.188 6.2
    endloop
  endfacet
  facet normal 0.14432 -0.989531 0
    outer loop
      vertex 74.6814 152.234 6.2
      vertex 74.366 152.188 0
      vertex 74.6814 152.234 0
    endloop
  endfacet
  facet normal -0.803001 -0.595977 0
    outer loop
      vertex 77.7023 150.806 0
      vertex 77.5123 151.062 6.2
      vertex 77.5123 151.062 0
    endloop
  endfacet
  facet normal -0.803001 -0.595977 0
    outer loop
      vertex 77.5123 151.062 6.2
      vertex 77.7023 150.806 0
      vertex 77.7023 150.806 6.2
    endloop
  endfacet
  facet normal -0.998806 0.0488445 0
    outer loop
      vertex 78.2344 148.681 0
      vertex 78.25 149 6.2
      vertex 78.25 149 0
    endloop
  endfacet
  facet normal -0.998806 0.0488445 0
    outer loop
      vertex 78.25 149 6.2
      vertex 78.2344 148.681 0
      vertex 78.2344 148.681 6.2
    endloop
  endfacet
  facet normal -0.903763 0.428032 0
    outer loop
      vertex 77.8662 147.468 0
      vertex 78.0026 147.756 6.2
      vertex 78.0026 147.756 0
    endloop
  endfacet
  facet normal -0.903763 0.428032 0
    outer loop
      vertex 78.0026 147.756 6.2
      vertex 77.8662 147.468 0
      vertex 77.8662 147.468 6.2
    endloop
  endfacet
  facet normal 0.903763 0.428032 0
    outer loop
      vertex 72.1338 147.468 6.2
      vertex 71.9974 147.756 0
      vertex 71.9974 147.756 6.2
    endloop
  endfacet
  facet normal 0.903763 0.428032 0
    outer loop
      vertex 71.9974 147.756 0
      vertex 72.1338 147.468 6.2
      vertex 72.1338 147.468 0
    endloop
  endfacet
  facet normal -0.335641 0.94199 0
    outer loop
      vertex 76.2437 145.997 0
      vertex 75.9434 145.89 6.2
      vertex 76.2437 145.997 6.2
    endloop
  endfacet
  facet normal -0.335641 0.94199 0
    outer loop
      vertex 75.9434 145.89 6.2
      vertex 76.2437 145.997 0
      vertex 75.9434 145.89 0
    endloop
  endfacet
  facet normal -0.429204 0.903208 0
    outer loop
      vertex 76.532 146.134 0
      vertex 76.2437 145.997 6.2
      vertex 76.532 146.134 6.2
    endloop
  endfacet
  facet normal -0.429204 0.903208 0
    outer loop
      vertex 76.2437 145.997 6.2
      vertex 76.532 146.134 0
      vertex 76.2437 145.997 0
    endloop
  endfacet
  facet normal 0.858183 -0.513344 0
    outer loop
      vertex 72.1338 150.532 6.2
      vertex 72.2977 150.806 0
      vertex 72.2977 150.806 6.2
    endloop
  endfacet
  facet normal 0.858183 -0.513344 0
    outer loop
      vertex 72.2977 150.806 0
      vertex 72.1338 150.532 6.2
      vertex 72.1338 150.532 0
    endloop
  endfacet
  facet normal -0.244452 -0.969661 0
    outer loop
      vertex 75.634 152.188 0
      vertex 75.9434 152.11 6.2
      vertex 75.634 152.188 6.2
    endloop
  endfacet
  facet normal -0.244452 -0.969661 -0
    outer loop
      vertex 75.9434 152.11 6.2
      vertex 75.634 152.188 0
      vertex 75.9434 152.11 0
    endloop
  endfacet
  facet normal 0.0501565 -0.998741 0
    outer loop
      vertex 74.6814 152.234 0
      vertex 75 152.25 6.2
      vertex 74.6814 152.234 6.2
    endloop
  endfacet
  facet normal 0.0501565 -0.998741 0
    outer loop
      vertex 75 152.25 6.2
      vertex 74.6814 152.234 0
      vertex 75 152.25 0
    endloop
  endfacet
  facet normal 0.941742 -0.336336 0
    outer loop
      vertex 71.8899 149.943 6.2
      vertex 71.9974 150.244 0
      vertex 71.9974 150.244 6.2
    endloop
  endfacet
  facet normal 0.941742 -0.336336 0
    outer loop
      vertex 71.9974 150.244 0
      vertex 71.8899 149.943 6.2
      vertex 71.8899 149.943 0
    endloop
  endfacet
  facet normal 0.429204 -0.903208 0
    outer loop
      vertex 73.468 151.866 0
      vertex 73.7563 152.003 6.2
      vertex 73.468 151.866 6.2
    endloop
  endfacet
  facet normal 0.429204 -0.903208 0
    outer loop
      vertex 73.7563 152.003 6.2
      vertex 73.468 151.866 0
      vertex 73.7563 152.003 0
    endloop
  endfacet
  facet normal -0.335641 -0.94199 0
    outer loop
      vertex 75.9434 152.11 0
      vertex 76.2437 152.003 6.2
      vertex 75.9434 152.11 6.2
    endloop
  endfacet
  facet normal -0.335641 -0.94199 -0
    outer loop
      vertex 76.2437 152.003 6.2
      vertex 75.9434 152.11 0
      vertex 76.2437 152.003 0
    endloop
  endfacet
  facet normal 0.514127 -0.857714 0
    outer loop
      vertex 73.1944 151.702 0
      vertex 73.468 151.866 6.2
      vertex 73.1944 151.702 6.2
    endloop
  endfacet
  facet normal 0.514127 -0.857714 0
    outer loop
      vertex 73.468 151.866 6.2
      vertex 73.1944 151.702 0
      vertex 73.468 151.866 0
    endloop
  endfacet
  facet normal 0.941742 0.336336 0
    outer loop
      vertex 71.9974 147.756 6.2
      vertex 71.8899 148.057 0
      vertex 71.8899 148.057 6.2
    endloop
  endfacet
  facet normal 0.941742 0.336336 0
    outer loop
      vertex 71.8899 148.057 0
      vertex 71.9974 147.756 6.2
      vertex 71.9974 147.756 0
    endloop
  endfacet
  facet normal 0.335641 -0.94199 0
    outer loop
      vertex 73.7563 152.003 0
      vertex 74.0566 152.11 6.2
      vertex 73.7563 152.003 6.2
    endloop
  endfacet
  facet normal 0.335641 -0.94199 0
    outer loop
      vertex 74.0566 152.11 6.2
      vertex 73.7563 152.003 0
      vertex 74.0566 152.11 0
    endloop
  endfacet
  facet normal -0.903763 -0.428032 0
    outer loop
      vertex 78.0026 150.244 0
      vertex 77.8662 150.532 6.2
      vertex 77.8662 150.532 0
    endloop
  endfacet
  facet normal -0.903763 -0.428032 0
    outer loop
      vertex 77.8662 150.532 6.2
      vertex 78.0026 150.244 0
      vertex 78.0026 150.244 6.2
    endloop
  endfacet
  facet normal 0.335641 0.94199 -0
    outer loop
      vertex 74.0566 145.89 0
      vertex 73.7563 145.997 6.2
      vertex 74.0566 145.89 6.2
    endloop
  endfacet
  facet normal 0.335641 0.94199 0
    outer loop
      vertex 73.7563 145.997 6.2
      vertex 74.0566 145.89 0
      vertex 73.7563 145.997 0
    endloop
  endfacet
  facet normal 0.595677 -0.803224 0
    outer loop
      vertex 72.9382 151.512 0
      vertex 73.1944 151.702 6.2
      vertex 72.9382 151.512 6.2
    endloop
  endfacet
  facet normal 0.595677 -0.803224 0
    outer loop
      vertex 73.1944 151.702 6.2
      vertex 72.9382 151.512 0
      vertex 73.1944 151.702 0
    endloop
  endfacet
  facet normal -0.941742 -0.336336 0
    outer loop
      vertex 78.1101 149.943 0
      vertex 78.0026 150.244 6.2
      vertex 78.0026 150.244 0
    endloop
  endfacet
  facet normal -0.941742 -0.336336 0
    outer loop
      vertex 78.0026 150.244 6.2
      vertex 78.1101 149.943 0
      vertex 78.1101 149.943 6.2
    endloop
  endfacet
  facet normal 0.903763 -0.428032 0
    outer loop
      vertex 71.9974 150.244 6.2
      vertex 72.1338 150.532 0
      vertex 72.1338 150.532 6.2
    endloop
  endfacet
  facet normal 0.903763 -0.428032 0
    outer loop
      vertex 72.1338 150.532 0
      vertex 71.9974 150.244 6.2
      vertex 71.9974 150.244 0
    endloop
  endfacet
  facet normal -0.595677 -0.803224 0
    outer loop
      vertex 76.8056 151.702 0
      vertex 77.0618 151.512 6.2
      vertex 76.8056 151.702 6.2
    endloop
  endfacet
  facet normal -0.595677 -0.803224 -0
    outer loop
      vertex 77.0618 151.512 6.2
      vertex 76.8056 151.702 0
      vertex 77.0618 151.512 0
    endloop
  endfacet
  facet normal -0.941742 0.336336 0
    outer loop
      vertex 78.0026 147.756 0
      vertex 78.1101 148.057 6.2
      vertex 78.1101 148.057 0
    endloop
  endfacet
  facet normal -0.941742 0.336336 0
    outer loop
      vertex 78.1101 148.057 6.2
      vertex 78.0026 147.756 0
      vertex 78.0026 147.756 6.2
    endloop
  endfacet
  facet normal 0.969958 0.243274 0
    outer loop
      vertex 71.8899 148.057 6.2
      vertex 71.8124 148.366 0
      vertex 71.8124 148.366 6.2
    endloop
  endfacet
  facet normal 0.969958 0.243274 0
    outer loop
      vertex 71.8124 148.366 0
      vertex 71.8899 148.057 6.2
      vertex 71.8899 148.057 0
    endloop
  endfacet
  facet normal 0.989143 -0.146958 0
    outer loop
      vertex 71.7656 149.319 6.2
      vertex 71.8124 149.634 0
      vertex 71.8124 149.634 6.2
    endloop
  endfacet
  facet normal 0.989143 -0.146958 0
    outer loop
      vertex 71.8124 149.634 0
      vertex 71.7656 149.319 6.2
      vertex 71.7656 149.319 0
    endloop
  endfacet
  facet normal 0.671266 0.741216 -0
    outer loop
      vertex 72.9382 146.488 0
      vertex 72.7019 146.702 6.2
      vertex 72.9382 146.488 6.2
    endloop
  endfacet
  facet normal 0.671266 0.741216 0
    outer loop
      vertex 72.7019 146.702 6.2
      vertex 72.9382 146.488 0
      vertex 72.7019 146.702 0
    endloop
  endfacet
  facet normal -0.671266 -0.741216 0
    outer loop
      vertex 77.0618 151.512 0
      vertex 77.2981 151.298 6.2
      vertex 77.0618 151.512 6.2
    endloop
  endfacet
  facet normal -0.671266 -0.741216 -0
    outer loop
      vertex 77.2981 151.298 6.2
      vertex 77.0618 151.512 0
      vertex 77.2981 151.298 0
    endloop
  endfacet
  facet normal -0.803001 0.595977 0
    outer loop
      vertex 77.5123 146.938 0
      vertex 77.7023 147.194 6.2
      vertex 77.7023 147.194 0
    endloop
  endfacet
  facet normal -0.803001 0.595977 0
    outer loop
      vertex 77.7023 147.194 6.2
      vertex 77.5123 146.938 0
      vertex 77.5123 146.938 6.2
    endloop
  endfacet
  facet normal -0.969958 0.243274 0
    outer loop
      vertex 78.1101 148.057 0
      vertex 78.1876 148.366 6.2
      vertex 78.1876 148.366 0
    endloop
  endfacet
  facet normal -0.969958 0.243274 0
    outer loop
      vertex 78.1876 148.366 6.2
      vertex 78.1101 148.057 0
      vertex 78.1101 148.057 6.2
    endloop
  endfacet
  facet normal -0.244452 0.969661 0
    outer loop
      vertex 75.9434 145.89 0
      vertex 75.634 145.812 6.2
      vertex 75.9434 145.89 6.2
    endloop
  endfacet
  facet normal -0.244452 0.969661 0
    outer loop
      vertex 75.634 145.812 6.2
      vertex 75.9434 145.89 0
      vertex 75.634 145.812 0
    endloop
  endfacet
  facet normal 0.244452 0.969661 -0
    outer loop
      vertex 74.366 145.812 0
      vertex 74.0566 145.89 6.2
      vertex 74.366 145.812 6.2
    endloop
  endfacet
  facet normal 0.244452 0.969661 0
    outer loop
      vertex 74.0566 145.89 6.2
      vertex 74.366 145.812 0
      vertex 74.0566 145.89 0
    endloop
  endfacet
  facet normal -0.429204 -0.903208 0
    outer loop
      vertex 76.2437 152.003 0
      vertex 76.532 151.866 6.2
      vertex 76.2437 152.003 6.2
    endloop
  endfacet
  facet normal -0.429204 -0.903208 -0
    outer loop
      vertex 76.532 151.866 6.2
      vertex 76.2437 152.003 0
      vertex 76.532 151.866 0
    endloop
  endfacet
  facet normal -0.514127 -0.857714 0
    outer loop
      vertex 76.532 151.866 0
      vertex 76.8056 151.702 6.2
      vertex 76.532 151.866 6.2
    endloop
  endfacet
  facet normal -0.514127 -0.857714 -0
    outer loop
      vertex 76.8056 151.702 6.2
      vertex 76.532 151.866 0
      vertex 76.8056 151.702 0
    endloop
  endfacet
  facet normal 0.803001 0.595977 0
    outer loop
      vertex 72.4877 146.938 6.2
      vertex 72.2977 147.194 0
      vertex 72.2977 147.194 6.2
    endloop
  endfacet
  facet normal 0.803001 0.595977 0
    outer loop
      vertex 72.2977 147.194 0
      vertex 72.4877 146.938 6.2
      vertex 72.4877 146.938 0
    endloop
  endfacet
  facet normal -0.989143 0.146958 0
    outer loop
      vertex 78.1876 148.366 0
      vertex 78.2344 148.681 6.2
      vertex 78.2344 148.681 0
    endloop
  endfacet
  facet normal -0.989143 0.146958 0
    outer loop
      vertex 78.2344 148.681 6.2
      vertex 78.1876 148.366 0
      vertex 78.1876 148.366 6.2
    endloop
  endfacet
  facet normal 0.14432 0.989531 -0
    outer loop
      vertex 74.6814 145.766 0
      vertex 74.366 145.812 6.2
      vertex 74.6814 145.766 6.2
    endloop
  endfacet
  facet normal 0.14432 0.989531 0
    outer loop
      vertex 74.366 145.812 6.2
      vertex 74.6814 145.766 0
      vertex 74.366 145.812 0
    endloop
  endfacet
  facet normal -0.740479 -0.672079 0
    outer loop
      vertex 77.5123 151.062 0
      vertex 77.2981 151.298 6.2
      vertex 77.2981 151.298 0
    endloop
  endfacet
  facet normal -0.740479 -0.672079 0
    outer loop
      vertex 77.2981 151.298 6.2
      vertex 77.5123 151.062 0
      vertex 77.5123 151.062 6.2
    endloop
  endfacet
  facet normal -0.858183 -0.513344 0
    outer loop
      vertex 77.8662 150.532 0
      vertex 77.7023 150.806 6.2
      vertex 77.7023 150.806 0
    endloop
  endfacet
  facet normal -0.858183 -0.513344 0
    outer loop
      vertex 77.7023 150.806 6.2
      vertex 77.8662 150.532 0
      vertex 77.8662 150.532 6.2
    endloop
  endfacet
  facet normal 0.671266 -0.741216 0
    outer loop
      vertex 72.7019 151.298 0
      vertex 72.9382 151.512 6.2
      vertex 72.7019 151.298 6.2
    endloop
  endfacet
  facet normal 0.671266 -0.741216 0
    outer loop
      vertex 72.9382 151.512 6.2
      vertex 72.7019 151.298 0
      vertex 72.9382 151.512 0
    endloop
  endfacet
  facet normal 0.0501565 0.998741 -0
    outer loop
      vertex 75 145.75 0
      vertex 74.6814 145.766 6.2
      vertex 75 145.75 6.2
    endloop
  endfacet
  facet normal 0.0501565 0.998741 0
    outer loop
      vertex 74.6814 145.766 6.2
      vertex 75 145.75 0
      vertex 74.6814 145.766 0
    endloop
  endfacet
  facet normal -0.858183 0.513344 0
    outer loop
      vertex 77.7023 147.194 0
      vertex 77.8662 147.468 6.2
      vertex 77.8662 147.468 0
    endloop
  endfacet
  facet normal -0.858183 0.513344 0
    outer loop
      vertex 77.8662 147.468 6.2
      vertex 77.7023 147.194 0
      vertex 77.7023 147.194 6.2
    endloop
  endfacet
  facet normal 0.998806 0.0488445 0
    outer loop
      vertex 71.7656 148.681 6.2
      vertex 71.75 149 0
      vertex 71.75 149 6.2
    endloop
  endfacet
  facet normal 0.998806 0.0488445 0
    outer loop
      vertex 71.75 149 0
      vertex 71.7656 148.681 6.2
      vertex 71.7656 148.681 0
    endloop
  endfacet
  facet normal 0.740479 -0.672079 0
    outer loop
      vertex 72.4877 151.062 6.2
      vertex 72.7019 151.298 0
      vertex 72.7019 151.298 6.2
    endloop
  endfacet
  facet normal 0.740479 -0.672079 0
    outer loop
      vertex 72.7019 151.298 0
      vertex 72.4877 151.062 6.2
      vertex 72.4877 151.062 0
    endloop
  endfacet
  facet normal 0.429204 0.903208 -0
    outer loop
      vertex 73.7563 145.997 0
      vertex 73.468 146.134 6.2
      vertex 73.7563 145.997 6.2
    endloop
  endfacet
  facet normal 0.429204 0.903208 0
    outer loop
      vertex 73.468 146.134 6.2
      vertex 73.7563 145.997 0
      vertex 73.468 146.134 0
    endloop
  endfacet
  facet normal 0.740479 0.672079 0
    outer loop
      vertex 72.7019 146.702 6.2
      vertex 72.4877 146.938 0
      vertex 72.4877 146.938 6.2
    endloop
  endfacet
  facet normal 0.740479 0.672079 0
    outer loop
      vertex 72.4877 146.938 0
      vertex 72.7019 146.702 6.2
      vertex 72.7019 146.702 0
    endloop
  endfacet
  facet normal 0.989143 0.146958 0
    outer loop
      vertex 71.8124 148.366 6.2
      vertex 71.7656 148.681 0
      vertex 71.7656 148.681 6.2
    endloop
  endfacet
  facet normal 0.989143 0.146958 0
    outer loop
      vertex 71.7656 148.681 0
      vertex 71.8124 148.366 6.2
      vertex 71.8124 148.366 0
    endloop
  endfacet
  facet normal -0.0501565 0.998741 0
    outer loop
      vertex 75.3186 145.766 0
      vertex 75 145.75 6.2
      vertex 75.3186 145.766 6.2
    endloop
  endfacet
  facet normal -0.0501565 0.998741 0
    outer loop
      vertex 75 145.75 6.2
      vertex 75.3186 145.766 0
      vertex 75 145.75 0
    endloop
  endfacet
  facet normal -0.740479 0.672079 0
    outer loop
      vertex 77.2981 146.702 0
      vertex 77.5123 146.938 6.2
      vertex 77.5123 146.938 0
    endloop
  endfacet
  facet normal -0.740479 0.672079 0
    outer loop
      vertex 77.5123 146.938 6.2
      vertex 77.2981 146.702 0
      vertex 77.2981 146.702 6.2
    endloop
  endfacet
  facet normal -0.14432 -0.989531 0
    outer loop
      vertex 75.3186 152.234 0
      vertex 75.634 152.188 6.2
      vertex 75.3186 152.234 6.2
    endloop
  endfacet
  facet normal -0.14432 -0.989531 -0
    outer loop
      vertex 75.634 152.188 6.2
      vertex 75.3186 152.234 0
      vertex 75.634 152.188 0
    endloop
  endfacet
  facet normal 0.969958 -0.243274 0
    outer loop
      vertex 71.8124 149.634 6.2
      vertex 71.8899 149.943 0
      vertex 71.8899 149.943 6.2
    endloop
  endfacet
  facet normal 0.969958 -0.243274 0
    outer loop
      vertex 71.8899 149.943 0
      vertex 71.8124 149.634 6.2
      vertex 71.8124 149.634 0
    endloop
  endfacet
  facet normal -0.595677 0.803224 0
    outer loop
      vertex 77.0618 146.488 0
      vertex 76.8056 146.298 6.2
      vertex 77.0618 146.488 6.2
    endloop
  endfacet
  facet normal -0.595677 0.803224 0
    outer loop
      vertex 76.8056 146.298 6.2
      vertex 77.0618 146.488 0
      vertex 76.8056 146.298 0
    endloop
  endfacet
  facet normal -0.0501565 -0.998741 0
    outer loop
      vertex 75 152.25 0
      vertex 75.3186 152.234 6.2
      vertex 75 152.25 6.2
    endloop
  endfacet
  facet normal -0.0501565 -0.998741 -0
    outer loop
      vertex 75.3186 152.234 6.2
      vertex 75 152.25 0
      vertex 75.3186 152.234 0
    endloop
  endfacet
  facet normal 0.514127 0.857714 -0
    outer loop
      vertex 73.468 146.134 0
      vertex 73.1944 146.298 6.2
      vertex 73.468 146.134 6.2
    endloop
  endfacet
  facet normal 0.514127 0.857714 0
    outer loop
      vertex 73.1944 146.298 6.2
      vertex 73.468 146.134 0
      vertex 73.1944 146.298 0
    endloop
  endfacet
  facet normal -0.14432 0.989531 0
    outer loop
      vertex 75.634 145.812 0
      vertex 75.3186 145.766 6.2
      vertex 75.634 145.812 6.2
    endloop
  endfacet
  facet normal -0.14432 0.989531 0
    outer loop
      vertex 75.3186 145.766 6.2
      vertex 75.634 145.812 0
      vertex 75.3186 145.766 0
    endloop
  endfacet
  facet normal 0.595677 0.803224 -0
    outer loop
      vertex 73.1944 146.298 0
      vertex 72.9382 146.488 6.2
      vertex 73.1944 146.298 6.2
    endloop
  endfacet
  facet normal 0.595677 0.803224 0
    outer loop
      vertex 72.9382 146.488 6.2
      vertex 73.1944 146.298 0
      vertex 72.9382 146.488 0
    endloop
  endfacet
  facet normal 0.858183 0.513344 0
    outer loop
      vertex 72.2977 147.194 6.2
      vertex 72.1338 147.468 0
      vertex 72.1338 147.468 6.2
    endloop
  endfacet
  facet normal 0.858183 0.513344 0
    outer loop
      vertex 72.1338 147.468 0
      vertex 72.2977 147.194 6.2
      vertex 72.2977 147.194 0
    endloop
  endfacet
  facet normal -0.514127 0.857714 0
    outer loop
      vertex 76.8056 146.298 0
      vertex 76.532 146.134 6.2
      vertex 76.8056 146.298 6.2
    endloop
  endfacet
  facet normal -0.514127 0.857714 0
    outer loop
      vertex 76.532 146.134 6.2
      vertex 76.8056 146.298 0
      vertex 76.532 146.134 0
    endloop
  endfacet
  facet normal -0.671266 0.741216 0
    outer loop
      vertex 77.2981 146.702 0
      vertex 77.0618 146.488 6.2
      vertex 77.2981 146.702 6.2
    endloop
  endfacet
  facet normal -0.671266 0.741216 0
    outer loop
      vertex 77.0618 146.488 6.2
      vertex 77.2981 146.702 0
      vertex 77.0618 146.488 0
    endloop
  endfacet
  facet normal 0.998806 -0.0488445 0
    outer loop
      vertex 71.75 149 6.2
      vertex 71.7656 149.319 0
      vertex 71.7656 149.319 6.2
    endloop
  endfacet
  facet normal 0.998806 -0.0488445 0
    outer loop
      vertex 71.7656 149.319 0
      vertex 71.75 149 6.2
      vertex 71.75 149 0
    endloop
  endfacet
  facet normal 0.803001 -0.595977 0
    outer loop
      vertex 72.2977 150.806 6.2
      vertex 72.4877 151.062 0
      vertex 72.4877 151.062 6.2
    endloop
  endfacet
  facet normal 0.803001 -0.595977 0
    outer loop
      vertex 72.4877 151.062 0
      vertex 72.2977 150.806 6.2
      vertex 72.2977 150.806 0
    endloop
  endfacet
  facet normal 0.337031 0.941493 -0
    outer loop
      vertex 73.1132 142.78 6.2
      vertex 72.5126 142.995 11.2
      vertex 73.1132 142.78 11.2
    endloop
  endfacet
  facet normal 0.337031 0.941493 0
    outer loop
      vertex 72.5126 142.995 11.2
      vertex 73.1132 142.78 6.2
      vertex 72.5126 142.995 6.2
    endloop
  endfacet
  facet normal 0.595677 -0.803224 0
    outer loop
      vertex 70.8764 154.025 6.2
      vertex 71.3888 154.405 11.2
      vertex 70.8764 154.025 11.2
    endloop
  endfacet
  facet normal 0.595677 -0.803224 0
    outer loop
      vertex 71.3888 154.405 11.2
      vertex 70.8764 154.025 6.2
      vertex 71.3888 154.405 6.2
    endloop
  endfacet
  facet normal -0.989177 -0.14673 0
    outer loop
      vertex 81.4687 149.637 6.2
      vertex 81.3751 150.268 11.2
      vertex 81.3751 150.268 6.2
    endloop
  endfacet
  facet normal -0.989177 -0.14673 0
    outer loop
      vertex 81.3751 150.268 11.2
      vertex 81.4687 149.637 6.2
      vertex 81.4687 149.637 11.2
    endloop
  endfacet
  facet normal -0.998795 -0.0490774 0
    outer loop
      vertex 81.5 149 6.2
      vertex 81.4687 149.637 11.2
      vertex 81.4687 149.637 6.2
    endloop
  endfacet
  facet normal -0.998795 -0.0490774 0
    outer loop
      vertex 81.4687 149.637 11.2
      vertex 81.5 149 6.2
      vertex 81.5 149 11.2
    endloop
  endfacet
  facet normal -0.97005 -0.242904 0
    outer loop
      vertex 81.3751 150.268 6.2
      vertex 81.2201 150.887 11.2
      vertex 81.2201 150.887 6.2
    endloop
  endfacet
  facet normal -0.97005 -0.242904 0
    outer loop
      vertex 81.2201 150.887 11.2
      vertex 81.3751 150.268 6.2
      vertex 81.3751 150.268 11.2
    endloop
  endfacet
  facet normal -0.147344 -0.989085 0
    outer loop
      vertex 75.6371 155.469 6.2
      vertex 76.2681 155.375 11.2
      vertex 75.6371 155.469 11.2
    endloop
  endfacet
  facet normal -0.147344 -0.989085 -0
    outer loop
      vertex 76.2681 155.375 11.2
      vertex 75.6371 155.469 6.2
      vertex 76.2681 155.375 6.2
    endloop
  endfacet
  facet normal 0.147344 -0.989085 0
    outer loop
      vertex 73.7319 155.375 6.2
      vertex 74.3629 155.469 11.2
      vertex 73.7319 155.375 11.2
    endloop
  endfacet
  facet normal 0.147344 -0.989085 0
    outer loop
      vertex 74.3629 155.469 11.2
      vertex 73.7319 155.375 6.2
      vertex 74.3629 155.469 6.2
    endloop
  endfacet
  facet normal -0.803557 -0.595228 0
    outer loop
      vertex 80.4046 152.611 6.2
      vertex 80.0246 153.124 11.2
      vertex 80.0246 153.124 6.2
    endloop
  endfacet
  facet normal -0.803557 -0.595228 0
    outer loop
      vertex 80.0246 153.124 11.2
      vertex 80.4046 152.611 6.2
      vertex 80.4046 152.611 11.2
    endloop
  endfacet
  facet normal -0.513041 0.858364 0
    outer loop
      vertex 78.6112 143.595 6.2
      vertex 78.0641 143.268 11.2
      vertex 78.6112 143.595 11.2
    endloop
  endfacet
  facet normal -0.513041 0.858364 0
    outer loop
      vertex 78.0641 143.268 11.2
      vertex 78.6112 143.595 6.2
      vertex 78.0641 143.268 6.2
    endloop
  endfacet
  facet normal -0.595677 -0.803224 0
    outer loop
      vertex 78.6112 154.405 6.2
      vertex 79.1236 154.025 11.2
      vertex 78.6112 154.405 11.2
    endloop
  endfacet
  facet normal -0.595677 -0.803224 -0
    outer loop
      vertex 79.1236 154.025 11.2
      vertex 78.6112 154.405 6.2
      vertex 79.1236 154.025 6.2
    endloop
  endfacet
  facet normal -0.998795 0.0490774 0
    outer loop
      vertex 81.4687 148.363 6.2
      vertex 81.5 149 11.2
      vertex 81.5 149 6.2
    endloop
  endfacet
  facet normal -0.998795 0.0490774 0
    outer loop
      vertex 81.5 149 11.2
      vertex 81.4687 148.363 6.2
      vertex 81.4687 148.363 11.2
    endloop
  endfacet
  facet normal 0.243015 -0.970022 0
    outer loop
      vertex 73.1132 155.22 6.2
      vertex 73.7319 155.375 11.2
      vertex 73.1132 155.22 11.2
    endloop
  endfacet
  facet normal 0.243015 -0.970022 0
    outer loop
      vertex 73.7319 155.375 11.2
      vertex 73.1132 155.22 6.2
      vertex 73.7319 155.375 6.2
    endloop
  endfacet
  facet normal -0.427864 -0.903843 0
    outer loop
      vertex 77.4874 155.005 6.2
      vertex 78.0641 154.732 11.2
      vertex 77.4874 155.005 11.2
    endloop
  endfacet
  facet normal -0.427864 -0.903843 -0
    outer loop
      vertex 78.0641 154.732 11.2
      vertex 77.4874 155.005 6.2
      vertex 78.0641 154.732 6.2
    endloop
  endfacet
  facet normal 0.243015 0.970022 -0
    outer loop
      vertex 73.7319 142.625 6.2
      vertex 73.1132 142.78 11.2
      vertex 73.7319 142.625 11.2
    endloop
  endfacet
  facet normal 0.243015 0.970022 0
    outer loop
      vertex 73.1132 142.78 11.2
      vertex 73.7319 142.625 6.2
      vertex 73.1132 142.78 6.2
    endloop
  endfacet
  facet normal 0.989177 0.14673 0
    outer loop
      vertex 68.6249 147.732 11.2
      vertex 68.5313 148.363 6.2
      vertex 68.5313 148.363 11.2
    endloop
  endfacet
  facet normal 0.989177 0.14673 0
    outer loop
      vertex 68.5313 148.363 6.2
      vertex 68.6249 147.732 11.2
      vertex 68.6249 147.732 6.2
    endloop
  endfacet
  facet normal -0.672127 0.740436 0
    outer loop
      vertex 79.5962 144.404 6.2
      vertex 79.1236 143.975 11.2
      vertex 79.5962 144.404 11.2
    endloop
  endfacet
  facet normal -0.672127 0.740436 0
    outer loop
      vertex 79.1236 143.975 11.2
      vertex 79.5962 144.404 6.2
      vertex 79.1236 143.975 6.2
    endloop
  endfacet
  facet normal 0.427864 -0.903843 0
    outer loop
      vertex 71.9359 154.732 6.2
      vertex 72.5126 155.005 11.2
      vertex 71.9359 154.732 11.2
    endloop
  endfacet
  facet normal 0.427864 -0.903843 0
    outer loop
      vertex 72.5126 155.005 11.2
      vertex 71.9359 154.732 6.2
      vertex 72.5126 155.005 6.2
    endloop
  endfacet
  facet normal -0.337031 0.941493 0
    outer loop
      vertex 77.4874 142.995 6.2
      vertex 76.8868 142.78 11.2
      vertex 77.4874 142.995 11.2
    endloop
  endfacet
  facet normal -0.337031 0.941493 0
    outer loop
      vertex 76.8868 142.78 11.2
      vertex 77.4874 142.995 6.2
      vertex 76.8868 142.78 6.2
    endloop
  endfacet
  facet normal 0.904111 -0.427298 0
    outer loop
      vertex 68.9948 151.487 11.2
      vertex 69.2675 152.064 6.2
      vertex 69.2675 152.064 11.2
    endloop
  endfacet
  facet normal 0.904111 -0.427298 0
    outer loop
      vertex 69.2675 152.064 6.2
      vertex 68.9948 151.487 11.2
      vertex 68.9948 151.487 6.2
    endloop
  endfacet
  facet normal 0.803557 0.595228 0
    outer loop
      vertex 69.9754 144.876 11.2
      vertex 69.5954 145.389 6.2
      vertex 69.5954 145.389 11.2
    endloop
  endfacet
  facet normal 0.803557 0.595228 0
    outer loop
      vertex 69.5954 145.389 6.2
      vertex 69.9754 144.876 11.2
      vertex 69.9754 144.876 6.2
    endloop
  endfacet
  facet normal 0.513041 0.858364 -0
    outer loop
      vertex 71.9359 143.268 6.2
      vertex 71.3888 143.595 11.2
      vertex 71.9359 143.268 11.2
    endloop
  endfacet
  facet normal 0.513041 0.858364 0
    outer loop
      vertex 71.3888 143.595 11.2
      vertex 71.9359 143.268 6.2
      vertex 71.3888 143.595 6.2
    endloop
  endfacet
  facet normal -0.803557 0.595228 0
    outer loop
      vertex 80.0246 144.876 6.2
      vertex 80.4046 145.389 11.2
      vertex 80.4046 145.389 6.2
    endloop
  endfacet
  facet normal -0.803557 0.595228 0
    outer loop
      vertex 80.4046 145.389 11.2
      vertex 80.0246 144.876 6.2
      vertex 80.0246 144.876 11.2
    endloop
  endfacet
  facet normal 0.513041 -0.858364 0
    outer loop
      vertex 71.3888 154.405 6.2
      vertex 71.9359 154.732 11.2
      vertex 71.3888 154.405 11.2
    endloop
  endfacet
  facet normal 0.513041 -0.858364 0
    outer loop
      vertex 71.9359 154.732 11.2
      vertex 71.3888 154.405 6.2
      vertex 71.9359 154.732 6.2
    endloop
  endfacet
  facet normal 0.427864 0.903843 -0
    outer loop
      vertex 72.5126 142.995 6.2
      vertex 71.9359 143.268 11.2
      vertex 72.5126 142.995 11.2
    endloop
  endfacet
  facet normal 0.427864 0.903843 0
    outer loop
      vertex 71.9359 143.268 11.2
      vertex 72.5126 142.995 6.2
      vertex 71.9359 143.268 6.2
    endloop
  endfacet
  facet normal 0.595677 0.803224 -0
    outer loop
      vertex 71.3888 143.595 6.2
      vertex 70.8764 143.975 11.2
      vertex 71.3888 143.595 11.2
    endloop
  endfacet
  facet normal 0.595677 0.803224 0
    outer loop
      vertex 70.8764 143.975 11.2
      vertex 71.3888 143.595 6.2
      vertex 70.8764 143.975 6.2
    endloop
  endfacet
  facet normal -0.337031 -0.941493 0
    outer loop
      vertex 76.8868 155.22 6.2
      vertex 77.4874 155.005 11.2
      vertex 76.8868 155.22 11.2
    endloop
  endfacet
  facet normal -0.337031 -0.941493 -0
    outer loop
      vertex 77.4874 155.005 11.2
      vertex 76.8868 155.22 6.2
      vertex 77.4874 155.005 6.2
    endloop
  endfacet
  facet normal 0.740479 0.672079 0
    outer loop
      vertex 70.4038 144.404 11.2
      vertex 69.9754 144.876 6.2
      vertex 69.9754 144.876 11.2
    endloop
  endfacet
  facet normal 0.740479 0.672079 0
    outer loop
      vertex 69.9754 144.876 6.2
      vertex 70.4038 144.404 11.2
      vertex 70.4038 144.404 6.2
    endloop
  endfacet
  facet normal 0.337031 -0.941493 0
    outer loop
      vertex 72.5126 155.005 6.2
      vertex 73.1132 155.22 11.2
      vertex 72.5126 155.005 11.2
    endloop
  endfacet
  facet normal 0.337031 -0.941493 0
    outer loop
      vertex 73.1132 155.22 11.2
      vertex 72.5126 155.005 6.2
      vertex 73.1132 155.22 6.2
    endloop
  endfacet
  facet normal 0.904111 0.427298 0
    outer loop
      vertex 69.2675 145.936 11.2
      vertex 68.9948 146.513 6.2
      vertex 68.9948 146.513 11.2
    endloop
  endfacet
  facet normal 0.904111 0.427298 0
    outer loop
      vertex 68.9948 146.513 6.2
      vertex 69.2675 145.936 11.2
      vertex 69.2675 145.936 6.2
    endloop
  endfacet
  facet normal 0.941436 0.337191 0
    outer loop
      vertex 68.9948 146.513 11.2
      vertex 68.7799 147.113 6.2
      vertex 68.7799 147.113 11.2
    endloop
  endfacet
  facet normal 0.941436 0.337191 0
    outer loop
      vertex 68.7799 147.113 6.2
      vertex 68.9948 146.513 11.2
      vertex 68.9948 146.513 6.2
    endloop
  endfacet
  facet normal -0.904111 -0.427298 0
    outer loop
      vertex 81.0052 151.487 6.2
      vertex 80.7325 152.064 11.2
      vertex 80.7325 152.064 6.2
    endloop
  endfacet
  facet normal -0.904111 -0.427298 0
    outer loop
      vertex 80.7325 152.064 11.2
      vertex 81.0052 151.487 6.2
      vertex 81.0052 151.487 11.2
    endloop
  endfacet
  facet normal 0.97005 0.242904 0
    outer loop
      vertex 68.7799 147.113 11.2
      vertex 68.6249 147.732 6.2
      vertex 68.6249 147.732 11.2
    endloop
  endfacet
  facet normal 0.97005 0.242904 0
    outer loop
      vertex 68.6249 147.732 6.2
      vertex 68.7799 147.113 11.2
      vertex 68.7799 147.113 6.2
    endloop
  endfacet
  facet normal -0.672127 -0.740436 0
    outer loop
      vertex 79.1236 154.025 6.2
      vertex 79.5962 153.596 11.2
      vertex 79.1236 154.025 11.2
    endloop
  endfacet
  facet normal -0.672127 -0.740436 -0
    outer loop
      vertex 79.5962 153.596 11.2
      vertex 79.1236 154.025 6.2
      vertex 79.5962 153.596 6.2
    endloop
  endfacet
  facet normal 0.672127 0.740436 -0
    outer loop
      vertex 70.8764 143.975 6.2
      vertex 70.4038 144.404 11.2
      vertex 70.8764 143.975 11.2
    endloop
  endfacet
  facet normal 0.672127 0.740436 0
    outer loop
      vertex 70.4038 144.404 11.2
      vertex 70.8764 143.975 6.2
      vertex 70.4038 144.404 6.2
    endloop
  endfacet
  facet normal -0.97005 0.242904 0
    outer loop
      vertex 81.2201 147.113 6.2
      vertex 81.3751 147.732 11.2
      vertex 81.3751 147.732 6.2
    endloop
  endfacet
  facet normal -0.97005 0.242904 0
    outer loop
      vertex 81.3751 147.732 11.2
      vertex 81.2201 147.113 6.2
      vertex 81.2201 147.113 11.2
    endloop
  endfacet
  facet normal -0.740479 0.672079 0
    outer loop
      vertex 79.5962 144.404 6.2
      vertex 80.0246 144.876 11.2
      vertex 80.0246 144.876 6.2
    endloop
  endfacet
  facet normal -0.740479 0.672079 0
    outer loop
      vertex 80.0246 144.876 11.2
      vertex 79.5962 144.404 6.2
      vertex 79.5962 144.404 11.2
    endloop
  endfacet
  facet normal -0.147344 0.989085 0
    outer loop
      vertex 76.2681 142.625 6.2
      vertex 75.6371 142.531 11.2
      vertex 76.2681 142.625 11.2
    endloop
  endfacet
  facet normal -0.147344 0.989085 0
    outer loop
      vertex 75.6371 142.531 11.2
      vertex 76.2681 142.625 6.2
      vertex 75.6371 142.531 6.2
    endloop
  endfacet
  facet normal 0.989177 -0.14673 0
    outer loop
      vertex 68.5313 149.637 11.2
      vertex 68.6249 150.268 6.2
      vertex 68.6249 150.268 11.2
    endloop
  endfacet
  facet normal 0.989177 -0.14673 0
    outer loop
      vertex 68.6249 150.268 6.2
      vertex 68.5313 149.637 11.2
      vertex 68.5313 149.637 6.2
    endloop
  endfacet
  facet normal -0.513041 -0.858364 0
    outer loop
      vertex 78.0641 154.732 6.2
      vertex 78.6112 154.405 11.2
      vertex 78.0641 154.732 11.2
    endloop
  endfacet
  facet normal -0.513041 -0.858364 -0
    outer loop
      vertex 78.6112 154.405 11.2
      vertex 78.0641 154.732 6.2
      vertex 78.6112 154.405 6.2
    endloop
  endfacet
  facet normal 0.97005 -0.242904 0
    outer loop
      vertex 68.6249 150.268 11.2
      vertex 68.7799 150.887 6.2
      vertex 68.7799 150.887 11.2
    endloop
  endfacet
  facet normal 0.97005 -0.242904 0
    outer loop
      vertex 68.7799 150.887 6.2
      vertex 68.6249 150.268 11.2
      vertex 68.6249 150.268 6.2
    endloop
  endfacet
  facet normal -0.941436 -0.337191 0
    outer loop
      vertex 81.2201 150.887 6.2
      vertex 81.0052 151.487 11.2
      vertex 81.0052 151.487 6.2
    endloop
  endfacet
  facet normal -0.941436 -0.337191 0
    outer loop
      vertex 81.0052 151.487 11.2
      vertex 81.2201 150.887 6.2
      vertex 81.2201 150.887 11.2
    endloop
  endfacet
  facet normal -0.243015 -0.970022 0
    outer loop
      vertex 76.2681 155.375 6.2
      vertex 76.8868 155.22 11.2
      vertex 76.2681 155.375 11.2
    endloop
  endfacet
  facet normal -0.243015 -0.970022 -0
    outer loop
      vertex 76.8868 155.22 11.2
      vertex 76.2681 155.375 6.2
      vertex 76.8868 155.22 6.2
    endloop
  endfacet
  facet normal -0.0486005 -0.998818 0
    outer loop
      vertex 75 155.5 6.2
      vertex 75.6371 155.469 11.2
      vertex 75 155.5 11.2
    endloop
  endfacet
  facet normal -0.0486005 -0.998818 -0
    outer loop
      vertex 75.6371 155.469 11.2
      vertex 75 155.5 6.2
      vertex 75.6371 155.469 6.2
    endloop
  endfacet
  facet normal -0.427864 0.903843 0
    outer loop
      vertex 78.0641 143.268 6.2
      vertex 77.4874 142.995 11.2
      vertex 78.0641 143.268 11.2
    endloop
  endfacet
  facet normal -0.427864 0.903843 0
    outer loop
      vertex 77.4874 142.995 11.2
      vertex 78.0641 143.268 6.2
      vertex 77.4874 142.995 6.2
    endloop
  endfacet
  facet normal 0.0486005 -0.998818 0
    outer loop
      vertex 74.3629 155.469 6.2
      vertex 75 155.5 11.2
      vertex 74.3629 155.469 11.2
    endloop
  endfacet
  facet normal 0.0486005 -0.998818 0
    outer loop
      vertex 75 155.5 11.2
      vertex 74.3629 155.469 6.2
      vertex 75 155.5 6.2
    endloop
  endfacet
  facet normal -0.989177 0.14673 0
    outer loop
      vertex 81.3751 147.732 6.2
      vertex 81.4687 148.363 11.2
      vertex 81.4687 148.363 6.2
    endloop
  endfacet
  facet normal -0.989177 0.14673 0
    outer loop
      vertex 81.4687 148.363 11.2
      vertex 81.3751 147.732 6.2
      vertex 81.3751 147.732 11.2
    endloop
  endfacet
  facet normal -0.8577 -0.51415 0
    outer loop
      vertex 80.7325 152.064 6.2
      vertex 80.4046 152.611 11.2
      vertex 80.4046 152.611 6.2
    endloop
  endfacet
  facet normal -0.8577 -0.51415 0
    outer loop
      vertex 80.4046 152.611 11.2
      vertex 80.7325 152.064 6.2
      vertex 80.7325 152.064 11.2
    endloop
  endfacet
  facet normal 0.672127 -0.740436 0
    outer loop
      vertex 70.4038 153.596 6.2
      vertex 70.8764 154.025 11.2
      vertex 70.4038 153.596 11.2
    endloop
  endfacet
  facet normal 0.672127 -0.740436 0
    outer loop
      vertex 70.8764 154.025 11.2
      vertex 70.4038 153.596 6.2
      vertex 70.8764 154.025 6.2
    endloop
  endfacet
  facet normal -0.243015 0.970022 0
    outer loop
      vertex 76.8868 142.78 6.2
      vertex 76.2681 142.625 11.2
      vertex 76.8868 142.78 11.2
    endloop
  endfacet
  facet normal -0.243015 0.970022 0
    outer loop
      vertex 76.2681 142.625 11.2
      vertex 76.8868 142.78 6.2
      vertex 76.2681 142.625 6.2
    endloop
  endfacet
  facet normal 0.0486005 0.998818 -0
    outer loop
      vertex 75 142.5 6.2
      vertex 74.3629 142.531 11.2
      vertex 75 142.5 11.2
    endloop
  endfacet
  facet normal 0.0486005 0.998818 0
    outer loop
      vertex 74.3629 142.531 11.2
      vertex 75 142.5 6.2
      vertex 74.3629 142.531 6.2
    endloop
  endfacet
  facet normal 0.740479 -0.672079 0
    outer loop
      vertex 69.9754 153.124 11.2
      vertex 70.4038 153.596 6.2
      vertex 70.4038 153.596 11.2
    endloop
  endfacet
  facet normal 0.740479 -0.672079 0
    outer loop
      vertex 70.4038 153.596 6.2
      vertex 69.9754 153.124 11.2
      vertex 69.9754 153.124 6.2
    endloop
  endfacet
  facet normal 0.941436 -0.337191 0
    outer loop
      vertex 68.7799 150.887 11.2
      vertex 68.9948 151.487 6.2
      vertex 68.9948 151.487 11.2
    endloop
  endfacet
  facet normal 0.941436 -0.337191 0
    outer loop
      vertex 68.9948 151.487 6.2
      vertex 68.7799 150.887 11.2
      vertex 68.7799 150.887 6.2
    endloop
  endfacet
  facet normal -0.904111 0.427298 0
    outer loop
      vertex 80.7325 145.936 6.2
      vertex 81.0052 146.513 11.2
      vertex 81.0052 146.513 6.2
    endloop
  endfacet
  facet normal -0.904111 0.427298 0
    outer loop
      vertex 81.0052 146.513 11.2
      vertex 80.7325 145.936 6.2
      vertex 80.7325 145.936 11.2
    endloop
  endfacet
  facet normal -0.0486005 0.998818 0
    outer loop
      vertex 75.6371 142.531 6.2
      vertex 75 142.5 11.2
      vertex 75.6371 142.531 11.2
    endloop
  endfacet
  facet normal -0.0486005 0.998818 0
    outer loop
      vertex 75 142.5 11.2
      vertex 75.6371 142.531 6.2
      vertex 75 142.5 6.2
    endloop
  endfacet
  facet normal -0.941436 0.337191 0
    outer loop
      vertex 81.0052 146.513 6.2
      vertex 81.2201 147.113 11.2
      vertex 81.2201 147.113 6.2
    endloop
  endfacet
  facet normal -0.941436 0.337191 0
    outer loop
      vertex 81.2201 147.113 11.2
      vertex 81.0052 146.513 6.2
      vertex 81.0052 146.513 11.2
    endloop
  endfacet
  facet normal 0.998795 -0.0490774 0
    outer loop
      vertex 68.5 149 11.2
      vertex 68.5313 149.637 6.2
      vertex 68.5313 149.637 11.2
    endloop
  endfacet
  facet normal 0.998795 -0.0490774 0
    outer loop
      vertex 68.5313 149.637 6.2
      vertex 68.5 149 11.2
      vertex 68.5 149 6.2
    endloop
  endfacet
  facet normal -0.740479 -0.672079 0
    outer loop
      vertex 80.0246 153.124 6.2
      vertex 79.5962 153.596 11.2
      vertex 79.5962 153.596 6.2
    endloop
  endfacet
  facet normal -0.740479 -0.672079 0
    outer loop
      vertex 79.5962 153.596 11.2
      vertex 80.0246 153.124 6.2
      vertex 80.0246 153.124 11.2
    endloop
  endfacet
  facet normal -0.595677 0.803224 0
    outer loop
      vertex 79.1236 143.975 6.2
      vertex 78.6112 143.595 11.2
      vertex 79.1236 143.975 11.2
    endloop
  endfacet
  facet normal -0.595677 0.803224 0
    outer loop
      vertex 78.6112 143.595 11.2
      vertex 79.1236 143.975 6.2
      vertex 78.6112 143.595 6.2
    endloop
  endfacet
  facet normal -0.8577 0.51415 0
    outer loop
      vertex 80.4046 145.389 6.2
      vertex 80.7325 145.936 11.2
      vertex 80.7325 145.936 6.2
    endloop
  endfacet
  facet normal -0.8577 0.51415 0
    outer loop
      vertex 80.7325 145.936 11.2
      vertex 80.4046 145.389 6.2
      vertex 80.4046 145.389 11.2
    endloop
  endfacet
  facet normal 0.8577 -0.51415 0
    outer loop
      vertex 69.2675 152.064 11.2
      vertex 69.5954 152.611 6.2
      vertex 69.5954 152.611 11.2
    endloop
  endfacet
  facet normal 0.8577 -0.51415 0
    outer loop
      vertex 69.5954 152.611 6.2
      vertex 69.2675 152.064 11.2
      vertex 69.2675 152.064 6.2
    endloop
  endfacet
  facet normal 0.8577 0.51415 0
    outer loop
      vertex 69.5954 145.389 11.2
      vertex 69.2675 145.936 6.2
      vertex 69.2675 145.936 11.2
    endloop
  endfacet
  facet normal 0.8577 0.51415 0
    outer loop
      vertex 69.2675 145.936 6.2
      vertex 69.5954 145.389 11.2
      vertex 69.5954 145.389 6.2
    endloop
  endfacet
  facet normal 0.998795 0.0490774 0
    outer loop
      vertex 68.5313 148.363 11.2
      vertex 68.5 149 6.2
      vertex 68.5 149 11.2
    endloop
  endfacet
  facet normal 0.998795 0.0490774 0
    outer loop
      vertex 68.5 149 6.2
      vertex 68.5313 148.363 11.2
      vertex 68.5313 148.363 6.2
    endloop
  endfacet
  facet normal 0.147344 0.989085 -0
    outer loop
      vertex 74.3629 142.531 6.2
      vertex 73.7319 142.625 11.2
      vertex 74.3629 142.531 11.2
    endloop
  endfacet
  facet normal 0.147344 0.989085 0
    outer loop
      vertex 73.7319 142.625 11.2
      vertex 74.3629 142.531 6.2
      vertex 73.7319 142.625 6.2
    endloop
  endfacet
  facet normal 0.803557 -0.595228 0
    outer loop
      vertex 69.5954 152.611 11.2
      vertex 69.9754 153.124 6.2
      vertex 69.9754 153.124 11.2
    endloop
  endfacet
  facet normal 0.803557 -0.595228 0
    outer loop
      vertex 69.9754 153.124 6.2
      vertex 69.5954 152.611 11.2
      vertex 69.5954 152.611 6.2
    endloop
  endfacet
  facet normal 0 0 1
    outer loop
      vertex 78.25 149 6.2
      vertex 81.5 149 6.2
      vertex 81.4687 149.637 6.2
    endloop
  endfacet
  facet normal 0 0 1
    outer loop
      vertex 78.2344 149.319 6.2
      vertex 81.4687 149.637 6.2
      vertex 81.3751 150.268 6.2
    endloop
  endfacet
  facet normal 0 0 1
    outer loop
      vertex 81.5 149 6.2
      vertex 78.25 149 6.2
      vertex 81.4687 148.363 6.2
    endloop
  endfacet
  facet normal 0 0 1
    outer loop
      vertex 78.1876 149.634 6.2
      vertex 81.3751 150.268 6.2
      vertex 81.2201 150.887 6.2
    endloop
  endfacet
  facet normal -0 0 1
    outer loop
      vertex 78.2344 148.681 6.2
      vertex 81.4687 148.363 6.2
      vertex 78.25 149 6.2
    endloop
  endfacet
  facet normal 0 0 1
    outer loop
      vertex 78.1101 149.943 6.2
      vertex 81.2201 150.887 6.2
      vertex 81.0052 151.487 6.2
    endloop
  endfacet
  facet normal 0 0 1
    outer loop
      vertex 81.4687 148.363 6.2
      vertex 78.2344 148.681 6.2
      vertex 81.3751 147.732 6.2
    endloop
  endfacet
  facet normal 0 0 1
    outer loop
      vertex 78.0026 150.244 6.2
      vertex 81.0052 151.487 6.2
      vertex 80.7325 152.064 6.2
    endloop
  endfacet
  facet normal -0 0 1
    outer loop
      vertex 78.1876 148.366 6.2
      vertex 81.3751 147.732 6.2
      vertex 78.2344 148.681 6.2
    endloop
  endfacet
  facet normal 0 0 1
    outer loop
      vertex 77.8662 150.532 6.2
      vertex 80.7325 152.064 6.2
      vertex 80.4046 152.611 6.2
    endloop
  endfacet
  facet normal 0 0 1
    outer loop
      vertex 81.3751 147.732 6.2
      vertex 78.1876 148.366 6.2
      vertex 81.2201 147.113 6.2
    endloop
  endfacet
  facet normal 0 0 1
    outer loop
      vertex 77.7023 150.806 6.2
      vertex 80.4046 152.611 6.2
      vertex 80.0246 153.124 6.2
    endloop
  endfacet
  facet normal -0 0 1
    outer loop
      vertex 78.1101 148.057 6.2
      vertex 81.2201 147.113 6.2
      vertex 78.1876 148.366 6.2
    endloop
  endfacet
  facet normal 0 0 1
    outer loop
      vertex 77.5123 151.062 6.2
      vertex 80.0246 153.124 6.2
      vertex 79.5962 153.596 6.2
    endloop
  endfacet
  facet normal 0 0 1
    outer loop
      vertex 81.2201 147.113 6.2
      vertex 78.1101 148.057 6.2
      vertex 81.0052 146.513 6.2
    endloop
  endfacet
  facet normal 0 0 1
    outer loop
      vertex 77.2981 151.298 6.2
      vertex 79.5962 153.596 6.2
      vertex 79.1236 154.025 6.2
    endloop
  endfacet
  facet normal -0 0 1
    outer loop
      vertex 78.0026 147.756 6.2
      vertex 81.0052 146.513 6.2
      vertex 78.1101 148.057 6.2
    endloop
  endfacet
  facet normal 0 0 1
    outer loop
      vertex 77.0618 151.512 6.2
      vertex 79.1236 154.025 6.2
      vertex 78.6112 154.405 6.2
    endloop
  endfacet
  facet normal 0 0 1
    outer loop
      vertex 81.0052 146.513 6.2
      vertex 78.0026 147.756 6.2
      vertex 80.7325 145.936 6.2
    endloop
  endfacet
  facet normal -0 0 1
    outer loop
      vertex 77.8662 147.468 6.2
      vertex 80.7325 145.936 6.2
      vertex 78.0026 147.756 6.2
    endloop
  endfacet
  facet normal 0 0 1
    outer loop
      vertex 81.4687 149.637 6.2
      vertex 78.2344 149.319 6.2
      vertex 78.25 149 6.2
    endloop
  endfacet
  facet normal 0 0 1
    outer loop
      vertex 81.3751 150.268 6.2
      vertex 78.1876 149.634 6.2
      vertex 78.2344 149.319 6.2
    endloop
  endfacet
  facet normal 0 0 1
    outer loop
      vertex 81.2201 150.887 6.2
      vertex 78.1101 149.943 6.2
      vertex 78.1876 149.634 6.2
    endloop
  endfacet
  facet normal 0 0 1
    outer loop
      vertex 76.8056 151.702 6.2
      vertex 78.6112 154.405 6.2
      vertex 78.0641 154.732 6.2
    endloop
  endfacet
  facet normal 0 0 1
    outer loop
      vertex 81.0052 151.487 6.2
      vertex 78.0026 150.244 6.2
      vertex 78.1101 149.943 6.2
    endloop
  endfacet
  facet normal 0 0 1
    outer loop
      vertex 80.7325 152.064 6.2
      vertex 77.8662 150.532 6.2
      vertex 78.0026 150.244 6.2
    endloop
  endfacet
  facet normal 0 0 1
    outer loop
      vertex 80.4046 152.611 6.2
      vertex 77.7023 150.806 6.2
      vertex 77.8662 150.532 6.2
    endloop
  endfacet
  facet normal 0 0 1
    outer loop
      vertex 80.0246 153.124 6.2
      vertex 77.5123 151.062 6.2
      vertex 77.7023 150.806 6.2
    endloop
  endfacet
  facet normal 0 0 1
    outer loop
      vertex 76.532 151.866 6.2
      vertex 78.0641 154.732 6.2
      vertex 77.4874 155.005 6.2
    endloop
  endfacet
  facet normal 0 0 1
    outer loop
      vertex 79.5962 153.596 6.2
      vertex 77.2981 151.298 6.2
      vertex 77.5123 151.062 6.2
    endloop
  endfacet
  facet normal 0 0 1
    outer loop
      vertex 79.1236 154.025 6.2
      vertex 77.0618 151.512 6.2
      vertex 77.2981 151.298 6.2
    endloop
  endfacet
  facet normal 0 0 1
    outer loop
      vertex 76.2437 152.003 6.2
      vertex 77.4874 155.005 6.2
      vertex 76.8868 155.22 6.2
    endloop
  endfacet
  facet normal 0 0 1
    outer loop
      vertex 78.6112 154.405 6.2
      vertex 76.8056 151.702 6.2
      vertex 77.0618 151.512 6.2
    endloop
  endfacet
  facet normal 0 0 1
    outer loop
      vertex 78.0641 154.732 6.2
      vertex 76.532 151.866 6.2
      vertex 76.8056 151.702 6.2
    endloop
  endfacet
  facet normal 0 0 1
    outer loop
      vertex 75.9434 152.11 6.2
      vertex 76.8868 155.22 6.2
      vertex 76.2681 155.375 6.2
    endloop
  endfacet
  facet normal 0 0 1
    outer loop
      vertex 77.4874 155.005 6.2
      vertex 76.2437 152.003 6.2
      vertex 76.532 151.866 6.2
    endloop
  endfacet
  facet normal 0 0 1
    outer loop
      vertex 76.8868 155.22 6.2
      vertex 75.9434 152.11 6.2
      vertex 76.2437 152.003 6.2
    endloop
  endfacet
  facet normal 0 0 1
    outer loop
      vertex 75.634 152.188 6.2
      vertex 76.2681 155.375 6.2
      vertex 75.6371 155.469 6.2
    endloop
  endfacet
  facet normal 0 0 1
    outer loop
      vertex 76.2681 155.375 6.2
      vertex 75.634 152.188 6.2
      vertex 75.9434 152.11 6.2
    endloop
  endfacet
  facet normal 0 0 1
    outer loop
      vertex 75.6371 155.469 6.2
      vertex 75.3186 152.234 6.2
      vertex 75.634 152.188 6.2
    endloop
  endfacet
  facet normal 0 0 1
    outer loop
      vertex 75 155.5 6.2
      vertex 75.3186 152.234 6.2
      vertex 75.6371 155.469 6.2
    endloop
  endfacet
  facet normal 0 0 1
    outer loop
      vertex 75 155.5 6.2
      vertex 75 152.25 6.2
      vertex 75.3186 152.234 6.2
    endloop
  endfacet
  facet normal 0 0 1
    outer loop
      vertex 75 155.5 6.2
      vertex 74.6814 152.234 6.2
      vertex 75 152.25 6.2
    endloop
  endfacet
  facet normal -0 0 1
    outer loop
      vertex 74.3629 155.469 6.2
      vertex 74.6814 152.234 6.2
      vertex 75 155.5 6.2
    endloop
  endfacet
  facet normal 0 0 1
    outer loop
      vertex 74.6814 152.234 6.2
      vertex 74.3629 155.469 6.2
      vertex 74.366 152.188 6.2
    endloop
  endfacet
  facet normal -0 0 1
    outer loop
      vertex 73.7319 155.375 6.2
      vertex 74.366 152.188 6.2
      vertex 74.3629 155.469 6.2
    endloop
  endfacet
  facet normal 0 0 1
    outer loop
      vertex 74.366 152.188 6.2
      vertex 73.7319 155.375 6.2
      vertex 74.0566 152.11 6.2
    endloop
  endfacet
  facet normal -0 0 1
    outer loop
      vertex 73.1132 155.22 6.2
      vertex 74.0566 152.11 6.2
      vertex 73.7319 155.375 6.2
    endloop
  endfacet
  facet normal 0 0 1
    outer loop
      vertex 74.0566 152.11 6.2
      vertex 73.1132 155.22 6.2
      vertex 73.7563 152.003 6.2
    endloop
  endfacet
  facet normal -0 0 1
    outer loop
      vertex 72.5126 155.005 6.2
      vertex 73.7563 152.003 6.2
      vertex 73.1132 155.22 6.2
    endloop
  endfacet
  facet normal 0 0 1
    outer loop
      vertex 73.7563 152.003 6.2
      vertex 72.5126 155.005 6.2
      vertex 73.468 151.866 6.2
    endloop
  endfacet
  facet normal -0 0 1
    outer loop
      vertex 71.9359 154.732 6.2
      vertex 73.468 151.866 6.2
      vertex 72.5126 155.005 6.2
    endloop
  endfacet
  facet normal 0 0 1
    outer loop
      vertex 73.468 151.866 6.2
      vertex 71.9359 154.732 6.2
      vertex 73.1944 151.702 6.2
    endloop
  endfacet
  facet normal -0 0 1
    outer loop
      vertex 71.3888 154.405 6.2
      vertex 73.1944 151.702 6.2
      vertex 71.9359 154.732 6.2
    endloop
  endfacet
  facet normal 0 0 1
    outer loop
      vertex 73.1944 151.702 6.2
      vertex 71.3888 154.405 6.2
      vertex 72.9382 151.512 6.2
    endloop
  endfacet
  facet normal -0 0 1
    outer loop
      vertex 70.8764 154.025 6.2
      vertex 72.9382 151.512 6.2
      vertex 71.3888 154.405 6.2
    endloop
  endfacet
  facet normal 0 0 1
    outer loop
      vertex 72.9382 151.512 6.2
      vertex 70.8764 154.025 6.2
      vertex 72.7019 151.298 6.2
    endloop
  endfacet
  facet normal -0 0 1
    outer loop
      vertex 70.4038 153.596 6.2
      vertex 72.7019 151.298 6.2
      vertex 70.8764 154.025 6.2
    endloop
  endfacet
  facet normal 0 0 1
    outer loop
      vertex 72.7019 151.298 6.2
      vertex 70.4038 153.596 6.2
      vertex 72.4877 151.062 6.2
    endloop
  endfacet
  facet normal -0 0 1
    outer loop
      vertex 69.9754 153.124 6.2
      vertex 72.4877 151.062 6.2
      vertex 70.4038 153.596 6.2
    endloop
  endfacet
  facet normal 0 0 1
    outer loop
      vertex 72.4877 151.062 6.2
      vertex 69.9754 153.124 6.2
      vertex 72.2977 150.806 6.2
    endloop
  endfacet
  facet normal -0 0 1
    outer loop
      vertex 69.5954 152.611 6.2
      vertex 72.2977 150.806 6.2
      vertex 69.9754 153.124 6.2
    endloop
  endfacet
  facet normal 0 0 1
    outer loop
      vertex 72.2977 150.806 6.2
      vertex 69.5954 152.611 6.2
      vertex 72.1338 150.532 6.2
    endloop
  endfacet
  facet normal -0 0 1
    outer loop
      vertex 69.2675 152.064 6.2
      vertex 72.1338 150.532 6.2
      vertex 69.5954 152.611 6.2
    endloop
  endfacet
  facet normal 0 0 1
    outer loop
      vertex 80.7325 145.936 6.2
      vertex 77.8662 147.468 6.2
      vertex 80.4046 145.389 6.2
    endloop
  endfacet
  facet normal -0 0 1
    outer loop
      vertex 77.7023 147.194 6.2
      vertex 80.4046 145.389 6.2
      vertex 77.8662 147.468 6.2
    endloop
  endfacet
  facet normal 0 0 1
    outer loop
      vertex 80.4046 145.389 6.2
      vertex 77.7023 147.194 6.2
      vertex 80.0246 144.876 6.2
    endloop
  endfacet
  facet normal -0 0 1
    outer loop
      vertex 77.5123 146.938 6.2
      vertex 80.0246 144.876 6.2
      vertex 77.7023 147.194 6.2
    endloop
  endfacet
  facet normal 0 0 1
    outer loop
      vertex 80.0246 144.876 6.2
      vertex 77.5123 146.938 6.2
      vertex 79.5962 144.404 6.2
    endloop
  endfacet
  facet normal -0 0 1
    outer loop
      vertex 77.2981 146.702 6.2
      vertex 79.5962 144.404 6.2
      vertex 77.5123 146.938 6.2
    endloop
  endfacet
  facet normal 0 0 1
    outer loop
      vertex 79.5962 144.404 6.2
      vertex 77.2981 146.702 6.2
      vertex 79.1236 143.975 6.2
    endloop
  endfacet
  facet normal -0 0 1
    outer loop
      vertex 77.0618 146.488 6.2
      vertex 79.1236 143.975 6.2
      vertex 77.2981 146.702 6.2
    endloop
  endfacet
  facet normal 0 0 1
    outer loop
      vertex 79.1236 143.975 6.2
      vertex 77.0618 146.488 6.2
      vertex 78.6112 143.595 6.2
    endloop
  endfacet
  facet normal -0 0 1
    outer loop
      vertex 76.8056 146.298 6.2
      vertex 78.6112 143.595 6.2
      vertex 77.0618 146.488 6.2
    endloop
  endfacet
  facet normal 0 0 1
    outer loop
      vertex 78.6112 143.595 6.2
      vertex 76.8056 146.298 6.2
      vertex 78.0641 143.268 6.2
    endloop
  endfacet
  facet normal -0 0 1
    outer loop
      vertex 76.532 146.134 6.2
      vertex 78.0641 143.268 6.2
      vertex 76.8056 146.298 6.2
    endloop
  endfacet
  facet normal 0 0 1
    outer loop
      vertex 78.0641 143.268 6.2
      vertex 76.532 146.134 6.2
      vertex 77.4874 142.995 6.2
    endloop
  endfacet
  facet normal -0 0 1
    outer loop
      vertex 76.2437 145.997 6.2
      vertex 77.4874 142.995 6.2
      vertex 76.532 146.134 6.2
    endloop
  endfacet
  facet normal 0 0 1
    outer loop
      vertex 77.4874 142.995 6.2
      vertex 76.2437 145.997 6.2
      vertex 76.8868 142.78 6.2
    endloop
  endfacet
  facet normal -0 0 1
    outer loop
      vertex 75.9434 145.89 6.2
      vertex 76.8868 142.78 6.2
      vertex 76.2437 145.997 6.2
    endloop
  endfacet
  facet normal 0 0 1
    outer loop
      vertex 76.8868 142.78 6.2
      vertex 75.9434 145.89 6.2
      vertex 76.2681 142.625 6.2
    endloop
  endfacet
  facet normal -0 0 1
    outer loop
      vertex 75.634 145.812 6.2
      vertex 76.2681 142.625 6.2
      vertex 75.9434 145.89 6.2
    endloop
  endfacet
  facet normal 0 0 1
    outer loop
      vertex 76.2681 142.625 6.2
      vertex 75.634 145.812 6.2
      vertex 75.6371 142.531 6.2
    endloop
  endfacet
  facet normal -0 0 1
    outer loop
      vertex 75.3186 145.766 6.2
      vertex 75.6371 142.531 6.2
      vertex 75.634 145.812 6.2
    endloop
  endfacet
  facet normal -0 0 1
    outer loop
      vertex 75 145.75 6.2
      vertex 75.6371 142.531 6.2
      vertex 75.3186 145.766 6.2
    endloop
  endfacet
  facet normal 0 0 1
    outer loop
      vertex 75 145.75 6.2
      vertex 75 142.5 6.2
      vertex 75.6371 142.531 6.2
    endloop
  endfacet
  facet normal 0 0 1
    outer loop
      vertex 74.6814 145.766 6.2
      vertex 75 142.5 6.2
      vertex 75 145.75 6.2
    endloop
  endfacet
  facet normal 0 0 1
    outer loop
      vertex 74.3629 142.531 6.2
      vertex 74.6814 145.766 6.2
      vertex 74.366 145.812 6.2
    endloop
  endfacet
  facet normal 0 0 1
    outer loop
      vertex 74.6814 145.766 6.2
      vertex 74.3629 142.531 6.2
      vertex 75 142.5 6.2
    endloop
  endfacet
  facet normal 0 0 1
    outer loop
      vertex 73.7319 142.625 6.2
      vertex 74.366 145.812 6.2
      vertex 74.0566 145.89 6.2
    endloop
  endfacet
  facet normal 0 0 1
    outer loop
      vertex 73.1132 142.78 6.2
      vertex 74.0566 145.89 6.2
      vertex 73.7563 145.997 6.2
    endloop
  endfacet
  facet normal 0 0 1
    outer loop
      vertex 74.366 145.812 6.2
      vertex 73.7319 142.625 6.2
      vertex 74.3629 142.531 6.2
    endloop
  endfacet
  facet normal 0 0 1
    outer loop
      vertex 72.5126 142.995 6.2
      vertex 73.7563 145.997 6.2
      vertex 73.468 146.134 6.2
    endloop
  endfacet
  facet normal 0 0 1
    outer loop
      vertex 71.9359 143.268 6.2
      vertex 73.468 146.134 6.2
      vertex 73.1944 146.298 6.2
    endloop
  endfacet
  facet normal 0 0 1
    outer loop
      vertex 74.0566 145.89 6.2
      vertex 73.1132 142.78 6.2
      vertex 73.7319 142.625 6.2
    endloop
  endfacet
  facet normal 0 0 1
    outer loop
      vertex 71.3888 143.595 6.2
      vertex 73.1944 146.298 6.2
      vertex 72.9382 146.488 6.2
    endloop
  endfacet
  facet normal 0 0 1
    outer loop
      vertex 70.8764 143.975 6.2
      vertex 72.9382 146.488 6.2
      vertex 72.7019 146.702 6.2
    endloop
  endfacet
  facet normal 0 0 1
    outer loop
      vertex 73.7563 145.997 6.2
      vertex 72.5126 142.995 6.2
      vertex 73.1132 142.78 6.2
    endloop
  endfacet
  facet normal 0 0 1
    outer loop
      vertex 70.4038 144.404 6.2
      vertex 72.7019 146.702 6.2
      vertex 72.4877 146.938 6.2
    endloop
  endfacet
  facet normal 0 0 1
    outer loop
      vertex 69.9754 144.876 6.2
      vertex 72.4877 146.938 6.2
      vertex 72.2977 147.194 6.2
    endloop
  endfacet
  facet normal 0 0 1
    outer loop
      vertex 69.5954 145.389 6.2
      vertex 72.2977 147.194 6.2
      vertex 72.1338 147.468 6.2
    endloop
  endfacet
  facet normal 0 0 1
    outer loop
      vertex 69.2675 145.936 6.2
      vertex 72.1338 147.468 6.2
      vertex 71.9974 147.756 6.2
    endloop
  endfacet
  facet normal 0 0 1
    outer loop
      vertex 73.468 146.134 6.2
      vertex 71.9359 143.268 6.2
      vertex 72.5126 142.995 6.2
    endloop
  endfacet
  facet normal 0 0 1
    outer loop
      vertex 68.9948 146.513 6.2
      vertex 71.9974 147.756 6.2
      vertex 71.8899 148.057 6.2
    endloop
  endfacet
  facet normal 0 0 1
    outer loop
      vertex 68.7799 147.113 6.2
      vertex 71.8899 148.057 6.2
      vertex 71.8124 148.366 6.2
    endloop
  endfacet
  facet normal 0 0 1
    outer loop
      vertex 68.6249 147.732 6.2
      vertex 71.8124 148.366 6.2
      vertex 71.7656 148.681 6.2
    endloop
  endfacet
  facet normal 0 0 1
    outer loop
      vertex 68.5313 148.363 6.2
      vertex 71.7656 148.681 6.2
      vertex 71.75 149 6.2
    endloop
  endfacet
  facet normal 0 0 1
    outer loop
      vertex 72.1338 150.532 6.2
      vertex 69.2675 152.064 6.2
      vertex 71.9974 150.244 6.2
    endloop
  endfacet
  facet normal 0 0 1
    outer loop
      vertex 73.1944 146.298 6.2
      vertex 71.3888 143.595 6.2
      vertex 71.9359 143.268 6.2
    endloop
  endfacet
  facet normal -0 0 1
    outer loop
      vertex 68.9948 151.487 6.2
      vertex 71.9974 150.244 6.2
      vertex 69.2675 152.064 6.2
    endloop
  endfacet
  facet normal 0 0 1
    outer loop
      vertex 72.9382 146.488 6.2
      vertex 70.8764 143.975 6.2
      vertex 71.3888 143.595 6.2
    endloop
  endfacet
  facet normal 0 0 1
    outer loop
      vertex 71.9974 150.244 6.2
      vertex 68.9948 151.487 6.2
      vertex 71.8899 149.943 6.2
    endloop
  endfacet
  facet normal 0 0 1
    outer loop
      vertex 72.7019 146.702 6.2
      vertex 70.4038 144.404 6.2
      vertex 70.8764 143.975 6.2
    endloop
  endfacet
  facet normal -0 0 1
    outer loop
      vertex 68.7799 150.887 6.2
      vertex 71.8899 149.943 6.2
      vertex 68.9948 151.487 6.2
    endloop
  endfacet
  facet normal 0 0 1
    outer loop
      vertex 72.4877 146.938 6.2
      vertex 69.9754 144.876 6.2
      vertex 70.4038 144.404 6.2
    endloop
  endfacet
  facet normal 0 0 1
    outer loop
      vertex 71.8899 149.943 6.2
      vertex 68.7799 150.887 6.2
      vertex 71.8124 149.634 6.2
    endloop
  endfacet
  facet normal 0 0 1
    outer loop
      vertex 72.2977 147.194 6.2
      vertex 69.5954 145.389 6.2
      vertex 69.9754 144.876 6.2
    endloop
  endfacet
  facet normal -0 0 1
    outer loop
      vertex 68.6249 150.268 6.2
      vertex 71.8124 149.634 6.2
      vertex 68.7799 150.887 6.2
    endloop
  endfacet
  facet normal 0 0 1
    outer loop
      vertex 72.1338 147.468 6.2
      vertex 69.2675 145.936 6.2
      vertex 69.5954 145.389 6.2
    endloop
  endfacet
  facet normal 0 0 1
    outer loop
      vertex 71.8124 149.634 6.2
      vertex 68.6249 150.268 6.2
      vertex 71.7656 149.319 6.2
    endloop
  endfacet
  facet normal 0 0 1
    outer loop
      vertex 71.9974 147.756 6.2
      vertex 68.9948 146.513 6.2
      vertex 69.2675 145.936 6.2
    endloop
  endfacet
  facet normal -0 0 1
    outer loop
      vertex 68.5313 149.637 6.2
      vertex 71.7656 149.319 6.2
      vertex 68.6249 150.268 6.2
    endloop
  endfacet
  facet normal 0 0 1
    outer loop
      vertex 71.8899 148.057 6.2
      vertex 68.7799 147.113 6.2
      vertex 68.9948 146.513 6.2
    endloop
  endfacet
  facet normal 0 0 1
    outer loop
      vertex 71.7656 149.319 6.2
      vertex 68.5313 149.637 6.2
      vertex 71.75 149 6.2
    endloop
  endfacet
  facet normal 0 0 1
    outer loop
      vertex 71.8124 148.366 6.2
      vertex 68.6249 147.732 6.2
      vertex 68.7799 147.113 6.2
    endloop
  endfacet
  facet normal 0 0 1
    outer loop
      vertex 68.5 149 6.2
      vertex 71.75 149 6.2
      vertex 68.5313 149.637 6.2
    endloop
  endfacet
  facet normal 0 0 1
    outer loop
      vertex 71.7656 148.681 6.2
      vertex 68.5313 148.363 6.2
      vertex 68.6249 147.732 6.2
    endloop
  endfacet
  facet normal 0 0 1
    outer loop
      vertex 71.75 149 6.2
      vertex 68.5 149 6.2
      vertex 68.5313 148.363 6.2
    endloop
  endfacet
  facet normal -0.98917 -0.146776 0
    outer loop
      vertex 78.2344 49.3186 0
      vertex 78.1876 49.634 6.2
      vertex 78.1876 49.634 0
    endloop
  endfacet
  facet normal -0.98917 -0.146776 0
    outer loop
      vertex 78.1876 49.634 6.2
      vertex 78.2344 49.3186 0
      vertex 78.2344 49.3186 6.2
    endloop
  endfacet
  facet normal -0.998803 -0.0489056 0
    outer loop
      vertex 78.25 49 0
      vertex 78.2344 49.3186 6.2
      vertex 78.2344 49.3186 0
    endloop
  endfacet
  facet normal -0.998803 -0.0489056 0
    outer loop
      vertex 78.2344 49.3186 6.2
      vertex 78.25 49 0
      vertex 78.25 49 6.2
    endloop
  endfacet
  facet normal -0.970032 -0.242978 0
    outer loop
      vertex 78.1876 49.634 0
      vertex 78.1101 49.9434 6.2
      vertex 78.1101 49.9434 0
    endloop
  endfacet
  facet normal -0.970032 -0.242978 0
    outer loop
      vertex 78.1101 49.9434 6.2
      vertex 78.1876 49.634 0
      vertex 78.1876 49.634 6.2
    endloop
  endfacet
  facet normal 0.242978 -0.970032 0
    outer loop
      vertex 74.0566 52.1101 0
      vertex 74.366 52.1876 6.2
      vertex 74.0566 52.1101 6.2
    endloop
  endfacet
  facet normal 0.242978 -0.970032 0
    outer loop
      vertex 74.366 52.1876 6.2
      vertex 74.0566 52.1101 0
      vertex 74.366 52.1876 0
    endloop
  endfacet
  facet normal 0.146776 -0.98917 0
    outer loop
      vertex 74.366 52.1876 0
      vertex 74.6814 52.2344 6.2
      vertex 74.366 52.1876 6.2
    endloop
  endfacet
  facet normal 0.146776 -0.98917 0
    outer loop
      vertex 74.6814 52.2344 6.2
      vertex 74.366 52.1876 0
      vertex 74.6814 52.2344 0
    endloop
  endfacet
  facet normal -0.803224 -0.595677 0
    outer loop
      vertex 77.7023 50.8056 0
      vertex 77.5123 51.0618 6.2
      vertex 77.5123 51.0618 0
    endloop
  endfacet
  facet normal -0.803224 -0.595677 0
    outer loop
      vertex 77.5123 51.0618 6.2
      vertex 77.7023 50.8056 0
      vertex 77.7023 50.8056 6.2
    endloop
  endfacet
  facet normal -0.595677 -0.803224 0
    outer loop
      vertex 76.8056 51.7023 0
      vertex 77.0618 51.5123 6.2
      vertex 76.8056 51.7023 6.2
    endloop
  endfacet
  facet normal -0.595677 -0.803224 -0
    outer loop
      vertex 77.0618 51.5123 6.2
      vertex 76.8056 51.7023 0
      vertex 77.0618 51.5123 0
    endloop
  endfacet
  facet normal -0.998803 0.0489056 0
    outer loop
      vertex 78.2344 48.6814 0
      vertex 78.25 49 6.2
      vertex 78.25 49 0
    endloop
  endfacet
  facet normal -0.998803 0.0489056 0
    outer loop
      vertex 78.25 49 6.2
      vertex 78.2344 48.6814 0
      vertex 78.2344 48.6814 6.2
    endloop
  endfacet
  facet normal -0.903936 0.427668 0
    outer loop
      vertex 77.8662 47.468 0
      vertex 78.0026 47.7563 6.2
      vertex 78.0026 47.7563 0
    endloop
  endfacet
  facet normal -0.903936 0.427668 0
    outer loop
      vertex 78.0026 47.7563 6.2
      vertex 77.8662 47.468 0
      vertex 77.8662 47.468 6.2
    endloop
  endfacet
  facet normal -0.337031 0.941493 0
    outer loop
      vertex 76.2437 45.9974 0
      vertex 75.9434 45.8899 6.2
      vertex 76.2437 45.9974 6.2
    endloop
  endfacet
  facet normal -0.337031 0.941493 0
    outer loop
      vertex 75.9434 45.8899 6.2
      vertex 76.2437 45.9974 0
      vertex 75.9434 45.8899 0
    endloop
  endfacet
  facet normal -0.427668 0.903936 0
    outer loop
      vertex 76.532 46.1338 0
      vertex 76.2437 45.9974 6.2
      vertex 76.532 46.1338 6.2
    endloop
  endfacet
  facet normal -0.427668 0.903936 0
    outer loop
      vertex 76.2437 45.9974 6.2
      vertex 76.532 46.1338 0
      vertex 76.2437 45.9974 0
    endloop
  endfacet
  facet normal 0.857852 -0.513896 0
    outer loop
      vertex 72.1338 50.532 6.2
      vertex 72.2977 50.8056 0
      vertex 72.2977 50.8056 6.2
    endloop
  endfacet
  facet normal 0.857852 -0.513896 0
    outer loop
      vertex 72.2977 50.8056 0
      vertex 72.1338 50.532 6.2
      vertex 72.1338 50.532 0
    endloop
  endfacet
  facet normal -0.242978 -0.970032 0
    outer loop
      vertex 75.634 52.1876 0
      vertex 75.9434 52.1101 6.2
      vertex 75.634 52.1876 6.2
    endloop
  endfacet
  facet normal -0.242978 -0.970032 -0
    outer loop
      vertex 75.9434 52.1101 6.2
      vertex 75.634 52.1876 0
      vertex 75.9434 52.1101 0
    endloop
  endfacet
  facet normal 0.0489056 -0.998803 0
    outer loop
      vertex 74.6814 52.2344 0
      vertex 75 52.25 6.2
      vertex 74.6814 52.2344 6.2
    endloop
  endfacet
  facet normal 0.0489056 -0.998803 0
    outer loop
      vertex 75 52.25 6.2
      vertex 74.6814 52.2344 0
      vertex 75 52.25 0
    endloop
  endfacet
  facet normal 0.941493 -0.337031 0
    outer loop
      vertex 71.8899 49.9434 6.2
      vertex 71.9974 50.2437 0
      vertex 71.9974 50.2437 6.2
    endloop
  endfacet
  facet normal 0.941493 -0.337031 0
    outer loop
      vertex 71.9974 50.2437 0
      vertex 71.8899 49.9434 6.2
      vertex 71.8899 49.9434 0
    endloop
  endfacet
  facet normal 0.427668 -0.903936 0
    outer loop
      vertex 73.468 51.8662 0
      vertex 73.7563 52.0026 6.2
      vertex 73.468 51.8662 6.2
    endloop
  endfacet
  facet normal 0.427668 -0.903936 0
    outer loop
      vertex 73.7563 52.0026 6.2
      vertex 73.468 51.8662 0
      vertex 73.7563 52.0026 0
    endloop
  endfacet
  facet normal -0.337031 -0.941493 0
    outer loop
      vertex 75.9434 52.1101 0
      vertex 76.2437 52.0026 6.2
      vertex 75.9434 52.1101 6.2
    endloop
  endfacet
  facet normal -0.337031 -0.941493 -0
    outer loop
      vertex 76.2437 52.0026 6.2
      vertex 75.9434 52.1101 0
      vertex 76.2437 52.0026 0
    endloop
  endfacet
  facet normal 0.513896 -0.857852 0
    outer loop
      vertex 73.1944 51.7023 0
      vertex 73.468 51.8662 6.2
      vertex 73.1944 51.7023 6.2
    endloop
  endfacet
  facet normal 0.513896 -0.857852 0
    outer loop
      vertex 73.468 51.8662 6.2
      vertex 73.1944 51.7023 0
      vertex 73.468 51.8662 0
    endloop
  endfacet
  facet normal 0.941493 0.337031 0
    outer loop
      vertex 71.9974 47.7563 6.2
      vertex 71.8899 48.0566 0
      vertex 71.8899 48.0566 6.2
    endloop
  endfacet
  facet normal 0.941493 0.337031 0
    outer loop
      vertex 71.8899 48.0566 0
      vertex 71.9974 47.7563 6.2
      vertex 71.9974 47.7563 0
    endloop
  endfacet
  facet normal 0.337031 -0.941493 0
    outer loop
      vertex 73.7563 52.0026 0
      vertex 74.0566 52.1101 6.2
      vertex 73.7563 52.0026 6.2
    endloop
  endfacet
  facet normal 0.337031 -0.941493 0
    outer loop
      vertex 74.0566 52.1101 6.2
      vertex 73.7563 52.0026 0
      vertex 74.0566 52.1101 0
    endloop
  endfacet
  facet normal -0.903936 -0.427668 0
    outer loop
      vertex 78.0026 50.2437 0
      vertex 77.8662 50.532 6.2
      vertex 77.8662 50.532 0
    endloop
  endfacet
  facet normal -0.903936 -0.427668 0
    outer loop
      vertex 77.8662 50.532 6.2
      vertex 78.0026 50.2437 0
      vertex 78.0026 50.2437 6.2
    endloop
  endfacet
  facet normal 0.337031 0.941493 -0
    outer loop
      vertex 74.0566 45.8899 0
      vertex 73.7563 45.9974 6.2
      vertex 74.0566 45.8899 6.2
    endloop
  endfacet
  facet normal 0.337031 0.941493 0
    outer loop
      vertex 73.7563 45.9974 6.2
      vertex 74.0566 45.8899 0
      vertex 73.7563 45.9974 0
    endloop
  endfacet
  facet normal 0.595677 -0.803224 0
    outer loop
      vertex 72.9382 51.5123 0
      vertex 73.1944 51.7023 6.2
      vertex 72.9382 51.5123 6.2
    endloop
  endfacet
  facet normal 0.595677 -0.803224 0
    outer loop
      vertex 73.1944 51.7023 6.2
      vertex 72.9382 51.5123 0
      vertex 73.1944 51.7023 0
    endloop
  endfacet
  facet normal -0.941493 -0.337031 0
    outer loop
      vertex 78.1101 49.9434 0
      vertex 78.0026 50.2437 6.2
      vertex 78.0026 50.2437 0
    endloop
  endfacet
  facet normal -0.941493 -0.337031 0
    outer loop
      vertex 78.0026 50.2437 6.2
      vertex 78.1101 49.9434 0
      vertex 78.1101 49.9434 6.2
    endloop
  endfacet
  facet normal 0.903936 -0.427668 0
    outer loop
      vertex 71.9974 50.2437 6.2
      vertex 72.1338 50.532 0
      vertex 72.1338 50.532 6.2
    endloop
  endfacet
  facet normal 0.903936 -0.427668 0
    outer loop
      vertex 72.1338 50.532 0
      vertex 71.9974 50.2437 6.2
      vertex 71.9974 50.2437 0
    endloop
  endfacet
  facet normal -0.941493 0.337031 0
    outer loop
      vertex 78.0026 47.7563 0
      vertex 78.1101 48.0566 6.2
      vertex 78.1101 48.0566 0
    endloop
  endfacet
  facet normal -0.941493 0.337031 0
    outer loop
      vertex 78.1101 48.0566 6.2
      vertex 78.0026 47.7563 0
      vertex 78.0026 47.7563 6.2
    endloop
  endfacet
  facet normal 0.970032 0.242978 0
    outer loop
      vertex 71.8899 48.0566 6.2
      vertex 71.8124 48.366 0
      vertex 71.8124 48.366 6.2
    endloop
  endfacet
  facet normal 0.970032 0.242978 0
    outer loop
      vertex 71.8124 48.366 0
      vertex 71.8899 48.0566 6.2
      vertex 71.8899 48.0566 0
    endloop
  endfacet
  facet normal 0.98917 -0.146776 0
    outer loop
      vertex 71.7656 49.3186 6.2
      vertex 71.8124 49.634 0
      vertex 71.8124 49.634 6.2
    endloop
  endfacet
  facet normal 0.98917 -0.146776 0
    outer loop
      vertex 71.8124 49.634 0
      vertex 71.7656 49.3186 6.2
      vertex 71.7656 49.3186 0
    endloop
  endfacet
  facet normal 0.671611 0.740904 -0
    outer loop
      vertex 72.9382 46.4877 0
      vertex 72.7019 46.7019 6.2
      vertex 72.9382 46.4877 6.2
    endloop
  endfacet
  facet normal 0.671611 0.740904 0
    outer loop
      vertex 72.7019 46.7019 6.2
      vertex 72.9382 46.4877 0
      vertex 72.7019 46.7019 0
    endloop
  endfacet
  facet normal -0.671611 -0.740904 0
    outer loop
      vertex 77.0618 51.5123 0
      vertex 77.2981 51.2981 6.2
      vertex 77.0618 51.5123 6.2
    endloop
  endfacet
  facet normal -0.671611 -0.740904 -0
    outer loop
      vertex 77.2981 51.2981 6.2
      vertex 77.0618 51.5123 0
      vertex 77.2981 51.2981 0
    endloop
  endfacet
  facet normal -0.803224 0.595677 0
    outer loop
      vertex 77.5123 46.9382 0
      vertex 77.7023 47.1944 6.2
      vertex 77.7023 47.1944 0
    endloop
  endfacet
  facet normal -0.803224 0.595677 0
    outer loop
      vertex 77.7023 47.1944 6.2
      vertex 77.5123 46.9382 0
      vertex 77.5123 46.9382 6.2
    endloop
  endfacet
  facet normal -0.970032 0.242978 0
    outer loop
      vertex 78.1101 48.0566 0
      vertex 78.1876 48.366 6.2
      vertex 78.1876 48.366 0
    endloop
  endfacet
  facet normal -0.970032 0.242978 0
    outer loop
      vertex 78.1876 48.366 6.2
      vertex 78.1101 48.0566 0
      vertex 78.1101 48.0566 6.2
    endloop
  endfacet
  facet normal -0.242978 0.970032 0
    outer loop
      vertex 75.9434 45.8899 0
      vertex 75.634 45.8124 6.2
      vertex 75.9434 45.8899 6.2
    endloop
  endfacet
  facet normal -0.242978 0.970032 0
    outer loop
      vertex 75.634 45.8124 6.2
      vertex 75.9434 45.8899 0
      vertex 75.634 45.8124 0
    endloop
  endfacet
  facet normal 0.242978 0.970032 -0
    outer loop
      vertex 74.366 45.8124 0
      vertex 74.0566 45.8899 6.2
      vertex 74.366 45.8124 6.2
    endloop
  endfacet
  facet normal 0.242978 0.970032 0
    outer loop
      vertex 74.0566 45.8899 6.2
      vertex 74.366 45.8124 0
      vertex 74.0566 45.8899 0
    endloop
  endfacet
  facet normal -0.427668 -0.903936 0
    outer loop
      vertex 76.2437 52.0026 0
      vertex 76.532 51.8662 6.2
      vertex 76.2437 52.0026 6.2
    endloop
  endfacet
  facet normal -0.427668 -0.903936 -0
    outer loop
      vertex 76.532 51.8662 6.2
      vertex 76.2437 52.0026 0
      vertex 76.532 51.8662 0
    endloop
  endfacet
  facet normal -0.513896 -0.857852 0
    outer loop
      vertex 76.532 51.8662 0
      vertex 76.8056 51.7023 6.2
      vertex 76.532 51.8662 6.2
    endloop
  endfacet
  facet normal -0.513896 -0.857852 -0
    outer loop
      vertex 76.8056 51.7023 6.2
      vertex 76.532 51.8662 0
      vertex 76.8056 51.7023 0
    endloop
  endfacet
  facet normal 0.803224 0.595677 0
    outer loop
      vertex 72.4877 46.9382 6.2
      vertex 72.2977 47.1944 0
      vertex 72.2977 47.1944 6.2
    endloop
  endfacet
  facet normal 0.803224 0.595677 0
    outer loop
      vertex 72.2977 47.1944 0
      vertex 72.4877 46.9382 6.2
      vertex 72.4877 46.9382 0
    endloop
  endfacet
  facet normal -0.98917 0.146776 0
    outer loop
      vertex 78.1876 48.366 0
      vertex 78.2344 48.6814 6.2
      vertex 78.2344 48.6814 0
    endloop
  endfacet
  facet normal -0.98917 0.146776 0
    outer loop
      vertex 78.2344 48.6814 6.2
      vertex 78.1876 48.366 0
      vertex 78.1876 48.366 6.2
    endloop
  endfacet
  facet normal 0.146776 0.98917 -0
    outer loop
      vertex 74.6814 45.7656 0
      vertex 74.366 45.8124 6.2
      vertex 74.6814 45.7656 6.2
    endloop
  endfacet
  facet normal 0.146776 0.98917 0
    outer loop
      vertex 74.366 45.8124 6.2
      vertex 74.6814 45.7656 0
      vertex 74.366 45.8124 0
    endloop
  endfacet
  facet normal -0.740904 -0.671611 0
    outer loop
      vertex 77.5123 51.0618 0
      vertex 77.2981 51.2981 6.2
      vertex 77.2981 51.2981 0
    endloop
  endfacet
  facet normal -0.740904 -0.671611 0
    outer loop
      vertex 77.2981 51.2981 6.2
      vertex 77.5123 51.0618 0
      vertex 77.5123 51.0618 6.2
    endloop
  endfacet
  facet normal -0.857852 -0.513896 0
    outer loop
      vertex 77.8662 50.532 0
      vertex 77.7023 50.8056 6.2
      vertex 77.7023 50.8056 0
    endloop
  endfacet
  facet normal -0.857852 -0.513896 0
    outer loop
      vertex 77.7023 50.8056 6.2
      vertex 77.8662 50.532 0
      vertex 77.8662 50.532 6.2
    endloop
  endfacet
  facet normal -0.0489056 0.998803 0
    outer loop
      vertex 75.3186 45.7656 0
      vertex 75 45.75 6.2
      vertex 75.3186 45.7656 6.2
    endloop
  endfacet
  facet normal -0.0489056 0.998803 0
    outer loop
      vertex 75 45.75 6.2
      vertex 75.3186 45.7656 0
      vertex 75 45.75 0
    endloop
  endfacet
  facet normal 0.671611 -0.740904 0
    outer loop
      vertex 72.7019 51.2981 0
      vertex 72.9382 51.5123 6.2
      vertex 72.7019 51.2981 6.2
    endloop
  endfacet
  facet normal 0.671611 -0.740904 0
    outer loop
      vertex 72.9382 51.5123 6.2
      vertex 72.7019 51.2981 0
      vertex 72.9382 51.5123 0
    endloop
  endfacet
  facet normal 0.0489056 0.998803 -0
    outer loop
      vertex 75 45.75 0
      vertex 74.6814 45.7656 6.2
      vertex 75 45.75 6.2
    endloop
  endfacet
  facet normal 0.0489056 0.998803 0
    outer loop
      vertex 74.6814 45.7656 6.2
      vertex 75 45.75 0
      vertex 74.6814 45.7656 0
    endloop
  endfacet
  facet normal -0.857852 0.513896 0
    outer loop
      vertex 77.7023 47.1944 0
      vertex 77.8662 47.468 6.2
      vertex 77.8662 47.468 0
    endloop
  endfacet
  facet normal -0.857852 0.513896 0
    outer loop
      vertex 77.8662 47.468 6.2
      vertex 77.7023 47.1944 0
      vertex 77.7023 47.1944 6.2
    endloop
  endfacet
  facet normal 0.998803 0.0489056 0
    outer loop
      vertex 71.7656 48.6814 6.2
      vertex 71.75 49 0
      vertex 71.75 49 6.2
    endloop
  endfacet
  facet normal 0.998803 0.0489056 0
    outer loop
      vertex 71.75 49 0
      vertex 71.7656 48.6814 6.2
      vertex 71.7656 48.6814 0
    endloop
  endfacet
  facet normal 0.740904 -0.671611 0
    outer loop
      vertex 72.4877 51.0618 6.2
      vertex 72.7019 51.2981 0
      vertex 72.7019 51.2981 6.2
    endloop
  endfacet
  facet normal 0.740904 -0.671611 0
    outer loop
      vertex 72.7019 51.2981 0
      vertex 72.4877 51.0618 6.2
      vertex 72.4877 51.0618 0
    endloop
  endfacet
  facet normal 0.427668 0.903936 -0
    outer loop
      vertex 73.7563 45.9974 0
      vertex 73.468 46.1338 6.2
      vertex 73.7563 45.9974 6.2
    endloop
  endfacet
  facet normal 0.427668 0.903936 0
    outer loop
      vertex 73.468 46.1338 6.2
      vertex 73.7563 45.9974 0
      vertex 73.468 46.1338 0
    endloop
  endfacet
  facet normal 0.740904 0.671611 0
    outer loop
      vertex 72.7019 46.7019 6.2
      vertex 72.4877 46.9382 0
      vertex 72.4877 46.9382 6.2
    endloop
  endfacet
  facet normal 0.740904 0.671611 0
    outer loop
      vertex 72.4877 46.9382 0
      vertex 72.7019 46.7019 6.2
      vertex 72.7019 46.7019 0
    endloop
  endfacet
  facet normal 0.98917 0.146776 0
    outer loop
      vertex 71.8124 48.366 6.2
      vertex 71.7656 48.6814 0
      vertex 71.7656 48.6814 6.2
    endloop
  endfacet
  facet normal 0.98917 0.146776 0
    outer loop
      vertex 71.7656 48.6814 0
      vertex 71.8124 48.366 6.2
      vertex 71.8124 48.366 0
    endloop
  endfacet
  facet normal -0.740904 0.671611 0
    outer loop
      vertex 77.2981 46.7019 0
      vertex 77.5123 46.9382 6.2
      vertex 77.5123 46.9382 0
    endloop
  endfacet
  facet normal -0.740904 0.671611 0
    outer loop
      vertex 77.5123 46.9382 6.2
      vertex 77.2981 46.7019 0
      vertex 77.2981 46.7019 6.2
    endloop
  endfacet
  facet normal -0.146776 -0.98917 0
    outer loop
      vertex 75.3186 52.2344 0
      vertex 75.634 52.1876 6.2
      vertex 75.3186 52.2344 6.2
    endloop
  endfacet
  facet normal -0.146776 -0.98917 -0
    outer loop
      vertex 75.634 52.1876 6.2
      vertex 75.3186 52.2344 0
      vertex 75.634 52.1876 0
    endloop
  endfacet
  facet normal 0.970032 -0.242978 0
    outer loop
      vertex 71.8124 49.634 6.2
      vertex 71.8899 49.9434 0
      vertex 71.8899 49.9434 6.2
    endloop
  endfacet
  facet normal 0.970032 -0.242978 0
    outer loop
      vertex 71.8899 49.9434 0
      vertex 71.8124 49.634 6.2
      vertex 71.8124 49.634 0
    endloop
  endfacet
  facet normal -0.595677 0.803224 0
    outer loop
      vertex 77.0618 46.4877 0
      vertex 76.8056 46.2977 6.2
      vertex 77.0618 46.4877 6.2
    endloop
  endfacet
  facet normal -0.595677 0.803224 0
    outer loop
      vertex 76.8056 46.2977 6.2
      vertex 77.0618 46.4877 0
      vertex 76.8056 46.2977 0
    endloop
  endfacet
  facet normal -0.0489056 -0.998803 0
    outer loop
      vertex 75 52.25 0
      vertex 75.3186 52.2344 6.2
      vertex 75 52.25 6.2
    endloop
  endfacet
  facet normal -0.0489056 -0.998803 -0
    outer loop
      vertex 75.3186 52.2344 6.2
      vertex 75 52.25 0
      vertex 75.3186 52.2344 0
    endloop
  endfacet
  facet normal 0.513896 0.857852 -0
    outer loop
      vertex 73.468 46.1338 0
      vertex 73.1944 46.2977 6.2
      vertex 73.468 46.1338 6.2
    endloop
  endfacet
  facet normal 0.513896 0.857852 0
    outer loop
      vertex 73.1944 46.2977 6.2
      vertex 73.468 46.1338 0
      vertex 73.1944 46.2977 0
    endloop
  endfacet
  facet normal -0.146776 0.98917 0
    outer loop
      vertex 75.634 45.8124 0
      vertex 75.3186 45.7656 6.2
      vertex 75.634 45.8124 6.2
    endloop
  endfacet
  facet normal -0.146776 0.98917 0
    outer loop
      vertex 75.3186 45.7656 6.2
      vertex 75.634 45.8124 0
      vertex 75.3186 45.7656 0
    endloop
  endfacet
  facet normal 0.595677 0.803224 -0
    outer loop
      vertex 73.1944 46.2977 0
      vertex 72.9382 46.4877 6.2
      vertex 73.1944 46.2977 6.2
    endloop
  endfacet
  facet normal 0.595677 0.803224 0
    outer loop
      vertex 72.9382 46.4877 6.2
      vertex 73.1944 46.2977 0
      vertex 72.9382 46.4877 0
    endloop
  endfacet
  facet normal 0.857852 0.513896 0
    outer loop
      vertex 72.2977 47.1944 6.2
      vertex 72.1338 47.468 0
      vertex 72.1338 47.468 6.2
    endloop
  endfacet
  facet normal 0.857852 0.513896 0
    outer loop
      vertex 72.1338 47.468 0
      vertex 72.2977 47.1944 6.2
      vertex 72.2977 47.1944 0
    endloop
  endfacet
  facet normal -0.513896 0.857852 0
    outer loop
      vertex 76.8056 46.2977 0
      vertex 76.532 46.1338 6.2
      vertex 76.8056 46.2977 6.2
    endloop
  endfacet
  facet normal -0.513896 0.857852 0
    outer loop
      vertex 76.532 46.1338 6.2
      vertex 76.8056 46.2977 0
      vertex 76.532 46.1338 0
    endloop
  endfacet
  facet normal 0.903936 0.427668 0
    outer loop
      vertex 72.1338 47.468 6.2
      vertex 71.9974 47.7563 0
      vertex 71.9974 47.7563 6.2
    endloop
  endfacet
  facet normal 0.903936 0.427668 0
    outer loop
      vertex 71.9974 47.7563 0
      vertex 72.1338 47.468 6.2
      vertex 72.1338 47.468 0
    endloop
  endfacet
  facet normal -0.671611 0.740904 0
    outer loop
      vertex 77.2981 46.7019 0
      vertex 77.0618 46.4877 6.2
      vertex 77.2981 46.7019 6.2
    endloop
  endfacet
  facet normal -0.671611 0.740904 0
    outer loop
      vertex 77.0618 46.4877 6.2
      vertex 77.2981 46.7019 0
      vertex 77.0618 46.4877 0
    endloop
  endfacet
  facet normal 0.998803 -0.0489056 0
    outer loop
      vertex 71.75 49 6.2
      vertex 71.7656 49.3186 0
      vertex 71.7656 49.3186 6.2
    endloop
  endfacet
  facet normal 0.998803 -0.0489056 0
    outer loop
      vertex 71.7656 49.3186 0
      vertex 71.75 49 6.2
      vertex 71.75 49 0
    endloop
  endfacet
  facet normal 0.803224 -0.595677 0
    outer loop
      vertex 72.2977 50.8056 6.2
      vertex 72.4877 51.0618 0
      vertex 72.4877 51.0618 6.2
    endloop
  endfacet
  facet normal 0.803224 -0.595677 0
    outer loop
      vertex 72.4877 51.0618 0
      vertex 72.2977 50.8056 6.2
      vertex 72.2977 50.8056 0
    endloop
  endfacet
  facet normal 0.336892 0.941543 -0
    outer loop
      vertex 73.1132 42.7799 6.2
      vertex 72.5126 42.9948 11.2
      vertex 73.1132 42.7799 11.2
    endloop
  endfacet
  facet normal 0.336892 0.941543 0
    outer loop
      vertex 72.5126 42.9948 11.2
      vertex 73.1132 42.7799 6.2
      vertex 72.5126 42.9948 6.2
    endloop
  endfacet
  facet normal 0.595677 -0.803224 0
    outer loop
      vertex 70.8764 54.0246 6.2
      vertex 71.3888 54.4046 11.2
      vertex 70.8764 54.0246 11.2
    endloop
  endfacet
  facet normal 0.595677 -0.803224 0
    outer loop
      vertex 71.3888 54.4046 11.2
      vertex 70.8764 54.0246 6.2
      vertex 71.3888 54.4046 6.2
    endloop
  endfacet
  facet normal -0.989177 -0.14673 0
    outer loop
      vertex 81.4687 49.6371 6.2
      vertex 81.3751 50.2681 11.2
      vertex 81.3751 50.2681 6.2
    endloop
  endfacet
  facet normal -0.989177 -0.14673 0
    outer loop
      vertex 81.3751 50.2681 11.2
      vertex 81.4687 49.6371 6.2
      vertex 81.4687 49.6371 11.2
    endloop
  endfacet
  facet normal -0.998795 -0.0490697 0
    outer loop
      vertex 81.5 49 6.2
      vertex 81.4687 49.6371 11.2
      vertex 81.4687 49.6371 6.2
    endloop
  endfacet
  facet normal -0.998795 -0.0490697 0
    outer loop
      vertex 81.4687 49.6371 11.2
      vertex 81.5 49 6.2
      vertex 81.5 49 11.2
    endloop
  endfacet
  facet normal -0.970032 -0.242978 0
    outer loop
      vertex 81.3751 50.2681 6.2
      vertex 81.2201 50.8869 11.2
      vertex 81.2201 50.8869 6.2
    endloop
  endfacet
  facet normal -0.970032 -0.242978 0
    outer loop
      vertex 81.2201 50.8869 11.2
      vertex 81.3751 50.2681 6.2
      vertex 81.3751 50.2681 11.2
    endloop
  endfacet
  facet normal -0.14673 -0.989177 0
    outer loop
      vertex 75.6371 55.4687 6.2
      vertex 76.2681 55.3751 11.2
      vertex 75.6371 55.4687 11.2
    endloop
  endfacet
  facet normal -0.14673 -0.989177 -0
    outer loop
      vertex 76.2681 55.3751 11.2
      vertex 75.6371 55.4687 6.2
      vertex 76.2681 55.3751 6.2
    endloop
  endfacet
  facet normal 0.14673 -0.989177 0
    outer loop
      vertex 73.7319 55.3751 6.2
      vertex 74.3629 55.4687 11.2
      vertex 73.7319 55.3751 11.2
    endloop
  endfacet
  facet normal 0.14673 -0.989177 0
    outer loop
      vertex 74.3629 55.4687 11.2
      vertex 73.7319 55.3751 6.2
      vertex 74.3629 55.4687 6.2
    endloop
  endfacet
  facet normal -0.803224 -0.595677 0
    outer loop
      vertex 80.4046 52.6112 6.2
      vertex 80.0246 53.1236 11.2
      vertex 80.0246 53.1236 6.2
    endloop
  endfacet
  facet normal -0.803224 -0.595677 0
    outer loop
      vertex 80.0246 53.1236 11.2
      vertex 80.4046 52.6112 6.2
      vertex 80.4046 52.6112 11.2
    endloop
  endfacet
  facet normal -0.514081 0.857742 0
    outer loop
      vertex 78.6112 43.5954 6.2
      vertex 78.0641 43.2675 11.2
      vertex 78.6112 43.5954 11.2
    endloop
  endfacet
  facet normal -0.514081 0.857742 0
    outer loop
      vertex 78.0641 43.2675 11.2
      vertex 78.6112 43.5954 6.2
      vertex 78.0641 43.2675 6.2
    endloop
  endfacet
  facet normal -0.595677 -0.803224 0
    outer loop
      vertex 78.6112 54.4046 6.2
      vertex 79.1236 54.0246 11.2
      vertex 78.6112 54.4046 11.2
    endloop
  endfacet
  facet normal -0.595677 -0.803224 -0
    outer loop
      vertex 79.1236 54.0246 11.2
      vertex 78.6112 54.4046 6.2
      vertex 79.1236 54.0246 6.2
    endloop
  endfacet
  facet normal -0.998795 0.0490697 0
    outer loop
      vertex 81.4687 48.3629 6.2
      vertex 81.5 49 11.2
      vertex 81.5 49 6.2
    endloop
  endfacet
  facet normal -0.998795 0.0490697 0
    outer loop
      vertex 81.5 49 11.2
      vertex 81.4687 48.3629 6.2
      vertex 81.4687 48.3629 11.2
    endloop
  endfacet
  facet normal 0.243015 -0.970022 0
    outer loop
      vertex 73.1132 55.2201 6.2
      vertex 73.7319 55.3751 11.2
      vertex 73.1132 55.2201 11.2
    endloop
  endfacet
  facet normal 0.243015 -0.970022 0
    outer loop
      vertex 73.7319 55.3751 11.2
      vertex 73.1132 55.2201 6.2
      vertex 73.7319 55.3751 6.2
    endloop
  endfacet
  facet normal -0.42748 -0.904025 0
    outer loop
      vertex 77.4874 55.0052 6.2
      vertex 78.0641 54.7325 11.2
      vertex 77.4874 55.0052 11.2
    endloop
  endfacet
  facet normal -0.42748 -0.904025 -0
    outer loop
      vertex 78.0641 54.7325 11.2
      vertex 77.4874 55.0052 6.2
      vertex 78.0641 54.7325 6.2
    endloop
  endfacet
  facet normal 0.243015 0.970022 -0
    outer loop
      vertex 73.7319 42.6249 6.2
      vertex 73.1132 42.7799 11.2
      vertex 73.7319 42.6249 11.2
    endloop
  endfacet
  facet normal 0.243015 0.970022 0
    outer loop
      vertex 73.1132 42.7799 11.2
      vertex 73.7319 42.6249 6.2
      vertex 73.1132 42.7799 6.2
    endloop
  endfacet
  facet normal 0.989177 0.14673 0
    outer loop
      vertex 68.6249 47.7319 11.2
      vertex 68.5313 48.3629 6.2
      vertex 68.5313 48.3629 11.2
    endloop
  endfacet
  facet normal 0.989177 0.14673 0
    outer loop
      vertex 68.5313 48.3629 6.2
      vertex 68.6249 47.7319 11.2
      vertex 68.6249 47.7319 6.2
    endloop
  endfacet
  facet normal -0.671611 0.740904 0
    outer loop
      vertex 79.5962 44.4038 6.2
      vertex 79.1236 43.9754 11.2
      vertex 79.5962 44.4038 11.2
    endloop
  endfacet
  facet normal -0.671611 0.740904 0
    outer loop
      vertex 79.1236 43.9754 11.2
      vertex 79.5962 44.4038 6.2
      vertex 79.1236 43.9754 6.2
    endloop
  endfacet
  facet normal 0.42748 -0.904025 0
    outer loop
      vertex 71.9359 54.7325 6.2
      vertex 72.5126 55.0052 11.2
      vertex 71.9359 54.7325 11.2
    endloop
  endfacet
  facet normal 0.42748 -0.904025 0
    outer loop
      vertex 72.5126 55.0052 11.2
      vertex 71.9359 54.7325 6.2
      vertex 72.5126 55.0052 6.2
    endloop
  endfacet
  facet normal -0.336892 0.941543 0
    outer loop
      vertex 77.4874 42.9948 6.2
      vertex 76.8868 42.7799 11.2
      vertex 77.4874 42.9948 11.2
    endloop
  endfacet
  facet normal -0.336892 0.941543 0
    outer loop
      vertex 76.8868 42.7799 11.2
      vertex 77.4874 42.9948 6.2
      vertex 76.8868 42.7799 6.2
    endloop
  endfacet
  facet normal 0.904025 -0.42748 0
    outer loop
      vertex 68.9948 51.4874 11.2
      vertex 69.2675 52.0641 6.2
      vertex 69.2675 52.0641 11.2
    endloop
  endfacet
  facet normal 0.904025 -0.42748 0
    outer loop
      vertex 69.2675 52.0641 6.2
      vertex 68.9948 51.4874 11.2
      vertex 68.9948 51.4874 6.2
    endloop
  endfacet
  facet normal 0.803224 0.595677 0
    outer loop
      vertex 69.9754 44.8764 11.2
      vertex 69.5954 45.3888 6.2
      vertex 69.5954 45.3888 11.2
    endloop
  endfacet
  facet normal 0.803224 0.595677 0
    outer loop
      vertex 69.5954 45.3888 6.2
      vertex 69.9754 44.8764 11.2
      vertex 69.9754 44.8764 6.2
    endloop
  endfacet
  facet normal 0.514081 0.857742 -0
    outer loop
      vertex 71.9359 43.2675 6.2
      vertex 71.3888 43.5954 11.2
      vertex 71.9359 43.2675 11.2
    endloop
  endfacet
  facet normal 0.514081 0.857742 0
    outer loop
      vertex 71.3888 43.5954 11.2
      vertex 71.9359 43.2675 6.2
      vertex 71.3888 43.5954 6.2
    endloop
  endfacet
  facet normal -0.803224 0.595677 0
    outer loop
      vertex 80.0246 44.8764 6.2
      vertex 80.4046 45.3888 11.2
      vertex 80.4046 45.3888 6.2
    endloop
  endfacet
  facet normal -0.803224 0.595677 0
    outer loop
      vertex 80.4046 45.3888 11.2
      vertex 80.0246 44.8764 6.2
      vertex 80.0246 44.8764 11.2
    endloop
  endfacet
  facet normal 0.514081 -0.857742 0
    outer loop
      vertex 71.3888 54.4046 6.2
      vertex 71.9359 54.7325 11.2
      vertex 71.3888 54.4046 11.2
    endloop
  endfacet
  facet normal 0.514081 -0.857742 0
    outer loop
      vertex 71.9359 54.7325 11.2
      vertex 71.3888 54.4046 6.2
      vertex 71.9359 54.7325 6.2
    endloop
  endfacet
  facet normal 0.42748 0.904025 -0
    outer loop
      vertex 72.5126 42.9948 6.2
      vertex 71.9359 43.2675 11.2
      vertex 72.5126 42.9948 11.2
    endloop
  endfacet
  facet normal 0.42748 0.904025 0
    outer loop
      vertex 71.9359 43.2675 11.2
      vertex 72.5126 42.9948 6.2
      vertex 71.9359 43.2675 6.2
    endloop
  endfacet
  facet normal 0.595677 0.803224 -0
    outer loop
      vertex 71.3888 43.5954 6.2
      vertex 70.8764 43.9754 11.2
      vertex 71.3888 43.5954 11.2
    endloop
  endfacet
  facet normal 0.595677 0.803224 0
    outer loop
      vertex 70.8764 43.9754 11.2
      vertex 71.3888 43.5954 6.2
      vertex 70.8764 43.9754 6.2
    endloop
  endfacet
  facet normal -0.336892 -0.941543 0
    outer loop
      vertex 76.8868 55.2201 6.2
      vertex 77.4874 55.0052 11.2
      vertex 76.8868 55.2201 11.2
    endloop
  endfacet
  facet normal -0.336892 -0.941543 -0
    outer loop
      vertex 77.4874 55.0052 11.2
      vertex 76.8868 55.2201 6.2
      vertex 77.4874 55.0052 6.2
    endloop
  endfacet
  facet normal 0.740904 0.671611 0
    outer loop
      vertex 70.4038 44.4038 11.2
      vertex 69.9754 44.8764 6.2
      vertex 69.9754 44.8764 11.2
    endloop
  endfacet
  facet normal 0.740904 0.671611 0
    outer loop
      vertex 69.9754 44.8764 6.2
      vertex 70.4038 44.4038 11.2
      vertex 70.4038 44.4038 6.2
    endloop
  endfacet
  facet normal 0.336892 -0.941543 0
    outer loop
      vertex 72.5126 55.0052 6.2
      vertex 73.1132 55.2201 11.2
      vertex 72.5126 55.0052 11.2
    endloop
  endfacet
  facet normal 0.336892 -0.941543 0
    outer loop
      vertex 73.1132 55.2201 11.2
      vertex 72.5126 55.0052 6.2
      vertex 73.1132 55.2201 6.2
    endloop
  endfacet
  facet normal 0.904025 0.42748 0
    outer loop
      vertex 69.2675 45.9359 11.2
      vertex 68.9948 46.5126 6.2
      vertex 68.9948 46.5126 11.2
    endloop
  endfacet
  facet normal 0.904025 0.42748 0
    outer loop
      vertex 68.9948 46.5126 6.2
      vertex 69.2675 45.9359 11.2
      vertex 69.2675 45.9359 6.2
    endloop
  endfacet
  facet normal 0.941543 0.336892 0
    outer loop
      vertex 68.9948 46.5126 11.2
      vertex 68.7799 47.1132 6.2
      vertex 68.7799 47.1132 11.2
    endloop
  endfacet
  facet normal 0.941543 0.336892 0
    outer loop
      vertex 68.7799 47.1132 6.2
      vertex 68.9948 46.5126 11.2
      vertex 68.9948 46.5126 6.2
    endloop
  endfacet
  facet normal -0.904025 -0.42748 0
    outer loop
      vertex 81.0052 51.4874 6.2
      vertex 80.7325 52.0641 11.2
      vertex 80.7325 52.0641 6.2
    endloop
  endfacet
  facet normal -0.904025 -0.42748 0
    outer loop
      vertex 80.7325 52.0641 11.2
      vertex 81.0052 51.4874 6.2
      vertex 81.0052 51.4874 11.2
    endloop
  endfacet
  facet normal 0.970022 0.243015 0
    outer loop
      vertex 68.7799 47.1132 11.2
      vertex 68.6249 47.7319 6.2
      vertex 68.6249 47.7319 11.2
    endloop
  endfacet
  facet normal 0.970022 0.243015 0
    outer loop
      vertex 68.6249 47.7319 6.2
      vertex 68.7799 47.1132 11.2
      vertex 68.7799 47.1132 6.2
    endloop
  endfacet
  facet normal -0.671611 -0.740904 0
    outer loop
      vertex 79.1236 54.0246 6.2
      vertex 79.5962 53.5962 11.2
      vertex 79.1236 54.0246 11.2
    endloop
  endfacet
  facet normal -0.671611 -0.740904 -0
    outer loop
      vertex 79.5962 53.5962 11.2
      vertex 79.1236 54.0246 6.2
      vertex 79.5962 53.5962 6.2
    endloop
  endfacet
  facet normal 0.671611 0.740904 -0
    outer loop
      vertex 70.8764 43.9754 6.2
      vertex 70.4038 44.4038 11.2
      vertex 70.8764 43.9754 11.2
    endloop
  endfacet
  facet normal 0.671611 0.740904 0
    outer loop
      vertex 70.4038 44.4038 11.2
      vertex 70.8764 43.9754 6.2
      vertex 70.4038 44.4038 6.2
    endloop
  endfacet
  facet normal -0.970022 0.243015 0
    outer loop
      vertex 81.2201 47.1132 6.2
      vertex 81.3751 47.7319 11.2
      vertex 81.3751 47.7319 6.2
    endloop
  endfacet
  facet normal -0.970022 0.243015 0
    outer loop
      vertex 81.3751 47.7319 11.2
      vertex 81.2201 47.1132 6.2
      vertex 81.2201 47.1132 11.2
    endloop
  endfacet
  facet normal -0.740904 0.671611 0
    outer loop
      vertex 79.5962 44.4038 6.2
      vertex 80.0246 44.8764 11.2
      vertex 80.0246 44.8764 6.2
    endloop
  endfacet
  facet normal -0.740904 0.671611 0
    outer loop
      vertex 80.0246 44.8764 11.2
      vertex 79.5962 44.4038 6.2
      vertex 79.5962 44.4038 11.2
    endloop
  endfacet
  facet normal -0.14673 0.989177 0
    outer loop
      vertex 76.2681 42.6249 6.2
      vertex 75.6371 42.5313 11.2
      vertex 76.2681 42.6249 11.2
    endloop
  endfacet
  facet normal -0.14673 0.989177 0
    outer loop
      vertex 75.6371 42.5313 11.2
      vertex 76.2681 42.6249 6.2
      vertex 75.6371 42.5313 6.2
    endloop
  endfacet
  facet normal 0.989177 -0.14673 0
    outer loop
      vertex 68.5313 49.6371 11.2
      vertex 68.6249 50.2681 6.2
      vertex 68.6249 50.2681 11.2
    endloop
  endfacet
  facet normal 0.989177 -0.14673 0
    outer loop
      vertex 68.6249 50.2681 6.2
      vertex 68.5313 49.6371 11.2
      vertex 68.5313 49.6371 6.2
    endloop
  endfacet
  facet normal 0 0 1
    outer loop
      vertex 78.25 49 6.2
      vertex 81.5 49 6.2
      vertex 81.4687 49.6371 6.2
    endloop
  endfacet
  facet normal 0 0 1
    outer loop
      vertex 78.2344 49.3186 6.2
      vertex 81.4687 49.6371 6.2
      vertex 81.3751 50.2681 6.2
    endloop
  endfacet
  facet normal 0 0 1
    outer loop
      vertex 81.5 49 6.2
      vertex 78.25 49 6.2
      vertex 81.4687 48.3629 6.2
    endloop
  endfacet
  facet normal 0 0 1
    outer loop
      vertex 78.1876 49.634 6.2
      vertex 81.3751 50.2681 6.2
      vertex 81.2201 50.8869 6.2
    endloop
  endfacet
  facet normal -0 0 1
    outer loop
      vertex 78.2344 48.6814 6.2
      vertex 81.4687 48.3629 6.2
      vertex 78.25 49 6.2
    endloop
  endfacet
  facet normal 0 0 1
    outer loop
      vertex 78.1101 49.9434 6.2
      vertex 81.2201 50.8869 6.2
      vertex 81.0052 51.4874 6.2
    endloop
  endfacet
  facet normal 0 0 1
    outer loop
      vertex 81.4687 48.3629 6.2
      vertex 78.2344 48.6814 6.2
      vertex 81.3751 47.7319 6.2
    endloop
  endfacet
  facet normal 0 0 1
    outer loop
      vertex 78.0026 50.2437 6.2
      vertex 81.0052 51.4874 6.2
      vertex 80.7325 52.0641 6.2
    endloop
  endfacet
  facet normal -0 0 1
    outer loop
      vertex 78.1876 48.366 6.2
      vertex 81.3751 47.7319 6.2
      vertex 78.2344 48.6814 6.2
    endloop
  endfacet
  facet normal 0 0 1
    outer loop
      vertex 77.8662 50.532 6.2
      vertex 80.7325 52.0641 6.2
      vertex 80.4046 52.6112 6.2
    endloop
  endfacet
  facet normal 0 0 1
    outer loop
      vertex 81.3751 47.7319 6.2
      vertex 78.1876 48.366 6.2
      vertex 81.2201 47.1132 6.2
    endloop
  endfacet
  facet normal 0 0 1
    outer loop
      vertex 77.7023 50.8056 6.2
      vertex 80.4046 52.6112 6.2
      vertex 80.0246 53.1236 6.2
    endloop
  endfacet
  facet normal -0 0 1
    outer loop
      vertex 78.1101 48.0566 6.2
      vertex 81.2201 47.1132 6.2
      vertex 78.1876 48.366 6.2
    endloop
  endfacet
  facet normal 0 0 1
    outer loop
      vertex 77.5123 51.0618 6.2
      vertex 80.0246 53.1236 6.2
      vertex 79.5962 53.5962 6.2
    endloop
  endfacet
  facet normal 0 0 1
    outer loop
      vertex 81.2201 47.1132 6.2
      vertex 78.1101 48.0566 6.2
      vertex 81.0052 46.5126 6.2
    endloop
  endfacet
  facet normal 0 0 1
    outer loop
      vertex 77.2981 51.2981 6.2
      vertex 79.5962 53.5962 6.2
      vertex 79.1236 54.0246 6.2
    endloop
  endfacet
  facet normal -0 0 1
    outer loop
      vertex 78.0026 47.7563 6.2
      vertex 81.0052 46.5126 6.2
      vertex 78.1101 48.0566 6.2
    endloop
  endfacet
  facet normal 0 0 1
    outer loop
      vertex 77.0618 51.5123 6.2
      vertex 79.1236 54.0246 6.2
      vertex 78.6112 54.4046 6.2
    endloop
  endfacet
  facet normal 0 0 1
    outer loop
      vertex 81.0052 46.5126 6.2
      vertex 78.0026 47.7563 6.2
      vertex 80.7325 45.9359 6.2
    endloop
  endfacet
  facet normal -0 0 1
    outer loop
      vertex 77.8662 47.468 6.2
      vertex 80.7325 45.9359 6.2
      vertex 78.0026 47.7563 6.2
    endloop
  endfacet
  facet normal 0 0 1
    outer loop
      vertex 81.4687 49.6371 6.2
      vertex 78.2344 49.3186 6.2
      vertex 78.25 49 6.2
    endloop
  endfacet
  facet normal 0 0 1
    outer loop
      vertex 81.3751 50.2681 6.2
      vertex 78.1876 49.634 6.2
      vertex 78.2344 49.3186 6.2
    endloop
  endfacet
  facet normal 0 0 1
    outer loop
      vertex 81.2201 50.8869 6.2
      vertex 78.1101 49.9434 6.2
      vertex 78.1876 49.634 6.2
    endloop
  endfacet
  facet normal 0 0 1
    outer loop
      vertex 76.8056 51.7023 6.2
      vertex 78.6112 54.4046 6.2
      vertex 78.0641 54.7325 6.2
    endloop
  endfacet
  facet normal 0 0 1
    outer loop
      vertex 81.0052 51.4874 6.2
      vertex 78.0026 50.2437 6.2
      vertex 78.1101 49.9434 6.2
    endloop
  endfacet
  facet normal 0 0 1
    outer loop
      vertex 80.7325 52.0641 6.2
      vertex 77.8662 50.532 6.2
      vertex 78.0026 50.2437 6.2
    endloop
  endfacet
  facet normal 0 0 1
    outer loop
      vertex 80.4046 52.6112 6.2
      vertex 77.7023 50.8056 6.2
      vertex 77.8662 50.532 6.2
    endloop
  endfacet
  facet normal 0 0 1
    outer loop
      vertex 80.0246 53.1236 6.2
      vertex 77.5123 51.0618 6.2
      vertex 77.7023 50.8056 6.2
    endloop
  endfacet
  facet normal 0 0 1
    outer loop
      vertex 76.532 51.8662 6.2
      vertex 78.0641 54.7325 6.2
      vertex 77.4874 55.0052 6.2
    endloop
  endfacet
  facet normal 0 0 1
    outer loop
      vertex 79.5962 53.5962 6.2
      vertex 77.2981 51.2981 6.2
      vertex 77.5123 51.0618 6.2
    endloop
  endfacet
  facet normal 0 0 1
    outer loop
      vertex 79.1236 54.0246 6.2
      vertex 77.0618 51.5123 6.2
      vertex 77.2981 51.2981 6.2
    endloop
  endfacet
  facet normal 0 0 1
    outer loop
      vertex 76.2437 52.0026 6.2
      vertex 77.4874 55.0052 6.2
      vertex 76.8868 55.2201 6.2
    endloop
  endfacet
  facet normal 0 0 1
    outer loop
      vertex 78.6112 54.4046 6.2
      vertex 76.8056 51.7023 6.2
      vertex 77.0618 51.5123 6.2
    endloop
  endfacet
  facet normal 0 0 1
    outer loop
      vertex 78.0641 54.7325 6.2
      vertex 76.532 51.8662 6.2
      vertex 76.8056 51.7023 6.2
    endloop
  endfacet
  facet normal 0 0 1
    outer loop
      vertex 75.9434 52.1101 6.2
      vertex 76.8868 55.2201 6.2
      vertex 76.2681 55.3751 6.2
    endloop
  endfacet
  facet normal 0 0 1
    outer loop
      vertex 77.4874 55.0052 6.2
      vertex 76.2437 52.0026 6.2
      vertex 76.532 51.8662 6.2
    endloop
  endfacet
  facet normal 0 0 1
    outer loop
      vertex 76.8868 55.2201 6.2
      vertex 75.9434 52.1101 6.2
      vertex 76.2437 52.0026 6.2
    endloop
  endfacet
  facet normal 0 0 1
    outer loop
      vertex 75.634 52.1876 6.2
      vertex 76.2681 55.3751 6.2
      vertex 75.6371 55.4687 6.2
    endloop
  endfacet
  facet normal 0 0 1
    outer loop
      vertex 76.2681 55.3751 6.2
      vertex 75.634 52.1876 6.2
      vertex 75.9434 52.1101 6.2
    endloop
  endfacet
  facet normal 0 0 1
    outer loop
      vertex 75.6371 55.4687 6.2
      vertex 75.3186 52.2344 6.2
      vertex 75.634 52.1876 6.2
    endloop
  endfacet
  facet normal 0 0 1
    outer loop
      vertex 75 55.5 6.2
      vertex 75.3186 52.2344 6.2
      vertex 75.6371 55.4687 6.2
    endloop
  endfacet
  facet normal 0 0 1
    outer loop
      vertex 75 55.5 6.2
      vertex 75 52.25 6.2
      vertex 75.3186 52.2344 6.2
    endloop
  endfacet
  facet normal 0 0 1
    outer loop
      vertex 75 55.5 6.2
      vertex 74.6814 52.2344 6.2
      vertex 75 52.25 6.2
    endloop
  endfacet
  facet normal -0 0 1
    outer loop
      vertex 74.3629 55.4687 6.2
      vertex 74.6814 52.2344 6.2
      vertex 75 55.5 6.2
    endloop
  endfacet
  facet normal 0 0 1
    outer loop
      vertex 74.6814 52.2344 6.2
      vertex 74.3629 55.4687 6.2
      vertex 74.366 52.1876 6.2
    endloop
  endfacet
  facet normal -0 0 1
    outer loop
      vertex 73.7319 55.3751 6.2
      vertex 74.366 52.1876 6.2
      vertex 74.3629 55.4687 6.2
    endloop
  endfacet
  facet normal 0 0 1
    outer loop
      vertex 74.366 52.1876 6.2
      vertex 73.7319 55.3751 6.2
      vertex 74.0566 52.1101 6.2
    endloop
  endfacet
  facet normal -0 0 1
    outer loop
      vertex 73.1132 55.2201 6.2
      vertex 74.0566 52.1101 6.2
      vertex 73.7319 55.3751 6.2
    endloop
  endfacet
  facet normal 0 0 1
    outer loop
      vertex 74.0566 52.1101 6.2
      vertex 73.1132 55.2201 6.2
      vertex 73.7563 52.0026 6.2
    endloop
  endfacet
  facet normal -0 0 1
    outer loop
      vertex 72.5126 55.0052 6.2
      vertex 73.7563 52.0026 6.2
      vertex 73.1132 55.2201 6.2
    endloop
  endfacet
  facet normal 0 0 1
    outer loop
      vertex 73.7563 52.0026 6.2
      vertex 72.5126 55.0052 6.2
      vertex 73.468 51.8662 6.2
    endloop
  endfacet
  facet normal -0 0 1
    outer loop
      vertex 71.9359 54.7325 6.2
      vertex 73.468 51.8662 6.2
      vertex 72.5126 55.0052 6.2
    endloop
  endfacet
  facet normal 0 0 1
    outer loop
      vertex 73.468 51.8662 6.2
      vertex 71.9359 54.7325 6.2
      vertex 73.1944 51.7023 6.2
    endloop
  endfacet
  facet normal -0 0 1
    outer loop
      vertex 71.3888 54.4046 6.2
      vertex 73.1944 51.7023 6.2
      vertex 71.9359 54.7325 6.2
    endloop
  endfacet
  facet normal 0 0 1
    outer loop
      vertex 73.1944 51.7023 6.2
      vertex 71.3888 54.4046 6.2
      vertex 72.9382 51.5123 6.2
    endloop
  endfacet
  facet normal -0 0 1
    outer loop
      vertex 70.8764 54.0246 6.2
      vertex 72.9382 51.5123 6.2
      vertex 71.3888 54.4046 6.2
    endloop
  endfacet
  facet normal 0 0 1
    outer loop
      vertex 72.9382 51.5123 6.2
      vertex 70.8764 54.0246 6.2
      vertex 72.7019 51.2981 6.2
    endloop
  endfacet
  facet normal -0 0 1
    outer loop
      vertex 70.4038 53.5962 6.2
      vertex 72.7019 51.2981 6.2
      vertex 70.8764 54.0246 6.2
    endloop
  endfacet
  facet normal 0 0 1
    outer loop
      vertex 72.7019 51.2981 6.2
      vertex 70.4038 53.5962 6.2
      vertex 72.4877 51.0618 6.2
    endloop
  endfacet
  facet normal -0 0 1
    outer loop
      vertex 69.9754 53.1236 6.2
      vertex 72.4877 51.0618 6.2
      vertex 70.4038 53.5962 6.2
    endloop
  endfacet
  facet normal 0 0 1
    outer loop
      vertex 72.4877 51.0618 6.2
      vertex 69.9754 53.1236 6.2
      vertex 72.2977 50.8056 6.2
    endloop
  endfacet
  facet normal -0 0 1
    outer loop
      vertex 69.5954 52.6112 6.2
      vertex 72.2977 50.8056 6.2
      vertex 69.9754 53.1236 6.2
    endloop
  endfacet
  facet normal 0 0 1
    outer loop
      vertex 72.2977 50.8056 6.2
      vertex 69.5954 52.6112 6.2
      vertex 72.1338 50.532 6.2
    endloop
  endfacet
  facet normal -0 0 1
    outer loop
      vertex 69.2675 52.0641 6.2
      vertex 72.1338 50.532 6.2
      vertex 69.5954 52.6112 6.2
    endloop
  endfacet
  facet normal 0 0 1
    outer loop
      vertex 80.7325 45.9359 6.2
      vertex 77.8662 47.468 6.2
      vertex 80.4046 45.3888 6.2
    endloop
  endfacet
  facet normal -0 0 1
    outer loop
      vertex 77.7023 47.1944 6.2
      vertex 80.4046 45.3888 6.2
      vertex 77.8662 47.468 6.2
    endloop
  endfacet
  facet normal 0 0 1
    outer loop
      vertex 80.4046 45.3888 6.2
      vertex 77.7023 47.1944 6.2
      vertex 80.0246 44.8764 6.2
    endloop
  endfacet
  facet normal -0 0 1
    outer loop
      vertex 77.5123 46.9382 6.2
      vertex 80.0246 44.8764 6.2
      vertex 77.7023 47.1944 6.2
    endloop
  endfacet
  facet normal 0 0 1
    outer loop
      vertex 80.0246 44.8764 6.2
      vertex 77.5123 46.9382 6.2
      vertex 79.5962 44.4038 6.2
    endloop
  endfacet
  facet normal -0 0 1
    outer loop
      vertex 77.2981 46.7019 6.2
      vertex 79.5962 44.4038 6.2
      vertex 77.5123 46.9382 6.2
    endloop
  endfacet
  facet normal 0 0 1
    outer loop
      vertex 79.5962 44.4038 6.2
      vertex 77.2981 46.7019 6.2
      vertex 79.1236 43.9754 6.2
    endloop
  endfacet
  facet normal -0 0 1
    outer loop
      vertex 77.0618 46.4877 6.2
      vertex 79.1236 43.9754 6.2
      vertex 77.2981 46.7019 6.2
    endloop
  endfacet
  facet normal 0 0 1
    outer loop
      vertex 79.1236 43.9754 6.2
      vertex 77.0618 46.4877 6.2
      vertex 78.6112 43.5954 6.2
    endloop
  endfacet
  facet normal -0 0 1
    outer loop
      vertex 76.8056 46.2977 6.2
      vertex 78.6112 43.5954 6.2
      vertex 77.0618 46.4877 6.2
    endloop
  endfacet
  facet normal 0 0 1
    outer loop
      vertex 78.6112 43.5954 6.2
      vertex 76.8056 46.2977 6.2
      vertex 78.0641 43.2675 6.2
    endloop
  endfacet
  facet normal -0 0 1
    outer loop
      vertex 76.532 46.1338 6.2
      vertex 78.0641 43.2675 6.2
      vertex 76.8056 46.2977 6.2
    endloop
  endfacet
  facet normal 0 0 1
    outer loop
      vertex 78.0641 43.2675 6.2
      vertex 76.532 46.1338 6.2
      vertex 77.4874 42.9948 6.2
    endloop
  endfacet
  facet normal -0 0 1
    outer loop
      vertex 76.2437 45.9974 6.2
      vertex 77.4874 42.9948 6.2
      vertex 76.532 46.1338 6.2
    endloop
  endfacet
  facet normal 0 0 1
    outer loop
      vertex 77.4874 42.9948 6.2
      vertex 76.2437 45.9974 6.2
      vertex 76.8868 42.7799 6.2
    endloop
  endfacet
  facet normal -0 0 1
    outer loop
      vertex 75.9434 45.8899 6.2
      vertex 76.8868 42.7799 6.2
      vertex 76.2437 45.9974 6.2
    endloop
  endfacet
  facet normal 0 0 1
    outer loop
      vertex 76.8868 42.7799 6.2
      vertex 75.9434 45.8899 6.2
      vertex 76.2681 42.6249 6.2
    endloop
  endfacet
  facet normal -0 0 1
    outer loop
      vertex 75.634 45.8124 6.2
      vertex 76.2681 42.6249 6.2
      vertex 75.9434 45.8899 6.2
    endloop
  endfacet
  facet normal 0 0 1
    outer loop
      vertex 76.2681 42.6249 6.2
      vertex 75.634 45.8124 6.2
      vertex 75.6371 42.5313 6.2
    endloop
  endfacet
  facet normal -0 0 1
    outer loop
      vertex 75.3186 45.7656 6.2
      vertex 75.6371 42.5313 6.2
      vertex 75.634 45.8124 6.2
    endloop
  endfacet
  facet normal -0 0 1
    outer loop
      vertex 75 45.75 6.2
      vertex 75.6371 42.5313 6.2
      vertex 75.3186 45.7656 6.2
    endloop
  endfacet
  facet normal 0 0 1
    outer loop
      vertex 75 45.75 6.2
      vertex 75 42.5 6.2
      vertex 75.6371 42.5313 6.2
    endloop
  endfacet
  facet normal 0 0 1
    outer loop
      vertex 74.6814 45.7656 6.2
      vertex 75 42.5 6.2
      vertex 75 45.75 6.2
    endloop
  endfacet
  facet normal 0 0 1
    outer loop
      vertex 74.3629 42.5313 6.2
      vertex 74.6814 45.7656 6.2
      vertex 74.366 45.8124 6.2
    endloop
  endfacet
  facet normal 0 0 1
    outer loop
      vertex 74.6814 45.7656 6.2
      vertex 74.3629 42.5313 6.2
      vertex 75 42.5 6.2
    endloop
  endfacet
  facet normal 0 0 1
    outer loop
      vertex 73.7319 42.6249 6.2
      vertex 74.366 45.8124 6.2
      vertex 74.0566 45.8899 6.2
    endloop
  endfacet
  facet normal 0 0 1
    outer loop
      vertex 73.1132 42.7799 6.2
      vertex 74.0566 45.8899 6.2
      vertex 73.7563 45.9974 6.2
    endloop
  endfacet
  facet normal 0 0 1
    outer loop
      vertex 74.366 45.8124 6.2
      vertex 73.7319 42.6249 6.2
      vertex 74.3629 42.5313 6.2
    endloop
  endfacet
  facet normal 0 0 1
    outer loop
      vertex 72.5126 42.9948 6.2
      vertex 73.7563 45.9974 6.2
      vertex 73.468 46.1338 6.2
    endloop
  endfacet
  facet normal 0 0 1
    outer loop
      vertex 71.9359 43.2675 6.2
      vertex 73.468 46.1338 6.2
      vertex 73.1944 46.2977 6.2
    endloop
  endfacet
  facet normal 0 0 1
    outer loop
      vertex 74.0566 45.8899 6.2
      vertex 73.1132 42.7799 6.2
      vertex 73.7319 42.6249 6.2
    endloop
  endfacet
  facet normal 0 0 1
    outer loop
      vertex 71.3888 43.5954 6.2
      vertex 73.1944 46.2977 6.2
      vertex 72.9382 46.4877 6.2
    endloop
  endfacet
  facet normal 0 0 1
    outer loop
      vertex 70.8764 43.9754 6.2
      vertex 72.9382 46.4877 6.2
      vertex 72.7019 46.7019 6.2
    endloop
  endfacet
  facet normal 0 0 1
    outer loop
      vertex 73.7563 45.9974 6.2
      vertex 72.5126 42.9948 6.2
      vertex 73.1132 42.7799 6.2
    endloop
  endfacet
  facet normal 0 0 1
    outer loop
      vertex 70.4038 44.4038 6.2
      vertex 72.7019 46.7019 6.2
      vertex 72.4877 46.9382 6.2
    endloop
  endfacet
  facet normal 0 0 1
    outer loop
      vertex 69.9754 44.8764 6.2
      vertex 72.4877 46.9382 6.2
      vertex 72.2977 47.1944 6.2
    endloop
  endfacet
  facet normal 0 0 1
    outer loop
      vertex 69.5954 45.3888 6.2
      vertex 72.2977 47.1944 6.2
      vertex 72.1338 47.468 6.2
    endloop
  endfacet
  facet normal 0 0 1
    outer loop
      vertex 69.2675 45.9359 6.2
      vertex 72.1338 47.468 6.2
      vertex 71.9974 47.7563 6.2
    endloop
  endfacet
  facet normal 0 0 1
    outer loop
      vertex 73.468 46.1338 6.2
      vertex 71.9359 43.2675 6.2
      vertex 72.5126 42.9948 6.2
    endloop
  endfacet
  facet normal 0 0 1
    outer loop
      vertex 68.9948 46.5126 6.2
      vertex 71.9974 47.7563 6.2
      vertex 71.8899 48.0566 6.2
    endloop
  endfacet
  facet normal 0 0 1
    outer loop
      vertex 68.7799 47.1132 6.2
      vertex 71.8899 48.0566 6.2
      vertex 71.8124 48.366 6.2
    endloop
  endfacet
  facet normal 0 0 1
    outer loop
      vertex 68.6249 47.7319 6.2
      vertex 71.8124 48.366 6.2
      vertex 71.7656 48.6814 6.2
    endloop
  endfacet
  facet normal 0 0 1
    outer loop
      vertex 68.5313 48.3629 6.2
      vertex 71.7656 48.6814 6.2
      vertex 71.75 49 6.2
    endloop
  endfacet
  facet normal 0 0 1
    outer loop
      vertex 72.1338 50.532 6.2
      vertex 69.2675 52.0641 6.2
      vertex 71.9974 50.2437 6.2
    endloop
  endfacet
  facet normal 0 0 1
    outer loop
      vertex 73.1944 46.2977 6.2
      vertex 71.3888 43.5954 6.2
      vertex 71.9359 43.2675 6.2
    endloop
  endfacet
  facet normal -0 0 1
    outer loop
      vertex 68.9948 51.4874 6.2
      vertex 71.9974 50.2437 6.2
      vertex 69.2675 52.0641 6.2
    endloop
  endfacet
  facet normal 0 0 1
    outer loop
      vertex 72.9382 46.4877 6.2
      vertex 70.8764 43.9754 6.2
      vertex 71.3888 43.5954 6.2
    endloop
  endfacet
  facet normal 0 0 1
    outer loop
      vertex 71.9974 50.2437 6.2
      vertex 68.9948 51.4874 6.2
      vertex 71.8899 49.9434 6.2
    endloop
  endfacet
  facet normal 0 0 1
    outer loop
      vertex 72.7019 46.7019 6.2
      vertex 70.4038 44.4038 6.2
      vertex 70.8764 43.9754 6.2
    endloop
  endfacet
  facet normal -0 0 1
    outer loop
      vertex 68.7799 50.8869 6.2
      vertex 71.8899 49.9434 6.2
      vertex 68.9948 51.4874 6.2
    endloop
  endfacet
  facet normal 0 0 1
    outer loop
      vertex 72.4877 46.9382 6.2
      vertex 69.9754 44.8764 6.2
      vertex 70.4038 44.4038 6.2
    endloop
  endfacet
  facet normal 0 0 1
    outer loop
      vertex 71.8899 49.9434 6.2
      vertex 68.7799 50.8869 6.2
      vertex 71.8124 49.634 6.2
    endloop
  endfacet
  facet normal 0 0 1
    outer loop
      vertex 72.2977 47.1944 6.2
      vertex 69.5954 45.3888 6.2
      vertex 69.9754 44.8764 6.2
    endloop
  endfacet
  facet normal -0 0 1
    outer loop
      vertex 68.6249 50.2681 6.2
      vertex 71.8124 49.634 6.2
      vertex 68.7799 50.8869 6.2
    endloop
  endfacet
  facet normal 0 0 1
    outer loop
      vertex 72.1338 47.468 6.2
      vertex 69.2675 45.9359 6.2
      vertex 69.5954 45.3888 6.2
    endloop
  endfacet
  facet normal 0 0 1
    outer loop
      vertex 71.8124 49.634 6.2
      vertex 68.6249 50.2681 6.2
      vertex 71.7656 49.3186 6.2
    endloop
  endfacet
  facet normal 0 0 1
    outer loop
      vertex 71.9974 47.7563 6.2
      vertex 68.9948 46.5126 6.2
      vertex 69.2675 45.9359 6.2
    endloop
  endfacet
  facet normal -0 0 1
    outer loop
      vertex 68.5313 49.6371 6.2
      vertex 71.7656 49.3186 6.2
      vertex 68.6249 50.2681 6.2
    endloop
  endfacet
  facet normal 0 0 1
    outer loop
      vertex 71.8899 48.0566 6.2
      vertex 68.7799 47.1132 6.2
      vertex 68.9948 46.5126 6.2
    endloop
  endfacet
  facet normal 0 0 1
    outer loop
      vertex 71.7656 49.3186 6.2
      vertex 68.5313 49.6371 6.2
      vertex 71.75 49 6.2
    endloop
  endfacet
  facet normal 0 0 1
    outer loop
      vertex 71.8124 48.366 6.2
      vertex 68.6249 47.7319 6.2
      vertex 68.7799 47.1132 6.2
    endloop
  endfacet
  facet normal 0 0 1
    outer loop
      vertex 68.5 49 6.2
      vertex 71.75 49 6.2
      vertex 68.5313 49.6371 6.2
    endloop
  endfacet
  facet normal 0 0 1
    outer loop
      vertex 71.7656 48.6814 6.2
      vertex 68.5313 48.3629 6.2
      vertex 68.6249 47.7319 6.2
    endloop
  endfacet
  facet normal 0 0 1
    outer loop
      vertex 71.75 49 6.2
      vertex 68.5 49 6.2
      vertex 68.5313 48.3629 6.2
    endloop
  endfacet
  facet normal -0.514081 -0.857742 0
    outer loop
      vertex 78.0641 54.7325 6.2
      vertex 78.6112 54.4046 11.2
      vertex 78.0641 54.7325 11.2
    endloop
  endfacet
  facet normal -0.514081 -0.857742 -0
    outer loop
      vertex 78.6112 54.4046 11.2
      vertex 78.0641 54.7325 6.2
      vertex 78.6112 54.4046 6.2
    endloop
  endfacet
  facet normal 0.970032 -0.242978 0
    outer loop
      vertex 68.6249 50.2681 11.2
      vertex 68.7799 50.8869 6.2
      vertex 68.7799 50.8869 11.2
    endloop
  endfacet
  facet normal 0.970032 -0.242978 0
    outer loop
      vertex 68.7799 50.8869 6.2
      vertex 68.6249 50.2681 11.2
      vertex 68.6249 50.2681 6.2
    endloop
  endfacet
  facet normal -0.941525 -0.336942 0
    outer loop
      vertex 81.2201 50.8869 6.2
      vertex 81.0052 51.4874 11.2
      vertex 81.0052 51.4874 6.2
    endloop
  endfacet
  facet normal -0.941525 -0.336942 0
    outer loop
      vertex 81.0052 51.4874 11.2
      vertex 81.2201 50.8869 6.2
      vertex 81.2201 50.8869 11.2
    endloop
  endfacet
  facet normal -0.243015 -0.970022 0
    outer loop
      vertex 76.2681 55.3751 6.2
      vertex 76.8868 55.2201 11.2
      vertex 76.2681 55.3751 11.2
    endloop
  endfacet
  facet normal -0.243015 -0.970022 -0
    outer loop
      vertex 76.8868 55.2201 11.2
      vertex 76.2681 55.3751 6.2
      vertex 76.8868 55.2201 6.2
    endloop
  endfacet
  facet normal -0.0490697 -0.998795 0
    outer loop
      vertex 75 55.5 6.2
      vertex 75.6371 55.4687 11.2
      vertex 75 55.5 11.2
    endloop
  endfacet
  facet normal -0.0490697 -0.998795 -0
    outer loop
      vertex 75.6371 55.4687 11.2
      vertex 75 55.5 6.2
      vertex 75.6371 55.4687 6.2
    endloop
  endfacet
  facet normal -0.42748 0.904025 0
    outer loop
      vertex 78.0641 43.2675 6.2
      vertex 77.4874 42.9948 11.2
      vertex 78.0641 43.2675 11.2
    endloop
  endfacet
  facet normal -0.42748 0.904025 0
    outer loop
      vertex 77.4874 42.9948 11.2
      vertex 78.0641 43.2675 6.2
      vertex 77.4874 42.9948 6.2
    endloop
  endfacet
  facet normal 0.0490697 -0.998795 0
    outer loop
      vertex 74.3629 55.4687 6.2
      vertex 75 55.5 11.2
      vertex 74.3629 55.4687 11.2
    endloop
  endfacet
  facet normal 0.0490697 -0.998795 0
    outer loop
      vertex 75 55.5 11.2
      vertex 74.3629 55.4687 6.2
      vertex 75 55.5 6.2
    endloop
  endfacet
  facet normal -0.989177 0.14673 0
    outer loop
      vertex 81.3751 47.7319 6.2
      vertex 81.4687 48.3629 11.2
      vertex 81.4687 48.3629 6.2
    endloop
  endfacet
  facet normal -0.989177 0.14673 0
    outer loop
      vertex 81.4687 48.3629 11.2
      vertex 81.3751 47.7319 6.2
      vertex 81.3751 47.7319 11.2
    endloop
  endfacet
  facet normal -0.857742 -0.514081 0
    outer loop
      vertex 80.7325 52.0641 6.2
      vertex 80.4046 52.6112 11.2
      vertex 80.4046 52.6112 6.2
    endloop
  endfacet
  facet normal -0.857742 -0.514081 0
    outer loop
      vertex 80.4046 52.6112 11.2
      vertex 80.7325 52.0641 6.2
      vertex 80.7325 52.0641 11.2
    endloop
  endfacet
  facet normal 0.671611 -0.740904 0
    outer loop
      vertex 70.4038 53.5962 6.2
      vertex 70.8764 54.0246 11.2
      vertex 70.4038 53.5962 11.2
    endloop
  endfacet
  facet normal 0.671611 -0.740904 0
    outer loop
      vertex 70.8764 54.0246 11.2
      vertex 70.4038 53.5962 6.2
      vertex 70.8764 54.0246 6.2
    endloop
  endfacet
  facet normal -0.243015 0.970022 0
    outer loop
      vertex 76.8868 42.7799 6.2
      vertex 76.2681 42.6249 11.2
      vertex 76.8868 42.7799 11.2
    endloop
  endfacet
  facet normal -0.243015 0.970022 0
    outer loop
      vertex 76.2681 42.6249 11.2
      vertex 76.8868 42.7799 6.2
      vertex 76.2681 42.6249 6.2
    endloop
  endfacet
  facet normal 0.0490697 0.998795 -0
    outer loop
      vertex 75 42.5 6.2
      vertex 74.3629 42.5313 11.2
      vertex 75 42.5 11.2
    endloop
  endfacet
  facet normal 0.0490697 0.998795 0
    outer loop
      vertex 74.3629 42.5313 11.2
      vertex 75 42.5 6.2
      vertex 74.3629 42.5313 6.2
    endloop
  endfacet
  facet normal 0.740904 -0.671611 0
    outer loop
      vertex 69.9754 53.1236 11.2
      vertex 70.4038 53.5962 6.2
      vertex 70.4038 53.5962 11.2
    endloop
  endfacet
  facet normal 0.740904 -0.671611 0
    outer loop
      vertex 70.4038 53.5962 6.2
      vertex 69.9754 53.1236 11.2
      vertex 69.9754 53.1236 6.2
    endloop
  endfacet
  facet normal 0.941525 -0.336942 0
    outer loop
      vertex 68.7799 50.8869 11.2
      vertex 68.9948 51.4874 6.2
      vertex 68.9948 51.4874 11.2
    endloop
  endfacet
  facet normal 0.941525 -0.336942 0
    outer loop
      vertex 68.9948 51.4874 6.2
      vertex 68.7799 50.8869 11.2
      vertex 68.7799 50.8869 6.2
    endloop
  endfacet
  facet normal -0.904025 0.42748 0
    outer loop
      vertex 80.7325 45.9359 6.2
      vertex 81.0052 46.5126 11.2
      vertex 81.0052 46.5126 6.2
    endloop
  endfacet
  facet normal -0.904025 0.42748 0
    outer loop
      vertex 81.0052 46.5126 11.2
      vertex 80.7325 45.9359 6.2
      vertex 80.7325 45.9359 11.2
    endloop
  endfacet
  facet normal -0.0490697 0.998795 0
    outer loop
      vertex 75.6371 42.5313 6.2
      vertex 75 42.5 11.2
      vertex 75.6371 42.5313 11.2
    endloop
  endfacet
  facet normal -0.0490697 0.998795 0
    outer loop
      vertex 75 42.5 11.2
      vertex 75.6371 42.5313 6.2
      vertex 75 42.5 6.2
    endloop
  endfacet
  facet normal -0.941543 0.336892 0
    outer loop
      vertex 81.0052 46.5126 6.2
      vertex 81.2201 47.1132 11.2
      vertex 81.2201 47.1132 6.2
    endloop
  endfacet
  facet normal -0.941543 0.336892 0
    outer loop
      vertex 81.2201 47.1132 11.2
      vertex 81.0052 46.5126 6.2
      vertex 81.0052 46.5126 11.2
    endloop
  endfacet
  facet normal 0.998795 -0.0490697 0
    outer loop
      vertex 68.5 49 11.2
      vertex 68.5313 49.6371 6.2
      vertex 68.5313 49.6371 11.2
    endloop
  endfacet
  facet normal 0.998795 -0.0490697 0
    outer loop
      vertex 68.5313 49.6371 6.2
      vertex 68.5 49 11.2
      vertex 68.5 49 6.2
    endloop
  endfacet
  facet normal -0.740904 -0.671611 0
    outer loop
      vertex 80.0246 53.1236 6.2
      vertex 79.5962 53.5962 11.2
      vertex 79.5962 53.5962 6.2
    endloop
  endfacet
  facet normal -0.740904 -0.671611 0
    outer loop
      vertex 79.5962 53.5962 11.2
      vertex 80.0246 53.1236 6.2
      vertex 80.0246 53.1236 11.2
    endloop
  endfacet
  facet normal -0.595677 0.803224 0
    outer loop
      vertex 79.1236 43.9754 6.2
      vertex 78.6112 43.5954 11.2
      vertex 79.1236 43.9754 11.2
    endloop
  endfacet
  facet normal -0.595677 0.803224 0
    outer loop
      vertex 78.6112 43.5954 11.2
      vertex 79.1236 43.9754 6.2
      vertex 78.6112 43.5954 6.2
    endloop
  endfacet
  facet normal -0.857742 0.514081 0
    outer loop
      vertex 80.4046 45.3888 6.2
      vertex 80.7325 45.9359 11.2
      vertex 80.7325 45.9359 6.2
    endloop
  endfacet
  facet normal -0.857742 0.514081 0
    outer loop
      vertex 80.7325 45.9359 11.2
      vertex 80.4046 45.3888 6.2
      vertex 80.4046 45.3888 11.2
    endloop
  endfacet
  facet normal 0.857742 -0.514081 0
    outer loop
      vertex 69.2675 52.0641 11.2
      vertex 69.5954 52.6112 6.2
      vertex 69.5954 52.6112 11.2
    endloop
  endfacet
  facet normal 0.857742 -0.514081 0
    outer loop
      vertex 69.5954 52.6112 6.2
      vertex 69.2675 52.0641 11.2
      vertex 69.2675 52.0641 6.2
    endloop
  endfacet
  facet normal 0.857742 0.514081 0
    outer loop
      vertex 69.5954 45.3888 11.2
      vertex 69.2675 45.9359 6.2
      vertex 69.2675 45.9359 11.2
    endloop
  endfacet
  facet normal 0.857742 0.514081 0
    outer loop
      vertex 69.2675 45.9359 6.2
      vertex 69.5954 45.3888 11.2
      vertex 69.5954 45.3888 6.2
    endloop
  endfacet
  facet normal 0.998795 0.0490697 0
    outer loop
      vertex 68.5313 48.3629 11.2
      vertex 68.5 49 6.2
      vertex 68.5 49 11.2
    endloop
  endfacet
  facet normal 0.998795 0.0490697 0
    outer loop
      vertex 68.5 49 6.2
      vertex 68.5313 48.3629 11.2
      vertex 68.5313 48.3629 6.2
    endloop
  endfacet
  facet normal 0.14673 0.989177 -0
    outer loop
      vertex 74.3629 42.5313 6.2
      vertex 73.7319 42.6249 11.2
      vertex 74.3629 42.5313 11.2
    endloop
  endfacet
  facet normal 0.14673 0.989177 0
    outer loop
      vertex 73.7319 42.6249 11.2
      vertex 74.3629 42.5313 6.2
      vertex 73.7319 42.6249 6.2
    endloop
  endfacet
  facet normal 0.803224 -0.595677 0
    outer loop
      vertex 69.5954 52.6112 11.2
      vertex 69.9754 53.1236 6.2
      vertex 69.9754 53.1236 11.2
    endloop
  endfacet
  facet normal 0.803224 -0.595677 0
    outer loop
      vertex 69.9754 53.1236 6.2
      vertex 69.5954 52.6112 11.2
      vertex 69.5954 52.6112 6.2
    endloop
  endfacet
  facet normal 0.336852 0 0.941558
    outer loop
      vertex 69.4894 7.2 31.6961
      vertex 70.8199 0 31.2201
      vertex 70.8199 7.2 31.2201
    endloop
  endfacet
  facet normal 0.336852 0 0.941558
    outer loop
      vertex 70.8199 0 31.2201
      vertex 69.4894 7.2 31.6961
      vertex 69.4894 0 31.6961
    endloop
  endfacet
  facet normal -0.989172 0 -0.146759
    outer loop
      vertex 89.3307 0 46.4114
      vertex 89.1233 7.2 47.8093
      vertex 89.3307 7.2 46.4114
    endloop
  endfacet
  facet normal -0.989172 -0 -0.146759
    outer loop
      vertex 89.1233 7.2 47.8093
      vertex 89.3307 0 46.4114
      vertex 89.1233 0 47.8093
    endloop
  endfacet
  facet normal -0.998797 0 -0.0490411
    outer loop
      vertex 89.4 0 45
      vertex 89.3307 7.2 46.4114
      vertex 89.4 7.2 45
    endloop
  endfacet
  facet normal -0.998797 -0 -0.0490411
    outer loop
      vertex 89.3307 7.2 46.4114
      vertex 89.4 0 45
      vertex 89.3307 0 46.4114
    endloop
  endfacet
  facet normal -0.970026 0 -0.243002
    outer loop
      vertex 89.1233 0 47.8093
      vertex 88.7799 7.2 49.1801
      vertex 89.1233 7.2 47.8093
    endloop
  endfacet
  facet normal -0.970026 -0 -0.243002
    outer loop
      vertex 88.7799 7.2 49.1801
      vertex 89.1233 0 47.8093
      vertex 88.7799 0 49.1801
    endloop
  endfacet
  facet normal 0.989172 0 -0.146759
    outer loop
      vertex 60.8767 0 47.8093
      vertex 60.6693 7.2 46.4114
      vertex 60.8767 7.2 47.8093
    endloop
  endfacet
  facet normal 0.989172 0 -0.146759
    outer loop
      vertex 60.6693 7.2 46.4114
      vertex 60.8767 0 47.8093
      vertex 60.6693 0 46.4114
    endloop
  endfacet
  facet normal 0.243002 0 0.970026
    outer loop
      vertex 70.8199 7.2 31.2201
      vertex 72.1907 0 30.8767
      vertex 72.1907 7.2 30.8767
    endloop
  endfacet
  facet normal 0.243002 0 0.970026
    outer loop
      vertex 72.1907 0 30.8767
      vertex 70.8199 7.2 31.2201
      vertex 70.8199 0 31.2201
    endloop
  endfacet
  facet normal -0.336852 0 -0.941558
    outer loop
      vertex 79.1801 0 58.7799
      vertex 80.5106 7.2 58.3039
      vertex 80.5106 0 58.3039
    endloop
  endfacet
  facet normal -0.336852 0 -0.941558
    outer loop
      vertex 80.5106 7.2 58.3039
      vertex 79.1801 0 58.7799
      vertex 79.1801 7.2 58.7799
    endloop
  endfacet
  facet normal 0.5141 0 -0.85773
    outer loop
      vertex 66.9998 0 56.9732
      vertex 68.2119 7.2 57.6997
      vertex 68.2119 0 57.6997
    endloop
  endfacet
  facet normal 0.5141 0 -0.85773
    outer loop
      vertex 68.2119 7.2 57.6997
      vertex 66.9998 0 56.9732
      vertex 66.9998 7.2 56.9732
    endloop
  endfacet
  facet normal 0.903993 -0 0.427548
    outer loop
      vertex 61.6961 0 39.4894
      vertex 62.3003 7.2 38.2119
      vertex 61.6961 7.2 39.4894
    endloop
  endfacet
  facet normal 0.903993 0 0.427548
    outer loop
      vertex 62.3003 7.2 38.2119
      vertex 61.6961 0 39.4894
      vertex 62.3003 0 38.2119
    endloop
  endfacet
  facet normal 0.243002 0 -0.970026
    outer loop
      vertex 70.8199 0 58.7799
      vertex 72.1907 7.2 59.1233
      vertex 72.1907 0 59.1233
    endloop
  endfacet
  facet normal 0.243002 0 -0.970026
    outer loop
      vertex 72.1907 7.2 59.1233
      vertex 70.8199 0 58.7799
      vertex 70.8199 7.2 58.7799
    endloop
  endfacet
  facet normal 0.85773 -0 0.5141
    outer loop
      vertex 62.3003 0 38.2119
      vertex 63.0268 7.2 36.9998
      vertex 62.3003 7.2 38.2119
    endloop
  endfacet
  facet normal 0.85773 0 0.5141
    outer loop
      vertex 63.0268 7.2 36.9998
      vertex 62.3003 0 38.2119
      vertex 63.0268 0 36.9998
    endloop
  endfacet
  facet normal -0.243002 0 0.970026
    outer loop
      vertex 77.8093 7.2 30.8767
      vertex 79.1801 0 31.2201
      vertex 79.1801 7.2 31.2201
    endloop
  endfacet
  facet normal -0.243002 0 0.970026
    outer loop
      vertex 79.1801 0 31.2201
      vertex 77.8093 7.2 30.8767
      vertex 77.8093 0 30.8767
    endloop
  endfacet
  facet normal 0.595678 0 0.803224
    outer loop
      vertex 65.8647 7.2 33.8686
      vertex 66.9998 0 33.0268
      vertex 66.9998 7.2 33.0268
    endloop
  endfacet
  facet normal 0.595678 0 0.803224
    outer loop
      vertex 66.9998 0 33.0268
      vertex 65.8647 7.2 33.8686
      vertex 65.8647 0 33.8686
    endloop
  endfacet
  facet normal -0.5141 0 0.85773
    outer loop
      vertex 81.7881 7.2 32.3003
      vertex 83.0002 0 33.0268
      vertex 83.0002 7.2 33.0268
    endloop
  endfacet
  facet normal -0.5141 0 0.85773
    outer loop
      vertex 83.0002 0 33.0268
      vertex 81.7881 7.2 32.3003
      vertex 81.7881 0 32.3003
    endloop
  endfacet
  facet normal -0.80319 0 0.595723
    outer loop
      vertex 86.1313 0 35.8647
      vertex 86.9732 7.2 36.9998
      vertex 86.1313 7.2 35.8647
    endloop
  endfacet
  facet normal -0.80319 0 0.595723
    outer loop
      vertex 86.9732 7.2 36.9998
      vertex 86.1313 0 35.8647
      vertex 86.9732 0 36.9998
    endloop
  endfacet
  facet normal -0.146759 0 -0.989172
    outer loop
      vertex 76.4114 0 59.3307
      vertex 77.8093 7.2 59.1233
      vertex 77.8093 0 59.1233
    endloop
  endfacet
  facet normal -0.146759 0 -0.989172
    outer loop
      vertex 77.8093 7.2 59.1233
      vertex 76.4114 0 59.3307
      vertex 76.4114 7.2 59.3307
    endloop
  endfacet
  facet normal 0.595678 0 -0.803224
    outer loop
      vertex 65.8647 0 56.1314
      vertex 66.9998 7.2 56.9732
      vertex 66.9998 0 56.9732
    endloop
  endfacet
  facet normal 0.595678 0 -0.803224
    outer loop
      vertex 66.9998 7.2 56.9732
      vertex 65.8647 0 56.1314
      vertex 65.8647 7.2 56.1314
    endloop
  endfacet
  facet normal -0.427548 0 0.903993
    outer loop
      vertex 80.5106 7.2 31.6961
      vertex 81.7881 0 32.3003
      vertex 81.7881 7.2 32.3003
    endloop
  endfacet
  facet normal -0.427548 0 0.903993
    outer loop
      vertex 81.7881 0 32.3003
      vertex 80.5106 7.2 31.6961
      vertex 80.5106 0 31.6961
    endloop
  endfacet
  facet normal 0.803224 0 -0.595678
    outer loop
      vertex 63.8686 0 54.1353
      vertex 63.0268 7.2 53.0002
      vertex 63.8686 7.2 54.1353
    endloop
  endfacet
  facet normal 0.803224 0 -0.595678
    outer loop
      vertex 63.0268 7.2 53.0002
      vertex 63.8686 0 54.1353
      vertex 63.0268 0 53.0002
    endloop
  endfacet
  facet normal -0.989172 0 0.146759
    outer loop
      vertex 89.1233 0 42.1907
      vertex 89.3307 7.2 43.5886
      vertex 89.1233 7.2 42.1907
    endloop
  endfacet
  facet normal -0.989172 0 0.146759
    outer loop
      vertex 89.3307 7.2 43.5886
      vertex 89.1233 0 42.1907
      vertex 89.3307 0 43.5886
    endloop
  endfacet
  facet normal 0.941558 0 -0.336852
    outer loop
      vertex 61.6961 0 50.5106
      vertex 61.2201 7.2 49.1801
      vertex 61.6961 7.2 50.5106
    endloop
  endfacet
  facet normal 0.941558 0 -0.336852
    outer loop
      vertex 61.2201 7.2 49.1801
      vertex 61.6961 0 50.5106
      vertex 61.2201 0 49.1801
    endloop
  endfacet
  facet normal -0.427548 0 -0.903993
    outer loop
      vertex 80.5106 0 58.3039
      vertex 81.7881 7.2 57.6997
      vertex 81.7881 0 57.6997
    endloop
  endfacet
  facet normal -0.427548 0 -0.903993
    outer loop
      vertex 81.7881 7.2 57.6997
      vertex 80.5106 0 58.3039
      vertex 80.5106 7.2 58.3039
    endloop
  endfacet
  facet normal 0.941558 -0 0.336852
    outer loop
      vertex 61.2201 0 40.8199
      vertex 61.6961 7.2 39.4894
      vertex 61.2201 7.2 40.8199
    endloop
  endfacet
  facet normal 0.941558 0 0.336852
    outer loop
      vertex 61.6961 7.2 39.4894
      vertex 61.2201 0 40.8199
      vertex 61.6961 0 39.4894
    endloop
  endfacet
  facet normal -0.970026 0 0.243002
    outer loop
      vertex 88.7799 0 40.8199
      vertex 89.1233 7.2 42.1907
      vertex 88.7799 7.2 40.8199
    endloop
  endfacet
  facet normal -0.970026 0 0.243002
    outer loop
      vertex 89.1233 7.2 42.1907
      vertex 88.7799 0 40.8199
      vertex 89.1233 0 42.1907
    endloop
  endfacet
  facet normal 0.0490411 0 -0.998797
    outer loop
      vertex 73.5886 0 59.3307
      vertex 75 7.2 59.4
      vertex 75 0 59.4
    endloop
  endfacet
  facet normal 0.0490411 0 -0.998797
    outer loop
      vertex 75 7.2 59.4
      vertex 73.5886 0 59.3307
      vertex 73.5886 7.2 59.3307
    endloop
  endfacet
  facet normal 0.427548 0 -0.903993
    outer loop
      vertex 68.2119 0 57.6997
      vertex 69.4894 7.2 58.3039
      vertex 69.4894 0 58.3039
    endloop
  endfacet
  facet normal 0.427548 0 -0.903993
    outer loop
      vertex 69.4894 7.2 58.3039
      vertex 68.2119 0 57.6997
      vertex 68.2119 7.2 57.6997
    endloop
  endfacet
  facet normal 0.671619 0 -0.740897
    outer loop
      vertex 64.8177 0 55.1823
      vertex 65.8647 7.2 56.1314
      vertex 65.8647 0 56.1314
    endloop
  endfacet
  facet normal 0.671619 0 -0.740897
    outer loop
      vertex 65.8647 7.2 56.1314
      vertex 64.8177 0 55.1823
      vertex 64.8177 7.2 55.1823
    endloop
  endfacet
  facet normal -0.336852 0 0.941558
    outer loop
      vertex 79.1801 7.2 31.2201
      vertex 80.5106 0 31.6961
      vertex 80.5106 7.2 31.6961
    endloop
  endfacet
  facet normal -0.336852 0 0.941558
    outer loop
      vertex 80.5106 0 31.6961
      vertex 79.1801 7.2 31.2201
      vertex 79.1801 0 31.2201
    endloop
  endfacet
  facet normal 0.336852 0 -0.941558
    outer loop
      vertex 69.4894 0 58.3039
      vertex 70.8199 7.2 58.7799
      vertex 70.8199 0 58.7799
    endloop
  endfacet
  facet normal 0.336852 0 -0.941558
    outer loop
      vertex 70.8199 7.2 58.7799
      vertex 69.4894 0 58.3039
      vertex 69.4894 7.2 58.3039
    endloop
  endfacet
  facet normal -0.80319 0 -0.595723
    outer loop
      vertex 86.9732 0 53.0002
      vertex 86.1313 7.2 54.1353
      vertex 86.9732 7.2 53.0002
    endloop
  endfacet
  facet normal -0.80319 -0 -0.595723
    outer loop
      vertex 86.1313 7.2 54.1353
      vertex 86.9732 0 53.0002
      vertex 86.1313 0 54.1353
    endloop
  endfacet
  facet normal 0.85773 0 -0.5141
    outer loop
      vertex 63.0268 0 53.0002
      vertex 62.3003 7.2 51.7881
      vertex 63.0268 7.2 53.0002
    endloop
  endfacet
  facet normal 0.85773 0 -0.5141
    outer loop
      vertex 62.3003 7.2 51.7881
      vertex 63.0268 0 53.0002
      vertex 62.3003 0 51.7881
    endloop
  endfacet
  facet normal -0.998797 0 0.0490411
    outer loop
      vertex 89.3307 0 43.5886
      vertex 89.4 7.2 45
      vertex 89.3307 7.2 43.5886
    endloop
  endfacet
  facet normal -0.998797 0 0.0490411
    outer loop
      vertex 89.4 7.2 45
      vertex 89.3307 0 43.5886
      vertex 89.4 0 45
    endloop
  endfacet
  facet normal -0.903993 0 0.427548
    outer loop
      vertex 87.6997 0 38.2119
      vertex 88.3039 7.2 39.4894
      vertex 87.6997 7.2 38.2119
    endloop
  endfacet
  facet normal -0.903993 0 0.427548
    outer loop
      vertex 88.3039 7.2 39.4894
      vertex 87.6997 0 38.2119
      vertex 88.3039 0 39.4894
    endloop
  endfacet
  facet normal -0.85773 0 -0.5141
    outer loop
      vertex 87.6997 0 51.7881
      vertex 86.9732 7.2 53.0002
      vertex 87.6997 7.2 51.7881
    endloop
  endfacet
  facet normal -0.85773 -0 -0.5141
    outer loop
      vertex 86.9732 7.2 53.0002
      vertex 87.6997 0 51.7881
      vertex 86.9732 0 53.0002
    endloop
  endfacet
  facet normal 0.671619 0 0.740897
    outer loop
      vertex 64.8177 7.2 34.8177
      vertex 65.8647 0 33.8686
      vertex 65.8647 7.2 33.8686
    endloop
  endfacet
  facet normal 0.671619 0 0.740897
    outer loop
      vertex 65.8647 0 33.8686
      vertex 64.8177 7.2 34.8177
      vertex 64.8177 0 34.8177
    endloop
  endfacet
  facet normal -0.595678 0 -0.803224
    outer loop
      vertex 83.0002 0 56.9732
      vertex 84.1353 7.2 56.1314
      vertex 84.1353 0 56.1314
    endloop
  endfacet
  facet normal -0.595678 0 -0.803224
    outer loop
      vertex 84.1353 7.2 56.1314
      vertex 83.0002 0 56.9732
      vertex 83.0002 7.2 56.9732
    endloop
  endfacet
  facet normal 0.5141 0 0.85773
    outer loop
      vertex 66.9998 7.2 33.0268
      vertex 68.2119 0 32.3003
      vertex 68.2119 7.2 32.3003
    endloop
  endfacet
  facet normal 0.5141 0 0.85773
    outer loop
      vertex 68.2119 0 32.3003
      vertex 66.9998 7.2 33.0268
      vertex 66.9998 0 33.0268
    endloop
  endfacet
  facet normal -0.5141 0 -0.85773
    outer loop
      vertex 81.7881 0 57.6997
      vertex 83.0002 7.2 56.9732
      vertex 83.0002 0 56.9732
    endloop
  endfacet
  facet normal -0.5141 0 -0.85773
    outer loop
      vertex 83.0002 7.2 56.9732
      vertex 81.7881 0 57.6997
      vertex 81.7881 7.2 57.6997
    endloop
  endfacet
  facet normal -0.146759 0 0.989172
    outer loop
      vertex 76.4114 7.2 30.6693
      vertex 77.8093 0 30.8767
      vertex 77.8093 7.2 30.8767
    endloop
  endfacet
  facet normal -0.146759 0 0.989172
    outer loop
      vertex 77.8093 0 30.8767
      vertex 76.4114 7.2 30.6693
      vertex 76.4114 0 30.6693
    endloop
  endfacet
  facet normal -0.941558 0 -0.336852
    outer loop
      vertex 88.7799 0 49.1801
      vertex 88.3039 7.2 50.5106
      vertex 88.7799 7.2 49.1801
    endloop
  endfacet
  facet normal -0.941558 -0 -0.336852
    outer loop
      vertex 88.3039 7.2 50.5106
      vertex 88.7799 0 49.1801
      vertex 88.3039 0 50.5106
    endloop
  endfacet
  facet normal -0.85773 0 0.5141
    outer loop
      vertex 86.9732 0 36.9998
      vertex 87.6997 7.2 38.2119
      vertex 86.9732 7.2 36.9998
    endloop
  endfacet
  facet normal -0.85773 0 0.5141
    outer loop
      vertex 87.6997 7.2 38.2119
      vertex 86.9732 0 36.9998
      vertex 87.6997 0 38.2119
    endloop
  endfacet
  facet normal 0.998797 -0 0.0490411
    outer loop
      vertex 60.6 0 45
      vertex 60.6693 7.2 43.5886
      vertex 60.6 7.2 45
    endloop
  endfacet
  facet normal 0.998797 0 0.0490411
    outer loop
      vertex 60.6693 7.2 43.5886
      vertex 60.6 0 45
      vertex 60.6693 0 43.5886
    endloop
  endfacet
  facet normal -0.941558 0 0.336852
    outer loop
      vertex 88.3039 0 39.4894
      vertex 88.7799 7.2 40.8199
      vertex 88.3039 7.2 39.4894
    endloop
  endfacet
  facet normal -0.941558 0 0.336852
    outer loop
      vertex 88.7799 7.2 40.8199
      vertex 88.3039 0 39.4894
      vertex 88.7799 0 40.8199
    endloop
  endfacet
  facet normal -0.740932 0 -0.67158
    outer loop
      vertex 86.1313 0 54.1353
      vertex 85.1823 7.2 55.1823
      vertex 86.1313 7.2 54.1353
    endloop
  endfacet
  facet normal -0.740932 -0 -0.67158
    outer loop
      vertex 85.1823 7.2 55.1823
      vertex 86.1313 0 54.1353
      vertex 85.1823 0 55.1823
    endloop
  endfacet
  facet normal -0.0490411 0 -0.998797
    outer loop
      vertex 75 0 59.4
      vertex 76.4114 7.2 59.3307
      vertex 76.4114 0 59.3307
    endloop
  endfacet
  facet normal -0.0490411 0 -0.998797
    outer loop
      vertex 76.4114 7.2 59.3307
      vertex 75 0 59.4
      vertex 75 7.2 59.4
    endloop
  endfacet
  facet normal -0.903993 0 -0.427548
    outer loop
      vertex 88.3039 0 50.5106
      vertex 87.6997 7.2 51.7881
      vertex 88.3039 7.2 50.5106
    endloop
  endfacet
  facet normal -0.903993 -0 -0.427548
    outer loop
      vertex 87.6997 7.2 51.7881
      vertex 88.3039 0 50.5106
      vertex 87.6997 0 51.7881
    endloop
  endfacet
  facet normal 0.146759 0 0.989172
    outer loop
      vertex 72.1907 7.2 30.8767
      vertex 73.5886 0 30.6693
      vertex 73.5886 7.2 30.6693
    endloop
  endfacet
  facet normal 0.146759 0 0.989172
    outer loop
      vertex 73.5886 0 30.6693
      vertex 72.1907 7.2 30.8767
      vertex 72.1907 0 30.8767
    endloop
  endfacet
  facet normal -0.671619 0 0.740897
    outer loop
      vertex 84.1353 7.2 33.8686
      vertex 85.1823 0 34.8177
      vertex 85.1823 7.2 34.8177
    endloop
  endfacet
  facet normal -0.671619 0 0.740897
    outer loop
      vertex 85.1823 0 34.8177
      vertex 84.1353 7.2 33.8686
      vertex 84.1353 0 33.8686
    endloop
  endfacet
  facet normal 0.0490411 0 0.998797
    outer loop
      vertex 73.5886 7.2 30.6693
      vertex 75 0 30.6
      vertex 75 7.2 30.6
    endloop
  endfacet
  facet normal 0.0490411 0 0.998797
    outer loop
      vertex 75 0 30.6
      vertex 73.5886 7.2 30.6693
      vertex 73.5886 0 30.6693
    endloop
  endfacet
  facet normal 0.740897 0 -0.671619
    outer loop
      vertex 64.8177 0 55.1823
      vertex 63.8686 7.2 54.1353
      vertex 64.8177 7.2 55.1823
    endloop
  endfacet
  facet normal 0.740897 0 -0.671619
    outer loop
      vertex 63.8686 7.2 54.1353
      vertex 64.8177 0 55.1823
      vertex 63.8686 0 54.1353
    endloop
  endfacet
  facet normal -0.671619 0 -0.740897
    outer loop
      vertex 84.1353 0 56.1314
      vertex 85.1823 7.2 55.1823
      vertex 85.1823 0 55.1823
    endloop
  endfacet
  facet normal -0.671619 0 -0.740897
    outer loop
      vertex 85.1823 7.2 55.1823
      vertex 84.1353 0 56.1314
      vertex 84.1353 7.2 56.1314
    endloop
  endfacet
  facet normal 0.146759 0 -0.989172
    outer loop
      vertex 72.1907 0 59.1233
      vertex 73.5886 7.2 59.3307
      vertex 73.5886 0 59.3307
    endloop
  endfacet
  facet normal 0.146759 0 -0.989172
    outer loop
      vertex 73.5886 7.2 59.3307
      vertex 72.1907 0 59.1233
      vertex 72.1907 7.2 59.1233
    endloop
  endfacet
  facet normal 0.903993 0 -0.427548
    outer loop
      vertex 62.3003 0 51.7881
      vertex 61.6961 7.2 50.5106
      vertex 62.3003 7.2 51.7881
    endloop
  endfacet
  facet normal 0.903993 0 -0.427548
    outer loop
      vertex 61.6961 7.2 50.5106
      vertex 62.3003 0 51.7881
      vertex 61.6961 0 50.5106
    endloop
  endfacet
  facet normal 0.970026 0 -0.243002
    outer loop
      vertex 61.2201 0 49.1801
      vertex 60.8767 7.2 47.8093
      vertex 61.2201 7.2 49.1801
    endloop
  endfacet
  facet normal 0.970026 0 -0.243002
    outer loop
      vertex 60.8767 7.2 47.8093
      vertex 61.2201 0 49.1801
      vertex 60.8767 0 47.8093
    endloop
  endfacet
  facet normal -0.243002 0 -0.970026
    outer loop
      vertex 77.8093 0 59.1233
      vertex 79.1801 7.2 58.7799
      vertex 79.1801 0 58.7799
    endloop
  endfacet
  facet normal -0.243002 0 -0.970026
    outer loop
      vertex 79.1801 7.2 58.7799
      vertex 77.8093 0 59.1233
      vertex 77.8093 7.2 59.1233
    endloop
  endfacet
  facet normal 0.970026 -0 0.243002
    outer loop
      vertex 60.8767 0 42.1907
      vertex 61.2201 7.2 40.8199
      vertex 60.8767 7.2 42.1907
    endloop
  endfacet
  facet normal 0.970026 0 0.243002
    outer loop
      vertex 61.2201 7.2 40.8199
      vertex 60.8767 0 42.1907
      vertex 61.2201 0 40.8199
    endloop
  endfacet
  facet normal 0.427548 0 0.903993
    outer loop
      vertex 68.2119 7.2 32.3003
      vertex 69.4894 0 31.6961
      vertex 69.4894 7.2 31.6961
    endloop
  endfacet
  facet normal 0.427548 0 0.903993
    outer loop
      vertex 69.4894 0 31.6961
      vertex 68.2119 7.2 32.3003
      vertex 68.2119 0 32.3003
    endloop
  endfacet
  facet normal 0.740897 -0 0.671619
    outer loop
      vertex 63.8686 0 35.8647
      vertex 64.8177 7.2 34.8177
      vertex 63.8686 7.2 35.8647
    endloop
  endfacet
  facet normal 0.740897 0 0.671619
    outer loop
      vertex 64.8177 7.2 34.8177
      vertex 63.8686 0 35.8647
      vertex 64.8177 0 34.8177
    endloop
  endfacet
  facet normal -0.0490411 0 0.998797
    outer loop
      vertex 75 7.2 30.6
      vertex 76.4114 0 30.6693
      vertex 76.4114 7.2 30.6693
    endloop
  endfacet
  facet normal -0.0490411 0 0.998797
    outer loop
      vertex 76.4114 0 30.6693
      vertex 75 7.2 30.6
      vertex 75 0 30.6
    endloop
  endfacet
  facet normal 0.989172 -0 0.146759
    outer loop
      vertex 60.6693 0 43.5886
      vertex 60.8767 7.2 42.1907
      vertex 60.6693 7.2 43.5886
    endloop
  endfacet
  facet normal 0.989172 0 0.146759
    outer loop
      vertex 60.8767 7.2 42.1907
      vertex 60.6693 0 43.5886
      vertex 60.8767 0 42.1907
    endloop
  endfacet
  facet normal -0.595678 0 0.803224
    outer loop
      vertex 83.0002 7.2 33.0268
      vertex 84.1353 0 33.8686
      vertex 84.1353 7.2 33.8686
    endloop
  endfacet
  facet normal -0.595678 0 0.803224
    outer loop
      vertex 84.1353 0 33.8686
      vertex 83.0002 7.2 33.0268
      vertex 83.0002 0 33.0268
    endloop
  endfacet
  facet normal 0.803224 -0 0.595678
    outer loop
      vertex 63.0268 0 36.9998
      vertex 63.8686 7.2 35.8647
      vertex 63.0268 7.2 36.9998
    endloop
  endfacet
  facet normal 0.803224 0 0.595678
    outer loop
      vertex 63.8686 7.2 35.8647
      vertex 63.0268 0 36.9998
      vertex 63.8686 0 35.8647
    endloop
  endfacet
  facet normal 0.998797 0 -0.0490411
    outer loop
      vertex 60.6693 0 46.4114
      vertex 60.6 7.2 45
      vertex 60.6693 7.2 46.4114
    endloop
  endfacet
  facet normal 0.998797 0 -0.0490411
    outer loop
      vertex 60.6 7.2 45
      vertex 60.6693 0 46.4114
      vertex 60.6 0 45
    endloop
  endfacet
  facet normal -0.740932 0 0.67158
    outer loop
      vertex 85.1823 0 34.8177
      vertex 86.1313 7.2 35.8647
      vertex 85.1823 7.2 34.8177
    endloop
  endfacet
  facet normal -0.740932 0 0.67158
    outer loop
      vertex 86.1313 7.2 35.8647
      vertex 85.1823 0 34.8177
      vertex 86.1313 0 35.8647
    endloop
  endfacet
endsolid OpenSCAD_Model
