solid OpenSCAD_Model
  facet normal 0.427217 -0.904149 0
    outer loop
      vertex 140.913 0.3806 0
      vertex 141.357 0.590393 2
      vertex 140.913 0.3806 2
    endloop
  endfacet
  facet normal 0.427217 -0.904149 0
    outer loop
      vertex 141.357 0.590393 2
      vertex 140.913 0.3806 0
      vertex 141.357 0.590393 0
    endloop
  endfacet
  facet normal 0.242536 0.970143 -0
    outer loop
      vertex 140.451 175.785 0
      vertex 139.975 175.904 2
      vertex 140.451 175.785 2
    endloop
  endfacet
  facet normal 0.242536 0.970143 0
    outer loop
      vertex 139.975 175.904 2
      vertex 140.451 175.785 0
      vertex 139.975 175.904 0
    endloop
  endfacet
  facet normal 0.146844 0.98916 -0
    outer loop
      vertex 139.975 175.904 0
      vertex 139.49 175.976 2
      vertex 139.975 175.904 2
    endloop
  endfacet
  facet normal 0.146844 0.98916 0
    outer loop
      vertex 139.49 175.976 2
      vertex 139.975 175.904 0
      vertex 139.49 175.976 0
    endloop
  endfacet
  facet normal -0.670976 0.741479 0
    outer loop
      vertex 1.82803 174.865 0
      vertex 1.46446 174.536 2
      vertex 1.82803 174.865 2
    endloop
  endfacet
  facet normal -0.670976 0.741479 0
    outer loop
      vertex 1.46446 174.536 2
      vertex 1.82803 174.865 0
      vertex 1.46446 174.536 0
    endloop
  endfacet
  facet normal 0.0489209 0.998803 -0
    outer loop
      vertex 139.49 175.976 0
      vertex 139 176 2
      vertex 139.49 175.976 2
    endloop
  endfacet
  facet normal 0.0489209 0.998803 0
    outer loop
      vertex 139 176 2
      vertex 139.49 175.976 0
      vertex 139 176 0
    endloop
  endfacet
  facet normal -0.515211 0.857063 0
    outer loop
      vertex 2.64302 175.41 0
      vertex 2.22215 175.157 2
      vertex 2.64302 175.41 2
    endloop
  endfacet
  facet normal -0.515211 0.857063 0
    outer loop
      vertex 2.22215 175.157 2
      vertex 2.64302 175.41 0
      vertex 2.22215 175.157 0
    endloop
  endfacet
  facet normal 0 1 -0
    outer loop
      vertex 139 176 0
      vertex 5 176 2
      vertex 139 176 2
    endloop
  endfacet
  facet normal 0 1 0
    outer loop
      vertex 5 176 2
      vertex 139 176 0
      vertex 5 176 0
    endloop
  endfacet
  facet normal 0.904773 0.425895 0
    outer loop
      vertex 143.619 172.913 2
      vertex 143.41 173.357 0
      vertex 143.41 173.357 2
    endloop
  endfacet
  facet normal 0.904773 0.425895 0
    outer loop
      vertex 143.41 173.357 0
      vertex 143.619 172.913 2
      vertex 143.619 172.913 0
    endloop
  endfacet
  facet normal 0.338142 0.941095 -0
    outer loop
      vertex 140.913 175.619 0
      vertex 140.451 175.785 2
      vertex 140.913 175.619 2
    endloop
  endfacet
  facet normal 0.338142 0.941095 0
    outer loop
      vertex 140.451 175.785 2
      vertex 140.913 175.619 0
      vertex 140.451 175.785 0
    endloop
  endfacet
  facet normal -0.741357 0.671111 0
    outer loop
      vertex 1.13495 174.172 0
      vertex 1.46446 174.536 2
      vertex 1.46446 174.536 0
    endloop
  endfacet
  facet normal -0.741357 0.671111 0
    outer loop
      vertex 1.46446 174.536 2
      vertex 1.13495 174.172 0
      vertex 1.13495 174.172 2
    endloop
  endfacet
  facet normal -0.740962 -0.671547 0
    outer loop
      vertex 1.46446 1.46446 0
      vertex 1.13495 1.82803 2
      vertex 1.13495 1.82803 0
    endloop
  endfacet
  facet normal -0.740962 -0.671547 0
    outer loop
      vertex 1.13495 1.82803 2
      vertex 1.46446 1.46446 0
      vertex 1.46446 1.46446 2
    endloop
  endfacet
  facet normal -0.0490724 -0.998795 0
    outer loop
      vertex 4.50992 0.0240784 0
      vertex 5 0 2
      vertex 4.50992 0.0240784 2
    endloop
  endfacet
  facet normal -0.0490724 -0.998795 -0
    outer loop
      vertex 5 0 2
      vertex 4.50992 0.0240784 0
      vertex 5 0 0
    endloop
  endfacet
  facet normal -0.048913 0.998803 0
    outer loop
      vertex 5 176 0
      vertex 4.50992 175.976 2
      vertex 5 176 2
    endloop
  endfacet
  facet normal -0.048913 0.998803 0
    outer loop
      vertex 4.50992 175.976 2
      vertex 5 176 0
      vertex 4.50992 175.976 0
    endloop
  endfacet
  facet normal 1 -0 0
    outer loop
      vertex 144 5 2
      vertex 144 171 0
      vertex 144 171 2
    endloop
  endfacet
  facet normal 1 0 0
    outer loop
      vertex 144 171 0
      vertex 144 5 2
      vertex 144 5 0
    endloop
  endfacet
  facet normal -1 0 0
    outer loop
      vertex 0 5 0
      vertex 0 171 2
      vertex 0 171 0
    endloop
  endfacet
  facet normal -1 -0 0
    outer loop
      vertex 0 171 2
      vertex 0 5 0
      vertex 0 5 2
    endloop
  endfacet
  facet normal -0.803208 -0.595699 0
    outer loop
      vertex 1.13495 1.82803 0
      vertex 0.842651 2.22215 2
      vertex 0.842651 2.22215 0
    endloop
  endfacet
  facet normal -0.803208 -0.595699 0
    outer loop
      vertex 0.842651 2.22215 2
      vertex 1.13495 1.82803 0
      vertex 1.13495 1.82803 2
    endloop
  endfacet
  facet normal -0.5141 -0.85773 0
    outer loop
      vertex 2.22215 0.842651 0
      vertex 2.64302 0.590393 2
      vertex 2.22215 0.842651 2
    endloop
  endfacet
  facet normal -0.5141 -0.85773 -0
    outer loop
      vertex 2.64302 0.590393 2
      vertex 2.22215 0.842651 0
      vertex 2.64302 0.590393 0
    endloop
  endfacet
  facet normal -0.998795 0.0490804 0
    outer loop
      vertex 0 171 0
      vertex 0.0240784 171.49 2
      vertex 0.0240784 171.49 0
    endloop
  endfacet
  facet normal -0.998795 0.0490804 0
    outer loop
      vertex 0.0240784 171.49 2
      vertex 0 171 0
      vertex 0 171 2
    endloop
  endfacet
  facet normal 0.941095 0.338142 0
    outer loop
      vertex 143.785 172.451 2
      vertex 143.619 172.913 0
      vertex 143.619 172.913 2
    endloop
  endfacet
  facet normal 0.941095 0.338142 0
    outer loop
      vertex 143.619 172.913 0
      vertex 143.785 172.451 2
      vertex 143.785 172.451 0
    endloop
  endfacet
  facet normal -0.336875 -0.941549 0
    outer loop
      vertex 3.08658 0.3806 0
      vertex 3.54858 0.215302 2
      vertex 3.08658 0.3806 2
    endloop
  endfacet
  facet normal -0.336875 -0.941549 -0
    outer loop
      vertex 3.54858 0.215302 2
      vertex 3.08658 0.3806 0
      vertex 3.54858 0.215302 0
    endloop
  endfacet
  facet normal 0 -1 0
    outer loop
      vertex 5 0 0
      vertex 139 0 2
      vertex 5 0 2
    endloop
  endfacet
  facet normal 0 -1 -0
    outer loop
      vertex 139 0 2
      vertex 5 0 0
      vertex 139 0 0
    endloop
  endfacet
  facet normal -0.903986 -0.427563 0
    outer loop
      vertex 0.590393 2.64302 0
      vertex 0.3806 3.08658 2
      vertex 0.3806 3.08658 0
    endloop
  endfacet
  facet normal -0.903986 -0.427563 0
    outer loop
      vertex 0.3806 3.08658 2
      vertex 0.590393 2.64302 0
      vertex 0.590393 2.64302 2
    endloop
  endfacet
  facet normal 0.98916 0.146844 0
    outer loop
      vertex 143.976 171.49 2
      vertex 143.904 171.975 0
      vertex 143.904 171.975 2
    endloop
  endfacet
  facet normal 0.98916 0.146844 0
    outer loop
      vertex 143.904 171.975 0
      vertex 143.976 171.49 2
      vertex 143.976 171.49 0
    endloop
  endfacet
  facet normal -0.146717 -0.989179 0
    outer loop
      vertex 4.02455 0.0960693 0
      vertex 4.50992 0.0240784 2
      vertex 4.02455 0.0960693 2
    endloop
  endfacet
  facet normal -0.146717 -0.989179 -0
    outer loop
      vertex 4.50992 0.0240784 2
      vertex 4.02455 0.0960693 0
      vertex 4.50992 0.0240784 0
    endloop
  endfacet
  facet normal -0.338142 0.941095 0
    outer loop
      vertex 3.54858 175.785 0
      vertex 3.08658 175.619 2
      vertex 3.54858 175.785 2
    endloop
  endfacet
  facet normal -0.338142 0.941095 0
    outer loop
      vertex 3.08658 175.619 2
      vertex 3.54858 175.785 0
      vertex 3.08658 175.619 0
    endloop
  endfacet
  facet normal -0.904149 0.427217 0
    outer loop
      vertex 0.3806 172.913 0
      vertex 0.590393 173.357 2
      vertex 0.590393 173.357 0
    endloop
  endfacet
  facet normal -0.904149 0.427217 0
    outer loop
      vertex 0.590393 173.357 2
      vertex 0.3806 172.913 0
      vertex 0.3806 172.913 2
    endloop
  endfacet
  facet normal 0.803499 -0.595306 0
    outer loop
      vertex 142.865 1.82803 2
      vertex 143.157 2.22215 0
      vertex 143.157 2.22215 2
    endloop
  endfacet
  facet normal 0.803499 -0.595306 0
    outer loop
      vertex 143.157 2.22215 0
      vertex 142.865 1.82803 2
      vertex 142.865 1.82803 0
    endloop
  endfacet
  facet normal 0.90461 -0.426241 0
    outer loop
      vertex 143.41 2.64302 2
      vertex 143.619 3.08658 0
      vertex 143.619 3.08658 2
    endloop
  endfacet
  facet normal 0.90461 -0.426241 0
    outer loop
      vertex 143.619 3.08658 0
      vertex 143.41 2.64302 2
      vertex 143.41 2.64302 0
    endloop
  endfacet
  facet normal -0.803121 0.595816 0
    outer loop
      vertex 0.842651 173.778 0
      vertex 1.13495 174.172 2
      vertex 1.13495 174.172 0
    endloop
  endfacet
  facet normal -0.803121 0.595816 0
    outer loop
      vertex 1.13495 174.172 2
      vertex 0.842651 173.778 0
      vertex 0.842651 173.778 2
    endloop
  endfacet
  facet normal -0.24255 0.970139 0
    outer loop
      vertex 4.02455 175.904 0
      vertex 3.54858 175.785 2
      vertex 4.02455 175.904 2
    endloop
  endfacet
  facet normal -0.24255 0.970139 0
    outer loop
      vertex 3.54858 175.785 2
      vertex 4.02455 175.904 0
      vertex 3.54858 175.785 0
    endloop
  endfacet
  facet normal -0.970027 -0.242996 0
    outer loop
      vertex 0.215302 3.54858 0
      vertex 0.0960693 4.02455 2
      vertex 0.0960693 4.02455 0
    endloop
  endfacet
  facet normal -0.970027 -0.242996 0
    outer loop
      vertex 0.0960693 4.02455 2
      vertex 0.215302 3.54858 0
      vertex 0.215302 3.54858 2
    endloop
  endfacet
  facet normal -0.8578 0.513983 0
    outer loop
      vertex 0.590393 173.357 0
      vertex 0.842651 173.778 2
      vertex 0.842651 173.778 0
    endloop
  endfacet
  facet normal -0.8578 0.513983 0
    outer loop
      vertex 0.842651 173.778 2
      vertex 0.590393 173.357 0
      vertex 0.590393 173.357 2
    endloop
  endfacet
  facet normal 0.857063 -0.515211 0
    outer loop
      vertex 143.157 2.22215 2
      vertex 143.41 2.64302 0
      vertex 143.41 2.64302 2
    endloop
  endfacet
  facet normal 0.857063 -0.515211 0
    outer loop
      vertex 143.41 2.64302 0
      vertex 143.157 2.22215 2
      vertex 143.157 2.22215 0
    endloop
  endfacet
  facet normal -0.941549 -0.336875 0
    outer loop
      vertex 0.3806 3.08658 0
      vertex 0.215302 3.54858 2
      vertex 0.215302 3.54858 0
    endloop
  endfacet
  facet normal -0.941549 -0.336875 0
    outer loop
      vertex 0.215302 3.54858 2
      vertex 0.3806 3.08658 0
      vertex 0.3806 3.08658 2
    endloop
  endfacet
  facet normal -0.242996 -0.970027 0
    outer loop
      vertex 3.54858 0.215302 0
      vertex 4.02455 0.0960693 2
      vertex 3.54858 0.215302 2
    endloop
  endfacet
  facet normal -0.242996 -0.970027 -0
    outer loop
      vertex 4.02455 0.0960693 2
      vertex 3.54858 0.215302 0
      vertex 4.02455 0.0960693 0
    endloop
  endfacet
  facet normal 0.857133 0.515094 0
    outer loop
      vertex 143.41 173.357 2
      vertex 143.157 173.778 0
      vertex 143.157 173.778 2
    endloop
  endfacet
  facet normal 0.857133 0.515094 0
    outer loop
      vertex 143.157 173.778 0
      vertex 143.41 173.357 2
      vertex 143.41 173.357 0
    endloop
  endfacet
  facet normal 0.671111 -0.741357 0
    outer loop
      vertex 142.172 1.13495 0
      vertex 142.536 1.46446 2
      vertex 142.172 1.13495 2
    endloop
  endfacet
  facet normal 0.671111 -0.741357 0
    outer loop
      vertex 142.536 1.46446 2
      vertex 142.172 1.13495 0
      vertex 142.536 1.46446 0
    endloop
  endfacet
  facet normal 0.595816 -0.803121 0
    outer loop
      vertex 141.778 0.842651 0
      vertex 142.172 1.13495 2
      vertex 141.778 0.842651 2
    endloop
  endfacet
  facet normal 0.595816 -0.803121 0
    outer loop
      vertex 142.172 1.13495 2
      vertex 141.778 0.842651 0
      vertex 142.172 1.13495 0
    endloop
  endfacet
  facet normal -0.595306 0.803499 0
    outer loop
      vertex 2.22215 175.157 0
      vertex 1.82803 174.865 2
      vertex 2.22215 175.157 2
    endloop
  endfacet
  facet normal -0.595306 0.803499 0
    outer loop
      vertex 1.82803 174.865 2
      vertex 2.22215 175.157 0
      vertex 1.82803 174.865 0
    endloop
  endfacet
  facet normal 0.741479 -0.670976 0
    outer loop
      vertex 142.536 1.46446 2
      vertex 142.865 1.82803 0
      vertex 142.865 1.82803 2
    endloop
  endfacet
  facet normal 0.741479 -0.670976 0
    outer loop
      vertex 142.865 1.82803 0
      vertex 142.536 1.46446 2
      vertex 142.536 1.46446 0
    endloop
  endfacet
  facet normal -0.595699 -0.803208 0
    outer loop
      vertex 1.82803 1.13495 0
      vertex 2.22215 0.842651 2
      vertex 1.82803 1.13495 2
    endloop
  endfacet
  facet normal -0.595699 -0.803208 -0
    outer loop
      vertex 2.22215 0.842651 2
      vertex 1.82803 1.13495 0
      vertex 2.22215 0.842651 0
    endloop
  endfacet
  facet normal 0.998803 -0.048913 0
    outer loop
      vertex 143.976 4.50992 2
      vertex 144 5 0
      vertex 144 5 2
    endloop
  endfacet
  facet normal 0.998803 -0.048913 0
    outer loop
      vertex 144 5 0
      vertex 143.976 4.50992 2
      vertex 143.976 4.50992 0
    endloop
  endfacet
  facet normal -0.989179 -0.146717 0
    outer loop
      vertex 0.0960693 4.02455 0
      vertex 0.0240784 4.50992 2
      vertex 0.0240784 4.50992 0
    endloop
  endfacet
  facet normal -0.989179 -0.146717 0
    outer loop
      vertex 0.0240784 4.50992 2
      vertex 0.0960693 4.02455 0
      vertex 0.0960693 4.02455 2
    endloop
  endfacet
  facet normal -0.998795 -0.0490724 0
    outer loop
      vertex 0.0240784 4.50992 0
      vertex 0 5 2
      vertex 0 5 0
    endloop
  endfacet
  facet normal -0.998795 -0.0490724 0
    outer loop
      vertex 0 5 2
      vertex 0.0240784 4.50992 0
      vertex 0.0240784 4.50992 2
    endloop
  endfacet
  facet normal 0.989176 -0.146735 0
    outer loop
      vertex 143.904 4.02455 2
      vertex 143.976 4.50992 0
      vertex 143.976 4.50992 2
    endloop
  endfacet
  facet normal 0.989176 -0.146735 0
    outer loop
      vertex 143.976 4.50992 0
      vertex 143.904 4.02455 2
      vertex 143.904 4.02455 0
    endloop
  endfacet
  facet normal 0.803413 0.595423 0
    outer loop
      vertex 143.157 173.778 2
      vertex 142.865 174.172 0
      vertex 142.865 174.172 2
    endloop
  endfacet
  facet normal 0.803413 0.595423 0
    outer loop
      vertex 142.865 174.172 0
      vertex 143.157 173.778 2
      vertex 143.157 173.778 0
    endloop
  endfacet
  facet normal 0.513983 -0.8578 0
    outer loop
      vertex 141.357 0.590393 0
      vertex 141.778 0.842651 2
      vertex 141.357 0.590393 2
    endloop
  endfacet
  facet normal 0.513983 -0.8578 0
    outer loop
      vertex 141.778 0.842651 2
      vertex 141.357 0.590393 0
      vertex 141.778 0.842651 0
    endloop
  endfacet
  facet normal -0.427563 -0.903986 0
    outer loop
      vertex 2.64302 0.590393 0
      vertex 3.08658 0.3806 2
      vertex 2.64302 0.590393 2
    endloop
  endfacet
  facet normal -0.427563 -0.903986 -0
    outer loop
      vertex 3.08658 0.3806 2
      vertex 2.64302 0.590393 0
      vertex 3.08658 0.3806 0
    endloop
  endfacet
  facet normal 0 0 1
    outer loop
      vertex 15 14 2
      vertex 14.6372 13.2597 2
      vertex 14.65 13 2
    endloop
  endfacet
  facet normal 0 0 1
    outer loop
      vertex 14.5359 13.7693 2
      vertex 14.7097 14.0431 2
      vertex 14.6173 14.0761 2
    endloop
  endfacet
  facet normal 0 0 1
    outer loop
      vertex 14.8049 14.0192 2
      vertex 14.5991 13.517 2
      vertex 14.6372 13.2597 2
    endloop
  endfacet
  facet normal 0 0 1
    outer loop
      vertex 14.8049 14.0192 2
      vertex 14.5359 13.7693 2
      vertex 14.5991 13.517 2
    endloop
  endfacet
  facet normal 0 0 1
    outer loop
      vertex 14.4483 14.0141 2
      vertex 14.6173 14.0761 2
      vertex 14.5286 14.1181 2
    endloop
  endfacet
  facet normal 0 0 1
    outer loop
      vertex 14.6173 14.0761 2
      vertex 14.4483 14.0141 2
      vertex 14.5359 13.7693 2
    endloop
  endfacet
  facet normal 0 0 1
    outer loop
      vertex 14.4444 14.1685 2
      vertex 14.4483 14.0141 2
      vertex 14.5286 14.1181 2
    endloop
  endfacet
  facet normal 0 0 1
    outer loop
      vertex 14.3656 14.227 2
      vertex 14.4483 14.0141 2
      vertex 14.4444 14.1685 2
    endloop
  endfacet
  facet normal 0 0 1
    outer loop
      vertex 14.3656 14.227 2
      vertex 14.3371 14.2492 2
      vertex 14.4483 14.0141 2
    endloop
  endfacet
  facet normal -0 -0 1
    outer loop
      vertex 14.3371 14.2492 2
      vertex 14.3656 14.227 2
      vertex 14.3323 14.2571 2
    endloop
  endfacet
  facet normal -0 0 1
    outer loop
      vertex 14.5359 162.231 2
      vertex 14.902 161.995 2
      vertex 14.5991 162.483 2
    endloop
  endfacet
  facet normal 0 0 1
    outer loop
      vertex 14.902 161.995 2
      vertex 14.5359 162.231 2
      vertex 14.8049 161.981 2
    endloop
  endfacet
  facet normal 0 0 1
    outer loop
      vertex 14.8049 161.981 2
      vertex 14.5359 162.231 2
      vertex 14.7097 161.957 2
    endloop
  endfacet
  facet normal 0 0 1
    outer loop
      vertex 14.7097 161.957 2
      vertex 14.5359 162.231 2
      vertex 14.6173 161.924 2
    endloop
  endfacet
  facet normal -0 0 1
    outer loop
      vertex 14.4483 161.986 2
      vertex 14.6173 161.924 2
      vertex 14.5359 162.231 2
    endloop
  endfacet
  facet normal 0 0 1
    outer loop
      vertex 14.6173 161.924 2
      vertex 14.4483 161.986 2
      vertex 14.5286 161.882 2
    endloop
  endfacet
  facet normal 0 0 1
    outer loop
      vertex 14.4483 161.986 2
      vertex 14.4444 161.831 2
      vertex 14.5286 161.882 2
    endloop
  endfacet
  facet normal 0 0 1
    outer loop
      vertex 14.4483 161.986 2
      vertex 14.3656 161.773 2
      vertex 14.4444 161.831 2
    endloop
  endfacet
  facet normal 0 0 1
    outer loop
      vertex 14.3371 161.751 2
      vertex 14.3656 161.773 2
      vertex 14.4483 161.986 2
    endloop
  endfacet
  facet normal 0 0 1
    outer loop
      vertex 14.3656 161.773 2
      vertex 14.3371 161.751 2
      vertex 14.3323 161.743 2
    endloop
  endfacet
  facet normal -0 0 1
    outer loop
      vertex 14.0485 161.319 2
      vertex 14.0431 161.29 2
      vertex 14.0578 161.331 2
    endloop
  endfacet
  facet normal 0 0 1
    outer loop
      vertex 13.8738 161.126 2
      vertex 14.0431 161.29 2
      vertex 14.0485 161.319 2
    endloop
  endfacet
  facet normal 0 0 1
    outer loop
      vertex 13.6811 160.952 2
      vertex 14 161 2
      vertex 13.8738 161.126 2
    endloop
  endfacet
  facet normal 0 0 1
    outer loop
      vertex 14.0048 161.098 2
      vertex 13.8738 161.126 2
      vertex 14 161 2
    endloop
  endfacet
  facet normal 0 0 1
    outer loop
      vertex 14.0192 161.195 2
      vertex 13.8738 161.126 2
      vertex 14.0048 161.098 2
    endloop
  endfacet
  facet normal 0 0 1
    outer loop
      vertex 14.0431 161.29 2
      vertex 13.8738 161.126 2
      vertex 14.0192 161.195 2
    endloop
  endfacet
  facet normal 0 0 1
    outer loop
      vertex 129.634 14.227 2
      vertex 129.663 14.2492 2
      vertex 129.668 14.2571 2
    endloop
  endfacet
  facet normal -0 0 1
    outer loop
      vertex 129.634 14.227 2
      vertex 129.552 14.0141 2
      vertex 129.663 14.2492 2
    endloop
  endfacet
  facet normal -0 0 1
    outer loop
      vertex 129.556 14.1685 2
      vertex 129.552 14.0141 2
      vertex 129.634 14.227 2
    endloop
  endfacet
  facet normal -0 0 1
    outer loop
      vertex 129.471 14.1181 2
      vertex 129.552 14.0141 2
      vertex 129.556 14.1685 2
    endloop
  endfacet
  facet normal -0 0 1
    outer loop
      vertex 129.383 14.0761 2
      vertex 129.552 14.0141 2
      vertex 129.471 14.1181 2
    endloop
  endfacet
  facet normal 0 0 1
    outer loop
      vertex 129.552 14.0141 2
      vertex 129.383 14.0761 2
      vertex 129.464 13.7693 2
    endloop
  endfacet
  facet normal -0 0 1
    outer loop
      vertex 129.29 14.0431 2
      vertex 129.464 13.7693 2
      vertex 129.383 14.0761 2
    endloop
  endfacet
  facet normal -0 0 1
    outer loop
      vertex 129.195 14.0192 2
      vertex 129.464 13.7693 2
      vertex 129.29 14.0431 2
    endloop
  endfacet
  facet normal -0 0 1
    outer loop
      vertex 129.098 14.0048 2
      vertex 129.464 13.7693 2
      vertex 129.195 14.0192 2
    endloop
  endfacet
  facet normal 0 0 1
    outer loop
      vertex 129.464 13.7693 2
      vertex 129.098 14.0048 2
      vertex 129.401 13.517 2
    endloop
  endfacet
  facet normal 0 0 1
    outer loop
      vertex 134.536 162.231 2
      vertex 144 171 2
      vertex 134.599 162.483 2
    endloop
  endfacet
  facet normal 0 0 1
    outer loop
      vertex 144 5 2
      vertex 134.637 13.2597 2
      vertex 134.65 13 2
    endloop
  endfacet
  facet normal 0 0 1
    outer loop
      vertex 134.448 161.986 2
      vertex 144 171 2
      vertex 134.536 162.231 2
    endloop
  endfacet
  facet normal 0 0 1
    outer loop
      vertex 144 5 2
      vertex 134.599 13.517 2
      vertex 134.637 13.2597 2
    endloop
  endfacet
  facet normal 0 0 1
    outer loop
      vertex 134.337 161.751 2
      vertex 144 171 2
      vertex 134.448 161.986 2
    endloop
  endfacet
  facet normal 0 0 1
    outer loop
      vertex 144 5 2
      vertex 134.536 13.7693 2
      vertex 134.599 13.517 2
    endloop
  endfacet
  facet normal 0 0 1
    outer loop
      vertex 134.203 161.528 2
      vertex 144 171 2
      vertex 134.337 161.751 2
    endloop
  endfacet
  facet normal 0 0 1
    outer loop
      vertex 144 5 2
      vertex 134.448 14.0141 2
      vertex 134.536 13.7693 2
    endloop
  endfacet
  facet normal 0 0 1
    outer loop
      vertex 134.048 161.319 2
      vertex 144 171 2
      vertex 134.203 161.528 2
    endloop
  endfacet
  facet normal 0 0 1
    outer loop
      vertex 144 5 2
      vertex 134.337 14.2492 2
      vertex 134.448 14.0141 2
    endloop
  endfacet
  facet normal 0 0 1
    outer loop
      vertex 144 171 2
      vertex 134.048 161.319 2
      vertex 144 5 2
    endloop
  endfacet
  facet normal 0 0 1
    outer loop
      vertex 144 5 2
      vertex 134.203 14.4723 2
      vertex 134.337 14.2492 2
    endloop
  endfacet
  facet normal -0 0 1
    outer loop
      vertex 134.048 14.6811 2
      vertex 144 5 2
      vertex 134.048 161.319 2
    endloop
  endfacet
  facet normal 0 0 1
    outer loop
      vertex 144 5 2
      vertex 134.048 14.6811 2
      vertex 134.203 14.4723 2
    endloop
  endfacet
  facet normal -0 0 1
    outer loop
      vertex 133.874 161.126 2
      vertex 134.048 14.6811 2
      vertex 134.048 161.319 2
    endloop
  endfacet
  facet normal 0 0 1
    outer loop
      vertex 133.874 161.126 2
      vertex 133.874 14.8738 2
      vertex 134.048 14.6811 2
    endloop
  endfacet
  facet normal -0 0 1
    outer loop
      vertex 133.681 160.952 2
      vertex 133.874 14.8738 2
      vertex 133.874 161.126 2
    endloop
  endfacet
  facet normal 0 0 1
    outer loop
      vertex 133.681 160.952 2
      vertex 133.681 15.0485 2
      vertex 133.874 14.8738 2
    endloop
  endfacet
  facet normal -0 0 1
    outer loop
      vertex 133.472 160.797 2
      vertex 133.681 15.0485 2
      vertex 133.681 160.952 2
    endloop
  endfacet
  facet normal 0 0 1
    outer loop
      vertex 133.472 160.797 2
      vertex 133.472 15.2034 2
      vertex 133.681 15.0485 2
    endloop
  endfacet
  facet normal -0 0 1
    outer loop
      vertex 133.249 160.663 2
      vertex 133.472 15.2034 2
      vertex 133.472 160.797 2
    endloop
  endfacet
  facet normal 0 0 1
    outer loop
      vertex 133.249 160.663 2
      vertex 133.249 15.3371 2
      vertex 133.472 15.2034 2
    endloop
  endfacet
  facet normal -0 0 1
    outer loop
      vertex 133.014 160.552 2
      vertex 133.249 15.3371 2
      vertex 133.249 160.663 2
    endloop
  endfacet
  facet normal 0 0 1
    outer loop
      vertex 133.014 160.552 2
      vertex 133.014 15.4483 2
      vertex 133.249 15.3371 2
    endloop
  endfacet
  facet normal -0 0 1
    outer loop
      vertex 132.769 160.464 2
      vertex 133.014 15.4483 2
      vertex 133.014 160.552 2
    endloop
  endfacet
  facet normal 0 0 1
    outer loop
      vertex 132.769 160.464 2
      vertex 132.769 15.5359 2
      vertex 133.014 15.4483 2
    endloop
  endfacet
  facet normal -0 0 1
    outer loop
      vertex 132.517 160.401 2
      vertex 132.769 15.5359 2
      vertex 132.769 160.464 2
    endloop
  endfacet
  facet normal 0 0 1
    outer loop
      vertex 132.517 160.401 2
      vertex 132.517 15.5991 2
      vertex 132.769 15.5359 2
    endloop
  endfacet
  facet normal -0 0 1
    outer loop
      vertex 132.26 160.363 2
      vertex 132.517 15.5991 2
      vertex 132.517 160.401 2
    endloop
  endfacet
  facet normal 0 0 1
    outer loop
      vertex 132.26 160.363 2
      vertex 132.26 15.6372 2
      vertex 132.517 15.5991 2
    endloop
  endfacet
  facet normal -0 0 1
    outer loop
      vertex 132 160.35 2
      vertex 132.26 15.6372 2
      vertex 132.26 160.363 2
    endloop
  endfacet
  facet normal 0 0 1
    outer loop
      vertex 132 160.35 2
      vertex 132 15.65 2
      vertex 132.26 15.6372 2
    endloop
  endfacet
  facet normal 0 0 1
    outer loop
      vertex 131.74 160.363 2
      vertex 132 15.65 2
      vertex 132 160.35 2
    endloop
  endfacet
  facet normal 0 0 1
    outer loop
      vertex 131.74 160.363 2
      vertex 131.74 15.6372 2
      vertex 132 15.65 2
    endloop
  endfacet
  facet normal 0 0 1
    outer loop
      vertex 131.483 160.401 2
      vertex 131.74 15.6372 2
      vertex 131.74 160.363 2
    endloop
  endfacet
  facet normal 0 0 1
    outer loop
      vertex 131.483 160.401 2
      vertex 131.483 15.5991 2
      vertex 131.74 15.6372 2
    endloop
  endfacet
  facet normal 0 0 1
    outer loop
      vertex 131.231 160.464 2
      vertex 131.483 15.5991 2
      vertex 131.483 160.401 2
    endloop
  endfacet
  facet normal 0 0 1
    outer loop
      vertex 131.231 160.464 2
      vertex 131.231 15.5359 2
      vertex 131.483 15.5991 2
    endloop
  endfacet
  facet normal 0 0 1
    outer loop
      vertex 130.986 160.552 2
      vertex 131.231 15.5359 2
      vertex 131.231 160.464 2
    endloop
  endfacet
  facet normal 0 0 1
    outer loop
      vertex 130.986 160.552 2
      vertex 130.986 15.4483 2
      vertex 131.231 15.5359 2
    endloop
  endfacet
  facet normal 0 0 1
    outer loop
      vertex 130 161 2
      vertex 130.986 160.552 2
      vertex 130.751 160.663 2
    endloop
  endfacet
  facet normal 0 0 1
    outer loop
      vertex 130.986 160.552 2
      vertex 130 161 2
      vertex 130.986 15.4483 2
    endloop
  endfacet
  facet normal 0 0 1
    outer loop
      vertex 130 161 2
      vertex 130.751 160.663 2
      vertex 130.528 160.797 2
    endloop
  endfacet
  facet normal 0 0 1
    outer loop
      vertex 130 15 2
      vertex 130.986 15.4483 2
      vertex 130 161 2
    endloop
  endfacet
  facet normal 0 0 1
    outer loop
      vertex 130 161 2
      vertex 130.528 160.797 2
      vertex 130.319 160.952 2
    endloop
  endfacet
  facet normal 0 0 1
    outer loop
      vertex 130.986 15.4483 2
      vertex 130 15 2
      vertex 130.751 15.3371 2
    endloop
  endfacet
  facet normal -0 0 1
    outer loop
      vertex 130 161 2
      vertex 130.319 160.952 2
      vertex 130.126 161.126 2
    endloop
  endfacet
  facet normal 0 0 1
    outer loop
      vertex 130.751 15.3371 2
      vertex 130 15 2
      vertex 130.528 15.2034 2
    endloop
  endfacet
  facet normal 0 0 1
    outer loop
      vertex 130.528 15.2034 2
      vertex 130 15 2
      vertex 130.319 15.0485 2
    endloop
  endfacet
  facet normal 0 0 1
    outer loop
      vertex 130.126 161.126 2
      vertex 129.995 161.098 2
      vertex 130 161 2
    endloop
  endfacet
  facet normal 0 0 1
    outer loop
      vertex 130.126 161.126 2
      vertex 129.981 161.195 2
      vertex 129.995 161.098 2
    endloop
  endfacet
  facet normal 0 0 1
    outer loop
      vertex 130.126 161.126 2
      vertex 129.957 161.29 2
      vertex 129.981 161.195 2
    endloop
  endfacet
  facet normal 0 0 1
    outer loop
      vertex 129.952 161.319 2
      vertex 129.957 161.29 2
      vertex 130.126 161.126 2
    endloop
  endfacet
  facet normal 0 0 1
    outer loop
      vertex 129.957 161.29 2
      vertex 129.952 161.319 2
      vertex 129.942 161.331 2
    endloop
  endfacet
  facet normal 0 0 1
    outer loop
      vertex 139 176 2
      vertex 144 171 2
      vertex 143.976 171.49 2
    endloop
  endfacet
  facet normal 0 0 1
    outer loop
      vertex 134.637 162.74 2
      vertex 144 171 2
      vertex 134.65 163 2
    endloop
  endfacet
  facet normal 0 0 1
    outer loop
      vertex 139 176 2
      vertex 143.976 171.49 2
      vertex 143.904 171.975 2
    endloop
  endfacet
  facet normal 0 0 1
    outer loop
      vertex 134.599 162.483 2
      vertex 144 171 2
      vertex 134.637 162.74 2
    endloop
  endfacet
  facet normal 0 0 1
    outer loop
      vertex 139 176 2
      vertex 143.904 171.975 2
      vertex 143.785 172.451 2
    endloop
  endfacet
  facet normal -0 0 1
    outer loop
      vertex 134.637 12.7403 2
      vertex 144 5 2
      vertex 134.65 13 2
    endloop
  endfacet
  facet normal 0 0 1
    outer loop
      vertex 139 176 2
      vertex 143.785 172.451 2
      vertex 143.619 172.913 2
    endloop
  endfacet
  facet normal -0 0 1
    outer loop
      vertex 134.599 12.483 2
      vertex 144 5 2
      vertex 134.637 12.7403 2
    endloop
  endfacet
  facet normal 0 0 1
    outer loop
      vertex 139 176 2
      vertex 143.619 172.913 2
      vertex 143.41 173.357 2
    endloop
  endfacet
  facet normal -0 0 1
    outer loop
      vertex 134.536 12.2307 2
      vertex 144 5 2
      vertex 134.599 12.483 2
    endloop
  endfacet
  facet normal 0 0 1
    outer loop
      vertex 139 176 2
      vertex 143.41 173.357 2
      vertex 143.157 173.778 2
    endloop
  endfacet
  facet normal -0 0 1
    outer loop
      vertex 134.448 11.9859 2
      vertex 144 5 2
      vertex 134.536 12.2307 2
    endloop
  endfacet
  facet normal 0 0 1
    outer loop
      vertex 139 176 2
      vertex 143.157 173.778 2
      vertex 142.865 174.172 2
    endloop
  endfacet
  facet normal -0 0 1
    outer loop
      vertex 134.337 11.7508 2
      vertex 144 5 2
      vertex 134.448 11.9859 2
    endloop
  endfacet
  facet normal 0 0 1
    outer loop
      vertex 139 176 2
      vertex 142.865 174.172 2
      vertex 142.536 174.536 2
    endloop
  endfacet
  facet normal -0 0 1
    outer loop
      vertex 134.203 11.5277 2
      vertex 144 5 2
      vertex 134.337 11.7508 2
    endloop
  endfacet
  facet normal 0 0 1
    outer loop
      vertex 139 176 2
      vertex 142.536 174.536 2
      vertex 142.172 174.865 2
    endloop
  endfacet
  facet normal -0 0 1
    outer loop
      vertex 134.048 11.3189 2
      vertex 144 5 2
      vertex 134.203 11.5277 2
    endloop
  endfacet
  facet normal 0 0 1
    outer loop
      vertex 139 176 2
      vertex 142.172 174.865 2
      vertex 141.778 175.157 2
    endloop
  endfacet
  facet normal -0 0 1
    outer loop
      vertex 133.874 11.1262 2
      vertex 144 5 2
      vertex 134.048 11.3189 2
    endloop
  endfacet
  facet normal 0 0 1
    outer loop
      vertex 139 176 2
      vertex 141.778 175.157 2
      vertex 141.357 175.41 2
    endloop
  endfacet
  facet normal -0 0 1
    outer loop
      vertex 133.681 10.9515 2
      vertex 144 5 2
      vertex 133.874 11.1262 2
    endloop
  endfacet
  facet normal 0 0 1
    outer loop
      vertex 139 176 2
      vertex 141.357 175.41 2
      vertex 140.913 175.619 2
    endloop
  endfacet
  facet normal 0 -0 1
    outer loop
      vertex 139 0 2
      vertex 144 5 2
      vertex 133.681 10.9515 2
    endloop
  endfacet
  facet normal 0 0 1
    outer loop
      vertex 139 176 2
      vertex 140.913 175.619 2
      vertex 140.451 175.785 2
    endloop
  endfacet
  facet normal 0 0 1
    outer loop
      vertex 144 5 2
      vertex 139 0 2
      vertex 143.976 4.50992 2
    endloop
  endfacet
  facet normal 0 0 1
    outer loop
      vertex 139 176 2
      vertex 140.451 175.785 2
      vertex 139.975 175.904 2
    endloop
  endfacet
  facet normal 0 0 1
    outer loop
      vertex 143.904 4.02455 2
      vertex 139 0 2
      vertex 143.785 3.54858 2
    endloop
  endfacet
  facet normal 0 0 1
    outer loop
      vertex 139 176 2
      vertex 139.975 175.904 2
      vertex 139.49 175.976 2
    endloop
  endfacet
  facet normal 0 0 1
    outer loop
      vertex 143.785 3.54858 2
      vertex 139 0 2
      vertex 143.619 3.08658 2
    endloop
  endfacet
  facet normal 0 0 1
    outer loop
      vertex 144 171 2
      vertex 139 176 2
      vertex 133.681 165.048 2
    endloop
  endfacet
  facet normal 0 0 1
    outer loop
      vertex 143.619 3.08658 2
      vertex 139 0 2
      vertex 143.41 2.64302 2
    endloop
  endfacet
  facet normal 0 0 1
    outer loop
      vertex 143.41 2.64302 2
      vertex 139 0 2
      vertex 143.157 2.22215 2
    endloop
  endfacet
  facet normal 0 0 1
    outer loop
      vertex 144 171 2
      vertex 134.637 163.26 2
      vertex 134.65 163 2
    endloop
  endfacet
  facet normal 0 0 1
    outer loop
      vertex 144 171 2
      vertex 134.599 163.517 2
      vertex 134.637 163.26 2
    endloop
  endfacet
  facet normal 0 0 1
    outer loop
      vertex 144 171 2
      vertex 134.536 163.769 2
      vertex 134.599 163.517 2
    endloop
  endfacet
  facet normal 0 0 1
    outer loop
      vertex 144 171 2
      vertex 134.448 164.014 2
      vertex 134.536 163.769 2
    endloop
  endfacet
  facet normal 0 0 1
    outer loop
      vertex 144 171 2
      vertex 134.337 164.249 2
      vertex 134.448 164.014 2
    endloop
  endfacet
  facet normal 0 0 1
    outer loop
      vertex 144 171 2
      vertex 134.203 164.472 2
      vertex 134.337 164.249 2
    endloop
  endfacet
  facet normal 0 0 1
    outer loop
      vertex 144 171 2
      vertex 134.048 164.681 2
      vertex 134.203 164.472 2
    endloop
  endfacet
  facet normal 0 0 1
    outer loop
      vertex 144 171 2
      vertex 133.874 164.874 2
      vertex 134.048 164.681 2
    endloop
  endfacet
  facet normal 0 0 1
    outer loop
      vertex 144 171 2
      vertex 133.681 165.048 2
      vertex 133.874 164.874 2
    endloop
  endfacet
  facet normal 0 0 1
    outer loop
      vertex 139 176 2
      vertex 133.472 165.203 2
      vertex 133.681 165.048 2
    endloop
  endfacet
  facet normal 0 0 1
    outer loop
      vertex 139 176 2
      vertex 133.249 165.337 2
      vertex 133.472 165.203 2
    endloop
  endfacet
  facet normal 0 0 1
    outer loop
      vertex 139 176 2
      vertex 133.014 165.448 2
      vertex 133.249 165.337 2
    endloop
  endfacet
  facet normal 0 0 1
    outer loop
      vertex 139 176 2
      vertex 132.769 165.536 2
      vertex 133.014 165.448 2
    endloop
  endfacet
  facet normal 0 0 1
    outer loop
      vertex 139 176 2
      vertex 132.517 165.599 2
      vertex 132.769 165.536 2
    endloop
  endfacet
  facet normal 0 0 1
    outer loop
      vertex 139 176 2
      vertex 132.26 165.637 2
      vertex 132.517 165.599 2
    endloop
  endfacet
  facet normal 0 0 1
    outer loop
      vertex 139 176 2
      vertex 132 165.65 2
      vertex 132.26 165.637 2
    endloop
  endfacet
  facet normal 0 0 1
    outer loop
      vertex 139 176 2
      vertex 131.74 165.637 2
      vertex 132 165.65 2
    endloop
  endfacet
  facet normal 0 0 1
    outer loop
      vertex 139 176 2
      vertex 131.483 165.599 2
      vertex 131.74 165.637 2
    endloop
  endfacet
  facet normal 0 0 1
    outer loop
      vertex 139 176 2
      vertex 131.231 165.536 2
      vertex 131.483 165.599 2
    endloop
  endfacet
  facet normal 0 0 1
    outer loop
      vertex 139 176 2
      vertex 130.986 165.448 2
      vertex 131.231 165.536 2
    endloop
  endfacet
  facet normal 0 0 1
    outer loop
      vertex 139 176 2
      vertex 130.751 165.337 2
      vertex 130.986 165.448 2
    endloop
  endfacet
  facet normal 0 0 1
    outer loop
      vertex 139 176 2
      vertex 130.528 165.203 2
      vertex 130.751 165.337 2
    endloop
  endfacet
  facet normal 0 0 1
    outer loop
      vertex 139 176 2
      vertex 130.319 165.048 2
      vertex 130.528 165.203 2
    endloop
  endfacet
  facet normal 0 0 1
    outer loop
      vertex 139 176 2
      vertex 130.126 164.874 2
      vertex 130.319 165.048 2
    endloop
  endfacet
  facet normal 0 0 1
    outer loop
      vertex 13.8738 164.874 2
      vertex 130.126 164.874 2
      vertex 139 176 2
    endloop
  endfacet
  facet normal 0 0 1
    outer loop
      vertex 129 162 2
      vertex 129.35 163 2
      vertex 129.363 163.26 2
    endloop
  endfacet
  facet normal 0 0 1
    outer loop
      vertex 129.35 163 2
      vertex 129.195 161.981 2
      vertex 129.29 161.957 2
    endloop
  endfacet
  facet normal 0 0 1
    outer loop
      vertex 129.35 163 2
      vertex 129.098 161.995 2
      vertex 129.195 161.981 2
    endloop
  endfacet
  facet normal 0 0 1
    outer loop
      vertex 129 162 2
      vertex 129.363 163.26 2
      vertex 129.401 163.517 2
    endloop
  endfacet
  facet normal 0 0 1
    outer loop
      vertex 129.35 163 2
      vertex 129 162 2
      vertex 129.098 161.995 2
    endloop
  endfacet
  facet normal 0 0 1
    outer loop
      vertex 129.464 163.769 2
      vertex 129 162 2
      vertex 129.401 163.517 2
    endloop
  endfacet
  facet normal 0 0 1
    outer loop
      vertex 129.464 163.769 2
      vertex 15 162 2
      vertex 129 162 2
    endloop
  endfacet
  facet normal 0 0 1
    outer loop
      vertex 14.5359 163.769 2
      vertex 129.464 163.769 2
      vertex 129.552 164.014 2
    endloop
  endfacet
  facet normal 0 0 1
    outer loop
      vertex 14.4483 164.014 2
      vertex 129.552 164.014 2
      vertex 129.663 164.249 2
    endloop
  endfacet
  facet normal 0 0 1
    outer loop
      vertex 14.3371 164.249 2
      vertex 129.663 164.249 2
      vertex 129.797 164.472 2
    endloop
  endfacet
  facet normal 0 0 1
    outer loop
      vertex 14.2034 164.472 2
      vertex 129.797 164.472 2
      vertex 129.952 164.681 2
    endloop
  endfacet
  facet normal 0 0 1
    outer loop
      vertex 130.126 164.874 2
      vertex 13.8738 164.874 2
      vertex 129.952 164.681 2
    endloop
  endfacet
  facet normal 0 0 1
    outer loop
      vertex 129.464 163.769 2
      vertex 14.5991 163.517 2
      vertex 15 162 2
    endloop
  endfacet
  facet normal 0 0 1
    outer loop
      vertex 15 162 2
      vertex 14.5991 162.483 2
      vertex 14.902 161.995 2
    endloop
  endfacet
  facet normal -0 0 1
    outer loop
      vertex 14.5991 162.483 2
      vertex 15 162 2
      vertex 14.6372 162.74 2
    endloop
  endfacet
  facet normal -0 -0 1
    outer loop
      vertex 14.6372 163.26 2
      vertex 15 162 2
      vertex 14.5991 163.517 2
    endloop
  endfacet
  facet normal -0 0 1
    outer loop
      vertex 14.6372 162.74 2
      vertex 15 162 2
      vertex 14.65 163 2
    endloop
  endfacet
  facet normal -0 -0 1
    outer loop
      vertex 14.65 163 2
      vertex 15 162 2
      vertex 14.6372 163.26 2
    endloop
  endfacet
  facet normal 0 0 1
    outer loop
      vertex 129.464 163.769 2
      vertex 14.5359 163.769 2
      vertex 14.5991 163.517 2
    endloop
  endfacet
  facet normal 0 0 1
    outer loop
      vertex 129.552 164.014 2
      vertex 14.4483 164.014 2
      vertex 14.5359 163.769 2
    endloop
  endfacet
  facet normal 0 0 1
    outer loop
      vertex 129.663 164.249 2
      vertex 14.3371 164.249 2
      vertex 14.4483 164.014 2
    endloop
  endfacet
  facet normal 0 0 1
    outer loop
      vertex 129.797 164.472 2
      vertex 14.2034 164.472 2
      vertex 14.3371 164.249 2
    endloop
  endfacet
  facet normal 0 0 1
    outer loop
      vertex 129.952 164.681 2
      vertex 14.0485 164.681 2
      vertex 14.2034 164.472 2
    endloop
  endfacet
  facet normal 0 0 1
    outer loop
      vertex 129.952 164.681 2
      vertex 13.8738 164.874 2
      vertex 14.0485 164.681 2
    endloop
  endfacet
  facet normal -0 0 1
    outer loop
      vertex 5 176 2
      vertex 13.8738 164.874 2
      vertex 139 176 2
    endloop
  endfacet
  facet normal 0 0 1
    outer loop
      vertex 13.8738 164.874 2
      vertex 5 176 2
      vertex 13.6811 165.048 2
    endloop
  endfacet
  facet normal 0 0 1
    outer loop
      vertex 13.6811 165.048 2
      vertex 5 176 2
      vertex 13.4723 165.203 2
    endloop
  endfacet
  facet normal 0 0 1
    outer loop
      vertex 13.4723 165.203 2
      vertex 5 176 2
      vertex 13.2492 165.337 2
    endloop
  endfacet
  facet normal 0 0 1
    outer loop
      vertex 13.2492 165.337 2
      vertex 5 176 2
      vertex 13.0141 165.448 2
    endloop
  endfacet
  facet normal 0 0 1
    outer loop
      vertex 13.0141 165.448 2
      vertex 5 176 2
      vertex 12.7693 165.536 2
    endloop
  endfacet
  facet normal 0 0 1
    outer loop
      vertex 12.7693 165.536 2
      vertex 5 176 2
      vertex 12.517 165.599 2
    endloop
  endfacet
  facet normal 0 0 1
    outer loop
      vertex 12.517 165.599 2
      vertex 5 176 2
      vertex 12.2597 165.637 2
    endloop
  endfacet
  facet normal 0 0 1
    outer loop
      vertex 12.2597 165.637 2
      vertex 5 176 2
      vertex 12 165.65 2
    endloop
  endfacet
  facet normal 0 0 1
    outer loop
      vertex 9.46411 13.7693 2
      vertex 0 5 2
      vertex 9.40092 13.517 2
    endloop
  endfacet
  facet normal 0 0 1
    outer loop
      vertex 9.40092 163.517 2
      vertex 0 171 2
      vertex 9.36276 163.26 2
    endloop
  endfacet
  facet normal 0 0 1
    outer loop
      vertex 9.46411 163.769 2
      vertex 0 171 2
      vertex 9.40092 163.517 2
    endloop
  endfacet
  facet normal 0 0 1
    outer loop
      vertex 9.55172 164.014 2
      vertex 0 171 2
      vertex 9.46411 163.769 2
    endloop
  endfacet
  facet normal 0 0 1
    outer loop
      vertex 9.66291 164.249 2
      vertex 0 171 2
      vertex 9.55172 164.014 2
    endloop
  endfacet
  facet normal 0 0 1
    outer loop
      vertex 9.79661 164.472 2
      vertex 0 171 2
      vertex 9.66291 164.249 2
    endloop
  endfacet
  facet normal 0 0 1
    outer loop
      vertex 9.95152 164.681 2
      vertex 0 171 2
      vertex 9.79661 164.472 2
    endloop
  endfacet
  facet normal 0 0 1
    outer loop
      vertex 10.1262 164.874 2
      vertex 0 171 2
      vertex 9.95152 164.681 2
    endloop
  endfacet
  facet normal 0 0 1
    outer loop
      vertex 10.3189 165.048 2
      vertex 0 171 2
      vertex 10.1262 164.874 2
    endloop
  endfacet
  facet normal -0 0 1
    outer loop
      vertex 0 171 2
      vertex 10.3189 165.048 2
      vertex 5 176 2
    endloop
  endfacet
  facet normal 0 0 1
    outer loop
      vertex 10.5277 165.203 2
      vertex 5 176 2
      vertex 10.3189 165.048 2
    endloop
  endfacet
  facet normal 0 0 1
    outer loop
      vertex 10.7508 165.337 2
      vertex 5 176 2
      vertex 10.5277 165.203 2
    endloop
  endfacet
  facet normal 0 0 1
    outer loop
      vertex 10.9859 165.448 2
      vertex 5 176 2
      vertex 10.7508 165.337 2
    endloop
  endfacet
  facet normal 0 0 1
    outer loop
      vertex 11.2307 165.536 2
      vertex 5 176 2
      vertex 10.9859 165.448 2
    endloop
  endfacet
  facet normal 0 0 1
    outer loop
      vertex 11.483 165.599 2
      vertex 5 176 2
      vertex 11.2307 165.536 2
    endloop
  endfacet
  facet normal 0 0 1
    outer loop
      vertex 11.7403 165.637 2
      vertex 5 176 2
      vertex 11.483 165.599 2
    endloop
  endfacet
  facet normal 0 0 1
    outer loop
      vertex 12 165.65 2
      vertex 5 176 2
      vertex 11.7403 165.637 2
    endloop
  endfacet
  facet normal 0 0 1
    outer loop
      vertex 143.157 2.22215 2
      vertex 139 0 2
      vertex 142.865 1.82803 2
    endloop
  endfacet
  facet normal 0 0 1
    outer loop
      vertex 142.865 1.82803 2
      vertex 139 0 2
      vertex 142.536 1.46446 2
    endloop
  endfacet
  facet normal 0 0 1
    outer loop
      vertex 142.536 1.46446 2
      vertex 139 0 2
      vertex 142.172 1.13495 2
    endloop
  endfacet
  facet normal 0 0 1
    outer loop
      vertex 142.172 1.13495 2
      vertex 139 0 2
      vertex 141.778 0.842651 2
    endloop
  endfacet
  facet normal 0 0 1
    outer loop
      vertex 141.778 0.842651 2
      vertex 139 0 2
      vertex 141.357 0.590393 2
    endloop
  endfacet
  facet normal 0 0 1
    outer loop
      vertex 141.357 0.590393 2
      vertex 139 0 2
      vertex 140.913 0.3806 2
    endloop
  endfacet
  facet normal 0 0 1
    outer loop
      vertex 140.913 0.3806 2
      vertex 139 0 2
      vertex 140.451 0.215302 2
    endloop
  endfacet
  facet normal 0 0 1
    outer loop
      vertex 139.975 0.0960693 2
      vertex 139 0 2
      vertex 139.49 0.0240784 2
    endloop
  endfacet
  facet normal 0 0 1
    outer loop
      vertex 140.451 0.215302 2
      vertex 139 0 2
      vertex 139.975 0.0960693 2
    endloop
  endfacet
  facet normal 0 0 1
    outer loop
      vertex 143.976 4.50992 2
      vertex 139 0 2
      vertex 143.904 4.02455 2
    endloop
  endfacet
  facet normal -0 0 1
    outer loop
      vertex 133.472 10.7966 2
      vertex 139 0 2
      vertex 133.681 10.9515 2
    endloop
  endfacet
  facet normal -0 0 1
    outer loop
      vertex 133.249 10.6629 2
      vertex 139 0 2
      vertex 133.472 10.7966 2
    endloop
  endfacet
  facet normal -0 0 1
    outer loop
      vertex 133.014 10.5517 2
      vertex 139 0 2
      vertex 133.249 10.6629 2
    endloop
  endfacet
  facet normal -0 0 1
    outer loop
      vertex 132.769 10.4641 2
      vertex 139 0 2
      vertex 133.014 10.5517 2
    endloop
  endfacet
  facet normal -0 0 1
    outer loop
      vertex 132.517 10.4009 2
      vertex 139 0 2
      vertex 132.769 10.4641 2
    endloop
  endfacet
  facet normal -0 0 1
    outer loop
      vertex 132.26 10.3628 2
      vertex 139 0 2
      vertex 132.517 10.4009 2
    endloop
  endfacet
  facet normal -0 0 1
    outer loop
      vertex 132 10.35 2
      vertex 139 0 2
      vertex 132.26 10.3628 2
    endloop
  endfacet
  facet normal 0 0 1
    outer loop
      vertex 131.74 10.3628 2
      vertex 139 0 2
      vertex 132 10.35 2
    endloop
  endfacet
  facet normal 0 0 1
    outer loop
      vertex 131.483 10.4009 2
      vertex 139 0 2
      vertex 131.74 10.3628 2
    endloop
  endfacet
  facet normal 0 0 1
    outer loop
      vertex 131.231 10.4641 2
      vertex 139 0 2
      vertex 131.483 10.4009 2
    endloop
  endfacet
  facet normal 0 0 1
    outer loop
      vertex 130.986 10.5517 2
      vertex 139 0 2
      vertex 131.231 10.4641 2
    endloop
  endfacet
  facet normal 0 0 1
    outer loop
      vertex 130.751 10.6629 2
      vertex 139 0 2
      vertex 130.986 10.5517 2
    endloop
  endfacet
  facet normal 0 0 1
    outer loop
      vertex 130.528 10.7966 2
      vertex 139 0 2
      vertex 130.751 10.6629 2
    endloop
  endfacet
  facet normal 0 0 1
    outer loop
      vertex 130.319 10.9515 2
      vertex 139 0 2
      vertex 130.528 10.7966 2
    endloop
  endfacet
  facet normal 0 0 1
    outer loop
      vertex 130.126 11.1262 2
      vertex 139 0 2
      vertex 130.319 10.9515 2
    endloop
  endfacet
  facet normal 0 0 1
    outer loop
      vertex 13.8738 11.1262 2
      vertex 130.126 11.1262 2
      vertex 129.952 11.3189 2
    endloop
  endfacet
  facet normal -0 0 1
    outer loop
      vertex 129 14 2
      vertex 129.401 13.517 2
      vertex 129.098 14.0048 2
    endloop
  endfacet
  facet normal 0 0 1
    outer loop
      vertex 129.401 13.517 2
      vertex 129 14 2
      vertex 129.363 13.2597 2
    endloop
  endfacet
  facet normal 0 0 1
    outer loop
      vertex 129.363 13.2597 2
      vertex 129 14 2
      vertex 129.35 13 2
    endloop
  endfacet
  facet normal 0 0 1
    outer loop
      vertex 129.35 13 2
      vertex 129 14 2
      vertex 129.363 12.7403 2
    endloop
  endfacet
  facet normal 0 0 1
    outer loop
      vertex 129.363 12.7403 2
      vertex 129 14 2
      vertex 129.401 12.483 2
    endloop
  endfacet
  facet normal 0 0 1
    outer loop
      vertex 129 14 2
      vertex 129.464 12.2307 2
      vertex 129.401 12.483 2
    endloop
  endfacet
  facet normal -0 0 1
    outer loop
      vertex 15 14 2
      vertex 129.464 12.2307 2
      vertex 129 14 2
    endloop
  endfacet
  facet normal -0 0 1
    outer loop
      vertex 14.5991 12.483 2
      vertex 129.464 12.2307 2
      vertex 15 14 2
    endloop
  endfacet
  facet normal 0 0 1
    outer loop
      vertex 14.5359 12.2307 2
      vertex 129.464 12.2307 2
      vertex 14.5991 12.483 2
    endloop
  endfacet
  facet normal 0 0 1
    outer loop
      vertex 129.464 12.2307 2
      vertex 14.5359 12.2307 2
      vertex 129.552 11.9859 2
    endloop
  endfacet
  facet normal 0 0 1
    outer loop
      vertex 14.4483 11.9859 2
      vertex 129.552 11.9859 2
      vertex 14.5359 12.2307 2
    endloop
  endfacet
  facet normal 0 0 1
    outer loop
      vertex 129.552 11.9859 2
      vertex 14.4483 11.9859 2
      vertex 129.663 11.7508 2
    endloop
  endfacet
  facet normal 0 0 1
    outer loop
      vertex 14.6372 13.2597 2
      vertex 15 14 2
      vertex 14.902 14.0048 2
    endloop
  endfacet
  facet normal 0 0 1
    outer loop
      vertex 14.5359 13.7693 2
      vertex 14.8049 14.0192 2
      vertex 14.7097 14.0431 2
    endloop
  endfacet
  facet normal 0 0 1
    outer loop
      vertex 14.6372 13.2597 2
      vertex 14.902 14.0048 2
      vertex 14.8049 14.0192 2
    endloop
  endfacet
  facet normal 0 0 1
    outer loop
      vertex 15 14 2
      vertex 14.65 13 2
      vertex 14.6372 12.7403 2
    endloop
  endfacet
  facet normal 0 0 1
    outer loop
      vertex 15 14 2
      vertex 14.6372 12.7403 2
      vertex 14.5991 12.483 2
    endloop
  endfacet
  facet normal 0 0 1
    outer loop
      vertex 14.3371 11.7508 2
      vertex 129.663 11.7508 2
      vertex 14.4483 11.9859 2
    endloop
  endfacet
  facet normal 0 0 1
    outer loop
      vertex 129.663 11.7508 2
      vertex 14.3371 11.7508 2
      vertex 129.797 11.5277 2
    endloop
  endfacet
  facet normal 0 0 1
    outer loop
      vertex 14.2034 11.5277 2
      vertex 129.797 11.5277 2
      vertex 14.3371 11.7508 2
    endloop
  endfacet
  facet normal 0 0 1
    outer loop
      vertex 129.797 11.5277 2
      vertex 14.2034 11.5277 2
      vertex 129.952 11.3189 2
    endloop
  endfacet
  facet normal 0 0 1
    outer loop
      vertex 14.0485 11.3189 2
      vertex 129.952 11.3189 2
      vertex 14.2034 11.5277 2
    endloop
  endfacet
  facet normal 0 0 1
    outer loop
      vertex 13.8738 11.1262 2
      vertex 129.952 11.3189 2
      vertex 14.0485 11.3189 2
    endloop
  endfacet
  facet normal 0 0 1
    outer loop
      vertex 130.126 11.1262 2
      vertex 13.8738 11.1262 2
      vertex 139 0 2
    endloop
  endfacet
  facet normal 0 0 1
    outer loop
      vertex 5 0 2
      vertex 13.8738 11.1262 2
      vertex 13.6811 10.9515 2
    endloop
  endfacet
  facet normal 0 0 1
    outer loop
      vertex 5 0 2
      vertex 13.6811 10.9515 2
      vertex 13.4723 10.7966 2
    endloop
  endfacet
  facet normal 0 0 1
    outer loop
      vertex 5 0 2
      vertex 13.4723 10.7966 2
      vertex 13.2492 10.6629 2
    endloop
  endfacet
  facet normal 0 0 1
    outer loop
      vertex 5 0 2
      vertex 13.2492 10.6629 2
      vertex 13.0141 10.5517 2
    endloop
  endfacet
  facet normal 0 0 1
    outer loop
      vertex 5 0 2
      vertex 13.0141 10.5517 2
      vertex 12.7693 10.4641 2
    endloop
  endfacet
  facet normal 0 0 1
    outer loop
      vertex 5 0 2
      vertex 12.7693 10.4641 2
      vertex 12.517 10.4009 2
    endloop
  endfacet
  facet normal 0 0 1
    outer loop
      vertex 5 0 2
      vertex 12.517 10.4009 2
      vertex 12.2597 10.3628 2
    endloop
  endfacet
  facet normal 0 0 1
    outer loop
      vertex 5 0 2
      vertex 12.2597 10.3628 2
      vertex 12 10.35 2
    endloop
  endfacet
  facet normal 0 0 1
    outer loop
      vertex 5 0 2
      vertex 12 10.35 2
      vertex 11.7403 10.3628 2
    endloop
  endfacet
  facet normal 0 0 1
    outer loop
      vertex 13.8738 11.1262 2
      vertex 5 0 2
      vertex 139 0 2
    endloop
  endfacet
  facet normal 0 0 1
    outer loop
      vertex 11.483 10.4009 2
      vertex 5 0 2
      vertex 11.7403 10.3628 2
    endloop
  endfacet
  facet normal 0 0 1
    outer loop
      vertex 11.2307 10.4641 2
      vertex 5 0 2
      vertex 11.483 10.4009 2
    endloop
  endfacet
  facet normal 0 0 1
    outer loop
      vertex 10.9859 10.5517 2
      vertex 5 0 2
      vertex 11.2307 10.4641 2
    endloop
  endfacet
  facet normal 0 0 1
    outer loop
      vertex 10.7508 10.6629 2
      vertex 5 0 2
      vertex 10.9859 10.5517 2
    endloop
  endfacet
  facet normal 0 0 1
    outer loop
      vertex 10.5277 10.7966 2
      vertex 5 0 2
      vertex 10.7508 10.6629 2
    endloop
  endfacet
  facet normal 0 0 1
    outer loop
      vertex 10.3189 10.9515 2
      vertex 5 0 2
      vertex 10.5277 10.7966 2
    endloop
  endfacet
  facet normal 0 0 1
    outer loop
      vertex 0 5 2
      vertex 10.3189 10.9515 2
      vertex 10.1262 11.1262 2
    endloop
  endfacet
  facet normal 0 0 1
    outer loop
      vertex 0 5 2
      vertex 10.1262 11.1262 2
      vertex 9.95152 11.3189 2
    endloop
  endfacet
  facet normal 0 0 1
    outer loop
      vertex 0 5 2
      vertex 9.95152 11.3189 2
      vertex 9.79661 11.5277 2
    endloop
  endfacet
  facet normal 0 0 1
    outer loop
      vertex 0 5 2
      vertex 9.79661 11.5277 2
      vertex 9.66291 11.7508 2
    endloop
  endfacet
  facet normal 0 0 1
    outer loop
      vertex 0 5 2
      vertex 9.66291 11.7508 2
      vertex 9.55172 11.9859 2
    endloop
  endfacet
  facet normal 0 0 1
    outer loop
      vertex 0 5 2
      vertex 9.55172 11.9859 2
      vertex 9.46411 12.2307 2
    endloop
  endfacet
  facet normal 0 0 1
    outer loop
      vertex 0 5 2
      vertex 9.46411 12.2307 2
      vertex 9.40092 12.483 2
    endloop
  endfacet
  facet normal 0 0 1
    outer loop
      vertex 0 5 2
      vertex 9.40092 12.483 2
      vertex 9.36276 12.7403 2
    endloop
  endfacet
  facet normal 0 0 1
    outer loop
      vertex 0 5 2
      vertex 9.36276 12.7403 2
      vertex 9.35 13 2
    endloop
  endfacet
  facet normal 0 0 1
    outer loop
      vertex 9.40092 13.517 2
      vertex 0 5 2
      vertex 9.36276 13.2597 2
    endloop
  endfacet
  facet normal 0 0 1
    outer loop
      vertex 0 171 2
      vertex 5 176 2
      vertex 4.50992 175.976 2
    endloop
  endfacet
  facet normal 0 0 1
    outer loop
      vertex 9.36276 13.2597 2
      vertex 0 5 2
      vertex 9.35 13 2
    endloop
  endfacet
  facet normal 0 0 1
    outer loop
      vertex 0 171 2
      vertex 4.50992 175.976 2
      vertex 4.02455 175.904 2
    endloop
  endfacet
  facet normal 0 0 1
    outer loop
      vertex 10.3189 10.9515 2
      vertex 0 5 2
      vertex 5 0 2
    endloop
  endfacet
  facet normal 0 0 1
    outer loop
      vertex 0 171 2
      vertex 4.02455 175.904 2
      vertex 3.54858 175.785 2
    endloop
  endfacet
  facet normal 0 0 1
    outer loop
      vertex 5 0 2
      vertex 0 5 2
      vertex 4.50992 0.0240784 2
    endloop
  endfacet
  facet normal 0 0 1
    outer loop
      vertex 0 171 2
      vertex 3.54858 175.785 2
      vertex 3.08658 175.619 2
    endloop
  endfacet
  facet normal 0 0 1
    outer loop
      vertex 4.50992 0.0240784 2
      vertex 0 5 2
      vertex 4.02455 0.0960693 2
    endloop
  endfacet
  facet normal 0 0 1
    outer loop
      vertex 0 171 2
      vertex 3.08658 175.619 2
      vertex 2.64302 175.41 2
    endloop
  endfacet
  facet normal 0 0 1
    outer loop
      vertex 4.02455 0.0960693 2
      vertex 0 5 2
      vertex 3.54858 0.215302 2
    endloop
  endfacet
  facet normal 0 0 1
    outer loop
      vertex 0 171 2
      vertex 2.64302 175.41 2
      vertex 2.22215 175.157 2
    endloop
  endfacet
  facet normal 0 0 1
    outer loop
      vertex 3.54858 0.215302 2
      vertex 0 5 2
      vertex 3.08658 0.3806 2
    endloop
  endfacet
  facet normal 0 0 1
    outer loop
      vertex 0 171 2
      vertex 2.22215 175.157 2
      vertex 1.82803 174.865 2
    endloop
  endfacet
  facet normal 0 0 1
    outer loop
      vertex 3.08658 0.3806 2
      vertex 0 5 2
      vertex 2.64302 0.590393 2
    endloop
  endfacet
  facet normal 0 0 1
    outer loop
      vertex 0 171 2
      vertex 1.82803 174.865 2
      vertex 1.46446 174.536 2
    endloop
  endfacet
  facet normal 0 0 1
    outer loop
      vertex 2.64302 0.590393 2
      vertex 0 5 2
      vertex 2.22215 0.842651 2
    endloop
  endfacet
  facet normal 0 0 1
    outer loop
      vertex 0 171 2
      vertex 1.46446 174.536 2
      vertex 1.13495 174.172 2
    endloop
  endfacet
  facet normal 0 0 1
    outer loop
      vertex 2.22215 0.842651 2
      vertex 0 5 2
      vertex 1.82803 1.13495 2
    endloop
  endfacet
  facet normal 0 0 1
    outer loop
      vertex 0 171 2
      vertex 1.13495 174.172 2
      vertex 0.842651 173.778 2
    endloop
  endfacet
  facet normal 0 0 1
    outer loop
      vertex 1.82803 1.13495 2
      vertex 0 5 2
      vertex 1.46446 1.46446 2
    endloop
  endfacet
  facet normal 0 0 1
    outer loop
      vertex 0 171 2
      vertex 0.842651 173.778 2
      vertex 0.590393 173.357 2
    endloop
  endfacet
  facet normal 0 0 1
    outer loop
      vertex 1.46446 1.46446 2
      vertex 0 5 2
      vertex 1.13495 1.82803 2
    endloop
  endfacet
  facet normal 0 0 1
    outer loop
      vertex 0 171 2
      vertex 0.590393 173.357 2
      vertex 0.3806 172.913 2
    endloop
  endfacet
  facet normal 0 0 1
    outer loop
      vertex 1.13495 1.82803 2
      vertex 0 5 2
      vertex 0.842651 2.22215 2
    endloop
  endfacet
  facet normal 0 0 1
    outer loop
      vertex 0 171 2
      vertex 0.3806 172.913 2
      vertex 0.215302 172.451 2
    endloop
  endfacet
  facet normal 0 0 1
    outer loop
      vertex 0.842651 2.22215 2
      vertex 0 5 2
      vertex 0.590393 2.64302 2
    endloop
  endfacet
  facet normal 0 0 1
    outer loop
      vertex 0 171 2
      vertex 0.215302 172.451 2
      vertex 0.0960693 171.975 2
    endloop
  endfacet
  facet normal 0 0 1
    outer loop
      vertex 0.590393 2.64302 2
      vertex 0 5 2
      vertex 0.3806 3.08658 2
    endloop
  endfacet
  facet normal 0 0 1
    outer loop
      vertex 0 171 2
      vertex 0.0960693 171.975 2
      vertex 0.0240784 171.49 2
    endloop
  endfacet
  facet normal 0 0 1
    outer loop
      vertex 0.3806 3.08658 2
      vertex 0 5 2
      vertex 0.215302 3.54858 2
    endloop
  endfacet
  facet normal 0 0 1
    outer loop
      vertex 0.215302 3.54858 2
      vertex 0 5 2
      vertex 0.0960693 4.02455 2
    endloop
  endfacet
  facet normal 0 0 1
    outer loop
      vertex 0.0960693 4.02455 2
      vertex 0 5 2
      vertex 0.0240784 4.50992 2
    endloop
  endfacet
  facet normal 0 0 1
    outer loop
      vertex 130.319 15.0485 2
      vertex 130 15 2
      vertex 130.126 14.8738 2
    endloop
  endfacet
  facet normal -0 0 1
    outer loop
      vertex 129.995 14.902 2
      vertex 130.126 14.8738 2
      vertex 130 15 2
    endloop
  endfacet
  facet normal 0 0 1
    outer loop
      vertex 129.981 14.8049 2
      vertex 130.126 14.8738 2
      vertex 129.995 14.902 2
    endloop
  endfacet
  facet normal 0 0 1
    outer loop
      vertex 129.957 14.7097 2
      vertex 130.126 14.8738 2
      vertex 129.981 14.8049 2
    endloop
  endfacet
  facet normal -0 0 1
    outer loop
      vertex 129.957 14.7097 2
      vertex 129.952 14.6811 2
      vertex 130.126 14.8738 2
    endloop
  endfacet
  facet normal 0 -0 1
    outer loop
      vertex 129.952 14.6811 2
      vertex 129.957 14.7097 2
      vertex 129.942 14.6686 2
    endloop
  endfacet
  facet normal 0 0 1
    outer loop
      vertex 129.663 161.751 2
      vertex 129.634 161.773 2
      vertex 129.668 161.743 2
    endloop
  endfacet
  facet normal 0 0 1
    outer loop
      vertex 129.552 161.986 2
      vertex 129.634 161.773 2
      vertex 129.663 161.751 2
    endloop
  endfacet
  facet normal 0 0 1
    outer loop
      vertex 129.552 161.986 2
      vertex 129.556 161.831 2
      vertex 129.634 161.773 2
    endloop
  endfacet
  facet normal 0 0 1
    outer loop
      vertex 129.552 161.986 2
      vertex 129.471 161.882 2
      vertex 129.556 161.831 2
    endloop
  endfacet
  facet normal 0 0 1
    outer loop
      vertex 129.383 161.924 2
      vertex 129.552 161.986 2
      vertex 129.464 162.231 2
    endloop
  endfacet
  facet normal 0 0 1
    outer loop
      vertex 129.29 161.957 2
      vertex 129.464 162.231 2
      vertex 129.401 162.483 2
    endloop
  endfacet
  facet normal 0 0 1
    outer loop
      vertex 129.552 161.986 2
      vertex 129.383 161.924 2
      vertex 129.471 161.882 2
    endloop
  endfacet
  facet normal 0 0 1
    outer loop
      vertex 129.29 161.957 2
      vertex 129.401 162.483 2
      vertex 129.363 162.74 2
    endloop
  endfacet
  facet normal 0 0 1
    outer loop
      vertex 129.29 161.957 2
      vertex 129.363 162.74 2
      vertex 129.35 163 2
    endloop
  endfacet
  facet normal 0 0 1
    outer loop
      vertex 129.464 162.231 2
      vertex 129.29 161.957 2
      vertex 129.383 161.924 2
    endloop
  endfacet
  facet normal 0 0 1
    outer loop
      vertex 14.0431 14.7097 2
      vertex 14.0485 14.6811 2
      vertex 14.0578 14.6686 2
    endloop
  endfacet
  facet normal 0 0 1
    outer loop
      vertex 13.8738 14.8738 2
      vertex 14.0431 14.7097 2
      vertex 14.0192 14.8049 2
    endloop
  endfacet
  facet normal 0 0 1
    outer loop
      vertex 14.0431 14.7097 2
      vertex 13.8738 14.8738 2
      vertex 14.0485 14.6811 2
    endloop
  endfacet
  facet normal 0 0 1
    outer loop
      vertex 14.0048 14.902 2
      vertex 13.8738 14.8738 2
      vertex 14.0192 14.8049 2
    endloop
  endfacet
  facet normal 0 0 1
    outer loop
      vertex 14 15 2
      vertex 13.8738 14.8738 2
      vertex 14.0048 14.902 2
    endloop
  endfacet
  facet normal 0 0 1
    outer loop
      vertex 13.4723 160.797 2
      vertex 14 161 2
      vertex 13.6811 160.952 2
    endloop
  endfacet
  facet normal 0 0 1
    outer loop
      vertex 13.2492 160.663 2
      vertex 14 161 2
      vertex 13.4723 160.797 2
    endloop
  endfacet
  facet normal 0 0 1
    outer loop
      vertex 14 15 2
      vertex 13.6811 15.0485 2
      vertex 13.8738 14.8738 2
    endloop
  endfacet
  facet normal 0 0 1
    outer loop
      vertex 13.0141 160.552 2
      vertex 14 161 2
      vertex 13.2492 160.663 2
    endloop
  endfacet
  facet normal 0 0 1
    outer loop
      vertex 14 15 2
      vertex 13.4723 15.2034 2
      vertex 13.6811 15.0485 2
    endloop
  endfacet
  facet normal 0 0 1
    outer loop
      vertex 14 161 2
      vertex 13.0141 160.552 2
      vertex 14 15 2
    endloop
  endfacet
  facet normal 0 0 1
    outer loop
      vertex 14 15 2
      vertex 13.2492 15.3371 2
      vertex 13.4723 15.2034 2
    endloop
  endfacet
  facet normal -0 0 1
    outer loop
      vertex 13.0141 15.4483 2
      vertex 14 15 2
      vertex 13.0141 160.552 2
    endloop
  endfacet
  facet normal 0 0 1
    outer loop
      vertex 14 15 2
      vertex 13.0141 15.4483 2
      vertex 13.2492 15.3371 2
    endloop
  endfacet
  facet normal -0 0 1
    outer loop
      vertex 12.7693 160.464 2
      vertex 13.0141 15.4483 2
      vertex 13.0141 160.552 2
    endloop
  endfacet
  facet normal 0 0 1
    outer loop
      vertex 12.7693 160.464 2
      vertex 12.7693 15.5359 2
      vertex 13.0141 15.4483 2
    endloop
  endfacet
  facet normal -0 0 1
    outer loop
      vertex 12.517 160.401 2
      vertex 12.7693 15.5359 2
      vertex 12.7693 160.464 2
    endloop
  endfacet
  facet normal 0 0 1
    outer loop
      vertex 12.517 160.401 2
      vertex 12.517 15.5991 2
      vertex 12.7693 15.5359 2
    endloop
  endfacet
  facet normal -0 0 1
    outer loop
      vertex 12.2597 160.363 2
      vertex 12.517 15.5991 2
      vertex 12.517 160.401 2
    endloop
  endfacet
  facet normal 0 0 1
    outer loop
      vertex 12.2597 160.363 2
      vertex 12.2597 15.6372 2
      vertex 12.517 15.5991 2
    endloop
  endfacet
  facet normal -0 0 1
    outer loop
      vertex 12 160.35 2
      vertex 12.2597 15.6372 2
      vertex 12.2597 160.363 2
    endloop
  endfacet
  facet normal 0 0 1
    outer loop
      vertex 12 160.35 2
      vertex 12 15.65 2
      vertex 12.2597 15.6372 2
    endloop
  endfacet
  facet normal 0 0 1
    outer loop
      vertex 11.7403 160.363 2
      vertex 12 15.65 2
      vertex 12 160.35 2
    endloop
  endfacet
  facet normal 0 0 1
    outer loop
      vertex 11.7403 160.363 2
      vertex 11.7403 15.6372 2
      vertex 12 15.65 2
    endloop
  endfacet
  facet normal 0 0 1
    outer loop
      vertex 11.483 160.401 2
      vertex 11.7403 15.6372 2
      vertex 11.7403 160.363 2
    endloop
  endfacet
  facet normal 0 0 1
    outer loop
      vertex 11.483 160.401 2
      vertex 11.483 15.5991 2
      vertex 11.7403 15.6372 2
    endloop
  endfacet
  facet normal 0 0 1
    outer loop
      vertex 11.2307 160.464 2
      vertex 11.483 15.5991 2
      vertex 11.483 160.401 2
    endloop
  endfacet
  facet normal 0 0 1
    outer loop
      vertex 11.2307 160.464 2
      vertex 11.2307 15.5359 2
      vertex 11.483 15.5991 2
    endloop
  endfacet
  facet normal 0 0 1
    outer loop
      vertex 10.9859 160.552 2
      vertex 11.2307 15.5359 2
      vertex 11.2307 160.464 2
    endloop
  endfacet
  facet normal 0 0 1
    outer loop
      vertex 10.9859 160.552 2
      vertex 10.9859 15.4483 2
      vertex 11.2307 15.5359 2
    endloop
  endfacet
  facet normal 0 0 1
    outer loop
      vertex 10.7508 160.663 2
      vertex 10.9859 15.4483 2
      vertex 10.9859 160.552 2
    endloop
  endfacet
  facet normal 0 0 1
    outer loop
      vertex 10.7508 160.663 2
      vertex 10.7508 15.3371 2
      vertex 10.9859 15.4483 2
    endloop
  endfacet
  facet normal 0 0 1
    outer loop
      vertex 10.5277 160.797 2
      vertex 10.7508 15.3371 2
      vertex 10.7508 160.663 2
    endloop
  endfacet
  facet normal 0 0 1
    outer loop
      vertex 10.5277 160.797 2
      vertex 10.5277 15.2034 2
      vertex 10.7508 15.3371 2
    endloop
  endfacet
  facet normal 0 0 1
    outer loop
      vertex 10.3189 160.952 2
      vertex 10.5277 15.2034 2
      vertex 10.5277 160.797 2
    endloop
  endfacet
  facet normal 0 0 1
    outer loop
      vertex 10.3189 160.952 2
      vertex 10.3189 15.0485 2
      vertex 10.5277 15.2034 2
    endloop
  endfacet
  facet normal 0 0 1
    outer loop
      vertex 10.1262 161.126 2
      vertex 10.3189 15.0485 2
      vertex 10.3189 160.952 2
    endloop
  endfacet
  facet normal 0 0 1
    outer loop
      vertex 10.1262 161.126 2
      vertex 10.1262 14.8738 2
      vertex 10.3189 15.0485 2
    endloop
  endfacet
  facet normal 0 0 1
    outer loop
      vertex 9.95152 161.319 2
      vertex 10.1262 14.8738 2
      vertex 10.1262 161.126 2
    endloop
  endfacet
  facet normal 0 0 1
    outer loop
      vertex 9.95152 161.319 2
      vertex 9.95152 14.6811 2
      vertex 10.1262 14.8738 2
    endloop
  endfacet
  facet normal 0 0 1
    outer loop
      vertex 0 171 2
      vertex 9.95152 161.319 2
      vertex 9.79661 161.528 2
    endloop
  endfacet
  facet normal 0 0 1
    outer loop
      vertex 9.95152 161.319 2
      vertex 0 171 2
      vertex 9.95152 14.6811 2
    endloop
  endfacet
  facet normal 0 0 1
    outer loop
      vertex 0 171 2
      vertex 9.79661 161.528 2
      vertex 9.66291 161.751 2
    endloop
  endfacet
  facet normal 0 0 1
    outer loop
      vertex 0 5 2
      vertex 9.95152 14.6811 2
      vertex 0 171 2
    endloop
  endfacet
  facet normal 0 0 1
    outer loop
      vertex 0 171 2
      vertex 9.66291 161.751 2
      vertex 9.55172 161.986 2
    endloop
  endfacet
  facet normal 0 0 1
    outer loop
      vertex 9.95152 14.6811 2
      vertex 0 5 2
      vertex 9.79661 14.4723 2
    endloop
  endfacet
  facet normal 0 0 1
    outer loop
      vertex 0 171 2
      vertex 9.55172 161.986 2
      vertex 9.46411 162.231 2
    endloop
  endfacet
  facet normal 0 0 1
    outer loop
      vertex 9.79661 14.4723 2
      vertex 0 5 2
      vertex 9.66291 14.2492 2
    endloop
  endfacet
  facet normal 0 0 1
    outer loop
      vertex 9.36276 162.74 2
      vertex 0 171 2
      vertex 9.40092 162.483 2
    endloop
  endfacet
  facet normal 0 0 1
    outer loop
      vertex 9.40092 162.483 2
      vertex 0 171 2
      vertex 9.46411 162.231 2
    endloop
  endfacet
  facet normal 0 0 1
    outer loop
      vertex 9.35 163 2
      vertex 0 171 2
      vertex 9.36276 162.74 2
    endloop
  endfacet
  facet normal 0 0 1
    outer loop
      vertex 9.66291 14.2492 2
      vertex 0 5 2
      vertex 9.55172 14.0141 2
    endloop
  endfacet
  facet normal 0 0 1
    outer loop
      vertex 9.36276 163.26 2
      vertex 0 171 2
      vertex 9.35 163 2
    endloop
  endfacet
  facet normal 0 0 1
    outer loop
      vertex 9.55172 14.0141 2
      vertex 0 5 2
      vertex 9.46411 13.7693 2
    endloop
  endfacet
  facet normal -0.146735 0.989176 0
    outer loop
      vertex 4.50992 175.976 0
      vertex 4.02455 175.904 2
      vertex 4.50992 175.976 2
    endloop
  endfacet
  facet normal -0.146735 0.989176 0
    outer loop
      vertex 4.02455 175.904 2
      vertex 4.50992 175.976 0
      vertex 4.02455 175.904 0
    endloop
  endfacet
  facet normal -0.426241 0.90461 0
    outer loop
      vertex 3.08658 175.619 0
      vertex 2.64302 175.41 2
      vertex 3.08658 175.619 2
    endloop
  endfacet
  facet normal -0.426241 0.90461 0
    outer loop
      vertex 2.64302 175.41 2
      vertex 3.08658 175.619 0
      vertex 2.64302 175.41 0
    endloop
  endfacet
  facet normal -0.671547 -0.740962 0
    outer loop
      vertex 1.46446 1.46446 0
      vertex 1.82803 1.13495 2
      vertex 1.46446 1.46446 2
    endloop
  endfacet
  facet normal -0.671547 -0.740962 -0
    outer loop
      vertex 1.82803 1.13495 2
      vertex 1.46446 1.46446 0
      vertex 1.82803 1.13495 0
    endloop
  endfacet
  facet normal 0.515094 0.857133 -0
    outer loop
      vertex 141.778 175.157 0
      vertex 141.357 175.41 2
      vertex 141.778 175.157 2
    endloop
  endfacet
  facet normal 0.515094 0.857133 0
    outer loop
      vertex 141.357 175.41 2
      vertex 141.778 175.157 0
      vertex 141.357 175.41 0
    endloop
  endfacet
  facet normal -0.85773 -0.5141 0
    outer loop
      vertex 0.842651 2.22215 0
      vertex 0.590393 2.64302 2
      vertex 0.590393 2.64302 0
    endloop
  endfacet
  facet normal -0.85773 -0.5141 0
    outer loop
      vertex 0.590393 2.64302 2
      vertex 0.842651 2.22215 0
      vertex 0.842651 2.22215 2
    endloop
  endfacet
  facet normal 0.998803 0.0489209 0
    outer loop
      vertex 144 171 2
      vertex 143.976 171.49 0
      vertex 143.976 171.49 2
    endloop
  endfacet
  facet normal 0.998803 0.0489209 0
    outer loop
      vertex 143.976 171.49 0
      vertex 144 171 2
      vertex 144 171 0
    endloop
  endfacet
  facet normal 0.146826 -0.989162 0
    outer loop
      vertex 139.49 0.0240784 0
      vertex 139.975 0.0960693 2
      vertex 139.49 0.0240784 2
    endloop
  endfacet
  facet normal 0.146826 -0.989162 0
    outer loop
      vertex 139.975 0.0960693 2
      vertex 139.49 0.0240784 0
      vertex 139.975 0.0960693 0
    endloop
  endfacet
  facet normal 0.741874 0.67054 0
    outer loop
      vertex 142.865 174.172 2
      vertex 142.536 174.536 0
      vertex 142.536 174.536 2
    endloop
  endfacet
  facet normal 0.741874 0.67054 0
    outer loop
      vertex 142.536 174.536 0
      vertex 142.865 174.172 2
      vertex 142.865 174.172 0
    endloop
  endfacet
  facet normal 0.242982 -0.970031 0
    outer loop
      vertex 139.975 0.0960693 0
      vertex 140.451 0.215302 2
      vertex 139.975 0.0960693 2
    endloop
  endfacet
  facet normal 0.242982 -0.970031 0
    outer loop
      vertex 140.451 0.215302 2
      vertex 139.975 0.0960693 0
      vertex 140.451 0.215302 0
    endloop
  endfacet
  facet normal 0.0490804 -0.998795 0
    outer loop
      vertex 139 0 0
      vertex 139.49 0.0240784 2
      vertex 139 0 2
    endloop
  endfacet
  facet normal 0.0490804 -0.998795 0
    outer loop
      vertex 139.49 0.0240784 2
      vertex 139 0 0
      vertex 139.49 0.0240784 0
    endloop
  endfacet
  facet normal 0.970139 -0.24255 0
    outer loop
      vertex 143.785 3.54858 2
      vertex 143.904 4.02455 0
      vertex 143.904 4.02455 2
    endloop
  endfacet
  facet normal 0.970139 -0.24255 0
    outer loop
      vertex 143.904 4.02455 0
      vertex 143.785 3.54858 2
      vertex 143.785 3.54858 0
    endloop
  endfacet
  facet normal 0.67054 0.741874 -0
    outer loop
      vertex 142.536 174.536 0
      vertex 142.172 174.865 2
      vertex 142.536 174.536 2
    endloop
  endfacet
  facet normal 0.67054 0.741874 0
    outer loop
      vertex 142.172 174.865 2
      vertex 142.536 174.536 0
      vertex 142.172 174.865 0
    endloop
  endfacet
  facet normal 0.595423 0.803413 -0
    outer loop
      vertex 142.172 174.865 0
      vertex 141.778 175.157 2
      vertex 142.172 174.865 2
    endloop
  endfacet
  facet normal 0.595423 0.803413 0
    outer loop
      vertex 141.778 175.157 2
      vertex 142.172 174.865 0
      vertex 141.778 175.157 0
    endloop
  endfacet
  facet normal 0.941095 -0.338142 0
    outer loop
      vertex 143.619 3.08658 2
      vertex 143.785 3.54858 0
      vertex 143.785 3.54858 2
    endloop
  endfacet
  facet normal 0.941095 -0.338142 0
    outer loop
      vertex 143.785 3.54858 0
      vertex 143.619 3.08658 2
      vertex 143.619 3.08658 0
    endloop
  endfacet
  facet normal 0.970143 0.242536 0
    outer loop
      vertex 143.904 171.975 2
      vertex 143.785 172.451 0
      vertex 143.785 172.451 2
    endloop
  endfacet
  facet normal 0.970143 0.242536 0
    outer loop
      vertex 143.785 172.451 0
      vertex 143.904 171.975 2
      vertex 143.904 171.975 0
    endloop
  endfacet
  facet normal -0.989162 0.146826 0
    outer loop
      vertex 0.0240784 171.49 0
      vertex 0.0960693 171.975 2
      vertex 0.0960693 171.975 0
    endloop
  endfacet
  facet normal -0.989162 0.146826 0
    outer loop
      vertex 0.0960693 171.975 2
      vertex 0.0240784 171.49 0
      vertex 0.0240784 171.49 2
    endloop
  endfacet
  facet normal -0.970031 0.242982 0
    outer loop
      vertex 0.0960693 171.975 0
      vertex 0.215302 172.451 2
      vertex 0.215302 172.451 0
    endloop
  endfacet
  facet normal -0.970031 0.242982 0
    outer loop
      vertex 0.215302 172.451 2
      vertex 0.0960693 171.975 0
      vertex 0.0960693 171.975 2
    endloop
  endfacet
  facet normal 0.336875 -0.941549 0
    outer loop
      vertex 140.451 0.215302 0
      vertex 140.913 0.3806 2
      vertex 140.451 0.215302 2
    endloop
  endfacet
  facet normal 0.336875 -0.941549 0
    outer loop
      vertex 140.913 0.3806 2
      vertex 140.451 0.215302 0
      vertex 140.913 0.3806 0
    endloop
  endfacet
  facet normal 0.425895 0.904773 -0
    outer loop
      vertex 141.357 175.41 0
      vertex 140.913 175.619 2
      vertex 141.357 175.41 2
    endloop
  endfacet
  facet normal 0.425895 0.904773 0
    outer loop
      vertex 140.913 175.619 2
      vertex 141.357 175.41 0
      vertex 140.913 175.619 0
    endloop
  endfacet
  facet normal -0.941549 0.336875 0
    outer loop
      vertex 0.215302 172.451 0
      vertex 0.3806 172.913 2
      vertex 0.3806 172.913 0
    endloop
  endfacet
  facet normal -0.941549 0.336875 0
    outer loop
      vertex 0.3806 172.913 2
      vertex 0.215302 172.451 0
      vertex 0.215302 172.451 2
    endloop
  endfacet
  facet normal 0 0 -1
    outer loop
      vertex 15 162 0
      vertex 14.6372 162.74 0
      vertex 14.65 163 0
    endloop
  endfacet
  facet normal 0 0 -1
    outer loop
      vertex 14.5359 162.231 0
      vertex 14.7097 161.957 0
      vertex 14.6173 161.924 0
    endloop
  endfacet
  facet normal 0 0 -1
    outer loop
      vertex 14.8049 161.981 0
      vertex 14.5991 162.483 0
      vertex 14.6372 162.74 0
    endloop
  endfacet
  facet normal 0 0 -1
    outer loop
      vertex 14.8049 161.981 0
      vertex 14.5359 162.231 0
      vertex 14.5991 162.483 0
    endloop
  endfacet
  facet normal 0 0 -1
    outer loop
      vertex 14.4483 161.986 0
      vertex 14.6173 161.924 0
      vertex 14.5286 161.882 0
    endloop
  endfacet
  facet normal 0 0 -1
    outer loop
      vertex 14.6173 161.924 0
      vertex 14.4483 161.986 0
      vertex 14.5359 162.231 0
    endloop
  endfacet
  facet normal 0 0 -1
    outer loop
      vertex 14.4444 161.831 0
      vertex 14.4483 161.986 0
      vertex 14.5286 161.882 0
    endloop
  endfacet
  facet normal 0 0 -1
    outer loop
      vertex 14.3656 161.773 0
      vertex 14.4483 161.986 0
      vertex 14.4444 161.831 0
    endloop
  endfacet
  facet normal -0 0 -1
    outer loop
      vertex 14.3656 161.773 0
      vertex 14.3371 161.751 0
      vertex 14.4483 161.986 0
    endloop
  endfacet
  facet normal 0 -0 -1
    outer loop
      vertex 14.3371 161.751 0
      vertex 14.3656 161.773 0
      vertex 14.3323 161.743 0
    endloop
  endfacet
  facet normal 0 0 -1
    outer loop
      vertex 14.5359 13.7693 0
      vertex 14.902 14.0048 0
      vertex 14.5991 13.517 0
    endloop
  endfacet
  facet normal -0 0 -1
    outer loop
      vertex 14.902 14.0048 0
      vertex 14.5359 13.7693 0
      vertex 14.8049 14.0192 0
    endloop
  endfacet
  facet normal -0 0 -1
    outer loop
      vertex 14.8049 14.0192 0
      vertex 14.5359 13.7693 0
      vertex 14.7097 14.0431 0
    endloop
  endfacet
  facet normal -0 0 -1
    outer loop
      vertex 14.7097 14.0431 0
      vertex 14.5359 13.7693 0
      vertex 14.6173 14.0761 0
    endloop
  endfacet
  facet normal 0 0 -1
    outer loop
      vertex 14.4483 14.0141 0
      vertex 14.6173 14.0761 0
      vertex 14.5359 13.7693 0
    endloop
  endfacet
  facet normal -0 0 -1
    outer loop
      vertex 14.6173 14.0761 0
      vertex 14.4483 14.0141 0
      vertex 14.5286 14.1181 0
    endloop
  endfacet
  facet normal 0 0 -1
    outer loop
      vertex 14.4483 14.0141 0
      vertex 14.4444 14.1685 0
      vertex 14.5286 14.1181 0
    endloop
  endfacet
  facet normal 0 0 -1
    outer loop
      vertex 14.4483 14.0141 0
      vertex 14.3656 14.227 0
      vertex 14.4444 14.1685 0
    endloop
  endfacet
  facet normal 0 0 -1
    outer loop
      vertex 14.3371 14.2492 0
      vertex 14.3656 14.227 0
      vertex 14.4483 14.0141 0
    endloop
  endfacet
  facet normal 0 0 -1
    outer loop
      vertex 14.3656 14.227 0
      vertex 14.3371 14.2492 0
      vertex 14.3323 14.2571 0
    endloop
  endfacet
  facet normal 0 0 -1
    outer loop
      vertex 14.0485 14.6811 0
      vertex 14.0431 14.7097 0
      vertex 14.0578 14.6686 0
    endloop
  endfacet
  facet normal 0 0 -1
    outer loop
      vertex 13.8738 14.8738 0
      vertex 14.0431 14.7097 0
      vertex 14.0485 14.6811 0
    endloop
  endfacet
  facet normal 0 0 -1
    outer loop
      vertex 13.6811 15.0485 0
      vertex 14 15 0
      vertex 13.8738 14.8738 0
    endloop
  endfacet
  facet normal -0 0 -1
    outer loop
      vertex 14.0048 14.902 0
      vertex 13.8738 14.8738 0
      vertex 14 15 0
    endloop
  endfacet
  facet normal 0 0 -1
    outer loop
      vertex 14.0192 14.8049 0
      vertex 13.8738 14.8738 0
      vertex 14.0048 14.902 0
    endloop
  endfacet
  facet normal 0 0 -1
    outer loop
      vertex 14.0431 14.7097 0
      vertex 13.8738 14.8738 0
      vertex 14.0192 14.8049 0
    endloop
  endfacet
  facet normal 0 0 -1
    outer loop
      vertex 129.634 161.773 0
      vertex 129.663 161.751 0
      vertex 129.668 161.743 0
    endloop
  endfacet
  facet normal 0 0 -1
    outer loop
      vertex 129.634 161.773 0
      vertex 129.552 161.986 0
      vertex 129.663 161.751 0
    endloop
  endfacet
  facet normal 0 0 -1
    outer loop
      vertex 129.556 161.831 0
      vertex 129.552 161.986 0
      vertex 129.634 161.773 0
    endloop
  endfacet
  facet normal 0 0 -1
    outer loop
      vertex 129.471 161.882 0
      vertex 129.552 161.986 0
      vertex 129.556 161.831 0
    endloop
  endfacet
  facet normal 0 0 -1
    outer loop
      vertex 129.383 161.924 0
      vertex 129.552 161.986 0
      vertex 129.471 161.882 0
    endloop
  endfacet
  facet normal -0 0 -1
    outer loop
      vertex 129.552 161.986 0
      vertex 129.383 161.924 0
      vertex 129.464 162.231 0
    endloop
  endfacet
  facet normal 0 0 -1
    outer loop
      vertex 129.29 161.957 0
      vertex 129.464 162.231 0
      vertex 129.383 161.924 0
    endloop
  endfacet
  facet normal 0 0 -1
    outer loop
      vertex 129.195 161.981 0
      vertex 129.464 162.231 0
      vertex 129.29 161.957 0
    endloop
  endfacet
  facet normal 0 0 -1
    outer loop
      vertex 129.098 161.995 0
      vertex 129.464 162.231 0
      vertex 129.195 161.981 0
    endloop
  endfacet
  facet normal -0 0 -1
    outer loop
      vertex 129.464 162.231 0
      vertex 129.098 161.995 0
      vertex 129.401 162.483 0
    endloop
  endfacet
  facet normal 0 0 -1
    outer loop
      vertex 134.536 13.7693 0
      vertex 144 5 0
      vertex 134.599 13.517 0
    endloop
  endfacet
  facet normal 0 0 -1
    outer loop
      vertex 144 171 0
      vertex 134.637 162.74 0
      vertex 134.65 163 0
    endloop
  endfacet
  facet normal 0 0 -1
    outer loop
      vertex 134.448 14.0141 0
      vertex 144 5 0
      vertex 134.536 13.7693 0
    endloop
  endfacet
  facet normal 0 0 -1
    outer loop
      vertex 144 171 0
      vertex 134.599 162.483 0
      vertex 134.637 162.74 0
    endloop
  endfacet
  facet normal 0 0 -1
    outer loop
      vertex 134.337 14.2492 0
      vertex 144 5 0
      vertex 134.448 14.0141 0
    endloop
  endfacet
  facet normal 0 0 -1
    outer loop
      vertex 144 171 0
      vertex 134.536 162.231 0
      vertex 134.599 162.483 0
    endloop
  endfacet
  facet normal 0 0 -1
    outer loop
      vertex 134.203 14.4723 0
      vertex 144 5 0
      vertex 134.337 14.2492 0
    endloop
  endfacet
  facet normal 0 0 -1
    outer loop
      vertex 144 171 0
      vertex 134.448 161.986 0
      vertex 134.536 162.231 0
    endloop
  endfacet
  facet normal 0 0 -1
    outer loop
      vertex 134.048 14.6811 0
      vertex 144 5 0
      vertex 134.203 14.4723 0
    endloop
  endfacet
  facet normal 0 0 -1
    outer loop
      vertex 144 171 0
      vertex 134.337 161.751 0
      vertex 134.448 161.986 0
    endloop
  endfacet
  facet normal 0 0 -1
    outer loop
      vertex 144 5 0
      vertex 134.048 14.6811 0
      vertex 144 171 0
    endloop
  endfacet
  facet normal 0 0 -1
    outer loop
      vertex 144 171 0
      vertex 134.203 161.528 0
      vertex 134.337 161.751 0
    endloop
  endfacet
  facet normal 0 0 -1
    outer loop
      vertex 134.048 161.319 0
      vertex 144 171 0
      vertex 134.048 14.6811 0
    endloop
  endfacet
  facet normal 0 0 -1
    outer loop
      vertex 144 171 0
      vertex 134.048 161.319 0
      vertex 134.203 161.528 0
    endloop
  endfacet
  facet normal 0 0 -1
    outer loop
      vertex 133.874 14.8738 0
      vertex 134.048 161.319 0
      vertex 134.048 14.6811 0
    endloop
  endfacet
  facet normal 0 0 -1
    outer loop
      vertex 133.874 14.8738 0
      vertex 133.874 161.126 0
      vertex 134.048 161.319 0
    endloop
  endfacet
  facet normal 0 0 -1
    outer loop
      vertex 133.681 15.0485 0
      vertex 133.874 161.126 0
      vertex 133.874 14.8738 0
    endloop
  endfacet
  facet normal 0 0 -1
    outer loop
      vertex 133.681 15.0485 0
      vertex 133.681 160.952 0
      vertex 133.874 161.126 0
    endloop
  endfacet
  facet normal 0 0 -1
    outer loop
      vertex 133.472 15.2034 0
      vertex 133.681 160.952 0
      vertex 133.681 15.0485 0
    endloop
  endfacet
  facet normal 0 0 -1
    outer loop
      vertex 133.472 15.2034 0
      vertex 133.472 160.797 0
      vertex 133.681 160.952 0
    endloop
  endfacet
  facet normal 0 0 -1
    outer loop
      vertex 133.249 15.3371 0
      vertex 133.472 160.797 0
      vertex 133.472 15.2034 0
    endloop
  endfacet
  facet normal 0 0 -1
    outer loop
      vertex 133.249 15.3371 0
      vertex 133.249 160.663 0
      vertex 133.472 160.797 0
    endloop
  endfacet
  facet normal 0 0 -1
    outer loop
      vertex 133.014 15.4483 0
      vertex 133.249 160.663 0
      vertex 133.249 15.3371 0
    endloop
  endfacet
  facet normal 0 0 -1
    outer loop
      vertex 133.014 15.4483 0
      vertex 133.014 160.552 0
      vertex 133.249 160.663 0
    endloop
  endfacet
  facet normal 0 0 -1
    outer loop
      vertex 132.769 15.5359 0
      vertex 133.014 160.552 0
      vertex 133.014 15.4483 0
    endloop
  endfacet
  facet normal 0 0 -1
    outer loop
      vertex 132.769 15.5359 0
      vertex 132.769 160.464 0
      vertex 133.014 160.552 0
    endloop
  endfacet
  facet normal 0 0 -1
    outer loop
      vertex 132.517 15.5991 0
      vertex 132.769 160.464 0
      vertex 132.769 15.5359 0
    endloop
  endfacet
  facet normal 0 0 -1
    outer loop
      vertex 132.517 15.5991 0
      vertex 132.517 160.401 0
      vertex 132.769 160.464 0
    endloop
  endfacet
  facet normal 0 0 -1
    outer loop
      vertex 132.26 15.6372 0
      vertex 132.517 160.401 0
      vertex 132.517 15.5991 0
    endloop
  endfacet
  facet normal 0 0 -1
    outer loop
      vertex 132.26 15.6372 0
      vertex 132.26 160.363 0
      vertex 132.517 160.401 0
    endloop
  endfacet
  facet normal 0 0 -1
    outer loop
      vertex 132 15.65 0
      vertex 132.26 160.363 0
      vertex 132.26 15.6372 0
    endloop
  endfacet
  facet normal 0 0 -1
    outer loop
      vertex 132 15.65 0
      vertex 132 160.35 0
      vertex 132.26 160.363 0
    endloop
  endfacet
  facet normal 0 0 -1
    outer loop
      vertex 131.74 15.6372 0
      vertex 132 160.35 0
      vertex 132 15.65 0
    endloop
  endfacet
  facet normal 0 0 -1
    outer loop
      vertex 131.74 15.6372 0
      vertex 131.74 160.363 0
      vertex 132 160.35 0
    endloop
  endfacet
  facet normal 0 0 -1
    outer loop
      vertex 131.483 15.5991 0
      vertex 131.74 160.363 0
      vertex 131.74 15.6372 0
    endloop
  endfacet
  facet normal 0 0 -1
    outer loop
      vertex 131.483 15.5991 0
      vertex 131.483 160.401 0
      vertex 131.74 160.363 0
    endloop
  endfacet
  facet normal 0 0 -1
    outer loop
      vertex 131.231 15.5359 0
      vertex 131.483 160.401 0
      vertex 131.483 15.5991 0
    endloop
  endfacet
  facet normal 0 0 -1
    outer loop
      vertex 131.231 15.5359 0
      vertex 131.231 160.464 0
      vertex 131.483 160.401 0
    endloop
  endfacet
  facet normal 0 0 -1
    outer loop
      vertex 130.986 15.4483 0
      vertex 131.231 160.464 0
      vertex 131.231 15.5359 0
    endloop
  endfacet
  facet normal 0 0 -1
    outer loop
      vertex 130.986 15.4483 0
      vertex 130.986 160.552 0
      vertex 131.231 160.464 0
    endloop
  endfacet
  facet normal 0 0 -1
    outer loop
      vertex 130 15 0
      vertex 130.986 15.4483 0
      vertex 130.751 15.3371 0
    endloop
  endfacet
  facet normal -0 0 -1
    outer loop
      vertex 130.986 15.4483 0
      vertex 130 15 0
      vertex 130.986 160.552 0
    endloop
  endfacet
  facet normal 0 0 -1
    outer loop
      vertex 130 15 0
      vertex 130.751 15.3371 0
      vertex 130.528 15.2034 0
    endloop
  endfacet
  facet normal 0 0 -1
    outer loop
      vertex 130 161 0
      vertex 130.986 160.552 0
      vertex 130 15 0
    endloop
  endfacet
  facet normal 0 0 -1
    outer loop
      vertex 130 15 0
      vertex 130.528 15.2034 0
      vertex 130.319 15.0485 0
    endloop
  endfacet
  facet normal 0 0 -1
    outer loop
      vertex 130.986 160.552 0
      vertex 130 161 0
      vertex 130.751 160.663 0
    endloop
  endfacet
  facet normal 0 0 -1
    outer loop
      vertex 130 15 0
      vertex 130.319 15.0485 0
      vertex 130.126 14.8738 0
    endloop
  endfacet
  facet normal 0 0 -1
    outer loop
      vertex 130.751 160.663 0
      vertex 130 161 0
      vertex 130.528 160.797 0
    endloop
  endfacet
  facet normal 0 0 -1
    outer loop
      vertex 130.528 160.797 0
      vertex 130 161 0
      vertex 130.319 160.952 0
    endloop
  endfacet
  facet normal 0 0 -1
    outer loop
      vertex 130.126 14.8738 0
      vertex 129.995 14.902 0
      vertex 130 15 0
    endloop
  endfacet
  facet normal -0 0 -1
    outer loop
      vertex 130.126 14.8738 0
      vertex 129.981 14.8049 0
      vertex 129.995 14.902 0
    endloop
  endfacet
  facet normal 0 0 -1
    outer loop
      vertex 130.126 14.8738 0
      vertex 129.957 14.7097 0
      vertex 129.981 14.8049 0
    endloop
  endfacet
  facet normal 0 0 -1
    outer loop
      vertex 129.952 14.6811 0
      vertex 129.957 14.7097 0
      vertex 130.126 14.8738 0
    endloop
  endfacet
  facet normal 0 0 -1
    outer loop
      vertex 129.957 14.7097 0
      vertex 129.952 14.6811 0
      vertex 129.942 14.6686 0
    endloop
  endfacet
  facet normal 0 0 -1
    outer loop
      vertex 139 0 0
      vertex 144 5 0
      vertex 143.976 4.50992 0
    endloop
  endfacet
  facet normal 0 0 -1
    outer loop
      vertex 134.637 13.2597 0
      vertex 144 5 0
      vertex 134.65 13 0
    endloop
  endfacet
  facet normal 0 0 -1
    outer loop
      vertex 139 0 0
      vertex 143.976 4.50992 0
      vertex 143.904 4.02455 0
    endloop
  endfacet
  facet normal 0 0 -1
    outer loop
      vertex 134.599 13.517 0
      vertex 144 5 0
      vertex 134.637 13.2597 0
    endloop
  endfacet
  facet normal 0 0 -1
    outer loop
      vertex 139 0 0
      vertex 143.904 4.02455 0
      vertex 143.785 3.54858 0
    endloop
  endfacet
  facet normal 0 0 -1
    outer loop
      vertex 134.637 163.26 0
      vertex 144 171 0
      vertex 134.65 163 0
    endloop
  endfacet
  facet normal 0 0 -1
    outer loop
      vertex 139 0 0
      vertex 143.785 3.54858 0
      vertex 143.619 3.08658 0
    endloop
  endfacet
  facet normal 0 0 -1
    outer loop
      vertex 134.599 163.517 0
      vertex 144 171 0
      vertex 134.637 163.26 0
    endloop
  endfacet
  facet normal 0 0 -1
    outer loop
      vertex 139 0 0
      vertex 143.619 3.08658 0
      vertex 143.41 2.64302 0
    endloop
  endfacet
  facet normal 0 0 -1
    outer loop
      vertex 134.536 163.769 0
      vertex 144 171 0
      vertex 134.599 163.517 0
    endloop
  endfacet
  facet normal 0 0 -1
    outer loop
      vertex 139 0 0
      vertex 143.41 2.64302 0
      vertex 143.157 2.22215 0
    endloop
  endfacet
  facet normal 0 0 -1
    outer loop
      vertex 134.448 164.014 0
      vertex 144 171 0
      vertex 134.536 163.769 0
    endloop
  endfacet
  facet normal 0 0 -1
    outer loop
      vertex 139 0 0
      vertex 143.157 2.22215 0
      vertex 142.865 1.82803 0
    endloop
  endfacet
  facet normal 0 0 -1
    outer loop
      vertex 134.337 164.249 0
      vertex 144 171 0
      vertex 134.448 164.014 0
    endloop
  endfacet
  facet normal 0 0 -1
    outer loop
      vertex 139 0 0
      vertex 142.865 1.82803 0
      vertex 142.536 1.46446 0
    endloop
  endfacet
  facet normal 0 0 -1
    outer loop
      vertex 134.203 164.472 0
      vertex 144 171 0
      vertex 134.337 164.249 0
    endloop
  endfacet
  facet normal 0 0 -1
    outer loop
      vertex 139 0 0
      vertex 142.536 1.46446 0
      vertex 142.172 1.13495 0
    endloop
  endfacet
  facet normal 0 0 -1
    outer loop
      vertex 134.048 164.681 0
      vertex 144 171 0
      vertex 134.203 164.472 0
    endloop
  endfacet
  facet normal 0 0 -1
    outer loop
      vertex 139 0 0
      vertex 142.172 1.13495 0
      vertex 141.778 0.842651 0
    endloop
  endfacet
  facet normal 0 0 -1
    outer loop
      vertex 133.874 164.874 0
      vertex 144 171 0
      vertex 134.048 164.681 0
    endloop
  endfacet
  facet normal 0 0 -1
    outer loop
      vertex 139 0 0
      vertex 141.778 0.842651 0
      vertex 141.357 0.590393 0
    endloop
  endfacet
  facet normal 0 0 -1
    outer loop
      vertex 133.681 165.048 0
      vertex 144 171 0
      vertex 133.874 164.874 0
    endloop
  endfacet
  facet normal 0 0 -1
    outer loop
      vertex 139 0 0
      vertex 141.357 0.590393 0
      vertex 140.913 0.3806 0
    endloop
  endfacet
  facet normal 0 -0 -1
    outer loop
      vertex 139 176 0
      vertex 144 171 0
      vertex 133.681 165.048 0
    endloop
  endfacet
  facet normal 0 0 -1
    outer loop
      vertex 139 0 0
      vertex 140.913 0.3806 0
      vertex 140.451 0.215302 0
    endloop
  endfacet
  facet normal 0 0 -1
    outer loop
      vertex 144 171 0
      vertex 139 176 0
      vertex 143.976 171.49 0
    endloop
  endfacet
  facet normal 0 0 -1
    outer loop
      vertex 139 0 0
      vertex 140.451 0.215302 0
      vertex 139.975 0.0960693 0
    endloop
  endfacet
  facet normal 0 0 -1
    outer loop
      vertex 143.904 171.975 0
      vertex 139 176 0
      vertex 143.785 172.451 0
    endloop
  endfacet
  facet normal 0 0 -1
    outer loop
      vertex 139 0 0
      vertex 139.975 0.0960693 0
      vertex 139.49 0.0240784 0
    endloop
  endfacet
  facet normal 0 0 -1
    outer loop
      vertex 143.785 172.451 0
      vertex 139 176 0
      vertex 143.619 172.913 0
    endloop
  endfacet
  facet normal -0 0 -1
    outer loop
      vertex 144 5 0
      vertex 139 0 0
      vertex 133.681 10.9515 0
    endloop
  endfacet
  facet normal 0 0 -1
    outer loop
      vertex 143.619 172.913 0
      vertex 139 176 0
      vertex 143.41 173.357 0
    endloop
  endfacet
  facet normal 0 0 -1
    outer loop
      vertex 143.41 173.357 0
      vertex 139 176 0
      vertex 143.157 173.778 0
    endloop
  endfacet
  facet normal 0 0 -1
    outer loop
      vertex 144 5 0
      vertex 134.637 12.7403 0
      vertex 134.65 13 0
    endloop
  endfacet
  facet normal 0 0 -1
    outer loop
      vertex 144 5 0
      vertex 134.599 12.483 0
      vertex 134.637 12.7403 0
    endloop
  endfacet
  facet normal 0 0 -1
    outer loop
      vertex 144 5 0
      vertex 134.536 12.2307 0
      vertex 134.599 12.483 0
    endloop
  endfacet
  facet normal 0 0 -1
    outer loop
      vertex 144 5 0
      vertex 134.448 11.9859 0
      vertex 134.536 12.2307 0
    endloop
  endfacet
  facet normal 0 0 -1
    outer loop
      vertex 144 5 0
      vertex 134.337 11.7508 0
      vertex 134.448 11.9859 0
    endloop
  endfacet
  facet normal 0 0 -1
    outer loop
      vertex 144 5 0
      vertex 134.203 11.5277 0
      vertex 134.337 11.7508 0
    endloop
  endfacet
  facet normal 0 0 -1
    outer loop
      vertex 144 5 0
      vertex 134.048 11.3189 0
      vertex 134.203 11.5277 0
    endloop
  endfacet
  facet normal 0 0 -1
    outer loop
      vertex 144 5 0
      vertex 133.874 11.1262 0
      vertex 134.048 11.3189 0
    endloop
  endfacet
  facet normal 0 0 -1
    outer loop
      vertex 144 5 0
      vertex 133.681 10.9515 0
      vertex 133.874 11.1262 0
    endloop
  endfacet
  facet normal 0 0 -1
    outer loop
      vertex 139 0 0
      vertex 133.472 10.7966 0
      vertex 133.681 10.9515 0
    endloop
  endfacet
  facet normal 0 0 -1
    outer loop
      vertex 139 0 0
      vertex 133.249 10.6629 0
      vertex 133.472 10.7966 0
    endloop
  endfacet
  facet normal 0 0 -1
    outer loop
      vertex 139 0 0
      vertex 133.014 10.5517 0
      vertex 133.249 10.6629 0
    endloop
  endfacet
  facet normal 0 0 -1
    outer loop
      vertex 139 0 0
      vertex 132.769 10.4641 0
      vertex 133.014 10.5517 0
    endloop
  endfacet
  facet normal 0 0 -1
    outer loop
      vertex 139 0 0
      vertex 132.517 10.4009 0
      vertex 132.769 10.4641 0
    endloop
  endfacet
  facet normal 0 0 -1
    outer loop
      vertex 139 0 0
      vertex 132.26 10.3628 0
      vertex 132.517 10.4009 0
    endloop
  endfacet
  facet normal 0 0 -1
    outer loop
      vertex 139 0 0
      vertex 132 10.35 0
      vertex 132.26 10.3628 0
    endloop
  endfacet
  facet normal 0 0 -1
    outer loop
      vertex 139 0 0
      vertex 131.74 10.3628 0
      vertex 132 10.35 0
    endloop
  endfacet
  facet normal 0 0 -1
    outer loop
      vertex 139 0 0
      vertex 131.483 10.4009 0
      vertex 131.74 10.3628 0
    endloop
  endfacet
  facet normal 0 0 -1
    outer loop
      vertex 139 0 0
      vertex 131.231 10.4641 0
      vertex 131.483 10.4009 0
    endloop
  endfacet
  facet normal 0 0 -1
    outer loop
      vertex 139 0 0
      vertex 130.986 10.5517 0
      vertex 131.231 10.4641 0
    endloop
  endfacet
  facet normal 0 0 -1
    outer loop
      vertex 139 0 0
      vertex 130.751 10.6629 0
      vertex 130.986 10.5517 0
    endloop
  endfacet
  facet normal 0 0 -1
    outer loop
      vertex 139 0 0
      vertex 130.528 10.7966 0
      vertex 130.751 10.6629 0
    endloop
  endfacet
  facet normal 0 0 -1
    outer loop
      vertex 139 0 0
      vertex 130.319 10.9515 0
      vertex 130.528 10.7966 0
    endloop
  endfacet
  facet normal 0 0 -1
    outer loop
      vertex 139 0 0
      vertex 130.126 11.1262 0
      vertex 130.319 10.9515 0
    endloop
  endfacet
  facet normal 0 0 -1
    outer loop
      vertex 13.8738 11.1262 0
      vertex 130.126 11.1262 0
      vertex 139 0 0
    endloop
  endfacet
  facet normal 0 0 -1
    outer loop
      vertex 129 14 0
      vertex 129.35 13 0
      vertex 129.363 12.7403 0
    endloop
  endfacet
  facet normal 0 0 -1
    outer loop
      vertex 129.35 13 0
      vertex 129.195 14.0192 0
      vertex 129.29 14.0431 0
    endloop
  endfacet
  facet normal 0 0 -1
    outer loop
      vertex 129.35 13 0
      vertex 129.098 14.0048 0
      vertex 129.195 14.0192 0
    endloop
  endfacet
  facet normal 0 0 -1
    outer loop
      vertex 129 14 0
      vertex 129.363 12.7403 0
      vertex 129.401 12.483 0
    endloop
  endfacet
  facet normal 0 0 -1
    outer loop
      vertex 129.35 13 0
      vertex 129 14 0
      vertex 129.098 14.0048 0
    endloop
  endfacet
  facet normal 0 0 -1
    outer loop
      vertex 129.464 12.2307 0
      vertex 129 14 0
      vertex 129.401 12.483 0
    endloop
  endfacet
  facet normal 0 0 -1
    outer loop
      vertex 129.464 12.2307 0
      vertex 15 14 0
      vertex 129 14 0
    endloop
  endfacet
  facet normal 0 0 -1
    outer loop
      vertex 14.5359 12.2307 0
      vertex 129.464 12.2307 0
      vertex 129.552 11.9859 0
    endloop
  endfacet
  facet normal 0 0 -1
    outer loop
      vertex 14.4483 11.9859 0
      vertex 129.552 11.9859 0
      vertex 129.663 11.7508 0
    endloop
  endfacet
  facet normal 0 0 -1
    outer loop
      vertex 14.3371 11.7508 0
      vertex 129.663 11.7508 0
      vertex 129.797 11.5277 0
    endloop
  endfacet
  facet normal 0 0 -1
    outer loop
      vertex 14.2034 11.5277 0
      vertex 129.797 11.5277 0
      vertex 129.952 11.3189 0
    endloop
  endfacet
  facet normal 0 0 -1
    outer loop
      vertex 130.126 11.1262 0
      vertex 13.8738 11.1262 0
      vertex 129.952 11.3189 0
    endloop
  endfacet
  facet normal 0 0 -1
    outer loop
      vertex 129.464 12.2307 0
      vertex 14.5991 12.483 0
      vertex 15 14 0
    endloop
  endfacet
  facet normal -0 0 -1
    outer loop
      vertex 15 14 0
      vertex 14.5991 13.517 0
      vertex 14.902 14.0048 0
    endloop
  endfacet
  facet normal 0 0 -1
    outer loop
      vertex 14.5991 13.517 0
      vertex 15 14 0
      vertex 14.6372 13.2597 0
    endloop
  endfacet
  facet normal 0 -0 -1
    outer loop
      vertex 14.6372 12.7403 0
      vertex 15 14 0
      vertex 14.5991 12.483 0
    endloop
  endfacet
  facet normal 0 0 -1
    outer loop
      vertex 14.6372 13.2597 0
      vertex 15 14 0
      vertex 14.65 13 0
    endloop
  endfacet
  facet normal 0 -0 -1
    outer loop
      vertex 14.65 13 0
      vertex 15 14 0
      vertex 14.6372 12.7403 0
    endloop
  endfacet
  facet normal 0 0 -1
    outer loop
      vertex 129.464 12.2307 0
      vertex 14.5359 12.2307 0
      vertex 14.5991 12.483 0
    endloop
  endfacet
  facet normal 0 0 -1
    outer loop
      vertex 129.552 11.9859 0
      vertex 14.4483 11.9859 0
      vertex 14.5359 12.2307 0
    endloop
  endfacet
  facet normal 0 0 -1
    outer loop
      vertex 129.663 11.7508 0
      vertex 14.3371 11.7508 0
      vertex 14.4483 11.9859 0
    endloop
  endfacet
  facet normal 0 0 -1
    outer loop
      vertex 129.797 11.5277 0
      vertex 14.2034 11.5277 0
      vertex 14.3371 11.7508 0
    endloop
  endfacet
  facet normal 0 0 -1
    outer loop
      vertex 129.952 11.3189 0
      vertex 14.0485 11.3189 0
      vertex 14.2034 11.5277 0
    endloop
  endfacet
  facet normal -0 0 -1
    outer loop
      vertex 129.952 11.3189 0
      vertex 13.8738 11.1262 0
      vertex 14.0485 11.3189 0
    endloop
  endfacet
  facet normal 0 0 -1
    outer loop
      vertex 5 0 0
      vertex 13.8738 11.1262 0
      vertex 139 0 0
    endloop
  endfacet
  facet normal 0 0 -1
    outer loop
      vertex 13.8738 11.1262 0
      vertex 5 0 0
      vertex 13.6811 10.9515 0
    endloop
  endfacet
  facet normal 0 0 -1
    outer loop
      vertex 13.6811 10.9515 0
      vertex 5 0 0
      vertex 13.4723 10.7966 0
    endloop
  endfacet
  facet normal 0 0 -1
    outer loop
      vertex 13.4723 10.7966 0
      vertex 5 0 0
      vertex 13.2492 10.6629 0
    endloop
  endfacet
  facet normal 0 0 -1
    outer loop
      vertex 13.2492 10.6629 0
      vertex 5 0 0
      vertex 13.0141 10.5517 0
    endloop
  endfacet
  facet normal 0 0 -1
    outer loop
      vertex 13.0141 10.5517 0
      vertex 5 0 0
      vertex 12.7693 10.4641 0
    endloop
  endfacet
  facet normal 0 0 -1
    outer loop
      vertex 12.7693 10.4641 0
      vertex 5 0 0
      vertex 12.517 10.4009 0
    endloop
  endfacet
  facet normal 0 0 -1
    outer loop
      vertex 12.517 10.4009 0
      vertex 5 0 0
      vertex 12.2597 10.3628 0
    endloop
  endfacet
  facet normal 0 0 -1
    outer loop
      vertex 12.2597 10.3628 0
      vertex 5 0 0
      vertex 12 10.35 0
    endloop
  endfacet
  facet normal 0 0 -1
    outer loop
      vertex 9.46411 162.231 0
      vertex 0 171 0
      vertex 9.40092 162.483 0
    endloop
  endfacet
  facet normal -0 0 -1
    outer loop
      vertex 9.40092 12.483 0
      vertex 0 5 0
      vertex 9.36276 12.7403 0
    endloop
  endfacet
  facet normal -0 0 -1
    outer loop
      vertex 9.46411 12.2307 0
      vertex 0 5 0
      vertex 9.40092 12.483 0
    endloop
  endfacet
  facet normal -0 0 -1
    outer loop
      vertex 9.55172 11.9859 0
      vertex 0 5 0
      vertex 9.46411 12.2307 0
    endloop
  endfacet
  facet normal -0 0 -1
    outer loop
      vertex 9.66291 11.7508 0
      vertex 0 5 0
      vertex 9.55172 11.9859 0
    endloop
  endfacet
  facet normal -0 0 -1
    outer loop
      vertex 9.79661 11.5277 0
      vertex 0 5 0
      vertex 9.66291 11.7508 0
    endloop
  endfacet
  facet normal -0 0 -1
    outer loop
      vertex 9.95152 11.3189 0
      vertex 0 5 0
      vertex 9.79661 11.5277 0
    endloop
  endfacet
  facet normal -0 0 -1
    outer loop
      vertex 10.1262 11.1262 0
      vertex 0 5 0
      vertex 9.95152 11.3189 0
    endloop
  endfacet
  facet normal -0 0 -1
    outer loop
      vertex 10.3189 10.9515 0
      vertex 0 5 0
      vertex 10.1262 11.1262 0
    endloop
  endfacet
  facet normal 0 0 -1
    outer loop
      vertex 0 5 0
      vertex 10.3189 10.9515 0
      vertex 5 0 0
    endloop
  endfacet
  facet normal -0 0 -1
    outer loop
      vertex 10.5277 10.7966 0
      vertex 5 0 0
      vertex 10.3189 10.9515 0
    endloop
  endfacet
  facet normal -0 0 -1
    outer loop
      vertex 10.7508 10.6629 0
      vertex 5 0 0
      vertex 10.5277 10.7966 0
    endloop
  endfacet
  facet normal -0 0 -1
    outer loop
      vertex 10.9859 10.5517 0
      vertex 5 0 0
      vertex 10.7508 10.6629 0
    endloop
  endfacet
  facet normal -0 0 -1
    outer loop
      vertex 11.2307 10.4641 0
      vertex 5 0 0
      vertex 10.9859 10.5517 0
    endloop
  endfacet
  facet normal -0 0 -1
    outer loop
      vertex 11.483 10.4009 0
      vertex 5 0 0
      vertex 11.2307 10.4641 0
    endloop
  endfacet
  facet normal -0 0 -1
    outer loop
      vertex 11.7403 10.3628 0
      vertex 5 0 0
      vertex 11.483 10.4009 0
    endloop
  endfacet
  facet normal -0 0 -1
    outer loop
      vertex 12 10.35 0
      vertex 5 0 0
      vertex 11.7403 10.3628 0
    endloop
  endfacet
  facet normal 0 0 -1
    outer loop
      vertex 143.157 173.778 0
      vertex 139 176 0
      vertex 142.865 174.172 0
    endloop
  endfacet
  facet normal 0 0 -1
    outer loop
      vertex 142.865 174.172 0
      vertex 139 176 0
      vertex 142.536 174.536 0
    endloop
  endfacet
  facet normal 0 0 -1
    outer loop
      vertex 142.536 174.536 0
      vertex 139 176 0
      vertex 142.172 174.865 0
    endloop
  endfacet
  facet normal 0 0 -1
    outer loop
      vertex 142.172 174.865 0
      vertex 139 176 0
      vertex 141.778 175.157 0
    endloop
  endfacet
  facet normal 0 0 -1
    outer loop
      vertex 141.778 175.157 0
      vertex 139 176 0
      vertex 141.357 175.41 0
    endloop
  endfacet
  facet normal 0 0 -1
    outer loop
      vertex 141.357 175.41 0
      vertex 139 176 0
      vertex 140.913 175.619 0
    endloop
  endfacet
  facet normal 0 0 -1
    outer loop
      vertex 140.913 175.619 0
      vertex 139 176 0
      vertex 140.451 175.785 0
    endloop
  endfacet
  facet normal 0 0 -1
    outer loop
      vertex 139.975 175.904 0
      vertex 139 176 0
      vertex 139.49 175.976 0
    endloop
  endfacet
  facet normal 0 0 -1
    outer loop
      vertex 140.451 175.785 0
      vertex 139 176 0
      vertex 139.975 175.904 0
    endloop
  endfacet
  facet normal 0 0 -1
    outer loop
      vertex 143.976 171.49 0
      vertex 139 176 0
      vertex 143.904 171.975 0
    endloop
  endfacet
  facet normal 0 0 -1
    outer loop
      vertex 133.472 165.203 0
      vertex 139 176 0
      vertex 133.681 165.048 0
    endloop
  endfacet
  facet normal 0 0 -1
    outer loop
      vertex 133.249 165.337 0
      vertex 139 176 0
      vertex 133.472 165.203 0
    endloop
  endfacet
  facet normal 0 0 -1
    outer loop
      vertex 133.014 165.448 0
      vertex 139 176 0
      vertex 133.249 165.337 0
    endloop
  endfacet
  facet normal 0 0 -1
    outer loop
      vertex 132.769 165.536 0
      vertex 139 176 0
      vertex 133.014 165.448 0
    endloop
  endfacet
  facet normal 0 0 -1
    outer loop
      vertex 132.517 165.599 0
      vertex 139 176 0
      vertex 132.769 165.536 0
    endloop
  endfacet
  facet normal 0 0 -1
    outer loop
      vertex 132.26 165.637 0
      vertex 139 176 0
      vertex 132.517 165.599 0
    endloop
  endfacet
  facet normal 0 0 -1
    outer loop
      vertex 132 165.65 0
      vertex 139 176 0
      vertex 132.26 165.637 0
    endloop
  endfacet
  facet normal 0 0 -1
    outer loop
      vertex 131.74 165.637 0
      vertex 139 176 0
      vertex 132 165.65 0
    endloop
  endfacet
  facet normal 0 0 -1
    outer loop
      vertex 131.483 165.599 0
      vertex 139 176 0
      vertex 131.74 165.637 0
    endloop
  endfacet
  facet normal 0 0 -1
    outer loop
      vertex 131.231 165.536 0
      vertex 139 176 0
      vertex 131.483 165.599 0
    endloop
  endfacet
  facet normal 0 0 -1
    outer loop
      vertex 130.986 165.448 0
      vertex 139 176 0
      vertex 131.231 165.536 0
    endloop
  endfacet
  facet normal 0 0 -1
    outer loop
      vertex 130.751 165.337 0
      vertex 139 176 0
      vertex 130.986 165.448 0
    endloop
  endfacet
  facet normal 0 0 -1
    outer loop
      vertex 130.528 165.203 0
      vertex 139 176 0
      vertex 130.751 165.337 0
    endloop
  endfacet
  facet normal 0 0 -1
    outer loop
      vertex 130.319 165.048 0
      vertex 139 176 0
      vertex 130.528 165.203 0
    endloop
  endfacet
  facet normal 0 0 -1
    outer loop
      vertex 130.126 164.874 0
      vertex 139 176 0
      vertex 130.319 165.048 0
    endloop
  endfacet
  facet normal 0 0 -1
    outer loop
      vertex 13.8738 164.874 0
      vertex 130.126 164.874 0
      vertex 129.952 164.681 0
    endloop
  endfacet
  facet normal 0 0 -1
    outer loop
      vertex 129 162 0
      vertex 129.401 162.483 0
      vertex 129.098 161.995 0
    endloop
  endfacet
  facet normal -0 0 -1
    outer loop
      vertex 129.401 162.483 0
      vertex 129 162 0
      vertex 129.363 162.74 0
    endloop
  endfacet
  facet normal -0 0 -1
    outer loop
      vertex 129.363 162.74 0
      vertex 129 162 0
      vertex 129.35 163 0
    endloop
  endfacet
  facet normal -0 0 -1
    outer loop
      vertex 129.35 163 0
      vertex 129 162 0
      vertex 129.363 163.26 0
    endloop
  endfacet
  facet normal -0 0 -1
    outer loop
      vertex 129.363 163.26 0
      vertex 129 162 0
      vertex 129.401 163.517 0
    endloop
  endfacet
  facet normal 0 0 -1
    outer loop
      vertex 129 162 0
      vertex 129.464 163.769 0
      vertex 129.401 163.517 0
    endloop
  endfacet
  facet normal 0 0 -1
    outer loop
      vertex 15 162 0
      vertex 129.464 163.769 0
      vertex 129 162 0
    endloop
  endfacet
  facet normal 0 0 -1
    outer loop
      vertex 14.5991 163.517 0
      vertex 129.464 163.769 0
      vertex 15 162 0
    endloop
  endfacet
  facet normal 0 0 -1
    outer loop
      vertex 14.5359 163.769 0
      vertex 129.464 163.769 0
      vertex 14.5991 163.517 0
    endloop
  endfacet
  facet normal 0 0 -1
    outer loop
      vertex 129.464 163.769 0
      vertex 14.5359 163.769 0
      vertex 129.552 164.014 0
    endloop
  endfacet
  facet normal 0 0 -1
    outer loop
      vertex 14.4483 164.014 0
      vertex 129.552 164.014 0
      vertex 14.5359 163.769 0
    endloop
  endfacet
  facet normal 0 0 -1
    outer loop
      vertex 129.552 164.014 0
      vertex 14.4483 164.014 0
      vertex 129.663 164.249 0
    endloop
  endfacet
  facet normal 0 0 -1
    outer loop
      vertex 14.6372 162.74 0
      vertex 15 162 0
      vertex 14.902 161.995 0
    endloop
  endfacet
  facet normal 0 0 -1
    outer loop
      vertex 14.5359 162.231 0
      vertex 14.8049 161.981 0
      vertex 14.7097 161.957 0
    endloop
  endfacet
  facet normal 0 0 -1
    outer loop
      vertex 14.6372 162.74 0
      vertex 14.902 161.995 0
      vertex 14.8049 161.981 0
    endloop
  endfacet
  facet normal 0 0 -1
    outer loop
      vertex 15 162 0
      vertex 14.65 163 0
      vertex 14.6372 163.26 0
    endloop
  endfacet
  facet normal 0 0 -1
    outer loop
      vertex 15 162 0
      vertex 14.6372 163.26 0
      vertex 14.5991 163.517 0
    endloop
  endfacet
  facet normal 0 0 -1
    outer loop
      vertex 14.3371 164.249 0
      vertex 129.663 164.249 0
      vertex 14.4483 164.014 0
    endloop
  endfacet
  facet normal 0 0 -1
    outer loop
      vertex 129.663 164.249 0
      vertex 14.3371 164.249 0
      vertex 129.797 164.472 0
    endloop
  endfacet
  facet normal 0 0 -1
    outer loop
      vertex 14.2034 164.472 0
      vertex 129.797 164.472 0
      vertex 14.3371 164.249 0
    endloop
  endfacet
  facet normal 0 0 -1
    outer loop
      vertex 129.797 164.472 0
      vertex 14.2034 164.472 0
      vertex 129.952 164.681 0
    endloop
  endfacet
  facet normal 0 0 -1
    outer loop
      vertex 14.0485 164.681 0
      vertex 129.952 164.681 0
      vertex 14.2034 164.472 0
    endloop
  endfacet
  facet normal 0 0 -1
    outer loop
      vertex 13.8738 164.874 0
      vertex 129.952 164.681 0
      vertex 14.0485 164.681 0
    endloop
  endfacet
  facet normal 0 0 -1
    outer loop
      vertex 130.126 164.874 0
      vertex 13.8738 164.874 0
      vertex 139 176 0
    endloop
  endfacet
  facet normal 0 0 -1
    outer loop
      vertex 5 176 0
      vertex 13.8738 164.874 0
      vertex 13.6811 165.048 0
    endloop
  endfacet
  facet normal 0 0 -1
    outer loop
      vertex 5 176 0
      vertex 13.6811 165.048 0
      vertex 13.4723 165.203 0
    endloop
  endfacet
  facet normal 0 0 -1
    outer loop
      vertex 5 176 0
      vertex 13.4723 165.203 0
      vertex 13.2492 165.337 0
    endloop
  endfacet
  facet normal 0 0 -1
    outer loop
      vertex 5 176 0
      vertex 13.2492 165.337 0
      vertex 13.0141 165.448 0
    endloop
  endfacet
  facet normal 0 0 -1
    outer loop
      vertex 5 176 0
      vertex 13.0141 165.448 0
      vertex 12.7693 165.536 0
    endloop
  endfacet
  facet normal 0 0 -1
    outer loop
      vertex 5 176 0
      vertex 12.7693 165.536 0
      vertex 12.517 165.599 0
    endloop
  endfacet
  facet normal 0 0 -1
    outer loop
      vertex 5 176 0
      vertex 12.517 165.599 0
      vertex 12.2597 165.637 0
    endloop
  endfacet
  facet normal 0 0 -1
    outer loop
      vertex 5 176 0
      vertex 12.2597 165.637 0
      vertex 12 165.65 0
    endloop
  endfacet
  facet normal 0 0 -1
    outer loop
      vertex 5 176 0
      vertex 12 165.65 0
      vertex 11.7403 165.637 0
    endloop
  endfacet
  facet normal 0 0 -1
    outer loop
      vertex 13.8738 164.874 0
      vertex 5 176 0
      vertex 139 176 0
    endloop
  endfacet
  facet normal 0 0 -1
    outer loop
      vertex 11.483 165.599 0
      vertex 5 176 0
      vertex 11.7403 165.637 0
    endloop
  endfacet
  facet normal 0 0 -1
    outer loop
      vertex 11.2307 165.536 0
      vertex 5 176 0
      vertex 11.483 165.599 0
    endloop
  endfacet
  facet normal 0 0 -1
    outer loop
      vertex 10.9859 165.448 0
      vertex 5 176 0
      vertex 11.2307 165.536 0
    endloop
  endfacet
  facet normal 0 0 -1
    outer loop
      vertex 10.7508 165.337 0
      vertex 5 176 0
      vertex 10.9859 165.448 0
    endloop
  endfacet
  facet normal 0 0 -1
    outer loop
      vertex 10.5277 165.203 0
      vertex 5 176 0
      vertex 10.7508 165.337 0
    endloop
  endfacet
  facet normal 0 0 -1
    outer loop
      vertex 10.3189 165.048 0
      vertex 5 176 0
      vertex 10.5277 165.203 0
    endloop
  endfacet
  facet normal 0 0 -1
    outer loop
      vertex 0 171 0
      vertex 10.3189 165.048 0
      vertex 10.1262 164.874 0
    endloop
  endfacet
  facet normal 0 0 -1
    outer loop
      vertex 0 171 0
      vertex 10.1262 164.874 0
      vertex 9.95152 164.681 0
    endloop
  endfacet
  facet normal 0 0 -1
    outer loop
      vertex 0 171 0
      vertex 9.95152 164.681 0
      vertex 9.79661 164.472 0
    endloop
  endfacet
  facet normal 0 0 -1
    outer loop
      vertex 0 171 0
      vertex 9.79661 164.472 0
      vertex 9.66291 164.249 0
    endloop
  endfacet
  facet normal 0 0 -1
    outer loop
      vertex 0 171 0
      vertex 9.66291 164.249 0
      vertex 9.55172 164.014 0
    endloop
  endfacet
  facet normal 0 0 -1
    outer loop
      vertex 0 171 0
      vertex 9.55172 164.014 0
      vertex 9.46411 163.769 0
    endloop
  endfacet
  facet normal 0 0 -1
    outer loop
      vertex 0 171 0
      vertex 9.46411 163.769 0
      vertex 9.40092 163.517 0
    endloop
  endfacet
  facet normal 0 0 -1
    outer loop
      vertex 0 171 0
      vertex 9.40092 163.517 0
      vertex 9.36276 163.26 0
    endloop
  endfacet
  facet normal 0 0 -1
    outer loop
      vertex 0 171 0
      vertex 9.36276 163.26 0
      vertex 9.35 163 0
    endloop
  endfacet
  facet normal 0 0 -1
    outer loop
      vertex 9.40092 162.483 0
      vertex 0 171 0
      vertex 9.36276 162.74 0
    endloop
  endfacet
  facet normal 0 0 -1
    outer loop
      vertex 0 5 0
      vertex 5 0 0
      vertex 4.50992 0.0240784 0
    endloop
  endfacet
  facet normal 0 0 -1
    outer loop
      vertex 9.36276 162.74 0
      vertex 0 171 0
      vertex 9.35 163 0
    endloop
  endfacet
  facet normal 0 0 -1
    outer loop
      vertex 0 5 0
      vertex 4.50992 0.0240784 0
      vertex 4.02455 0.0960693 0
    endloop
  endfacet
  facet normal 0 0 -1
    outer loop
      vertex 10.3189 165.048 0
      vertex 0 171 0
      vertex 5 176 0
    endloop
  endfacet
  facet normal 0 0 -1
    outer loop
      vertex 0 5 0
      vertex 4.02455 0.0960693 0
      vertex 3.54858 0.215302 0
    endloop
  endfacet
  facet normal 0 0 -1
    outer loop
      vertex 5 176 0
      vertex 0 171 0
      vertex 4.50992 175.976 0
    endloop
  endfacet
  facet normal 0 0 -1
    outer loop
      vertex 0 5 0
      vertex 3.54858 0.215302 0
      vertex 3.08658 0.3806 0
    endloop
  endfacet
  facet normal 0 0 -1
    outer loop
      vertex 4.50992 175.976 0
      vertex 0 171 0
      vertex 4.02455 175.904 0
    endloop
  endfacet
  facet normal 0 0 -1
    outer loop
      vertex 0 5 0
      vertex 3.08658 0.3806 0
      vertex 2.64302 0.590393 0
    endloop
  endfacet
  facet normal 0 0 -1
    outer loop
      vertex 4.02455 175.904 0
      vertex 0 171 0
      vertex 3.54858 175.785 0
    endloop
  endfacet
  facet normal 0 0 -1
    outer loop
      vertex 0 5 0
      vertex 2.64302 0.590393 0
      vertex 2.22215 0.842651 0
    endloop
  endfacet
  facet normal 0 0 -1
    outer loop
      vertex 3.54858 175.785 0
      vertex 0 171 0
      vertex 3.08658 175.619 0
    endloop
  endfacet
  facet normal 0 0 -1
    outer loop
      vertex 0 5 0
      vertex 2.22215 0.842651 0
      vertex 1.82803 1.13495 0
    endloop
  endfacet
  facet normal 0 0 -1
    outer loop
      vertex 3.08658 175.619 0
      vertex 0 171 0
      vertex 2.64302 175.41 0
    endloop
  endfacet
  facet normal 0 0 -1
    outer loop
      vertex 0 5 0
      vertex 1.82803 1.13495 0
      vertex 1.46446 1.46446 0
    endloop
  endfacet
  facet normal 0 0 -1
    outer loop
      vertex 2.64302 175.41 0
      vertex 0 171 0
      vertex 2.22215 175.157 0
    endloop
  endfacet
  facet normal 0 0 -1
    outer loop
      vertex 0 5 0
      vertex 1.46446 1.46446 0
      vertex 1.13495 1.82803 0
    endloop
  endfacet
  facet normal 0 0 -1
    outer loop
      vertex 2.22215 175.157 0
      vertex 0 171 0
      vertex 1.82803 174.865 0
    endloop
  endfacet
  facet normal 0 0 -1
    outer loop
      vertex 0 5 0
      vertex 1.13495 1.82803 0
      vertex 0.842651 2.22215 0
    endloop
  endfacet
  facet normal 0 0 -1
    outer loop
      vertex 1.82803 174.865 0
      vertex 0 171 0
      vertex 1.46446 174.536 0
    endloop
  endfacet
  facet normal 0 0 -1
    outer loop
      vertex 0 5 0
      vertex 0.842651 2.22215 0
      vertex 0.590393 2.64302 0
    endloop
  endfacet
  facet normal 0 0 -1
    outer loop
      vertex 1.46446 174.536 0
      vertex 0 171 0
      vertex 1.13495 174.172 0
    endloop
  endfacet
  facet normal 0 0 -1
    outer loop
      vertex 0 5 0
      vertex 0.590393 2.64302 0
      vertex 0.3806 3.08658 0
    endloop
  endfacet
  facet normal 0 0 -1
    outer loop
      vertex 1.13495 174.172 0
      vertex 0 171 0
      vertex 0.842651 173.778 0
    endloop
  endfacet
  facet normal 0 0 -1
    outer loop
      vertex 0 5 0
      vertex 0.3806 3.08658 0
      vertex 0.215302 3.54858 0
    endloop
  endfacet
  facet normal 0 0 -1
    outer loop
      vertex 0.842651 173.778 0
      vertex 0 171 0
      vertex 0.590393 173.357 0
    endloop
  endfacet
  facet normal 0 0 -1
    outer loop
      vertex 0 5 0
      vertex 0.215302 3.54858 0
      vertex 0.0960693 4.02455 0
    endloop
  endfacet
  facet normal 0 0 -1
    outer loop
      vertex 0.590393 173.357 0
      vertex 0 171 0
      vertex 0.3806 172.913 0
    endloop
  endfacet
  facet normal 0 0 -1
    outer loop
      vertex 0 5 0
      vertex 0.0960693 4.02455 0
      vertex 0.0240784 4.50992 0
    endloop
  endfacet
  facet normal 0 0 -1
    outer loop
      vertex 0.3806 172.913 0
      vertex 0 171 0
      vertex 0.215302 172.451 0
    endloop
  endfacet
  facet normal 0 0 -1
    outer loop
      vertex 0.215302 172.451 0
      vertex 0 171 0
      vertex 0.0960693 171.975 0
    endloop
  endfacet
  facet normal 0 0 -1
    outer loop
      vertex 0.0960693 171.975 0
      vertex 0 171 0
      vertex 0.0240784 171.49 0
    endloop
  endfacet
  facet normal 0 0 -1
    outer loop
      vertex 130.319 160.952 0
      vertex 130 161 0
      vertex 130.126 161.126 0
    endloop
  endfacet
  facet normal 0 0 -1
    outer loop
      vertex 129.995 161.098 0
      vertex 130.126 161.126 0
      vertex 130 161 0
    endloop
  endfacet
  facet normal 0 0 -1
    outer loop
      vertex 129.981 161.195 0
      vertex 130.126 161.126 0
      vertex 129.995 161.098 0
    endloop
  endfacet
  facet normal 0 0 -1
    outer loop
      vertex 129.957 161.29 0
      vertex 130.126 161.126 0
      vertex 129.981 161.195 0
    endloop
  endfacet
  facet normal 0 0 -1
    outer loop
      vertex 129.957 161.29 0
      vertex 129.952 161.319 0
      vertex 130.126 161.126 0
    endloop
  endfacet
  facet normal -0 -0 -1
    outer loop
      vertex 129.952 161.319 0
      vertex 129.957 161.29 0
      vertex 129.942 161.331 0
    endloop
  endfacet
  facet normal -0 0 -1
    outer loop
      vertex 129.663 14.2492 0
      vertex 129.634 14.227 0
      vertex 129.668 14.2571 0
    endloop
  endfacet
  facet normal 0 0 -1
    outer loop
      vertex 129.552 14.0141 0
      vertex 129.634 14.227 0
      vertex 129.663 14.2492 0
    endloop
  endfacet
  facet normal 0 0 -1
    outer loop
      vertex 129.552 14.0141 0
      vertex 129.556 14.1685 0
      vertex 129.634 14.227 0
    endloop
  endfacet
  facet normal 0 0 -1
    outer loop
      vertex 129.552 14.0141 0
      vertex 129.471 14.1181 0
      vertex 129.556 14.1685 0
    endloop
  endfacet
  facet normal 0 0 -1
    outer loop
      vertex 129.383 14.0761 0
      vertex 129.552 14.0141 0
      vertex 129.464 13.7693 0
    endloop
  endfacet
  facet normal 0 0 -1
    outer loop
      vertex 129.29 14.0431 0
      vertex 129.464 13.7693 0
      vertex 129.401 13.517 0
    endloop
  endfacet
  facet normal 0 0 -1
    outer loop
      vertex 129.552 14.0141 0
      vertex 129.383 14.0761 0
      vertex 129.471 14.1181 0
    endloop
  endfacet
  facet normal 0 0 -1
    outer loop
      vertex 129.29 14.0431 0
      vertex 129.401 13.517 0
      vertex 129.363 13.2597 0
    endloop
  endfacet
  facet normal 0 0 -1
    outer loop
      vertex 129.29 14.0431 0
      vertex 129.363 13.2597 0
      vertex 129.35 13 0
    endloop
  endfacet
  facet normal 0 0 -1
    outer loop
      vertex 129.464 13.7693 0
      vertex 129.29 14.0431 0
      vertex 129.383 14.0761 0
    endloop
  endfacet
  facet normal 0 0 -1
    outer loop
      vertex 14.0431 161.29 0
      vertex 14.0485 161.319 0
      vertex 14.0578 161.331 0
    endloop
  endfacet
  facet normal 0 0 -1
    outer loop
      vertex 13.8738 161.126 0
      vertex 14.0431 161.29 0
      vertex 14.0192 161.195 0
    endloop
  endfacet
  facet normal -0 0 -1
    outer loop
      vertex 14.0431 161.29 0
      vertex 13.8738 161.126 0
      vertex 14.0485 161.319 0
    endloop
  endfacet
  facet normal 0 0 -1
    outer loop
      vertex 14.0048 161.098 0
      vertex 13.8738 161.126 0
      vertex 14.0192 161.195 0
    endloop
  endfacet
  facet normal 0 0 -1
    outer loop
      vertex 14 161 0
      vertex 13.8738 161.126 0
      vertex 14.0048 161.098 0
    endloop
  endfacet
  facet normal 0 0 -1
    outer loop
      vertex 13.4723 15.2034 0
      vertex 14 15 0
      vertex 13.6811 15.0485 0
    endloop
  endfacet
  facet normal 0 0 -1
    outer loop
      vertex 13.2492 15.3371 0
      vertex 14 15 0
      vertex 13.4723 15.2034 0
    endloop
  endfacet
  facet normal -0 0 -1
    outer loop
      vertex 14 161 0
      vertex 13.6811 160.952 0
      vertex 13.8738 161.126 0
    endloop
  endfacet
  facet normal 0 0 -1
    outer loop
      vertex 13.0141 15.4483 0
      vertex 14 15 0
      vertex 13.2492 15.3371 0
    endloop
  endfacet
  facet normal 0 0 -1
    outer loop
      vertex 14 161 0
      vertex 13.4723 160.797 0
      vertex 13.6811 160.952 0
    endloop
  endfacet
  facet normal 0 0 -1
    outer loop
      vertex 14 15 0
      vertex 13.0141 15.4483 0
      vertex 14 161 0
    endloop
  endfacet
  facet normal 0 0 -1
    outer loop
      vertex 14 161 0
      vertex 13.2492 160.663 0
      vertex 13.4723 160.797 0
    endloop
  endfacet
  facet normal 0 0 -1
    outer loop
      vertex 13.0141 160.552 0
      vertex 14 161 0
      vertex 13.0141 15.4483 0
    endloop
  endfacet
  facet normal 0 0 -1
    outer loop
      vertex 14 161 0
      vertex 13.0141 160.552 0
      vertex 13.2492 160.663 0
    endloop
  endfacet
  facet normal 0 0 -1
    outer loop
      vertex 12.7693 15.5359 0
      vertex 13.0141 160.552 0
      vertex 13.0141 15.4483 0
    endloop
  endfacet
  facet normal 0 0 -1
    outer loop
      vertex 12.7693 15.5359 0
      vertex 12.7693 160.464 0
      vertex 13.0141 160.552 0
    endloop
  endfacet
  facet normal 0 0 -1
    outer loop
      vertex 12.517 15.5991 0
      vertex 12.7693 160.464 0
      vertex 12.7693 15.5359 0
    endloop
  endfacet
  facet normal 0 0 -1
    outer loop
      vertex 12.517 15.5991 0
      vertex 12.517 160.401 0
      vertex 12.7693 160.464 0
    endloop
  endfacet
  facet normal 0 0 -1
    outer loop
      vertex 12.2597 15.6372 0
      vertex 12.517 160.401 0
      vertex 12.517 15.5991 0
    endloop
  endfacet
  facet normal 0 0 -1
    outer loop
      vertex 12.2597 15.6372 0
      vertex 12.2597 160.363 0
      vertex 12.517 160.401 0
    endloop
  endfacet
  facet normal 0 0 -1
    outer loop
      vertex 12 15.65 0
      vertex 12.2597 160.363 0
      vertex 12.2597 15.6372 0
    endloop
  endfacet
  facet normal 0 0 -1
    outer loop
      vertex 12 15.65 0
      vertex 12 160.35 0
      vertex 12.2597 160.363 0
    endloop
  endfacet
  facet normal 0 0 -1
    outer loop
      vertex 11.7403 15.6372 0
      vertex 12 160.35 0
      vertex 12 15.65 0
    endloop
  endfacet
  facet normal 0 0 -1
    outer loop
      vertex 11.7403 15.6372 0
      vertex 11.7403 160.363 0
      vertex 12 160.35 0
    endloop
  endfacet
  facet normal 0 0 -1
    outer loop
      vertex 11.483 15.5991 0
      vertex 11.7403 160.363 0
      vertex 11.7403 15.6372 0
    endloop
  endfacet
  facet normal 0 0 -1
    outer loop
      vertex 11.483 15.5991 0
      vertex 11.483 160.401 0
      vertex 11.7403 160.363 0
    endloop
  endfacet
  facet normal 0 0 -1
    outer loop
      vertex 11.2307 15.5359 0
      vertex 11.483 160.401 0
      vertex 11.483 15.5991 0
    endloop
  endfacet
  facet normal 0 0 -1
    outer loop
      vertex 11.2307 15.5359 0
      vertex 11.2307 160.464 0
      vertex 11.483 160.401 0
    endloop
  endfacet
  facet normal 0 0 -1
    outer loop
      vertex 10.9859 15.4483 0
      vertex 11.2307 160.464 0
      vertex 11.2307 15.5359 0
    endloop
  endfacet
  facet normal 0 0 -1
    outer loop
      vertex 10.9859 15.4483 0
      vertex 10.9859 160.552 0
      vertex 11.2307 160.464 0
    endloop
  endfacet
  facet normal 0 0 -1
    outer loop
      vertex 10.7508 15.3371 0
      vertex 10.9859 160.552 0
      vertex 10.9859 15.4483 0
    endloop
  endfacet
  facet normal 0 0 -1
    outer loop
      vertex 10.7508 15.3371 0
      vertex 10.7508 160.663 0
      vertex 10.9859 160.552 0
    endloop
  endfacet
  facet normal 0 0 -1
    outer loop
      vertex 10.5277 15.2034 0
      vertex 10.7508 160.663 0
      vertex 10.7508 15.3371 0
    endloop
  endfacet
  facet normal 0 0 -1
    outer loop
      vertex 10.5277 15.2034 0
      vertex 10.5277 160.797 0
      vertex 10.7508 160.663 0
    endloop
  endfacet
  facet normal 0 0 -1
    outer loop
      vertex 10.3189 15.0485 0
      vertex 10.5277 160.797 0
      vertex 10.5277 15.2034 0
    endloop
  endfacet
  facet normal 0 0 -1
    outer loop
      vertex 10.3189 15.0485 0
      vertex 10.3189 160.952 0
      vertex 10.5277 160.797 0
    endloop
  endfacet
  facet normal 0 0 -1
    outer loop
      vertex 10.1262 14.8738 0
      vertex 10.3189 160.952 0
      vertex 10.3189 15.0485 0
    endloop
  endfacet
  facet normal 0 0 -1
    outer loop
      vertex 10.1262 14.8738 0
      vertex 10.1262 161.126 0
      vertex 10.3189 160.952 0
    endloop
  endfacet
  facet normal 0 0 -1
    outer loop
      vertex 9.95152 14.6811 0
      vertex 10.1262 161.126 0
      vertex 10.1262 14.8738 0
    endloop
  endfacet
  facet normal 0 0 -1
    outer loop
      vertex 9.95152 14.6811 0
      vertex 9.95152 161.319 0
      vertex 10.1262 161.126 0
    endloop
  endfacet
  facet normal 0 0 -1
    outer loop
      vertex 0 5 0
      vertex 9.95152 14.6811 0
      vertex 9.79661 14.4723 0
    endloop
  endfacet
  facet normal -0 0 -1
    outer loop
      vertex 9.95152 14.6811 0
      vertex 0 5 0
      vertex 9.95152 161.319 0
    endloop
  endfacet
  facet normal 0 0 -1
    outer loop
      vertex 0 5 0
      vertex 9.79661 14.4723 0
      vertex 9.66291 14.2492 0
    endloop
  endfacet
  facet normal 0 0 -1
    outer loop
      vertex 0 171 0
      vertex 9.95152 161.319 0
      vertex 0 5 0
    endloop
  endfacet
  facet normal 0 0 -1
    outer loop
      vertex 0 5 0
      vertex 9.66291 14.2492 0
      vertex 9.55172 14.0141 0
    endloop
  endfacet
  facet normal 0 0 -1
    outer loop
      vertex 9.95152 161.319 0
      vertex 0 171 0
      vertex 9.79661 161.528 0
    endloop
  endfacet
  facet normal 0 0 -1
    outer loop
      vertex 0 5 0
      vertex 9.55172 14.0141 0
      vertex 9.46411 13.7693 0
    endloop
  endfacet
  facet normal 0 0 -1
    outer loop
      vertex 9.79661 161.528 0
      vertex 0 171 0
      vertex 9.66291 161.751 0
    endloop
  endfacet
  facet normal -0 0 -1
    outer loop
      vertex 9.36276 13.2597 0
      vertex 0 5 0
      vertex 9.40092 13.517 0
    endloop
  endfacet
  facet normal -0 0 -1
    outer loop
      vertex 9.40092 13.517 0
      vertex 0 5 0
      vertex 9.46411 13.7693 0
    endloop
  endfacet
  facet normal -0 0 -1
    outer loop
      vertex 9.35 13 0
      vertex 0 5 0
      vertex 9.36276 13.2597 0
    endloop
  endfacet
  facet normal 0 0 -1
    outer loop
      vertex 9.66291 161.751 0
      vertex 0 171 0
      vertex 9.55172 161.986 0
    endloop
  endfacet
  facet normal -0 0 -1
    outer loop
      vertex 9.36276 12.7403 0
      vertex 0 5 0
      vertex 9.35 13 0
    endloop
  endfacet
  facet normal 0 0 -1
    outer loop
      vertex 9.55172 161.986 0
      vertex 0 171 0
      vertex 9.46411 162.231 0
    endloop
  endfacet
  facet normal -0.510024 0.86016 0
    outer loop
      vertex 129.556 14.1685 0
      vertex 129.471 14.1181 2
      vertex 129.556 14.1685 2
    endloop
  endfacet
  facet normal -0.510024 0.86016 0
    outer loop
      vertex 129.471 14.1181 2
      vertex 129.556 14.1685 0
      vertex 129.471 14.1181 0
    endloop
  endfacet
  facet normal -0.244936 -0.969539 0
    outer loop
      vertex 129.195 161.981 0
      vertex 129.29 161.957 2
      vertex 129.195 161.981 2
    endloop
  endfacet
  facet normal -0.244936 -0.969539 -0
    outer loop
      vertex 129.29 161.957 2
      vertex 129.195 161.981 0
      vertex 129.29 161.957 0
    endloop
  endfacet
  facet normal -0.14285 -0.989744 0
    outer loop
      vertex 129.098 161.995 0
      vertex 129.195 161.981 2
      vertex 129.098 161.995 2
    endloop
  endfacet
  facet normal -0.14285 -0.989744 -0
    outer loop
      vertex 129.195 161.981 2
      vertex 129.098 161.995 0
      vertex 129.195 161.981 0
    endloop
  endfacet
  facet normal 0.669334 -0.742961 0
    outer loop
      vertex 14.3323 161.743 0
      vertex 14.3656 161.773 2
      vertex 14.3323 161.743 2
    endloop
  endfacet
  facet normal 0.669334 -0.742961 0
    outer loop
      vertex 14.3656 161.773 2
      vertex 14.3323 161.743 0
      vertex 14.3656 161.773 0
    endloop
  endfacet
  facet normal 0.998803 0.0489209 0
    outer loop
      vertex 14.0048 14.902 2
      vertex 14 15 0
      vertex 14 15 2
    endloop
  endfacet
  facet normal 0.998803 0.0489209 0
    outer loop
      vertex 14 15 0
      vertex 14.0048 14.902 2
      vertex 14.0048 14.902 0
    endloop
  endfacet
  facet normal -0.0509541 -0.998701 0
    outer loop
      vertex 129 162 0
      vertex 129.098 161.995 2
      vertex 129 162 2
    endloop
  endfacet
  facet normal -0.0509541 -0.998701 -0
    outer loop
      vertex 129.098 161.995 2
      vertex 129 162 0
      vertex 129.098 161.995 0
    endloop
  endfacet
  facet normal 0 -1 0
    outer loop
      vertex 15 162 0
      vertex 129 162 2
      vertex 15 162 2
    endloop
  endfacet
  facet normal 0 -1 -0
    outer loop
      vertex 129 162 2
      vertex 15 162 0
      vertex 129 162 0
    endloop
  endfacet
  facet normal 0.941326 -0.3375 0
    outer loop
      vertex 14.0431 161.29 2
      vertex 14.0578 161.331 0
      vertex 14.0578 161.331 2
    endloop
  endfacet
  facet normal 0.941326 -0.3375 0
    outer loop
      vertex 14.0578 161.331 0
      vertex 14.0431 161.29 2
      vertex 14.0431 161.29 0
    endloop
  endfacet
  facet normal 0.427955 0.9038 -0
    outer loop
      vertex 14.6173 14.0761 0
      vertex 14.5286 14.1181 2
      vertex 14.6173 14.0761 2
    endloop
  endfacet
  facet normal 0.427955 0.9038 0
    outer loop
      vertex 14.5286 14.1181 2
      vertex 14.6173 14.0761 0
      vertex 14.5286 14.1181 0
    endloop
  endfacet
  facet normal -0.662859 0.748744 0
    outer loop
      vertex 129.668 14.2571 0
      vertex 129.634 14.227 2
      vertex 129.668 14.2571 2
    endloop
  endfacet
  facet normal -0.662859 0.748744 0
    outer loop
      vertex 129.634 14.227 2
      vertex 129.668 14.2571 0
      vertex 129.634 14.227 0
    endloop
  endfacet
  facet normal -0.998701 0.0509541 0
    outer loop
      vertex 129.995 14.902 0
      vertex 130 15 2
      vertex 130 15 0
    endloop
  endfacet
  facet normal -0.998701 0.0509541 0
    outer loop
      vertex 130 15 2
      vertex 129.995 14.902 0
      vertex 129.995 14.902 2
    endloop
  endfacet
  facet normal 0.0489209 0.998803 -0
    outer loop
      vertex 15 14 0
      vertex 14.902 14.0048 2
      vertex 15 14 2
    endloop
  endfacet
  facet normal 0.0489209 0.998803 0
    outer loop
      vertex 14.902 14.0048 2
      vertex 15 14 0
      vertex 14.902 14.0048 0
    endloop
  endfacet
  facet normal -1 0 0
    outer loop
      vertex 130 15 0
      vertex 130 161 2
      vertex 130 161 0
    endloop
  endfacet
  facet normal -1 -0 0
    outer loop
      vertex 130 161 2
      vertex 130 15 0
      vertex 130 15 2
    endloop
  endfacet
  facet normal 1 -0 0
    outer loop
      vertex 14 15 2
      vertex 14 161 0
      vertex 14 161 2
    endloop
  endfacet
  facet normal 1 0 0
    outer loop
      vertex 14 161 0
      vertex 14 15 2
      vertex 14 15 0
    endloop
  endfacet
  facet normal -0.514496 -0.857493 0
    outer loop
      vertex 129.471 161.882 0
      vertex 129.556 161.831 2
      vertex 129.471 161.882 2
    endloop
  endfacet
  facet normal -0.514496 -0.857493 -0
    outer loop
      vertex 129.556 161.831 2
      vertex 129.471 161.882 0
      vertex 129.556 161.831 0
    endloop
  endfacet
  facet normal -0.969539 -0.244936 0
    outer loop
      vertex 129.981 161.195 0
      vertex 129.957 161.29 2
      vertex 129.957 161.29 0
    endloop
  endfacet
  facet normal -0.969539 -0.244936 0
    outer loop
      vertex 129.957 161.29 2
      vertex 129.981 161.195 0
      vertex 129.981 161.195 2
    endloop
  endfacet
  facet normal -0.969661 0.244452 0
    outer loop
      vertex 129.957 14.7097 0
      vertex 129.981 14.8049 2
      vertex 129.981 14.8049 0
    endloop
  endfacet
  facet normal -0.969661 0.244452 0
    outer loop
      vertex 129.981 14.8049 2
      vertex 129.957 14.7097 0
      vertex 129.957 14.7097 2
    endloop
  endfacet
  facet normal 0.336336 0.941742 -0
    outer loop
      vertex 14.7097 14.0431 0
      vertex 14.6173 14.0761 2
      vertex 14.7097 14.0431 2
    endloop
  endfacet
  facet normal 0.336336 0.941742 0
    outer loop
      vertex 14.6173 14.0761 2
      vertex 14.7097 14.0431 0
      vertex 14.6173 14.0761 0
    endloop
  endfacet
  facet normal -0.243977 0.969781 0
    outer loop
      vertex 129.29 14.0431 0
      vertex 129.195 14.0192 2
      vertex 129.29 14.0431 2
    endloop
  endfacet
  facet normal -0.243977 0.969781 0
    outer loop
      vertex 129.195 14.0192 2
      vertex 129.29 14.0431 0
      vertex 129.195 14.0192 0
    endloop
  endfacet
  facet normal 0.59608 0.802925 -0
    outer loop
      vertex 14.4444 14.1685 0
      vertex 14.3656 14.227 2
      vertex 14.4444 14.1685 2
    endloop
  endfacet
  facet normal 0.59608 0.802925 0
    outer loop
      vertex 14.3656 14.227 2
      vertex 14.4444 14.1685 0
      vertex 14.3656 14.227 0
    endloop
  endfacet
  facet normal 0.969902 0.243494 0
    outer loop
      vertex 14.0431 14.7097 2
      vertex 14.0192 14.8049 0
      vertex 14.0192 14.8049 2
    endloop
  endfacet
  facet normal 0.969902 0.243494 0
    outer loop
      vertex 14.0192 14.8049 0
      vertex 14.0431 14.7097 2
      vertex 14.0431 14.7097 0
    endloop
  endfacet
  facet normal -0.146844 0.98916 0
    outer loop
      vertex 129.195 14.0192 0
      vertex 129.098 14.0048 2
      vertex 129.195 14.0192 2
    endloop
  endfacet
  facet normal -0.146844 0.98916 0
    outer loop
      vertex 129.098 14.0048 2
      vertex 129.195 14.0192 0
      vertex 129.098 14.0048 0
    endloop
  endfacet
  facet normal 0 1 -0
    outer loop
      vertex 129 14 0
      vertex 15 14 2
      vertex 129 14 2
    endloop
  endfacet
  facet normal 0 1 0
    outer loop
      vertex 15 14 2
      vertex 129 14 0
      vertex 15 14 0
    endloop
  endfacet
  facet normal 0.0509541 -0.998701 0
    outer loop
      vertex 14.902 161.995 0
      vertex 15 162 2
      vertex 14.902 161.995 2
    endloop
  endfacet
  facet normal 0.0509541 -0.998701 0
    outer loop
      vertex 15 162 2
      vertex 14.902 161.995 0
      vertex 15 162 0
    endloop
  endfacet
  facet normal 0.146696 0.989182 -0
    outer loop
      vertex 14.902 14.0048 0
      vertex 14.8049 14.0192 2
      vertex 14.902 14.0048 2
    endloop
  endfacet
  facet normal 0.146696 0.989182 0
    outer loop
      vertex 14.8049 14.0192 2
      vertex 14.902 14.0048 0
      vertex 14.8049 14.0192 0
    endloop
  endfacet
  facet normal 0.243494 0.969902 -0
    outer loop
      vertex 14.8049 14.0192 0
      vertex 14.7097 14.0431 2
      vertex 14.8049 14.0192 2
    endloop
  endfacet
  facet normal 0.243494 0.969902 0
    outer loop
      vertex 14.7097 14.0431 2
      vertex 14.8049 14.0192 0
      vertex 14.7097 14.0431 0
    endloop
  endfacet
  facet normal 0.244452 -0.969661 0
    outer loop
      vertex 14.7097 161.957 0
      vertex 14.8049 161.981 2
      vertex 14.7097 161.957 2
    endloop
  endfacet
  facet normal 0.244452 -0.969661 0
    outer loop
      vertex 14.8049 161.981 2
      vertex 14.7097 161.957 0
      vertex 14.8049 161.981 0
    endloop
  endfacet
  facet normal 0.989182 0.146696 0
    outer loop
      vertex 14.0192 14.8049 2
      vertex 14.0048 14.902 0
      vertex 14.0048 14.902 2
    endloop
  endfacet
  facet normal 0.989182 0.146696 0
    outer loop
      vertex 14.0048 14.902 0
      vertex 14.0192 14.8049 2
      vertex 14.0192 14.8049 0
    endloop
  endfacet
  facet normal -0.989765 0.142706 0
    outer loop
      vertex 129.981 14.8049 0
      vertex 129.995 14.902 2
      vertex 129.995 14.902 0
    endloop
  endfacet
  facet normal -0.989765 0.142706 0
    outer loop
      vertex 129.995 14.902 2
      vertex 129.981 14.8049 0
      vertex 129.981 14.8049 2
    endloop
  endfacet
  facet normal 0.592781 -0.805364 0
    outer loop
      vertex 14.3656 161.773 0
      vertex 14.4444 161.831 2
      vertex 14.3656 161.773 2
    endloop
  endfacet
  facet normal 0.592781 -0.805364 0
    outer loop
      vertex 14.4444 161.831 2
      vertex 14.3656 161.773 0
      vertex 14.4444 161.831 0
    endloop
  endfacet
  facet normal 0.142706 -0.989765 0
    outer loop
      vertex 14.8049 161.981 0
      vertex 14.902 161.995 2
      vertex 14.8049 161.981 2
    endloop
  endfacet
  facet normal 0.142706 -0.989765 0
    outer loop
      vertex 14.902 161.995 2
      vertex 14.8049 161.981 0
      vertex 14.902 161.995 0
    endloop
  endfacet
  facet normal 0.518077 -0.855334 0
    outer loop
      vertex 14.4444 161.831 0
      vertex 14.5286 161.882 2
      vertex 14.4444 161.831 2
    endloop
  endfacet
  facet normal 0.518077 -0.855334 0
    outer loop
      vertex 14.5286 161.882 2
      vertex 14.4444 161.831 0
      vertex 14.5286 161.882 0
    endloop
  endfacet
  facet normal 0.513596 0.858032 -0
    outer loop
      vertex 14.5286 14.1181 0
      vertex 14.4444 14.1685 2
      vertex 14.5286 14.1181 2
    endloop
  endfacet
  facet normal 0.513596 0.858032 0
    outer loop
      vertex 14.4444 14.1685 2
      vertex 14.5286 14.1181 0
      vertex 14.4444 14.1685 0
    endloop
  endfacet
  facet normal 0.941586 0.336772 0
    outer loop
      vertex 14.0578 14.6686 2
      vertex 14.0431 14.7097 0
      vertex 14.0431 14.7097 2
    endloop
  endfacet
  facet normal 0.941586 0.336772 0
    outer loop
      vertex 14.0431 14.7097 0
      vertex 14.0578 14.6686 2
      vertex 14.0578 14.6686 0
    endloop
  endfacet
  facet normal -0.939392 0.342844 0
    outer loop
      vertex 129.942 14.6686 0
      vertex 129.957 14.7097 2
      vertex 129.957 14.7097 0
    endloop
  endfacet
  facet normal -0.939392 0.342844 0
    outer loop
      vertex 129.957 14.7097 2
      vertex 129.942 14.6686 0
      vertex 129.942 14.6686 2
    endloop
  endfacet
  facet normal 0.98916 -0.146844 0
    outer loop
      vertex 14.0048 161.098 2
      vertex 14.0192 161.195 0
      vertex 14.0192 161.195 2
    endloop
  endfacet
  facet normal 0.98916 -0.146844 0
    outer loop
      vertex 14.0192 161.195 0
      vertex 14.0048 161.098 2
      vertex 14.0048 161.098 0
    endloop
  endfacet
  facet normal 0.998803 -0.0489209 0
    outer loop
      vertex 14 161 2
      vertex 14.0048 161.098 0
      vertex 14.0048 161.098 2
    endloop
  endfacet
  facet normal 0.998803 -0.0489209 0
    outer loop
      vertex 14.0048 161.098 0
      vertex 14 161 2
      vertex 14 161 0
    endloop
  endfacet
  facet normal -0.43073 -0.902481 0
    outer loop
      vertex 129.383 161.924 0
      vertex 129.471 161.882 2
      vertex 129.383 161.924 2
    endloop
  endfacet
  facet normal -0.43073 -0.902481 -0
    outer loop
      vertex 129.471 161.882 2
      vertex 129.383 161.924 0
      vertex 129.471 161.882 0
    endloop
  endfacet
  facet normal -0.596703 -0.802462 0
    outer loop
      vertex 129.556 161.831 0
      vertex 129.634 161.773 2
      vertex 129.556 161.831 2
    endloop
  endfacet
  facet normal -0.596703 -0.802462 -0
    outer loop
      vertex 129.634 161.773 2
      vertex 129.556 161.831 0
      vertex 129.634 161.773 0
    endloop
  endfacet
  facet normal 0.336336 -0.941742 0
    outer loop
      vertex 14.6173 161.924 0
      vertex 14.7097 161.957 2
      vertex 14.6173 161.924 2
    endloop
  endfacet
  facet normal 0.336336 -0.941742 0
    outer loop
      vertex 14.7097 161.957 2
      vertex 14.6173 161.924 0
      vertex 14.7097 161.957 0
    endloop
  endfacet
  facet normal 0.670563 0.741852 -0
    outer loop
      vertex 14.3656 14.227 0
      vertex 14.3323 14.2571 2
      vertex 14.3656 14.227 2
    endloop
  endfacet
  facet normal 0.670563 0.741852 0
    outer loop
      vertex 14.3323 14.2571 2
      vertex 14.3656 14.227 0
      vertex 14.3323 14.2571 0
    endloop
  endfacet
  facet normal -0.6 0.8 0
    outer loop
      vertex 129.634 14.227 0
      vertex 129.556 14.1685 2
      vertex 129.634 14.227 2
    endloop
  endfacet
  facet normal -0.6 0.8 0
    outer loop
      vertex 129.556 14.1685 2
      vertex 129.634 14.227 0
      vertex 129.556 14.1685 0
    endloop
  endfacet
  facet normal 0.969781 -0.243977 0
    outer loop
      vertex 14.0192 161.195 2
      vertex 14.0431 161.29 0
      vertex 14.0431 161.29 2
    endloop
  endfacet
  facet normal 0.969781 -0.243977 0
    outer loop
      vertex 14.0431 161.29 0
      vertex 14.0192 161.195 2
      vertex 14.0192 161.195 0
    endloop
  endfacet
  facet normal -0.43073 0.902481 0
    outer loop
      vertex 129.471 14.1181 0
      vertex 129.383 14.0761 2
      vertex 129.471 14.1181 2
    endloop
  endfacet
  facet normal -0.43073 0.902481 0
    outer loop
      vertex 129.383 14.0761 2
      vertex 129.471 14.1181 0
      vertex 129.383 14.0761 0
    endloop
  endfacet
  facet normal 0.427955 -0.9038 0
    outer loop
      vertex 14.5286 161.882 0
      vertex 14.6173 161.924 2
      vertex 14.5286 161.882 2
    endloop
  endfacet
  facet normal 0.427955 -0.9038 0
    outer loop
      vertex 14.6173 161.924 2
      vertex 14.5286 161.882 0
      vertex 14.6173 161.924 0
    endloop
  endfacet
  facet normal -0.661622 -0.749838 0
    outer loop
      vertex 129.634 161.773 0
      vertex 129.668 161.743 2
      vertex 129.634 161.773 2
    endloop
  endfacet
  facet normal -0.661622 -0.749838 -0
    outer loop
      vertex 129.668 161.743 2
      vertex 129.634 161.773 0
      vertex 129.668 161.743 0
    endloop
  endfacet
  facet normal -0.939123 -0.343582 0
    outer loop
      vertex 129.957 161.29 0
      vertex 129.942 161.331 2
      vertex 129.942 161.331 0
    endloop
  endfacet
  facet normal -0.939123 -0.343582 0
    outer loop
      vertex 129.942 161.331 2
      vertex 129.957 161.29 0
      vertex 129.957 161.29 2
    endloop
  endfacet
  facet normal -0.998701 -0.0509541 0
    outer loop
      vertex 130 161 0
      vertex 129.995 161.098 2
      vertex 129.995 161.098 0
    endloop
  endfacet
  facet normal -0.998701 -0.0509541 0
    outer loop
      vertex 129.995 161.098 2
      vertex 130 161 0
      vertex 130 161 2
    endloop
  endfacet
  facet normal -0.0489209 0.998803 0
    outer loop
      vertex 129.098 14.0048 0
      vertex 129 14 2
      vertex 129.098 14.0048 2
    endloop
  endfacet
  facet normal -0.0489209 0.998803 0
    outer loop
      vertex 129 14 2
      vertex 129.098 14.0048 0
      vertex 129 14 0
    endloop
  endfacet
  facet normal -0.33441 0.942428 0
    outer loop
      vertex 129.383 14.0761 0
      vertex 129.29 14.0431 2
      vertex 129.383 14.0761 2
    endloop
  endfacet
  facet normal -0.33441 0.942428 0
    outer loop
      vertex 129.29 14.0431 2
      vertex 129.383 14.0761 0
      vertex 129.29 14.0431 0
    endloop
  endfacet
  facet normal -0.989744 -0.14285 0
    outer loop
      vertex 129.995 161.098 0
      vertex 129.981 161.195 2
      vertex 129.981 161.195 0
    endloop
  endfacet
  facet normal -0.989744 -0.14285 0
    outer loop
      vertex 129.981 161.195 2
      vertex 129.995 161.098 0
      vertex 129.995 161.098 2
    endloop
  endfacet
  facet normal -0.33441 -0.942428 0
    outer loop
      vertex 129.29 161.957 0
      vertex 129.383 161.924 2
      vertex 129.29 161.957 2
    endloop
  endfacet
  facet normal -0.33441 -0.942428 -0
    outer loop
      vertex 129.383 161.924 2
      vertex 129.29 161.957 0
      vertex 129.383 161.924 0
    endloop
  endfacet
  facet normal -0.242264 -0.97021 0
    outer loop
      vertex 12.517 165.599 0
      vertex 12.7693 165.536 2
      vertex 12.517 165.599 2
    endloop
  endfacet
  facet normal -0.242264 -0.97021 -0
    outer loop
      vertex 12.7693 165.536 2
      vertex 12.517 165.599 0
      vertex 12.7693 165.536 0
    endloop
  endfacet
  facet normal -0.338284 -0.941044 0
    outer loop
      vertex 12.7693 165.536 0
      vertex 13.0141 165.448 2
      vertex 12.7693 165.536 2
    endloop
  endfacet
  facet normal -0.338284 -0.941044 -0
    outer loop
      vertex 13.0141 165.448 2
      vertex 12.7693 165.536 0
      vertex 13.0141 165.448 0
    endloop
  endfacet
  facet normal -0.989189 -0.146646 0
    outer loop
      vertex 14.6372 163.26 0
      vertex 14.5991 163.517 2
      vertex 14.5991 163.517 0
    endloop
  endfacet
  facet normal -0.989189 -0.146646 0
    outer loop
      vertex 14.5991 163.517 2
      vertex 14.6372 163.26 0
      vertex 14.6372 163.26 2
    endloop
  endfacet
  facet normal -0.99879 -0.0491712 0
    outer loop
      vertex 14.65 163 0
      vertex 14.6372 163.26 2
      vertex 14.6372 163.26 0
    endloop
  endfacet
  facet normal -0.99879 -0.0491712 0
    outer loop
      vertex 14.6372 163.26 2
      vertex 14.65 163 0
      vertex 14.65 163 2
    endloop
  endfacet
  facet normal -0.969961 -0.24326 0
    outer loop
      vertex 14.5991 163.517 0
      vertex 14.5359 163.769 2
      vertex 14.5359 163.769 0
    endloop
  endfacet
  facet normal -0.969961 -0.24326 0
    outer loop
      vertex 14.5359 163.769 2
      vertex 14.5991 163.517 0
      vertex 14.5991 163.517 2
    endloop
  endfacet
  facet normal -0.670177 -0.742202 0
    outer loop
      vertex 13.6811 165.048 0
      vertex 13.8738 164.874 2
      vertex 13.6811 165.048 2
    endloop
  endfacet
  facet normal -0.670177 -0.742202 -0
    outer loop
      vertex 13.8738 164.874 2
      vertex 13.6811 165.048 0
      vertex 13.8738 164.874 0
    endloop
  endfacet
  facet normal 0.741419 0.671042 0
    outer loop
      vertex 10.1262 161.126 2
      vertex 9.95152 161.319 0
      vertex 9.95152 161.319 2
    endloop
  endfacet
  facet normal 0.741419 0.671042 0
    outer loop
      vertex 9.95152 161.319 0
      vertex 10.1262 161.126 2
      vertex 10.1262 161.126 0
    endloop
  endfacet
  facet normal 0.0499952 0.998749 -0
    outer loop
      vertex 12 160.35 0
      vertex 11.7403 160.363 2
      vertex 12 160.35 2
    endloop
  endfacet
  facet normal 0.0499952 0.998749 0
    outer loop
      vertex 11.7403 160.363 2
      vertex 12 160.35 0
      vertex 11.7403 160.363 0
    endloop
  endfacet
  facet normal -0.99879 0.0491712 0
    outer loop
      vertex 14.6372 162.74 0
      vertex 14.65 163 2
      vertex 14.65 163 0
    endloop
  endfacet
  facet normal -0.99879 0.0491712 0
    outer loop
      vertex 14.65 163 2
      vertex 14.6372 162.74 0
      vertex 14.6372 162.74 2
    endloop
  endfacet
  facet normal -0.338284 0.941044 0
    outer loop
      vertex 13.0141 160.552 0
      vertex 12.7693 160.464 2
      vertex 13.0141 160.552 2
    endloop
  endfacet
  facet normal -0.338284 0.941044 0
    outer loop
      vertex 12.7693 160.464 2
      vertex 13.0141 160.552 0
      vertex 12.7693 160.464 0
    endloop
  endfacet
  facet normal 0.941608 0.336711 0
    outer loop
      vertex 9.55172 161.986 2
      vertex 9.46411 162.231 0
      vertex 9.46411 162.231 2
    endloop
  endfacet
  facet normal 0.941608 0.336711 0
    outer loop
      vertex 9.46411 162.231 0
      vertex 9.55172 161.986 2
      vertex 9.55172 161.986 0
    endloop
  endfacet
  facet normal -0.94162 -0.336677 0
    outer loop
      vertex 14.5359 163.769 0
      vertex 14.4483 164.014 2
      vertex 14.4483 164.014 0
    endloop
  endfacet
  facet normal -0.94162 -0.336677 0
    outer loop
      vertex 14.4483 164.014 2
      vertex 14.5359 163.769 0
      vertex 14.5359 163.769 2
    endloop
  endfacet
  facet normal -0.90391 -0.427723 0
    outer loop
      vertex 14.4483 164.014 0
      vertex 14.3371 164.249 2
      vertex 14.3371 164.249 0
    endloop
  endfacet
  facet normal -0.90391 -0.427723 0
    outer loop
      vertex 14.3371 164.249 2
      vertex 14.4483 164.014 0
      vertex 14.4483 164.014 2
    endloop
  endfacet
  facet normal 0.903925 -0.427691 0
    outer loop
      vertex 9.55172 164.014 2
      vertex 9.66291 164.249 0
      vertex 9.66291 164.249 2
    endloop
  endfacet
  facet normal 0.903925 -0.427691 0
    outer loop
      vertex 9.66291 164.249 0
      vertex 9.55172 164.014 2
      vertex 9.55172 164.014 0
    endloop
  endfacet
  facet normal -0.514891 -0.857256 0
    outer loop
      vertex 13.2492 165.337 0
      vertex 13.4723 165.203 2
      vertex 13.2492 165.337 2
    endloop
  endfacet
  facet normal -0.514891 -0.857256 -0
    outer loop
      vertex 13.4723 165.203 2
      vertex 13.2492 165.337 0
      vertex 13.4723 165.203 0
    endloop
  endfacet
  facet normal 0.96997 0.243224 0
    outer loop
      vertex 9.46411 162.231 2
      vertex 9.40092 162.483 0
      vertex 9.40092 162.483 2
    endloop
  endfacet
  facet normal 0.96997 0.243224 0
    outer loop
      vertex 9.40092 162.483 0
      vertex 9.46411 162.231 2
      vertex 9.46411 162.231 0
    endloop
  endfacet
  facet normal -0.857493 0.514496 0
    outer loop
      vertex 14.3323 161.743 0
      vertex 14.3371 161.751 2
      vertex 14.3371 161.751 0
    endloop
  endfacet
  facet normal -0.857493 0.514496 0
    outer loop
      vertex 14.3371 161.751 2
      vertex 14.3323 161.743 0
      vertex 14.3323 161.743 2
    endloop
  endfacet
  facet normal -0.514891 0.857256 0
    outer loop
      vertex 13.4723 160.797 0
      vertex 13.2492 160.663 2
      vertex 13.4723 160.797 2
    endloop
  endfacet
  facet normal -0.514891 0.857256 0
    outer loop
      vertex 13.2492 160.663 2
      vertex 13.4723 160.797 0
      vertex 13.2492 160.663 0
    endloop
  endfacet
  facet normal 0.146103 -0.989269 0
    outer loop
      vertex 11.483 165.599 0
      vertex 11.7403 165.637 2
      vertex 11.483 165.599 2
    endloop
  endfacet
  facet normal 0.146103 -0.989269 0
    outer loop
      vertex 11.7403 165.637 2
      vertex 11.483 165.599 0
      vertex 11.7403 165.637 0
    endloop
  endfacet
  facet normal 0.903925 0.427691 0
    outer loop
      vertex 9.66291 161.751 2
      vertex 9.55172 161.986 0
      vertex 9.55172 161.986 2
    endloop
  endfacet
  facet normal 0.903925 0.427691 0
    outer loop
      vertex 9.55172 161.986 0
      vertex 9.66291 161.751 2
      vertex 9.66291 161.751 0
    endloop
  endfacet
  facet normal 0.426945 -0.904278 0
    outer loop
      vertex 10.7508 165.337 0
      vertex 10.9859 165.448 2
      vertex 10.7508 165.337 2
    endloop
  endfacet
  facet normal 0.426945 -0.904278 0
    outer loop
      vertex 10.9859 165.448 2
      vertex 10.7508 165.337 0
      vertex 10.9859 165.448 0
    endloop
  endfacet
  facet normal -0.803401 -0.595439 0
    outer loop
      vertex 14.2034 164.472 0
      vertex 14.0485 164.681 2
      vertex 14.0485 164.681 0
    endloop
  endfacet
  facet normal -0.803401 -0.595439 0
    outer loop
      vertex 14.0485 164.681 2
      vertex 14.2034 164.472 0
      vertex 14.2034 164.472 2
    endloop
  endfacet
  facet normal -0.146103 0.989269 0
    outer loop
      vertex 12.517 160.401 0
      vertex 12.2597 160.363 2
      vertex 12.517 160.401 2
    endloop
  endfacet
  facet normal -0.146103 0.989269 0
    outer loop
      vertex 12.2597 160.363 2
      vertex 12.517 160.401 0
      vertex 12.2597 160.363 0
    endloop
  endfacet
  facet normal -0.989189 0.146646 0
    outer loop
      vertex 14.5991 162.483 0
      vertex 14.6372 162.74 2
      vertex 14.6372 162.74 0
    endloop
  endfacet
  facet normal -0.989189 0.146646 0
    outer loop
      vertex 14.6372 162.74 2
      vertex 14.5991 162.483 0
      vertex 14.5991 162.483 2
    endloop
  endfacet
  facet normal 0.596055 0.802944 -0
    outer loop
      vertex 10.5277 160.797 0
      vertex 10.3189 160.952 2
      vertex 10.5277 160.797 2
    endloop
  endfacet
  facet normal 0.596055 0.802944 0
    outer loop
      vertex 10.3189 160.952 2
      vertex 10.5277 160.797 0
      vertex 10.3189 160.952 0
    endloop
  endfacet
  facet normal -0.426945 -0.904278 0
    outer loop
      vertex 13.0141 165.448 0
      vertex 13.2492 165.337 2
      vertex 13.0141 165.448 2
    endloop
  endfacet
  facet normal -0.426945 -0.904278 -0
    outer loop
      vertex 13.2492 165.337 2
      vertex 13.0141 165.448 0
      vertex 13.2492 165.337 0
    endloop
  endfacet
  facet normal 0.989155 -0.146872 0
    outer loop
      vertex 9.36276 163.26 2
      vertex 9.40092 163.517 0
      vertex 9.40092 163.517 2
    endloop
  endfacet
  facet normal 0.989155 -0.146872 0
    outer loop
      vertex 9.40092 163.517 0
      vertex 9.36276 163.26 2
      vertex 9.36276 163.26 0
    endloop
  endfacet
  facet normal 0.242264 -0.97021 0
    outer loop
      vertex 11.2307 165.536 0
      vertex 11.483 165.599 2
      vertex 11.2307 165.536 2
    endloop
  endfacet
  facet normal 0.242264 -0.97021 0
    outer loop
      vertex 11.483 165.599 2
      vertex 11.2307 165.536 0
      vertex 11.483 165.599 0
    endloop
  endfacet
  facet normal 0.146103 0.989269 -0
    outer loop
      vertex 11.7403 160.363 0
      vertex 11.483 160.401 2
      vertex 11.7403 160.363 2
    endloop
  endfacet
  facet normal 0.146103 0.989269 0
    outer loop
      vertex 11.483 160.401 2
      vertex 11.7403 160.363 0
      vertex 11.483 160.401 0
    endloop
  endfacet
  facet normal -0.146103 -0.989269 0
    outer loop
      vertex 12.2597 165.637 0
      vertex 12.517 165.599 2
      vertex 12.2597 165.637 2
    endloop
  endfacet
  facet normal -0.146103 -0.989269 -0
    outer loop
      vertex 12.517 165.599 2
      vertex 12.2597 165.637 0
      vertex 12.517 165.599 0
    endloop
  endfacet
  facet normal 0.338284 -0.941044 0
    outer loop
      vertex 10.9859 165.448 0
      vertex 11.2307 165.536 2
      vertex 10.9859 165.448 2
    endloop
  endfacet
  facet normal 0.338284 -0.941044 0
    outer loop
      vertex 11.2307 165.536 2
      vertex 10.9859 165.448 0
      vertex 11.2307 165.536 0
    endloop
  endfacet
  facet normal 0.998798 -0.0490179 0
    outer loop
      vertex 9.35 163 2
      vertex 9.36276 163.26 0
      vertex 9.36276 163.26 2
    endloop
  endfacet
  facet normal 0.998798 -0.0490179 0
    outer loop
      vertex 9.36276 163.26 0
      vertex 9.35 163 2
      vertex 9.35 163 0
    endloop
  endfacet
  facet normal 0.998798 0.0490179 0
    outer loop
      vertex 9.36276 162.74 2
      vertex 9.35 163 0
      vertex 9.35 163 2
    endloop
  endfacet
  facet normal 0.998798 0.0490179 0
    outer loop
      vertex 9.35 163 0
      vertex 9.36276 162.74 2
      vertex 9.36276 162.74 0
    endloop
  endfacet
  facet normal 0.596055 -0.802944 0
    outer loop
      vertex 10.3189 165.048 0
      vertex 10.5277 165.203 2
      vertex 10.3189 165.048 2
    endloop
  endfacet
  facet normal 0.596055 -0.802944 0
    outer loop
      vertex 10.5277 165.203 2
      vertex 10.3189 165.048 0
      vertex 10.5277 165.203 0
    endloop
  endfacet
  facet normal -0.670177 0.742202 0
    outer loop
      vertex 13.8738 161.126 0
      vertex 13.6811 160.952 2
      vertex 13.8738 161.126 2
    endloop
  endfacet
  facet normal -0.670177 0.742202 0
    outer loop
      vertex 13.6811 160.952 2
      vertex 13.8738 161.126 0
      vertex 13.6811 160.952 0
    endloop
  endfacet
  facet normal -0.596055 0.802944 0
    outer loop
      vertex 13.6811 160.952 0
      vertex 13.4723 160.797 2
      vertex 13.6811 160.952 2
    endloop
  endfacet
  facet normal -0.596055 0.802944 0
    outer loop
      vertex 13.4723 160.797 2
      vertex 13.6811 160.952 0
      vertex 13.4723 160.797 0
    endloop
  endfacet
  facet normal -0.0499952 -0.998749 0
    outer loop
      vertex 12 165.65 0
      vertex 12.2597 165.637 2
      vertex 12 165.65 2
    endloop
  endfacet
  facet normal -0.0499952 -0.998749 -0
    outer loop
      vertex 12.2597 165.637 2
      vertex 12 165.65 0
      vertex 12.2597 165.637 0
    endloop
  endfacet
  facet normal -0.426945 0.904278 0
    outer loop
      vertex 13.2492 160.663 0
      vertex 13.0141 160.552 2
      vertex 13.2492 160.663 2
    endloop
  endfacet
  facet normal -0.426945 0.904278 0
    outer loop
      vertex 13.0141 160.552 2
      vertex 13.2492 160.663 0
      vertex 13.0141 160.552 0
    endloop
  endfacet
  facet normal -0.596055 -0.802944 0
    outer loop
      vertex 13.4723 165.203 0
      vertex 13.6811 165.048 2
      vertex 13.4723 165.203 2
    endloop
  endfacet
  facet normal -0.596055 -0.802944 -0
    outer loop
      vertex 13.6811 165.048 2
      vertex 13.4723 165.203 0
      vertex 13.6811 165.048 0
    endloop
  endfacet
  facet normal 0.857663 0.514213 0
    outer loop
      vertex 9.79661 161.528 2
      vertex 9.66291 161.751 0
      vertex 9.66291 161.751 2
    endloop
  endfacet
  facet normal 0.857663 0.514213 0
    outer loop
      vertex 9.66291 161.751 0
      vertex 9.79661 161.528 2
      vertex 9.79661 161.528 0
    endloop
  endfacet
  facet normal 0.0499952 -0.998749 0
    outer loop
      vertex 11.7403 165.637 0
      vertex 12 165.65 2
      vertex 11.7403 165.637 2
    endloop
  endfacet
  facet normal 0.0499952 -0.998749 0
    outer loop
      vertex 12 165.65 2
      vertex 11.7403 165.637 0
      vertex 12 165.65 0
    endloop
  endfacet
  facet normal 0.514891 -0.857256 0
    outer loop
      vertex 10.5277 165.203 0
      vertex 10.7508 165.337 2
      vertex 10.5277 165.203 2
    endloop
  endfacet
  facet normal 0.514891 -0.857256 0
    outer loop
      vertex 10.7508 165.337 2
      vertex 10.5277 165.203 0
      vertex 10.7508 165.337 0
    endloop
  endfacet
  facet normal -0.242264 0.97021 0
    outer loop
      vertex 12.7693 160.464 0
      vertex 12.517 160.401 2
      vertex 12.7693 160.464 2
    endloop
  endfacet
  facet normal -0.242264 0.97021 0
    outer loop
      vertex 12.517 160.401 2
      vertex 12.7693 160.464 0
      vertex 12.517 160.401 0
    endloop
  endfacet
  facet normal -0.969961 0.24326 0
    outer loop
      vertex 14.5359 162.231 0
      vertex 14.5991 162.483 2
      vertex 14.5991 162.483 0
    endloop
  endfacet
  facet normal -0.969961 0.24326 0
    outer loop
      vertex 14.5991 162.483 2
      vertex 14.5359 162.231 0
      vertex 14.5359 162.231 2
    endloop
  endfacet
  facet normal 0.803382 -0.595464 0
    outer loop
      vertex 9.79661 164.472 2
      vertex 9.95152 164.681 0
      vertex 9.95152 164.681 2
    endloop
  endfacet
  facet normal 0.803382 -0.595464 0
    outer loop
      vertex 9.95152 164.681 0
      vertex 9.79661 164.472 2
      vertex 9.79661 164.472 0
    endloop
  endfacet
  facet normal -0.857663 -0.514213 0
    outer loop
      vertex 14.3371 164.249 0
      vertex 14.2034 164.472 2
      vertex 14.2034 164.472 0
    endloop
  endfacet
  facet normal -0.857663 -0.514213 0
    outer loop
      vertex 14.2034 164.472 2
      vertex 14.3371 164.249 0
      vertex 14.3371 164.249 2
    endloop
  endfacet
  facet normal -0.790415 0.612572 0
    outer loop
      vertex 14.0485 161.319 0
      vertex 14.0578 161.331 2
      vertex 14.0578 161.331 0
    endloop
  endfacet
  facet normal -0.790415 0.612572 0
    outer loop
      vertex 14.0578 161.331 2
      vertex 14.0485 161.319 0
      vertex 14.0485 161.319 2
    endloop
  endfacet
  facet normal -0.94162 0.336677 0
    outer loop
      vertex 14.4483 161.986 0
      vertex 14.5359 162.231 2
      vertex 14.5359 162.231 0
    endloop
  endfacet
  facet normal -0.94162 0.336677 0
    outer loop
      vertex 14.5359 162.231 2
      vertex 14.4483 161.986 0
      vertex 14.4483 161.986 2
    endloop
  endfacet
  facet normal 0.670177 -0.742202 0
    outer loop
      vertex 10.1262 164.874 0
      vertex 10.3189 165.048 2
      vertex 10.1262 164.874 2
    endloop
  endfacet
  facet normal 0.670177 -0.742202 0
    outer loop
      vertex 10.3189 165.048 2
      vertex 10.1262 164.874 0
      vertex 10.3189 165.048 0
    endloop
  endfacet
  facet normal 0.857663 -0.514213 0
    outer loop
      vertex 9.66291 164.249 2
      vertex 9.79661 164.472 0
      vertex 9.79661 164.472 2
    endloop
  endfacet
  facet normal 0.857663 -0.514213 0
    outer loop
      vertex 9.79661 164.472 0
      vertex 9.66291 164.249 2
      vertex 9.66291 164.249 0
    endloop
  endfacet
  facet normal -0.741381 0.671084 0
    outer loop
      vertex 13.8738 161.126 0
      vertex 14.0485 161.319 2
      vertex 14.0485 161.319 0
    endloop
  endfacet
  facet normal -0.741381 0.671084 0
    outer loop
      vertex 14.0485 161.319 2
      vertex 13.8738 161.126 0
      vertex 13.8738 161.126 2
    endloop
  endfacet
  facet normal -0.90391 0.427723 0
    outer loop
      vertex 14.3371 161.751 0
      vertex 14.4483 161.986 2
      vertex 14.4483 161.986 0
    endloop
  endfacet
  facet normal -0.90391 0.427723 0
    outer loop
      vertex 14.4483 161.986 2
      vertex 14.3371 161.751 0
      vertex 14.3371 161.751 2
    endloop
  endfacet
  facet normal 0.514891 0.857256 -0
    outer loop
      vertex 10.7508 160.663 0
      vertex 10.5277 160.797 2
      vertex 10.7508 160.663 2
    endloop
  endfacet
  facet normal 0.514891 0.857256 0
    outer loop
      vertex 10.5277 160.797 2
      vertex 10.7508 160.663 0
      vertex 10.5277 160.797 0
    endloop
  endfacet
  facet normal -0.741381 -0.671084 0
    outer loop
      vertex 14.0485 164.681 0
      vertex 13.8738 164.874 2
      vertex 13.8738 164.874 0
    endloop
  endfacet
  facet normal -0.741381 -0.671084 0
    outer loop
      vertex 13.8738 164.874 2
      vertex 14.0485 164.681 0
      vertex 14.0485 164.681 2
    endloop
  endfacet
  facet normal -0.0499952 0.998749 0
    outer loop
      vertex 12.2597 160.363 0
      vertex 12 160.35 2
      vertex 12.2597 160.363 2
    endloop
  endfacet
  facet normal -0.0499952 0.998749 0
    outer loop
      vertex 12 160.35 2
      vertex 12.2597 160.363 0
      vertex 12 160.35 0
    endloop
  endfacet
  facet normal 0.803382 0.595464 0
    outer loop
      vertex 9.95152 161.319 2
      vertex 9.79661 161.528 0
      vertex 9.79661 161.528 2
    endloop
  endfacet
  facet normal 0.803382 0.595464 0
    outer loop
      vertex 9.79661 161.528 0
      vertex 9.95152 161.319 2
      vertex 9.95152 161.319 0
    endloop
  endfacet
  facet normal 0.941608 -0.336711 0
    outer loop
      vertex 9.46411 163.769 2
      vertex 9.55172 164.014 0
      vertex 9.55172 164.014 2
    endloop
  endfacet
  facet normal 0.941608 -0.336711 0
    outer loop
      vertex 9.55172 164.014 0
      vertex 9.46411 163.769 2
      vertex 9.46411 163.769 0
    endloop
  endfacet
  facet normal 0.96997 -0.243224 0
    outer loop
      vertex 9.40092 163.517 2
      vertex 9.46411 163.769 0
      vertex 9.46411 163.769 2
    endloop
  endfacet
  facet normal 0.96997 -0.243224 0
    outer loop
      vertex 9.46411 163.769 0
      vertex 9.40092 163.517 2
      vertex 9.40092 163.517 0
    endloop
  endfacet
  facet normal 0.989155 0.146872 0
    outer loop
      vertex 9.40092 162.483 2
      vertex 9.36276 162.74 0
      vertex 9.36276 162.74 2
    endloop
  endfacet
  facet normal 0.989155 0.146872 0
    outer loop
      vertex 9.36276 162.74 0
      vertex 9.40092 162.483 2
      vertex 9.40092 162.483 0
    endloop
  endfacet
  facet normal 0.741419 -0.671042 0
    outer loop
      vertex 9.95152 164.681 2
      vertex 10.1262 164.874 0
      vertex 10.1262 164.874 2
    endloop
  endfacet
  facet normal 0.741419 -0.671042 0
    outer loop
      vertex 10.1262 164.874 0
      vertex 9.95152 164.681 2
      vertex 9.95152 164.681 0
    endloop
  endfacet
  facet normal 0.670177 0.742202 -0
    outer loop
      vertex 10.3189 160.952 0
      vertex 10.1262 161.126 2
      vertex 10.3189 160.952 2
    endloop
  endfacet
  facet normal 0.670177 0.742202 0
    outer loop
      vertex 10.1262 161.126 2
      vertex 10.3189 160.952 0
      vertex 10.1262 161.126 0
    endloop
  endfacet
  facet normal 0.338284 0.941044 -0
    outer loop
      vertex 11.2307 160.464 0
      vertex 10.9859 160.552 2
      vertex 11.2307 160.464 2
    endloop
  endfacet
  facet normal 0.338284 0.941044 0
    outer loop
      vertex 10.9859 160.552 2
      vertex 11.2307 160.464 0
      vertex 10.9859 160.552 0
    endloop
  endfacet
  facet normal 0.242264 0.97021 -0
    outer loop
      vertex 11.483 160.401 0
      vertex 11.2307 160.464 2
      vertex 11.483 160.401 2
    endloop
  endfacet
  facet normal 0.242264 0.97021 0
    outer loop
      vertex 11.2307 160.464 2
      vertex 11.483 160.401 0
      vertex 11.2307 160.464 0
    endloop
  endfacet
  facet normal 0.426945 0.904278 -0
    outer loop
      vertex 10.9859 160.552 0
      vertex 10.7508 160.663 2
      vertex 10.9859 160.552 2
    endloop
  endfacet
  facet normal 0.426945 0.904278 0
    outer loop
      vertex 10.7508 160.663 2
      vertex 10.9859 160.552 0
      vertex 10.7508 160.663 0
    endloop
  endfacet
  facet normal -0.242988 -0.970029 0
    outer loop
      vertex 12.517 15.5991 0
      vertex 12.7693 15.5359 2
      vertex 12.517 15.5991 2
    endloop
  endfacet
  facet normal -0.242988 -0.970029 -0
    outer loop
      vertex 12.7693 15.5359 2
      vertex 12.517 15.5991 0
      vertex 12.7693 15.5359 0
    endloop
  endfacet
  facet normal -0.336921 -0.941533 0
    outer loop
      vertex 12.7693 15.5359 0
      vertex 13.0141 15.4483 2
      vertex 12.7693 15.5359 2
    endloop
  endfacet
  facet normal -0.336921 -0.941533 -0
    outer loop
      vertex 13.0141 15.4483 2
      vertex 12.7693 15.5359 0
      vertex 13.0141 15.4483 0
    endloop
  endfacet
  facet normal -0.989214 -0.146479 0
    outer loop
      vertex 14.6372 13.2597 0
      vertex 14.5991 13.517 2
      vertex 14.5991 13.517 0
    endloop
  endfacet
  facet normal -0.989214 -0.146479 0
    outer loop
      vertex 14.5991 13.517 2
      vertex 14.6372 13.2597 0
      vertex 14.6372 13.2597 2
    endloop
  endfacet
  facet normal -0.998788 -0.0492279 0
    outer loop
      vertex 14.65 13 0
      vertex 14.6372 13.2597 2
      vertex 14.6372 13.2597 0
    endloop
  endfacet
  facet normal -0.998788 -0.0492279 0
    outer loop
      vertex 14.6372 13.2597 2
      vertex 14.65 13 0
      vertex 14.65 13 2
    endloop
  endfacet
  facet normal -0.970029 -0.242988 0
    outer loop
      vertex 14.5991 13.517 0
      vertex 14.5359 13.7693 2
      vertex 14.5359 13.7693 0
    endloop
  endfacet
  facet normal -0.970029 -0.242988 0
    outer loop
      vertex 14.5359 13.7693 2
      vertex 14.5991 13.517 0
      vertex 14.5991 13.517 2
    endloop
  endfacet
  facet normal -0.671658 -0.740861 0
    outer loop
      vertex 13.6811 15.0485 0
      vertex 13.8738 14.8738 2
      vertex 13.6811 15.0485 2
    endloop
  endfacet
  facet normal -0.671658 -0.740861 -0
    outer loop
      vertex 13.8738 14.8738 2
      vertex 13.6811 15.0485 0
      vertex 13.8738 14.8738 0
    endloop
  endfacet
  facet normal -0.0492279 0.998788 0
    outer loop
      vertex 12.2597 10.3628 0
      vertex 12 10.35 2
      vertex 12.2597 10.3628 2
    endloop
  endfacet
  facet normal -0.0492279 0.998788 0
    outer loop
      vertex 12 10.35 2
      vertex 12.2597 10.3628 0
      vertex 12 10.35 0
    endloop
  endfacet
  facet normal 0.7409 0.671616 0
    outer loop
      vertex 10.1262 11.1262 2
      vertex 9.95152 11.3189 0
      vertex 9.95152 11.3189 2
    endloop
  endfacet
  facet normal 0.7409 0.671616 0
    outer loop
      vertex 9.95152 11.3189 0
      vertex 10.1262 11.1262 2
      vertex 10.1262 11.1262 0
    endloop
  endfacet
  facet normal 0.0492279 0.998788 -0
    outer loop
      vertex 12 10.35 0
      vertex 11.7403 10.3628 2
      vertex 12 10.35 2
    endloop
  endfacet
  facet normal 0.0492279 0.998788 0
    outer loop
      vertex 11.7403 10.3628 2
      vertex 12 10.35 0
      vertex 11.7403 10.3628 0
    endloop
  endfacet
  facet normal -0.998788 0.0492279 0
    outer loop
      vertex 14.6372 12.7403 0
      vertex 14.65 13 2
      vertex 14.65 13 0
    endloop
  endfacet
  facet normal -0.998788 0.0492279 0
    outer loop
      vertex 14.65 13 2
      vertex 14.6372 12.7403 0
      vertex 14.6372 12.7403 2
    endloop
  endfacet
  facet normal -0.336921 0.941533 0
    outer loop
      vertex 13.0141 10.5517 0
      vertex 12.7693 10.4641 2
      vertex 13.0141 10.5517 2
    endloop
  endfacet
  facet normal -0.336921 0.941533 0
    outer loop
      vertex 12.7693 10.4641 2
      vertex 13.0141 10.5517 0
      vertex 12.7693 10.4641 0
    endloop
  endfacet
  facet normal 0.941521 0.336955 0
    outer loop
      vertex 9.55172 11.9859 2
      vertex 9.46411 12.2307 0
      vertex 9.46411 12.2307 2
    endloop
  endfacet
  facet normal 0.941521 0.336955 0
    outer loop
      vertex 9.46411 12.2307 0
      vertex 9.55172 11.9859 2
      vertex 9.55172 11.9859 0
    endloop
  endfacet
  facet normal -0.941533 -0.336921 0
    outer loop
      vertex 14.5359 13.7693 0
      vertex 14.4483 14.0141 2
      vertex 14.4483 14.0141 0
    endloop
  endfacet
  facet normal -0.941533 -0.336921 0
    outer loop
      vertex 14.4483 14.0141 2
      vertex 14.5359 13.7693 0
      vertex 14.5359 13.7693 2
    endloop
  endfacet
  facet normal 0.0492279 -0.998788 0
    outer loop
      vertex 11.7403 15.6372 0
      vertex 12 15.65 2
      vertex 11.7403 15.6372 2
    endloop
  endfacet
  facet normal 0.0492279 -0.998788 0
    outer loop
      vertex 12 15.65 2
      vertex 11.7403 15.6372 0
      vertex 12 15.65 0
    endloop
  endfacet
  facet normal -0.90398 -0.427574 0
    outer loop
      vertex 14.4483 14.0141 0
      vertex 14.3371 14.2492 2
      vertex 14.3371 14.2492 0
    endloop
  endfacet
  facet normal -0.90398 -0.427574 0
    outer loop
      vertex 14.3371 14.2492 2
      vertex 14.4483 14.0141 0
      vertex 14.4483 14.0141 2
    endloop
  endfacet
  facet normal -0.941533 0.336921 0
    outer loop
      vertex 14.4483 11.9859 0
      vertex 14.5359 12.2307 2
      vertex 14.5359 12.2307 0
    endloop
  endfacet
  facet normal -0.941533 0.336921 0
    outer loop
      vertex 14.5359 12.2307 2
      vertex 14.4483 11.9859 0
      vertex 14.4483 11.9859 2
    endloop
  endfacet
  facet normal 0.903995 -0.427542 0
    outer loop
      vertex 9.55172 14.0141 2
      vertex 9.66291 14.2492 0
      vertex 9.66291 14.2492 2
    endloop
  endfacet
  facet normal 0.903995 -0.427542 0
    outer loop
      vertex 9.66291 14.2492 0
      vertex 9.55172 14.0141 2
      vertex 9.55172 14.0141 0
    endloop
  endfacet
  facet normal -0.514043 -0.857764 0
    outer loop
      vertex 13.2492 15.3371 0
      vertex 13.4723 15.2034 2
      vertex 13.2492 15.3371 2
    endloop
  endfacet
  facet normal -0.514043 -0.857764 -0
    outer loop
      vertex 13.4723 15.2034 2
      vertex 13.2492 15.3371 0
      vertex 13.4723 15.2034 0
    endloop
  endfacet
  facet normal 0.970038 0.242952 0
    outer loop
      vertex 9.46411 12.2307 2
      vertex 9.40092 12.483 0
      vertex 9.40092 12.483 2
    endloop
  endfacet
  facet normal 0.970038 0.242952 0
    outer loop
      vertex 9.40092 12.483 0
      vertex 9.46411 12.2307 2
      vertex 9.46411 12.2307 0
    endloop
  endfacet
  facet normal -0.857764 0.514043 0
    outer loop
      vertex 14.2034 11.5277 0
      vertex 14.3371 11.7508 2
      vertex 14.3371 11.7508 0
    endloop
  endfacet
  facet normal -0.857764 0.514043 0
    outer loop
      vertex 14.3371 11.7508 2
      vertex 14.2034 11.5277 0
      vertex 14.2034 11.5277 2
    endloop
  endfacet
  facet normal -0.514043 0.857764 0
    outer loop
      vertex 13.4723 10.7966 0
      vertex 13.2492 10.6629 2
      vertex 13.4723 10.7966 2
    endloop
  endfacet
  facet normal -0.514043 0.857764 0
    outer loop
      vertex 13.2492 10.6629 2
      vertex 13.4723 10.7966 0
      vertex 13.2492 10.6629 0
    endloop
  endfacet
  facet normal 0.146479 -0.989214 0
    outer loop
      vertex 11.483 15.5991 0
      vertex 11.7403 15.6372 2
      vertex 11.483 15.5991 2
    endloop
  endfacet
  facet normal 0.146479 -0.989214 0
    outer loop
      vertex 11.7403 15.6372 2
      vertex 11.483 15.5991 0
      vertex 11.7403 15.6372 0
    endloop
  endfacet
  facet normal 0.903995 0.427542 0
    outer loop
      vertex 9.66291 11.7508 2
      vertex 9.55172 11.9859 0
      vertex 9.55172 11.9859 2
    endloop
  endfacet
  facet normal 0.903995 0.427542 0
    outer loop
      vertex 9.55172 11.9859 0
      vertex 9.66291 11.7508 2
      vertex 9.66291 11.7508 0
    endloop
  endfacet
  facet normal 0.427574 -0.90398 0
    outer loop
      vertex 10.7508 15.3371 0
      vertex 10.9859 15.4483 2
      vertex 10.7508 15.3371 2
    endloop
  endfacet
  facet normal 0.427574 -0.90398 0
    outer loop
      vertex 10.9859 15.4483 2
      vertex 10.7508 15.3371 0
      vertex 10.9859 15.4483 0
    endloop
  endfacet
  facet normal -0.740861 0.671658 0
    outer loop
      vertex 13.8738 11.1262 0
      vertex 14.0485 11.3189 2
      vertex 14.0485 11.3189 0
    endloop
  endfacet
  facet normal -0.740861 0.671658 0
    outer loop
      vertex 14.0485 11.3189 2
      vertex 13.8738 11.1262 0
      vertex 13.8738 11.1262 2
    endloop
  endfacet
  facet normal -0.802305 -0.596915 0
    outer loop
      vertex 14.0578 14.6686 0
      vertex 14.0485 14.6811 2
      vertex 14.0485 14.6811 0
    endloop
  endfacet
  facet normal -0.802305 -0.596915 0
    outer loop
      vertex 14.0485 14.6811 2
      vertex 14.0578 14.6686 0
      vertex 14.0578 14.6686 2
    endloop
  endfacet
  facet normal -0.146479 0.989214 0
    outer loop
      vertex 12.517 10.4009 0
      vertex 12.2597 10.3628 2
      vertex 12.517 10.4009 2
    endloop
  endfacet
  facet normal -0.146479 0.989214 0
    outer loop
      vertex 12.2597 10.3628 2
      vertex 12.517 10.4009 0
      vertex 12.2597 10.3628 0
    endloop
  endfacet
  facet normal -0.989214 0.146479 0
    outer loop
      vertex 14.5991 12.483 0
      vertex 14.6372 12.7403 2
      vertex 14.6372 12.7403 0
    endloop
  endfacet
  facet normal -0.989214 0.146479 0
    outer loop
      vertex 14.6372 12.7403 2
      vertex 14.5991 12.483 0
      vertex 14.5991 12.483 2
    endloop
  endfacet
  facet normal 0.595807 0.803128 -0
    outer loop
      vertex 10.5277 10.7966 0
      vertex 10.3189 10.9515 2
      vertex 10.5277 10.7966 2
    endloop
  endfacet
  facet normal 0.595807 0.803128 0
    outer loop
      vertex 10.3189 10.9515 2
      vertex 10.5277 10.7966 0
      vertex 10.3189 10.9515 0
    endloop
  endfacet
  facet normal 0.7409 -0.671616 0
    outer loop
      vertex 9.95152 14.6811 2
      vertex 10.1262 14.8738 0
      vertex 10.1262 14.8738 2
    endloop
  endfacet
  facet normal 0.7409 -0.671616 0
    outer loop
      vertex 10.1262 14.8738 0
      vertex 9.95152 14.6811 2
      vertex 9.95152 14.6811 0
    endloop
  endfacet
  facet normal -0.427574 -0.90398 0
    outer loop
      vertex 13.0141 15.4483 0
      vertex 13.2492 15.3371 2
      vertex 13.0141 15.4483 2
    endloop
  endfacet
  facet normal -0.427574 -0.90398 -0
    outer loop
      vertex 13.2492 15.3371 2
      vertex 13.0141 15.4483 0
      vertex 13.2492 15.3371 0
    endloop
  endfacet
  facet normal 0.98918 -0.146705 0
    outer loop
      vertex 9.36276 13.2597 2
      vertex 9.40092 13.517 0
      vertex 9.40092 13.517 2
    endloop
  endfacet
  facet normal 0.98918 -0.146705 0
    outer loop
      vertex 9.40092 13.517 0
      vertex 9.36276 13.2597 2
      vertex 9.36276 13.2597 0
    endloop
  endfacet
  facet normal 0.242988 -0.970029 0
    outer loop
      vertex 11.2307 15.5359 0
      vertex 11.483 15.5991 2
      vertex 11.2307 15.5359 2
    endloop
  endfacet
  facet normal 0.242988 -0.970029 0
    outer loop
      vertex 11.483 15.5991 2
      vertex 11.2307 15.5359 0
      vertex 11.483 15.5991 0
    endloop
  endfacet
  facet normal 0.146479 0.989214 -0
    outer loop
      vertex 11.7403 10.3628 0
      vertex 11.483 10.4009 2
      vertex 11.7403 10.3628 2
    endloop
  endfacet
  facet normal 0.146479 0.989214 0
    outer loop
      vertex 11.483 10.4009 2
      vertex 11.7403 10.3628 0
      vertex 11.483 10.4009 0
    endloop
  endfacet
  facet normal -0.146479 -0.989214 0
    outer loop
      vertex 12.2597 15.6372 0
      vertex 12.517 15.5991 2
      vertex 12.2597 15.6372 2
    endloop
  endfacet
  facet normal -0.146479 -0.989214 -0
    outer loop
      vertex 12.517 15.5991 2
      vertex 12.2597 15.6372 0
      vertex 12.517 15.5991 0
    endloop
  endfacet
  facet normal 0.336921 -0.941533 0
    outer loop
      vertex 10.9859 15.4483 0
      vertex 11.2307 15.5359 2
      vertex 10.9859 15.4483 2
    endloop
  endfacet
  facet normal 0.336921 -0.941533 0
    outer loop
      vertex 11.2307 15.5359 2
      vertex 10.9859 15.4483 0
      vertex 11.2307 15.5359 0
    endloop
  endfacet
  facet normal 0.998795 -0.0490744 0
    outer loop
      vertex 9.35 13 2
      vertex 9.36276 13.2597 0
      vertex 9.36276 13.2597 2
    endloop
  endfacet
  facet normal 0.998795 -0.0490744 0
    outer loop
      vertex 9.36276 13.2597 0
      vertex 9.35 13 2
      vertex 9.35 13 0
    endloop
  endfacet
  facet normal 0.998795 0.0490744 0
    outer loop
      vertex 9.36276 12.7403 2
      vertex 9.35 13 0
      vertex 9.35 13 2
    endloop
  endfacet
  facet normal 0.998795 0.0490744 0
    outer loop
      vertex 9.35 13 0
      vertex 9.36276 12.7403 2
      vertex 9.36276 12.7403 0
    endloop
  endfacet
  facet normal 0.595807 -0.803128 0
    outer loop
      vertex 10.3189 15.0485 0
      vertex 10.5277 15.2034 2
      vertex 10.3189 15.0485 2
    endloop
  endfacet
  facet normal 0.595807 -0.803128 0
    outer loop
      vertex 10.5277 15.2034 2
      vertex 10.3189 15.0485 0
      vertex 10.5277 15.2034 0
    endloop
  endfacet
  facet normal -0.671658 0.740861 0
    outer loop
      vertex 13.8738 11.1262 0
      vertex 13.6811 10.9515 2
      vertex 13.8738 11.1262 2
    endloop
  endfacet
  facet normal -0.671658 0.740861 0
    outer loop
      vertex 13.6811 10.9515 2
      vertex 13.8738 11.1262 0
      vertex 13.6811 10.9515 0
    endloop
  endfacet
  facet normal -0.595807 0.803128 0
    outer loop
      vertex 13.6811 10.9515 0
      vertex 13.4723 10.7966 2
      vertex 13.6811 10.9515 2
    endloop
  endfacet
  facet normal -0.595807 0.803128 0
    outer loop
      vertex 13.4723 10.7966 2
      vertex 13.6811 10.9515 0
      vertex 13.4723 10.7966 0
    endloop
  endfacet
  facet normal -0.0492279 -0.998788 0
    outer loop
      vertex 12 15.65 0
      vertex 12.2597 15.6372 2
      vertex 12 15.65 2
    endloop
  endfacet
  facet normal -0.0492279 -0.998788 -0
    outer loop
      vertex 12.2597 15.6372 2
      vertex 12 15.65 0
      vertex 12.2597 15.6372 0
    endloop
  endfacet
  facet normal -0.427574 0.90398 0
    outer loop
      vertex 13.2492 10.6629 0
      vertex 13.0141 10.5517 2
      vertex 13.2492 10.6629 2
    endloop
  endfacet
  facet normal -0.427574 0.90398 0
    outer loop
      vertex 13.0141 10.5517 2
      vertex 13.2492 10.6629 0
      vertex 13.0141 10.5517 0
    endloop
  endfacet
  facet normal -0.595807 -0.803128 0
    outer loop
      vertex 13.4723 15.2034 0
      vertex 13.6811 15.0485 2
      vertex 13.4723 15.2034 2
    endloop
  endfacet
  facet normal -0.595807 -0.803128 -0
    outer loop
      vertex 13.6811 15.0485 2
      vertex 13.4723 15.2034 0
      vertex 13.6811 15.0485 0
    endloop
  endfacet
  facet normal 0.857764 0.514043 0
    outer loop
      vertex 9.79661 11.5277 2
      vertex 9.66291 11.7508 0
      vertex 9.66291 11.7508 2
    endloop
  endfacet
  facet normal 0.857764 0.514043 0
    outer loop
      vertex 9.66291 11.7508 0
      vertex 9.79661 11.5277 2
      vertex 9.79661 11.5277 0
    endloop
  endfacet
  facet normal 0.514043 -0.857764 0
    outer loop
      vertex 10.5277 15.2034 0
      vertex 10.7508 15.3371 2
      vertex 10.5277 15.2034 2
    endloop
  endfacet
  facet normal 0.514043 -0.857764 0
    outer loop
      vertex 10.7508 15.3371 2
      vertex 10.5277 15.2034 0
      vertex 10.7508 15.3371 0
    endloop
  endfacet
  facet normal -0.242988 0.970029 0
    outer loop
      vertex 12.7693 10.4641 0
      vertex 12.517 10.4009 2
      vertex 12.7693 10.4641 2
    endloop
  endfacet
  facet normal -0.242988 0.970029 0
    outer loop
      vertex 12.517 10.4009 2
      vertex 12.7693 10.4641 0
      vertex 12.517 10.4009 0
    endloop
  endfacet
  facet normal -0.970029 0.242988 0
    outer loop
      vertex 14.5359 12.2307 0
      vertex 14.5991 12.483 2
      vertex 14.5991 12.483 0
    endloop
  endfacet
  facet normal -0.970029 0.242988 0
    outer loop
      vertex 14.5991 12.483 2
      vertex 14.5359 12.2307 0
      vertex 14.5359 12.2307 2
    endloop
  endfacet
  facet normal 0.803109 -0.595832 0
    outer loop
      vertex 9.79661 14.4723 2
      vertex 9.95152 14.6811 0
      vertex 9.95152 14.6811 2
    endloop
  endfacet
  facet normal 0.803109 -0.595832 0
    outer loop
      vertex 9.95152 14.6811 0
      vertex 9.79661 14.4723 2
      vertex 9.79661 14.4723 0
    endloop
  endfacet
  facet normal -0.854616 -0.51926 0
    outer loop
      vertex 14.3371 14.2492 0
      vertex 14.3323 14.2571 2
      vertex 14.3323 14.2571 0
    endloop
  endfacet
  facet normal -0.854616 -0.51926 0
    outer loop
      vertex 14.3323 14.2571 2
      vertex 14.3371 14.2492 0
      vertex 14.3371 14.2492 2
    endloop
  endfacet
  facet normal -0.803128 0.595807 0
    outer loop
      vertex 14.0485 11.3189 0
      vertex 14.2034 11.5277 2
      vertex 14.2034 11.5277 0
    endloop
  endfacet
  facet normal -0.803128 0.595807 0
    outer loop
      vertex 14.2034 11.5277 2
      vertex 14.0485 11.3189 0
      vertex 14.0485 11.3189 2
    endloop
  endfacet
  facet normal 0.671658 -0.740861 0
    outer loop
      vertex 10.1262 14.8738 0
      vertex 10.3189 15.0485 2
      vertex 10.1262 14.8738 2
    endloop
  endfacet
  facet normal 0.671658 -0.740861 0
    outer loop
      vertex 10.3189 15.0485 2
      vertex 10.1262 14.8738 0
      vertex 10.3189 15.0485 0
    endloop
  endfacet
  facet normal 0.857764 -0.514043 0
    outer loop
      vertex 9.66291 14.2492 2
      vertex 9.79661 14.4723 0
      vertex 9.79661 14.4723 2
    endloop
  endfacet
  facet normal 0.857764 -0.514043 0
    outer loop
      vertex 9.79661 14.4723 0
      vertex 9.66291 14.2492 2
      vertex 9.66291 14.2492 0
    endloop
  endfacet
  facet normal -0.90398 0.427574 0
    outer loop
      vertex 14.3371 11.7508 0
      vertex 14.4483 11.9859 2
      vertex 14.4483 11.9859 0
    endloop
  endfacet
  facet normal -0.90398 0.427574 0
    outer loop
      vertex 14.4483 11.9859 2
      vertex 14.3371 11.7508 0
      vertex 14.3371 11.7508 2
    endloop
  endfacet
  facet normal 0.514043 0.857764 -0
    outer loop
      vertex 10.7508 10.6629 0
      vertex 10.5277 10.7966 2
      vertex 10.7508 10.6629 2
    endloop
  endfacet
  facet normal 0.514043 0.857764 0
    outer loop
      vertex 10.5277 10.7966 2
      vertex 10.7508 10.6629 0
      vertex 10.5277 10.7966 0
    endloop
  endfacet
  facet normal -0.740861 -0.671658 0
    outer loop
      vertex 14.0485 14.6811 0
      vertex 13.8738 14.8738 2
      vertex 13.8738 14.8738 0
    endloop
  endfacet
  facet normal -0.740861 -0.671658 0
    outer loop
      vertex 13.8738 14.8738 2
      vertex 14.0485 14.6811 0
      vertex 14.0485 14.6811 2
    endloop
  endfacet
  facet normal 0.803109 0.595832 0
    outer loop
      vertex 9.95152 11.3189 2
      vertex 9.79661 11.5277 0
      vertex 9.79661 11.5277 2
    endloop
  endfacet
  facet normal 0.803109 0.595832 0
    outer loop
      vertex 9.79661 11.5277 0
      vertex 9.95152 11.3189 2
      vertex 9.95152 11.3189 0
    endloop
  endfacet
  facet normal 0.941521 -0.336955 0
    outer loop
      vertex 9.46411 13.7693 2
      vertex 9.55172 14.0141 0
      vertex 9.55172 14.0141 2
    endloop
  endfacet
  facet normal 0.941521 -0.336955 0
    outer loop
      vertex 9.55172 14.0141 0
      vertex 9.46411 13.7693 2
      vertex 9.46411 13.7693 0
    endloop
  endfacet
  facet normal 0.970038 -0.242952 0
    outer loop
      vertex 9.40092 13.517 2
      vertex 9.46411 13.7693 0
      vertex 9.46411 13.7693 2
    endloop
  endfacet
  facet normal 0.970038 -0.242952 0
    outer loop
      vertex 9.46411 13.7693 0
      vertex 9.40092 13.517 2
      vertex 9.40092 13.517 0
    endloop
  endfacet
  facet normal 0.98918 0.146705 0
    outer loop
      vertex 9.40092 12.483 2
      vertex 9.36276 12.7403 0
      vertex 9.36276 12.7403 2
    endloop
  endfacet
  facet normal 0.98918 0.146705 0
    outer loop
      vertex 9.36276 12.7403 0
      vertex 9.40092 12.483 2
      vertex 9.40092 12.483 0
    endloop
  endfacet
  facet normal 0.671658 0.740861 -0
    outer loop
      vertex 10.3189 10.9515 0
      vertex 10.1262 11.1262 2
      vertex 10.3189 10.9515 2
    endloop
  endfacet
  facet normal 0.671658 0.740861 0
    outer loop
      vertex 10.1262 11.1262 2
      vertex 10.3189 10.9515 0
      vertex 10.1262 11.1262 0
    endloop
  endfacet
  facet normal 0.336921 0.941533 -0
    outer loop
      vertex 11.2307 10.4641 0
      vertex 10.9859 10.5517 2
      vertex 11.2307 10.4641 2
    endloop
  endfacet
  facet normal 0.336921 0.941533 0
    outer loop
      vertex 10.9859 10.5517 2
      vertex 11.2307 10.4641 0
      vertex 10.9859 10.5517 0
    endloop
  endfacet
  facet normal 0.242988 0.970029 -0
    outer loop
      vertex 11.483 10.4009 0
      vertex 11.2307 10.4641 2
      vertex 11.483 10.4009 2
    endloop
  endfacet
  facet normal 0.242988 0.970029 0
    outer loop
      vertex 11.2307 10.4641 2
      vertex 11.483 10.4009 0
      vertex 11.2307 10.4641 0
    endloop
  endfacet
  facet normal 0.427574 0.90398 -0
    outer loop
      vertex 10.9859 10.5517 0
      vertex 10.7508 10.6629 2
      vertex 10.9859 10.5517 2
    endloop
  endfacet
  facet normal 0.427574 0.90398 0
    outer loop
      vertex 10.7508 10.6629 2
      vertex 10.9859 10.5517 0
      vertex 10.7508 10.6629 0
    endloop
  endfacet
  facet normal -0.242536 -0.970143 0
    outer loop
      vertex 132.517 165.599 0
      vertex 132.769 165.536 2
      vertex 132.517 165.599 2
    endloop
  endfacet
  facet normal -0.242536 -0.970143 -0
    outer loop
      vertex 132.769 165.536 2
      vertex 132.517 165.599 0
      vertex 132.769 165.536 0
    endloop
  endfacet
  facet normal -0.338039 -0.941132 0
    outer loop
      vertex 132.769 165.536 0
      vertex 133.014 165.448 2
      vertex 132.769 165.536 2
    endloop
  endfacet
  facet normal -0.338039 -0.941132 -0
    outer loop
      vertex 133.014 165.448 2
      vertex 132.769 165.536 0
      vertex 133.014 165.448 0
    endloop
  endfacet
  facet normal -0.989245 -0.14627 0
    outer loop
      vertex 134.637 163.26 0
      vertex 134.599 163.517 2
      vertex 134.599 163.517 0
    endloop
  endfacet
  facet normal -0.989245 -0.14627 0
    outer loop
      vertex 134.599 163.517 2
      vertex 134.637 163.26 0
      vertex 134.637 163.26 2
    endloop
  endfacet
  facet normal -0.998752 -0.0499376 0
    outer loop
      vertex 134.65 163 0
      vertex 134.637 163.26 2
      vertex 134.637 163.26 0
    endloop
  endfacet
  facet normal -0.998752 -0.0499376 0
    outer loop
      vertex 134.637 163.26 2
      vertex 134.65 163 0
      vertex 134.65 163 2
    endloop
  endfacet
  facet normal -0.970143 -0.242536 0
    outer loop
      vertex 134.599 163.517 0
      vertex 134.536 163.769 2
      vertex 134.536 163.769 0
    endloop
  endfacet
  facet normal -0.970143 -0.242536 0
    outer loop
      vertex 134.536 163.769 2
      vertex 134.599 163.517 0
      vertex 134.599 163.517 2
    endloop
  endfacet
  facet normal -0.669602 -0.74272 0
    outer loop
      vertex 133.681 165.048 0
      vertex 133.874 164.874 2
      vertex 133.681 165.048 2
    endloop
  endfacet
  facet normal -0.669602 -0.74272 -0
    outer loop
      vertex 133.874 164.874 2
      vertex 133.681 165.048 0
      vertex 133.874 164.874 0
    endloop
  endfacet
  facet normal -0.0499376 0.998752 0
    outer loop
      vertex 132.26 160.363 0
      vertex 132 160.35 2
      vertex 132.26 160.363 2
    endloop
  endfacet
  facet normal -0.0499376 0.998752 0
    outer loop
      vertex 132 160.35 2
      vertex 132.26 160.363 0
      vertex 132 160.35 0
    endloop
  endfacet
  facet normal 0.74272 0.669602 0
    outer loop
      vertex 130.126 161.126 2
      vertex 129.952 161.319 0
      vertex 129.952 161.319 2
    endloop
  endfacet
  facet normal 0.74272 0.669602 0
    outer loop
      vertex 129.952 161.319 0
      vertex 130.126 161.126 2
      vertex 130.126 161.126 0
    endloop
  endfacet
  facet normal 0.0499376 0.998752 -0
    outer loop
      vertex 132 160.35 0
      vertex 131.74 160.363 2
      vertex 132 160.35 2
    endloop
  endfacet
  facet normal 0.0499376 0.998752 0
    outer loop
      vertex 131.74 160.363 2
      vertex 132 160.35 0
      vertex 131.74 160.363 0
    endloop
  endfacet
  facet normal -0.998752 0.0499376 0
    outer loop
      vertex 134.637 162.74 0
      vertex 134.65 163 2
      vertex 134.65 163 0
    endloop
  endfacet
  facet normal -0.998752 0.0499376 0
    outer loop
      vertex 134.65 163 2
      vertex 134.637 162.74 0
      vertex 134.637 162.74 2
    endloop
  endfacet
  facet normal -0.338039 0.941132 0
    outer loop
      vertex 133.014 160.552 0
      vertex 132.769 160.464 2
      vertex 133.014 160.552 2
    endloop
  endfacet
  facet normal -0.338039 0.941132 0
    outer loop
      vertex 132.769 160.464 2
      vertex 133.014 160.552 0
      vertex 132.769 160.464 0
    endloop
  endfacet
  facet normal 0.941132 0.338039 0
    outer loop
      vertex 129.552 161.986 2
      vertex 129.464 162.231 0
      vertex 129.464 162.231 2
    endloop
  endfacet
  facet normal 0.941132 0.338039 0
    outer loop
      vertex 129.464 162.231 0
      vertex 129.552 161.986 2
      vertex 129.552 161.986 0
    endloop
  endfacet
  facet normal -0.941132 -0.338039 0
    outer loop
      vertex 134.536 163.769 0
      vertex 134.448 164.014 2
      vertex 134.448 164.014 0
    endloop
  endfacet
  facet normal -0.941132 -0.338039 0
    outer loop
      vertex 134.448 164.014 2
      vertex 134.536 163.769 0
      vertex 134.536 163.769 2
    endloop
  endfacet
  facet normal -0.904207 -0.427094 0
    outer loop
      vertex 134.448 164.014 0
      vertex 134.337 164.249 2
      vertex 134.337 164.249 0
    endloop
  endfacet
  facet normal -0.904207 -0.427094 0
    outer loop
      vertex 134.337 164.249 2
      vertex 134.448 164.014 0
      vertex 134.448 164.014 2
    endloop
  endfacet
  facet normal -0.941132 0.338039 0
    outer loop
      vertex 134.448 161.986 0
      vertex 134.536 162.231 2
      vertex 134.536 162.231 0
    endloop
  endfacet
  facet normal -0.941132 0.338039 0
    outer loop
      vertex 134.536 162.231 2
      vertex 134.448 161.986 0
      vertex 134.448 161.986 2
    endloop
  endfacet
  facet normal 0.904207 -0.427094 0
    outer loop
      vertex 129.552 164.014 2
      vertex 129.663 164.249 0
      vertex 129.663 164.249 2
    endloop
  endfacet
  facet normal 0.904207 -0.427094 0
    outer loop
      vertex 129.663 164.249 0
      vertex 129.552 164.014 2
      vertex 129.552 164.014 0
    endloop
  endfacet
  facet normal -0.515061 -0.857154 0
    outer loop
      vertex 133.249 165.337 0
      vertex 133.472 165.203 2
      vertex 133.249 165.337 2
    endloop
  endfacet
  facet normal -0.515061 -0.857154 -0
    outer loop
      vertex 133.472 165.203 2
      vertex 133.249 165.337 0
      vertex 133.472 165.203 0
    endloop
  endfacet
  facet normal 0.970143 0.242536 0
    outer loop
      vertex 129.464 162.231 2
      vertex 129.401 162.483 0
      vertex 129.401 162.483 2
    endloop
  endfacet
  facet normal 0.970143 0.242536 0
    outer loop
      vertex 129.401 162.483 0
      vertex 129.464 162.231 2
      vertex 129.464 162.231 0
    endloop
  endfacet
  facet normal -0.857154 0.515061 0
    outer loop
      vertex 134.203 161.528 0
      vertex 134.337 161.751 2
      vertex 134.337 161.751 0
    endloop
  endfacet
  facet normal -0.857154 0.515061 0
    outer loop
      vertex 134.337 161.751 2
      vertex 134.203 161.528 0
      vertex 134.203 161.528 2
    endloop
  endfacet
  facet normal -0.515061 0.857154 0
    outer loop
      vertex 133.472 160.797 0
      vertex 133.249 160.663 2
      vertex 133.472 160.797 2
    endloop
  endfacet
  facet normal -0.515061 0.857154 0
    outer loop
      vertex 133.249 160.663 2
      vertex 133.472 160.797 0
      vertex 133.249 160.663 0
    endloop
  endfacet
  facet normal 0.14627 -0.989245 0
    outer loop
      vertex 131.483 165.599 0
      vertex 131.74 165.637 2
      vertex 131.483 165.599 2
    endloop
  endfacet
  facet normal 0.14627 -0.989245 0
    outer loop
      vertex 131.74 165.637 2
      vertex 131.483 165.599 0
      vertex 131.74 165.637 0
    endloop
  endfacet
  facet normal 0.904207 0.427094 0
    outer loop
      vertex 129.663 161.751 2
      vertex 129.552 161.986 0
      vertex 129.552 161.986 2
    endloop
  endfacet
  facet normal 0.904207 0.427094 0
    outer loop
      vertex 129.552 161.986 0
      vertex 129.663 161.751 2
      vertex 129.663 161.751 0
    endloop
  endfacet
  facet normal 0.427094 -0.904207 0
    outer loop
      vertex 130.751 165.337 0
      vertex 130.986 165.448 2
      vertex 130.751 165.337 2
    endloop
  endfacet
  facet normal 0.427094 -0.904207 0
    outer loop
      vertex 130.986 165.448 2
      vertex 130.751 165.337 0
      vertex 130.986 165.448 0
    endloop
  endfacet
  facet normal -0.74272 0.669602 0
    outer loop
      vertex 133.874 161.126 0
      vertex 134.048 161.319 2
      vertex 134.048 161.319 0
    endloop
  endfacet
  facet normal -0.74272 0.669602 0
    outer loop
      vertex 134.048 161.319 2
      vertex 133.874 161.126 0
      vertex 133.874 161.126 2
    endloop
  endfacet
  facet normal -0.803217 -0.595687 0
    outer loop
      vertex 134.203 164.472 0
      vertex 134.048 164.681 2
      vertex 134.048 164.681 0
    endloop
  endfacet
  facet normal -0.803217 -0.595687 0
    outer loop
      vertex 134.048 164.681 2
      vertex 134.203 164.472 0
      vertex 134.203 164.472 2
    endloop
  endfacet
  facet normal -0.14627 0.989245 0
    outer loop
      vertex 132.517 160.401 0
      vertex 132.26 160.363 2
      vertex 132.517 160.401 2
    endloop
  endfacet
  facet normal -0.14627 0.989245 0
    outer loop
      vertex 132.26 160.363 2
      vertex 132.517 160.401 0
      vertex 132.26 160.363 0
    endloop
  endfacet
  facet normal -0.989245 0.14627 0
    outer loop
      vertex 134.599 162.483 0
      vertex 134.637 162.74 2
      vertex 134.637 162.74 0
    endloop
  endfacet
  facet normal -0.989245 0.14627 0
    outer loop
      vertex 134.637 162.74 2
      vertex 134.599 162.483 0
      vertex 134.599 162.483 2
    endloop
  endfacet
  facet normal 0.595687 0.803217 -0
    outer loop
      vertex 130.528 160.797 0
      vertex 130.319 160.952 2
      vertex 130.528 160.797 2
    endloop
  endfacet
  facet normal 0.595687 0.803217 0
    outer loop
      vertex 130.319 160.952 2
      vertex 130.528 160.797 0
      vertex 130.319 160.952 0
    endloop
  endfacet
  facet normal -0.427094 -0.904207 0
    outer loop
      vertex 133.014 165.448 0
      vertex 133.249 165.337 2
      vertex 133.014 165.448 2
    endloop
  endfacet
  facet normal -0.427094 -0.904207 -0
    outer loop
      vertex 133.249 165.337 2
      vertex 133.014 165.448 0
      vertex 133.249 165.337 0
    endloop
  endfacet
  facet normal 0.989245 -0.14627 0
    outer loop
      vertex 129.363 163.26 2
      vertex 129.401 163.517 0
      vertex 129.401 163.517 2
    endloop
  endfacet
  facet normal 0.989245 -0.14627 0
    outer loop
      vertex 129.401 163.517 0
      vertex 129.363 163.26 2
      vertex 129.363 163.26 0
    endloop
  endfacet
  facet normal 0.242536 -0.970143 0
    outer loop
      vertex 131.231 165.536 0
      vertex 131.483 165.599 2
      vertex 131.231 165.536 2
    endloop
  endfacet
  facet normal 0.242536 -0.970143 0
    outer loop
      vertex 131.483 165.599 2
      vertex 131.231 165.536 0
      vertex 131.483 165.599 0
    endloop
  endfacet
  facet normal 0.14627 0.989245 -0
    outer loop
      vertex 131.74 160.363 0
      vertex 131.483 160.401 2
      vertex 131.74 160.363 2
    endloop
  endfacet
  facet normal 0.14627 0.989245 0
    outer loop
      vertex 131.483 160.401 2
      vertex 131.74 160.363 0
      vertex 131.483 160.401 0
    endloop
  endfacet
  facet normal -0.14627 -0.989245 0
    outer loop
      vertex 132.26 165.637 0
      vertex 132.517 165.599 2
      vertex 132.26 165.637 2
    endloop
  endfacet
  facet normal -0.14627 -0.989245 -0
    outer loop
      vertex 132.517 165.599 2
      vertex 132.26 165.637 0
      vertex 132.517 165.599 0
    endloop
  endfacet
  facet normal 0.970143 -0.242536 0
    outer loop
      vertex 129.401 163.517 2
      vertex 129.464 163.769 0
      vertex 129.464 163.769 2
    endloop
  endfacet
  facet normal 0.970143 -0.242536 0
    outer loop
      vertex 129.464 163.769 0
      vertex 129.401 163.517 2
      vertex 129.401 163.517 0
    endloop
  endfacet
  facet normal 0.338039 -0.941132 0
    outer loop
      vertex 130.986 165.448 0
      vertex 131.231 165.536 2
      vertex 130.986 165.448 2
    endloop
  endfacet
  facet normal 0.338039 -0.941132 0
    outer loop
      vertex 131.231 165.536 2
      vertex 130.986 165.448 0
      vertex 131.231 165.536 0
    endloop
  endfacet
  facet normal 0.998752 -0.0499376 0
    outer loop
      vertex 129.35 163 2
      vertex 129.363 163.26 0
      vertex 129.363 163.26 2
    endloop
  endfacet
  facet normal 0.998752 -0.0499376 0
    outer loop
      vertex 129.363 163.26 0
      vertex 129.35 163 2
      vertex 129.35 163 0
    endloop
  endfacet
  facet normal 0.998752 0.0499376 0
    outer loop
      vertex 129.363 162.74 2
      vertex 129.35 163 0
      vertex 129.35 163 2
    endloop
  endfacet
  facet normal 0.998752 0.0499376 0
    outer loop
      vertex 129.35 163 0
      vertex 129.363 162.74 2
      vertex 129.363 162.74 0
    endloop
  endfacet
  facet normal 0.595687 -0.803217 0
    outer loop
      vertex 130.319 165.048 0
      vertex 130.528 165.203 2
      vertex 130.319 165.048 2
    endloop
  endfacet
  facet normal 0.595687 -0.803217 0
    outer loop
      vertex 130.528 165.203 2
      vertex 130.319 165.048 0
      vertex 130.528 165.203 0
    endloop
  endfacet
  facet normal -0.595687 0.803217 0
    outer loop
      vertex 133.681 160.952 0
      vertex 133.472 160.797 2
      vertex 133.681 160.952 2
    endloop
  endfacet
  facet normal -0.595687 0.803217 0
    outer loop
      vertex 133.472 160.797 2
      vertex 133.681 160.952 0
      vertex 133.472 160.797 0
    endloop
  endfacet
  facet normal -0.0499376 -0.998752 0
    outer loop
      vertex 132 165.65 0
      vertex 132.26 165.637 2
      vertex 132 165.65 2
    endloop
  endfacet
  facet normal -0.0499376 -0.998752 -0
    outer loop
      vertex 132.26 165.637 2
      vertex 132 165.65 0
      vertex 132.26 165.637 0
    endloop
  endfacet
  facet normal -0.427094 0.904207 0
    outer loop
      vertex 133.249 160.663 0
      vertex 133.014 160.552 2
      vertex 133.249 160.663 2
    endloop
  endfacet
  facet normal -0.427094 0.904207 0
    outer loop
      vertex 133.014 160.552 2
      vertex 133.249 160.663 0
      vertex 133.014 160.552 0
    endloop
  endfacet
  facet normal -0.595687 -0.803217 0
    outer loop
      vertex 133.472 165.203 0
      vertex 133.681 165.048 2
      vertex 133.472 165.203 2
    endloop
  endfacet
  facet normal -0.595687 -0.803217 -0
    outer loop
      vertex 133.681 165.048 2
      vertex 133.472 165.203 0
      vertex 133.681 165.048 0
    endloop
  endfacet
  facet normal 0.847998 0.529999 0
    outer loop
      vertex 129.668 161.743 2
      vertex 129.663 161.751 0
      vertex 129.663 161.751 2
    endloop
  endfacet
  facet normal 0.847998 0.529999 0
    outer loop
      vertex 129.663 161.751 0
      vertex 129.668 161.743 2
      vertex 129.668 161.743 0
    endloop
  endfacet
  facet normal 0.0499376 -0.998752 0
    outer loop
      vertex 131.74 165.637 0
      vertex 132 165.65 2
      vertex 131.74 165.637 2
    endloop
  endfacet
  facet normal 0.0499376 -0.998752 0
    outer loop
      vertex 132 165.65 2
      vertex 131.74 165.637 0
      vertex 132 165.65 0
    endloop
  endfacet
  facet normal 0.515061 -0.857154 0
    outer loop
      vertex 130.528 165.203 0
      vertex 130.751 165.337 2
      vertex 130.528 165.203 2
    endloop
  endfacet
  facet normal 0.515061 -0.857154 0
    outer loop
      vertex 130.751 165.337 2
      vertex 130.528 165.203 0
      vertex 130.751 165.337 0
    endloop
  endfacet
  facet normal -0.242536 0.970143 0
    outer loop
      vertex 132.769 160.464 0
      vertex 132.517 160.401 2
      vertex 132.769 160.464 2
    endloop
  endfacet
  facet normal -0.242536 0.970143 0
    outer loop
      vertex 132.517 160.401 2
      vertex 132.769 160.464 0
      vertex 132.517 160.401 0
    endloop
  endfacet
  facet normal -0.970143 0.242536 0
    outer loop
      vertex 134.536 162.231 0
      vertex 134.599 162.483 2
      vertex 134.599 162.483 0
    endloop
  endfacet
  facet normal -0.970143 0.242536 0
    outer loop
      vertex 134.599 162.483 2
      vertex 134.536 162.231 0
      vertex 134.536 162.231 2
    endloop
  endfacet
  facet normal 0.803217 -0.595687 0
    outer loop
      vertex 129.797 164.472 2
      vertex 129.952 164.681 0
      vertex 129.952 164.681 2
    endloop
  endfacet
  facet normal 0.803217 -0.595687 0
    outer loop
      vertex 129.952 164.681 0
      vertex 129.797 164.472 2
      vertex 129.797 164.472 0
    endloop
  endfacet
  facet normal -0.857154 -0.515061 0
    outer loop
      vertex 134.337 164.249 0
      vertex 134.203 164.472 2
      vertex 134.203 164.472 0
    endloop
  endfacet
  facet normal -0.857154 -0.515061 0
    outer loop
      vertex 134.203 164.472 2
      vertex 134.337 164.249 0
      vertex 134.337 164.249 2
    endloop
  endfacet
  facet normal -0.803217 0.595687 0
    outer loop
      vertex 134.048 161.319 0
      vertex 134.203 161.528 2
      vertex 134.203 161.528 0
    endloop
  endfacet
  facet normal -0.803217 0.595687 0
    outer loop
      vertex 134.203 161.528 2
      vertex 134.048 161.319 0
      vertex 134.048 161.319 2
    endloop
  endfacet
  facet normal 0.669602 -0.74272 0
    outer loop
      vertex 130.126 164.874 0
      vertex 130.319 165.048 2
      vertex 130.126 164.874 2
    endloop
  endfacet
  facet normal 0.669602 -0.74272 0
    outer loop
      vertex 130.319 165.048 2
      vertex 130.126 164.874 0
      vertex 130.319 165.048 0
    endloop
  endfacet
  facet normal 0.857154 -0.515061 0
    outer loop
      vertex 129.663 164.249 2
      vertex 129.797 164.472 0
      vertex 129.797 164.472 2
    endloop
  endfacet
  facet normal 0.857154 -0.515061 0
    outer loop
      vertex 129.797 164.472 0
      vertex 129.663 164.249 2
      vertex 129.663 164.249 0
    endloop
  endfacet
  facet normal -0.904207 0.427094 0
    outer loop
      vertex 134.337 161.751 0
      vertex 134.448 161.986 2
      vertex 134.448 161.986 0
    endloop
  endfacet
  facet normal -0.904207 0.427094 0
    outer loop
      vertex 134.448 161.986 2
      vertex 134.337 161.751 0
      vertex 134.337 161.751 2
    endloop
  endfacet
  facet normal 0.515061 0.857154 -0
    outer loop
      vertex 130.751 160.663 0
      vertex 130.528 160.797 2
      vertex 130.751 160.663 2
    endloop
  endfacet
  facet normal 0.515061 0.857154 0
    outer loop
      vertex 130.528 160.797 2
      vertex 130.751 160.663 0
      vertex 130.528 160.797 0
    endloop
  endfacet
  facet normal -0.74272 -0.669602 0
    outer loop
      vertex 134.048 164.681 0
      vertex 133.874 164.874 2
      vertex 133.874 164.874 0
    endloop
  endfacet
  facet normal -0.74272 -0.669602 0
    outer loop
      vertex 133.874 164.874 2
      vertex 134.048 164.681 0
      vertex 134.048 164.681 2
    endloop
  endfacet
  facet normal -0.669602 0.74272 0
    outer loop
      vertex 133.874 161.126 0
      vertex 133.681 160.952 2
      vertex 133.874 161.126 2
    endloop
  endfacet
  facet normal -0.669602 0.74272 0
    outer loop
      vertex 133.681 160.952 2
      vertex 133.874 161.126 0
      vertex 133.681 160.952 0
    endloop
  endfacet
  facet normal 0.768221 0.640184 0
    outer loop
      vertex 129.952 161.319 2
      vertex 129.942 161.331 0
      vertex 129.942 161.331 2
    endloop
  endfacet
  facet normal 0.768221 0.640184 0
    outer loop
      vertex 129.942 161.331 0
      vertex 129.952 161.319 2
      vertex 129.952 161.319 0
    endloop
  endfacet
  facet normal 0.941132 -0.338039 0
    outer loop
      vertex 129.464 163.769 2
      vertex 129.552 164.014 0
      vertex 129.552 164.014 2
    endloop
  endfacet
  facet normal 0.941132 -0.338039 0
    outer loop
      vertex 129.552 164.014 0
      vertex 129.464 163.769 2
      vertex 129.464 163.769 0
    endloop
  endfacet
  facet normal 0.989245 0.14627 0
    outer loop
      vertex 129.401 162.483 2
      vertex 129.363 162.74 0
      vertex 129.363 162.74 2
    endloop
  endfacet
  facet normal 0.989245 0.14627 0
    outer loop
      vertex 129.363 162.74 0
      vertex 129.401 162.483 2
      vertex 129.401 162.483 0
    endloop
  endfacet
  facet normal 0.74272 -0.669602 0
    outer loop
      vertex 129.952 164.681 2
      vertex 130.126 164.874 0
      vertex 130.126 164.874 2
    endloop
  endfacet
  facet normal 0.74272 -0.669602 0
    outer loop
      vertex 130.126 164.874 0
      vertex 129.952 164.681 2
      vertex 129.952 164.681 0
    endloop
  endfacet
  facet normal 0.669602 0.74272 -0
    outer loop
      vertex 130.319 160.952 0
      vertex 130.126 161.126 2
      vertex 130.319 160.952 2
    endloop
  endfacet
  facet normal 0.669602 0.74272 0
    outer loop
      vertex 130.126 161.126 2
      vertex 130.319 160.952 0
      vertex 130.126 161.126 0
    endloop
  endfacet
  facet normal 0.338039 0.941132 -0
    outer loop
      vertex 131.231 160.464 0
      vertex 130.986 160.552 2
      vertex 131.231 160.464 2
    endloop
  endfacet
  facet normal 0.338039 0.941132 0
    outer loop
      vertex 130.986 160.552 2
      vertex 131.231 160.464 0
      vertex 130.986 160.552 0
    endloop
  endfacet
  facet normal 0.242536 0.970143 -0
    outer loop
      vertex 131.483 160.401 0
      vertex 131.231 160.464 2
      vertex 131.483 160.401 2
    endloop
  endfacet
  facet normal 0.242536 0.970143 0
    outer loop
      vertex 131.231 160.464 2
      vertex 131.483 160.401 0
      vertex 131.231 160.464 0
    endloop
  endfacet
  facet normal 0.427094 0.904207 -0
    outer loop
      vertex 130.986 160.552 0
      vertex 130.751 160.663 2
      vertex 130.986 160.552 2
    endloop
  endfacet
  facet normal 0.427094 0.904207 0
    outer loop
      vertex 130.751 160.663 2
      vertex 130.986 160.552 0
      vertex 130.751 160.663 0
    endloop
  endfacet
  facet normal -0.24326 -0.969961 0
    outer loop
      vertex 132.517 15.5991 0
      vertex 132.769 15.5359 2
      vertex 132.517 15.5991 2
    endloop
  endfacet
  facet normal -0.24326 -0.969961 -0
    outer loop
      vertex 132.769 15.5359 2
      vertex 132.517 15.5991 0
      vertex 132.769 15.5359 0
    endloop
  endfacet
  facet normal -0.336677 -0.94162 0
    outer loop
      vertex 132.769 15.5359 0
      vertex 133.014 15.4483 2
      vertex 132.769 15.5359 2
    endloop
  endfacet
  facet normal -0.336677 -0.94162 -0
    outer loop
      vertex 133.014 15.4483 2
      vertex 132.769 15.5359 0
      vertex 133.014 15.4483 0
    endloop
  endfacet
  facet normal -0.989269 -0.146103 0
    outer loop
      vertex 134.637 13.2597 0
      vertex 134.599 13.517 2
      vertex 134.599 13.517 0
    endloop
  endfacet
  facet normal -0.989269 -0.146103 0
    outer loop
      vertex 134.599 13.517 2
      vertex 134.637 13.2597 0
      vertex 134.637 13.2597 2
    endloop
  endfacet
  facet normal -0.998749 -0.0499952 0
    outer loop
      vertex 134.65 13 0
      vertex 134.637 13.2597 2
      vertex 134.637 13.2597 0
    endloop
  endfacet
  facet normal -0.998749 -0.0499952 0
    outer loop
      vertex 134.637 13.2597 2
      vertex 134.65 13 0
      vertex 134.65 13 2
    endloop
  endfacet
  facet normal -0.97021 -0.242264 0
    outer loop
      vertex 134.599 13.517 0
      vertex 134.536 13.7693 2
      vertex 134.536 13.7693 0
    endloop
  endfacet
  facet normal -0.97021 -0.242264 0
    outer loop
      vertex 134.536 13.7693 2
      vertex 134.599 13.517 0
      vertex 134.599 13.517 2
    endloop
  endfacet
  facet normal -0.671084 -0.741381 0
    outer loop
      vertex 133.681 15.0485 0
      vertex 133.874 14.8738 2
      vertex 133.681 15.0485 2
    endloop
  endfacet
  facet normal -0.671084 -0.741381 -0
    outer loop
      vertex 133.874 14.8738 2
      vertex 133.681 15.0485 0
      vertex 133.874 14.8738 0
    endloop
  endfacet
  facet normal 0.742202 0.670177 0
    outer loop
      vertex 130.126 11.1262 2
      vertex 129.952 11.3189 0
      vertex 129.952 11.3189 2
    endloop
  endfacet
  facet normal 0.742202 0.670177 0
    outer loop
      vertex 129.952 11.3189 0
      vertex 130.126 11.1262 2
      vertex 130.126 11.1262 0
    endloop
  endfacet
  facet normal 0.0491712 0.99879 -0
    outer loop
      vertex 132 10.35 0
      vertex 131.74 10.3628 2
      vertex 132 10.35 2
    endloop
  endfacet
  facet normal 0.0491712 0.99879 0
    outer loop
      vertex 131.74 10.3628 2
      vertex 132 10.35 0
      vertex 131.74 10.3628 0
    endloop
  endfacet
  facet normal -0.998749 0.0499952 0
    outer loop
      vertex 134.637 12.7403 0
      vertex 134.65 13 2
      vertex 134.65 13 0
    endloop
  endfacet
  facet normal -0.998749 0.0499952 0
    outer loop
      vertex 134.65 13 2
      vertex 134.637 12.7403 0
      vertex 134.637 12.7403 2
    endloop
  endfacet
  facet normal -0.336677 0.94162 0
    outer loop
      vertex 133.014 10.5517 0
      vertex 132.769 10.4641 2
      vertex 133.014 10.5517 2
    endloop
  endfacet
  facet normal -0.336677 0.94162 0
    outer loop
      vertex 132.769 10.4641 2
      vertex 133.014 10.5517 0
      vertex 132.769 10.4641 0
    endloop
  endfacet
  facet normal 0.941044 0.338284 0
    outer loop
      vertex 129.552 11.9859 2
      vertex 129.464 12.2307 0
      vertex 129.464 12.2307 2
    endloop
  endfacet
  facet normal 0.941044 0.338284 0
    outer loop
      vertex 129.464 12.2307 0
      vertex 129.552 11.9859 2
      vertex 129.552 11.9859 0
    endloop
  endfacet
  facet normal -0.941044 -0.338284 0
    outer loop
      vertex 134.536 13.7693 0
      vertex 134.448 14.0141 2
      vertex 134.448 14.0141 0
    endloop
  endfacet
  facet normal -0.941044 -0.338284 0
    outer loop
      vertex 134.448 14.0141 2
      vertex 134.536 13.7693 0
      vertex 134.536 13.7693 2
    endloop
  endfacet
  facet normal -0.904278 -0.426945 0
    outer loop
      vertex 134.448 14.0141 0
      vertex 134.337 14.2492 2
      vertex 134.337 14.2492 0
    endloop
  endfacet
  facet normal -0.904278 -0.426945 0
    outer loop
      vertex 134.337 14.2492 2
      vertex 134.448 14.0141 0
      vertex 134.448 14.0141 2
    endloop
  endfacet
  facet normal 0.904278 -0.426945 0
    outer loop
      vertex 129.552 14.0141 2
      vertex 129.663 14.2492 0
      vertex 129.663 14.2492 2
    endloop
  endfacet
  facet normal 0.904278 -0.426945 0
    outer loop
      vertex 129.663 14.2492 0
      vertex 129.552 14.0141 2
      vertex 129.552 14.0141 0
    endloop
  endfacet
  facet normal -0.514213 -0.857663 0
    outer loop
      vertex 133.249 15.3371 0
      vertex 133.472 15.2034 2
      vertex 133.249 15.3371 2
    endloop
  endfacet
  facet normal -0.514213 -0.857663 -0
    outer loop
      vertex 133.472 15.2034 2
      vertex 133.249 15.3371 0
      vertex 133.472 15.2034 0
    endloop
  endfacet
  facet normal 0.97021 0.242264 0
    outer loop
      vertex 129.464 12.2307 2
      vertex 129.401 12.483 0
      vertex 129.401 12.483 2
    endloop
  endfacet
  facet normal 0.97021 0.242264 0
    outer loop
      vertex 129.401 12.483 0
      vertex 129.464 12.2307 2
      vertex 129.464 12.2307 0
    endloop
  endfacet
  facet normal -0.857256 0.514891 0
    outer loop
      vertex 134.203 11.5277 0
      vertex 134.337 11.7508 2
      vertex 134.337 11.7508 0
    endloop
  endfacet
  facet normal -0.857256 0.514891 0
    outer loop
      vertex 134.337 11.7508 2
      vertex 134.203 11.5277 0
      vertex 134.203 11.5277 2
    endloop
  endfacet
  facet normal -0.514213 0.857663 0
    outer loop
      vertex 133.472 10.7966 0
      vertex 133.249 10.6629 2
      vertex 133.472 10.7966 2
    endloop
  endfacet
  facet normal -0.514213 0.857663 0
    outer loop
      vertex 133.249 10.6629 2
      vertex 133.472 10.7966 0
      vertex 133.249 10.6629 0
    endloop
  endfacet
  facet normal 0.146646 -0.989189 0
    outer loop
      vertex 131.483 15.5991 0
      vertex 131.74 15.6372 2
      vertex 131.483 15.5991 2
    endloop
  endfacet
  facet normal 0.146646 -0.989189 0
    outer loop
      vertex 131.74 15.6372 2
      vertex 131.483 15.5991 0
      vertex 131.74 15.6372 0
    endloop
  endfacet
  facet normal 0.904278 0.426945 0
    outer loop
      vertex 129.663 11.7508 2
      vertex 129.552 11.9859 0
      vertex 129.552 11.9859 2
    endloop
  endfacet
  facet normal 0.904278 0.426945 0
    outer loop
      vertex 129.552 11.9859 0
      vertex 129.663 11.7508 2
      vertex 129.663 11.7508 0
    endloop
  endfacet
  facet normal 0.427723 -0.90391 0
    outer loop
      vertex 130.751 15.3371 0
      vertex 130.986 15.4483 2
      vertex 130.751 15.3371 2
    endloop
  endfacet
  facet normal 0.427723 -0.90391 0
    outer loop
      vertex 130.986 15.4483 2
      vertex 130.751 15.3371 0
      vertex 130.986 15.4483 0
    endloop
  endfacet
  facet normal -0.802944 -0.596055 0
    outer loop
      vertex 134.203 14.4723 0
      vertex 134.048 14.6811 2
      vertex 134.048 14.6811 0
    endloop
  endfacet
  facet normal -0.802944 -0.596055 0
    outer loop
      vertex 134.048 14.6811 2
      vertex 134.203 14.4723 0
      vertex 134.203 14.4723 2
    endloop
  endfacet
  facet normal -0.146646 0.989189 0
    outer loop
      vertex 132.517 10.4009 0
      vertex 132.26 10.3628 2
      vertex 132.517 10.4009 2
    endloop
  endfacet
  facet normal -0.146646 0.989189 0
    outer loop
      vertex 132.26 10.3628 2
      vertex 132.517 10.4009 0
      vertex 132.26 10.3628 0
    endloop
  endfacet
  facet normal -0.989269 0.146103 0
    outer loop
      vertex 134.599 12.483 0
      vertex 134.637 12.7403 2
      vertex 134.637 12.7403 0
    endloop
  endfacet
  facet normal -0.989269 0.146103 0
    outer loop
      vertex 134.637 12.7403 2
      vertex 134.599 12.483 0
      vertex 134.599 12.483 2
    endloop
  endfacet
  facet normal 0.595439 0.803401 -0
    outer loop
      vertex 130.528 10.7966 0
      vertex 130.319 10.9515 2
      vertex 130.528 10.7966 2
    endloop
  endfacet
  facet normal 0.595439 0.803401 0
    outer loop
      vertex 130.319 10.9515 2
      vertex 130.528 10.7966 0
      vertex 130.319 10.9515 0
    endloop
  endfacet
  facet normal 0.742202 -0.670177 0
    outer loop
      vertex 129.952 14.6811 2
      vertex 130.126 14.8738 0
      vertex 130.126 14.8738 2
    endloop
  endfacet
  facet normal 0.742202 -0.670177 0
    outer loop
      vertex 130.126 14.8738 0
      vertex 129.952 14.6811 2
      vertex 129.952 14.6811 0
    endloop
  endfacet
  facet normal -0.427723 -0.90391 0
    outer loop
      vertex 133.014 15.4483 0
      vertex 133.249 15.3371 2
      vertex 133.014 15.4483 2
    endloop
  endfacet
  facet normal -0.427723 -0.90391 -0
    outer loop
      vertex 133.249 15.3371 2
      vertex 133.014 15.4483 0
      vertex 133.249 15.3371 0
    endloop
  endfacet
  facet normal 0.989269 -0.146103 0
    outer loop
      vertex 129.363 13.2597 2
      vertex 129.401 13.517 0
      vertex 129.401 13.517 2
    endloop
  endfacet
  facet normal 0.989269 -0.146103 0
    outer loop
      vertex 129.401 13.517 0
      vertex 129.363 13.2597 2
      vertex 129.363 13.2597 0
    endloop
  endfacet
  facet normal 0.24326 -0.969961 0
    outer loop
      vertex 131.231 15.5359 0
      vertex 131.483 15.5991 2
      vertex 131.231 15.5359 2
    endloop
  endfacet
  facet normal 0.24326 -0.969961 0
    outer loop
      vertex 131.483 15.5991 2
      vertex 131.231 15.5359 0
      vertex 131.483 15.5991 0
    endloop
  endfacet
  facet normal 0.146646 0.989189 -0
    outer loop
      vertex 131.74 10.3628 0
      vertex 131.483 10.4009 2
      vertex 131.74 10.3628 2
    endloop
  endfacet
  facet normal 0.146646 0.989189 0
    outer loop
      vertex 131.483 10.4009 2
      vertex 131.74 10.3628 0
      vertex 131.483 10.4009 0
    endloop
  endfacet
  facet normal -0.146646 -0.989189 0
    outer loop
      vertex 132.26 15.6372 0
      vertex 132.517 15.5991 2
      vertex 132.26 15.6372 2
    endloop
  endfacet
  facet normal -0.146646 -0.989189 -0
    outer loop
      vertex 132.517 15.5991 2
      vertex 132.26 15.6372 0
      vertex 132.517 15.5991 0
    endloop
  endfacet
  facet normal 0.336677 -0.94162 0
    outer loop
      vertex 130.986 15.4483 0
      vertex 131.231 15.5359 2
      vertex 130.986 15.4483 2
    endloop
  endfacet
  facet normal 0.336677 -0.94162 0
    outer loop
      vertex 131.231 15.5359 2
      vertex 130.986 15.4483 0
      vertex 131.231 15.5359 0
    endloop
  endfacet
  facet normal 0.998749 -0.0499952 0
    outer loop
      vertex 129.35 13 2
      vertex 129.363 13.2597 0
      vertex 129.363 13.2597 2
    endloop
  endfacet
  facet normal 0.998749 -0.0499952 0
    outer loop
      vertex 129.363 13.2597 0
      vertex 129.35 13 2
      vertex 129.35 13 0
    endloop
  endfacet
  facet normal 0.998749 0.0499952 0
    outer loop
      vertex 129.363 12.7403 2
      vertex 129.35 13 0
      vertex 129.35 13 2
    endloop
  endfacet
  facet normal 0.998749 0.0499952 0
    outer loop
      vertex 129.35 13 0
      vertex 129.363 12.7403 2
      vertex 129.363 12.7403 0
    endloop
  endfacet
  facet normal 0.595439 -0.803401 0
    outer loop
      vertex 130.319 15.0485 0
      vertex 130.528 15.2034 2
      vertex 130.319 15.0485 2
    endloop
  endfacet
  facet normal 0.595439 -0.803401 0
    outer loop
      vertex 130.528 15.2034 2
      vertex 130.319 15.0485 0
      vertex 130.528 15.2034 0
    endloop
  endfacet
  facet normal -0.595439 0.803401 0
    outer loop
      vertex 133.681 10.9515 0
      vertex 133.472 10.7966 2
      vertex 133.681 10.9515 2
    endloop
  endfacet
  facet normal -0.595439 0.803401 0
    outer loop
      vertex 133.472 10.7966 2
      vertex 133.681 10.9515 0
      vertex 133.472 10.7966 0
    endloop
  endfacet
  facet normal -0.0491712 -0.99879 0
    outer loop
      vertex 132 15.65 0
      vertex 132.26 15.6372 2
      vertex 132 15.65 2
    endloop
  endfacet
  facet normal -0.0491712 -0.99879 -0
    outer loop
      vertex 132.26 15.6372 2
      vertex 132 15.65 0
      vertex 132.26 15.6372 0
    endloop
  endfacet
  facet normal -0.427723 0.90391 0
    outer loop
      vertex 133.249 10.6629 0
      vertex 133.014 10.5517 2
      vertex 133.249 10.6629 2
    endloop
  endfacet
  facet normal -0.427723 0.90391 0
    outer loop
      vertex 133.014 10.5517 2
      vertex 133.249 10.6629 0
      vertex 133.014 10.5517 0
    endloop
  endfacet
  facet normal -0.595439 -0.803401 0
    outer loop
      vertex 133.472 15.2034 0
      vertex 133.681 15.0485 2
      vertex 133.472 15.2034 2
    endloop
  endfacet
  facet normal -0.595439 -0.803401 -0
    outer loop
      vertex 133.681 15.0485 2
      vertex 133.472 15.2034 0
      vertex 133.681 15.0485 0
    endloop
  endfacet
  facet normal 0.857256 0.514891 0
    outer loop
      vertex 129.797 11.5277 2
      vertex 129.663 11.7508 0
      vertex 129.663 11.7508 2
    endloop
  endfacet
  facet normal 0.857256 0.514891 0
    outer loop
      vertex 129.663 11.7508 0
      vertex 129.797 11.5277 2
      vertex 129.797 11.5277 0
    endloop
  endfacet
  facet normal 0.0491712 -0.99879 0
    outer loop
      vertex 131.74 15.6372 0
      vertex 132 15.65 2
      vertex 131.74 15.6372 2
    endloop
  endfacet
  facet normal 0.0491712 -0.99879 0
    outer loop
      vertex 132 15.65 2
      vertex 131.74 15.6372 0
      vertex 132 15.65 0
    endloop
  endfacet
  facet normal 0.514213 -0.857663 0
    outer loop
      vertex 130.528 15.2034 0
      vertex 130.751 15.3371 2
      vertex 130.528 15.2034 2
    endloop
  endfacet
  facet normal 0.514213 -0.857663 0
    outer loop
      vertex 130.751 15.3371 2
      vertex 130.528 15.2034 0
      vertex 130.751 15.3371 0
    endloop
  endfacet
  facet normal -0.24326 0.969961 0
    outer loop
      vertex 132.769 10.4641 0
      vertex 132.517 10.4009 2
      vertex 132.769 10.4641 2
    endloop
  endfacet
  facet normal -0.24326 0.969961 0
    outer loop
      vertex 132.517 10.4009 2
      vertex 132.769 10.4641 0
      vertex 132.517 10.4009 0
    endloop
  endfacet
  facet normal -0.97021 0.242264 0
    outer loop
      vertex 134.536 12.2307 0
      vertex 134.599 12.483 2
      vertex 134.599 12.483 0
    endloop
  endfacet
  facet normal -0.97021 0.242264 0
    outer loop
      vertex 134.599 12.483 2
      vertex 134.536 12.2307 0
      vertex 134.536 12.2307 2
    endloop
  endfacet
  facet normal 0.780869 -0.624695 0
    outer loop
      vertex 129.942 14.6686 2
      vertex 129.952 14.6811 0
      vertex 129.952 14.6811 2
    endloop
  endfacet
  facet normal 0.780869 -0.624695 0
    outer loop
      vertex 129.952 14.6811 0
      vertex 129.942 14.6686 2
      vertex 129.942 14.6686 0
    endloop
  endfacet
  facet normal -0.857256 -0.514891 0
    outer loop
      vertex 134.337 14.2492 0
      vertex 134.203 14.4723 2
      vertex 134.203 14.4723 0
    endloop
  endfacet
  facet normal -0.857256 -0.514891 0
    outer loop
      vertex 134.203 14.4723 2
      vertex 134.337 14.2492 0
      vertex 134.337 14.2492 2
    endloop
  endfacet
  facet normal -0.802944 0.596055 0
    outer loop
      vertex 134.048 11.3189 0
      vertex 134.203 11.5277 2
      vertex 134.203 11.5277 0
    endloop
  endfacet
  facet normal -0.802944 0.596055 0
    outer loop
      vertex 134.203 11.5277 2
      vertex 134.048 11.3189 0
      vertex 134.048 11.3189 2
    endloop
  endfacet
  facet normal -0.941044 0.338284 0
    outer loop
      vertex 134.448 11.9859 0
      vertex 134.536 12.2307 2
      vertex 134.536 12.2307 0
    endloop
  endfacet
  facet normal -0.941044 0.338284 0
    outer loop
      vertex 134.536 12.2307 2
      vertex 134.448 11.9859 0
      vertex 134.448 11.9859 2
    endloop
  endfacet
  facet normal 0.671084 -0.741381 0
    outer loop
      vertex 130.126 14.8738 0
      vertex 130.319 15.0485 2
      vertex 130.126 14.8738 2
    endloop
  endfacet
  facet normal 0.671084 -0.741381 0
    outer loop
      vertex 130.319 15.0485 2
      vertex 130.126 14.8738 0
      vertex 130.319 15.0485 0
    endloop
  endfacet
  facet normal 0.84498 -0.534798 0
    outer loop
      vertex 129.663 14.2492 2
      vertex 129.668 14.2571 0
      vertex 129.668 14.2571 2
    endloop
  endfacet
  facet normal 0.84498 -0.534798 0
    outer loop
      vertex 129.668 14.2571 0
      vertex 129.663 14.2492 2
      vertex 129.663 14.2492 0
    endloop
  endfacet
  facet normal -0.742202 0.670177 0
    outer loop
      vertex 133.874 11.1262 0
      vertex 134.048 11.3189 2
      vertex 134.048 11.3189 0
    endloop
  endfacet
  facet normal -0.742202 0.670177 0
    outer loop
      vertex 134.048 11.3189 2
      vertex 133.874 11.1262 0
      vertex 133.874 11.1262 2
    endloop
  endfacet
  facet normal -0.904278 0.426945 0
    outer loop
      vertex 134.337 11.7508 0
      vertex 134.448 11.9859 2
      vertex 134.448 11.9859 0
    endloop
  endfacet
  facet normal -0.904278 0.426945 0
    outer loop
      vertex 134.448 11.9859 2
      vertex 134.337 11.7508 0
      vertex 134.337 11.7508 2
    endloop
  endfacet
  facet normal 0.514213 0.857663 -0
    outer loop
      vertex 130.751 10.6629 0
      vertex 130.528 10.7966 2
      vertex 130.751 10.6629 2
    endloop
  endfacet
  facet normal 0.514213 0.857663 0
    outer loop
      vertex 130.528 10.7966 2
      vertex 130.751 10.6629 0
      vertex 130.528 10.7966 0
    endloop
  endfacet
  facet normal -0.742202 -0.670177 0
    outer loop
      vertex 134.048 14.6811 0
      vertex 133.874 14.8738 2
      vertex 133.874 14.8738 0
    endloop
  endfacet
  facet normal -0.742202 -0.670177 0
    outer loop
      vertex 133.874 14.8738 2
      vertex 134.048 14.6811 0
      vertex 134.048 14.6811 2
    endloop
  endfacet
  facet normal -0.0491712 0.99879 0
    outer loop
      vertex 132.26 10.3628 0
      vertex 132 10.35 2
      vertex 132.26 10.3628 2
    endloop
  endfacet
  facet normal -0.0491712 0.99879 0
    outer loop
      vertex 132 10.35 2
      vertex 132.26 10.3628 0
      vertex 132 10.35 0
    endloop
  endfacet
  facet normal -0.671084 0.741381 0
    outer loop
      vertex 133.874 11.1262 0
      vertex 133.681 10.9515 2
      vertex 133.874 11.1262 2
    endloop
  endfacet
  facet normal -0.671084 0.741381 0
    outer loop
      vertex 133.681 10.9515 2
      vertex 133.874 11.1262 0
      vertex 133.681 10.9515 0
    endloop
  endfacet
  facet normal 0.802944 0.596055 0
    outer loop
      vertex 129.952 11.3189 2
      vertex 129.797 11.5277 0
      vertex 129.797 11.5277 2
    endloop
  endfacet
  facet normal 0.802944 0.596055 0
    outer loop
      vertex 129.797 11.5277 0
      vertex 129.952 11.3189 2
      vertex 129.952 11.3189 0
    endloop
  endfacet
  facet normal 0.941044 -0.338284 0
    outer loop
      vertex 129.464 13.7693 2
      vertex 129.552 14.0141 0
      vertex 129.552 14.0141 2
    endloop
  endfacet
  facet normal 0.941044 -0.338284 0
    outer loop
      vertex 129.552 14.0141 0
      vertex 129.464 13.7693 2
      vertex 129.464 13.7693 0
    endloop
  endfacet
  facet normal 0.97021 -0.242264 0
    outer loop
      vertex 129.401 13.517 2
      vertex 129.464 13.7693 0
      vertex 129.464 13.7693 2
    endloop
  endfacet
  facet normal 0.97021 -0.242264 0
    outer loop
      vertex 129.464 13.7693 0
      vertex 129.401 13.517 2
      vertex 129.401 13.517 0
    endloop
  endfacet
  facet normal 0.989269 0.146103 0
    outer loop
      vertex 129.401 12.483 2
      vertex 129.363 12.7403 0
      vertex 129.363 12.7403 2
    endloop
  endfacet
  facet normal 0.989269 0.146103 0
    outer loop
      vertex 129.363 12.7403 0
      vertex 129.401 12.483 2
      vertex 129.401 12.483 0
    endloop
  endfacet
  facet normal 0.671084 0.741381 -0
    outer loop
      vertex 130.319 10.9515 0
      vertex 130.126 11.1262 2
      vertex 130.319 10.9515 2
    endloop
  endfacet
  facet normal 0.671084 0.741381 0
    outer loop
      vertex 130.126 11.1262 2
      vertex 130.319 10.9515 0
      vertex 130.126 11.1262 0
    endloop
  endfacet
  facet normal 0.336677 0.94162 -0
    outer loop
      vertex 131.231 10.4641 0
      vertex 130.986 10.5517 2
      vertex 131.231 10.4641 2
    endloop
  endfacet
  facet normal 0.336677 0.94162 0
    outer loop
      vertex 130.986 10.5517 2
      vertex 131.231 10.4641 0
      vertex 130.986 10.5517 0
    endloop
  endfacet
  facet normal 0.24326 0.969961 -0
    outer loop
      vertex 131.483 10.4009 0
      vertex 131.231 10.4641 2
      vertex 131.483 10.4009 2
    endloop
  endfacet
  facet normal 0.24326 0.969961 0
    outer loop
      vertex 131.231 10.4641 2
      vertex 131.483 10.4009 0
      vertex 131.231 10.4641 0
    endloop
  endfacet
  facet normal 0.427723 0.90391 -0
    outer loop
      vertex 130.986 10.5517 0
      vertex 130.751 10.6629 2
      vertex 130.986 10.5517 2
    endloop
  endfacet
  facet normal 0.427723 0.90391 0
    outer loop
      vertex 130.751 10.6629 2
      vertex 130.986 10.5517 0
      vertex 130.751 10.6629 0
    endloop
  endfacet
endsolid OpenSCAD_Model
