solid OpenSCAD_Model
  facet normal -0 0.242934 0.970043
    outer loop
      vertex 9 6.45142 14.7847
      vertex 39 5.97545 14.9039
      vertex 39 6.45142 14.7847
    endloop
  endfacet
  facet normal 0 0.242934 0.970043
    outer loop
      vertex 39 5.97545 14.9039
      vertex 9 6.45142 14.7847
      vertex 9 5.97545 14.9039
    endloop
  endfacet
  facet normal 0 -0.998796 0.0490664
    outer loop
      vertex 9 5.72205e-07 10
      vertex 39 0.024077 10.4901
      vertex 9 0.024077 10.4901
    endloop
  endfacet
  facet normal 0 -0.998796 0.0490664
    outer loop
      vertex 39 0.024077 10.4901
      vertex 9 5.72205e-07 10
      vertex 39 5.72205e-07 10
    endloop
  endfacet
  facet normal 0 -0.803209 -0.595698
    outer loop
      vertex 9 1.13495 6.82803
      vertex 39 0.842652 7.22215
      vertex 9 0.842652 7.22215
    endloop
  endfacet
  facet normal 0 -0.803209 -0.595698
    outer loop
      vertex 39 0.842652 7.22215
      vertex 9 1.13495 6.82803
      vertex 39 1.13495 6.82803
    endloop
  endfacet
  facet normal -0 0 -1
    outer loop
      vertex 52.9682 71.4097 0
      vertex 13.25 21.4708 0
      vertex 50.7868 73.3868 0
    endloop
  endfacet
  facet normal 0 0 -1
    outer loop
      vertex 42 94.6 0
      vertex 14.2392 169.379 0
      vertex 14.25 169.6 0
    endloop
  endfacet
  facet normal 0 0 -1
    outer loop
      vertex 13.0606 21.5843 0
      vertex 50.7868 73.3868 0
      vertex 13.25 21.4708 0
    endloop
  endfacet
  facet normal 0 0 -1
    outer loop
      vertex 42 94.6 0
      vertex 14.2068 169.161 0
      vertex 14.2392 169.379 0
    endloop
  endfacet
  facet normal 0 0 -1
    outer loop
      vertex 12.861 21.6787 0
      vertex 50.7868 73.3868 0
      vertex 13.0606 21.5843 0
    endloop
  endfacet
  facet normal 0 0 -1
    outer loop
      vertex 42 94.6 0
      vertex 14.1531 168.947 0
      vertex 14.2068 169.161 0
    endloop
  endfacet
  facet normal -0 0 -1
    outer loop
      vertex 50.7868 73.3868 0
      vertex 12.861 21.6787 0
      vertex 48.8097 75.5682 0
    endloop
  endfacet
  facet normal 0 0 -1
    outer loop
      vertex 42 94.6 0
      vertex 14.0787 168.739 0
      vertex 14.1531 168.947 0
    endloop
  endfacet
  facet normal 0 0 -1
    outer loop
      vertex 12.6531 21.7531 0
      vertex 48.8097 75.5682 0
      vertex 12.861 21.6787 0
    endloop
  endfacet
  facet normal 0 0 -1
    outer loop
      vertex 42 94.6 0
      vertex 13.9843 168.539 0
      vertex 14.0787 168.739 0
    endloop
  endfacet
  facet normal 0 0 -1
    outer loop
      vertex 12.439 21.8068 0
      vertex 48.8097 75.5682 0
      vertex 12.6531 21.7531 0
    endloop
  endfacet
  facet normal 0 0 -1
    outer loop
      vertex 42 94.6 0
      vertex 13.8708 168.35 0
      vertex 13.9843 168.539 0
    endloop
  endfacet
  facet normal -0 0 -1
    outer loop
      vertex 48.8097 75.5682 0
      vertex 12.439 21.8068 0
      vertex 47.0559 77.9329 0
    endloop
  endfacet
  facet normal 0 0 -1
    outer loop
      vertex 42 94.6 0
      vertex 13.7393 168.173 0
      vertex 13.8708 168.35 0
    endloop
  endfacet
  facet normal 0 0 -1
    outer loop
      vertex 12.2205 21.8392 0
      vertex 47.0559 77.9329 0
      vertex 12.439 21.8068 0
    endloop
  endfacet
  facet normal 0 0 -1
    outer loop
      vertex 42 94.6 0
      vertex 13.591 168.009 0
      vertex 13.7393 168.173 0
    endloop
  endfacet
  facet normal -0 0 -1
    outer loop
      vertex 47.0559 77.9329 0
      vertex 12.2205 21.8392 0
      vertex 45.5424 80.4581 0
    endloop
  endfacet
  facet normal 0 0 -1
    outer loop
      vertex 42 94.6 0
      vertex 13.4274 167.861 0
      vertex 13.591 168.009 0
    endloop
  endfacet
  facet normal 0 0 -1
    outer loop
      vertex 12 21.85 0
      vertex 45.5424 80.4581 0
      vertex 12.2205 21.8392 0
    endloop
  endfacet
  facet normal 0 0 -1
    outer loop
      vertex 42 94.6 0
      vertex 13.25 167.729 0
      vertex 13.4274 167.861 0
    endloop
  endfacet
  facet normal 0 0 -1
    outer loop
      vertex 11.7795 21.8392 0
      vertex 45.5424 80.4581 0
      vertex 12 21.85 0
    endloop
  endfacet
  facet normal 0 0 -1
    outer loop
      vertex 42 94.6 0
      vertex 13.0606 167.616 0
      vertex 13.25 167.729 0
    endloop
  endfacet
  facet normal -0 0 -1
    outer loop
      vertex 45.5424 80.4581 0
      vertex 11.7795 21.8392 0
      vertex 44.2836 83.1195 0
    endloop
  endfacet
  facet normal 0 0 -1
    outer loop
      vertex 42 94.6 0
      vertex 12.861 167.521 0
      vertex 13.0606 167.616 0
    endloop
  endfacet
  facet normal 0 0 -1
    outer loop
      vertex 11.561 21.8068 0
      vertex 44.2836 83.1195 0
      vertex 11.7795 21.8392 0
    endloop
  endfacet
  facet normal 0 0 -1
    outer loop
      vertex 42 94.6 0
      vertex 12.6531 167.447 0
      vertex 12.861 167.521 0
    endloop
  endfacet
  facet normal 0 0 -1
    outer loop
      vertex 11.3469 21.7531 0
      vertex 44.2836 83.1195 0
      vertex 11.561 21.8068 0
    endloop
  endfacet
  facet normal 0 0 -1
    outer loop
      vertex 42 94.6 0
      vertex 12.439 167.393 0
      vertex 12.6531 167.447 0
    endloop
  endfacet
  facet normal -0 0 -1
    outer loop
      vertex 44.2836 83.1195 0
      vertex 11.3469 21.7531 0
      vertex 43.2918 85.8915 0
    endloop
  endfacet
  facet normal 0 0 -1
    outer loop
      vertex 42 94.6 0
      vertex 12.2205 167.361 0
      vertex 12.439 167.393 0
    endloop
  endfacet
  facet normal 0 0 -1
    outer loop
      vertex 11.139 21.6787 0
      vertex 43.2918 85.8915 0
      vertex 11.3469 21.7531 0
    endloop
  endfacet
  facet normal 0 0 -1
    outer loop
      vertex 42 94.6 0
      vertex 12 167.35 0
      vertex 12.2205 167.361 0
    endloop
  endfacet
  facet normal -0 0 -1
    outer loop
      vertex 43.2918 85.8915 0
      vertex 11.139 21.6787 0
      vertex 42.5764 88.7473 0
    endloop
  endfacet
  facet normal 0 0 -1
    outer loop
      vertex 42 94.6 0
      vertex 11.7795 167.361 0
      vertex 12 167.35 0
    endloop
  endfacet
  facet normal 0 0 -1
    outer loop
      vertex 10.9394 21.5843 0
      vertex 42.5764 88.7473 0
      vertex 11.139 21.6787 0
    endloop
  endfacet
  facet normal 0 0 -1
    outer loop
      vertex 42 94.6 0
      vertex 11.561 167.393 0
      vertex 11.7795 167.361 0
    endloop
  endfacet
  facet normal 0 0 -1
    outer loop
      vertex 10.75 21.4708 0
      vertex 42.5764 88.7473 0
      vertex 10.9394 21.5843 0
    endloop
  endfacet
  facet normal 0 0 -1
    outer loop
      vertex 42 94.6 0
      vertex 11.3469 167.447 0
      vertex 11.561 167.393 0
    endloop
  endfacet
  facet normal -0 0 -1
    outer loop
      vertex 42.5764 88.7473 0
      vertex 10.75 21.4708 0
      vertex 42.1445 91.6595 0
    endloop
  endfacet
  facet normal 0 0 -1
    outer loop
      vertex 42 94.6 0
      vertex 11.139 167.521 0
      vertex 11.3469 167.447 0
    endloop
  endfacet
  facet normal 0 0 -1
    outer loop
      vertex 0 15.6 0
      vertex 42.1445 91.6595 0
      vertex 10.75 21.4708 0
    endloop
  endfacet
  facet normal 0 0 -1
    outer loop
      vertex 42 94.6 0
      vertex 10.9394 167.616 0
      vertex 11.139 167.521 0
    endloop
  endfacet
  facet normal -0 0 -1
    outer loop
      vertex 42.1445 91.6595 0
      vertex 0 15.6 0
      vertex 42 94.6 0
    endloop
  endfacet
  facet normal 0 0 -1
    outer loop
      vertex 42 94.6 0
      vertex 10.75 167.729 0
      vertex 10.9394 167.616 0
    endloop
  endfacet
  facet normal 0 0 -1
    outer loop
      vertex 0 15.6 0
      vertex 10.75 21.4708 0
      vertex 10.5726 21.3393 0
    endloop
  endfacet
  facet normal 0 -0 -1
    outer loop
      vertex 10.5726 167.861 0
      vertex 42 94.6 0
      vertex 0 15.6 0
    endloop
  endfacet
  facet normal 0 0 -1
    outer loop
      vertex 0 15.6 0
      vertex 10.5726 21.3393 0
      vertex 10.409 21.191 0
    endloop
  endfacet
  facet normal 0 0 -1
    outer loop
      vertex 42 94.6 0
      vertex 10.5726 167.861 0
      vertex 10.75 167.729 0
    endloop
  endfacet
  facet normal 0 0 -1
    outer loop
      vertex 0 15.6 0
      vertex 10.409 21.191 0
      vertex 10.2607 21.0274 0
    endloop
  endfacet
  facet normal -0 0 -1
    outer loop
      vertex 10.5726 167.861 0
      vertex 0 15.6 0
      vertex 10.409 168.009 0
    endloop
  endfacet
  facet normal 0 0 -1
    outer loop
      vertex 0 15.6 0
      vertex 10.2607 21.0274 0
      vertex 10.1292 20.85 0
    endloop
  endfacet
  facet normal -0 0 -1
    outer loop
      vertex 10.409 168.009 0
      vertex 0 15.6 0
      vertex 10.2607 168.173 0
    endloop
  endfacet
  facet normal 0 0 -1
    outer loop
      vertex 0 15.6 0
      vertex 10.1292 20.85 0
      vertex 10.0157 20.6606 0
    endloop
  endfacet
  facet normal -0 0 -1
    outer loop
      vertex 10.2607 168.173 0
      vertex 0 15.6 0
      vertex 10.1292 168.35 0
    endloop
  endfacet
  facet normal 0 0 -1
    outer loop
      vertex 0 15.6 0
      vertex 10.0157 20.6606 0
      vertex 9.92127 20.461 0
    endloop
  endfacet
  facet normal 0 0 -1
    outer loop
      vertex 0 181.6 0
      vertex 10.1292 168.35 0
      vertex 0 15.6 0
    endloop
  endfacet
  facet normal 0 0 -1
    outer loop
      vertex 0 15.6 0
      vertex 9.92127 20.461 0
      vertex 9.84688 20.2531 0
    endloop
  endfacet
  facet normal 0 0 -1
    outer loop
      vertex 10.1292 168.35 0
      vertex 0 181.6 0
      vertex 10.0157 168.539 0
    endloop
  endfacet
  facet normal 0 0 -1
    outer loop
      vertex 0 15.6 0
      vertex 9.84688 20.2531 0
      vertex 9.79323 20.039 0
    endloop
  endfacet
  facet normal 0 0 -1
    outer loop
      vertex 10.0157 168.539 0
      vertex 0 181.6 0
      vertex 9.92127 168.739 0
    endloop
  endfacet
  facet normal 0 0 -1
    outer loop
      vertex 0 15.6 0
      vertex 9.79323 20.039 0
      vertex 9.76083 19.8205 0
    endloop
  endfacet
  facet normal 0 0 -1
    outer loop
      vertex 9.92127 168.739 0
      vertex 0 181.6 0
      vertex 9.84688 168.947 0
    endloop
  endfacet
  facet normal 0 0 -1
    outer loop
      vertex 0 15.6 0
      vertex 9.76083 19.8205 0
      vertex 9.75 19.6 0
    endloop
  endfacet
  facet normal 0 0 -1
    outer loop
      vertex 9.84688 168.947 0
      vertex 0 181.6 0
      vertex 9.79323 169.161 0
    endloop
  endfacet
  facet normal 0 0 -1
    outer loop
      vertex 39 10.6 0
      vertex 14.2392 19.3795 0
      vertex 14.25 19.6 0
    endloop
  endfacet
  facet normal 0 0 -1
    outer loop
      vertex 39 10.6 0
      vertex 14.2068 19.161 0
      vertex 14.2392 19.3795 0
    endloop
  endfacet
  facet normal 0 0 -1
    outer loop
      vertex 39 10.6 0
      vertex 14.1531 18.9469 0
      vertex 14.2068 19.161 0
    endloop
  endfacet
  facet normal 0 0 -1
    outer loop
      vertex 39 10.6 0
      vertex 14.0787 18.739 0
      vertex 14.1531 18.9469 0
    endloop
  endfacet
  facet normal 0 0 -1
    outer loop
      vertex 39 10.6 0
      vertex 13.9843 18.5394 0
      vertex 14.0787 18.739 0
    endloop
  endfacet
  facet normal 0 0 -1
    outer loop
      vertex 39 10.6 0
      vertex 13.8708 18.35 0
      vertex 13.9843 18.5394 0
    endloop
  endfacet
  facet normal 0 0 -1
    outer loop
      vertex 39 10.6 0
      vertex 13.7393 18.1726 0
      vertex 13.8708 18.35 0
    endloop
  endfacet
  facet normal 0 0 -1
    outer loop
      vertex 39 10.6 0
      vertex 13.591 18.009 0
      vertex 13.7393 18.1726 0
    endloop
  endfacet
  facet normal 0 0 -1
    outer loop
      vertex 39 10.6 0
      vertex 13.4274 17.8607 0
      vertex 13.591 18.009 0
    endloop
  endfacet
  facet normal 0 0 -1
    outer loop
      vertex 9 10.6 0
      vertex 13.4274 17.8607 0
      vertex 39 10.6 0
    endloop
  endfacet
  facet normal 0 0 -1
    outer loop
      vertex 13.4274 17.8607 0
      vertex 9 10.6 0
      vertex 13.25 17.7292 0
    endloop
  endfacet
  facet normal 0 0 -1
    outer loop
      vertex 13.25 17.7292 0
      vertex 9 10.6 0
      vertex 13.0606 17.6157 0
    endloop
  endfacet
  facet normal 0 0 -1
    outer loop
      vertex 13.0606 17.6157 0
      vertex 9 10.6 0
      vertex 12.861 17.5213 0
    endloop
  endfacet
  facet normal 0 0 -1
    outer loop
      vertex 12.861 17.5213 0
      vertex 9 10.6 0
      vertex 12.6531 17.4469 0
    endloop
  endfacet
  facet normal 0 0 -1
    outer loop
      vertex 12.6531 17.4469 0
      vertex 9 10.6 0
      vertex 12.439 17.3932 0
    endloop
  endfacet
  facet normal 0 0 -1
    outer loop
      vertex 12.439 17.3932 0
      vertex 9 10.6 0
      vertex 12.2205 17.3608 0
    endloop
  endfacet
  facet normal 0 0 -1
    outer loop
      vertex 12.2205 17.3608 0
      vertex 9 10.6 0
      vertex 12 17.35 0
    endloop
  endfacet
  facet normal -0 0 -1
    outer loop
      vertex 12 17.35 0
      vertex 9 10.6 0
      vertex 11.7795 17.3608 0
    endloop
  endfacet
  facet normal -0 0 -1
    outer loop
      vertex 9.79323 19.161 0
      vertex 0 15.6 0
      vertex 9.76083 19.3795 0
    endloop
  endfacet
  facet normal -0 0 -1
    outer loop
      vertex 9.84688 18.9469 0
      vertex 0 15.6 0
      vertex 9.79323 19.161 0
    endloop
  endfacet
  facet normal -0 0 -1
    outer loop
      vertex 9.92127 18.739 0
      vertex 0 15.6 0
      vertex 9.84688 18.9469 0
    endloop
  endfacet
  facet normal -0 0 -1
    outer loop
      vertex 10.0157 18.5394 0
      vertex 0 15.6 0
      vertex 9.92127 18.739 0
    endloop
  endfacet
  facet normal 0 0 -1
    outer loop
      vertex 0 15.6 0
      vertex 10.0157 18.5394 0
      vertex 5 10.6 0
    endloop
  endfacet
  facet normal -0 0 -1
    outer loop
      vertex 10.1292 18.35 0
      vertex 5 10.6 0
      vertex 10.0157 18.5394 0
    endloop
  endfacet
  facet normal -0 0 -1
    outer loop
      vertex 10.2607 18.1726 0
      vertex 5 10.6 0
      vertex 10.1292 18.35 0
    endloop
  endfacet
  facet normal -0 0 -1
    outer loop
      vertex 10.409 18.009 0
      vertex 5 10.6 0
      vertex 10.2607 18.1726 0
    endloop
  endfacet
  facet normal 0 0 -1
    outer loop
      vertex 5 10.6 0
      vertex 10.409 18.009 0
      vertex 9 10.6 0
    endloop
  endfacet
  facet normal -0 0 -1
    outer loop
      vertex 10.5726 17.8607 0
      vertex 9 10.6 0
      vertex 10.409 18.009 0
    endloop
  endfacet
  facet normal -0 0 -1
    outer loop
      vertex 10.75 17.7292 0
      vertex 9 10.6 0
      vertex 10.5726 17.8607 0
    endloop
  endfacet
  facet normal -0 0 -1
    outer loop
      vertex 10.9394 17.6157 0
      vertex 9 10.6 0
      vertex 10.75 17.7292 0
    endloop
  endfacet
  facet normal -0 0 -1
    outer loop
      vertex 11.139 17.5213 0
      vertex 9 10.6 0
      vertex 10.9394 17.6157 0
    endloop
  endfacet
  facet normal -0 0 -1
    outer loop
      vertex 11.3469 17.4469 0
      vertex 9 10.6 0
      vertex 11.139 17.5213 0
    endloop
  endfacet
  facet normal -0 0 -1
    outer loop
      vertex 11.561 17.3932 0
      vertex 9 10.6 0
      vertex 11.3469 17.4469 0
    endloop
  endfacet
  facet normal -0 0 -1
    outer loop
      vertex 11.7795 17.3608 0
      vertex 9 10.6 0
      vertex 11.561 17.3932 0
    endloop
  endfacet
  facet normal 0 0 -1
    outer loop
      vertex 83.4805 122.316 0
      vertex 74.2392 136.029 0
      vertex 74.25 136.25 0
    endloop
  endfacet
  facet normal 0 0 -1
    outer loop
      vertex 77.8527 124.024 0
      vertex 74.2068 135.811 0
      vertex 74.2392 136.029 0
    endloop
  endfacet
  facet normal 0 0 -1
    outer loop
      vertex 77.8527 124.024 0
      vertex 74.1531 135.597 0
      vertex 74.2068 135.811 0
    endloop
  endfacet
  facet normal 0 0 -1
    outer loop
      vertex 77.8527 124.024 0
      vertex 74.0787 135.389 0
      vertex 74.1531 135.597 0
    endloop
  endfacet
  facet normal 0 0 -1
    outer loop
      vertex 77.8527 124.024 0
      vertex 73.9843 135.189 0
      vertex 74.0787 135.389 0
    endloop
  endfacet
  facet normal 0 0 -1
    outer loop
      vertex 77.8527 124.024 0
      vertex 73.8708 135 0
      vertex 73.9843 135.189 0
    endloop
  endfacet
  facet normal 0 0 -1
    outer loop
      vertex 77.8527 124.024 0
      vertex 73.7393 134.823 0
      vertex 73.8708 135 0
    endloop
  endfacet
  facet normal 0 0 -1
    outer loop
      vertex 77.8527 124.024 0
      vertex 73.591 134.659 0
      vertex 73.7393 134.823 0
    endloop
  endfacet
  facet normal 0 0 -1
    outer loop
      vertex 77.8527 124.024 0
      vertex 73.4274 134.511 0
      vertex 73.591 134.659 0
    endloop
  endfacet
  facet normal 0 0 -1
    outer loop
      vertex 74.9405 124.456 0
      vertex 73.25 134.379 0
      vertex 73.4274 134.511 0
    endloop
  endfacet
  facet normal 0 0 -1
    outer loop
      vertex 74.9405 124.456 0
      vertex 73.0606 134.266 0
      vertex 73.25 134.379 0
    endloop
  endfacet
  facet normal 0 0 -1
    outer loop
      vertex 74.9405 124.456 0
      vertex 72.861 134.171 0
      vertex 73.0606 134.266 0
    endloop
  endfacet
  facet normal 0 0 -1
    outer loop
      vertex 74.9405 124.456 0
      vertex 72.6531 134.097 0
      vertex 72.861 134.171 0
    endloop
  endfacet
  facet normal 0 0 -1
    outer loop
      vertex 74.9405 124.456 0
      vertex 72.4389 134.043 0
      vertex 72.6531 134.097 0
    endloop
  endfacet
  facet normal 0 0 -1
    outer loop
      vertex 72 124.6 0
      vertex 72.4389 134.043 0
      vertex 74.9405 124.456 0
    endloop
  endfacet
  facet normal 0 0 -1
    outer loop
      vertex 72.4389 134.043 0
      vertex 72 124.6 0
      vertex 72.2205 134.011 0
    endloop
  endfacet
  facet normal 0 0 -1
    outer loop
      vertex 72 124.6 0
      vertex 72 134 0
      vertex 72.2205 134.011 0
    endloop
  endfacet
  facet normal 0 0 -1
    outer loop
      vertex 72 124.6 0
      vertex 71.7795 134.011 0
      vertex 72 134 0
    endloop
  endfacet
  facet normal 0 0 -1
    outer loop
      vertex 72 124.6 0
      vertex 71.5611 134.043 0
      vertex 71.7795 134.011 0
    endloop
  endfacet
  facet normal 0 0 -1
    outer loop
      vertex 72 124.6 0
      vertex 71.3469 134.097 0
      vertex 71.5611 134.043 0
    endloop
  endfacet
  facet normal 0 0 -1
    outer loop
      vertex 69.0595 124.456 0
      vertex 71.3469 134.097 0
      vertex 72 124.6 0
    endloop
  endfacet
  facet normal -0 0 -1
    outer loop
      vertex 71.3469 134.097 0
      vertex 69.0595 124.456 0
      vertex 71.139 134.171 0
    endloop
  endfacet
  facet normal -0 0 -1
    outer loop
      vertex 71.139 134.171 0
      vertex 69.0595 124.456 0
      vertex 70.9394 134.266 0
    endloop
  endfacet
  facet normal -0 0 -1
    outer loop
      vertex 70.9394 134.266 0
      vertex 69.0595 124.456 0
      vertex 70.75 134.379 0
    endloop
  endfacet
  facet normal -0 0 -1
    outer loop
      vertex 70.75 134.379 0
      vertex 69.0595 124.456 0
      vertex 70.5726 134.511 0
    endloop
  endfacet
  facet normal 0 0 -1
    outer loop
      vertex 66.1473 124.024 0
      vertex 70.5726 134.511 0
      vertex 69.0595 124.456 0
    endloop
  endfacet
  facet normal -0 0 -1
    outer loop
      vertex 70.5726 134.511 0
      vertex 66.1473 124.024 0
      vertex 70.409 134.659 0
    endloop
  endfacet
  facet normal -0 0 -1
    outer loop
      vertex 70.409 134.659 0
      vertex 66.1473 124.024 0
      vertex 70.2607 134.823 0
    endloop
  endfacet
  facet normal -0 0 -1
    outer loop
      vertex 70.2607 134.823 0
      vertex 66.1473 124.024 0
      vertex 70.1292 135 0
    endloop
  endfacet
  facet normal -0 0 -1
    outer loop
      vertex 70.1292 135 0
      vertex 66.1473 124.024 0
      vertex 70.0157 135.189 0
    endloop
  endfacet
  facet normal 0 0 -1
    outer loop
      vertex 63.2915 123.308 0
      vertex 70.0157 135.189 0
      vertex 66.1473 124.024 0
    endloop
  endfacet
  facet normal -0 0 -1
    outer loop
      vertex 69.8469 135.597 0
      vertex 63.2915 123.308 0
      vertex 69.7932 135.811 0
    endloop
  endfacet
  facet normal -0 0 -1
    outer loop
      vertex 69.9213 135.389 0
      vertex 63.2915 123.308 0
      vertex 69.8469 135.597 0
    endloop
  endfacet
  facet normal -0 0 -1
    outer loop
      vertex 70.0157 135.189 0
      vertex 63.2915 123.308 0
      vertex 69.9213 135.389 0
    endloop
  endfacet
  facet normal 0 0 -1
    outer loop
      vertex 144 15.6 0
      vertex 101.856 91.6595 0
      vertex 102 94.6 0
    endloop
  endfacet
  facet normal 0 0 -1
    outer loop
      vertex 130.409 21.191 0
      vertex 101.424 88.7473 0
      vertex 101.856 91.6595 0
    endloop
  endfacet
  facet normal 0 0 -1
    outer loop
      vertex 130.409 21.191 0
      vertex 100.708 85.8915 0
      vertex 101.424 88.7473 0
    endloop
  endfacet
  facet normal 0 0 -1
    outer loop
      vertex 130.409 21.191 0
      vertex 99.7164 83.1195 0
      vertex 100.708 85.8915 0
    endloop
  endfacet
  facet normal 0 0 -1
    outer loop
      vertex 130.409 21.191 0
      vertex 98.4576 80.4581 0
      vertex 99.7164 83.1195 0
    endloop
  endfacet
  facet normal 0 0 -1
    outer loop
      vertex 130.409 21.191 0
      vertex 96.9441 77.9329 0
      vertex 98.4576 80.4581 0
    endloop
  endfacet
  facet normal 0 0 -1
    outer loop
      vertex 130.409 21.191 0
      vertex 95.1903 75.5682 0
      vertex 96.9441 77.9329 0
    endloop
  endfacet
  facet normal 0 0 -1
    outer loop
      vertex 130.409 21.191 0
      vertex 93.2132 73.3868 0
      vertex 95.1903 75.5682 0
    endloop
  endfacet
  facet normal 0 0 -1
    outer loop
      vertex 130.409 21.191 0
      vertex 91.0318 71.4097 0
      vertex 93.2132 73.3868 0
    endloop
  endfacet
  facet normal 0 0 -1
    outer loop
      vertex 130.409 21.191 0
      vertex 88.6671 69.6559 0
      vertex 91.0318 71.4097 0
    endloop
  endfacet
  facet normal 0 0 -1
    outer loop
      vertex 74.1531 52.2969 0
      vertex 88.6671 69.6559 0
      vertex 105 10.6 0
    endloop
  endfacet
  facet normal 0 0 -1
    outer loop
      vertex 88.6671 69.6559 0
      vertex 74.1531 52.2969 0
      vertex 86.1419 68.1424 0
    endloop
  endfacet
  facet normal 0 -0 -1
    outer loop
      vertex 74.2068 52.511 0
      vertex 86.1419 68.1424 0
      vertex 74.1531 52.2969 0
    endloop
  endfacet
  facet normal 0 0 -1
    outer loop
      vertex 86.1419 68.1424 0
      vertex 74.2392 52.7295 0
      vertex 83.4805 66.8836 0
    endloop
  endfacet
  facet normal 0 0 -1
    outer loop
      vertex 74.2392 53.1705 0
      vertex 83.4805 66.8836 0
      vertex 74.25 52.95 0
    endloop
  endfacet
  facet normal 0 0 -1
    outer loop
      vertex 74.2068 53.389 0
      vertex 80.7085 65.8918 0
      vertex 74.2392 53.1705 0
    endloop
  endfacet
  facet normal 0 0 -1
    outer loop
      vertex 83.4805 66.8836 0
      vertex 74.2392 53.1705 0
      vertex 80.7085 65.8918 0
    endloop
  endfacet
  facet normal 0 -0 -1
    outer loop
      vertex 74.25 52.95 0
      vertex 83.4805 66.8836 0
      vertex 74.2392 52.7295 0
    endloop
  endfacet
  facet normal 0 -0 -1
    outer loop
      vertex 74.2392 52.7295 0
      vertex 86.1419 68.1424 0
      vertex 74.2068 52.511 0
    endloop
  endfacet
  facet normal 0 0 -1
    outer loop
      vertex 105 10.6 0
      vertex 74.0787 52.089 0
      vertex 74.1531 52.2969 0
    endloop
  endfacet
  facet normal 0 0 -1
    outer loop
      vertex 105 10.6 0
      vertex 73.9843 51.8894 0
      vertex 74.0787 52.089 0
    endloop
  endfacet
  facet normal 0 0 -1
    outer loop
      vertex 105 10.6 0
      vertex 73.8708 51.7 0
      vertex 73.9843 51.8894 0
    endloop
  endfacet
  facet normal 0 0 -1
    outer loop
      vertex 105 10.6 0
      vertex 73.7393 51.5226 0
      vertex 73.8708 51.7 0
    endloop
  endfacet
  facet normal 0 0 -1
    outer loop
      vertex 105 10.6 0
      vertex 73.591 51.359 0
      vertex 73.7393 51.5226 0
    endloop
  endfacet
  facet normal 0 0 -1
    outer loop
      vertex 105 10.6 0
      vertex 73.4274 51.2107 0
      vertex 73.591 51.359 0
    endloop
  endfacet
  facet normal 0 0 -1
    outer loop
      vertex 105 10.6 0
      vertex 73.25 51.0792 0
      vertex 73.4274 51.2107 0
    endloop
  endfacet
  facet normal 0 0 -1
    outer loop
      vertex 105 10.6 0
      vertex 73.0606 50.9657 0
      vertex 73.25 51.0792 0
    endloop
  endfacet
  facet normal 0 0 -1
    outer loop
      vertex 105 10.6 0
      vertex 72.861 50.8713 0
      vertex 73.0606 50.9657 0
    endloop
  endfacet
  facet normal 0 0 -1
    outer loop
      vertex 105 10.6 0
      vertex 72.6531 50.7969 0
      vertex 72.861 50.8713 0
    endloop
  endfacet
  facet normal 0 0 -1
    outer loop
      vertex 105 10.6 0
      vertex 72.4389 50.7432 0
      vertex 72.6531 50.7969 0
    endloop
  endfacet
  facet normal 0 0 -1
    outer loop
      vertex 105 10.6 0
      vertex 72.2205 50.7108 0
      vertex 72.4389 50.7432 0
    endloop
  endfacet
  facet normal 0 0 -1
    outer loop
      vertex 105 10.6 0
      vertex 72 50.7 0
      vertex 72.2205 50.7108 0
    endloop
  endfacet
  facet normal 0 0 -1
    outer loop
      vertex 39 10.6 0
      vertex 72 50.7 0
      vertex 105 10.6 0
    endloop
  endfacet
  facet normal -0 0 -1
    outer loop
      vertex 72 50.7 0
      vertex 39 10.6 0
      vertex 71.7795 50.7108 0
    endloop
  endfacet
  facet normal -0 0 -1
    outer loop
      vertex 71.7795 50.7108 0
      vertex 39 10.6 0
      vertex 71.5611 50.7432 0
    endloop
  endfacet
  facet normal -0 0 -1
    outer loop
      vertex 71.5611 50.7432 0
      vertex 39 10.6 0
      vertex 71.3469 50.7969 0
    endloop
  endfacet
  facet normal -0 0 -1
    outer loop
      vertex 71.3469 50.7969 0
      vertex 39 10.6 0
      vertex 71.139 50.8713 0
    endloop
  endfacet
  facet normal -0 0 -1
    outer loop
      vertex 71.139 50.8713 0
      vertex 39 10.6 0
      vertex 70.9394 50.9657 0
    endloop
  endfacet
  facet normal -0 0 -1
    outer loop
      vertex 70.9394 50.9657 0
      vertex 39 10.6 0
      vertex 70.75 51.0792 0
    endloop
  endfacet
  facet normal -0 0 -1
    outer loop
      vertex 70.75 51.0792 0
      vertex 39 10.6 0
      vertex 70.5726 51.2107 0
    endloop
  endfacet
  facet normal -0 0 -1
    outer loop
      vertex 70.5726 51.2107 0
      vertex 39 10.6 0
      vertex 70.409 51.359 0
    endloop
  endfacet
  facet normal 0 0 -1
    outer loop
      vertex 60.5195 66.8836 0
      vertex 69.75 52.95 0
      vertex 69.7608 52.7295 0
    endloop
  endfacet
  facet normal 0 0 -1
    outer loop
      vertex 69.75 52.95 0
      vertex 66.1473 65.1764 0
      vertex 69.0595 64.7445 0
    endloop
  endfacet
  facet normal 0 0 -1
    outer loop
      vertex 57.8581 68.1424 0
      vertex 69.7608 52.7295 0
      vertex 69.7932 52.511 0
    endloop
  endfacet
  facet normal 0 0 -1
    outer loop
      vertex 57.8581 68.1424 0
      vertex 69.7932 52.511 0
      vertex 69.8469 52.2969 0
    endloop
  endfacet
  facet normal 0 0 -1
    outer loop
      vertex 69.75 52.95 0
      vertex 63.2915 65.8918 0
      vertex 66.1473 65.1764 0
    endloop
  endfacet
  facet normal 0 0 -1
    outer loop
      vertex 39 10.6 0
      vertex 69.8469 52.2969 0
      vertex 69.9213 52.089 0
    endloop
  endfacet
  facet normal 0 0 -1
    outer loop
      vertex 39 10.6 0
      vertex 69.9213 52.089 0
      vertex 70.0157 51.8894 0
    endloop
  endfacet
  facet normal 0 0 -1
    outer loop
      vertex 69.75 52.95 0
      vertex 60.5195 66.8836 0
      vertex 63.2915 65.8918 0
    endloop
  endfacet
  facet normal 0 0 -1
    outer loop
      vertex 39 10.6 0
      vertex 70.0157 51.8894 0
      vertex 70.1292 51.7 0
    endloop
  endfacet
  facet normal 0 0 -1
    outer loop
      vertex 69.7608 52.7295 0
      vertex 57.8581 68.1424 0
      vertex 60.5195 66.8836 0
    endloop
  endfacet
  facet normal 0 0 -1
    outer loop
      vertex 39 10.6 0
      vertex 70.1292 51.7 0
      vertex 70.2607 51.5226 0
    endloop
  endfacet
  facet normal 0 0 -1
    outer loop
      vertex 69.8469 52.2969 0
      vertex 55.3329 69.6559 0
      vertex 57.8581 68.1424 0
    endloop
  endfacet
  facet normal -0 0 -1
    outer loop
      vertex 69.8469 52.2969 0
      vertex 39 10.6 0
      vertex 55.3329 69.6559 0
    endloop
  endfacet
  facet normal -0 0 -1
    outer loop
      vertex 70.409 51.359 0
      vertex 39 10.6 0
      vertex 70.2607 51.5226 0
    endloop
  endfacet
  facet normal 0 0 -1
    outer loop
      vertex 14.2392 19.8205 0
      vertex 39 10.6 0
      vertex 14.25 19.6 0
    endloop
  endfacet
  facet normal 0 0 -1
    outer loop
      vertex 14.2068 20.039 0
      vertex 39 10.6 0
      vertex 14.2392 19.8205 0
    endloop
  endfacet
  facet normal -0 0 -1
    outer loop
      vertex 55.3329 69.6559 0
      vertex 13.591 21.191 0
      vertex 52.9682 71.4097 0
    endloop
  endfacet
  facet normal 0 0 -1
    outer loop
      vertex 13.591 21.191 0
      vertex 55.3329 69.6559 0
      vertex 13.7393 21.0274 0
    endloop
  endfacet
  facet normal 0 0 -1
    outer loop
      vertex 39 10.6 0
      vertex 13.7393 21.0274 0
      vertex 55.3329 69.6559 0
    endloop
  endfacet
  facet normal 0 0 -1
    outer loop
      vertex 13.7393 21.0274 0
      vertex 39 10.6 0
      vertex 13.8708 20.85 0
    endloop
  endfacet
  facet normal 0 0 -1
    outer loop
      vertex 13.8708 20.85 0
      vertex 39 10.6 0
      vertex 13.9843 20.6606 0
    endloop
  endfacet
  facet normal 0 0 -1
    outer loop
      vertex 13.9843 20.6606 0
      vertex 39 10.6 0
      vertex 14.0787 20.461 0
    endloop
  endfacet
  facet normal 0 0 -1
    outer loop
      vertex 14.0787 20.461 0
      vertex 39 10.6 0
      vertex 14.1531 20.2531 0
    endloop
  endfacet
  facet normal 0 0 -1
    outer loop
      vertex 14.1531 20.2531 0
      vertex 39 10.6 0
      vertex 14.2068 20.039 0
    endloop
  endfacet
  facet normal 0 0 -1
    outer loop
      vertex 74.1531 53.6031 0
      vertex 80.7085 65.8918 0
      vertex 74.2068 53.389 0
    endloop
  endfacet
  facet normal 0 0 -1
    outer loop
      vertex 74.0787 53.811 0
      vertex 80.7085 65.8918 0
      vertex 74.1531 53.6031 0
    endloop
  endfacet
  facet normal 0 0 -1
    outer loop
      vertex 73.9843 54.0106 0
      vertex 80.7085 65.8918 0
      vertex 74.0787 53.811 0
    endloop
  endfacet
  facet normal 0 0 -1
    outer loop
      vertex 80.7085 65.8918 0
      vertex 73.9843 54.0106 0
      vertex 77.8527 65.1764 0
    endloop
  endfacet
  facet normal 0 0 -1
    outer loop
      vertex 73.8708 54.2 0
      vertex 77.8527 65.1764 0
      vertex 73.9843 54.0106 0
    endloop
  endfacet
  facet normal 0 0 -1
    outer loop
      vertex 73.7393 54.3774 0
      vertex 77.8527 65.1764 0
      vertex 73.8708 54.2 0
    endloop
  endfacet
  facet normal 0 0 -1
    outer loop
      vertex 73.591 54.541 0
      vertex 77.8527 65.1764 0
      vertex 73.7393 54.3774 0
    endloop
  endfacet
  facet normal 0 0 -1
    outer loop
      vertex 73.4274 54.6893 0
      vertex 77.8527 65.1764 0
      vertex 73.591 54.541 0
    endloop
  endfacet
  facet normal 0 0 -1
    outer loop
      vertex 77.8527 65.1764 0
      vertex 73.4274 54.6893 0
      vertex 74.9405 64.7445 0
    endloop
  endfacet
  facet normal 0 0 -1
    outer loop
      vertex 73.25 54.8208 0
      vertex 74.9405 64.7445 0
      vertex 73.4274 54.6893 0
    endloop
  endfacet
  facet normal 0 0 -1
    outer loop
      vertex 73.0606 54.9343 0
      vertex 74.9405 64.7445 0
      vertex 73.25 54.8208 0
    endloop
  endfacet
  facet normal 0 0 -1
    outer loop
      vertex 72.861 55.0287 0
      vertex 74.9405 64.7445 0
      vertex 73.0606 54.9343 0
    endloop
  endfacet
  facet normal 0 0 -1
    outer loop
      vertex 72.6531 55.1031 0
      vertex 74.9405 64.7445 0
      vertex 72.861 55.0287 0
    endloop
  endfacet
  facet normal 0 0 -1
    outer loop
      vertex 72.4389 55.1568 0
      vertex 74.9405 64.7445 0
      vertex 72.6531 55.1031 0
    endloop
  endfacet
  facet normal 0 0 -1
    outer loop
      vertex 72 64.6 0
      vertex 72.4389 55.1568 0
      vertex 72.2205 55.1892 0
    endloop
  endfacet
  facet normal 0 0 -1
    outer loop
      vertex 72 64.6 0
      vertex 72.2205 55.1892 0
      vertex 72 55.2 0
    endloop
  endfacet
  facet normal 0 0 -1
    outer loop
      vertex 72.4389 55.1568 0
      vertex 72 64.6 0
      vertex 74.9405 64.7445 0
    endloop
  endfacet
  facet normal 0 0 -1
    outer loop
      vertex 71.7795 55.1892 0
      vertex 72 64.6 0
      vertex 72 55.2 0
    endloop
  endfacet
  facet normal 0 0 -1
    outer loop
      vertex 71.5611 55.1568 0
      vertex 72 64.6 0
      vertex 71.7795 55.1892 0
    endloop
  endfacet
  facet normal 0 0 -1
    outer loop
      vertex 71.3469 55.1031 0
      vertex 72 64.6 0
      vertex 71.5611 55.1568 0
    endloop
  endfacet
  facet normal 0 0 -1
    outer loop
      vertex 69.0595 64.7445 0
      vertex 71.3469 55.1031 0
      vertex 71.139 55.0287 0
    endloop
  endfacet
  facet normal 0 0 -1
    outer loop
      vertex 69.0595 64.7445 0
      vertex 71.139 55.0287 0
      vertex 70.9394 54.9343 0
    endloop
  endfacet
  facet normal 0 0 -1
    outer loop
      vertex 69.0595 64.7445 0
      vertex 70.9394 54.9343 0
      vertex 70.75 54.8208 0
    endloop
  endfacet
  facet normal 0 0 -1
    outer loop
      vertex 69.0595 64.7445 0
      vertex 70.75 54.8208 0
      vertex 70.5726 54.6893 0
    endloop
  endfacet
  facet normal 0 0 -1
    outer loop
      vertex 69.0595 64.7445 0
      vertex 70.5726 54.6893 0
      vertex 70.409 54.541 0
    endloop
  endfacet
  facet normal 0 0 -1
    outer loop
      vertex 69.0595 64.7445 0
      vertex 70.409 54.541 0
      vertex 70.2607 54.3774 0
    endloop
  endfacet
  facet normal 0 0 -1
    outer loop
      vertex 69.0595 64.7445 0
      vertex 70.2607 54.3774 0
      vertex 70.1292 54.2 0
    endloop
  endfacet
  facet normal 0 0 -1
    outer loop
      vertex 69.0595 64.7445 0
      vertex 70.1292 54.2 0
      vertex 70.0157 54.0106 0
    endloop
  endfacet
  facet normal 0 0 -1
    outer loop
      vertex 69.0595 64.7445 0
      vertex 70.0157 54.0106 0
      vertex 69.9213 53.811 0
    endloop
  endfacet
  facet normal 0 0 -1
    outer loop
      vertex 69.0595 64.7445 0
      vertex 69.9213 53.811 0
      vertex 69.8469 53.6031 0
    endloop
  endfacet
  facet normal 0 0 -1
    outer loop
      vertex 69.0595 64.7445 0
      vertex 69.8469 53.6031 0
      vertex 69.7932 53.389 0
    endloop
  endfacet
  facet normal 0 0 -1
    outer loop
      vertex 71.3469 55.1031 0
      vertex 69.0595 64.7445 0
      vertex 72 64.6 0
    endloop
  endfacet
  facet normal 0 0 -1
    outer loop
      vertex 69.7608 53.1705 0
      vertex 69.0595 64.7445 0
      vertex 69.7932 53.389 0
    endloop
  endfacet
  facet normal 0 0 -1
    outer loop
      vertex 69.0595 64.7445 0
      vertex 69.7608 53.1705 0
      vertex 69.75 52.95 0
    endloop
  endfacet
  facet normal 0 0 -1
    outer loop
      vertex 134.207 20.039 0
      vertex 144 15.6 0
      vertex 134.239 19.8205 0
    endloop
  endfacet
  facet normal 0 0 -1
    outer loop
      vertex 144 15.6 0
      vertex 134.239 169.379 0
      vertex 134.25 169.6 0
    endloop
  endfacet
  facet normal 0 0 -1
    outer loop
      vertex 134.153 20.2531 0
      vertex 144 15.6 0
      vertex 134.207 20.039 0
    endloop
  endfacet
  facet normal 0 0 -1
    outer loop
      vertex 144 15.6 0
      vertex 134.207 169.161 0
      vertex 134.239 169.379 0
    endloop
  endfacet
  facet normal 0 0 -1
    outer loop
      vertex 134.079 20.461 0
      vertex 144 15.6 0
      vertex 134.153 20.2531 0
    endloop
  endfacet
  facet normal 0 0 -1
    outer loop
      vertex 144 15.6 0
      vertex 134.153 168.947 0
      vertex 134.207 169.161 0
    endloop
  endfacet
  facet normal 0 0 -1
    outer loop
      vertex 133.984 20.6606 0
      vertex 144 15.6 0
      vertex 134.079 20.461 0
    endloop
  endfacet
  facet normal 0 0 -1
    outer loop
      vertex 144 15.6 0
      vertex 134.079 168.739 0
      vertex 134.153 168.947 0
    endloop
  endfacet
  facet normal 0 0 -1
    outer loop
      vertex 133.871 20.85 0
      vertex 144 15.6 0
      vertex 133.984 20.6606 0
    endloop
  endfacet
  facet normal 0 0 -1
    outer loop
      vertex 144 15.6 0
      vertex 133.984 168.539 0
      vertex 134.079 168.739 0
    endloop
  endfacet
  facet normal 0 0 -1
    outer loop
      vertex 133.739 21.0274 0
      vertex 144 15.6 0
      vertex 133.871 20.85 0
    endloop
  endfacet
  facet normal 0 0 -1
    outer loop
      vertex 144 15.6 0
      vertex 133.871 168.35 0
      vertex 133.984 168.539 0
    endloop
  endfacet
  facet normal 0 0 -1
    outer loop
      vertex 133.591 21.191 0
      vertex 144 15.6 0
      vertex 133.739 21.0274 0
    endloop
  endfacet
  facet normal 0 0 -1
    outer loop
      vertex 144 15.6 0
      vertex 133.739 168.173 0
      vertex 133.871 168.35 0
    endloop
  endfacet
  facet normal 0 0 -1
    outer loop
      vertex 133.427 21.3393 0
      vertex 144 15.6 0
      vertex 133.591 21.191 0
    endloop
  endfacet
  facet normal 0 0 -1
    outer loop
      vertex 144 15.6 0
      vertex 133.591 168.009 0
      vertex 133.739 168.173 0
    endloop
  endfacet
  facet normal 0 0 -1
    outer loop
      vertex 133.25 21.4708 0
      vertex 144 15.6 0
      vertex 133.427 21.3393 0
    endloop
  endfacet
  facet normal 0 0 -1
    outer loop
      vertex 144 15.6 0
      vertex 102 94.6 0
      vertex 133.591 168.009 0
    endloop
  endfacet
  facet normal 0 0 -1
    outer loop
      vertex 101.856 91.6595 0
      vertex 144 15.6 0
      vertex 133.25 21.4708 0
    endloop
  endfacet
  facet normal 0 0 -1
    outer loop
      vertex 133.591 168.009 0
      vertex 102 94.6 0
      vertex 133.427 167.861 0
    endloop
  endfacet
  facet normal 0 0 -1
    outer loop
      vertex 101.856 91.6595 0
      vertex 133.25 21.4708 0
      vertex 133.061 21.5843 0
    endloop
  endfacet
  facet normal 0 0 -1
    outer loop
      vertex 101.856 97.5405 0
      vertex 133.427 167.861 0
      vertex 102 94.6 0
    endloop
  endfacet
  facet normal 0 0 -1
    outer loop
      vertex 101.856 91.6595 0
      vertex 133.061 21.5843 0
      vertex 132.861 21.6787 0
    endloop
  endfacet
  facet normal 0 0 -1
    outer loop
      vertex 133.427 167.861 0
      vertex 101.856 97.5405 0
      vertex 133.25 167.729 0
    endloop
  endfacet
  facet normal 0 0 -1
    outer loop
      vertex 101.856 91.6595 0
      vertex 132.861 21.6787 0
      vertex 132.653 21.7531 0
    endloop
  endfacet
  facet normal 0 0 -1
    outer loop
      vertex 101.424 100.453 0
      vertex 133.25 167.729 0
      vertex 101.856 97.5405 0
    endloop
  endfacet
  facet normal 0 0 -1
    outer loop
      vertex 101.856 91.6595 0
      vertex 132.653 21.7531 0
      vertex 132.439 21.8068 0
    endloop
  endfacet
  facet normal 0 0 -1
    outer loop
      vertex 133.25 167.729 0
      vertex 101.424 100.453 0
      vertex 133.061 167.616 0
    endloop
  endfacet
  facet normal 0 0 -1
    outer loop
      vertex 101.856 91.6595 0
      vertex 132.439 21.8068 0
      vertex 132.221 21.8392 0
    endloop
  endfacet
  facet normal 0 0 -1
    outer loop
      vertex 133.061 167.616 0
      vertex 101.424 100.453 0
      vertex 132.861 167.521 0
    endloop
  endfacet
  facet normal 0 0 -1
    outer loop
      vertex 101.856 91.6595 0
      vertex 132.221 21.8392 0
      vertex 132 21.85 0
    endloop
  endfacet
  facet normal 0 0 -1
    outer loop
      vertex 100.708 103.309 0
      vertex 132.861 167.521 0
      vertex 101.424 100.453 0
    endloop
  endfacet
  facet normal 0 0 -1
    outer loop
      vertex 101.856 91.6595 0
      vertex 132 21.85 0
      vertex 131.779 21.8392 0
    endloop
  endfacet
  facet normal 0 0 -1
    outer loop
      vertex 132.861 167.521 0
      vertex 100.708 103.309 0
      vertex 132.653 167.447 0
    endloop
  endfacet
  facet normal 0 0 -1
    outer loop
      vertex 101.856 91.6595 0
      vertex 131.779 21.8392 0
      vertex 131.561 21.8068 0
    endloop
  endfacet
  facet normal 0 0 -1
    outer loop
      vertex 99.7164 106.081 0
      vertex 132.653 167.447 0
      vertex 100.708 103.309 0
    endloop
  endfacet
  facet normal 0 0 -1
    outer loop
      vertex 101.856 91.6595 0
      vertex 131.561 21.8068 0
      vertex 131.347 21.7531 0
    endloop
  endfacet
  facet normal 0 0 -1
    outer loop
      vertex 132.653 167.447 0
      vertex 99.7164 106.081 0
      vertex 132.439 167.393 0
    endloop
  endfacet
  facet normal 0 0 -1
    outer loop
      vertex 101.856 91.6595 0
      vertex 131.347 21.7531 0
      vertex 131.139 21.6787 0
    endloop
  endfacet
  facet normal 0 0 -1
    outer loop
      vertex 132.439 167.393 0
      vertex 99.7164 106.081 0
      vertex 132.221 167.361 0
    endloop
  endfacet
  facet normal 0 0 -1
    outer loop
      vertex 101.856 91.6595 0
      vertex 131.139 21.6787 0
      vertex 130.939 21.5843 0
    endloop
  endfacet
  facet normal 0 0 -1
    outer loop
      vertex 98.4576 108.742 0
      vertex 132.221 167.361 0
      vertex 99.7164 106.081 0
    endloop
  endfacet
  facet normal 0 0 -1
    outer loop
      vertex 101.856 91.6595 0
      vertex 130.939 21.5843 0
      vertex 130.75 21.4708 0
    endloop
  endfacet
  facet normal 0 0 -1
    outer loop
      vertex 132.221 167.361 0
      vertex 98.4576 108.742 0
      vertex 132 167.35 0
    endloop
  endfacet
  facet normal 0 0 -1
    outer loop
      vertex 101.856 91.6595 0
      vertex 130.75 21.4708 0
      vertex 130.573 21.3393 0
    endloop
  endfacet
  facet normal -0 0 -1
    outer loop
      vertex 132 167.35 0
      vertex 98.4576 108.742 0
      vertex 131.779 167.361 0
    endloop
  endfacet
  facet normal 0 0 -1
    outer loop
      vertex 101.856 91.6595 0
      vertex 130.573 21.3393 0
      vertex 130.409 21.191 0
    endloop
  endfacet
  facet normal 0 0 -1
    outer loop
      vertex 96.9441 111.267 0
      vertex 131.779 167.361 0
      vertex 98.4576 108.742 0
    endloop
  endfacet
  facet normal 0 0 -1
    outer loop
      vertex 105 10.6 0
      vertex 130.409 21.191 0
      vertex 130.261 21.0274 0
    endloop
  endfacet
  facet normal -0 0 -1
    outer loop
      vertex 131.779 167.361 0
      vertex 96.9441 111.267 0
      vertex 131.561 167.393 0
    endloop
  endfacet
  facet normal 0 0 -1
    outer loop
      vertex 105 10.6 0
      vertex 130.261 21.0274 0
      vertex 130.129 20.85 0
    endloop
  endfacet
  facet normal 0 0 -1
    outer loop
      vertex 95.1903 113.632 0
      vertex 131.561 167.393 0
      vertex 96.9441 111.267 0
    endloop
  endfacet
  facet normal 0 0 -1
    outer loop
      vertex 105 10.6 0
      vertex 130.129 20.85 0
      vertex 130.016 20.6606 0
    endloop
  endfacet
  facet normal -0 0 -1
    outer loop
      vertex 131.561 167.393 0
      vertex 95.1903 113.632 0
      vertex 131.347 167.447 0
    endloop
  endfacet
  facet normal 0 0 -1
    outer loop
      vertex 105 10.6 0
      vertex 130.016 20.6606 0
      vertex 129.921 20.461 0
    endloop
  endfacet
  facet normal -0 0 -1
    outer loop
      vertex 131.347 167.447 0
      vertex 95.1903 113.632 0
      vertex 131.139 167.521 0
    endloop
  endfacet
  facet normal 0 0 -1
    outer loop
      vertex 105 10.6 0
      vertex 129.921 20.461 0
      vertex 129.847 20.2531 0
    endloop
  endfacet
  facet normal 0 0 -1
    outer loop
      vertex 93.2132 115.813 0
      vertex 131.139 167.521 0
      vertex 95.1903 113.632 0
    endloop
  endfacet
  facet normal 0 0 -1
    outer loop
      vertex 105 10.6 0
      vertex 129.847 20.2531 0
      vertex 129.793 20.039 0
    endloop
  endfacet
  facet normal -0 0 -1
    outer loop
      vertex 131.139 167.521 0
      vertex 93.2132 115.813 0
      vertex 130.939 167.616 0
    endloop
  endfacet
  facet normal 0 0 -1
    outer loop
      vertex 105 10.6 0
      vertex 129.793 20.039 0
      vertex 129.761 19.8205 0
    endloop
  endfacet
  facet normal -0 0 -1
    outer loop
      vertex 130.939 167.616 0
      vertex 93.2132 115.813 0
      vertex 130.75 167.729 0
    endloop
  endfacet
  facet normal 0 0 -1
    outer loop
      vertex 105 10.6 0
      vertex 129.761 19.8205 0
      vertex 129.75 19.6 0
    endloop
  endfacet
  facet normal 0 0 -1
    outer loop
      vertex 91.0318 117.79 0
      vertex 130.75 167.729 0
      vertex 93.2132 115.813 0
    endloop
  endfacet
  facet normal 0 0 -1
    outer loop
      vertex 144 15.6 0
      vertex 134.239 19.3795 0
      vertex 134.25 19.6 0
    endloop
  endfacet
  facet normal 0 0 -1
    outer loop
      vertex 139 10.6 0
      vertex 134.207 19.161 0
      vertex 134.239 19.3795 0
    endloop
  endfacet
  facet normal 0 0 -1
    outer loop
      vertex 139 10.6 0
      vertex 134.153 18.9469 0
      vertex 134.207 19.161 0
    endloop
  endfacet
  facet normal 0 0 -1
    outer loop
      vertex 139 10.6 0
      vertex 134.079 18.739 0
      vertex 134.153 18.9469 0
    endloop
  endfacet
  facet normal 0 0 -1
    outer loop
      vertex 139 10.6 0
      vertex 133.984 18.5394 0
      vertex 134.079 18.739 0
    endloop
  endfacet
  facet normal 0 0 -1
    outer loop
      vertex 139 10.6 0
      vertex 133.871 18.35 0
      vertex 133.984 18.5394 0
    endloop
  endfacet
  facet normal 0 0 -1
    outer loop
      vertex 139 10.6 0
      vertex 133.739 18.1726 0
      vertex 133.871 18.35 0
    endloop
  endfacet
  facet normal 0 0 -1
    outer loop
      vertex 139 10.6 0
      vertex 133.591 18.009 0
      vertex 133.739 18.1726 0
    endloop
  endfacet
  facet normal 0 0 -1
    outer loop
      vertex 135 10.6 0
      vertex 133.427 17.8607 0
      vertex 133.591 18.009 0
    endloop
  endfacet
  facet normal 0 0 -1
    outer loop
      vertex 135 10.6 0
      vertex 133.25 17.7292 0
      vertex 133.427 17.8607 0
    endloop
  endfacet
  facet normal 0 0 -1
    outer loop
      vertex 135 10.6 0
      vertex 133.061 17.6157 0
      vertex 133.25 17.7292 0
    endloop
  endfacet
  facet normal 0 0 -1
    outer loop
      vertex 135 10.6 0
      vertex 132.861 17.5213 0
      vertex 133.061 17.6157 0
    endloop
  endfacet
  facet normal 0 0 -1
    outer loop
      vertex 135 10.6 0
      vertex 132.653 17.4469 0
      vertex 132.861 17.5213 0
    endloop
  endfacet
  facet normal 0 0 -1
    outer loop
      vertex 135 10.6 0
      vertex 132.439 17.3932 0
      vertex 132.653 17.4469 0
    endloop
  endfacet
  facet normal 0 0 -1
    outer loop
      vertex 135 10.6 0
      vertex 132.221 17.3608 0
      vertex 132.439 17.3932 0
    endloop
  endfacet
  facet normal 0 0 -1
    outer loop
      vertex 135 10.6 0
      vertex 132 17.35 0
      vertex 132.221 17.3608 0
    endloop
  endfacet
  facet normal 0 0 -1
    outer loop
      vertex 135 10.6 0
      vertex 131.779 17.3608 0
      vertex 132 17.35 0
    endloop
  endfacet
  facet normal 0 0 -1
    outer loop
      vertex 135 10.6 0
      vertex 131.561 17.3932 0
      vertex 131.779 17.3608 0
    endloop
  endfacet
  facet normal 0 0 -1
    outer loop
      vertex 135 10.6 0
      vertex 131.347 17.4469 0
      vertex 131.561 17.3932 0
    endloop
  endfacet
  facet normal 0 0 -1
    outer loop
      vertex 135 10.6 0
      vertex 131.139 17.5213 0
      vertex 131.347 17.4469 0
    endloop
  endfacet
  facet normal 0 0 -1
    outer loop
      vertex 135 10.6 0
      vertex 130.939 17.6157 0
      vertex 131.139 17.5213 0
    endloop
  endfacet
  facet normal 0 0 -1
    outer loop
      vertex 135 10.6 0
      vertex 130.75 17.7292 0
      vertex 130.939 17.6157 0
    endloop
  endfacet
  facet normal 0 0 -1
    outer loop
      vertex 135 10.6 0
      vertex 130.573 17.8607 0
      vertex 130.75 17.7292 0
    endloop
  endfacet
  facet normal 0 0 -1
    outer loop
      vertex 135 10.6 0
      vertex 130.409 18.009 0
      vertex 130.573 17.8607 0
    endloop
  endfacet
  facet normal 0 0 -1
    outer loop
      vertex 105 10.6 0
      vertex 130.409 18.009 0
      vertex 135 10.6 0
    endloop
  endfacet
  facet normal -0 0 -1
    outer loop
      vertex 130.409 18.009 0
      vertex 105 10.6 0
      vertex 130.261 18.1726 0
    endloop
  endfacet
  facet normal 0 0 -1
    outer loop
      vertex 88.6671 69.6559 0
      vertex 130.409 21.191 0
      vertex 105 10.6 0
    endloop
  endfacet
  facet normal -0 0 -1
    outer loop
      vertex 129.761 19.3795 0
      vertex 105 10.6 0
      vertex 129.75 19.6 0
    endloop
  endfacet
  facet normal -0 0 -1
    outer loop
      vertex 129.793 19.161 0
      vertex 105 10.6 0
      vertex 129.761 19.3795 0
    endloop
  endfacet
  facet normal -0 0 -1
    outer loop
      vertex 129.847 18.9469 0
      vertex 105 10.6 0
      vertex 129.793 19.161 0
    endloop
  endfacet
  facet normal -0 0 -1
    outer loop
      vertex 129.921 18.739 0
      vertex 105 10.6 0
      vertex 129.847 18.9469 0
    endloop
  endfacet
  facet normal -0 0 -1
    outer loop
      vertex 130.016 18.5394 0
      vertex 105 10.6 0
      vertex 129.921 18.739 0
    endloop
  endfacet
  facet normal -0 0 -1
    outer loop
      vertex 130.129 18.35 0
      vertex 105 10.6 0
      vertex 130.016 18.5394 0
    endloop
  endfacet
  facet normal -0 0 -1
    outer loop
      vertex 130.261 18.1726 0
      vertex 105 10.6 0
      vertex 130.129 18.35 0
    endloop
  endfacet
  facet normal 0 0 -1
    outer loop
      vertex 139 10.6 0
      vertex 144 15.6 0
      vertex 143.976 15.1099 0
    endloop
  endfacet
  facet normal 0 0 -1
    outer loop
      vertex 144 15.6 0
      vertex 134.25 169.6 0
      vertex 144 181.6 0
    endloop
  endfacet
  facet normal 0 0 -1
    outer loop
      vertex 139 10.6 0
      vertex 143.976 15.1099 0
      vertex 143.904 14.6246 0
    endloop
  endfacet
  facet normal 0 0 -1
    outer loop
      vertex 134.239 169.821 0
      vertex 144 181.6 0
      vertex 134.25 169.6 0
    endloop
  endfacet
  facet normal 0 0 -1
    outer loop
      vertex 139 10.6 0
      vertex 143.904 14.6246 0
      vertex 143.785 14.1486 0
    endloop
  endfacet
  facet normal 0 0 -1
    outer loop
      vertex 134.207 170.039 0
      vertex 144 181.6 0
      vertex 134.239 169.821 0
    endloop
  endfacet
  facet normal 0 0 -1
    outer loop
      vertex 139 10.6 0
      vertex 143.785 14.1486 0
      vertex 143.619 13.6866 0
    endloop
  endfacet
  facet normal 0 0 -1
    outer loop
      vertex 134.153 170.253 0
      vertex 144 181.6 0
      vertex 134.207 170.039 0
    endloop
  endfacet
  facet normal 0 0 -1
    outer loop
      vertex 139 10.6 0
      vertex 143.619 13.6866 0
      vertex 143.41 13.243 0
    endloop
  endfacet
  facet normal 0 0 -1
    outer loop
      vertex 134.079 170.461 0
      vertex 144 181.6 0
      vertex 134.153 170.253 0
    endloop
  endfacet
  facet normal 0 0 -1
    outer loop
      vertex 139 10.6 0
      vertex 143.41 13.243 0
      vertex 143.157 12.8222 0
    endloop
  endfacet
  facet normal 0 0 -1
    outer loop
      vertex 133.984 170.661 0
      vertex 144 181.6 0
      vertex 134.079 170.461 0
    endloop
  endfacet
  facet normal 0 0 -1
    outer loop
      vertex 139 10.6 0
      vertex 143.157 12.8222 0
      vertex 142.865 12.428 0
    endloop
  endfacet
  facet normal 0 0 -1
    outer loop
      vertex 133.871 170.85 0
      vertex 144 181.6 0
      vertex 133.984 170.661 0
    endloop
  endfacet
  facet normal 0 0 -1
    outer loop
      vertex 139 10.6 0
      vertex 142.865 12.428 0
      vertex 142.536 12.0645 0
    endloop
  endfacet
  facet normal 0 0 -1
    outer loop
      vertex 133.739 171.027 0
      vertex 144 181.6 0
      vertex 133.871 170.85 0
    endloop
  endfacet
  facet normal 0 0 -1
    outer loop
      vertex 139 10.6 0
      vertex 142.536 12.0645 0
      vertex 142.172 11.7349 0
    endloop
  endfacet
  facet normal 0 0 -1
    outer loop
      vertex 133.591 171.191 0
      vertex 144 181.6 0
      vertex 133.739 171.027 0
    endloop
  endfacet
  facet normal 0 0 -1
    outer loop
      vertex 139 10.6 0
      vertex 142.172 11.7349 0
      vertex 141.778 11.4427 0
    endloop
  endfacet
  facet normal 0 0 -1
    outer loop
      vertex 133.427 171.339 0
      vertex 144 181.6 0
      vertex 133.591 171.191 0
    endloop
  endfacet
  facet normal 0 0 -1
    outer loop
      vertex 139 10.6 0
      vertex 141.778 11.4427 0
      vertex 141.357 11.1904 0
    endloop
  endfacet
  facet normal 0 0 -1
    outer loop
      vertex 133.25 171.471 0
      vertex 144 181.6 0
      vertex 133.427 171.339 0
    endloop
  endfacet
  facet normal 0 0 -1
    outer loop
      vertex 139 10.6 0
      vertex 141.357 11.1904 0
      vertex 140.913 10.9806 0
    endloop
  endfacet
  facet normal 0 0 -1
    outer loop
      vertex 133.061 171.584 0
      vertex 144 181.6 0
      vertex 133.25 171.471 0
    endloop
  endfacet
  facet normal 0 0 -1
    outer loop
      vertex 139 10.6 0
      vertex 140.913 10.9806 0
      vertex 140.451 10.8153 0
    endloop
  endfacet
  facet normal 0 -0 -1
    outer loop
      vertex 139 186.6 0
      vertex 144 181.6 0
      vertex 133.061 171.584 0
    endloop
  endfacet
  facet normal 0 0 -1
    outer loop
      vertex 139 10.6 0
      vertex 140.451 10.8153 0
      vertex 139.975 10.6961 0
    endloop
  endfacet
  facet normal 0 0 -1
    outer loop
      vertex 144 181.6 0
      vertex 139 186.6 0
      vertex 143.976 182.09 0
    endloop
  endfacet
  facet normal 0 0 -1
    outer loop
      vertex 139 10.6 0
      vertex 139.975 10.6961 0
      vertex 139.49 10.6241 0
    endloop
  endfacet
  facet normal 0 0 -1
    outer loop
      vertex 143.976 182.09 0
      vertex 139 186.6 0
      vertex 143.904 182.575 0
    endloop
  endfacet
  facet normal 0 0 -1
    outer loop
      vertex 134.239 19.3795 0
      vertex 144 15.6 0
      vertex 139 10.6 0
    endloop
  endfacet
  facet normal 0 0 -1
    outer loop
      vertex 143.904 182.575 0
      vertex 139 186.6 0
      vertex 143.785 183.051 0
    endloop
  endfacet
  facet normal 0 0 -1
    outer loop
      vertex 133.591 18.009 0
      vertex 139 10.6 0
      vertex 135 10.6 0
    endloop
  endfacet
  facet normal 0 0 -1
    outer loop
      vertex 134.239 19.8205 0
      vertex 144 15.6 0
      vertex 134.25 19.6 0
    endloop
  endfacet
  facet normal 0 0 -1
    outer loop
      vertex 143.785 183.051 0
      vertex 139 186.6 0
      vertex 143.619 183.513 0
    endloop
  endfacet
  facet normal 0 0 -1
    outer loop
      vertex 143.41 183.957 0
      vertex 139 186.6 0
      vertex 143.157 184.378 0
    endloop
  endfacet
  facet normal 0 0 -1
    outer loop
      vertex 143.157 184.378 0
      vertex 139 186.6 0
      vertex 142.865 184.772 0
    endloop
  endfacet
  facet normal 0 0 -1
    outer loop
      vertex 142.865 184.772 0
      vertex 139 186.6 0
      vertex 142.536 185.136 0
    endloop
  endfacet
  facet normal 0 0 -1
    outer loop
      vertex 142.536 185.136 0
      vertex 139 186.6 0
      vertex 142.172 185.465 0
    endloop
  endfacet
  facet normal 0 0 -1
    outer loop
      vertex 142.172 185.465 0
      vertex 139 186.6 0
      vertex 141.778 185.757 0
    endloop
  endfacet
  facet normal 0 0 -1
    outer loop
      vertex 141.357 186.01 0
      vertex 139 186.6 0
      vertex 140.913 186.219 0
    endloop
  endfacet
  facet normal 0 0 -1
    outer loop
      vertex 140.913 186.219 0
      vertex 139 186.6 0
      vertex 140.451 186.385 0
    endloop
  endfacet
  facet normal 0 0 -1
    outer loop
      vertex 140.451 186.385 0
      vertex 139 186.6 0
      vertex 139.975 186.504 0
    endloop
  endfacet
  facet normal 0 0 -1
    outer loop
      vertex 139.975 186.504 0
      vertex 139 186.6 0
      vertex 139.49 186.576 0
    endloop
  endfacet
  facet normal 0 0 -1
    outer loop
      vertex 141.778 185.757 0
      vertex 139 186.6 0
      vertex 141.357 186.01 0
    endloop
  endfacet
  facet normal 0 0 -1
    outer loop
      vertex 143.619 183.513 0
      vertex 139 186.6 0
      vertex 143.41 183.957 0
    endloop
  endfacet
  facet normal 0 0 -1
    outer loop
      vertex 132.861 171.679 0
      vertex 139 186.6 0
      vertex 133.061 171.584 0
    endloop
  endfacet
  facet normal 0 0 -1
    outer loop
      vertex 132.653 171.753 0
      vertex 139 186.6 0
      vertex 132.861 171.679 0
    endloop
  endfacet
  facet normal 0 0 -1
    outer loop
      vertex 132.439 171.807 0
      vertex 139 186.6 0
      vertex 132.653 171.753 0
    endloop
  endfacet
  facet normal 0 0 -1
    outer loop
      vertex 132.221 171.839 0
      vertex 139 186.6 0
      vertex 132.439 171.807 0
    endloop
  endfacet
  facet normal 0 0 -1
    outer loop
      vertex 132 171.85 0
      vertex 139 186.6 0
      vertex 132.221 171.839 0
    endloop
  endfacet
  facet normal 0 0 -1
    outer loop
      vertex 131.779 171.839 0
      vertex 139 186.6 0
      vertex 132 171.85 0
    endloop
  endfacet
  facet normal 0 0 -1
    outer loop
      vertex 131.561 171.807 0
      vertex 139 186.6 0
      vertex 131.779 171.839 0
    endloop
  endfacet
  facet normal 0 0 -1
    outer loop
      vertex 131.347 171.753 0
      vertex 139 186.6 0
      vertex 131.561 171.807 0
    endloop
  endfacet
  facet normal 0 0 -1
    outer loop
      vertex 131.139 171.679 0
      vertex 139 186.6 0
      vertex 131.347 171.753 0
    endloop
  endfacet
  facet normal 0 0 -1
    outer loop
      vertex 130.939 171.584 0
      vertex 139 186.6 0
      vertex 131.139 171.679 0
    endloop
  endfacet
  facet normal 0 0 -1
    outer loop
      vertex 130.75 171.471 0
      vertex 139 186.6 0
      vertex 130.939 171.584 0
    endloop
  endfacet
  facet normal 0 0 -1
    outer loop
      vertex 130.573 171.339 0
      vertex 139 186.6 0
      vertex 130.75 171.471 0
    endloop
  endfacet
  facet normal 0 0 -1
    outer loop
      vertex 130.409 171.191 0
      vertex 139 186.6 0
      vertex 130.573 171.339 0
    endloop
  endfacet
  facet normal 0 0 -1
    outer loop
      vertex 130.261 171.027 0
      vertex 139 186.6 0
      vertex 130.409 171.191 0
    endloop
  endfacet
  facet normal 0 0 -1
    outer loop
      vertex 130.129 170.85 0
      vertex 139 186.6 0
      vertex 130.261 171.027 0
    endloop
  endfacet
  facet normal 0 0 -1
    outer loop
      vertex 72 138.5 0
      vertex 130.129 170.85 0
      vertex 130.016 170.661 0
    endloop
  endfacet
  facet normal -0 0 -1
    outer loop
      vertex 130.75 167.729 0
      vertex 91.0318 117.79 0
      vertex 130.573 167.861 0
    endloop
  endfacet
  facet normal -0 0 -1
    outer loop
      vertex 130.573 167.861 0
      vertex 91.0318 117.79 0
      vertex 130.409 168.009 0
    endloop
  endfacet
  facet normal 0 0 -1
    outer loop
      vertex 88.6671 119.544 0
      vertex 130.409 168.009 0
      vertex 91.0318 117.79 0
    endloop
  endfacet
  facet normal -0 0 -1
    outer loop
      vertex 130.409 168.009 0
      vertex 88.6671 119.544 0
      vertex 130.261 168.173 0
    endloop
  endfacet
  facet normal 0 0 -1
    outer loop
      vertex 74.0787 137.111 0
      vertex 130.261 168.173 0
      vertex 88.6671 119.544 0
    endloop
  endfacet
  facet normal -0 0 -1
    outer loop
      vertex 130.261 168.173 0
      vertex 74.0787 137.111 0
      vertex 130.129 168.35 0
    endloop
  endfacet
  facet normal 0 0 -1
    outer loop
      vertex 73.9843 137.311 0
      vertex 130.129 168.35 0
      vertex 74.0787 137.111 0
    endloop
  endfacet
  facet normal -0 0 -1
    outer loop
      vertex 130.129 168.35 0
      vertex 73.9843 137.311 0
      vertex 130.016 168.539 0
    endloop
  endfacet
  facet normal 0 0 -1
    outer loop
      vertex 73.8708 137.5 0
      vertex 130.016 168.539 0
      vertex 73.9843 137.311 0
    endloop
  endfacet
  facet normal -0 0 -1
    outer loop
      vertex 130.016 168.539 0
      vertex 73.8708 137.5 0
      vertex 129.921 168.739 0
    endloop
  endfacet
  facet normal 0 0 -1
    outer loop
      vertex 73.7393 137.677 0
      vertex 129.921 168.739 0
      vertex 73.8708 137.5 0
    endloop
  endfacet
  facet normal -0 0 -1
    outer loop
      vertex 129.921 168.739 0
      vertex 73.7393 137.677 0
      vertex 129.847 168.947 0
    endloop
  endfacet
  facet normal 0 0 -1
    outer loop
      vertex 73.591 137.841 0
      vertex 129.847 168.947 0
      vertex 73.7393 137.677 0
    endloop
  endfacet
  facet normal -0 0 -1
    outer loop
      vertex 129.847 168.947 0
      vertex 73.591 137.841 0
      vertex 129.793 169.161 0
    endloop
  endfacet
  facet normal 0 0 -1
    outer loop
      vertex 73.4274 137.989 0
      vertex 129.793 169.161 0
      vertex 73.591 137.841 0
    endloop
  endfacet
  facet normal -0 0 -1
    outer loop
      vertex 129.793 169.161 0
      vertex 73.4274 137.989 0
      vertex 129.761 169.379 0
    endloop
  endfacet
  facet normal 0 0 -1
    outer loop
      vertex 73.25 138.121 0
      vertex 129.761 169.379 0
      vertex 73.4274 137.989 0
    endloop
  endfacet
  facet normal 0 0 -1
    outer loop
      vertex 74.1531 136.903 0
      vertex 88.6671 119.544 0
      vertex 86.1419 121.058 0
    endloop
  endfacet
  facet normal 0 0 -1
    outer loop
      vertex 74.2392 136.471 0
      vertex 86.1419 121.058 0
      vertex 83.4805 122.316 0
    endloop
  endfacet
  facet normal 0 0 -1
    outer loop
      vertex 74.2392 136.029 0
      vertex 83.4805 122.316 0
      vertex 80.7085 123.308 0
    endloop
  endfacet
  facet normal 0 0 -1
    outer loop
      vertex 74.2392 136.029 0
      vertex 80.7085 123.308 0
      vertex 77.8527 124.024 0
    endloop
  endfacet
  facet normal 0 0 -1
    outer loop
      vertex 73.4274 134.511 0
      vertex 77.8527 124.024 0
      vertex 74.9405 124.456 0
    endloop
  endfacet
  facet normal 0 0 -1
    outer loop
      vertex 83.4805 122.316 0
      vertex 74.25 136.25 0
      vertex 74.2392 136.471 0
    endloop
  endfacet
  facet normal 0 0 -1
    outer loop
      vertex 86.1419 121.058 0
      vertex 74.2392 136.471 0
      vertex 74.2068 136.689 0
    endloop
  endfacet
  facet normal 0 0 -1
    outer loop
      vertex 86.1419 121.058 0
      vertex 74.2068 136.689 0
      vertex 74.1531 136.903 0
    endloop
  endfacet
  facet normal 0 0 -1
    outer loop
      vertex 88.6671 119.544 0
      vertex 74.1531 136.903 0
      vertex 74.0787 137.111 0
    endloop
  endfacet
  facet normal -0 0 -1
    outer loop
      vertex 129.761 169.379 0
      vertex 73.25 138.121 0
      vertex 129.75 169.6 0
    endloop
  endfacet
  facet normal 0 0 -1
    outer loop
      vertex 73.0606 138.234 0
      vertex 129.75 169.6 0
      vertex 73.25 138.121 0
    endloop
  endfacet
  facet normal -0 0 -1
    outer loop
      vertex 129.75 169.6 0
      vertex 73.0606 138.234 0
      vertex 129.761 169.821 0
    endloop
  endfacet
  facet normal 0 0 -1
    outer loop
      vertex 72.861 138.329 0
      vertex 129.761 169.821 0
      vertex 73.0606 138.234 0
    endloop
  endfacet
  facet normal -0 0 -1
    outer loop
      vertex 129.761 169.821 0
      vertex 72.861 138.329 0
      vertex 129.793 170.039 0
    endloop
  endfacet
  facet normal 0 0 -1
    outer loop
      vertex 72.6531 138.403 0
      vertex 129.793 170.039 0
      vertex 72.861 138.329 0
    endloop
  endfacet
  facet normal -0 0 -1
    outer loop
      vertex 129.793 170.039 0
      vertex 72.6531 138.403 0
      vertex 129.847 170.253 0
    endloop
  endfacet
  facet normal 0 0 -1
    outer loop
      vertex 72.4389 138.457 0
      vertex 129.847 170.253 0
      vertex 72.6531 138.403 0
    endloop
  endfacet
  facet normal -0 0 -1
    outer loop
      vertex 129.847 170.253 0
      vertex 72.4389 138.457 0
      vertex 129.921 170.461 0
    endloop
  endfacet
  facet normal 0 0 -1
    outer loop
      vertex 72.2205 138.489 0
      vertex 129.921 170.461 0
      vertex 72.4389 138.457 0
    endloop
  endfacet
  facet normal -0 0 -1
    outer loop
      vertex 129.921 170.461 0
      vertex 72.2205 138.489 0
      vertex 130.016 170.661 0
    endloop
  endfacet
  facet normal 0 0 -1
    outer loop
      vertex 72 138.5 0
      vertex 130.016 170.661 0
      vertex 72.2205 138.489 0
    endloop
  endfacet
  facet normal -0 0 -1
    outer loop
      vertex 130.129 170.85 0
      vertex 72 138.5 0
      vertex 13.8708 170.85 0
    endloop
  endfacet
  facet normal 0 0 -1
    outer loop
      vertex 13.9843 170.661 0
      vertex 72 138.5 0
      vertex 71.7795 138.489 0
    endloop
  endfacet
  facet normal 0 0 -1
    outer loop
      vertex 14.0787 170.461 0
      vertex 71.7795 138.489 0
      vertex 71.5611 138.457 0
    endloop
  endfacet
  facet normal 0 0 -1
    outer loop
      vertex 14.1531 170.253 0
      vertex 71.5611 138.457 0
      vertex 71.3469 138.403 0
    endloop
  endfacet
  facet normal 0 0 -1
    outer loop
      vertex 14.2068 170.039 0
      vertex 71.3469 138.403 0
      vertex 71.139 138.329 0
    endloop
  endfacet
  facet normal 0 0 -1
    outer loop
      vertex 14.2392 169.821 0
      vertex 71.139 138.329 0
      vertex 70.9394 138.234 0
    endloop
  endfacet
  facet normal 0 0 -1
    outer loop
      vertex 14.25 169.6 0
      vertex 70.9394 138.234 0
      vertex 70.75 138.121 0
    endloop
  endfacet
  facet normal -0 0 -1
    outer loop
      vertex 69.7932 135.811 0
      vertex 63.2915 123.308 0
      vertex 69.7608 136.029 0
    endloop
  endfacet
  facet normal 0 0 -1
    outer loop
      vertex 60.5195 122.316 0
      vertex 69.7608 136.029 0
      vertex 63.2915 123.308 0
    endloop
  endfacet
  facet normal -0 0 -1
    outer loop
      vertex 69.7608 136.029 0
      vertex 60.5195 122.316 0
      vertex 69.75 136.25 0
    endloop
  endfacet
  facet normal -0 0 -1
    outer loop
      vertex 69.75 136.25 0
      vertex 60.5195 122.316 0
      vertex 69.7608 136.471 0
    endloop
  endfacet
  facet normal 0 0 -1
    outer loop
      vertex 57.8581 121.058 0
      vertex 69.7608 136.471 0
      vertex 60.5195 122.316 0
    endloop
  endfacet
  facet normal -0 0 -1
    outer loop
      vertex 69.7608 136.471 0
      vertex 57.8581 121.058 0
      vertex 69.7932 136.689 0
    endloop
  endfacet
  facet normal -0 0 -1
    outer loop
      vertex 69.7932 136.689 0
      vertex 57.8581 121.058 0
      vertex 69.8469 136.903 0
    endloop
  endfacet
  facet normal 0 0 -1
    outer loop
      vertex 55.3329 119.544 0
      vertex 69.8469 136.903 0
      vertex 57.8581 121.058 0
    endloop
  endfacet
  facet normal -0 0 -1
    outer loop
      vertex 69.8469 136.903 0
      vertex 55.3329 119.544 0
      vertex 69.9213 137.111 0
    endloop
  endfacet
  facet normal 0 0 -1
    outer loop
      vertex 14.25 169.6 0
      vertex 69.9213 137.111 0
      vertex 55.3329 119.544 0
    endloop
  endfacet
  facet normal 0 0 -1
    outer loop
      vertex 69.9213 137.111 0
      vertex 14.25 169.6 0
      vertex 70.0157 137.311 0
    endloop
  endfacet
  facet normal 0 0 -1
    outer loop
      vertex 70.0157 137.311 0
      vertex 14.25 169.6 0
      vertex 70.1292 137.5 0
    endloop
  endfacet
  facet normal 0 0 -1
    outer loop
      vertex 14.25 169.6 0
      vertex 55.3329 119.544 0
      vertex 52.9682 117.79 0
    endloop
  endfacet
  facet normal 0 0 -1
    outer loop
      vertex 14.25 169.6 0
      vertex 52.9682 117.79 0
      vertex 50.7868 115.813 0
    endloop
  endfacet
  facet normal 0 0 -1
    outer loop
      vertex 14.25 169.6 0
      vertex 50.7868 115.813 0
      vertex 48.8097 113.632 0
    endloop
  endfacet
  facet normal 0 0 -1
    outer loop
      vertex 13.4274 21.3393 0
      vertex 52.9682 71.4097 0
      vertex 13.591 21.191 0
    endloop
  endfacet
  facet normal 0 0 -1
    outer loop
      vertex 13.25 21.4708 0
      vertex 52.9682 71.4097 0
      vertex 13.4274 21.3393 0
    endloop
  endfacet
  facet normal 0 0 -1
    outer loop
      vertex 42 94.6 0
      vertex 14.25 169.6 0
      vertex 42.1445 97.5405 0
    endloop
  endfacet
  facet normal 0 0 -1
    outer loop
      vertex 42.1445 97.5405 0
      vertex 14.25 169.6 0
      vertex 42.5764 100.453 0
    endloop
  endfacet
  facet normal 0 0 -1
    outer loop
      vertex 42.5764 100.453 0
      vertex 14.25 169.6 0
      vertex 43.2918 103.309 0
    endloop
  endfacet
  facet normal 0 0 -1
    outer loop
      vertex 14.25 169.6 0
      vertex 44.2836 106.081 0
      vertex 43.2918 103.309 0
    endloop
  endfacet
  facet normal 0 0 -1
    outer loop
      vertex 14.25 169.6 0
      vertex 45.5424 108.742 0
      vertex 44.2836 106.081 0
    endloop
  endfacet
  facet normal 0 0 -1
    outer loop
      vertex 14.25 169.6 0
      vertex 47.0559 111.267 0
      vertex 45.5424 108.742 0
    endloop
  endfacet
  facet normal 0 0 -1
    outer loop
      vertex 14.25 169.6 0
      vertex 48.8097 113.632 0
      vertex 47.0559 111.267 0
    endloop
  endfacet
  facet normal 0 0 -1
    outer loop
      vertex 70.1292 137.5 0
      vertex 14.25 169.6 0
      vertex 70.2607 137.677 0
    endloop
  endfacet
  facet normal 0 0 -1
    outer loop
      vertex 14.25 169.6 0
      vertex 70.409 137.841 0
      vertex 70.2607 137.677 0
    endloop
  endfacet
  facet normal 0 0 -1
    outer loop
      vertex 14.25 169.6 0
      vertex 70.5726 137.989 0
      vertex 70.409 137.841 0
    endloop
  endfacet
  facet normal 0 0 -1
    outer loop
      vertex 14.25 169.6 0
      vertex 70.75 138.121 0
      vertex 70.5726 137.989 0
    endloop
  endfacet
  facet normal 0 0 -1
    outer loop
      vertex 70.9394 138.234 0
      vertex 14.25 169.6 0
      vertex 14.2392 169.821 0
    endloop
  endfacet
  facet normal 0 0 -1
    outer loop
      vertex 71.139 138.329 0
      vertex 14.2392 169.821 0
      vertex 14.2068 170.039 0
    endloop
  endfacet
  facet normal 0 0 -1
    outer loop
      vertex 71.3469 138.403 0
      vertex 14.2068 170.039 0
      vertex 14.1531 170.253 0
    endloop
  endfacet
  facet normal 0 0 -1
    outer loop
      vertex 71.5611 138.457 0
      vertex 14.1531 170.253 0
      vertex 14.0787 170.461 0
    endloop
  endfacet
  facet normal 0 0 -1
    outer loop
      vertex 71.7795 138.489 0
      vertex 14.0787 170.461 0
      vertex 13.9843 170.661 0
    endloop
  endfacet
  facet normal 0 0 -1
    outer loop
      vertex 72 138.5 0
      vertex 13.9843 170.661 0
      vertex 13.8708 170.85 0
    endloop
  endfacet
  facet normal 0 0 -1
    outer loop
      vertex 130.129 170.85 0
      vertex 13.8708 170.85 0
      vertex 139 186.6 0
    endloop
  endfacet
  facet normal 0 0 -1
    outer loop
      vertex 13.7393 171.027 0
      vertex 139 186.6 0
      vertex 13.8708 170.85 0
    endloop
  endfacet
  facet normal 0 0 -1
    outer loop
      vertex 5 186.6 0
      vertex 13.7393 171.027 0
      vertex 13.591 171.191 0
    endloop
  endfacet
  facet normal 0 0 -1
    outer loop
      vertex 5 186.6 0
      vertex 13.591 171.191 0
      vertex 13.4274 171.339 0
    endloop
  endfacet
  facet normal 0 0 -1
    outer loop
      vertex 5 186.6 0
      vertex 13.4274 171.339 0
      vertex 13.25 171.471 0
    endloop
  endfacet
  facet normal 0 0 -1
    outer loop
      vertex 5 186.6 0
      vertex 13.25 171.471 0
      vertex 13.0606 171.584 0
    endloop
  endfacet
  facet normal 0 0 -1
    outer loop
      vertex 5 186.6 0
      vertex 13.0606 171.584 0
      vertex 12.861 171.679 0
    endloop
  endfacet
  facet normal 0 0 -1
    outer loop
      vertex 5 186.6 0
      vertex 12.861 171.679 0
      vertex 12.6531 171.753 0
    endloop
  endfacet
  facet normal 0 0 -1
    outer loop
      vertex 5 186.6 0
      vertex 12.6531 171.753 0
      vertex 12.439 171.807 0
    endloop
  endfacet
  facet normal 0 0 -1
    outer loop
      vertex 5 186.6 0
      vertex 12.439 171.807 0
      vertex 12.2205 171.839 0
    endloop
  endfacet
  facet normal 0 0 -1
    outer loop
      vertex 5 186.6 0
      vertex 12.2205 171.839 0
      vertex 12 171.85 0
    endloop
  endfacet
  facet normal 0 0 -1
    outer loop
      vertex 5 186.6 0
      vertex 12 171.85 0
      vertex 11.7795 171.839 0
    endloop
  endfacet
  facet normal -0 0 -1
    outer loop
      vertex 9.76083 19.3795 0
      vertex 0 15.6 0
      vertex 9.75 19.6 0
    endloop
  endfacet
  facet normal 0 0 -1
    outer loop
      vertex 13.7393 171.027 0
      vertex 5 186.6 0
      vertex 139 186.6 0
    endloop
  endfacet
  facet normal 0 0 -1
    outer loop
      vertex 11.561 171.807 0
      vertex 5 186.6 0
      vertex 11.7795 171.839 0
    endloop
  endfacet
  facet normal 0 0 -1
    outer loop
      vertex 11.3469 171.753 0
      vertex 5 186.6 0
      vertex 11.561 171.807 0
    endloop
  endfacet
  facet normal 0 0 -1
    outer loop
      vertex 11.139 171.679 0
      vertex 5 186.6 0
      vertex 11.3469 171.753 0
    endloop
  endfacet
  facet normal 0 0 -1
    outer loop
      vertex 10.9394 171.584 0
      vertex 5 186.6 0
      vertex 11.139 171.679 0
    endloop
  endfacet
  facet normal 0 0 -1
    outer loop
      vertex 0 181.6 0
      vertex 10.9394 171.584 0
      vertex 10.75 171.471 0
    endloop
  endfacet
  facet normal 0 0 -1
    outer loop
      vertex 0 181.6 0
      vertex 10.75 171.471 0
      vertex 10.5726 171.339 0
    endloop
  endfacet
  facet normal 0 0 -1
    outer loop
      vertex 0 181.6 0
      vertex 10.5726 171.339 0
      vertex 10.409 171.191 0
    endloop
  endfacet
  facet normal 0 0 -1
    outer loop
      vertex 0 181.6 0
      vertex 10.409 171.191 0
      vertex 10.2607 171.027 0
    endloop
  endfacet
  facet normal 0 0 -1
    outer loop
      vertex 0 181.6 0
      vertex 10.2607 171.027 0
      vertex 10.1292 170.85 0
    endloop
  endfacet
  facet normal 0 0 -1
    outer loop
      vertex 0 181.6 0
      vertex 10.1292 170.85 0
      vertex 10.0157 170.661 0
    endloop
  endfacet
  facet normal 0 0 -1
    outer loop
      vertex 0 181.6 0
      vertex 10.0157 170.661 0
      vertex 9.92127 170.461 0
    endloop
  endfacet
  facet normal 0 0 -1
    outer loop
      vertex 0 181.6 0
      vertex 9.92127 170.461 0
      vertex 9.84688 170.253 0
    endloop
  endfacet
  facet normal 0 0 -1
    outer loop
      vertex 0 181.6 0
      vertex 9.84688 170.253 0
      vertex 9.79323 170.039 0
    endloop
  endfacet
  facet normal 0 0 -1
    outer loop
      vertex 0 181.6 0
      vertex 9.79323 170.039 0
      vertex 9.76083 169.821 0
    endloop
  endfacet
  facet normal 0 0 -1
    outer loop
      vertex 0 181.6 0
      vertex 9.76083 169.821 0
      vertex 9.75 169.6 0
    endloop
  endfacet
  facet normal 0 0 -1
    outer loop
      vertex 9.79323 169.161 0
      vertex 0 181.6 0
      vertex 9.76083 169.379 0
    endloop
  endfacet
  facet normal 0 0 -1
    outer loop
      vertex 0 15.6 0
      vertex 5 10.6 0
      vertex 4.50992 10.6241 0
    endloop
  endfacet
  facet normal 0 0 -1
    outer loop
      vertex 9.76083 169.379 0
      vertex 0 181.6 0
      vertex 9.75 169.6 0
    endloop
  endfacet
  facet normal 0 0 -1
    outer loop
      vertex 0 15.6 0
      vertex 4.50992 10.6241 0
      vertex 4.02455 10.6961 0
    endloop
  endfacet
  facet normal 0 0 -1
    outer loop
      vertex 10.9394 171.584 0
      vertex 0 181.6 0
      vertex 5 186.6 0
    endloop
  endfacet
  facet normal 0 0 -1
    outer loop
      vertex 0 15.6 0
      vertex 4.02455 10.6961 0
      vertex 3.54858 10.8153 0
    endloop
  endfacet
  facet normal 0 0 -1
    outer loop
      vertex 5 186.6 0
      vertex 0 181.6 0
      vertex 4.50992 186.576 0
    endloop
  endfacet
  facet normal 0 0 -1
    outer loop
      vertex 0 15.6 0
      vertex 3.54858 10.8153 0
      vertex 3.08658 10.9806 0
    endloop
  endfacet
  facet normal 0 0 -1
    outer loop
      vertex 4.50992 186.576 0
      vertex 0 181.6 0
      vertex 4.02455 186.504 0
    endloop
  endfacet
  facet normal 0 0 -1
    outer loop
      vertex 0 15.6 0
      vertex 3.08658 10.9806 0
      vertex 2.64302 11.1904 0
    endloop
  endfacet
  facet normal 0 0 -1
    outer loop
      vertex 4.02455 186.504 0
      vertex 0 181.6 0
      vertex 3.54858 186.385 0
    endloop
  endfacet
  facet normal 0 0 -1
    outer loop
      vertex 0 15.6 0
      vertex 2.64302 11.1904 0
      vertex 2.22215 11.4427 0
    endloop
  endfacet
  facet normal 0 0 -1
    outer loop
      vertex 3.54858 186.385 0
      vertex 0 181.6 0
      vertex 3.08658 186.219 0
    endloop
  endfacet
  facet normal 0 0 -1
    outer loop
      vertex 0 15.6 0
      vertex 2.22215 11.4427 0
      vertex 1.82803 11.7349 0
    endloop
  endfacet
  facet normal 0 0 -1
    outer loop
      vertex 3.08658 186.219 0
      vertex 0 181.6 0
      vertex 2.64302 186.01 0
    endloop
  endfacet
  facet normal 0 0 -1
    outer loop
      vertex 0 15.6 0
      vertex 1.82803 11.7349 0
      vertex 1.46446 12.0645 0
    endloop
  endfacet
  facet normal 0 0 -1
    outer loop
      vertex 2.64302 186.01 0
      vertex 0 181.6 0
      vertex 2.22215 185.757 0
    endloop
  endfacet
  facet normal 0 0 -1
    outer loop
      vertex 0 15.6 0
      vertex 1.46446 12.0645 0
      vertex 1.13495 12.428 0
    endloop
  endfacet
  facet normal 0 0 -1
    outer loop
      vertex 2.22215 185.757 0
      vertex 0 181.6 0
      vertex 1.82803 185.465 0
    endloop
  endfacet
  facet normal 0 0 -1
    outer loop
      vertex 0 15.6 0
      vertex 1.13495 12.428 0
      vertex 0.842651 12.8222 0
    endloop
  endfacet
  facet normal 0 0 -1
    outer loop
      vertex 1.82803 185.465 0
      vertex 0 181.6 0
      vertex 1.46446 185.136 0
    endloop
  endfacet
  facet normal 0 0 -1
    outer loop
      vertex 0 15.6 0
      vertex 0.842651 12.8222 0
      vertex 0.590393 13.243 0
    endloop
  endfacet
  facet normal 0 0 -1
    outer loop
      vertex 1.46446 185.136 0
      vertex 0 181.6 0
      vertex 1.13495 184.772 0
    endloop
  endfacet
  facet normal 0 0 -1
    outer loop
      vertex 0 15.6 0
      vertex 0.590393 13.243 0
      vertex 0.3806 13.6866 0
    endloop
  endfacet
  facet normal 0 0 -1
    outer loop
      vertex 1.13495 184.772 0
      vertex 0 181.6 0
      vertex 0.842651 184.378 0
    endloop
  endfacet
  facet normal 0 0 -1
    outer loop
      vertex 0 15.6 0
      vertex 0.3806 13.6866 0
      vertex 0.215302 14.1486 0
    endloop
  endfacet
  facet normal 0 0 -1
    outer loop
      vertex 0.842651 184.378 0
      vertex 0 181.6 0
      vertex 0.590393 183.957 0
    endloop
  endfacet
  facet normal 0 0 -1
    outer loop
      vertex 0 15.6 0
      vertex 0.215302 14.1486 0
      vertex 0.0960693 14.6246 0
    endloop
  endfacet
  facet normal 0 0 -1
    outer loop
      vertex 0.590393 183.957 0
      vertex 0 181.6 0
      vertex 0.3806 183.513 0
    endloop
  endfacet
  facet normal 0 0 -1
    outer loop
      vertex 0 15.6 0
      vertex 0.0960693 14.6246 0
      vertex 0.0240784 15.1099 0
    endloop
  endfacet
  facet normal 0 0 -1
    outer loop
      vertex 0.3806 183.513 0
      vertex 0 181.6 0
      vertex 0.215302 183.051 0
    endloop
  endfacet
  facet normal 0 0 -1
    outer loop
      vertex 0.215302 183.051 0
      vertex 0 181.6 0
      vertex 0.0960693 182.575 0
    endloop
  endfacet
  facet normal 0 0 -1
    outer loop
      vertex 0.0960693 182.575 0
      vertex 0 181.6 0
      vertex 0.0240784 182.09 0
    endloop
  endfacet
  facet normal 0 -0.572026 -0.820235
    outer loop
      vertex 9 2.22215 5.84265
      vertex 39 10.6 0
      vertex 39 2.22215 5.84265
    endloop
  endfacet
  facet normal -0 -0.572026 -0.820235
    outer loop
      vertex 39 10.6 0
      vertex 9 2.22215 5.84265
      vertex 9 10.6 0
    endloop
  endfacet
  facet normal 1 0 0
    outer loop
      vertex 39 8.17197 13.8651
      vertex 39 5.99519 10.098
      vertex 39 6 10
    endloop
  endfacet
  facet normal 1 0 0
    outer loop
      vertex 39 6.91342 14.6194
      vertex 39 5.98079 10.1951
      vertex 39 5.99519 10.098
    endloop
  endfacet
  facet normal 1 0 0
    outer loop
      vertex 39 5.29028 10.9569
      vertex 39 6.45142 14.7847
      vertex 39 5.97545 14.9039
    endloop
  endfacet
  facet normal 1 0 0
    outer loop
      vertex 39 6.91342 14.6194
      vertex 39 5.95694 10.2903
      vertex 39 5.98079 10.1951
    endloop
  endfacet
  facet normal 1 0 0
    outer loop
      vertex 39 6.91342 14.6194
      vertex 39 5.92388 10.3827
      vertex 39 5.95694 10.2903
    endloop
  endfacet
  facet normal 1 0 0
    outer loop
      vertex 39 6.91342 14.6194
      vertex 39 5.88192 10.4714
      vertex 39 5.92388 10.3827
    endloop
  endfacet
  facet normal 1 0 0
    outer loop
      vertex 39 6.91342 14.6194
      vertex 39 5.83147 10.5556
      vertex 39 5.88192 10.4714
    endloop
  endfacet
  facet normal 1 0 0
    outer loop
      vertex 39 6.91342 14.6194
      vertex 39 5.77301 10.6344
      vertex 39 5.83147 10.5556
    endloop
  endfacet
  facet normal 1 0 0
    outer loop
      vertex 39 6.91342 14.6194
      vertex 39 5.70711 10.7071
      vertex 39 5.77301 10.6344
    endloop
  endfacet
  facet normal 1 0 0
    outer loop
      vertex 39 6.91342 14.6194
      vertex 39 5.63439 10.773
      vertex 39 5.70711 10.7071
    endloop
  endfacet
  facet normal 1 0 0
    outer loop
      vertex 39 6.91342 14.6194
      vertex 39 5.55557 10.8315
      vertex 39 5.63439 10.773
    endloop
  endfacet
  facet normal 1 0 0
    outer loop
      vertex 39 5.19509 10.9808
      vertex 39 5.97545 14.9039
      vertex 39 5.49009 14.9759
    endloop
  endfacet
  facet normal 1 0 0
    outer loop
      vertex 39 6.91342 14.6194
      vertex 39 5.4714 10.8819
      vertex 39 5.55557 10.8315
    endloop
  endfacet
  facet normal 1 0 0
    outer loop
      vertex 39 6.91342 14.6194
      vertex 39 5.38268 10.9239
      vertex 39 5.4714 10.8819
    endloop
  endfacet
  facet normal 1 0 0
    outer loop
      vertex 39 6.45142 14.7847
      vertex 39 5.29028 10.9569
      vertex 39 5.38268 10.9239
    endloop
  endfacet
  facet normal 1 0 0
    outer loop
      vertex 39 5.97545 14.9039
      vertex 39 5.19509 10.9808
      vertex 39 5.29028 10.9569
    endloop
  endfacet
  facet normal 1 0 0
    outer loop
      vertex 39 5.49009 14.9759
      vertex 39 5.09802 10.9952
      vertex 39 5.19509 10.9808
    endloop
  endfacet
  facet normal 1 0 0
    outer loop
      vertex 39 5 15
      vertex 39 5.09802 10.9952
      vertex 39 5.49009 14.9759
    endloop
  endfacet
  facet normal 1 0 0
    outer loop
      vertex 39 5 15
      vertex 39 5 11
      vertex 39 5.09802 10.9952
    endloop
  endfacet
  facet normal 1 0 0
    outer loop
      vertex 39 5 15
      vertex 39 4.90198 10.9952
      vertex 39 5 11
    endloop
  endfacet
  facet normal 1 -0 0
    outer loop
      vertex 39 4.50991 14.9759
      vertex 39 4.90198 10.9952
      vertex 39 5 15
    endloop
  endfacet
  facet normal 1 0 0
    outer loop
      vertex 39 4.90198 10.9952
      vertex 39 4.50991 14.9759
      vertex 39 4.80491 10.9808
    endloop
  endfacet
  facet normal 1 -0 0
    outer loop
      vertex 39 4.02455 14.9039
      vertex 39 4.80491 10.9808
      vertex 39 4.50991 14.9759
    endloop
  endfacet
  facet normal 1 0 0
    outer loop
      vertex 39 4.80491 10.9808
      vertex 39 4.02455 14.9039
      vertex 39 4.70972 10.9569
    endloop
  endfacet
  facet normal 1 -0 0
    outer loop
      vertex 39 3.54858 14.7847
      vertex 39 4.70972 10.9569
      vertex 39 4.02455 14.9039
    endloop
  endfacet
  facet normal 1 0 0
    outer loop
      vertex 39 4.70972 10.9569
      vertex 39 3.54858 14.7847
      vertex 39 4.61732 10.9239
    endloop
  endfacet
  facet normal 1 -0 0
    outer loop
      vertex 39 3.08658 14.6194
      vertex 39 4.61732 10.9239
      vertex 39 3.54858 14.7847
    endloop
  endfacet
  facet normal 1 0 0
    outer loop
      vertex 39 4.61732 10.9239
      vertex 39 3.08658 14.6194
      vertex 39 4.5286 10.8819
    endloop
  endfacet
  facet normal 1 -0 0
    outer loop
      vertex 39 2.64302 14.4096
      vertex 39 4.5286 10.8819
      vertex 39 3.08658 14.6194
    endloop
  endfacet
  facet normal 1 0 0
    outer loop
      vertex 39 4.5286 10.8819
      vertex 39 2.64302 14.4096
      vertex 39 4.44443 10.8315
    endloop
  endfacet
  facet normal 1 -0 0
    outer loop
      vertex 39 2.22215 14.1573
      vertex 39 4.44443 10.8315
      vertex 39 2.64302 14.4096
    endloop
  endfacet
  facet normal 1 0 0
    outer loop
      vertex 39 4.44443 10.8315
      vertex 39 2.22215 14.1573
      vertex 39 4.36561 10.773
    endloop
  endfacet
  facet normal 1 -0 0
    outer loop
      vertex 39 1.82803 13.8651
      vertex 39 4.36561 10.773
      vertex 39 2.22215 14.1573
    endloop
  endfacet
  facet normal 1 0 0
    outer loop
      vertex 39 4.36561 10.773
      vertex 39 1.82803 13.8651
      vertex 39 4.29289 10.7071
    endloop
  endfacet
  facet normal 1 -0 0
    outer loop
      vertex 39 1.46447 13.5355
      vertex 39 4.29289 10.7071
      vertex 39 1.82803 13.8651
    endloop
  endfacet
  facet normal 1 0 0
    outer loop
      vertex 39 4.29289 10.7071
      vertex 39 1.46447 13.5355
      vertex 39 4.22699 10.6344
    endloop
  endfacet
  facet normal 1 -0 0
    outer loop
      vertex 39 1.13495 13.172
      vertex 39 4.22699 10.6344
      vertex 39 1.46447 13.5355
    endloop
  endfacet
  facet normal 1 0 0
    outer loop
      vertex 39 4.22699 10.6344
      vertex 39 1.13495 13.172
      vertex 39 4.16853 10.5556
    endloop
  endfacet
  facet normal 1 0 0
    outer loop
      vertex 39 8.17197 13.8651
      vertex 39 10.6 4
      vertex 39 20.6 4
    endloop
  endfacet
  facet normal 1 -0 0
    outer loop
      vertex 39 5.99519 9.90198
      vertex 39 10.6 4
      vertex 39 8.17197 13.8651
    endloop
  endfacet
  facet normal 1 0 0
    outer loop
      vertex 39 5.99519 10.098
      vertex 39 8.17197 13.8651
      vertex 39 7.77785 14.1573
    endloop
  endfacet
  facet normal 1 0 0
    outer loop
      vertex 39 5.99519 10.098
      vertex 39 7.77785 14.1573
      vertex 39 7.35698 14.4096
    endloop
  endfacet
  facet normal 1 0 0
    outer loop
      vertex 39 5.99519 10.098
      vertex 39 7.35698 14.4096
      vertex 39 6.91342 14.6194
    endloop
  endfacet
  facet normal 1 0 0
    outer loop
      vertex 39 5.38268 10.9239
      vertex 39 6.91342 14.6194
      vertex 39 6.45142 14.7847
    endloop
  endfacet
  facet normal 1 0 0
    outer loop
      vertex 39 8.17197 13.8651
      vertex 39 6 10
      vertex 39 5.99519 9.90198
    endloop
  endfacet
  facet normal 1 0 0
    outer loop
      vertex 39 10.6 4
      vertex 39 5.99519 9.90198
      vertex 39 5.98079 9.80491
    endloop
  endfacet
  facet normal 1 -0 0
    outer loop
      vertex 39 5.95694 9.70971
      vertex 39 10.6 4
      vertex 39 5.98079 9.80491
    endloop
  endfacet
  facet normal 1 -0 0
    outer loop
      vertex 39 5.92388 9.61732
      vertex 39 10.6 4
      vertex 39 5.95694 9.70971
    endloop
  endfacet
  facet normal 1 -0 0
    outer loop
      vertex 39 5.88192 9.5286
      vertex 39 10.6 4
      vertex 39 5.92388 9.61732
    endloop
  endfacet
  facet normal 1 -0 0
    outer loop
      vertex 39 5.83147 9.44443
      vertex 39 10.6 4
      vertex 39 5.88192 9.5286
    endloop
  endfacet
  facet normal 1 -0 0
    outer loop
      vertex 39 5.77301 9.36561
      vertex 39 10.6 4
      vertex 39 5.83147 9.44443
    endloop
  endfacet
  facet normal 1 -0 0
    outer loop
      vertex 39 5.70711 9.29289
      vertex 39 10.6 4
      vertex 39 5.77301 9.36561
    endloop
  endfacet
  facet normal 1 -0 0
    outer loop
      vertex 39 5.63439 9.22699
      vertex 39 10.6 4
      vertex 39 5.70711 9.29289
    endloop
  endfacet
  facet normal 1 -0 0
    outer loop
      vertex 39 5.55557 9.16853
      vertex 39 10.6 4
      vertex 39 5.63439 9.22699
    endloop
  endfacet
  facet normal 1 -0 0
    outer loop
      vertex 39 5.4714 9.11808
      vertex 39 10.6 4
      vertex 39 5.55557 9.16853
    endloop
  endfacet
  facet normal 1 -0 0
    outer loop
      vertex 39 5.38268 9.07612
      vertex 39 10.6 4
      vertex 39 5.4714 9.11808
    endloop
  endfacet
  facet normal 1 -0 0
    outer loop
      vertex 39 5.29028 9.04306
      vertex 39 10.6 4
      vertex 39 5.38268 9.07612
    endloop
  endfacet
  facet normal 1 0 0
    outer loop
      vertex 39 10.6 4
      vertex 39 5.29028 9.04306
      vertex 39 2.22215 5.84265
    endloop
  endfacet
  facet normal 1 0 0
    outer loop
      vertex 39 2.22215 5.84265
      vertex 39 5.29028 9.04306
      vertex 39 5.19509 9.01921
    endloop
  endfacet
  facet normal 1 0 0
    outer loop
      vertex 39 2.22215 5.84265
      vertex 39 5.19509 9.01921
      vertex 39 5.09802 9.00482
    endloop
  endfacet
  facet normal 1 0 0
    outer loop
      vertex 39 2.22215 5.84265
      vertex 39 5.09802 9.00482
      vertex 39 5 9
    endloop
  endfacet
  facet normal 1 0 0
    outer loop
      vertex 39 2.22215 5.84265
      vertex 39 5 9
      vertex 39 4.90198 9.00482
    endloop
  endfacet
  facet normal 1 0 0
    outer loop
      vertex 39 2.22215 5.84265
      vertex 39 4.90198 9.00482
      vertex 39 4.80491 9.01921
    endloop
  endfacet
  facet normal 1 0 0
    outer loop
      vertex 39 2.22215 5.84265
      vertex 39 4.80491 9.01921
      vertex 39 4.70972 9.04306
    endloop
  endfacet
  facet normal 1 0 0
    outer loop
      vertex 39 2.22215 5.84265
      vertex 39 4.70972 9.04306
      vertex 39 4.61732 9.07612
    endloop
  endfacet
  facet normal 1 0 0
    outer loop
      vertex 39 2.22215 5.84265
      vertex 39 4.61732 9.07612
      vertex 39 4.5286 9.11808
    endloop
  endfacet
  facet normal 1 0 0
    outer loop
      vertex 39 2.22215 5.84265
      vertex 39 4.5286 9.11808
      vertex 39 4.44443 9.16853
    endloop
  endfacet
  facet normal 1 0 0
    outer loop
      vertex 39 2.22215 5.84265
      vertex 39 4.44443 9.16853
      vertex 39 4.36561 9.22699
    endloop
  endfacet
  facet normal 1 0 0
    outer loop
      vertex 39 1.82803 6.13495
      vertex 39 4.36561 9.22699
      vertex 39 4.29289 9.29289
    endloop
  endfacet
  facet normal 1 0 0
    outer loop
      vertex 39 1.46447 6.46447
      vertex 39 4.29289 9.29289
      vertex 39 4.22699 9.36561
    endloop
  endfacet
  facet normal 1 0 0
    outer loop
      vertex 39 1.13495 6.82803
      vertex 39 4.22699 9.36561
      vertex 39 4.16853 9.44443
    endloop
  endfacet
  facet normal 1 -0 0
    outer loop
      vertex 39 0.842652 12.7779
      vertex 39 4.16853 10.5556
      vertex 39 1.13495 13.172
    endloop
  endfacet
  facet normal 1 0 0
    outer loop
      vertex 39 4.16853 10.5556
      vertex 39 0.842652 12.7779
      vertex 39 4.11808 10.4714
    endloop
  endfacet
  facet normal 1 -0 0
    outer loop
      vertex 39 0.590395 12.357
      vertex 39 4.11808 10.4714
      vertex 39 0.842652 12.7779
    endloop
  endfacet
  facet normal 1 0 0
    outer loop
      vertex 39 4.11808 10.4714
      vertex 39 0.590395 12.357
      vertex 39 4.07612 10.3827
    endloop
  endfacet
  facet normal 1 -0 0
    outer loop
      vertex 39 0.380602 11.9134
      vertex 39 4.07612 10.3827
      vertex 39 0.590395 12.357
    endloop
  endfacet
  facet normal 1 0 0
    outer loop
      vertex 39 4.07612 10.3827
      vertex 39 0.380602 11.9134
      vertex 39 4.04306 10.2903
    endloop
  endfacet
  facet normal 1 -0 0
    outer loop
      vertex 39 0.215299 11.4514
      vertex 39 4.04306 10.2903
      vertex 39 0.380602 11.9134
    endloop
  endfacet
  facet normal 1 0 0
    outer loop
      vertex 39 10.6 4
      vertex 39 2.22215 5.84265
      vertex 39 10.6 0
    endloop
  endfacet
  facet normal 1 0 0
    outer loop
      vertex 39 0.842652 7.22215
      vertex 39 4.16853 9.44443
      vertex 39 4.11808 9.5286
    endloop
  endfacet
  facet normal 1 0 0
    outer loop
      vertex 39 0.590395 7.64302
      vertex 39 4.11808 9.5286
      vertex 39 4.07612 9.61732
    endloop
  endfacet
  facet normal 1 0 0
    outer loop
      vertex 39 4.04306 10.2903
      vertex 39 0.215299 11.4514
      vertex 39 4.01922 10.1951
    endloop
  endfacet
  facet normal 1 -0 0
    outer loop
      vertex 39 0.0960737 10.9755
      vertex 39 4.01922 10.1951
      vertex 39 0.215299 11.4514
    endloop
  endfacet
  facet normal 1 0 0
    outer loop
      vertex 39 4.36561 9.22699
      vertex 39 1.82803 6.13495
      vertex 39 2.22215 5.84265
    endloop
  endfacet
  facet normal 1 0 0
    outer loop
      vertex 39 4.01922 10.1951
      vertex 39 0.0960737 10.9755
      vertex 39 4.00482 10.098
    endloop
  endfacet
  facet normal 1 0 0
    outer loop
      vertex 39 4.29289 9.29289
      vertex 39 1.46447 6.46447
      vertex 39 1.82803 6.13495
    endloop
  endfacet
  facet normal 1 -0 0
    outer loop
      vertex 39 0.024077 10.4901
      vertex 39 4.00482 10.098
      vertex 39 0.0960737 10.9755
    endloop
  endfacet
  facet normal 1 0 0
    outer loop
      vertex 39 4.22699 9.36561
      vertex 39 1.13495 6.82803
      vertex 39 1.46447 6.46447
    endloop
  endfacet
  facet normal 1 0 0
    outer loop
      vertex 39 4.00482 10.098
      vertex 39 0.024077 10.4901
      vertex 39 4 10
    endloop
  endfacet
  facet normal 1 0 0
    outer loop
      vertex 39 4.16853 9.44443
      vertex 39 0.842652 7.22215
      vertex 39 1.13495 6.82803
    endloop
  endfacet
  facet normal 1 0 0
    outer loop
      vertex 39 5.72205e-07 10
      vertex 39 4 10
      vertex 39 0.024077 10.4901
    endloop
  endfacet
  facet normal 1 0 0
    outer loop
      vertex 39 4.11808 9.5286
      vertex 39 0.590395 7.64302
      vertex 39 0.842652 7.22215
    endloop
  endfacet
  facet normal 1 0 0
    outer loop
      vertex 39 4 10
      vertex 39 5.72205e-07 10
      vertex 39 4.00482 9.90198
    endloop
  endfacet
  facet normal 1 0 0
    outer loop
      vertex 39 4.07612 9.61732
      vertex 39 0.380602 8.08658
      vertex 39 0.590395 7.64302
    endloop
  endfacet
  facet normal 1 0 -0
    outer loop
      vertex 39 0.024077 9.50991
      vertex 39 4.00482 9.90198
      vertex 39 5.72205e-07 10
    endloop
  endfacet
  facet normal 1 0 0
    outer loop
      vertex 39 4.07612 9.61732
      vertex 39 0.215299 8.54858
      vertex 39 0.380602 8.08658
    endloop
  endfacet
  facet normal 1 0 0
    outer loop
      vertex 39 4.00482 9.90198
      vertex 39 0.024077 9.50991
      vertex 39 4.01922 9.80491
    endloop
  endfacet
  facet normal 1 0 0
    outer loop
      vertex 39 4.04306 9.70971
      vertex 39 0.215299 8.54858
      vertex 39 4.07612 9.61732
    endloop
  endfacet
  facet normal 1 0 -0
    outer loop
      vertex 39 0.0960737 9.02455
      vertex 39 4.01922 9.80491
      vertex 39 0.024077 9.50991
    endloop
  endfacet
  facet normal 1 0 -0
    outer loop
      vertex 39 0.215299 8.54858
      vertex 39 4.04306 9.70971
      vertex 39 0.0960737 9.02455
    endloop
  endfacet
  facet normal 1 0 0
    outer loop
      vertex 39 4.01922 9.80491
      vertex 39 0.0960737 9.02455
      vertex 39 4.04306 9.70971
    endloop
  endfacet
  facet normal 0 -0.671568 -0.740943
    outer loop
      vertex 9 1.46447 6.46447
      vertex 39 1.82803 6.13495
      vertex 39 1.46447 6.46447
    endloop
  endfacet
  facet normal -0 -0.671568 -0.740943
    outer loop
      vertex 39 1.82803 6.13495
      vertex 9 1.46447 6.46447
      vertex 9 1.82803 6.13495
    endloop
  endfacet
  facet normal -0 0.0491153 0.998793
    outer loop
      vertex 9 5.49009 14.9759
      vertex 39 5 15
      vertex 39 5.49009 14.9759
    endloop
  endfacet
  facet normal 0 0.0491153 0.998793
    outer loop
      vertex 39 5 15
      vertex 9 5.49009 14.9759
      vertex 9 5 15
    endloop
  endfacet
  facet normal 0 -0.5957 -0.803207
    outer loop
      vertex 9 1.82803 6.13495
      vertex 39 2.22215 5.84265
      vertex 39 1.82803 6.13495
    endloop
  endfacet
  facet normal -0 -0.5957 -0.803207
    outer loop
      vertex 39 2.22215 5.84265
      vertex 9 1.82803 6.13495
      vertex 9 2.22215 5.84265
    endloop
  endfacet
  facet normal 0 -0.857747 0.514072
    outer loop
      vertex 9 0.590395 12.357
      vertex 39 0.842652 12.7779
      vertex 9 0.842652 12.7779
    endloop
  endfacet
  facet normal 0 -0.857747 0.514072
    outer loop
      vertex 39 0.842652 12.7779
      vertex 9 0.590395 12.357
      vertex 39 0.590395 12.357
    endloop
  endfacet
  facet normal 0 -0.740887 0.671629
    outer loop
      vertex 9 1.13495 13.172
      vertex 39 1.46447 13.5355
      vertex 9 1.46447 13.5355
    endloop
  endfacet
  facet normal 0 -0.740887 0.671629
    outer loop
      vertex 39 1.46447 13.5355
      vertex 9 1.13495 13.172
      vertex 39 1.13495 13.172
    endloop
  endfacet
  facet normal 0 0.621658 0.783289
    outer loop
      vertex 9.98699 20.6 4
      vertex 9 20.6 4
      vertex 9.92741 20.474 4.1
    endloop
  endfacet
  facet normal -5.04634e-07 0.621719 0.78324
    outer loop
      vertex 39 20.6 4
      vertex 14.0726 20.474 4.1
      vertex 39 8.17197 13.8651
    endloop
  endfacet
  facet normal 0 0.621658 0.783289
    outer loop
      vertex 14.0726 20.474 4.1
      vertex 39 20.6 4
      vertex 14.013 20.6 4
    endloop
  endfacet
  facet normal 0 0.62172 0.78324
    outer loop
      vertex 9 8.17197 13.8651
      vertex 14.0726 20.474 4.1
      vertex 9.92741 20.474 4.1
    endloop
  endfacet
  facet normal 1.35638e-05 0.621719 0.78324
    outer loop
      vertex 9 8.17197 13.8651
      vertex 9.92741 20.474 4.1
      vertex 9 20.6 4
    endloop
  endfacet
  facet normal 0 0.62172 0.78324
    outer loop
      vertex 14.0726 20.474 4.1
      vertex 9 8.17197 13.8651
      vertex 39 8.17197 13.8651
    endloop
  endfacet
  facet normal -0 0.514163 0.857692
    outer loop
      vertex 9 7.77785 14.1573
      vertex 39 7.35698 14.4096
      vertex 39 7.77785 14.1573
    endloop
  endfacet
  facet normal 0 0.514163 0.857692
    outer loop
      vertex 39 7.35698 14.4096
      vertex 9 7.77785 14.1573
      vertex 9 7.35698 14.4096
    endloop
  endfacet
  facet normal 0 -0.941546 -0.336884
    outer loop
      vertex 9 0.380602 8.08658
      vertex 39 0.215299 8.54858
      vertex 9 0.215299 8.54858
    endloop
  endfacet
  facet normal 0 -0.941546 -0.336884
    outer loop
      vertex 39 0.215299 8.54858
      vertex 9 0.380602 8.08658
      vertex 39 0.380602 8.08658
    endloop
  endfacet
  facet normal 0 -0.857731 -0.514099
    outer loop
      vertex 9 0.842652 7.22215
      vertex 39 0.590395 7.64302
      vertex 9 0.590395 7.64302
    endloop
  endfacet
  facet normal 0 -0.857731 -0.514099
    outer loop
      vertex 39 0.590395 7.64302
      vertex 9 0.842652 7.22215
      vertex 39 0.842652 7.22215
    endloop
  endfacet
  facet normal -0 0.427575 0.90398
    outer loop
      vertex 9 7.35698 14.4096
      vertex 39 6.91342 14.6194
      vertex 39 7.35698 14.4096
    endloop
  endfacet
  facet normal 0 0.427575 0.90398
    outer loop
      vertex 39 6.91342 14.6194
      vertex 9 7.35698 14.4096
      vertex 9 6.91342 14.6194
    endloop
  endfacet
  facet normal 0 -0.903986 -0.427563
    outer loop
      vertex 9 0.590395 7.64302
      vertex 39 0.380602 8.08658
      vertex 9 0.380602 8.08658
    endloop
  endfacet
  facet normal 0 -0.903986 -0.427563
    outer loop
      vertex 39 0.380602 8.08658
      vertex 9 0.590395 7.64302
      vertex 39 0.590395 7.64302
    endloop
  endfacet
  facet normal 0 -0.427575 0.90398
    outer loop
      vertex 9 3.08658 14.6194
      vertex 39 2.64302 14.4096
      vertex 39 3.08658 14.6194
    endloop
  endfacet
  facet normal 0 -0.427575 0.90398
    outer loop
      vertex 39 2.64302 14.4096
      vertex 9 3.08658 14.6194
      vertex 9 2.64302 14.4096
    endloop
  endfacet
  facet normal 0 -0.989178 0.146719
    outer loop
      vertex 9 0.024077 10.4901
      vertex 39 0.0960737 10.9755
      vertex 9 0.0960737 10.9755
    endloop
  endfacet
  facet normal 0 -0.989178 0.146719
    outer loop
      vertex 39 0.0960737 10.9755
      vertex 9 0.024077 10.4901
      vertex 39 0.024077 10.4901
    endloop
  endfacet
  facet normal 0 -0.970022 0.243016
    outer loop
      vertex 9 0.0960737 10.9755
      vertex 39 0.215299 11.4514
      vertex 9 0.215299 11.4514
    endloop
  endfacet
  facet normal 0 -0.970022 0.243016
    outer loop
      vertex 39 0.215299 11.4514
      vertex 9 0.0960737 10.9755
      vertex 39 0.0960737 10.9755
    endloop
  endfacet
  facet normal 0 -0.514163 0.857692
    outer loop
      vertex 9 2.64302 14.4096
      vertex 39 2.22215 14.1573
      vertex 39 2.64302 14.4096
    endloop
  endfacet
  facet normal 0 -0.514163 0.857692
    outer loop
      vertex 39 2.22215 14.1573
      vertex 9 2.64302 14.4096
      vertex 9 2.22215 14.1573
    endloop
  endfacet
  facet normal 0 -0.970031 -0.242982
    outer loop
      vertex 9 0.215299 8.54858
      vertex 39 0.0960737 9.02455
      vertex 9 0.0960737 9.02455
    endloop
  endfacet
  facet normal 0 -0.970031 -0.242982
    outer loop
      vertex 39 0.0960737 9.02455
      vertex 9 0.215299 8.54858
      vertex 39 0.215299 8.54858
    endloop
  endfacet
  facet normal 0 -0.336879 0.941548
    outer loop
      vertex 9 3.54858 14.7847
      vertex 39 3.08658 14.6194
      vertex 39 3.54858 14.7847
    endloop
  endfacet
  facet normal 0 -0.336879 0.941548
    outer loop
      vertex 39 3.08658 14.6194
      vertex 9 3.54858 14.7847
      vertex 9 3.08658 14.6194
    endloop
  endfacet
  facet normal -0 0.595569 0.803304
    outer loop
      vertex 9 8.17197 13.8651
      vertex 39 7.77785 14.1573
      vertex 39 8.17197 13.8651
    endloop
  endfacet
  facet normal 0 0.595569 0.803304
    outer loop
      vertex 39 7.77785 14.1573
      vertex 9 8.17197 13.8651
      vertex 9 7.77785 14.1573
    endloop
  endfacet
  facet normal 0 -0.998795 -0.0490674
    outer loop
      vertex 9 0.024077 9.50991
      vertex 39 5.72205e-07 10
      vertex 9 5.72205e-07 10
    endloop
  endfacet
  facet normal 0 -0.998795 -0.0490674
    outer loop
      vertex 39 5.72205e-07 10
      vertex 9 0.024077 9.50991
      vertex 39 0.024077 9.50991
    endloop
  endfacet
  facet normal 0 -0.0491153 0.998793
    outer loop
      vertex 9 5 15
      vertex 39 4.50991 14.9759
      vertex 39 5 15
    endloop
  endfacet
  facet normal 0 -0.0491153 0.998793
    outer loop
      vertex 39 4.50991 14.9759
      vertex 9 5 15
      vertex 9 4.50991 14.9759
    endloop
  endfacet
  facet normal 0 -0.242934 0.970043
    outer loop
      vertex 9 4.02455 14.9039
      vertex 39 3.54858 14.7847
      vertex 39 4.02455 14.9039
    endloop
  endfacet
  facet normal 0 -0.242934 0.970043
    outer loop
      vertex 39 3.54858 14.7847
      vertex 9 4.02455 14.9039
      vertex 9 3.54858 14.7847
    endloop
  endfacet
  facet normal 0 -0.989176 -0.146731
    outer loop
      vertex 9 0.0960737 9.02455
      vertex 39 0.024077 9.50991
      vertex 9 0.024077 9.50991
    endloop
  endfacet
  facet normal 0 -0.989176 -0.146731
    outer loop
      vertex 39 0.024077 9.50991
      vertex 9 0.0960737 9.02455
      vertex 39 0.0960737 9.02455
    endloop
  endfacet
  facet normal -1 0 0
    outer loop
      vertex 9 2.22215 5.84265
      vertex 9 10.6 4
      vertex 9 10.6 0
    endloop
  endfacet
  facet normal -1 0 -0
    outer loop
      vertex 9 5.99519 9.90198
      vertex 9 10.6 4
      vertex 9 5.98079 9.80491
    endloop
  endfacet
  facet normal -1 0 -0
    outer loop
      vertex 9 6 10
      vertex 9 8.17197 13.8651
      vertex 9 5.99519 9.90198
    endloop
  endfacet
  facet normal -1 0 0
    outer loop
      vertex 9 5.99519 10.098
      vertex 9 8.17197 13.8651
      vertex 9 6 10
    endloop
  endfacet
  facet normal -1 0 0
    outer loop
      vertex 9 5.95694 10.2903
      vertex 9 8.17197 13.8651
      vertex 9 5.98079 10.1951
    endloop
  endfacet
  facet normal -1 0 0
    outer loop
      vertex 9 5.92388 10.3827
      vertex 9 8.17197 13.8651
      vertex 9 5.95694 10.2903
    endloop
  endfacet
  facet normal -1 0 0
    outer loop
      vertex 9 5.98079 10.1951
      vertex 9 8.17197 13.8651
      vertex 9 5.99519 10.098
    endloop
  endfacet
  facet normal -1 0 0
    outer loop
      vertex 9 10.6 4
      vertex 9 5.99519 9.90198
      vertex 9 8.17197 13.8651
    endloop
  endfacet
  facet normal -1 0 0
    outer loop
      vertex 9 10.6 4
      vertex 9 5.95694 9.70971
      vertex 9 5.98079 9.80491
    endloop
  endfacet
  facet normal -1 0 0
    outer loop
      vertex 9 10.6 4
      vertex 9 5.92388 9.61732
      vertex 9 5.95694 9.70971
    endloop
  endfacet
  facet normal -1 0 0
    outer loop
      vertex 9 10.6 4
      vertex 9 5.88192 9.5286
      vertex 9 5.92388 9.61732
    endloop
  endfacet
  facet normal -1 0 0
    outer loop
      vertex 9 10.6 4
      vertex 9 5.83147 9.44443
      vertex 9 5.88192 9.5286
    endloop
  endfacet
  facet normal -1 0 0
    outer loop
      vertex 9 10.6 4
      vertex 9 5.77301 9.36561
      vertex 9 5.83147 9.44443
    endloop
  endfacet
  facet normal -1 0 0
    outer loop
      vertex 9 10.6 4
      vertex 9 5.70711 9.29289
      vertex 9 5.77301 9.36561
    endloop
  endfacet
  facet normal -1 0 0
    outer loop
      vertex 9 10.6 4
      vertex 9 5.63439 9.22699
      vertex 9 5.70711 9.29289
    endloop
  endfacet
  facet normal -1 0 0
    outer loop
      vertex 9 10.6 4
      vertex 9 5.55557 9.16853
      vertex 9 5.63439 9.22699
    endloop
  endfacet
  facet normal -1 0 0
    outer loop
      vertex 9 10.6 4
      vertex 9 5.4714 9.11808
      vertex 9 5.55557 9.16853
    endloop
  endfacet
  facet normal -1 0 0
    outer loop
      vertex 9 10.6 4
      vertex 9 5.38268 9.07612
      vertex 9 5.4714 9.11808
    endloop
  endfacet
  facet normal -1 0 -0
    outer loop
      vertex 9 5.29028 9.04306
      vertex 9 10.6 4
      vertex 9 2.22215 5.84265
    endloop
  endfacet
  facet normal -1 0 0
    outer loop
      vertex 9 10.6 4
      vertex 9 5.29028 9.04306
      vertex 9 5.38268 9.07612
    endloop
  endfacet
  facet normal -1 0 0
    outer loop
      vertex 9 5.29028 9.04306
      vertex 9 2.22215 5.84265
      vertex 9 5.19509 9.01921
    endloop
  endfacet
  facet normal -1 0 0
    outer loop
      vertex 9 5.19509 9.01921
      vertex 9 2.22215 5.84265
      vertex 9 5.09802 9.00482
    endloop
  endfacet
  facet normal -1 0 0
    outer loop
      vertex 9 5.09802 9.00482
      vertex 9 2.22215 5.84265
      vertex 9 5 9
    endloop
  endfacet
  facet normal -1 -0 0
    outer loop
      vertex 9 5 9
      vertex 9 2.22215 5.84265
      vertex 9 4.90198 9.00482
    endloop
  endfacet
  facet normal -1 -0 0
    outer loop
      vertex 9 4.90198 9.00482
      vertex 9 2.22215 5.84265
      vertex 9 4.80491 9.01921
    endloop
  endfacet
  facet normal -1 -0 0
    outer loop
      vertex 9 4.80491 9.01921
      vertex 9 2.22215 5.84265
      vertex 9 4.70972 9.04306
    endloop
  endfacet
  facet normal -1 -0 0
    outer loop
      vertex 9 4.70972 9.04306
      vertex 9 2.22215 5.84265
      vertex 9 4.61732 9.07612
    endloop
  endfacet
  facet normal -1 -0 0
    outer loop
      vertex 9 4.61732 9.07612
      vertex 9 2.22215 5.84265
      vertex 9 4.5286 9.11808
    endloop
  endfacet
  facet normal -1 -0 0
    outer loop
      vertex 9 4.5286 9.11808
      vertex 9 2.22215 5.84265
      vertex 9 4.44443 9.16853
    endloop
  endfacet
  facet normal -1 -0 0
    outer loop
      vertex 9 4.44443 9.16853
      vertex 9 2.22215 5.84265
      vertex 9 4.36561 9.22699
    endloop
  endfacet
  facet normal -1 0 0
    outer loop
      vertex 9 1.82803 6.13495
      vertex 9 4.36561 9.22699
      vertex 9 2.22215 5.84265
    endloop
  endfacet
  facet normal -1 -0 0
    outer loop
      vertex 9 4.36561 9.22699
      vertex 9 1.82803 6.13495
      vertex 9 4.29289 9.29289
    endloop
  endfacet
  facet normal -1 0 0
    outer loop
      vertex 9 5.72205e-07 10
      vertex 9 4 10
      vertex 9 4.00482 9.90198
    endloop
  endfacet
  facet normal -1 0 0
    outer loop
      vertex 9 4 10
      vertex 9 3.08658 14.6194
      vertex 9 3.54858 14.7847
    endloop
  endfacet
  facet normal -1 0 0
    outer loop
      vertex 9 0.024077 9.50991
      vertex 9 4.00482 9.90198
      vertex 9 4.01922 9.80491
    endloop
  endfacet
  facet normal -1 0 0
    outer loop
      vertex 9 4 10
      vertex 9 2.64302 14.4096
      vertex 9 3.08658 14.6194
    endloop
  endfacet
  facet normal -1 0 0
    outer loop
      vertex 9 0.0960737 9.02455
      vertex 9 4.01922 9.80491
      vertex 9 4.04306 9.70971
    endloop
  endfacet
  facet normal -1 0 0
    outer loop
      vertex 9 1.46447 6.46447
      vertex 9 4.29289 9.29289
      vertex 9 1.82803 6.13495
    endloop
  endfacet
  facet normal -1 -0 0
    outer loop
      vertex 9 4.29289 9.29289
      vertex 9 1.46447 6.46447
      vertex 9 4.22699 9.36561
    endloop
  endfacet
  facet normal -1 0 0
    outer loop
      vertex 9 1.13495 6.82803
      vertex 9 4.22699 9.36561
      vertex 9 1.46447 6.46447
    endloop
  endfacet
  facet normal -1 -0 0
    outer loop
      vertex 9 4.22699 9.36561
      vertex 9 1.13495 6.82803
      vertex 9 4.16853 9.44443
    endloop
  endfacet
  facet normal -1 0 0
    outer loop
      vertex 9 0.842652 7.22215
      vertex 9 4.16853 9.44443
      vertex 9 1.13495 6.82803
    endloop
  endfacet
  facet normal -1 0 0
    outer loop
      vertex 9 4 10
      vertex 9 2.22215 14.1573
      vertex 9 2.64302 14.4096
    endloop
  endfacet
  facet normal -1 -0 0
    outer loop
      vertex 9 4.16853 9.44443
      vertex 9 0.842652 7.22215
      vertex 9 4.11808 9.5286
    endloop
  endfacet
  facet normal -1 0 0
    outer loop
      vertex 9 4 10
      vertex 9 1.82803 13.8651
      vertex 9 2.22215 14.1573
    endloop
  endfacet
  facet normal -1 0 0
    outer loop
      vertex 9 0.590395 7.64302
      vertex 9 4.11808 9.5286
      vertex 9 0.842652 7.22215
    endloop
  endfacet
  facet normal -1 0 0
    outer loop
      vertex 9 4 10
      vertex 9 1.46447 13.5355
      vertex 9 1.82803 13.8651
    endloop
  endfacet
  facet normal -1 -0 0
    outer loop
      vertex 9 4.11808 9.5286
      vertex 9 0.590395 7.64302
      vertex 9 4.07612 9.61732
    endloop
  endfacet
  facet normal -1 0 0
    outer loop
      vertex 9 4 10
      vertex 9 1.13495 13.172
      vertex 9 1.46447 13.5355
    endloop
  endfacet
  facet normal -1 0 0
    outer loop
      vertex 9 0.380602 8.08658
      vertex 9 4.07612 9.61732
      vertex 9 0.590395 7.64302
    endloop
  endfacet
  facet normal -1 0 0
    outer loop
      vertex 9 4 10
      vertex 9 0.842652 12.7779
      vertex 9 1.13495 13.172
    endloop
  endfacet
  facet normal -1 -0 0
    outer loop
      vertex 9 4.07612 9.61732
      vertex 9 0.380602 8.08658
      vertex 9 4.04306 9.70971
    endloop
  endfacet
  facet normal -1 0 0
    outer loop
      vertex 9 4 10
      vertex 9 0.590395 12.357
      vertex 9 0.842652 12.7779
    endloop
  endfacet
  facet normal -1 0 0
    outer loop
      vertex 9 0.215299 8.54858
      vertex 9 4.04306 9.70971
      vertex 9 0.380602 8.08658
    endloop
  endfacet
  facet normal -1 0 0
    outer loop
      vertex 9 4 10
      vertex 9 0.380602 11.9134
      vertex 9 0.590395 12.357
    endloop
  endfacet
  facet normal -1 0 0
    outer loop
      vertex 9 0.0960737 9.02455
      vertex 9 4.04306 9.70971
      vertex 9 0.215299 8.54858
    endloop
  endfacet
  facet normal -1 0 0
    outer loop
      vertex 9 4 10
      vertex 9 0.215299 11.4514
      vertex 9 0.380602 11.9134
    endloop
  endfacet
  facet normal -1 0 0
    outer loop
      vertex 9 4.01922 9.80491
      vertex 9 0.0960737 9.02455
      vertex 9 0.024077 9.50991
    endloop
  endfacet
  facet normal -1 0 0
    outer loop
      vertex 9 4 10
      vertex 9 0.0960737 10.9755
      vertex 9 0.215299 11.4514
    endloop
  endfacet
  facet normal -1 -0 0
    outer loop
      vertex 9 4.00482 9.90198
      vertex 9 0.024077 9.50991
      vertex 9 5.72205e-07 10
    endloop
  endfacet
  facet normal -1 0 0
    outer loop
      vertex 9 4 10
      vertex 9 0.024077 10.4901
      vertex 9 0.0960737 10.9755
    endloop
  endfacet
  facet normal -1 0 0
    outer loop
      vertex 9 4 10
      vertex 9 5.72205e-07 10
      vertex 9 0.024077 10.4901
    endloop
  endfacet
  facet normal -1 0 0
    outer loop
      vertex 9 20.6 4
      vertex 9 10.6 4
      vertex 9 8.17197 13.8651
    endloop
  endfacet
  facet normal -1 0 0
    outer loop
      vertex 9 5.88192 10.4714
      vertex 9 8.17197 13.8651
      vertex 9 5.92388 10.3827
    endloop
  endfacet
  facet normal -1 0 0
    outer loop
      vertex 9 5.83147 10.5556
      vertex 9 8.17197 13.8651
      vertex 9 5.88192 10.4714
    endloop
  endfacet
  facet normal -1 0 0
    outer loop
      vertex 9 5.77301 10.6344
      vertex 9 8.17197 13.8651
      vertex 9 5.83147 10.5556
    endloop
  endfacet
  facet normal -1 0 0
    outer loop
      vertex 9 5.70711 10.7071
      vertex 9 8.17197 13.8651
      vertex 9 5.77301 10.6344
    endloop
  endfacet
  facet normal -1 0 0
    outer loop
      vertex 9 5.63439 10.773
      vertex 9 8.17197 13.8651
      vertex 9 5.70711 10.7071
    endloop
  endfacet
  facet normal -1 -0 0
    outer loop
      vertex 9 8.17197 13.8651
      vertex 9 5.63439 10.773
      vertex 9 7.77785 14.1573
    endloop
  endfacet
  facet normal -1 0 0
    outer loop
      vertex 9 5.55557 10.8315
      vertex 9 7.77785 14.1573
      vertex 9 5.63439 10.773
    endloop
  endfacet
  facet normal -1 -0 0
    outer loop
      vertex 9 7.77785 14.1573
      vertex 9 5.55557 10.8315
      vertex 9 7.35698 14.4096
    endloop
  endfacet
  facet normal -1 0 0
    outer loop
      vertex 9 5.4714 10.8819
      vertex 9 7.35698 14.4096
      vertex 9 5.55557 10.8315
    endloop
  endfacet
  facet normal -1 -0 0
    outer loop
      vertex 9 7.35698 14.4096
      vertex 9 5.4714 10.8819
      vertex 9 6.91342 14.6194
    endloop
  endfacet
  facet normal -1 0 0
    outer loop
      vertex 9 5.38268 10.9239
      vertex 9 6.91342 14.6194
      vertex 9 5.4714 10.8819
    endloop
  endfacet
  facet normal -1 -0 0
    outer loop
      vertex 9 6.91342 14.6194
      vertex 9 5.38268 10.9239
      vertex 9 6.45142 14.7847
    endloop
  endfacet
  facet normal -1 0 0
    outer loop
      vertex 9 5.29028 10.9569
      vertex 9 6.45142 14.7847
      vertex 9 5.38268 10.9239
    endloop
  endfacet
  facet normal -1 -0 0
    outer loop
      vertex 9 6.45142 14.7847
      vertex 9 5.29028 10.9569
      vertex 9 5.97545 14.9039
    endloop
  endfacet
  facet normal -1 0 0
    outer loop
      vertex 9 5.19509 10.9808
      vertex 9 5.97545 14.9039
      vertex 9 5.29028 10.9569
    endloop
  endfacet
  facet normal -1 -0 0
    outer loop
      vertex 9 5.97545 14.9039
      vertex 9 5.19509 10.9808
      vertex 9 5.49009 14.9759
    endloop
  endfacet
  facet normal -1 0 0
    outer loop
      vertex 9 5.09802 10.9952
      vertex 9 5.49009 14.9759
      vertex 9 5.19509 10.9808
    endloop
  endfacet
  facet normal -1 0 0
    outer loop
      vertex 9 5 11
      vertex 9 5.49009 14.9759
      vertex 9 5.09802 10.9952
    endloop
  endfacet
  facet normal -1 0 0
    outer loop
      vertex 9 5 11
      vertex 9 5 15
      vertex 9 5.49009 14.9759
    endloop
  endfacet
  facet normal -1 0 0
    outer loop
      vertex 9 4.90198 10.9952
      vertex 9 5 15
      vertex 9 5 11
    endloop
  endfacet
  facet normal -1 0 0
    outer loop
      vertex 9 4.50991 14.9759
      vertex 9 4.90198 10.9952
      vertex 9 4.80491 10.9808
    endloop
  endfacet
  facet normal -1 0 0
    outer loop
      vertex 9 4.02455 14.9039
      vertex 9 4.80491 10.9808
      vertex 9 4.70972 10.9569
    endloop
  endfacet
  facet normal -1 0 0
    outer loop
      vertex 9 3.54858 14.7847
      vertex 9 4.70972 10.9569
      vertex 9 4.61732 10.9239
    endloop
  endfacet
  facet normal -1 0 0
    outer loop
      vertex 9 3.54858 14.7847
      vertex 9 4.61732 10.9239
      vertex 9 4.5286 10.8819
    endloop
  endfacet
  facet normal -1 0 0
    outer loop
      vertex 9 4.90198 10.9952
      vertex 9 4.50991 14.9759
      vertex 9 5 15
    endloop
  endfacet
  facet normal -1 0 0
    outer loop
      vertex 9 3.54858 14.7847
      vertex 9 4.5286 10.8819
      vertex 9 4.44443 10.8315
    endloop
  endfacet
  facet normal -1 0 0
    outer loop
      vertex 9 3.54858 14.7847
      vertex 9 4.44443 10.8315
      vertex 9 4.36561 10.773
    endloop
  endfacet
  facet normal -1 0 0
    outer loop
      vertex 9 3.54858 14.7847
      vertex 9 4.36561 10.773
      vertex 9 4.29289 10.7071
    endloop
  endfacet
  facet normal -1 0 0
    outer loop
      vertex 9 3.54858 14.7847
      vertex 9 4.29289 10.7071
      vertex 9 4.22699 10.6344
    endloop
  endfacet
  facet normal -1 0 0
    outer loop
      vertex 9 3.54858 14.7847
      vertex 9 4.22699 10.6344
      vertex 9 4.16853 10.5556
    endloop
  endfacet
  facet normal -1 0 0
    outer loop
      vertex 9 3.54858 14.7847
      vertex 9 4.16853 10.5556
      vertex 9 4.11808 10.4714
    endloop
  endfacet
  facet normal -1 0 0
    outer loop
      vertex 9 3.54858 14.7847
      vertex 9 4.11808 10.4714
      vertex 9 4.07612 10.3827
    endloop
  endfacet
  facet normal -1 0 0
    outer loop
      vertex 9 3.54858 14.7847
      vertex 9 4.07612 10.3827
      vertex 9 4.04306 10.2903
    endloop
  endfacet
  facet normal -1 0 0
    outer loop
      vertex 9 4.80491 10.9808
      vertex 9 4.02455 14.9039
      vertex 9 4.50991 14.9759
    endloop
  endfacet
  facet normal -1 0 0
    outer loop
      vertex 9 3.54858 14.7847
      vertex 9 4.04306 10.2903
      vertex 9 4.01922 10.1951
    endloop
  endfacet
  facet normal -1 0 0
    outer loop
      vertex 9 3.54858 14.7847
      vertex 9 4.01922 10.1951
      vertex 9 4.00482 10.098
    endloop
  endfacet
  facet normal -1 0 0
    outer loop
      vertex 9 3.54858 14.7847
      vertex 9 4.00482 10.098
      vertex 9 4 10
    endloop
  endfacet
  facet normal -1 0 0
    outer loop
      vertex 9 4.70972 10.9569
      vertex 9 3.54858 14.7847
      vertex 9 4.02455 14.9039
    endloop
  endfacet
  facet normal 0 -0.146738 0.989175
    outer loop
      vertex 9 4.50991 14.9759
      vertex 39 4.02455 14.9039
      vertex 39 4.50991 14.9759
    endloop
  endfacet
  facet normal 0 -0.146738 0.989175
    outer loop
      vertex 39 4.02455 14.9039
      vertex 9 4.50991 14.9759
      vertex 9 4.02455 14.9039
    endloop
  endfacet
  facet normal 0 -0.671658 0.740861
    outer loop
      vertex 9 1.82803 13.8651
      vertex 39 1.46447 13.5355
      vertex 39 1.82803 13.8651
    endloop
  endfacet
  facet normal 0 -0.671658 0.740861
    outer loop
      vertex 39 1.46447 13.5355
      vertex 9 1.82803 13.8651
      vertex 9 1.46447 13.5355
    endloop
  endfacet
  facet normal 0 -0.803194 0.595717
    outer loop
      vertex 9 0.842652 12.7779
      vertex 39 1.13495 13.172
      vertex 9 1.13495 13.172
    endloop
  endfacet
  facet normal 0 -0.803194 0.595717
    outer loop
      vertex 39 1.13495 13.172
      vertex 9 0.842652 12.7779
      vertex 39 0.842652 12.7779
    endloop
  endfacet
  facet normal 0 -0.941546 0.336884
    outer loop
      vertex 9 0.215299 11.4514
      vertex 39 0.380602 11.9134
      vertex 9 0.380602 11.9134
    endloop
  endfacet
  facet normal 0 -0.941546 0.336884
    outer loop
      vertex 39 0.380602 11.9134
      vertex 9 0.215299 11.4514
      vertex 39 0.215299 11.4514
    endloop
  endfacet
  facet normal -0 0.336879 0.941548
    outer loop
      vertex 9 6.91342 14.6194
      vertex 39 6.45142 14.7847
      vertex 39 6.91342 14.6194
    endloop
  endfacet
  facet normal 0 0.336879 0.941548
    outer loop
      vertex 39 6.45142 14.7847
      vertex 9 6.91342 14.6194
      vertex 9 6.45142 14.7847
    endloop
  endfacet
  facet normal -0 0.146738 0.989175
    outer loop
      vertex 9 5.97545 14.9039
      vertex 39 5.49009 14.9759
      vertex 39 5.97545 14.9039
    endloop
  endfacet
  facet normal 0 0.146738 0.989175
    outer loop
      vertex 39 5.49009 14.9759
      vertex 9 5.97545 14.9039
      vertex 9 5.49009 14.9759
    endloop
  endfacet
  facet normal 0 -0.740943 -0.671568
    outer loop
      vertex 9 1.46447 6.46447
      vertex 39 1.13495 6.82803
      vertex 9 1.13495 6.82803
    endloop
  endfacet
  facet normal 0 -0.740943 -0.671568
    outer loop
      vertex 39 1.13495 6.82803
      vertex 9 1.46447 6.46447
      vertex 39 1.46447 6.46447
    endloop
  endfacet
  facet normal 0 -0.904 0.427531
    outer loop
      vertex 9 0.380602 11.9134
      vertex 39 0.590395 12.357
      vertex 9 0.590395 12.357
    endloop
  endfacet
  facet normal 0 -0.904 0.427531
    outer loop
      vertex 39 0.590395 12.357
      vertex 9 0.380602 11.9134
      vertex 39 0.380602 11.9134
    endloop
  endfacet
  facet normal 0 -0.595569 0.803304
    outer loop
      vertex 9 2.22215 14.1573
      vertex 39 1.82803 13.8651
      vertex 39 2.22215 14.1573
    endloop
  endfacet
  facet normal 0 -0.595569 0.803304
    outer loop
      vertex 39 1.82803 13.8651
      vertex 9 2.22215 14.1573
      vertex 9 1.82803 13.8651
    endloop
  endfacet
  facet normal 0 -0.970023 -0.243015
    outer loop
      vertex 9 5.98079 10.1951
      vertex 39 5.95694 10.2903
      vertex 9 5.95694 10.2903
    endloop
  endfacet
  facet normal 0 -0.970023 -0.243015
    outer loop
      vertex 39 5.95694 10.2903
      vertex 9 5.98079 10.1951
      vertex 39 5.98079 10.1951
    endloop
  endfacet
  facet normal 0 0.243518 -0.969896
    outer loop
      vertex 9 4.70972 10.9569
      vertex 39 4.80491 10.9808
      vertex 39 4.70972 10.9569
    endloop
  endfacet
  facet normal 0 0.243518 -0.969896
    outer loop
      vertex 39 4.80491 10.9808
      vertex 9 4.70972 10.9569
      vertex 9 4.80491 10.9808
    endloop
  endfacet
  facet normal 0 -0.80312 -0.595817
    outer loop
      vertex 9 5.83147 10.5556
      vertex 39 5.77301 10.6344
      vertex 9 5.77301 10.6344
    endloop
  endfacet
  facet normal 0 -0.80312 -0.595817
    outer loop
      vertex 39 5.77301 10.6344
      vertex 9 5.83147 10.5556
      vertex 39 5.83147 10.5556
    endloop
  endfacet
  facet normal 0 -0.998798 -0.0490226
    outer loop
      vertex 9 6 10
      vertex 39 5.99519 10.098
      vertex 9 5.99519 10.098
    endloop
  endfacet
  facet normal 0 -0.998798 -0.0490226
    outer loop
      vertex 39 5.99519 10.098
      vertex 9 6 10
      vertex 39 6 10
    endloop
  endfacet
  facet normal 0 -0.514106 0.857727
    outer loop
      vertex 9 5.55557 9.16853
      vertex 39 5.4714 9.11808
      vertex 39 5.55557 9.16853
    endloop
  endfacet
  facet normal 0 -0.514106 0.857727
    outer loop
      vertex 39 5.4714 9.11808
      vertex 9 5.55557 9.16853
      vertex 9 5.4714 9.11808
    endloop
  endfacet
  facet normal -0 0.336879 0.941548
    outer loop
      vertex 9 4.70972 9.04306
      vertex 39 4.61732 9.07612
      vertex 39 4.70972 9.04306
    endloop
  endfacet
  facet normal 0 0.336879 0.941548
    outer loop
      vertex 39 4.61732 9.07612
      vertex 9 4.70972 9.04306
      vertex 9 4.61732 9.07612
    endloop
  endfacet
  facet normal 0 -0.336879 0.941548
    outer loop
      vertex 9 5.38268 9.07612
      vertex 39 5.29028 9.04306
      vertex 39 5.38268 9.07612
    endloop
  endfacet
  facet normal 0 -0.336879 0.941548
    outer loop
      vertex 39 5.29028 9.04306
      vertex 9 5.38268 9.07612
      vertex 9 5.29028 9.04306
    endloop
  endfacet
  facet normal -0 0.514106 0.857727
    outer loop
      vertex 9 4.5286 9.11808
      vertex 39 4.44443 9.16853
      vertex 39 4.5286 9.11808
    endloop
  endfacet
  facet normal 0 0.514106 0.857727
    outer loop
      vertex 39 4.44443 9.16853
      vertex 9 4.5286 9.11808
      vertex 9 4.44443 9.16853
    endloop
  endfacet
  facet normal 0 0.857727 0.514106
    outer loop
      vertex 39 4.16853 9.44443
      vertex 9 4.11808 9.5286
      vertex 39 4.11808 9.5286
    endloop
  endfacet
  facet normal 0 0.857727 0.514106
    outer loop
      vertex 9 4.11808 9.5286
      vertex 39 4.16853 9.44443
      vertex 9 4.16853 9.44443
    endloop
  endfacet
  facet normal 0 0.671505 -0.741
    outer loop
      vertex 9 4.29289 10.7071
      vertex 39 4.36561 10.773
      vertex 39 4.29289 10.7071
    endloop
  endfacet
  facet normal 0 0.671505 -0.741
    outer loop
      vertex 39 4.36561 10.773
      vertex 9 4.29289 10.7071
      vertex 9 4.36561 10.773
    endloop
  endfacet
  facet normal 0 -0.243039 0.970016
    outer loop
      vertex 9 5.29028 9.04306
      vertex 39 5.19509 9.01921
      vertex 39 5.29028 9.04306
    endloop
  endfacet
  facet normal 0 -0.243039 0.970016
    outer loop
      vertex 39 5.19509 9.01921
      vertex 9 5.29028 9.04306
      vertex 9 5.19509 9.01921
    endloop
  endfacet
  facet normal 0 0.857807 -0.513971
    outer loop
      vertex 39 4.11808 10.4714
      vertex 9 4.16853 10.5556
      vertex 39 4.16853 10.5556
    endloop
  endfacet
  facet normal 0 0.857807 -0.513971
    outer loop
      vertex 9 4.16853 10.5556
      vertex 39 4.11808 10.4714
      vertex 9 4.11808 10.4714
    endloop
  endfacet
  facet normal 0 0.989182 -0.146696
    outer loop
      vertex 39 4.00482 10.098
      vertex 9 4.01922 10.1951
      vertex 39 4.01922 10.1951
    endloop
  endfacet
  facet normal 0 0.989182 -0.146696
    outer loop
      vertex 9 4.01922 10.1951
      vertex 39 4.00482 10.098
      vertex 9 4.00482 10.098
    endloop
  endfacet
  facet normal 0 -0.146741 -0.989175
    outer loop
      vertex 9 5.09802 10.9952
      vertex 39 5.19509 10.9808
      vertex 39 5.09802 10.9952
    endloop
  endfacet
  facet normal -0 -0.146741 -0.989175
    outer loop
      vertex 39 5.19509 10.9808
      vertex 9 5.09802 10.9952
      vertex 9 5.19509 10.9808
    endloop
  endfacet
  facet normal 0 -0.803192 0.59572
    outer loop
      vertex 9 5.77301 9.36561
      vertex 39 5.83147 9.44443
      vertex 9 5.83147 9.44443
    endloop
  endfacet
  facet normal 0 -0.803192 0.59572
    outer loop
      vertex 39 5.83147 9.44443
      vertex 9 5.77301 9.36561
      vertex 39 5.77301 9.36561
    endloop
  endfacet
  facet normal 0 -0.336336 -0.941742
    outer loop
      vertex 9 5.29028 10.9569
      vertex 39 5.38268 10.9239
      vertex 39 5.29028 10.9569
    endloop
  endfacet
  facet normal -0 -0.336336 -0.941742
    outer loop
      vertex 39 5.38268 10.9239
      vertex 9 5.29028 10.9569
      vertex 9 5.38268 10.9239
    endloop
  endfacet
  facet normal 0 -0.903958 -0.427622
    outer loop
      vertex 9 5.92388 10.3827
      vertex 39 5.88192 10.4714
      vertex 9 5.88192 10.4714
    endloop
  endfacet
  facet normal 0 -0.903958 -0.427622
    outer loop
      vertex 39 5.88192 10.4714
      vertex 9 5.92388 10.3827
      vertex 39 5.92388 10.3827
    endloop
  endfacet
  facet normal 0 0.595983 -0.802997
    outer loop
      vertex 9 4.36561 10.773
      vertex 39 4.44443 10.8315
      vertex 39 4.36561 10.773
    endloop
  endfacet
  facet normal 0 0.595983 -0.802997
    outer loop
      vertex 39 4.44443 10.8315
      vertex 9 4.36561 10.773
      vertex 9 4.44443 10.8315
    endloop
  endfacet
  facet normal 0 -0.595983 -0.802997
    outer loop
      vertex 9 5.55557 10.8315
      vertex 39 5.63439 10.773
      vertex 39 5.55557 10.8315
    endloop
  endfacet
  facet normal -0 -0.595983 -0.802997
    outer loop
      vertex 39 5.63439 10.773
      vertex 9 5.55557 10.8315
      vertex 9 5.63439 10.773
    endloop
  endfacet
  facet normal -0 0.243039 0.970016
    outer loop
      vertex 9 4.80491 9.01921
      vertex 39 4.70972 9.04306
      vertex 39 4.80491 9.01921
    endloop
  endfacet
  facet normal 0 0.243039 0.970016
    outer loop
      vertex 39 4.70972 9.04306
      vertex 9 4.80491 9.01921
      vertex 9 4.70972 9.04306
    endloop
  endfacet
  facet normal 0 0.513731 -0.857951
    outer loop
      vertex 9 4.44443 10.8315
      vertex 39 4.5286 10.8819
      vertex 39 4.44443 10.8315
    endloop
  endfacet
  facet normal 0 0.513731 -0.857951
    outer loop
      vertex 39 4.5286 10.8819
      vertex 9 4.44443 10.8315
      vertex 9 4.5286 10.8819
    endloop
  endfacet
  facet normal -0 0.0491143 0.998793
    outer loop
      vertex 9 5 9
      vertex 39 4.90198 9.00482
      vertex 39 5 9
    endloop
  endfacet
  facet normal 0 0.0491143 0.998793
    outer loop
      vertex 39 4.90198 9.00482
      vertex 9 5 9
      vertex 9 4.90198 9.00482
    endloop
  endfacet
  facet normal 0 -0.513731 -0.857951
    outer loop
      vertex 9 5.4714 10.8819
      vertex 39 5.55557 10.8315
      vertex 39 5.4714 10.8819
    endloop
  endfacet
  facet normal -0 -0.513731 -0.857951
    outer loop
      vertex 39 5.55557 10.8315
      vertex 9 5.4714 10.8819
      vertex 9 5.55557 10.8315
    endloop
  endfacet
  facet normal 0 0.941537 0.336911
    outer loop
      vertex 39 4.07612 9.61732
      vertex 9 4.04306 9.70971
      vertex 39 4.04306 9.70971
    endloop
  endfacet
  facet normal 0 0.941537 0.336911
    outer loop
      vertex 9 4.04306 9.70971
      vertex 39 4.07612 9.61732
      vertex 9 4.07612 9.61732
    endloop
  endfacet
  facet normal 0 -0.998798 0.0490126
    outer loop
      vertex 9 5.99519 9.90198
      vertex 39 6 10
      vertex 9 6 10
    endloop
  endfacet
  facet normal 0 -0.998798 0.0490126
    outer loop
      vertex 39 6 10
      vertex 9 5.99519 9.90198
      vertex 39 5.99519 9.90198
    endloop
  endfacet
  facet normal 0 0.427876 -0.903837
    outer loop
      vertex 9 4.5286 10.8819
      vertex 39 4.61732 10.9239
      vertex 39 4.5286 10.8819
    endloop
  endfacet
  facet normal 0 0.427876 -0.903837
    outer loop
      vertex 39 4.61732 10.9239
      vertex 9 4.5286 10.8819
      vertex 9 4.61732 10.9239
    endloop
  endfacet
  facet normal 0 -0.903995 0.427543
    outer loop
      vertex 9 5.88192 9.5286
      vertex 39 5.92388 9.61732
      vertex 9 5.92388 9.61732
    endloop
  endfacet
  facet normal 0 -0.903995 0.427543
    outer loop
      vertex 39 5.92388 9.61732
      vertex 9 5.88192 9.5286
      vertex 39 5.88192 9.5286
    endloop
  endfacet
  facet normal -0 0.59572 0.803192
    outer loop
      vertex 9 4.44443 9.16853
      vertex 39 4.36561 9.22699
      vertex 39 4.44443 9.16853
    endloop
  endfacet
  facet normal 0 0.59572 0.803192
    outer loop
      vertex 39 4.36561 9.22699
      vertex 9 4.44443 9.16853
      vertex 9 4.36561 9.22699
    endloop
  endfacet
  facet normal 0 0.80312 -0.595817
    outer loop
      vertex 39 4.16853 10.5556
      vertex 9 4.22699 10.6344
      vertex 39 4.22699 10.6344
    endloop
  endfacet
  facet normal 0 0.80312 -0.595817
    outer loop
      vertex 9 4.22699 10.6344
      vertex 39 4.16853 10.5556
      vertex 9 4.16853 10.5556
    endloop
  endfacet
  facet normal 0 0.903995 0.427543
    outer loop
      vertex 39 4.11808 9.5286
      vertex 9 4.07612 9.61732
      vertex 39 4.07612 9.61732
    endloop
  endfacet
  facet normal 0 0.903995 0.427543
    outer loop
      vertex 9 4.07612 9.61732
      vertex 39 4.11808 9.5286
      vertex 9 4.11808 9.5286
    endloop
  endfacet
  facet normal 0 -0.989182 -0.146696
    outer loop
      vertex 9 5.99519 10.098
      vertex 39 5.98079 10.1951
      vertex 9 5.98079 10.1951
    endloop
  endfacet
  facet normal 0 -0.989182 -0.146696
    outer loop
      vertex 39 5.98079 10.1951
      vertex 9 5.99519 10.098
      vertex 39 5.99519 10.098
    endloop
  endfacet
  facet normal 0 0.941548 -0.336879
    outer loop
      vertex 39 4.04306 10.2903
      vertex 9 4.07612 10.3827
      vertex 39 4.07612 10.3827
    endloop
  endfacet
  facet normal 0 0.941548 -0.336879
    outer loop
      vertex 9 4.07612 10.3827
      vertex 39 4.04306 10.2903
      vertex 9 4.04306 10.2903
    endloop
  endfacet
  facet normal 0 -0.941548 -0.336879
    outer loop
      vertex 9 5.95694 10.2903
      vertex 39 5.92388 10.3827
      vertex 9 5.92388 10.3827
    endloop
  endfacet
  facet normal 0 -0.941548 -0.336879
    outer loop
      vertex 39 5.92388 10.3827
      vertex 9 5.95694 10.2903
      vertex 39 5.95694 10.2903
    endloop
  endfacet
  facet normal -0 0.671505 0.741
    outer loop
      vertex 9 4.36561 9.22699
      vertex 39 4.29289 9.29289
      vertex 39 4.36561 9.22699
    endloop
  endfacet
  facet normal 0 0.671505 0.741
    outer loop
      vertex 39 4.29289 9.29289
      vertex 9 4.36561 9.22699
      vertex 9 4.29289 9.29289
    endloop
  endfacet
  facet normal 0 -0.970023 0.243015
    outer loop
      vertex 9 5.95694 9.70971
      vertex 39 5.98079 9.80491
      vertex 9 5.98079 9.80491
    endloop
  endfacet
  facet normal 0 -0.970023 0.243015
    outer loop
      vertex 39 5.98079 9.80491
      vertex 9 5.95694 9.70971
      vertex 39 5.95694 9.70971
    endloop
  endfacet
  facet normal 0 -0.989175 0.146741
    outer loop
      vertex 9 5.98079 9.80491
      vertex 39 5.99519 9.90198
      vertex 9 5.99519 9.90198
    endloop
  endfacet
  facet normal 0 -0.989175 0.146741
    outer loop
      vertex 39 5.99519 9.90198
      vertex 9 5.98079 9.80491
      vertex 39 5.98079 9.80491
    endloop
  endfacet
  facet normal 0 0.336336 -0.941742
    outer loop
      vertex 9 4.61732 10.9239
      vertex 39 4.70972 10.9569
      vertex 39 4.61732 10.9239
    endloop
  endfacet
  facet normal 0 0.336336 -0.941742
    outer loop
      vertex 39 4.70972 10.9569
      vertex 9 4.61732 10.9239
      vertex 9 4.70972 10.9569
    endloop
  endfacet
  facet normal 0 -0.146641 0.98919
    outer loop
      vertex 9 5.19509 9.01921
      vertex 39 5.09802 9.00482
      vertex 39 5.19509 9.01921
    endloop
  endfacet
  facet normal 0 -0.146641 0.98919
    outer loop
      vertex 39 5.09802 9.00482
      vertex 9 5.19509 9.01921
      vertex 9 5.09802 9.00482
    endloop
  endfacet
  facet normal 0 -0.857727 0.514106
    outer loop
      vertex 9 5.83147 9.44443
      vertex 39 5.88192 9.5286
      vertex 9 5.88192 9.5286
    endloop
  endfacet
  facet normal 0 -0.857727 0.514106
    outer loop
      vertex 39 5.88192 9.5286
      vertex 9 5.83147 9.44443
      vertex 39 5.83147 9.44443
    endloop
  endfacet
  facet normal 0 0.048911 -0.998803
    outer loop
      vertex 9 4.90198 10.9952
      vertex 39 5 11
      vertex 39 4.90198 10.9952
    endloop
  endfacet
  facet normal 0 0.048911 -0.998803
    outer loop
      vertex 39 5 11
      vertex 9 4.90198 10.9952
      vertex 9 5 11
    endloop
  endfacet
  facet normal 0 0.998793 0.0491143
    outer loop
      vertex 39 4.00482 9.90198
      vertex 9 4 10
      vertex 39 4 10
    endloop
  endfacet
  facet normal 0 0.998793 0.0491143
    outer loop
      vertex 9 4 10
      vertex 39 4.00482 9.90198
      vertex 9 4.00482 9.90198
    endloop
  endfacet
  facet normal 0 -0.941537 0.336911
    outer loop
      vertex 9 5.92388 9.61732
      vertex 39 5.95694 9.70971
      vertex 9 5.95694 9.70971
    endloop
  endfacet
  facet normal 0 -0.941537 0.336911
    outer loop
      vertex 39 5.95694 9.70971
      vertex 9 5.92388 9.61732
      vertex 39 5.92388 9.61732
    endloop
  endfacet
  facet normal 0 -0.427876 -0.903837
    outer loop
      vertex 9 5.38268 10.9239
      vertex 39 5.4714 10.8819
      vertex 39 5.38268 10.9239
    endloop
  endfacet
  facet normal -0 -0.427876 -0.903837
    outer loop
      vertex 39 5.4714 10.8819
      vertex 9 5.38268 10.9239
      vertex 9 5.4714 10.8819
    endloop
  endfacet
  facet normal 0 -0.048911 -0.998803
    outer loop
      vertex 9 5 11
      vertex 39 5.09802 10.9952
      vertex 39 5 11
    endloop
  endfacet
  facet normal -0 -0.048911 -0.998803
    outer loop
      vertex 39 5.09802 10.9952
      vertex 9 5 11
      vertex 9 5.09802 10.9952
    endloop
  endfacet
  facet normal 0 -0.857807 -0.513971
    outer loop
      vertex 9 5.88192 10.4714
      vertex 39 5.83147 10.5556
      vertex 9 5.83147 10.5556
    endloop
  endfacet
  facet normal 0 -0.857807 -0.513971
    outer loop
      vertex 39 5.83147 10.5556
      vertex 9 5.88192 10.4714
      vertex 39 5.88192 10.4714
    endloop
  endfacet
  facet normal -0 0.146641 0.98919
    outer loop
      vertex 9 4.90198 9.00482
      vertex 39 4.80491 9.01921
      vertex 39 4.90198 9.00482
    endloop
  endfacet
  facet normal 0 0.146641 0.98919
    outer loop
      vertex 39 4.80491 9.01921
      vertex 9 4.90198 9.00482
      vertex 9 4.80491 9.01921
    endloop
  endfacet
  facet normal 0 -0.671505 0.741
    outer loop
      vertex 9 5.70711 9.29289
      vertex 39 5.63439 9.22699
      vertex 39 5.70711 9.29289
    endloop
  endfacet
  facet normal 0 -0.671505 0.741
    outer loop
      vertex 39 5.63439 9.22699
      vertex 9 5.70711 9.29289
      vertex 9 5.63439 9.22699
    endloop
  endfacet
  facet normal 0 0.740908 -0.671607
    outer loop
      vertex 39 4.22699 10.6344
      vertex 9 4.29289 10.7071
      vertex 39 4.29289 10.7071
    endloop
  endfacet
  facet normal 0 0.740908 -0.671607
    outer loop
      vertex 9 4.29289 10.7071
      vertex 39 4.22699 10.6344
      vertex 9 4.22699 10.6344
    endloop
  endfacet
  facet normal 0 -0.740908 -0.671607
    outer loop
      vertex 9 5.77301 10.6344
      vertex 39 5.70711 10.7071
      vertex 9 5.70711 10.7071
    endloop
  endfacet
  facet normal 0 -0.740908 -0.671607
    outer loop
      vertex 39 5.70711 10.7071
      vertex 9 5.77301 10.6344
      vertex 39 5.77301 10.6344
    endloop
  endfacet
  facet normal 0 -0.671505 -0.741
    outer loop
      vertex 9 5.63439 10.773
      vertex 39 5.70711 10.7071
      vertex 39 5.63439 10.773
    endloop
  endfacet
  facet normal -0 -0.671505 -0.741
    outer loop
      vertex 39 5.70711 10.7071
      vertex 9 5.63439 10.773
      vertex 9 5.70711 10.7071
    endloop
  endfacet
  facet normal 0 0.146741 -0.989175
    outer loop
      vertex 9 4.80491 10.9808
      vertex 39 4.90198 10.9952
      vertex 39 4.80491 10.9808
    endloop
  endfacet
  facet normal 0 0.146741 -0.989175
    outer loop
      vertex 39 4.90198 10.9952
      vertex 9 4.80491 10.9808
      vertex 9 4.90198 10.9952
    endloop
  endfacet
  facet normal 0 0.970047 0.242919
    outer loop
      vertex 39 4.04306 9.70971
      vertex 9 4.01922 9.80491
      vertex 39 4.01922 9.80491
    endloop
  endfacet
  facet normal 0 0.970047 0.242919
    outer loop
      vertex 9 4.01922 9.80491
      vertex 39 4.04306 9.70971
      vertex 9 4.04306 9.70971
    endloop
  endfacet
  facet normal 0 0.903958 -0.427622
    outer loop
      vertex 39 4.07612 10.3827
      vertex 9 4.11808 10.4714
      vertex 39 4.11808 10.4714
    endloop
  endfacet
  facet normal 0 0.903958 -0.427622
    outer loop
      vertex 9 4.11808 10.4714
      vertex 39 4.07612 10.3827
      vertex 9 4.07612 10.3827
    endloop
  endfacet
  facet normal -0 0.427543 0.903995
    outer loop
      vertex 9 4.61732 9.07612
      vertex 39 4.5286 9.11808
      vertex 39 4.61732 9.07612
    endloop
  endfacet
  facet normal 0 0.427543 0.903995
    outer loop
      vertex 39 4.5286 9.11808
      vertex 9 4.61732 9.07612
      vertex 9 4.5286 9.11808
    endloop
  endfacet
  facet normal 0 0.970047 -0.242919
    outer loop
      vertex 39 4.01922 10.1951
      vertex 9 4.04306 10.2903
      vertex 39 4.04306 10.2903
    endloop
  endfacet
  facet normal 0 0.970047 -0.242919
    outer loop
      vertex 9 4.04306 10.2903
      vertex 39 4.01922 10.1951
      vertex 9 4.01922 10.1951
    endloop
  endfacet
  facet normal 0 -0.243518 -0.969896
    outer loop
      vertex 9 5.19509 10.9808
      vertex 39 5.29028 10.9569
      vertex 39 5.19509 10.9808
    endloop
  endfacet
  facet normal -0 -0.243518 -0.969896
    outer loop
      vertex 39 5.29028 10.9569
      vertex 9 5.19509 10.9808
      vertex 9 5.29028 10.9569
    endloop
  endfacet
  facet normal 0 0.741 0.671505
    outer loop
      vertex 39 4.29289 9.29289
      vertex 9 4.22699 9.36561
      vertex 39 4.22699 9.36561
    endloop
  endfacet
  facet normal 0 0.741 0.671505
    outer loop
      vertex 9 4.22699 9.36561
      vertex 39 4.29289 9.29289
      vertex 9 4.29289 9.29289
    endloop
  endfacet
  facet normal 0 -0.427543 0.903995
    outer loop
      vertex 9 5.4714 9.11808
      vertex 39 5.38268 9.07612
      vertex 39 5.4714 9.11808
    endloop
  endfacet
  facet normal 0 -0.427543 0.903995
    outer loop
      vertex 39 5.38268 9.07612
      vertex 9 5.4714 9.11808
      vertex 9 5.38268 9.07612
    endloop
  endfacet
  facet normal 0 -0.0491143 0.998793
    outer loop
      vertex 9 5.09802 9.00482
      vertex 39 5 9
      vertex 39 5.09802 9.00482
    endloop
  endfacet
  facet normal 0 -0.0491143 0.998793
    outer loop
      vertex 39 5 9
      vertex 9 5.09802 9.00482
      vertex 9 5 9
    endloop
  endfacet
  facet normal 0 0.989175 0.146741
    outer loop
      vertex 39 4.01922 9.80491
      vertex 9 4.00482 9.90198
      vertex 39 4.00482 9.90198
    endloop
  endfacet
  facet normal 0 0.989175 0.146741
    outer loop
      vertex 9 4.00482 9.90198
      vertex 39 4.01922 9.80491
      vertex 9 4.01922 9.80491
    endloop
  endfacet
  facet normal 0 -0.59572 0.803192
    outer loop
      vertex 9 5.63439 9.22699
      vertex 39 5.55557 9.16853
      vertex 39 5.63439 9.22699
    endloop
  endfacet
  facet normal 0 -0.59572 0.803192
    outer loop
      vertex 39 5.55557 9.16853
      vertex 9 5.63439 9.22699
      vertex 9 5.55557 9.16853
    endloop
  endfacet
  facet normal 0 0.803192 0.59572
    outer loop
      vertex 39 4.22699 9.36561
      vertex 9 4.16853 9.44443
      vertex 39 4.16853 9.44443
    endloop
  endfacet
  facet normal 0 0.803192 0.59572
    outer loop
      vertex 9 4.16853 9.44443
      vertex 39 4.22699 9.36561
      vertex 9 4.22699 9.36561
    endloop
  endfacet
  facet normal 0 0.998793 -0.0491243
    outer loop
      vertex 39 4 10
      vertex 9 4.00482 10.098
      vertex 39 4.00482 10.098
    endloop
  endfacet
  facet normal 0 0.998793 -0.0491243
    outer loop
      vertex 9 4.00482 10.098
      vertex 39 4 10
      vertex 9 4 10
    endloop
  endfacet
  facet normal 0 -0.741 0.671505
    outer loop
      vertex 9 5.70711 9.29289
      vertex 39 5.77301 9.36561
      vertex 9 5.77301 9.36561
    endloop
  endfacet
  facet normal 0 -0.741 0.671505
    outer loop
      vertex 39 5.77301 9.36561
      vertex 9 5.70711 9.29289
      vertex 39 5.70711 9.29289
    endloop
  endfacet
  facet normal 0 -0.857731 -0.514099
    outer loop
      vertex 105 0.842652 7.22215
      vertex 135 0.590395 7.64302
      vertex 105 0.590395 7.64302
    endloop
  endfacet
  facet normal 0 -0.857731 -0.514099
    outer loop
      vertex 135 0.590395 7.64302
      vertex 105 0.842652 7.22215
      vertex 135 0.842652 7.22215
    endloop
  endfacet
  facet normal -0 0.0491153 0.998793
    outer loop
      vertex 105 5.49009 14.9759
      vertex 135 5 15
      vertex 135 5.49009 14.9759
    endloop
  endfacet
  facet normal 0 0.0491153 0.998793
    outer loop
      vertex 135 5 15
      vertex 105 5.49009 14.9759
      vertex 105 5 15
    endloop
  endfacet
  facet normal 0 -0.857747 0.514072
    outer loop
      vertex 105 0.590395 12.357
      vertex 135 0.842652 12.7779
      vertex 105 0.842652 12.7779
    endloop
  endfacet
  facet normal 0 -0.857747 0.514072
    outer loop
      vertex 135 0.842652 12.7779
      vertex 105 0.590395 12.357
      vertex 135 0.590395 12.357
    endloop
  endfacet
  facet normal 0 0.621658 0.783289
    outer loop
      vertex 129.987 20.6 4
      vertex 105 20.6 4
      vertex 129.927 20.474 4.1
    endloop
  endfacet
  facet normal -1.35698e-05 0.621719 0.78324
    outer loop
      vertex 135 20.6 4
      vertex 134.073 20.474 4.1
      vertex 135 8.17197 13.8651
    endloop
  endfacet
  facet normal 0 0.621658 0.783289
    outer loop
      vertex 134.073 20.474 4.1
      vertex 135 20.6 4
      vertex 134.013 20.6 4
    endloop
  endfacet
  facet normal -0 0.62172 0.78324
    outer loop
      vertex 129.927 20.474 4.1
      vertex 135 8.17197 13.8651
      vertex 134.073 20.474 4.1
    endloop
  endfacet
  facet normal 5.04642e-07 0.621719 0.78324
    outer loop
      vertex 105 8.17197 13.8651
      vertex 129.927 20.474 4.1
      vertex 105 20.6 4
    endloop
  endfacet
  facet normal 0 0.62172 0.78324
    outer loop
      vertex 129.927 20.474 4.1
      vertex 105 8.17197 13.8651
      vertex 135 8.17197 13.8651
    endloop
  endfacet
  facet normal -0 0.242934 0.970043
    outer loop
      vertex 105 6.45142 14.7847
      vertex 135 5.97545 14.9039
      vertex 135 6.45142 14.7847
    endloop
  endfacet
  facet normal 0 0.242934 0.970043
    outer loop
      vertex 135 5.97545 14.9039
      vertex 105 6.45142 14.7847
      vertex 105 5.97545 14.9039
    endloop
  endfacet
  facet normal 0 -0.671568 -0.740943
    outer loop
      vertex 105 1.46447 6.46447
      vertex 135 1.82803 6.13495
      vertex 135 1.46447 6.46447
    endloop
  endfacet
  facet normal -0 -0.671568 -0.740943
    outer loop
      vertex 135 1.82803 6.13495
      vertex 105 1.46447 6.46447
      vertex 105 1.82803 6.13495
    endloop
  endfacet
  facet normal 0 -0.0491153 0.998793
    outer loop
      vertex 105 5 15
      vertex 135 4.50991 14.9759
      vertex 135 5 15
    endloop
  endfacet
  facet normal 0 -0.0491153 0.998793
    outer loop
      vertex 135 4.50991 14.9759
      vertex 105 5 15
      vertex 105 4.50991 14.9759
    endloop
  endfacet
  facet normal -0 0.514163 0.857692
    outer loop
      vertex 105 7.77785 14.1573
      vertex 135 7.35698 14.4096
      vertex 135 7.77785 14.1573
    endloop
  endfacet
  facet normal 0 0.514163 0.857692
    outer loop
      vertex 135 7.35698 14.4096
      vertex 105 7.77785 14.1573
      vertex 105 7.35698 14.4096
    endloop
  endfacet
  facet normal 0 -0.572026 -0.820235
    outer loop
      vertex 105 2.22215 5.84265
      vertex 135 10.6 0
      vertex 135 2.22215 5.84265
    endloop
  endfacet
  facet normal -0 -0.572026 -0.820235
    outer loop
      vertex 135 10.6 0
      vertex 105 2.22215 5.84265
      vertex 105 10.6 0
    endloop
  endfacet
  facet normal 0 -0.514163 0.857692
    outer loop
      vertex 105 2.64302 14.4096
      vertex 135 2.22215 14.1573
      vertex 135 2.64302 14.4096
    endloop
  endfacet
  facet normal 0 -0.514163 0.857692
    outer loop
      vertex 135 2.22215 14.1573
      vertex 105 2.64302 14.4096
      vertex 105 2.22215 14.1573
    endloop
  endfacet
  facet normal 0 -0.427575 0.90398
    outer loop
      vertex 105 3.08658 14.6194
      vertex 135 2.64302 14.4096
      vertex 135 3.08658 14.6194
    endloop
  endfacet
  facet normal 0 -0.427575 0.90398
    outer loop
      vertex 135 2.64302 14.4096
      vertex 105 3.08658 14.6194
      vertex 105 2.64302 14.4096
    endloop
  endfacet
  facet normal -0 0.146738 0.989175
    outer loop
      vertex 105 5.97545 14.9039
      vertex 135 5.49009 14.9759
      vertex 135 5.97545 14.9039
    endloop
  endfacet
  facet normal 0 0.146738 0.989175
    outer loop
      vertex 135 5.49009 14.9759
      vertex 105 5.97545 14.9039
      vertex 105 5.49009 14.9759
    endloop
  endfacet
  facet normal 0 -0.595569 0.803304
    outer loop
      vertex 105 2.22215 14.1573
      vertex 135 1.82803 13.8651
      vertex 135 2.22215 14.1573
    endloop
  endfacet
  facet normal 0 -0.595569 0.803304
    outer loop
      vertex 135 1.82803 13.8651
      vertex 105 2.22215 14.1573
      vertex 105 1.82803 13.8651
    endloop
  endfacet
  facet normal 0 -0.242934 0.970043
    outer loop
      vertex 105 4.02455 14.9039
      vertex 135 3.54858 14.7847
      vertex 135 4.02455 14.9039
    endloop
  endfacet
  facet normal 0 -0.242934 0.970043
    outer loop
      vertex 135 3.54858 14.7847
      vertex 105 4.02455 14.9039
      vertex 105 3.54858 14.7847
    endloop
  endfacet
  facet normal 0 -0.998795 -0.0490674
    outer loop
      vertex 105 0.024077 9.50991
      vertex 135 5.72205e-07 10
      vertex 105 5.72205e-07 10
    endloop
  endfacet
  facet normal 0 -0.998795 -0.0490674
    outer loop
      vertex 135 5.72205e-07 10
      vertex 105 0.024077 9.50991
      vertex 135 0.024077 9.50991
    endloop
  endfacet
  facet normal 0 -0.970022 0.243016
    outer loop
      vertex 105 0.0960737 10.9755
      vertex 135 0.215299 11.4514
      vertex 105 0.215299 11.4514
    endloop
  endfacet
  facet normal 0 -0.970022 0.243016
    outer loop
      vertex 135 0.215299 11.4514
      vertex 105 0.0960737 10.9755
      vertex 135 0.0960737 10.9755
    endloop
  endfacet
  facet normal 0 -0.941546 -0.336884
    outer loop
      vertex 105 0.380602 8.08658
      vertex 135 0.215299 8.54858
      vertex 105 0.215299 8.54858
    endloop
  endfacet
  facet normal 0 -0.941546 -0.336884
    outer loop
      vertex 135 0.215299 8.54858
      vertex 105 0.380602 8.08658
      vertex 135 0.380602 8.08658
    endloop
  endfacet
  facet normal 0 -0.803194 0.595717
    outer loop
      vertex 105 0.842652 12.7779
      vertex 135 1.13495 13.172
      vertex 105 1.13495 13.172
    endloop
  endfacet
  facet normal 0 -0.803194 0.595717
    outer loop
      vertex 135 1.13495 13.172
      vertex 105 0.842652 12.7779
      vertex 135 0.842652 12.7779
    endloop
  endfacet
  facet normal 0 -0.970031 -0.242982
    outer loop
      vertex 105 0.215299 8.54858
      vertex 135 0.0960737 9.02455
      vertex 105 0.0960737 9.02455
    endloop
  endfacet
  facet normal 0 -0.970031 -0.242982
    outer loop
      vertex 135 0.0960737 9.02455
      vertex 105 0.215299 8.54858
      vertex 135 0.215299 8.54858
    endloop
  endfacet
  facet normal 0 -0.989178 0.146719
    outer loop
      vertex 105 0.024077 10.4901
      vertex 135 0.0960737 10.9755
      vertex 105 0.0960737 10.9755
    endloop
  endfacet
  facet normal 0 -0.989178 0.146719
    outer loop
      vertex 135 0.0960737 10.9755
      vertex 105 0.024077 10.4901
      vertex 135 0.024077 10.4901
    endloop
  endfacet
  facet normal -1 0 0
    outer loop
      vertex 105 2.22215 5.84265
      vertex 105 10.6 4
      vertex 105 10.6 0
    endloop
  endfacet
  facet normal -1 0 -0
    outer loop
      vertex 105 5.99519 9.90198
      vertex 105 10.6 4
      vertex 105 5.98079 9.80491
    endloop
  endfacet
  facet normal -1 0 -0
    outer loop
      vertex 105 6 10
      vertex 105 8.17197 13.8651
      vertex 105 5.99519 9.90198
    endloop
  endfacet
  facet normal -1 0 0
    outer loop
      vertex 105 5.99519 10.098
      vertex 105 8.17197 13.8651
      vertex 105 6 10
    endloop
  endfacet
  facet normal -1 0 0
    outer loop
      vertex 105 5.95694 10.2903
      vertex 105 8.17197 13.8651
      vertex 105 5.98079 10.1951
    endloop
  endfacet
  facet normal -1 0 0
    outer loop
      vertex 105 5.92388 10.3827
      vertex 105 8.17197 13.8651
      vertex 105 5.95694 10.2903
    endloop
  endfacet
  facet normal -1 0 0
    outer loop
      vertex 105 5.98079 10.1951
      vertex 105 8.17197 13.8651
      vertex 105 5.99519 10.098
    endloop
  endfacet
  facet normal -1 0 0
    outer loop
      vertex 105 10.6 4
      vertex 105 5.99519 9.90198
      vertex 105 8.17197 13.8651
    endloop
  endfacet
  facet normal -1 0 0
    outer loop
      vertex 105 10.6 4
      vertex 105 5.95694 9.70971
      vertex 105 5.98079 9.80491
    endloop
  endfacet
  facet normal -1 0 0
    outer loop
      vertex 105 10.6 4
      vertex 105 5.92388 9.61732
      vertex 105 5.95694 9.70971
    endloop
  endfacet
  facet normal -1 0 0
    outer loop
      vertex 105 10.6 4
      vertex 105 5.88192 9.5286
      vertex 105 5.92388 9.61732
    endloop
  endfacet
  facet normal -1 0 0
    outer loop
      vertex 105 10.6 4
      vertex 105 5.83147 9.44443
      vertex 105 5.88192 9.5286
    endloop
  endfacet
  facet normal -1 0 0
    outer loop
      vertex 105 10.6 4
      vertex 105 5.77301 9.36561
      vertex 105 5.83147 9.44443
    endloop
  endfacet
  facet normal -1 0 0
    outer loop
      vertex 105 10.6 4
      vertex 105 5.70711 9.29289
      vertex 105 5.77301 9.36561
    endloop
  endfacet
  facet normal -1 0 0
    outer loop
      vertex 105 10.6 4
      vertex 105 5.63439 9.22699
      vertex 105 5.70711 9.29289
    endloop
  endfacet
  facet normal -1 0 0
    outer loop
      vertex 105 10.6 4
      vertex 105 5.55557 9.16853
      vertex 105 5.63439 9.22699
    endloop
  endfacet
  facet normal -1 0 0
    outer loop
      vertex 105 10.6 4
      vertex 105 5.4714 9.11808
      vertex 105 5.55557 9.16853
    endloop
  endfacet
  facet normal -1 0 0
    outer loop
      vertex 105 10.6 4
      vertex 105 5.38268 9.07612
      vertex 105 5.4714 9.11808
    endloop
  endfacet
  facet normal -1 0 -0
    outer loop
      vertex 105 5.29028 9.04306
      vertex 105 10.6 4
      vertex 105 2.22215 5.84265
    endloop
  endfacet
  facet normal -1 0 0
    outer loop
      vertex 105 10.6 4
      vertex 105 5.29028 9.04306
      vertex 105 5.38268 9.07612
    endloop
  endfacet
  facet normal -1 0 0
    outer loop
      vertex 105 5.29028 9.04306
      vertex 105 2.22215 5.84265
      vertex 105 5.19509 9.01921
    endloop
  endfacet
  facet normal -1 0 0
    outer loop
      vertex 105 5.19509 9.01921
      vertex 105 2.22215 5.84265
      vertex 105 5.09802 9.00482
    endloop
  endfacet
  facet normal -1 0 0
    outer loop
      vertex 105 5.09802 9.00482
      vertex 105 2.22215 5.84265
      vertex 105 5 9
    endloop
  endfacet
  facet normal -1 -0 0
    outer loop
      vertex 105 5 9
      vertex 105 2.22215 5.84265
      vertex 105 4.90198 9.00482
    endloop
  endfacet
  facet normal -1 -0 0
    outer loop
      vertex 105 4.90198 9.00482
      vertex 105 2.22215 5.84265
      vertex 105 4.80491 9.01921
    endloop
  endfacet
  facet normal -1 -0 0
    outer loop
      vertex 105 4.80491 9.01921
      vertex 105 2.22215 5.84265
      vertex 105 4.70972 9.04306
    endloop
  endfacet
  facet normal -1 -0 0
    outer loop
      vertex 105 4.70972 9.04306
      vertex 105 2.22215 5.84265
      vertex 105 4.61732 9.07612
    endloop
  endfacet
  facet normal -1 -0 0
    outer loop
      vertex 105 4.61732 9.07612
      vertex 105 2.22215 5.84265
      vertex 105 4.5286 9.11808
    endloop
  endfacet
  facet normal -1 -0 0
    outer loop
      vertex 105 4.5286 9.11808
      vertex 105 2.22215 5.84265
      vertex 105 4.44443 9.16853
    endloop
  endfacet
  facet normal -1 -0 0
    outer loop
      vertex 105 4.44443 9.16853
      vertex 105 2.22215 5.84265
      vertex 105 4.36561 9.22699
    endloop
  endfacet
  facet normal -1 0 0
    outer loop
      vertex 105 1.82803 6.13495
      vertex 105 4.36561 9.22699
      vertex 105 2.22215 5.84265
    endloop
  endfacet
  facet normal -1 -0 0
    outer loop
      vertex 105 4.36561 9.22699
      vertex 105 1.82803 6.13495
      vertex 105 4.29289 9.29289
    endloop
  endfacet
  facet normal -1 0 0
    outer loop
      vertex 105 5.72205e-07 10
      vertex 105 4 10
      vertex 105 4.00482 9.90198
    endloop
  endfacet
  facet normal -1 0 0
    outer loop
      vertex 105 4 10
      vertex 105 3.08658 14.6194
      vertex 105 3.54858 14.7847
    endloop
  endfacet
  facet normal -1 0 0
    outer loop
      vertex 105 0.024077 9.50991
      vertex 105 4.00482 9.90198
      vertex 105 4.01922 9.80491
    endloop
  endfacet
  facet normal -1 0 0
    outer loop
      vertex 105 4 10
      vertex 105 2.64302 14.4096
      vertex 105 3.08658 14.6194
    endloop
  endfacet
  facet normal -1 0 0
    outer loop
      vertex 105 0.0960737 9.02455
      vertex 105 4.01922 9.80491
      vertex 105 4.04306 9.70971
    endloop
  endfacet
  facet normal -1 0 0
    outer loop
      vertex 105 1.46447 6.46447
      vertex 105 4.29289 9.29289
      vertex 105 1.82803 6.13495
    endloop
  endfacet
  facet normal -1 -0 0
    outer loop
      vertex 105 4.29289 9.29289
      vertex 105 1.46447 6.46447
      vertex 105 4.22699 9.36561
    endloop
  endfacet
  facet normal -1 0 0
    outer loop
      vertex 105 1.13495 6.82803
      vertex 105 4.22699 9.36561
      vertex 105 1.46447 6.46447
    endloop
  endfacet
  facet normal -1 -0 0
    outer loop
      vertex 105 4.22699 9.36561
      vertex 105 1.13495 6.82803
      vertex 105 4.16853 9.44443
    endloop
  endfacet
  facet normal -1 0 0
    outer loop
      vertex 105 0.842652 7.22215
      vertex 105 4.16853 9.44443
      vertex 105 1.13495 6.82803
    endloop
  endfacet
  facet normal -1 0 0
    outer loop
      vertex 105 4 10
      vertex 105 2.22215 14.1573
      vertex 105 2.64302 14.4096
    endloop
  endfacet
  facet normal -1 -0 0
    outer loop
      vertex 105 4.16853 9.44443
      vertex 105 0.842652 7.22215
      vertex 105 4.11808 9.5286
    endloop
  endfacet
  facet normal -1 0 0
    outer loop
      vertex 105 4 10
      vertex 105 1.82803 13.8651
      vertex 105 2.22215 14.1573
    endloop
  endfacet
  facet normal -1 0 0
    outer loop
      vertex 105 0.590395 7.64302
      vertex 105 4.11808 9.5286
      vertex 105 0.842652 7.22215
    endloop
  endfacet
  facet normal -1 0 0
    outer loop
      vertex 105 4 10
      vertex 105 1.46447 13.5355
      vertex 105 1.82803 13.8651
    endloop
  endfacet
  facet normal -1 -0 0
    outer loop
      vertex 105 4.11808 9.5286
      vertex 105 0.590395 7.64302
      vertex 105 4.07612 9.61732
    endloop
  endfacet
  facet normal -1 0 0
    outer loop
      vertex 105 4 10
      vertex 105 1.13495 13.172
      vertex 105 1.46447 13.5355
    endloop
  endfacet
  facet normal -1 0 0
    outer loop
      vertex 105 0.380602 8.08658
      vertex 105 4.07612 9.61732
      vertex 105 0.590395 7.64302
    endloop
  endfacet
  facet normal -1 0 0
    outer loop
      vertex 105 4 10
      vertex 105 0.842652 12.7779
      vertex 105 1.13495 13.172
    endloop
  endfacet
  facet normal -1 -0 0
    outer loop
      vertex 105 4.07612 9.61732
      vertex 105 0.380602 8.08658
      vertex 105 4.04306 9.70971
    endloop
  endfacet
  facet normal -1 0 0
    outer loop
      vertex 105 4 10
      vertex 105 0.590395 12.357
      vertex 105 0.842652 12.7779
    endloop
  endfacet
  facet normal -1 0 0
    outer loop
      vertex 105 0.215299 8.54858
      vertex 105 4.04306 9.70971
      vertex 105 0.380602 8.08658
    endloop
  endfacet
  facet normal -1 0 0
    outer loop
      vertex 105 4 10
      vertex 105 0.380602 11.9134
      vertex 105 0.590395 12.357
    endloop
  endfacet
  facet normal -1 0 0
    outer loop
      vertex 105 0.0960737 9.02455
      vertex 105 4.04306 9.70971
      vertex 105 0.215299 8.54858
    endloop
  endfacet
  facet normal -1 0 0
    outer loop
      vertex 105 4 10
      vertex 105 0.215299 11.4514
      vertex 105 0.380602 11.9134
    endloop
  endfacet
  facet normal -1 0 0
    outer loop
      vertex 105 4.01922 9.80491
      vertex 105 0.0960737 9.02455
      vertex 105 0.024077 9.50991
    endloop
  endfacet
  facet normal -1 0 0
    outer loop
      vertex 105 4 10
      vertex 105 0.0960737 10.9755
      vertex 105 0.215299 11.4514
    endloop
  endfacet
  facet normal -1 -0 0
    outer loop
      vertex 105 4.00482 9.90198
      vertex 105 0.024077 9.50991
      vertex 105 5.72205e-07 10
    endloop
  endfacet
  facet normal -1 0 0
    outer loop
      vertex 105 4 10
      vertex 105 0.024077 10.4901
      vertex 105 0.0960737 10.9755
    endloop
  endfacet
  facet normal -1 0 0
    outer loop
      vertex 105 4 10
      vertex 105 5.72205e-07 10
      vertex 105 0.024077 10.4901
    endloop
  endfacet
  facet normal -1 0 0
    outer loop
      vertex 105 20.6 4
      vertex 105 10.6 4
      vertex 105 8.17197 13.8651
    endloop
  endfacet
  facet normal -1 0 0
    outer loop
      vertex 105 5.88192 10.4714
      vertex 105 8.17197 13.8651
      vertex 105 5.92388 10.3827
    endloop
  endfacet
  facet normal -1 0 0
    outer loop
      vertex 105 5.83147 10.5556
      vertex 105 8.17197 13.8651
      vertex 105 5.88192 10.4714
    endloop
  endfacet
  facet normal -1 0 0
    outer loop
      vertex 105 5.77301 10.6344
      vertex 105 8.17197 13.8651
      vertex 105 5.83147 10.5556
    endloop
  endfacet
  facet normal -1 0 0
    outer loop
      vertex 105 5.70711 10.7071
      vertex 105 8.17197 13.8651
      vertex 105 5.77301 10.6344
    endloop
  endfacet
  facet normal -1 0 0
    outer loop
      vertex 105 5.63439 10.773
      vertex 105 8.17197 13.8651
      vertex 105 5.70711 10.7071
    endloop
  endfacet
  facet normal -1 -0 0
    outer loop
      vertex 105 8.17197 13.8651
      vertex 105 5.63439 10.773
      vertex 105 7.77785 14.1573
    endloop
  endfacet
  facet normal -1 0 0
    outer loop
      vertex 105 5.55557 10.8315
      vertex 105 7.77785 14.1573
      vertex 105 5.63439 10.773
    endloop
  endfacet
  facet normal -1 -0 0
    outer loop
      vertex 105 7.77785 14.1573
      vertex 105 5.55557 10.8315
      vertex 105 7.35698 14.4096
    endloop
  endfacet
  facet normal -1 0 0
    outer loop
      vertex 105 5.4714 10.8819
      vertex 105 7.35698 14.4096
      vertex 105 5.55557 10.8315
    endloop
  endfacet
  facet normal -1 -0 0
    outer loop
      vertex 105 7.35698 14.4096
      vertex 105 5.4714 10.8819
      vertex 105 6.91342 14.6194
    endloop
  endfacet
  facet normal -1 0 0
    outer loop
      vertex 105 5.38268 10.9239
      vertex 105 6.91342 14.6194
      vertex 105 5.4714 10.8819
    endloop
  endfacet
  facet normal -1 -0 0
    outer loop
      vertex 105 6.91342 14.6194
      vertex 105 5.38268 10.9239
      vertex 105 6.45142 14.7847
    endloop
  endfacet
  facet normal -1 0 0
    outer loop
      vertex 105 5.29028 10.9569
      vertex 105 6.45142 14.7847
      vertex 105 5.38268 10.9239
    endloop
  endfacet
  facet normal -1 -0 0
    outer loop
      vertex 105 6.45142 14.7847
      vertex 105 5.29028 10.9569
      vertex 105 5.97545 14.9039
    endloop
  endfacet
  facet normal -1 0 0
    outer loop
      vertex 105 5.19509 10.9808
      vertex 105 5.97545 14.9039
      vertex 105 5.29028 10.9569
    endloop
  endfacet
  facet normal -1 -0 0
    outer loop
      vertex 105 5.97545 14.9039
      vertex 105 5.19509 10.9808
      vertex 105 5.49009 14.9759
    endloop
  endfacet
  facet normal -1 0 0
    outer loop
      vertex 105 5.09802 10.9952
      vertex 105 5.49009 14.9759
      vertex 105 5.19509 10.9808
    endloop
  endfacet
  facet normal -1 0 0
    outer loop
      vertex 105 5 11
      vertex 105 5.49009 14.9759
      vertex 105 5.09802 10.9952
    endloop
  endfacet
  facet normal -1 0 0
    outer loop
      vertex 105 5 11
      vertex 105 5 15
      vertex 105 5.49009 14.9759
    endloop
  endfacet
  facet normal -1 0 0
    outer loop
      vertex 105 4.90198 10.9952
      vertex 105 5 15
      vertex 105 5 11
    endloop
  endfacet
  facet normal -1 0 0
    outer loop
      vertex 105 4.50991 14.9759
      vertex 105 4.90198 10.9952
      vertex 105 4.80491 10.9808
    endloop
  endfacet
  facet normal -1 0 0
    outer loop
      vertex 105 4.02455 14.9039
      vertex 105 4.80491 10.9808
      vertex 105 4.70972 10.9569
    endloop
  endfacet
  facet normal -1 0 0
    outer loop
      vertex 105 3.54858 14.7847
      vertex 105 4.70972 10.9569
      vertex 105 4.61732 10.9239
    endloop
  endfacet
  facet normal -1 0 0
    outer loop
      vertex 105 3.54858 14.7847
      vertex 105 4.61732 10.9239
      vertex 105 4.5286 10.8819
    endloop
  endfacet
  facet normal -1 0 0
    outer loop
      vertex 105 4.90198 10.9952
      vertex 105 4.50991 14.9759
      vertex 105 5 15
    endloop
  endfacet
  facet normal -1 0 0
    outer loop
      vertex 105 3.54858 14.7847
      vertex 105 4.5286 10.8819
      vertex 105 4.44443 10.8315
    endloop
  endfacet
  facet normal -1 0 0
    outer loop
      vertex 105 3.54858 14.7847
      vertex 105 4.44443 10.8315
      vertex 105 4.36561 10.773
    endloop
  endfacet
  facet normal -1 0 0
    outer loop
      vertex 105 3.54858 14.7847
      vertex 105 4.36561 10.773
      vertex 105 4.29289 10.7071
    endloop
  endfacet
  facet normal -1 0 0
    outer loop
      vertex 105 3.54858 14.7847
      vertex 105 4.29289 10.7071
      vertex 105 4.22699 10.6344
    endloop
  endfacet
  facet normal -1 0 0
    outer loop
      vertex 105 3.54858 14.7847
      vertex 105 4.22699 10.6344
      vertex 105 4.16853 10.5556
    endloop
  endfacet
  facet normal -1 0 0
    outer loop
      vertex 105 3.54858 14.7847
      vertex 105 4.16853 10.5556
      vertex 105 4.11808 10.4714
    endloop
  endfacet
  facet normal -1 0 0
    outer loop
      vertex 105 3.54858 14.7847
      vertex 105 4.11808 10.4714
      vertex 105 4.07612 10.3827
    endloop
  endfacet
  facet normal -1 0 0
    outer loop
      vertex 105 3.54858 14.7847
      vertex 105 4.07612 10.3827
      vertex 105 4.04306 10.2903
    endloop
  endfacet
  facet normal -1 0 0
    outer loop
      vertex 105 4.80491 10.9808
      vertex 105 4.02455 14.9039
      vertex 105 4.50991 14.9759
    endloop
  endfacet
  facet normal -1 0 0
    outer loop
      vertex 105 3.54858 14.7847
      vertex 105 4.04306 10.2903
      vertex 105 4.01922 10.1951
    endloop
  endfacet
  facet normal -1 0 0
    outer loop
      vertex 105 3.54858 14.7847
      vertex 105 4.01922 10.1951
      vertex 105 4.00482 10.098
    endloop
  endfacet
  facet normal -1 0 0
    outer loop
      vertex 105 3.54858 14.7847
      vertex 105 4.00482 10.098
      vertex 105 4 10
    endloop
  endfacet
  facet normal -1 0 0
    outer loop
      vertex 105 4.70972 10.9569
      vertex 105 3.54858 14.7847
      vertex 105 4.02455 14.9039
    endloop
  endfacet
  facet normal 0 -0.998796 0.0490664
    outer loop
      vertex 105 5.72205e-07 10
      vertex 135 0.024077 10.4901
      vertex 105 0.024077 10.4901
    endloop
  endfacet
  facet normal 0 -0.998796 0.0490664
    outer loop
      vertex 135 0.024077 10.4901
      vertex 105 5.72205e-07 10
      vertex 135 5.72205e-07 10
    endloop
  endfacet
  facet normal 0 -0.941546 0.336884
    outer loop
      vertex 105 0.215299 11.4514
      vertex 135 0.380602 11.9134
      vertex 105 0.380602 11.9134
    endloop
  endfacet
  facet normal 0 -0.941546 0.336884
    outer loop
      vertex 135 0.380602 11.9134
      vertex 105 0.215299 11.4514
      vertex 135 0.215299 11.4514
    endloop
  endfacet
  facet normal 0 -0.5957 -0.803207
    outer loop
      vertex 105 1.82803 6.13495
      vertex 135 2.22215 5.84265
      vertex 135 1.82803 6.13495
    endloop
  endfacet
  facet normal -0 -0.5957 -0.803207
    outer loop
      vertex 135 2.22215 5.84265
      vertex 105 1.82803 6.13495
      vertex 105 2.22215 5.84265
    endloop
  endfacet
  facet normal -0 0.427575 0.90398
    outer loop
      vertex 105 7.35698 14.4096
      vertex 135 6.91342 14.6194
      vertex 135 7.35698 14.4096
    endloop
  endfacet
  facet normal 0 0.427575 0.90398
    outer loop
      vertex 135 6.91342 14.6194
      vertex 105 7.35698 14.4096
      vertex 105 6.91342 14.6194
    endloop
  endfacet
  facet normal 0 -0.904 0.427531
    outer loop
      vertex 105 0.380602 11.9134
      vertex 135 0.590395 12.357
      vertex 105 0.590395 12.357
    endloop
  endfacet
  facet normal 0 -0.904 0.427531
    outer loop
      vertex 135 0.590395 12.357
      vertex 105 0.380602 11.9134
      vertex 135 0.380602 11.9134
    endloop
  endfacet
  facet normal -0 0.595569 0.803304
    outer loop
      vertex 105 8.17197 13.8651
      vertex 135 7.77785 14.1573
      vertex 135 8.17197 13.8651
    endloop
  endfacet
  facet normal 0 0.595569 0.803304
    outer loop
      vertex 135 7.77785 14.1573
      vertex 105 8.17197 13.8651
      vertex 105 7.77785 14.1573
    endloop
  endfacet
  facet normal 0 -0.671658 0.740861
    outer loop
      vertex 105 1.82803 13.8651
      vertex 135 1.46447 13.5355
      vertex 135 1.82803 13.8651
    endloop
  endfacet
  facet normal 0 -0.671658 0.740861
    outer loop
      vertex 135 1.46447 13.5355
      vertex 105 1.82803 13.8651
      vertex 105 1.46447 13.5355
    endloop
  endfacet
  facet normal 0 -0.989176 -0.146731
    outer loop
      vertex 105 0.0960737 9.02455
      vertex 135 0.024077 9.50991
      vertex 105 0.024077 9.50991
    endloop
  endfacet
  facet normal 0 -0.989176 -0.146731
    outer loop
      vertex 135 0.024077 9.50991
      vertex 105 0.0960737 9.02455
      vertex 135 0.0960737 9.02455
    endloop
  endfacet
  facet normal 1 0 0
    outer loop
      vertex 135 8.17197 13.8651
      vertex 135 5.99519 10.098
      vertex 135 6 10
    endloop
  endfacet
  facet normal 1 0 0
    outer loop
      vertex 135 6.91342 14.6194
      vertex 135 5.98079 10.1951
      vertex 135 5.99519 10.098
    endloop
  endfacet
  facet normal 1 0 0
    outer loop
      vertex 135 5.29028 10.9569
      vertex 135 6.45142 14.7847
      vertex 135 5.97545 14.9039
    endloop
  endfacet
  facet normal 1 0 0
    outer loop
      vertex 135 6.91342 14.6194
      vertex 135 5.95694 10.2903
      vertex 135 5.98079 10.1951
    endloop
  endfacet
  facet normal 1 0 0
    outer loop
      vertex 135 6.91342 14.6194
      vertex 135 5.92388 10.3827
      vertex 135 5.95694 10.2903
    endloop
  endfacet
  facet normal 1 0 0
    outer loop
      vertex 135 6.91342 14.6194
      vertex 135 5.88192 10.4714
      vertex 135 5.92388 10.3827
    endloop
  endfacet
  facet normal 1 0 0
    outer loop
      vertex 135 6.91342 14.6194
      vertex 135 5.83147 10.5556
      vertex 135 5.88192 10.4714
    endloop
  endfacet
  facet normal 1 0 0
    outer loop
      vertex 135 6.91342 14.6194
      vertex 135 5.77301 10.6344
      vertex 135 5.83147 10.5556
    endloop
  endfacet
  facet normal 1 0 0
    outer loop
      vertex 135 6.91342 14.6194
      vertex 135 5.70711 10.7071
      vertex 135 5.77301 10.6344
    endloop
  endfacet
  facet normal 1 0 0
    outer loop
      vertex 135 6.91342 14.6194
      vertex 135 5.63439 10.773
      vertex 135 5.70711 10.7071
    endloop
  endfacet
  facet normal 1 0 0
    outer loop
      vertex 135 6.91342 14.6194
      vertex 135 5.55557 10.8315
      vertex 135 5.63439 10.773
    endloop
  endfacet
  facet normal 1 0 0
    outer loop
      vertex 135 5.19509 10.9808
      vertex 135 5.97545 14.9039
      vertex 135 5.49009 14.9759
    endloop
  endfacet
  facet normal 1 0 0
    outer loop
      vertex 135 6.91342 14.6194
      vertex 135 5.4714 10.8819
      vertex 135 5.55557 10.8315
    endloop
  endfacet
  facet normal 1 0 0
    outer loop
      vertex 135 6.91342 14.6194
      vertex 135 5.38268 10.9239
      vertex 135 5.4714 10.8819
    endloop
  endfacet
  facet normal 1 0 0
    outer loop
      vertex 135 6.45142 14.7847
      vertex 135 5.29028 10.9569
      vertex 135 5.38268 10.9239
    endloop
  endfacet
  facet normal 1 0 0
    outer loop
      vertex 135 5.97545 14.9039
      vertex 135 5.19509 10.9808
      vertex 135 5.29028 10.9569
    endloop
  endfacet
  facet normal 1 0 0
    outer loop
      vertex 135 5.49009 14.9759
      vertex 135 5.09802 10.9952
      vertex 135 5.19509 10.9808
    endloop
  endfacet
  facet normal 1 0 0
    outer loop
      vertex 135 5 15
      vertex 135 5.09802 10.9952
      vertex 135 5.49009 14.9759
    endloop
  endfacet
  facet normal 1 0 0
    outer loop
      vertex 135 5 15
      vertex 135 5 11
      vertex 135 5.09802 10.9952
    endloop
  endfacet
  facet normal 1 0 0
    outer loop
      vertex 135 5 15
      vertex 135 4.90198 10.9952
      vertex 135 5 11
    endloop
  endfacet
  facet normal 1 -0 0
    outer loop
      vertex 135 4.50991 14.9759
      vertex 135 4.90198 10.9952
      vertex 135 5 15
    endloop
  endfacet
  facet normal 1 0 0
    outer loop
      vertex 135 4.90198 10.9952
      vertex 135 4.50991 14.9759
      vertex 135 4.80491 10.9808
    endloop
  endfacet
  facet normal 1 -0 0
    outer loop
      vertex 135 4.02455 14.9039
      vertex 135 4.80491 10.9808
      vertex 135 4.50991 14.9759
    endloop
  endfacet
  facet normal 1 0 0
    outer loop
      vertex 135 4.80491 10.9808
      vertex 135 4.02455 14.9039
      vertex 135 4.70972 10.9569
    endloop
  endfacet
  facet normal 1 -0 0
    outer loop
      vertex 135 3.54858 14.7847
      vertex 135 4.70972 10.9569
      vertex 135 4.02455 14.9039
    endloop
  endfacet
  facet normal 1 0 0
    outer loop
      vertex 135 4.70972 10.9569
      vertex 135 3.54858 14.7847
      vertex 135 4.61732 10.9239
    endloop
  endfacet
  facet normal 1 -0 0
    outer loop
      vertex 135 3.08658 14.6194
      vertex 135 4.61732 10.9239
      vertex 135 3.54858 14.7847
    endloop
  endfacet
  facet normal 1 0 0
    outer loop
      vertex 135 4.61732 10.9239
      vertex 135 3.08658 14.6194
      vertex 135 4.5286 10.8819
    endloop
  endfacet
  facet normal 1 -0 0
    outer loop
      vertex 135 2.64302 14.4096
      vertex 135 4.5286 10.8819
      vertex 135 3.08658 14.6194
    endloop
  endfacet
  facet normal 1 0 0
    outer loop
      vertex 135 4.5286 10.8819
      vertex 135 2.64302 14.4096
      vertex 135 4.44443 10.8315
    endloop
  endfacet
  facet normal 1 -0 0
    outer loop
      vertex 135 2.22215 14.1573
      vertex 135 4.44443 10.8315
      vertex 135 2.64302 14.4096
    endloop
  endfacet
  facet normal 1 0 0
    outer loop
      vertex 135 4.44443 10.8315
      vertex 135 2.22215 14.1573
      vertex 135 4.36561 10.773
    endloop
  endfacet
  facet normal 1 -0 0
    outer loop
      vertex 135 1.82803 13.8651
      vertex 135 4.36561 10.773
      vertex 135 2.22215 14.1573
    endloop
  endfacet
  facet normal 1 0 0
    outer loop
      vertex 135 4.36561 10.773
      vertex 135 1.82803 13.8651
      vertex 135 4.29289 10.7071
    endloop
  endfacet
  facet normal 1 -0 0
    outer loop
      vertex 135 1.46447 13.5355
      vertex 135 4.29289 10.7071
      vertex 135 1.82803 13.8651
    endloop
  endfacet
  facet normal 1 0 0
    outer loop
      vertex 135 4.29289 10.7071
      vertex 135 1.46447 13.5355
      vertex 135 4.22699 10.6344
    endloop
  endfacet
  facet normal 1 -0 0
    outer loop
      vertex 135 1.13495 13.172
      vertex 135 4.22699 10.6344
      vertex 135 1.46447 13.5355
    endloop
  endfacet
  facet normal 1 0 0
    outer loop
      vertex 135 4.22699 10.6344
      vertex 135 1.13495 13.172
      vertex 135 4.16853 10.5556
    endloop
  endfacet
  facet normal 1 0 0
    outer loop
      vertex 135 8.17197 13.8651
      vertex 135 10.6 4
      vertex 135 20.6 4
    endloop
  endfacet
  facet normal 1 -0 0
    outer loop
      vertex 135 5.99519 9.90198
      vertex 135 10.6 4
      vertex 135 8.17197 13.8651
    endloop
  endfacet
  facet normal 1 0 0
    outer loop
      vertex 135 5.99519 10.098
      vertex 135 8.17197 13.8651
      vertex 135 7.77785 14.1573
    endloop
  endfacet
  facet normal 1 0 0
    outer loop
      vertex 135 5.99519 10.098
      vertex 135 7.77785 14.1573
      vertex 135 7.35698 14.4096
    endloop
  endfacet
  facet normal 1 0 0
    outer loop
      vertex 135 5.99519 10.098
      vertex 135 7.35698 14.4096
      vertex 135 6.91342 14.6194
    endloop
  endfacet
  facet normal 1 0 0
    outer loop
      vertex 135 5.38268 10.9239
      vertex 135 6.91342 14.6194
      vertex 135 6.45142 14.7847
    endloop
  endfacet
  facet normal 1 0 0
    outer loop
      vertex 135 8.17197 13.8651
      vertex 135 6 10
      vertex 135 5.99519 9.90198
    endloop
  endfacet
  facet normal 1 0 0
    outer loop
      vertex 135 10.6 4
      vertex 135 5.99519 9.90198
      vertex 135 5.98079 9.80491
    endloop
  endfacet
  facet normal 1 -0 0
    outer loop
      vertex 135 5.95694 9.70971
      vertex 135 10.6 4
      vertex 135 5.98079 9.80491
    endloop
  endfacet
  facet normal 1 -0 0
    outer loop
      vertex 135 5.92388 9.61732
      vertex 135 10.6 4
      vertex 135 5.95694 9.70971
    endloop
  endfacet
  facet normal 1 -0 0
    outer loop
      vertex 135 5.88192 9.5286
      vertex 135 10.6 4
      vertex 135 5.92388 9.61732
    endloop
  endfacet
  facet normal 1 -0 0
    outer loop
      vertex 135 5.83147 9.44443
      vertex 135 10.6 4
      vertex 135 5.88192 9.5286
    endloop
  endfacet
  facet normal 1 -0 0
    outer loop
      vertex 135 5.77301 9.36561
      vertex 135 10.6 4
      vertex 135 5.83147 9.44443
    endloop
  endfacet
  facet normal 1 -0 0
    outer loop
      vertex 135 5.70711 9.29289
      vertex 135 10.6 4
      vertex 135 5.77301 9.36561
    endloop
  endfacet
  facet normal 1 -0 0
    outer loop
      vertex 135 5.63439 9.22699
      vertex 135 10.6 4
      vertex 135 5.70711 9.29289
    endloop
  endfacet
  facet normal 1 -0 0
    outer loop
      vertex 135 5.55557 9.16853
      vertex 135 10.6 4
      vertex 135 5.63439 9.22699
    endloop
  endfacet
  facet normal 1 -0 0
    outer loop
      vertex 135 5.4714 9.11808
      vertex 135 10.6 4
      vertex 135 5.55557 9.16853
    endloop
  endfacet
  facet normal 1 -0 0
    outer loop
      vertex 135 5.38268 9.07612
      vertex 135 10.6 4
      vertex 135 5.4714 9.11808
    endloop
  endfacet
  facet normal 1 -0 0
    outer loop
      vertex 135 5.29028 9.04306
      vertex 135 10.6 4
      vertex 135 5.38268 9.07612
    endloop
  endfacet
  facet normal 1 0 0
    outer loop
      vertex 135 10.6 4
      vertex 135 5.29028 9.04306
      vertex 135 2.22215 5.84265
    endloop
  endfacet
  facet normal 1 0 0
    outer loop
      vertex 135 2.22215 5.84265
      vertex 135 5.29028 9.04306
      vertex 135 5.19509 9.01921
    endloop
  endfacet
  facet normal 1 0 0
    outer loop
      vertex 135 2.22215 5.84265
      vertex 135 5.19509 9.01921
      vertex 135 5.09802 9.00482
    endloop
  endfacet
  facet normal 1 0 0
    outer loop
      vertex 135 2.22215 5.84265
      vertex 135 5.09802 9.00482
      vertex 135 5 9
    endloop
  endfacet
  facet normal 1 0 0
    outer loop
      vertex 135 2.22215 5.84265
      vertex 135 5 9
      vertex 135 4.90198 9.00482
    endloop
  endfacet
  facet normal 1 0 0
    outer loop
      vertex 135 2.22215 5.84265
      vertex 135 4.90198 9.00482
      vertex 135 4.80491 9.01921
    endloop
  endfacet
  facet normal 1 0 0
    outer loop
      vertex 135 2.22215 5.84265
      vertex 135 4.80491 9.01921
      vertex 135 4.70972 9.04306
    endloop
  endfacet
  facet normal 1 0 0
    outer loop
      vertex 135 2.22215 5.84265
      vertex 135 4.70972 9.04306
      vertex 135 4.61732 9.07612
    endloop
  endfacet
  facet normal 1 0 0
    outer loop
      vertex 135 2.22215 5.84265
      vertex 135 4.61732 9.07612
      vertex 135 4.5286 9.11808
    endloop
  endfacet
  facet normal 1 0 0
    outer loop
      vertex 135 2.22215 5.84265
      vertex 135 4.5286 9.11808
      vertex 135 4.44443 9.16853
    endloop
  endfacet
  facet normal 1 0 0
    outer loop
      vertex 135 2.22215 5.84265
      vertex 135 4.44443 9.16853
      vertex 135 4.36561 9.22699
    endloop
  endfacet
  facet normal 1 0 0
    outer loop
      vertex 135 1.82803 6.13495
      vertex 135 4.36561 9.22699
      vertex 135 4.29289 9.29289
    endloop
  endfacet
  facet normal 1 0 0
    outer loop
      vertex 135 1.46447 6.46447
      vertex 135 4.29289 9.29289
      vertex 135 4.22699 9.36561
    endloop
  endfacet
  facet normal 1 0 0
    outer loop
      vertex 135 1.13495 6.82803
      vertex 135 4.22699 9.36561
      vertex 135 4.16853 9.44443
    endloop
  endfacet
  facet normal 1 -0 0
    outer loop
      vertex 135 0.842652 12.7779
      vertex 135 4.16853 10.5556
      vertex 135 1.13495 13.172
    endloop
  endfacet
  facet normal 1 0 0
    outer loop
      vertex 135 4.16853 10.5556
      vertex 135 0.842652 12.7779
      vertex 135 4.11808 10.4714
    endloop
  endfacet
  facet normal 1 -0 0
    outer loop
      vertex 135 0.590395 12.357
      vertex 135 4.11808 10.4714
      vertex 135 0.842652 12.7779
    endloop
  endfacet
  facet normal 1 0 0
    outer loop
      vertex 135 4.11808 10.4714
      vertex 135 0.590395 12.357
      vertex 135 4.07612 10.3827
    endloop
  endfacet
  facet normal 1 -0 0
    outer loop
      vertex 135 0.380602 11.9134
      vertex 135 4.07612 10.3827
      vertex 135 0.590395 12.357
    endloop
  endfacet
  facet normal 1 0 0
    outer loop
      vertex 135 4.07612 10.3827
      vertex 135 0.380602 11.9134
      vertex 135 4.04306 10.2903
    endloop
  endfacet
  facet normal 1 -0 0
    outer loop
      vertex 135 0.215299 11.4514
      vertex 135 4.04306 10.2903
      vertex 135 0.380602 11.9134
    endloop
  endfacet
  facet normal 1 0 0
    outer loop
      vertex 135 10.6 4
      vertex 135 2.22215 5.84265
      vertex 135 10.6 0
    endloop
  endfacet
  facet normal 1 0 0
    outer loop
      vertex 135 0.842652 7.22215
      vertex 135 4.16853 9.44443
      vertex 135 4.11808 9.5286
    endloop
  endfacet
  facet normal 1 0 0
    outer loop
      vertex 135 0.590395 7.64302
      vertex 135 4.11808 9.5286
      vertex 135 4.07612 9.61732
    endloop
  endfacet
  facet normal 1 0 0
    outer loop
      vertex 135 4.04306 10.2903
      vertex 135 0.215299 11.4514
      vertex 135 4.01922 10.1951
    endloop
  endfacet
  facet normal 1 -0 0
    outer loop
      vertex 135 0.0960737 10.9755
      vertex 135 4.01922 10.1951
      vertex 135 0.215299 11.4514
    endloop
  endfacet
  facet normal 1 0 0
    outer loop
      vertex 135 4.36561 9.22699
      vertex 135 1.82803 6.13495
      vertex 135 2.22215 5.84265
    endloop
  endfacet
  facet normal 1 0 0
    outer loop
      vertex 135 4.01922 10.1951
      vertex 135 0.0960737 10.9755
      vertex 135 4.00482 10.098
    endloop
  endfacet
  facet normal 1 0 0
    outer loop
      vertex 135 4.29289 9.29289
      vertex 135 1.46447 6.46447
      vertex 135 1.82803 6.13495
    endloop
  endfacet
  facet normal 1 -0 0
    outer loop
      vertex 135 0.024077 10.4901
      vertex 135 4.00482 10.098
      vertex 135 0.0960737 10.9755
    endloop
  endfacet
  facet normal 1 0 0
    outer loop
      vertex 135 4.22699 9.36561
      vertex 135 1.13495 6.82803
      vertex 135 1.46447 6.46447
    endloop
  endfacet
  facet normal 1 0 0
    outer loop
      vertex 135 4.00482 10.098
      vertex 135 0.024077 10.4901
      vertex 135 4 10
    endloop
  endfacet
  facet normal 1 0 0
    outer loop
      vertex 135 4.16853 9.44443
      vertex 135 0.842652 7.22215
      vertex 135 1.13495 6.82803
    endloop
  endfacet
  facet normal 1 0 0
    outer loop
      vertex 135 5.72205e-07 10
      vertex 135 4 10
      vertex 135 0.024077 10.4901
    endloop
  endfacet
  facet normal 1 0 0
    outer loop
      vertex 135 4.11808 9.5286
      vertex 135 0.590395 7.64302
      vertex 135 0.842652 7.22215
    endloop
  endfacet
  facet normal 1 0 0
    outer loop
      vertex 135 4 10
      vertex 135 5.72205e-07 10
      vertex 135 4.00482 9.90198
    endloop
  endfacet
  facet normal 1 0 0
    outer loop
      vertex 135 4.07612 9.61732
      vertex 135 0.380602 8.08658
      vertex 135 0.590395 7.64302
    endloop
  endfacet
  facet normal 1 0 -0
    outer loop
      vertex 135 0.024077 9.50991
      vertex 135 4.00482 9.90198
      vertex 135 5.72205e-07 10
    endloop
  endfacet
  facet normal 1 0 0
    outer loop
      vertex 135 4.07612 9.61732
      vertex 135 0.215299 8.54858
      vertex 135 0.380602 8.08658
    endloop
  endfacet
  facet normal 1 0 0
    outer loop
      vertex 135 4.00482 9.90198
      vertex 135 0.024077 9.50991
      vertex 135 4.01922 9.80491
    endloop
  endfacet
  facet normal 1 0 0
    outer loop
      vertex 135 4.04306 9.70971
      vertex 135 0.215299 8.54858
      vertex 135 4.07612 9.61732
    endloop
  endfacet
  facet normal 1 0 -0
    outer loop
      vertex 135 0.0960737 9.02455
      vertex 135 4.01922 9.80491
      vertex 135 0.024077 9.50991
    endloop
  endfacet
  facet normal 1 0 -0
    outer loop
      vertex 135 0.215299 8.54858
      vertex 135 4.04306 9.70971
      vertex 135 0.0960737 9.02455
    endloop
  endfacet
  facet normal 1 0 0
    outer loop
      vertex 135 4.01922 9.80491
      vertex 135 0.0960737 9.02455
      vertex 135 4.04306 9.70971
    endloop
  endfacet
  facet normal 0 -0.146738 0.989175
    outer loop
      vertex 105 4.50991 14.9759
      vertex 135 4.02455 14.9039
      vertex 135 4.50991 14.9759
    endloop
  endfacet
  facet normal 0 -0.146738 0.989175
    outer loop
      vertex 135 4.02455 14.9039
      vertex 105 4.50991 14.9759
      vertex 105 4.02455 14.9039
    endloop
  endfacet
  facet normal 0 -0.903986 -0.427563
    outer loop
      vertex 105 0.590395 7.64302
      vertex 135 0.380602 8.08658
      vertex 105 0.380602 8.08658
    endloop
  endfacet
  facet normal 0 -0.903986 -0.427563
    outer loop
      vertex 135 0.380602 8.08658
      vertex 105 0.590395 7.64302
      vertex 135 0.590395 7.64302
    endloop
  endfacet
  facet normal 0 -0.803209 -0.595698
    outer loop
      vertex 105 1.13495 6.82803
      vertex 135 0.842652 7.22215
      vertex 105 0.842652 7.22215
    endloop
  endfacet
  facet normal 0 -0.803209 -0.595698
    outer loop
      vertex 135 0.842652 7.22215
      vertex 105 1.13495 6.82803
      vertex 135 1.13495 6.82803
    endloop
  endfacet
  facet normal 0 -0.740943 -0.671568
    outer loop
      vertex 105 1.46447 6.46447
      vertex 135 1.13495 6.82803
      vertex 105 1.13495 6.82803
    endloop
  endfacet
  facet normal 0 -0.740943 -0.671568
    outer loop
      vertex 135 1.13495 6.82803
      vertex 105 1.46447 6.46447
      vertex 135 1.46447 6.46447
    endloop
  endfacet
  facet normal 0 -0.740887 0.671629
    outer loop
      vertex 105 1.13495 13.172
      vertex 135 1.46447 13.5355
      vertex 105 1.46447 13.5355
    endloop
  endfacet
  facet normal 0 -0.740887 0.671629
    outer loop
      vertex 135 1.46447 13.5355
      vertex 105 1.13495 13.172
      vertex 135 1.13495 13.172
    endloop
  endfacet
  facet normal -0 0.336879 0.941548
    outer loop
      vertex 105 6.91342 14.6194
      vertex 135 6.45142 14.7847
      vertex 135 6.91342 14.6194
    endloop
  endfacet
  facet normal 0 0.336879 0.941548
    outer loop
      vertex 135 6.45142 14.7847
      vertex 105 6.91342 14.6194
      vertex 105 6.45142 14.7847
    endloop
  endfacet
  facet normal 0 -0.336879 0.941548
    outer loop
      vertex 105 3.54858 14.7847
      vertex 135 3.08658 14.6194
      vertex 135 3.54858 14.7847
    endloop
  endfacet
  facet normal 0 -0.336879 0.941548
    outer loop
      vertex 135 3.08658 14.6194
      vertex 105 3.54858 14.7847
      vertex 105 3.08658 14.6194
    endloop
  endfacet
  facet normal 0 -0.970023 -0.243015
    outer loop
      vertex 105 5.98079 10.1951
      vertex 135 5.95694 10.2903
      vertex 105 5.95694 10.2903
    endloop
  endfacet
  facet normal 0 -0.970023 -0.243015
    outer loop
      vertex 135 5.95694 10.2903
      vertex 105 5.98079 10.1951
      vertex 135 5.98079 10.1951
    endloop
  endfacet
  facet normal 0 0.243518 -0.969896
    outer loop
      vertex 105 4.70972 10.9569
      vertex 135 4.80491 10.9808
      vertex 135 4.70972 10.9569
    endloop
  endfacet
  facet normal 0 0.243518 -0.969896
    outer loop
      vertex 135 4.80491 10.9808
      vertex 105 4.70972 10.9569
      vertex 105 4.80491 10.9808
    endloop
  endfacet
  facet normal 0 -0.80312 -0.595817
    outer loop
      vertex 105 5.83147 10.5556
      vertex 135 5.77301 10.6344
      vertex 105 5.77301 10.6344
    endloop
  endfacet
  facet normal 0 -0.80312 -0.595817
    outer loop
      vertex 135 5.77301 10.6344
      vertex 105 5.83147 10.5556
      vertex 135 5.83147 10.5556
    endloop
  endfacet
  facet normal 0 -0.998798 -0.0490226
    outer loop
      vertex 105 6 10
      vertex 135 5.99519 10.098
      vertex 105 5.99519 10.098
    endloop
  endfacet
  facet normal 0 -0.998798 -0.0490226
    outer loop
      vertex 135 5.99519 10.098
      vertex 105 6 10
      vertex 135 6 10
    endloop
  endfacet
  facet normal 0 -0.514106 0.857727
    outer loop
      vertex 105 5.55557 9.16853
      vertex 135 5.4714 9.11808
      vertex 135 5.55557 9.16853
    endloop
  endfacet
  facet normal 0 -0.514106 0.857727
    outer loop
      vertex 135 5.4714 9.11808
      vertex 105 5.55557 9.16853
      vertex 105 5.4714 9.11808
    endloop
  endfacet
  facet normal -0 0.336879 0.941548
    outer loop
      vertex 105 4.70972 9.04306
      vertex 135 4.61732 9.07612
      vertex 135 4.70972 9.04306
    endloop
  endfacet
  facet normal 0 0.336879 0.941548
    outer loop
      vertex 135 4.61732 9.07612
      vertex 105 4.70972 9.04306
      vertex 105 4.61732 9.07612
    endloop
  endfacet
  facet normal 0 -0.336879 0.941548
    outer loop
      vertex 105 5.38268 9.07612
      vertex 135 5.29028 9.04306
      vertex 135 5.38268 9.07612
    endloop
  endfacet
  facet normal 0 -0.336879 0.941548
    outer loop
      vertex 135 5.29028 9.04306
      vertex 105 5.38268 9.07612
      vertex 105 5.29028 9.04306
    endloop
  endfacet
  facet normal -0 0.514106 0.857727
    outer loop
      vertex 105 4.5286 9.11808
      vertex 135 4.44443 9.16853
      vertex 135 4.5286 9.11808
    endloop
  endfacet
  facet normal 0 0.514106 0.857727
    outer loop
      vertex 135 4.44443 9.16853
      vertex 105 4.5286 9.11808
      vertex 105 4.44443 9.16853
    endloop
  endfacet
  facet normal 0 0.857727 0.514106
    outer loop
      vertex 135 4.16853 9.44443
      vertex 105 4.11808 9.5286
      vertex 135 4.11808 9.5286
    endloop
  endfacet
  facet normal 0 0.857727 0.514106
    outer loop
      vertex 105 4.11808 9.5286
      vertex 135 4.16853 9.44443
      vertex 105 4.16853 9.44443
    endloop
  endfacet
  facet normal 0 0.671505 -0.741
    outer loop
      vertex 105 4.29289 10.7071
      vertex 135 4.36561 10.773
      vertex 135 4.29289 10.7071
    endloop
  endfacet
  facet normal 0 0.671505 -0.741
    outer loop
      vertex 135 4.36561 10.773
      vertex 105 4.29289 10.7071
      vertex 105 4.36561 10.773
    endloop
  endfacet
  facet normal 0 -0.243039 0.970016
    outer loop
      vertex 105 5.29028 9.04306
      vertex 135 5.19509 9.01921
      vertex 135 5.29028 9.04306
    endloop
  endfacet
  facet normal 0 -0.243039 0.970016
    outer loop
      vertex 135 5.19509 9.01921
      vertex 105 5.29028 9.04306
      vertex 105 5.19509 9.01921
    endloop
  endfacet
  facet normal 0 0.857807 -0.513971
    outer loop
      vertex 135 4.11808 10.4714
      vertex 105 4.16853 10.5556
      vertex 135 4.16853 10.5556
    endloop
  endfacet
  facet normal 0 0.857807 -0.513971
    outer loop
      vertex 105 4.16853 10.5556
      vertex 135 4.11808 10.4714
      vertex 105 4.11808 10.4714
    endloop
  endfacet
  facet normal 0 0.989182 -0.146696
    outer loop
      vertex 135 4.00482 10.098
      vertex 105 4.01922 10.1951
      vertex 135 4.01922 10.1951
    endloop
  endfacet
  facet normal 0 0.989182 -0.146696
    outer loop
      vertex 105 4.01922 10.1951
      vertex 135 4.00482 10.098
      vertex 105 4.00482 10.098
    endloop
  endfacet
  facet normal 0 -0.146741 -0.989175
    outer loop
      vertex 105 5.09802 10.9952
      vertex 135 5.19509 10.9808
      vertex 135 5.09802 10.9952
    endloop
  endfacet
  facet normal -0 -0.146741 -0.989175
    outer loop
      vertex 135 5.19509 10.9808
      vertex 105 5.09802 10.9952
      vertex 105 5.19509 10.9808
    endloop
  endfacet
  facet normal 0 -0.803192 0.59572
    outer loop
      vertex 105 5.77301 9.36561
      vertex 135 5.83147 9.44443
      vertex 105 5.83147 9.44443
    endloop
  endfacet
  facet normal 0 -0.803192 0.59572
    outer loop
      vertex 135 5.83147 9.44443
      vertex 105 5.77301 9.36561
      vertex 135 5.77301 9.36561
    endloop
  endfacet
  facet normal 0 -0.336336 -0.941742
    outer loop
      vertex 105 5.29028 10.9569
      vertex 135 5.38268 10.9239
      vertex 135 5.29028 10.9569
    endloop
  endfacet
  facet normal -0 -0.336336 -0.941742
    outer loop
      vertex 135 5.38268 10.9239
      vertex 105 5.29028 10.9569
      vertex 105 5.38268 10.9239
    endloop
  endfacet
  facet normal 0 -0.903958 -0.427622
    outer loop
      vertex 105 5.92388 10.3827
      vertex 135 5.88192 10.4714
      vertex 105 5.88192 10.4714
    endloop
  endfacet
  facet normal 0 -0.903958 -0.427622
    outer loop
      vertex 135 5.88192 10.4714
      vertex 105 5.92388 10.3827
      vertex 135 5.92388 10.3827
    endloop
  endfacet
  facet normal 0 0.595983 -0.802997
    outer loop
      vertex 105 4.36561 10.773
      vertex 135 4.44443 10.8315
      vertex 135 4.36561 10.773
    endloop
  endfacet
  facet normal 0 0.595983 -0.802997
    outer loop
      vertex 135 4.44443 10.8315
      vertex 105 4.36561 10.773
      vertex 105 4.44443 10.8315
    endloop
  endfacet
  facet normal 0 -0.595983 -0.802997
    outer loop
      vertex 105 5.55557 10.8315
      vertex 135 5.63439 10.773
      vertex 135 5.55557 10.8315
    endloop
  endfacet
  facet normal -0 -0.595983 -0.802997
    outer loop
      vertex 135 5.63439 10.773
      vertex 105 5.55557 10.8315
      vertex 105 5.63439 10.773
    endloop
  endfacet
  facet normal -0 0.243039 0.970016
    outer loop
      vertex 105 4.80491 9.01921
      vertex 135 4.70972 9.04306
      vertex 135 4.80491 9.01921
    endloop
  endfacet
  facet normal 0 0.243039 0.970016
    outer loop
      vertex 135 4.70972 9.04306
      vertex 105 4.80491 9.01921
      vertex 105 4.70972 9.04306
    endloop
  endfacet
  facet normal 0 0.513731 -0.857951
    outer loop
      vertex 105 4.44443 10.8315
      vertex 135 4.5286 10.8819
      vertex 135 4.44443 10.8315
    endloop
  endfacet
  facet normal 0 0.513731 -0.857951
    outer loop
      vertex 135 4.5286 10.8819
      vertex 105 4.44443 10.8315
      vertex 105 4.5286 10.8819
    endloop
  endfacet
  facet normal -0 0.0491143 0.998793
    outer loop
      vertex 105 5 9
      vertex 135 4.90198 9.00482
      vertex 135 5 9
    endloop
  endfacet
  facet normal 0 0.0491143 0.998793
    outer loop
      vertex 135 4.90198 9.00482
      vertex 105 5 9
      vertex 105 4.90198 9.00482
    endloop
  endfacet
  facet normal 0 -0.513731 -0.857951
    outer loop
      vertex 105 5.4714 10.8819
      vertex 135 5.55557 10.8315
      vertex 135 5.4714 10.8819
    endloop
  endfacet
  facet normal -0 -0.513731 -0.857951
    outer loop
      vertex 135 5.55557 10.8315
      vertex 105 5.4714 10.8819
      vertex 105 5.55557 10.8315
    endloop
  endfacet
  facet normal 0 0.941537 0.336911
    outer loop
      vertex 135 4.07612 9.61732
      vertex 105 4.04306 9.70971
      vertex 135 4.04306 9.70971
    endloop
  endfacet
  facet normal 0 0.941537 0.336911
    outer loop
      vertex 105 4.04306 9.70971
      vertex 135 4.07612 9.61732
      vertex 105 4.07612 9.61732
    endloop
  endfacet
  facet normal 0 -0.998798 0.0490126
    outer loop
      vertex 105 5.99519 9.90198
      vertex 135 6 10
      vertex 105 6 10
    endloop
  endfacet
  facet normal 0 -0.998798 0.0490126
    outer loop
      vertex 135 6 10
      vertex 105 5.99519 9.90198
      vertex 135 5.99519 9.90198
    endloop
  endfacet
  facet normal 0 0.427876 -0.903837
    outer loop
      vertex 105 4.5286 10.8819
      vertex 135 4.61732 10.9239
      vertex 135 4.5286 10.8819
    endloop
  endfacet
  facet normal 0 0.427876 -0.903837
    outer loop
      vertex 135 4.61732 10.9239
      vertex 105 4.5286 10.8819
      vertex 105 4.61732 10.9239
    endloop
  endfacet
  facet normal 0 -0.903995 0.427543
    outer loop
      vertex 105 5.88192 9.5286
      vertex 135 5.92388 9.61732
      vertex 105 5.92388 9.61732
    endloop
  endfacet
  facet normal 0 -0.903995 0.427543
    outer loop
      vertex 135 5.92388 9.61732
      vertex 105 5.88192 9.5286
      vertex 135 5.88192 9.5286
    endloop
  endfacet
  facet normal -0 0.59572 0.803192
    outer loop
      vertex 105 4.44443 9.16853
      vertex 135 4.36561 9.22699
      vertex 135 4.44443 9.16853
    endloop
  endfacet
  facet normal 0 0.59572 0.803192
    outer loop
      vertex 135 4.36561 9.22699
      vertex 105 4.44443 9.16853
      vertex 105 4.36561 9.22699
    endloop
  endfacet
  facet normal 0 0.80312 -0.595817
    outer loop
      vertex 135 4.16853 10.5556
      vertex 105 4.22699 10.6344
      vertex 135 4.22699 10.6344
    endloop
  endfacet
  facet normal 0 0.80312 -0.595817
    outer loop
      vertex 105 4.22699 10.6344
      vertex 135 4.16853 10.5556
      vertex 105 4.16853 10.5556
    endloop
  endfacet
  facet normal 0 0.903995 0.427543
    outer loop
      vertex 135 4.11808 9.5286
      vertex 105 4.07612 9.61732
      vertex 135 4.07612 9.61732
    endloop
  endfacet
  facet normal 0 0.903995 0.427543
    outer loop
      vertex 105 4.07612 9.61732
      vertex 135 4.11808 9.5286
      vertex 105 4.11808 9.5286
    endloop
  endfacet
  facet normal 0 -0.989182 -0.146696
    outer loop
      vertex 105 5.99519 10.098
      vertex 135 5.98079 10.1951
      vertex 105 5.98079 10.1951
    endloop
  endfacet
  facet normal 0 -0.989182 -0.146696
    outer loop
      vertex 135 5.98079 10.1951
      vertex 105 5.99519 10.098
      vertex 135 5.99519 10.098
    endloop
  endfacet
  facet normal 0 0.941548 -0.336879
    outer loop
      vertex 135 4.04306 10.2903
      vertex 105 4.07612 10.3827
      vertex 135 4.07612 10.3827
    endloop
  endfacet
  facet normal 0 0.941548 -0.336879
    outer loop
      vertex 105 4.07612 10.3827
      vertex 135 4.04306 10.2903
      vertex 105 4.04306 10.2903
    endloop
  endfacet
  facet normal 0 -0.941548 -0.336879
    outer loop
      vertex 105 5.95694 10.2903
      vertex 135 5.92388 10.3827
      vertex 105 5.92388 10.3827
    endloop
  endfacet
  facet normal 0 -0.941548 -0.336879
    outer loop
      vertex 135 5.92388 10.3827
      vertex 105 5.95694 10.2903
      vertex 135 5.95694 10.2903
    endloop
  endfacet
  facet normal -0 0.671505 0.741
    outer loop
      vertex 105 4.36561 9.22699
      vertex 135 4.29289 9.29289
      vertex 135 4.36561 9.22699
    endloop
  endfacet
  facet normal 0 0.671505 0.741
    outer loop
      vertex 135 4.29289 9.29289
      vertex 105 4.36561 9.22699
      vertex 105 4.29289 9.29289
    endloop
  endfacet
  facet normal 0 -0.970023 0.243015
    outer loop
      vertex 105 5.95694 9.70971
      vertex 135 5.98079 9.80491
      vertex 105 5.98079 9.80491
    endloop
  endfacet
  facet normal 0 -0.970023 0.243015
    outer loop
      vertex 135 5.98079 9.80491
      vertex 105 5.95694 9.70971
      vertex 135 5.95694 9.70971
    endloop
  endfacet
  facet normal 0 -0.989175 0.146741
    outer loop
      vertex 105 5.98079 9.80491
      vertex 135 5.99519 9.90198
      vertex 105 5.99519 9.90198
    endloop
  endfacet
  facet normal 0 -0.989175 0.146741
    outer loop
      vertex 135 5.99519 9.90198
      vertex 105 5.98079 9.80491
      vertex 135 5.98079 9.80491
    endloop
  endfacet
  facet normal 0 0.336336 -0.941742
    outer loop
      vertex 105 4.61732 10.9239
      vertex 135 4.70972 10.9569
      vertex 135 4.61732 10.9239
    endloop
  endfacet
  facet normal 0 0.336336 -0.941742
    outer loop
      vertex 135 4.70972 10.9569
      vertex 105 4.61732 10.9239
      vertex 105 4.70972 10.9569
    endloop
  endfacet
  facet normal 0 -0.146641 0.98919
    outer loop
      vertex 105 5.19509 9.01921
      vertex 135 5.09802 9.00482
      vertex 135 5.19509 9.01921
    endloop
  endfacet
  facet normal 0 -0.146641 0.98919
    outer loop
      vertex 135 5.09802 9.00482
      vertex 105 5.19509 9.01921
      vertex 105 5.09802 9.00482
    endloop
  endfacet
  facet normal 0 -0.857727 0.514106
    outer loop
      vertex 105 5.83147 9.44443
      vertex 135 5.88192 9.5286
      vertex 105 5.88192 9.5286
    endloop
  endfacet
  facet normal 0 -0.857727 0.514106
    outer loop
      vertex 135 5.88192 9.5286
      vertex 105 5.83147 9.44443
      vertex 135 5.83147 9.44443
    endloop
  endfacet
  facet normal 0 0.048911 -0.998803
    outer loop
      vertex 105 4.90198 10.9952
      vertex 135 5 11
      vertex 135 4.90198 10.9952
    endloop
  endfacet
  facet normal 0 0.048911 -0.998803
    outer loop
      vertex 135 5 11
      vertex 105 4.90198 10.9952
      vertex 105 5 11
    endloop
  endfacet
  facet normal 0 0.998793 0.0491143
    outer loop
      vertex 135 4.00482 9.90198
      vertex 105 4 10
      vertex 135 4 10
    endloop
  endfacet
  facet normal 0 0.998793 0.0491143
    outer loop
      vertex 105 4 10
      vertex 135 4.00482 9.90198
      vertex 105 4.00482 9.90198
    endloop
  endfacet
  facet normal 0 -0.941537 0.336911
    outer loop
      vertex 105 5.92388 9.61732
      vertex 135 5.95694 9.70971
      vertex 105 5.95694 9.70971
    endloop
  endfacet
  facet normal 0 -0.941537 0.336911
    outer loop
      vertex 135 5.95694 9.70971
      vertex 105 5.92388 9.61732
      vertex 135 5.92388 9.61732
    endloop
  endfacet
  facet normal 0 -0.427876 -0.903837
    outer loop
      vertex 105 5.38268 10.9239
      vertex 135 5.4714 10.8819
      vertex 135 5.38268 10.9239
    endloop
  endfacet
  facet normal -0 -0.427876 -0.903837
    outer loop
      vertex 135 5.4714 10.8819
      vertex 105 5.38268 10.9239
      vertex 105 5.4714 10.8819
    endloop
  endfacet
  facet normal 0 -0.048911 -0.998803
    outer loop
      vertex 105 5 11
      vertex 135 5.09802 10.9952
      vertex 135 5 11
    endloop
  endfacet
  facet normal -0 -0.048911 -0.998803
    outer loop
      vertex 135 5.09802 10.9952
      vertex 105 5 11
      vertex 105 5.09802 10.9952
    endloop
  endfacet
  facet normal 0 -0.857807 -0.513971
    outer loop
      vertex 105 5.88192 10.4714
      vertex 135 5.83147 10.5556
      vertex 105 5.83147 10.5556
    endloop
  endfacet
  facet normal 0 -0.857807 -0.513971
    outer loop
      vertex 135 5.83147 10.5556
      vertex 105 5.88192 10.4714
      vertex 135 5.88192 10.4714
    endloop
  endfacet
  facet normal -0 0.146641 0.98919
    outer loop
      vertex 105 4.90198 9.00482
      vertex 135 4.80491 9.01921
      vertex 135 4.90198 9.00482
    endloop
  endfacet
  facet normal 0 0.146641 0.98919
    outer loop
      vertex 135 4.80491 9.01921
      vertex 105 4.90198 9.00482
      vertex 105 4.80491 9.01921
    endloop
  endfacet
  facet normal 0 -0.671505 0.741
    outer loop
      vertex 105 5.70711 9.29289
      vertex 135 5.63439 9.22699
      vertex 135 5.70711 9.29289
    endloop
  endfacet
  facet normal 0 -0.671505 0.741
    outer loop
      vertex 135 5.63439 9.22699
      vertex 105 5.70711 9.29289
      vertex 105 5.63439 9.22699
    endloop
  endfacet
  facet normal 0 0.740908 -0.671607
    outer loop
      vertex 135 4.22699 10.6344
      vertex 105 4.29289 10.7071
      vertex 135 4.29289 10.7071
    endloop
  endfacet
  facet normal 0 0.740908 -0.671607
    outer loop
      vertex 105 4.29289 10.7071
      vertex 135 4.22699 10.6344
      vertex 105 4.22699 10.6344
    endloop
  endfacet
  facet normal 0 -0.740908 -0.671607
    outer loop
      vertex 105 5.77301 10.6344
      vertex 135 5.70711 10.7071
      vertex 105 5.70711 10.7071
    endloop
  endfacet
  facet normal 0 -0.740908 -0.671607
    outer loop
      vertex 135 5.70711 10.7071
      vertex 105 5.77301 10.6344
      vertex 135 5.77301 10.6344
    endloop
  endfacet
  facet normal 0 -0.671505 -0.741
    outer loop
      vertex 105 5.63439 10.773
      vertex 135 5.70711 10.7071
      vertex 135 5.63439 10.773
    endloop
  endfacet
  facet normal -0 -0.671505 -0.741
    outer loop
      vertex 135 5.70711 10.7071
      vertex 105 5.63439 10.773
      vertex 105 5.70711 10.7071
    endloop
  endfacet
  facet normal 0 0.146741 -0.989175
    outer loop
      vertex 105 4.80491 10.9808
      vertex 135 4.90198 10.9952
      vertex 135 4.80491 10.9808
    endloop
  endfacet
  facet normal 0 0.146741 -0.989175
    outer loop
      vertex 135 4.90198 10.9952
      vertex 105 4.80491 10.9808
      vertex 105 4.90198 10.9952
    endloop
  endfacet
  facet normal 0 0.970047 0.242919
    outer loop
      vertex 135 4.04306 9.70971
      vertex 105 4.01922 9.80491
      vertex 135 4.01922 9.80491
    endloop
  endfacet
  facet normal 0 0.970047 0.242919
    outer loop
      vertex 105 4.01922 9.80491
      vertex 135 4.04306 9.70971
      vertex 105 4.04306 9.70971
    endloop
  endfacet
  facet normal 0 0.903958 -0.427622
    outer loop
      vertex 135 4.07612 10.3827
      vertex 105 4.11808 10.4714
      vertex 135 4.11808 10.4714
    endloop
  endfacet
  facet normal 0 0.903958 -0.427622
    outer loop
      vertex 105 4.11808 10.4714
      vertex 135 4.07612 10.3827
      vertex 105 4.07612 10.3827
    endloop
  endfacet
  facet normal -0 0.427543 0.903995
    outer loop
      vertex 105 4.61732 9.07612
      vertex 135 4.5286 9.11808
      vertex 135 4.61732 9.07612
    endloop
  endfacet
  facet normal 0 0.427543 0.903995
    outer loop
      vertex 135 4.5286 9.11808
      vertex 105 4.61732 9.07612
      vertex 105 4.5286 9.11808
    endloop
  endfacet
  facet normal 0 0.970047 -0.242919
    outer loop
      vertex 135 4.01922 10.1951
      vertex 105 4.04306 10.2903
      vertex 135 4.04306 10.2903
    endloop
  endfacet
  facet normal 0 0.970047 -0.242919
    outer loop
      vertex 105 4.04306 10.2903
      vertex 135 4.01922 10.1951
      vertex 105 4.01922 10.1951
    endloop
  endfacet
  facet normal 0 -0.243518 -0.969896
    outer loop
      vertex 105 5.19509 10.9808
      vertex 135 5.29028 10.9569
      vertex 135 5.19509 10.9808
    endloop
  endfacet
  facet normal -0 -0.243518 -0.969896
    outer loop
      vertex 135 5.29028 10.9569
      vertex 105 5.19509 10.9808
      vertex 105 5.29028 10.9569
    endloop
  endfacet
  facet normal 0 0.741 0.671505
    outer loop
      vertex 135 4.29289 9.29289
      vertex 105 4.22699 9.36561
      vertex 135 4.22699 9.36561
    endloop
  endfacet
  facet normal 0 0.741 0.671505
    outer loop
      vertex 105 4.22699 9.36561
      vertex 135 4.29289 9.29289
      vertex 105 4.29289 9.29289
    endloop
  endfacet
  facet normal 0 -0.427543 0.903995
    outer loop
      vertex 105 5.4714 9.11808
      vertex 135 5.38268 9.07612
      vertex 135 5.4714 9.11808
    endloop
  endfacet
  facet normal 0 -0.427543 0.903995
    outer loop
      vertex 135 5.38268 9.07612
      vertex 105 5.4714 9.11808
      vertex 105 5.38268 9.07612
    endloop
  endfacet
  facet normal 0 -0.0491143 0.998793
    outer loop
      vertex 105 5.09802 9.00482
      vertex 135 5 9
      vertex 135 5.09802 9.00482
    endloop
  endfacet
  facet normal 0 -0.0491143 0.998793
    outer loop
      vertex 135 5 9
      vertex 105 5.09802 9.00482
      vertex 105 5 9
    endloop
  endfacet
  facet normal 0 0.989175 0.146741
    outer loop
      vertex 135 4.01922 9.80491
      vertex 105 4.00482 9.90198
      vertex 135 4.00482 9.90198
    endloop
  endfacet
  facet normal 0 0.989175 0.146741
    outer loop
      vertex 105 4.00482 9.90198
      vertex 135 4.01922 9.80491
      vertex 105 4.01922 9.80491
    endloop
  endfacet
  facet normal 0 -0.59572 0.803192
    outer loop
      vertex 105 5.63439 9.22699
      vertex 135 5.55557 9.16853
      vertex 135 5.63439 9.22699
    endloop
  endfacet
  facet normal 0 -0.59572 0.803192
    outer loop
      vertex 135 5.55557 9.16853
      vertex 105 5.63439 9.22699
      vertex 105 5.55557 9.16853
    endloop
  endfacet
  facet normal 0 0.803192 0.59572
    outer loop
      vertex 135 4.22699 9.36561
      vertex 105 4.16853 9.44443
      vertex 135 4.16853 9.44443
    endloop
  endfacet
  facet normal 0 0.803192 0.59572
    outer loop
      vertex 105 4.16853 9.44443
      vertex 135 4.22699 9.36561
      vertex 105 4.22699 9.36561
    endloop
  endfacet
  facet normal 0 0.998793 -0.0491243
    outer loop
      vertex 135 4 10
      vertex 105 4.00482 10.098
      vertex 135 4.00482 10.098
    endloop
  endfacet
  facet normal 0 0.998793 -0.0491243
    outer loop
      vertex 105 4.00482 10.098
      vertex 135 4 10
      vertex 105 4 10
    endloop
  endfacet
  facet normal 0 -0.741 0.671505
    outer loop
      vertex 105 5.70711 9.29289
      vertex 135 5.77301 9.36561
      vertex 105 5.77301 9.36561
    endloop
  endfacet
  facet normal 0 -0.741 0.671505
    outer loop
      vertex 135 5.77301 9.36561
      vertex 105 5.70711 9.29289
      vertex 135 5.70711 9.29289
    endloop
  endfacet
  facet normal 0.242236 0.970217 -0
    outer loop
      vertex 122.322 169.256 4
      vertex 121.561 169.446 5.2
      vertex 122.322 169.256 5.2
    endloop
  endfacet
  facet normal 0.242236 0.970217 0
    outer loop
      vertex 121.561 169.446 5.2
      vertex 122.322 169.256 4
      vertex 121.561 169.446 4
    endloop
  endfacet
  facet normal 0.14641 0.989224 -0
    outer loop
      vertex 121.561 169.446 4
      vertex 120.784 169.561 5.2
      vertex 121.561 169.446 5.2
    endloop
  endfacet
  facet normal 0.14641 0.989224 0
    outer loop
      vertex 120.784 169.561 5.2
      vertex 121.561 169.446 4
      vertex 120.784 169.561 4
    endloop
  endfacet
  facet normal 0.741149 -0.67134 0
    outer loop
      vertex 125.657 23.9431 5.2
      vertex 126.184 24.5249 4
      vertex 126.184 24.5249 5.2
    endloop
  endfacet
  facet normal 0.741149 -0.67134 0
    outer loop
      vertex 126.184 24.5249 4
      vertex 125.657 23.9431 5.2
      vertex 125.657 23.9431 4
    endloop
  endfacet
  facet normal -0.741137 0.671353 0
    outer loop
      vertex 17.8159 166.675 4
      vertex 18.3431 167.257 5.2
      vertex 18.3431 167.257 4
    endloop
  endfacet
  facet normal -0.741137 0.671353 0
    outer loop
      vertex 18.3431 167.257 5.2
      vertex 17.8159 166.675 4
      vertex 17.8159 166.675 5.2
    endloop
  endfacet
  facet normal 0.0496835 0.998765 -0
    outer loop
      vertex 120.784 169.561 4
      vertex 120 169.6 5.2
      vertex 120.784 169.561 5.2
    endloop
  endfacet
  facet normal 0.0496835 0.998765 0
    outer loop
      vertex 120 169.6 5.2
      vertex 120.784 169.561 4
      vertex 120 169.6 4
    endloop
  endfacet
  facet normal 0 1 -0
    outer loop
      vertex 120 169.6 4
      vertex 24 169.6 5.2
      vertex 120 169.6 5.2
    endloop
  endfacet
  facet normal 0 1 0
    outer loop
      vertex 24 169.6 5.2
      vertex 120 169.6 4
      vertex 24 169.6 4
    endloop
  endfacet
  facet normal -0.802927 0.596078 0
    outer loop
      vertex 17.3482 166.045 4
      vertex 17.8159 166.675 5.2
      vertex 17.8159 166.675 4
    endloop
  endfacet
  facet normal -0.802927 0.596078 0
    outer loop
      vertex 17.8159 166.675 5.2
      vertex 17.3482 166.045 4
      vertex 17.3482 166.045 5.2
    endloop
  endfacet
  facet normal -0.970023 -0.243015 0
    outer loop
      vertex 16.3445 27.2777 4
      vertex 16.1537 28.0393 5.2
      vertex 16.1537 28.0393 4
    endloop
  endfacet
  facet normal -0.970023 -0.243015 0
    outer loop
      vertex 16.1537 28.0393 5.2
      vertex 16.3445 27.2777 4
      vertex 16.3445 27.2777 5.2
    endloop
  endfacet
  facet normal -0.989176 -0.146733 0
    outer loop
      vertex 16.1537 28.0393 4
      vertex 16.0385 28.8159 5.2
      vertex 16.0385 28.8159 4
    endloop
  endfacet
  facet normal -0.989176 -0.146733 0
    outer loop
      vertex 16.0385 28.8159 5.2
      vertex 16.1537 28.0393 4
      vertex 16.1537 28.0393 5.2
    endloop
  endfacet
  facet normal -0.67148 -0.741023 0
    outer loop
      vertex 18.3431 23.9431 4
      vertex 18.9249 23.4159 5.2
      vertex 18.3431 23.9431 5.2
    endloop
  endfacet
  facet normal -0.67148 -0.741023 -0
    outer loop
      vertex 18.9249 23.4159 5.2
      vertex 18.3431 23.9431 4
      vertex 18.9249 23.4159 4
    endloop
  endfacet
  facet normal -0.741023 -0.67148 0
    outer loop
      vertex 18.3431 23.9431 4
      vertex 17.8159 24.5249 5.2
      vertex 17.8159 24.5249 4
    endloop
  endfacet
  facet normal -0.741023 -0.67148 0
    outer loop
      vertex 17.8159 24.5249 5.2
      vertex 18.3431 23.9431 4
      vertex 18.3431 23.9431 5.2
    endloop
  endfacet
  facet normal -0.0490418 -0.998797 0
    outer loop
      vertex 23.2159 21.6385 4
      vertex 24 21.6 5.2
      vertex 23.2159 21.6385 5.2
    endloop
  endfacet
  facet normal -0.0490418 -0.998797 -0
    outer loop
      vertex 24 21.6 5.2
      vertex 23.2159 21.6385 4
      vertex 24 21.6 4
    endloop
  endfacet
  facet normal 0.903823 -0.427906 0
    outer loop
      vertex 127.055 25.8288 5.2
      vertex 127.391 26.5385 4
      vertex 127.391 26.5385 5.2
    endloop
  endfacet
  facet normal 0.903823 -0.427906 0
    outer loop
      vertex 127.391 26.5385 4
      vertex 127.055 25.8288 5.2
      vertex 127.055 25.8288 4
    endloop
  endfacet
  facet normal 1 -0 0
    outer loop
      vertex 128 29.6 5.2
      vertex 128 161.6 4
      vertex 128 161.6 5.2
    endloop
  endfacet
  facet normal 1 0 0
    outer loop
      vertex 128 161.6 4
      vertex 128 29.6 5.2
      vertex 128 29.6 4
    endloop
  endfacet
  facet normal -1 0 0
    outer loop
      vertex 16 29.6 4
      vertex 16 161.6 5.2
      vertex 16 161.6 4
    endloop
  endfacet
  facet normal -1 -0 0
    outer loop
      vertex 16 161.6 5.2
      vertex 16 29.6 4
      vertex 16 29.6 5.2
    endloop
  endfacet
  facet normal -0.998797 -0.0490418 0
    outer loop
      vertex 16.0385 28.8159 4
      vertex 16 29.6 5.2
      vertex 16 29.6 4
    endloop
  endfacet
  facet normal -0.998797 -0.0490418 0
    outer loop
      vertex 16 29.6 5.2
      vertex 16.0385 28.8159 4
      vertex 16.0385 28.8159 5.2
    endloop
  endfacet
  facet normal -0.803153 -0.595773 0
    outer loop
      vertex 17.8159 24.5249 4
      vertex 17.3482 25.1554 5.2
      vertex 17.3482 25.1554 4
    endloop
  endfacet
  facet normal -0.803153 -0.595773 0
    outer loop
      vertex 17.3482 25.1554 5.2
      vertex 17.8159 24.5249 4
      vertex 17.8159 24.5249 5.2
    endloop
  endfacet
  facet normal 0.941338 -0.337466 0
    outer loop
      vertex 127.391 26.5385 5.2
      vertex 127.656 27.2777 4
      vertex 127.656 27.2777 5.2
    endloop
  endfacet
  facet normal 0.941338 -0.337466 0
    outer loop
      vertex 127.656 27.2777 4
      vertex 127.391 26.5385 5.2
      vertex 127.391 26.5385 4
    endloop
  endfacet
  facet normal -0.514084 -0.85774 0
    outer loop
      vertex 19.5554 22.9482 4
      vertex 20.2288 22.5446 5.2
      vertex 19.5554 22.9482 5.2
    endloop
  endfacet
  facet normal -0.514084 -0.85774 -0
    outer loop
      vertex 20.2288 22.5446 5.2
      vertex 19.5554 22.9482 4
      vertex 20.2288 22.5446 4
    endloop
  endfacet
  facet normal 0.858278 0.513184 0
    outer loop
      vertex 127.055 165.371 5.2
      vertex 126.652 166.045 4
      vertex 126.652 166.045 5.2
    endloop
  endfacet
  facet normal 0.858278 0.513184 0
    outer loop
      vertex 126.652 166.045 4
      vertex 127.055 165.371 5.2
      vertex 127.055 165.371 4
    endloop
  endfacet
  facet normal 0.970262 -0.242056 0
    outer loop
      vertex 127.656 27.2777 5.2
      vertex 127.846 28.0393 4
      vertex 127.846 28.0393 5.2
    endloop
  endfacet
  facet normal 0.970262 -0.242056 0
    outer loop
      vertex 127.846 28.0393 4
      vertex 127.656 27.2777 5.2
      vertex 127.656 27.2777 4
    endloop
  endfacet
  facet normal -0.336901 -0.94154 0
    outer loop
      vertex 20.9385 22.209 4
      vertex 21.6777 21.9445 5.2
      vertex 20.9385 22.209 5.2
    endloop
  endfacet
  facet normal -0.336901 -0.94154 -0
    outer loop
      vertex 21.6777 21.9445 5.2
      vertex 20.9385 22.209 4
      vertex 21.6777 21.9445 4
    endloop
  endfacet
  facet normal 0 -1 0
    outer loop
      vertex 24 21.6 4
      vertex 120 21.6 5.2
      vertex 24 21.6 5.2
    endloop
  endfacet
  facet normal 0 -1 -0
    outer loop
      vertex 120 21.6 5.2
      vertex 24 21.6 4
      vertex 120 21.6 4
    endloop
  endfacet
  facet normal -0.90402 -0.427489 0
    outer loop
      vertex 16.9446 25.8288 4
      vertex 16.609 26.5385 5.2
      vertex 16.609 26.5385 4
    endloop
  endfacet
  facet normal -0.90402 -0.427489 0
    outer loop
      vertex 16.609 26.5385 5.2
      vertex 16.9446 25.8288 4
      vertex 16.9446 25.8288 5.2
    endloop
  endfacet
  facet normal 0.243195 -0.969977 0
    outer loop
      vertex 121.561 21.7537 4
      vertex 122.322 21.9445 5.2
      vertex 121.561 21.7537 5.2
    endloop
  endfacet
  facet normal 0.243195 -0.969977 0
    outer loop
      vertex 122.322 21.9445 5.2
      vertex 121.561 21.7537 4
      vertex 122.322 21.9445 4
    endloop
  endfacet
  facet normal -0.146733 -0.989176 0
    outer loop
      vertex 22.4393 21.7537 4
      vertex 23.2159 21.6385 5.2
      vertex 22.4393 21.7537 5.2
    endloop
  endfacet
  facet normal -0.146733 -0.989176 -0
    outer loop
      vertex 23.2159 21.6385 5.2
      vertex 22.4393 21.7537 4
      vertex 23.2159 21.6385 4
    endloop
  endfacet
  facet normal -0.427906 0.903823 0
    outer loop
      vertex 20.9385 168.991 4
      vertex 20.2288 168.655 5.2
      vertex 20.9385 168.991 5.2
    endloop
  endfacet
  facet normal -0.427906 0.903823 0
    outer loop
      vertex 20.2288 168.655 5.2
      vertex 20.9385 168.991 4
      vertex 20.2288 168.655 4
    endloop
  endfacet
  facet normal 0.049048 -0.998796 0
    outer loop
      vertex 120 21.6 4
      vertex 120.784 21.6385 5.2
      vertex 120 21.6 5.2
    endloop
  endfacet
  facet normal 0.049048 -0.998796 0
    outer loop
      vertex 120.784 21.6385 5.2
      vertex 120 21.6 4
      vertex 120.784 21.6385 4
    endloop
  endfacet
  facet normal -0.596019 0.80297 0
    outer loop
      vertex 19.5554 168.252 4
      vertex 18.9249 167.784 5.2
      vertex 19.5554 168.252 5.2
    endloop
  endfacet
  facet normal -0.596019 0.80297 0
    outer loop
      vertex 18.9249 167.784 5.2
      vertex 19.5554 168.252 4
      vertex 18.9249 167.784 4
    endloop
  endfacet
  facet normal 0.336982 -0.941511 0
    outer loop
      vertex 122.322 21.9445 4
      vertex 123.061 22.209 5.2
      vertex 122.322 21.9445 5.2
    endloop
  endfacet
  facet normal 0.336982 -0.941511 0
    outer loop
      vertex 123.061 22.209 5.2
      vertex 122.322 21.9445 4
      vertex 123.061 22.209 4
    endloop
  endfacet
  facet normal 0.998765 -0.0496771 0
    outer loop
      vertex 127.961 28.8159 5.2
      vertex 128 29.6 4
      vertex 128 29.6 5.2
    endloop
  endfacet
  facet normal 0.998765 -0.0496771 0
    outer loop
      vertex 128 29.6 4
      vertex 127.961 28.8159 5.2
      vertex 127.961 28.8159 4
    endloop
  endfacet
  facet normal 0.671213 0.741264 -0
    outer loop
      vertex 125.657 167.257 4
      vertex 125.075 167.784 5.2
      vertex 125.657 167.257 5.2
    endloop
  endfacet
  facet normal 0.671213 0.741264 0
    outer loop
      vertex 125.075 167.784 5.2
      vertex 125.657 167.257 4
      vertex 125.075 167.784 4
    endloop
  endfacet
  facet normal -0.67134 0.741149 0
    outer loop
      vertex 18.9249 167.784 4
      vertex 18.3431 167.257 5.2
      vertex 18.9249 167.784 5.2
    endloop
  endfacet
  facet normal -0.67134 0.741149 0
    outer loop
      vertex 18.3431 167.257 5.2
      vertex 18.9249 167.784 4
      vertex 18.3431 167.257 4
    endloop
  endfacet
  facet normal -0.243015 -0.970023 0
    outer loop
      vertex 21.6777 21.9445 4
      vertex 22.4393 21.7537 5.2
      vertex 21.6777 21.9445 5.2
    endloop
  endfacet
  facet normal -0.243015 -0.970023 -0
    outer loop
      vertex 22.4393 21.7537 5.2
      vertex 21.6777 21.9445 4
      vertex 22.4393 21.7537 4
    endloop
  endfacet
  facet normal 0.970217 0.242236 0
    outer loop
      vertex 127.846 163.161 5.2
      vertex 127.656 163.922 4
      vertex 127.656 163.922 5.2
    endloop
  endfacet
  facet normal 0.970217 0.242236 0
    outer loop
      vertex 127.656 163.922 4
      vertex 127.846 163.161 5.2
      vertex 127.846 163.161 4
    endloop
  endfacet
  facet normal 0.513184 0.858278 -0
    outer loop
      vertex 124.445 168.252 4
      vertex 123.771 168.655 5.2
      vertex 124.445 168.252 5.2
    endloop
  endfacet
  facet normal 0.513184 0.858278 0
    outer loop
      vertex 123.771 168.655 5.2
      vertex 124.445 168.252 4
      vertex 123.771 168.655 4
    endloop
  endfacet
  facet normal -0.595773 -0.803153 0
    outer loop
      vertex 18.9249 23.4159 4
      vertex 19.5554 22.9482 5.2
      vertex 18.9249 23.4159 5.2
    endloop
  endfacet
  facet normal -0.595773 -0.803153 -0
    outer loop
      vertex 19.5554 22.9482 5.2
      vertex 18.9249 23.4159 4
      vertex 19.5554 22.9482 4
    endloop
  endfacet
  facet normal 0.671353 -0.741137 0
    outer loop
      vertex 125.075 23.4159 4
      vertex 125.657 23.9431 5.2
      vertex 125.075 23.4159 5.2
    endloop
  endfacet
  facet normal 0.671353 -0.741137 0
    outer loop
      vertex 125.657 23.9431 5.2
      vertex 125.075 23.4159 4
      vertex 125.657 23.9431 4
    endloop
  endfacet
  facet normal -0.0496771 0.998765 0
    outer loop
      vertex 24 169.6 4
      vertex 23.2159 169.561 5.2
      vertex 24 169.6 5.2
    endloop
  endfacet
  facet normal -0.0496771 0.998765 0
    outer loop
      vertex 23.2159 169.561 5.2
      vertex 24 169.6 4
      vertex 23.2159 169.561 4
    endloop
  endfacet
  facet normal -0.90409 0.427342 0
    outer loop
      vertex 16.609 164.661 4
      vertex 16.9446 165.371 5.2
      vertex 16.9446 165.371 4
    endloop
  endfacet
  facet normal -0.90409 0.427342 0
    outer loop
      vertex 16.9446 165.371 5.2
      vertex 16.609 164.661 4
      vertex 16.609 164.661 5.2
    endloop
  endfacet
  facet normal -0.513521 0.858077 0
    outer loop
      vertex 20.2288 168.655 4
      vertex 19.5554 168.252 5.2
      vertex 20.2288 168.655 5.2
    endloop
  endfacet
  facet normal -0.513521 0.858077 0
    outer loop
      vertex 19.5554 168.252 5.2
      vertex 20.2288 168.655 4
      vertex 19.5554 168.252 4
    endloop
  endfacet
  facet normal -0.337466 0.941338 0
    outer loop
      vertex 21.6777 169.256 4
      vertex 20.9385 168.991 5.2
      vertex 21.6777 169.256 5.2
    endloop
  endfacet
  facet normal -0.337466 0.941338 0
    outer loop
      vertex 20.9385 168.991 5.2
      vertex 21.6777 169.256 4
      vertex 20.9385 168.991 4
    endloop
  endfacet
  facet normal 0.513747 -0.857942 0
    outer loop
      vertex 123.771 22.5446 4
      vertex 124.445 22.9482 5.2
      vertex 123.771 22.5446 5.2
    endloop
  endfacet
  facet normal 0.513747 -0.857942 0
    outer loop
      vertex 124.445 22.9482 5.2
      vertex 123.771 22.5446 4
      vertex 124.445 22.9482 4
    endloop
  endfacet
  facet normal 0.427758 0.903893 -0
    outer loop
      vertex 123.771 168.655 4
      vertex 123.061 168.991 5.2
      vertex 123.771 168.655 5.2
    endloop
  endfacet
  facet normal 0.427758 0.903893 0
    outer loop
      vertex 123.061 168.991 5.2
      vertex 123.771 168.655 4
      vertex 123.061 168.991 4
    endloop
  endfacet
  facet normal 0.80297 -0.596019 0
    outer loop
      vertex 126.184 24.5249 5.2
      vertex 126.652 25.1554 4
      vertex 126.652 25.1554 5.2
    endloop
  endfacet
  facet normal 0.80297 -0.596019 0
    outer loop
      vertex 126.652 25.1554 4
      vertex 126.184 24.5249 5.2
      vertex 126.184 24.5249 4
    endloop
  endfacet
  facet normal 0.858077 -0.513521 0
    outer loop
      vertex 126.652 25.1554 5.2
      vertex 127.055 25.8288 4
      vertex 127.055 25.8288 5.2
    endloop
  endfacet
  facet normal 0.858077 -0.513521 0
    outer loop
      vertex 127.055 25.8288 4
      vertex 126.652 25.1554 5.2
      vertex 126.652 25.1554 4
    endloop
  endfacet
  facet normal 0.941309 0.337546 0
    outer loop
      vertex 127.656 163.922 5.2
      vertex 127.391 164.661 4
      vertex 127.391 164.661 5.2
    endloop
  endfacet
  facet normal 0.941309 0.337546 0
    outer loop
      vertex 127.391 164.661 4
      vertex 127.656 163.922 5.2
      vertex 127.656 163.922 4
    endloop
  endfacet
  facet normal 0 0 1
    outer loop
      vertex 139 186.6 4
      vertex 144 181.6 4
      vertex 143.976 182.09 4
    endloop
  endfacet
  facet normal 0 0 1
    outer loop
      vertex 144 181.6 4
      vertex 133.871 168.35 4
      vertex 144 15.6 4
    endloop
  endfacet
  facet normal 0 0 1
    outer loop
      vertex 139 186.6 4
      vertex 143.976 182.09 4
      vertex 143.904 182.575 4
    endloop
  endfacet
  facet normal -0 0 1
    outer loop
      vertex 133.739 168.173 4
      vertex 144 15.6 4
      vertex 133.871 168.35 4
    endloop
  endfacet
  facet normal 0 0 1
    outer loop
      vertex 139 186.6 4
      vertex 143.904 182.575 4
      vertex 143.785 183.051 4
    endloop
  endfacet
  facet normal 0 0 1
    outer loop
      vertex 144 181.6 4
      vertex 133.984 168.539 4
      vertex 133.871 168.35 4
    endloop
  endfacet
  facet normal 0 0 1
    outer loop
      vertex 139 186.6 4
      vertex 143.785 183.051 4
      vertex 143.619 183.513 4
    endloop
  endfacet
  facet normal -0 0 1
    outer loop
      vertex 133.591 168.009 4
      vertex 144 15.6 4
      vertex 133.739 168.173 4
    endloop
  endfacet
  facet normal 0 0 1
    outer loop
      vertex 139 186.6 4
      vertex 143.619 183.513 4
      vertex 143.41 183.957 4
    endloop
  endfacet
  facet normal -0 0 1
    outer loop
      vertex 128 161.6 4
      vertex 144 15.6 4
      vertex 133.591 168.009 4
    endloop
  endfacet
  facet normal 0 0 1
    outer loop
      vertex 139 186.6 4
      vertex 143.41 183.957 4
      vertex 143.157 184.378 4
    endloop
  endfacet
  facet normal -0 0 1
    outer loop
      vertex 128 29.6 4
      vertex 144 15.6 4
      vertex 128 161.6 4
    endloop
  endfacet
  facet normal 0 0 1
    outer loop
      vertex 139 186.6 4
      vertex 143.157 184.378 4
      vertex 142.865 184.772 4
    endloop
  endfacet
  facet normal 0 0 1
    outer loop
      vertex 144 181.6 4
      vertex 134.079 168.739 4
      vertex 133.984 168.539 4
    endloop
  endfacet
  facet normal 0 0 1
    outer loop
      vertex 139 186.6 4
      vertex 142.865 184.772 4
      vertex 142.536 185.136 4
    endloop
  endfacet
  facet normal -0 -0 1
    outer loop
      vertex 135 20.6 4
      vertex 144 15.6 4
      vertex 128 29.6 4
    endloop
  endfacet
  facet normal 0 0 1
    outer loop
      vertex 139 186.6 4
      vertex 142.536 185.136 4
      vertex 142.172 185.465 4
    endloop
  endfacet
  facet normal 0 -0 1
    outer loop
      vertex 139 10.6 4
      vertex 144 15.6 4
      vertex 135 20.6 4
    endloop
  endfacet
  facet normal 0 0 1
    outer loop
      vertex 139 186.6 4
      vertex 142.172 185.465 4
      vertex 141.778 185.757 4
    endloop
  endfacet
  facet normal 0 0 1
    outer loop
      vertex 143.904 14.6246 4
      vertex 139 10.6 4
      vertex 143.785 14.1486 4
    endloop
  endfacet
  facet normal 0 0 1
    outer loop
      vertex 139 186.6 4
      vertex 141.778 185.757 4
      vertex 141.357 186.01 4
    endloop
  endfacet
  facet normal 0 0 1
    outer loop
      vertex 144 181.6 4
      vertex 134.153 168.947 4
      vertex 134.079 168.739 4
    endloop
  endfacet
  facet normal 0 0 1
    outer loop
      vertex 139 186.6 4
      vertex 141.357 186.01 4
      vertex 140.913 186.219 4
    endloop
  endfacet
  facet normal 0 0 1
    outer loop
      vertex 143.785 14.1486 4
      vertex 139 10.6 4
      vertex 143.619 13.6866 4
    endloop
  endfacet
  facet normal 0 0 1
    outer loop
      vertex 139 186.6 4
      vertex 140.913 186.219 4
      vertex 140.451 186.385 4
    endloop
  endfacet
  facet normal 0 0 1
    outer loop
      vertex 143.41 13.243 4
      vertex 139 10.6 4
      vertex 143.157 12.8222 4
    endloop
  endfacet
  facet normal 0 0 1
    outer loop
      vertex 139 186.6 4
      vertex 140.451 186.385 4
      vertex 139.975 186.504 4
    endloop
  endfacet
  facet normal 0 0 1
    outer loop
      vertex 142.865 12.428 4
      vertex 139 10.6 4
      vertex 142.536 12.0645 4
    endloop
  endfacet
  facet normal 0 0 1
    outer loop
      vertex 139 186.6 4
      vertex 139.975 186.504 4
      vertex 139.49 186.576 4
    endloop
  endfacet
  facet normal 0 0 1
    outer loop
      vertex 142.172 11.7349 4
      vertex 139 10.6 4
      vertex 141.778 11.4427 4
    endloop
  endfacet
  facet normal 0 0 1
    outer loop
      vertex 144 181.6 4
      vertex 139 186.6 4
      vertex 133.061 171.584 4
    endloop
  endfacet
  facet normal 0 0 1
    outer loop
      vertex 144 181.6 4
      vertex 134.207 169.161 4
      vertex 134.153 168.947 4
    endloop
  endfacet
  facet normal 0 0 1
    outer loop
      vertex 141.778 11.4427 4
      vertex 139 10.6 4
      vertex 141.357 11.1904 4
    endloop
  endfacet
  facet normal 0 0 1
    outer loop
      vertex 144 181.6 4
      vertex 134.25 169.6 4
      vertex 134.239 169.379 4
    endloop
  endfacet
  facet normal 0 0 1
    outer loop
      vertex 144 181.6 4
      vertex 134.239 169.821 4
      vertex 134.25 169.6 4
    endloop
  endfacet
  facet normal 0 0 1
    outer loop
      vertex 144 181.6 4
      vertex 134.207 170.039 4
      vertex 134.239 169.821 4
    endloop
  endfacet
  facet normal 0 0 1
    outer loop
      vertex 144 181.6 4
      vertex 134.153 170.253 4
      vertex 134.207 170.039 4
    endloop
  endfacet
  facet normal 0 0 1
    outer loop
      vertex 144 181.6 4
      vertex 134.079 170.461 4
      vertex 134.153 170.253 4
    endloop
  endfacet
  facet normal 0 0 1
    outer loop
      vertex 144 181.6 4
      vertex 133.984 170.661 4
      vertex 134.079 170.461 4
    endloop
  endfacet
  facet normal 0 0 1
    outer loop
      vertex 144 181.6 4
      vertex 133.871 170.85 4
      vertex 133.984 170.661 4
    endloop
  endfacet
  facet normal 0 0 1
    outer loop
      vertex 144 181.6 4
      vertex 133.739 171.027 4
      vertex 133.871 170.85 4
    endloop
  endfacet
  facet normal 0 0 1
    outer loop
      vertex 144 181.6 4
      vertex 133.591 171.191 4
      vertex 133.739 171.027 4
    endloop
  endfacet
  facet normal 0 0 1
    outer loop
      vertex 144 181.6 4
      vertex 133.427 171.339 4
      vertex 133.591 171.191 4
    endloop
  endfacet
  facet normal 0 0 1
    outer loop
      vertex 144 181.6 4
      vertex 133.25 171.471 4
      vertex 133.427 171.339 4
    endloop
  endfacet
  facet normal 0 0 1
    outer loop
      vertex 144 181.6 4
      vertex 133.061 171.584 4
      vertex 133.25 171.471 4
    endloop
  endfacet
  facet normal 0 0 1
    outer loop
      vertex 139 186.6 4
      vertex 132.861 171.679 4
      vertex 133.061 171.584 4
    endloop
  endfacet
  facet normal 0 0 1
    outer loop
      vertex 139 186.6 4
      vertex 132.653 171.753 4
      vertex 132.861 171.679 4
    endloop
  endfacet
  facet normal 0 0 1
    outer loop
      vertex 139 186.6 4
      vertex 132.439 171.807 4
      vertex 132.653 171.753 4
    endloop
  endfacet
  facet normal 0 0 1
    outer loop
      vertex 139 186.6 4
      vertex 132.221 171.839 4
      vertex 132.439 171.807 4
    endloop
  endfacet
  facet normal 0 0 1
    outer loop
      vertex 139 186.6 4
      vertex 132 171.85 4
      vertex 132.221 171.839 4
    endloop
  endfacet
  facet normal 0 0 1
    outer loop
      vertex 139 186.6 4
      vertex 131.779 171.839 4
      vertex 132 171.85 4
    endloop
  endfacet
  facet normal 0 0 1
    outer loop
      vertex 139 186.6 4
      vertex 131.561 171.807 4
      vertex 131.779 171.839 4
    endloop
  endfacet
  facet normal -0 0 1
    outer loop
      vertex 118.834 178.188 4
      vertex 131.561 171.807 4
      vertex 139 186.6 4
    endloop
  endfacet
  facet normal 0 0 1
    outer loop
      vertex 131.561 171.807 4
      vertex 118.834 178.188 4
      vertex 131.347 171.753 4
    endloop
  endfacet
  facet normal -0 -0 1
    outer loop
      vertex 118.971 177.805 4
      vertex 131.347 171.753 4
      vertex 118.834 178.188 4
    endloop
  endfacet
  facet normal 0 0 1
    outer loop
      vertex 131.347 171.753 4
      vertex 118.971 177.805 4
      vertex 131.139 171.679 4
    endloop
  endfacet
  facet normal -0 -0 1
    outer loop
      vertex 119.07 177.41 4
      vertex 131.139 171.679 4
      vertex 118.971 177.805 4
    endloop
  endfacet
  facet normal 0 0 1
    outer loop
      vertex 131.139 171.679 4
      vertex 119.07 177.41 4
      vertex 130.939 171.584 4
    endloop
  endfacet
  facet normal -0 -0 1
    outer loop
      vertex 119.13 177.007 4
      vertex 130.939 171.584 4
      vertex 119.07 177.41 4
    endloop
  endfacet
  facet normal 0 0 1
    outer loop
      vertex 130.939 171.584 4
      vertex 119.13 177.007 4
      vertex 130.75 171.471 4
    endloop
  endfacet
  facet normal -0 -0 1
    outer loop
      vertex 119.15 176.6 4
      vertex 130.573 171.339 4
      vertex 119.13 177.007 4
    endloop
  endfacet
  facet normal 0 0 1
    outer loop
      vertex 125.075 167.784 4
      vertex 129.75 169.6 4
      vertex 129.761 169.821 4
    endloop
  endfacet
  facet normal 0 0 1
    outer loop
      vertex 125.075 167.784 4
      vertex 129.761 169.821 4
      vertex 129.793 170.039 4
    endloop
  endfacet
  facet normal 0 0 1
    outer loop
      vertex 129.75 169.6 4
      vertex 127.961 162.384 4
      vertex 128 161.6 4
    endloop
  endfacet
  facet normal 0 0 1
    outer loop
      vertex 129.75 169.6 4
      vertex 127.846 163.161 4
      vertex 127.961 162.384 4
    endloop
  endfacet
  facet normal 0 0 1
    outer loop
      vertex 124.445 168.252 4
      vertex 129.793 170.039 4
      vertex 129.847 170.253 4
    endloop
  endfacet
  facet normal 0 0 1
    outer loop
      vertex 129.75 169.6 4
      vertex 127.656 163.922 4
      vertex 127.846 163.161 4
    endloop
  endfacet
  facet normal 0 0 1
    outer loop
      vertex 129.75 169.6 4
      vertex 127.391 164.661 4
      vertex 127.656 163.922 4
    endloop
  endfacet
  facet normal 0 0 1
    outer loop
      vertex 124.445 168.252 4
      vertex 129.847 170.253 4
      vertex 129.921 170.461 4
    endloop
  endfacet
  facet normal 0 0 1
    outer loop
      vertex 129.75 169.6 4
      vertex 127.055 165.371 4
      vertex 127.391 164.661 4
    endloop
  endfacet
  facet normal 0 0 1
    outer loop
      vertex 123.771 168.655 4
      vertex 129.921 170.461 4
      vertex 130.016 170.661 4
    endloop
  endfacet
  facet normal 0 0 1
    outer loop
      vertex 129.75 169.6 4
      vertex 126.652 166.045 4
      vertex 127.055 165.371 4
    endloop
  endfacet
  facet normal 0 0 1
    outer loop
      vertex 130.573 171.339 4
      vertex 119.15 176.6 4
      vertex 130.409 171.191 4
    endloop
  endfacet
  facet normal 0 0 1
    outer loop
      vertex 129.75 169.6 4
      vertex 126.184 166.675 4
      vertex 126.652 166.045 4
    endloop
  endfacet
  facet normal 0 0 1
    outer loop
      vertex 129.75 169.6 4
      vertex 125.657 167.257 4
      vertex 126.184 166.675 4
    endloop
  endfacet
  facet normal 0 0 1
    outer loop
      vertex 129.75 169.6 4
      vertex 125.075 167.784 4
      vertex 125.657 167.257 4
    endloop
  endfacet
  facet normal 0 0 1
    outer loop
      vertex 129.793 170.039 4
      vertex 124.445 168.252 4
      vertex 125.075 167.784 4
    endloop
  endfacet
  facet normal -0 0 1
    outer loop
      vertex 119.07 175.79 4
      vertex 130.261 171.027 4
      vertex 119.13 176.193 4
    endloop
  endfacet
  facet normal 0 0 1
    outer loop
      vertex 129.921 170.461 4
      vertex 123.771 168.655 4
      vertex 124.445 168.252 4
    endloop
  endfacet
  facet normal 0 -0 1
    outer loop
      vertex 123.061 168.991 4
      vertex 130.261 171.027 4
      vertex 119.07 175.79 4
    endloop
  endfacet
  facet normal 0 0 1
    outer loop
      vertex 130.129 170.85 4
      vertex 123.771 168.655 4
      vertex 130.016 170.661 4
    endloop
  endfacet
  facet normal 0 -0 1
    outer loop
      vertex 123.771 168.655 4
      vertex 130.129 170.85 4
      vertex 123.061 168.991 4
    endloop
  endfacet
  facet normal -0 0 1
    outer loop
      vertex 118.971 175.395 4
      vertex 122.322 169.256 4
      vertex 119.07 175.79 4
    endloop
  endfacet
  facet normal 0 0 1
    outer loop
      vertex 123.061 168.991 4
      vertex 119.07 175.79 4
      vertex 122.322 169.256 4
    endloop
  endfacet
  facet normal 0 0 1
    outer loop
      vertex 130.261 171.027 4
      vertex 123.061 168.991 4
      vertex 130.129 170.85 4
    endloop
  endfacet
  facet normal 0 0 1
    outer loop
      vertex 130.409 171.191 4
      vertex 119.13 176.193 4
      vertex 130.261 171.027 4
    endloop
  endfacet
  facet normal -0 0 1
    outer loop
      vertex 119.13 176.193 4
      vertex 130.409 171.191 4
      vertex 119.15 176.6 4
    endloop
  endfacet
  facet normal 0 0 1
    outer loop
      vertex 130.75 171.471 4
      vertex 119.13 177.007 4
      vertex 130.573 171.339 4
    endloop
  endfacet
  facet normal 0 0 1
    outer loop
      vertex 139 186.6 4
      vertex 118.66 178.556 4
      vertex 118.834 178.188 4
    endloop
  endfacet
  facet normal 0 0 1
    outer loop
      vertex 139 186.6 4
      vertex 118.451 178.906 4
      vertex 118.66 178.556 4
    endloop
  endfacet
  facet normal 0 0 1
    outer loop
      vertex 139 186.6 4
      vertex 118.208 179.233 4
      vertex 118.451 178.906 4
    endloop
  endfacet
  facet normal 0 0 1
    outer loop
      vertex 139 186.6 4
      vertex 117.934 179.535 4
      vertex 118.208 179.233 4
    endloop
  endfacet
  facet normal 0 0 1
    outer loop
      vertex 139 186.6 4
      vertex 117.633 179.808 4
      vertex 117.934 179.535 4
    endloop
  endfacet
  facet normal 0 0 1
    outer loop
      vertex 139 186.6 4
      vertex 117.306 180.051 4
      vertex 117.633 179.808 4
    endloop
  endfacet
  facet normal 0 0 1
    outer loop
      vertex 139 186.6 4
      vertex 116.956 180.26 4
      vertex 117.306 180.051 4
    endloop
  endfacet
  facet normal 0 0 1
    outer loop
      vertex 139 186.6 4
      vertex 116.588 180.434 4
      vertex 116.956 180.26 4
    endloop
  endfacet
  facet normal 0 0 1
    outer loop
      vertex 139 186.6 4
      vertex 116.205 180.571 4
      vertex 116.588 180.434 4
    endloop
  endfacet
  facet normal 0 0 1
    outer loop
      vertex 139 186.6 4
      vertex 115.81 180.67 4
      vertex 116.205 180.571 4
    endloop
  endfacet
  facet normal 0 0 1
    outer loop
      vertex 139 186.6 4
      vertex 115.407 180.73 4
      vertex 115.81 180.67 4
    endloop
  endfacet
  facet normal 0 0 1
    outer loop
      vertex 139 186.6 4
      vertex 115 180.75 4
      vertex 115.407 180.73 4
    endloop
  endfacet
  facet normal 0 0 1
    outer loop
      vertex 139 186.6 4
      vertex 114.593 180.73 4
      vertex 115 180.75 4
    endloop
  endfacet
  facet normal 0 0 1
    outer loop
      vertex 139 186.6 4
      vertex 114.19 180.67 4
      vertex 114.593 180.73 4
    endloop
  endfacet
  facet normal 0 0 1
    outer loop
      vertex 110.87 177.007 4
      vertex 33.15 176.6 4
      vertex 110.85 176.6 4
    endloop
  endfacet
  facet normal 0 0 1
    outer loop
      vertex 33.13 177.007 4
      vertex 110.87 177.007 4
      vertex 110.93 177.41 4
    endloop
  endfacet
  facet normal 0 0 1
    outer loop
      vertex 33.0703 177.41 4
      vertex 110.93 177.41 4
      vertex 111.029 177.805 4
    endloop
  endfacet
  facet normal 0 0 1
    outer loop
      vertex 32.9713 177.805 4
      vertex 111.029 177.805 4
      vertex 111.166 178.188 4
    endloop
  endfacet
  facet normal 0 0 1
    outer loop
      vertex 32.8341 178.188 4
      vertex 111.166 178.188 4
      vertex 111.34 178.556 4
    endloop
  endfacet
  facet normal 0 0 1
    outer loop
      vertex 32.66 178.556 4
      vertex 111.34 178.556 4
      vertex 111.549 178.906 4
    endloop
  endfacet
  facet normal 0 0 1
    outer loop
      vertex 32.4506 178.906 4
      vertex 111.549 178.906 4
      vertex 111.792 179.233 4
    endloop
  endfacet
  facet normal 0 0 1
    outer loop
      vertex 32.208 179.233 4
      vertex 111.792 179.233 4
      vertex 112.066 179.535 4
    endloop
  endfacet
  facet normal 0 0 1
    outer loop
      vertex 31.9345 179.535 4
      vertex 112.066 179.535 4
      vertex 112.367 179.808 4
    endloop
  endfacet
  facet normal 0 0 1
    outer loop
      vertex 31.6327 179.808 4
      vertex 112.367 179.808 4
      vertex 112.694 180.051 4
    endloop
  endfacet
  facet normal 0 0 1
    outer loop
      vertex 31.3056 180.051 4
      vertex 112.694 180.051 4
      vertex 113.044 180.26 4
    endloop
  endfacet
  facet normal 0 0 1
    outer loop
      vertex 30.9563 180.26 4
      vertex 113.044 180.26 4
      vertex 113.412 180.434 4
    endloop
  endfacet
  facet normal 0 0 1
    outer loop
      vertex 30.5881 180.434 4
      vertex 113.412 180.434 4
      vertex 113.795 180.571 4
    endloop
  endfacet
  facet normal 0 0 1
    outer loop
      vertex 30.2047 180.571 4
      vertex 113.795 180.571 4
      vertex 114.19 180.67 4
    endloop
  endfacet
  facet normal 0 0 1
    outer loop
      vertex 29.8096 180.67 4
      vertex 114.19 180.67 4
      vertex 139 186.6 4
    endloop
  endfacet
  facet normal 0 0 1
    outer loop
      vertex 110.87 177.007 4
      vertex 33.13 177.007 4
      vertex 33.15 176.6 4
    endloop
  endfacet
  facet normal 0 0 1
    outer loop
      vertex 110.93 177.41 4
      vertex 33.0703 177.41 4
      vertex 33.13 177.007 4
    endloop
  endfacet
  facet normal 0 0 1
    outer loop
      vertex 111.029 177.805 4
      vertex 32.9713 177.805 4
      vertex 33.0703 177.41 4
    endloop
  endfacet
  facet normal 0 0 1
    outer loop
      vertex 111.166 178.188 4
      vertex 32.8341 178.188 4
      vertex 32.9713 177.805 4
    endloop
  endfacet
  facet normal 0 0 1
    outer loop
      vertex 111.34 178.556 4
      vertex 32.66 178.556 4
      vertex 32.8341 178.188 4
    endloop
  endfacet
  facet normal 0 0 1
    outer loop
      vertex 111.549 178.906 4
      vertex 32.4506 178.906 4
      vertex 32.66 178.556 4
    endloop
  endfacet
  facet normal 0 0 1
    outer loop
      vertex 111.792 179.233 4
      vertex 32.208 179.233 4
      vertex 32.4506 178.906 4
    endloop
  endfacet
  facet normal 0 0 1
    outer loop
      vertex 112.066 179.535 4
      vertex 31.9345 179.535 4
      vertex 32.208 179.233 4
    endloop
  endfacet
  facet normal 0 0 1
    outer loop
      vertex 112.367 179.808 4
      vertex 31.6327 179.808 4
      vertex 31.9345 179.535 4
    endloop
  endfacet
  facet normal 0 0 1
    outer loop
      vertex 112.694 180.051 4
      vertex 31.3056 180.051 4
      vertex 31.6327 179.808 4
    endloop
  endfacet
  facet normal 0 0 1
    outer loop
      vertex 113.044 180.26 4
      vertex 30.9563 180.26 4
      vertex 31.3056 180.051 4
    endloop
  endfacet
  facet normal 0 0 1
    outer loop
      vertex 113.412 180.434 4
      vertex 30.5881 180.434 4
      vertex 30.9563 180.26 4
    endloop
  endfacet
  facet normal 0 0 1
    outer loop
      vertex 113.795 180.571 4
      vertex 30.2047 180.571 4
      vertex 30.5881 180.434 4
    endloop
  endfacet
  facet normal 0 0 1
    outer loop
      vertex 114.19 180.67 4
      vertex 29.8096 180.67 4
      vertex 30.2047 180.571 4
    endloop
  endfacet
  facet normal -0 0 1
    outer loop
      vertex 5 186.6 4
      vertex 29.8096 180.67 4
      vertex 139 186.6 4
    endloop
  endfacet
  facet normal 0 0 1
    outer loop
      vertex 29.8096 180.67 4
      vertex 5 186.6 4
      vertex 29.4068 180.73 4
    endloop
  endfacet
  facet normal 0 0 1
    outer loop
      vertex 29.4068 180.73 4
      vertex 5 186.6 4
      vertex 29 180.75 4
    endloop
  endfacet
  facet normal 0 0 1
    outer loop
      vertex 13.4274 171.339 4
      vertex 24.85 176.6 4
      vertex 24.87 177.007 4
    endloop
  endfacet
  facet normal 0 0 1
    outer loop
      vertex 24.85 176.6 4
      vertex 23.2159 169.561 4
      vertex 24 169.6 4
    endloop
  endfacet
  facet normal 0 0 1
    outer loop
      vertex 13.0606 171.584 4
      vertex 24.87 177.007 4
      vertex 24.9297 177.41 4
    endloop
  endfacet
  facet normal 0 0 1
    outer loop
      vertex 24.85 176.6 4
      vertex 22.4393 169.446 4
      vertex 23.2159 169.561 4
    endloop
  endfacet
  facet normal 0 0 1
    outer loop
      vertex 12.861 171.679 4
      vertex 24.9297 177.41 4
      vertex 25.0287 177.805 4
    endloop
  endfacet
  facet normal 0 0 1
    outer loop
      vertex 24.85 176.6 4
      vertex 21.6777 169.256 4
      vertex 22.4393 169.446 4
    endloop
  endfacet
  facet normal 0 0 1
    outer loop
      vertex 12.6531 171.753 4
      vertex 25.0287 177.805 4
      vertex 25.1659 178.188 4
    endloop
  endfacet
  facet normal 0 0 1
    outer loop
      vertex 24.85 176.6 4
      vertex 20.9385 168.991 4
      vertex 21.6777 169.256 4
    endloop
  endfacet
  facet normal 0 0 1
    outer loop
      vertex 24.85 176.6 4
      vertex 13.7393 171.027 4
      vertex 20.9385 168.991 4
    endloop
  endfacet
  facet normal 0 0 1
    outer loop
      vertex 5 186.6 4
      vertex 25.1659 178.188 4
      vertex 25.34 178.556 4
    endloop
  endfacet
  facet normal -0 -0 1
    outer loop
      vertex 13.8708 170.85 4
      vertex 20.9385 168.991 4
      vertex 13.7393 171.027 4
    endloop
  endfacet
  facet normal 0 0 1
    outer loop
      vertex 20.9385 168.991 4
      vertex 13.8708 170.85 4
      vertex 20.2288 168.655 4
    endloop
  endfacet
  facet normal -0 -0 1
    outer loop
      vertex 14.0787 170.461 4
      vertex 20.2288 168.655 4
      vertex 13.9843 170.661 4
    endloop
  endfacet
  facet normal 0 0 1
    outer loop
      vertex 5 186.6 4
      vertex 25.34 178.556 4
      vertex 25.5494 178.906 4
    endloop
  endfacet
  facet normal -0 -0 1
    outer loop
      vertex 14.1531 170.253 4
      vertex 19.5554 168.252 4
      vertex 14.0787 170.461 4
    endloop
  endfacet
  facet normal 0 0 1
    outer loop
      vertex 19.5554 168.252 4
      vertex 14.2068 170.039 4
      vertex 18.9249 167.784 4
    endloop
  endfacet
  facet normal -0 0 1
    outer loop
      vertex 13.7393 168.173 4
      vertex 17.3482 166.045 4
      vertex 13.8708 168.35 4
    endloop
  endfacet
  facet normal -0 0 1
    outer loop
      vertex 13.8708 168.35 4
      vertex 17.3482 166.045 4
      vertex 13.9843 168.539 4
    endloop
  endfacet
  facet normal 0 0 1
    outer loop
      vertex 17.8159 166.675 4
      vertex 13.9843 168.539 4
      vertex 17.3482 166.045 4
    endloop
  endfacet
  facet normal -0 0 1
    outer loop
      vertex 13.9843 168.539 4
      vertex 17.8159 166.675 4
      vertex 14.0787 168.739 4
    endloop
  endfacet
  facet normal -0 0 1
    outer loop
      vertex 14.0787 168.739 4
      vertex 17.8159 166.675 4
      vertex 14.1531 168.947 4
    endloop
  endfacet
  facet normal -0 0 1
    outer loop
      vertex 14.1531 168.947 4
      vertex 17.8159 166.675 4
      vertex 14.2068 169.161 4
    endloop
  endfacet
  facet normal 0 0 1
    outer loop
      vertex 18.3431 167.257 4
      vertex 14.2068 169.161 4
      vertex 17.8159 166.675 4
    endloop
  endfacet
  facet normal -0 -0 1
    outer loop
      vertex 14.25 169.6 4
      vertex 18.9249 167.784 4
      vertex 14.2392 169.821 4
    endloop
  endfacet
  facet normal 0 0 1
    outer loop
      vertex 5 186.6 4
      vertex 25.5494 178.906 4
      vertex 25.792 179.233 4
    endloop
  endfacet
  facet normal 0 0 1
    outer loop
      vertex 5 186.6 4
      vertex 25.792 179.233 4
      vertex 26.0655 179.535 4
    endloop
  endfacet
  facet normal 0 0 1
    outer loop
      vertex 5 186.6 4
      vertex 26.0655 179.535 4
      vertex 26.3673 179.808 4
    endloop
  endfacet
  facet normal -0 0 1
    outer loop
      vertex 14.2068 169.161 4
      vertex 18.3431 167.257 4
      vertex 14.2392 169.379 4
    endloop
  endfacet
  facet normal -0 0 1
    outer loop
      vertex 14.2392 169.379 4
      vertex 18.3431 167.257 4
      vertex 14.25 169.6 4
    endloop
  endfacet
  facet normal 0 0 1
    outer loop
      vertex 18.9249 167.784 4
      vertex 14.25 169.6 4
      vertex 18.3431 167.257 4
    endloop
  endfacet
  facet normal -0 -0 1
    outer loop
      vertex 14.2392 169.821 4
      vertex 18.9249 167.784 4
      vertex 14.2068 170.039 4
    endloop
  endfacet
  facet normal -0 -0 1
    outer loop
      vertex 14.2068 170.039 4
      vertex 19.5554 168.252 4
      vertex 14.1531 170.253 4
    endloop
  endfacet
  facet normal 0 0 1
    outer loop
      vertex 5 186.6 4
      vertex 26.3673 179.808 4
      vertex 26.6944 180.051 4
    endloop
  endfacet
  facet normal 0 0 1
    outer loop
      vertex 20.2288 168.655 4
      vertex 14.0787 170.461 4
      vertex 19.5554 168.252 4
    endloop
  endfacet
  facet normal -0 -0 1
    outer loop
      vertex 13.9843 170.661 4
      vertex 20.2288 168.655 4
      vertex 13.8708 170.85 4
    endloop
  endfacet
  facet normal 0 0 1
    outer loop
      vertex 24.85 176.6 4
      vertex 13.591 171.191 4
      vertex 13.7393 171.027 4
    endloop
  endfacet
  facet normal 0 0 1
    outer loop
      vertex 24.85 176.6 4
      vertex 13.4274 171.339 4
      vertex 13.591 171.191 4
    endloop
  endfacet
  facet normal 0 0 1
    outer loop
      vertex 24.87 177.007 4
      vertex 13.25 171.471 4
      vertex 13.4274 171.339 4
    endloop
  endfacet
  facet normal 0 0 1
    outer loop
      vertex 24.87 177.007 4
      vertex 13.0606 171.584 4
      vertex 13.25 171.471 4
    endloop
  endfacet
  facet normal 0 0 1
    outer loop
      vertex 24.9297 177.41 4
      vertex 12.861 171.679 4
      vertex 13.0606 171.584 4
    endloop
  endfacet
  facet normal 0 0 1
    outer loop
      vertex 25.0287 177.805 4
      vertex 12.6531 171.753 4
      vertex 12.861 171.679 4
    endloop
  endfacet
  facet normal 0 0 1
    outer loop
      vertex 5 186.6 4
      vertex 26.6944 180.051 4
      vertex 27.0437 180.26 4
    endloop
  endfacet
  facet normal 0 -0 1
    outer loop
      vertex 12.439 171.807 4
      vertex 25.1659 178.188 4
      vertex 5 186.6 4
    endloop
  endfacet
  facet normal 0 0 1
    outer loop
      vertex 25.1659 178.188 4
      vertex 12.439 171.807 4
      vertex 12.6531 171.753 4
    endloop
  endfacet
  facet normal 0 0 1
    outer loop
      vertex 12.439 171.807 4
      vertex 5 186.6 4
      vertex 12.2205 171.839 4
    endloop
  endfacet
  facet normal 0 0 1
    outer loop
      vertex 12.2205 171.839 4
      vertex 5 186.6 4
      vertex 12 171.85 4
    endloop
  endfacet
  facet normal 0 0 1
    outer loop
      vertex 12 171.85 4
      vertex 5 186.6 4
      vertex 11.7795 171.839 4
    endloop
  endfacet
  facet normal 0 0 1
    outer loop
      vertex 11.7795 171.839 4
      vertex 5 186.6 4
      vertex 11.561 171.807 4
    endloop
  endfacet
  facet normal 0 0 1
    outer loop
      vertex 11.561 171.807 4
      vertex 5 186.6 4
      vertex 11.3469 171.753 4
    endloop
  endfacet
  facet normal 0 0 1
    outer loop
      vertex 11.3469 171.753 4
      vertex 5 186.6 4
      vertex 11.139 171.679 4
    endloop
  endfacet
  facet normal 0 0 1
    outer loop
      vertex 29 180.75 4
      vertex 5 186.6 4
      vertex 28.5932 180.73 4
    endloop
  endfacet
  facet normal 0 0 1
    outer loop
      vertex 5 186.6 4
      vertex 28.1904 180.67 4
      vertex 28.5932 180.73 4
    endloop
  endfacet
  facet normal 0 0 1
    outer loop
      vertex 5 186.6 4
      vertex 27.7953 180.571 4
      vertex 28.1904 180.67 4
    endloop
  endfacet
  facet normal 0 0 1
    outer loop
      vertex 5 186.6 4
      vertex 27.4119 180.434 4
      vertex 27.7953 180.571 4
    endloop
  endfacet
  facet normal 0 0 1
    outer loop
      vertex 5 186.6 4
      vertex 27.0437 180.26 4
      vertex 27.4119 180.434 4
    endloop
  endfacet
  facet normal 0 0 1
    outer loop
      vertex 11.139 171.679 4
      vertex 5 186.6 4
      vertex 10.9394 171.584 4
    endloop
  endfacet
  facet normal -0 0 1
    outer loop
      vertex 0 181.6 4
      vertex 10.9394 171.584 4
      vertex 5 186.6 4
    endloop
  endfacet
  facet normal 0 0 1
    outer loop
      vertex 10.9394 171.584 4
      vertex 0 181.6 4
      vertex 10.75 171.471 4
    endloop
  endfacet
  facet normal 0 0 1
    outer loop
      vertex 10.75 171.471 4
      vertex 0 181.6 4
      vertex 10.5726 171.339 4
    endloop
  endfacet
  facet normal 0 0 1
    outer loop
      vertex 10.5726 171.339 4
      vertex 0 181.6 4
      vertex 10.409 171.191 4
    endloop
  endfacet
  facet normal 0 0 1
    outer loop
      vertex 10.409 171.191 4
      vertex 0 181.6 4
      vertex 10.2607 171.027 4
    endloop
  endfacet
  facet normal 0 0 1
    outer loop
      vertex 10.2607 171.027 4
      vertex 0 181.6 4
      vertex 10.1292 170.85 4
    endloop
  endfacet
  facet normal 0 0 1
    outer loop
      vertex 10.1292 170.85 4
      vertex 0 181.6 4
      vertex 10.0157 170.661 4
    endloop
  endfacet
  facet normal 0 0 1
    outer loop
      vertex 10.0157 170.661 4
      vertex 0 181.6 4
      vertex 9.92127 170.461 4
    endloop
  endfacet
  facet normal 0 0 1
    outer loop
      vertex 9.92127 170.461 4
      vertex 0 181.6 4
      vertex 9.84688 170.253 4
    endloop
  endfacet
  facet normal 0 0 1
    outer loop
      vertex 9.84688 170.253 4
      vertex 0 181.6 4
      vertex 9.79323 170.039 4
    endloop
  endfacet
  facet normal 0 0 1
    outer loop
      vertex 9.79323 170.039 4
      vertex 0 181.6 4
      vertex 9.76083 169.821 4
    endloop
  endfacet
  facet normal 0 0 1
    outer loop
      vertex 9.76083 169.379 4
      vertex 0 181.6 4
      vertex 9.79323 169.161 4
    endloop
  endfacet
  facet normal 0 0 1
    outer loop
      vertex 0 15.6 4
      vertex 9.79323 169.161 4
      vertex 0 181.6 4
    endloop
  endfacet
  facet normal 0 0 1
    outer loop
      vertex 9.79323 169.161 4
      vertex 0 15.6 4
      vertex 9 20.6 4
    endloop
  endfacet
  facet normal 0 0 1
    outer loop
      vertex 0 181.6 4
      vertex 5 186.6 4
      vertex 4.50992 186.576 4
    endloop
  endfacet
  facet normal 0 -0 1
    outer loop
      vertex 5 10.6 4
      vertex 9 20.6 4
      vertex 0 15.6 4
    endloop
  endfacet
  facet normal 0 0 1
    outer loop
      vertex 0 181.6 4
      vertex 4.50992 186.576 4
      vertex 4.02455 186.504 4
    endloop
  endfacet
  facet normal 0 0 1
    outer loop
      vertex 9 20.6 4
      vertex 5 10.6 4
      vertex 9 10.6 4
    endloop
  endfacet
  facet normal 0 0 1
    outer loop
      vertex 0 181.6 4
      vertex 4.02455 186.504 4
      vertex 3.54858 186.385 4
    endloop
  endfacet
  facet normal 0 0 1
    outer loop
      vertex 5 10.6 4
      vertex 0 15.6 4
      vertex 4.50992 10.6241 4
    endloop
  endfacet
  facet normal 0 0 1
    outer loop
      vertex 0 181.6 4
      vertex 3.54858 186.385 4
      vertex 3.08658 186.219 4
    endloop
  endfacet
  facet normal 0 0 1
    outer loop
      vertex 4.50992 10.6241 4
      vertex 0 15.6 4
      vertex 4.02455 10.6961 4
    endloop
  endfacet
  facet normal 0 0 1
    outer loop
      vertex 0 181.6 4
      vertex 3.08658 186.219 4
      vertex 2.64302 186.01 4
    endloop
  endfacet
  facet normal 0 0 1
    outer loop
      vertex 4.02455 10.6961 4
      vertex 0 15.6 4
      vertex 3.54858 10.8153 4
    endloop
  endfacet
  facet normal 0 0 1
    outer loop
      vertex 0 181.6 4
      vertex 2.64302 186.01 4
      vertex 2.22215 185.757 4
    endloop
  endfacet
  facet normal 0 0 1
    outer loop
      vertex 3.54858 10.8153 4
      vertex 0 15.6 4
      vertex 3.08658 10.9806 4
    endloop
  endfacet
  facet normal 0 0 1
    outer loop
      vertex 0 181.6 4
      vertex 2.22215 185.757 4
      vertex 1.82803 185.465 4
    endloop
  endfacet
  facet normal 0 0 1
    outer loop
      vertex 3.08658 10.9806 4
      vertex 0 15.6 4
      vertex 2.64302 11.1904 4
    endloop
  endfacet
  facet normal 0 0 1
    outer loop
      vertex 0 181.6 4
      vertex 1.82803 185.465 4
      vertex 1.46446 185.136 4
    endloop
  endfacet
  facet normal 0 0 1
    outer loop
      vertex 2.64302 11.1904 4
      vertex 0 15.6 4
      vertex 2.22215 11.4427 4
    endloop
  endfacet
  facet normal 0 0 1
    outer loop
      vertex 0 181.6 4
      vertex 1.46446 185.136 4
      vertex 1.13495 184.772 4
    endloop
  endfacet
  facet normal 0 0 1
    outer loop
      vertex 2.22215 11.4427 4
      vertex 0 15.6 4
      vertex 1.82803 11.7349 4
    endloop
  endfacet
  facet normal 0 0 1
    outer loop
      vertex 0 181.6 4
      vertex 1.13495 184.772 4
      vertex 0.842651 184.378 4
    endloop
  endfacet
  facet normal 0 0 1
    outer loop
      vertex 1.82803 11.7349 4
      vertex 0 15.6 4
      vertex 1.46446 12.0645 4
    endloop
  endfacet
  facet normal 0 0 1
    outer loop
      vertex 0 181.6 4
      vertex 0.842651 184.378 4
      vertex 0.590393 183.957 4
    endloop
  endfacet
  facet normal 0 0 1
    outer loop
      vertex 1.46446 12.0645 4
      vertex 0 15.6 4
      vertex 1.13495 12.428 4
    endloop
  endfacet
  facet normal 0 0 1
    outer loop
      vertex 0 181.6 4
      vertex 0.590393 183.957 4
      vertex 0.3806 183.513 4
    endloop
  endfacet
  facet normal 0 0 1
    outer loop
      vertex 1.13495 12.428 4
      vertex 0 15.6 4
      vertex 0.842651 12.8222 4
    endloop
  endfacet
  facet normal 0 0 1
    outer loop
      vertex 0 181.6 4
      vertex 0.3806 183.513 4
      vertex 0.215302 183.051 4
    endloop
  endfacet
  facet normal 0 0 1
    outer loop
      vertex 0.842651 12.8222 4
      vertex 0 15.6 4
      vertex 0.590393 13.243 4
    endloop
  endfacet
  facet normal 0 0 1
    outer loop
      vertex 0 181.6 4
      vertex 0.215302 183.051 4
      vertex 0.0960693 182.575 4
    endloop
  endfacet
  facet normal 0 0 1
    outer loop
      vertex 0.590393 13.243 4
      vertex 0 15.6 4
      vertex 0.3806 13.6866 4
    endloop
  endfacet
  facet normal 0 0 1
    outer loop
      vertex 0 181.6 4
      vertex 0.0960693 182.575 4
      vertex 0.0240784 182.09 4
    endloop
  endfacet
  facet normal 0 0 1
    outer loop
      vertex 0.3806 13.6866 4
      vertex 0 15.6 4
      vertex 0.215302 14.1486 4
    endloop
  endfacet
  facet normal 0 0 1
    outer loop
      vertex 0.215302 14.1486 4
      vertex 0 15.6 4
      vertex 0.0960693 14.6246 4
    endloop
  endfacet
  facet normal 0 0 1
    outer loop
      vertex 0.0960693 14.6246 4
      vertex 0 15.6 4
      vertex 0.0240784 15.1099 4
    endloop
  endfacet
  facet normal 0 0 1
    outer loop
      vertex 139 10.6 4
      vertex 135 20.6 4
      vertex 135 10.6 4
    endloop
  endfacet
  facet normal 0 0 1
    outer loop
      vertex 144 181.6 4
      vertex 134.239 169.379 4
      vertex 134.207 169.161 4
    endloop
  endfacet
  facet normal 0 0 1
    outer loop
      vertex 140.913 10.9806 4
      vertex 139 10.6 4
      vertex 140.451 10.8153 4
    endloop
  endfacet
  facet normal 0 0 1
    outer loop
      vertex 139.975 10.6961 4
      vertex 139 10.6 4
      vertex 139.49 10.6241 4
    endloop
  endfacet
  facet normal 0 0 1
    outer loop
      vertex 140.451 10.8153 4
      vertex 139 10.6 4
      vertex 139.975 10.6961 4
    endloop
  endfacet
  facet normal 0 0 1
    outer loop
      vertex 141.357 11.1904 4
      vertex 139 10.6 4
      vertex 140.913 10.9806 4
    endloop
  endfacet
  facet normal 0 0 1
    outer loop
      vertex 142.536 12.0645 4
      vertex 139 10.6 4
      vertex 142.172 11.7349 4
    endloop
  endfacet
  facet normal 0 0 1
    outer loop
      vertex 135 20.6 4
      vertex 133.984 20.6606 4
      vertex 134.013 20.6 4
    endloop
  endfacet
  facet normal 0 0 1
    outer loop
      vertex 143.157 12.8222 4
      vertex 139 10.6 4
      vertex 142.865 12.428 4
    endloop
  endfacet
  facet normal 0 0 1
    outer loop
      vertex 135 20.6 4
      vertex 133.871 20.85 4
      vertex 133.984 20.6606 4
    endloop
  endfacet
  facet normal 0 0 1
    outer loop
      vertex 143.619 13.6866 4
      vertex 139 10.6 4
      vertex 143.41 13.243 4
    endloop
  endfacet
  facet normal 0 0 1
    outer loop
      vertex 135 20.6 4
      vertex 133.739 21.0274 4
      vertex 133.871 20.85 4
    endloop
  endfacet
  facet normal 0 0 1
    outer loop
      vertex 143.976 15.1099 4
      vertex 139 10.6 4
      vertex 143.904 14.6246 4
    endloop
  endfacet
  facet normal -0 -0 1
    outer loop
      vertex 133.25 21.4708 4
      vertex 135 20.6 4
      vertex 128 29.6 4
    endloop
  endfacet
  facet normal 0 0 1
    outer loop
      vertex 128 161.6 4
      vertex 133.591 168.009 4
      vertex 133.427 167.861 4
    endloop
  endfacet
  facet normal 0 0 1
    outer loop
      vertex 135 20.6 4
      vertex 133.591 21.191 4
      vertex 133.739 21.0274 4
    endloop
  endfacet
  facet normal 0 0 1
    outer loop
      vertex 128 161.6 4
      vertex 133.427 167.861 4
      vertex 133.25 167.729 4
    endloop
  endfacet
  facet normal 0 0 1
    outer loop
      vertex 135 20.6 4
      vertex 133.427 21.3393 4
      vertex 133.591 21.191 4
    endloop
  endfacet
  facet normal 0 0 1
    outer loop
      vertex 128 161.6 4
      vertex 133.25 167.729 4
      vertex 133.061 167.616 4
    endloop
  endfacet
  facet normal 0 0 1
    outer loop
      vertex 135 20.6 4
      vertex 133.25 21.4708 4
      vertex 133.427 21.3393 4
    endloop
  endfacet
  facet normal 0 0 1
    outer loop
      vertex 128 161.6 4
      vertex 133.061 167.616 4
      vertex 132.861 167.521 4
    endloop
  endfacet
  facet normal 0 0 1
    outer loop
      vertex 133.25 21.4708 4
      vertex 128 29.6 4
      vertex 133.061 21.5843 4
    endloop
  endfacet
  facet normal 0 0 1
    outer loop
      vertex 128 161.6 4
      vertex 132.861 167.521 4
      vertex 132.653 167.447 4
    endloop
  endfacet
  facet normal 0 0 1
    outer loop
      vertex 133.061 21.5843 4
      vertex 128 29.6 4
      vertex 132.861 21.6787 4
    endloop
  endfacet
  facet normal 0 0 1
    outer loop
      vertex 128 161.6 4
      vertex 132.653 167.447 4
      vertex 132.439 167.393 4
    endloop
  endfacet
  facet normal -0 0 1
    outer loop
      vertex 127.961 28.8159 4
      vertex 132.861 21.6787 4
      vertex 128 29.6 4
    endloop
  endfacet
  facet normal 0 0 1
    outer loop
      vertex 128 161.6 4
      vertex 132.439 167.393 4
      vertex 132.221 167.361 4
    endloop
  endfacet
  facet normal 0 0 1
    outer loop
      vertex 132.861 21.6787 4
      vertex 127.961 28.8159 4
      vertex 132.653 21.7531 4
    endloop
  endfacet
  facet normal 0 0 1
    outer loop
      vertex 128 161.6 4
      vertex 132.221 167.361 4
      vertex 132 167.35 4
    endloop
  endfacet
  facet normal 0 0 1
    outer loop
      vertex 132.653 21.7531 4
      vertex 127.961 28.8159 4
      vertex 132.439 21.8068 4
    endloop
  endfacet
  facet normal 0 0 1
    outer loop
      vertex 128 161.6 4
      vertex 132 167.35 4
      vertex 131.779 167.361 4
    endloop
  endfacet
  facet normal -0 0 1
    outer loop
      vertex 127.846 28.0393 4
      vertex 132.439 21.8068 4
      vertex 127.961 28.8159 4
    endloop
  endfacet
  facet normal 0 0 1
    outer loop
      vertex 128 161.6 4
      vertex 131.779 167.361 4
      vertex 131.561 167.393 4
    endloop
  endfacet
  facet normal 0 0 1
    outer loop
      vertex 132.439 21.8068 4
      vertex 127.846 28.0393 4
      vertex 132.221 21.8392 4
    endloop
  endfacet
  facet normal 0 0 1
    outer loop
      vertex 128 161.6 4
      vertex 131.561 167.393 4
      vertex 131.347 167.447 4
    endloop
  endfacet
  facet normal 0 0 1
    outer loop
      vertex 132.221 21.8392 4
      vertex 127.846 28.0393 4
      vertex 132 21.85 4
    endloop
  endfacet
  facet normal 0 0 1
    outer loop
      vertex 128 161.6 4
      vertex 131.347 167.447 4
      vertex 131.139 167.521 4
    endloop
  endfacet
  facet normal -0 0 1
    outer loop
      vertex 127.656 27.2777 4
      vertex 132 21.85 4
      vertex 127.846 28.0393 4
    endloop
  endfacet
  facet normal 0 0 1
    outer loop
      vertex 128 161.6 4
      vertex 131.139 167.521 4
      vertex 130.939 167.616 4
    endloop
  endfacet
  facet normal 0 0 1
    outer loop
      vertex 132 21.85 4
      vertex 127.656 27.2777 4
      vertex 131.779 21.8392 4
    endloop
  endfacet
  facet normal 0 0 1
    outer loop
      vertex 128 161.6 4
      vertex 130.939 167.616 4
      vertex 130.75 167.729 4
    endloop
  endfacet
  facet normal 0 0 1
    outer loop
      vertex 131.779 21.8392 4
      vertex 127.656 27.2777 4
      vertex 131.561 21.8068 4
    endloop
  endfacet
  facet normal 0 0 1
    outer loop
      vertex 128 161.6 4
      vertex 130.75 167.729 4
      vertex 130.573 167.861 4
    endloop
  endfacet
  facet normal -0 0 1
    outer loop
      vertex 127.391 26.5385 4
      vertex 131.561 21.8068 4
      vertex 127.656 27.2777 4
    endloop
  endfacet
  facet normal 0 0 1
    outer loop
      vertex 128 161.6 4
      vertex 130.573 167.861 4
      vertex 130.409 168.009 4
    endloop
  endfacet
  facet normal 0 0 1
    outer loop
      vertex 131.561 21.8068 4
      vertex 127.391 26.5385 4
      vertex 131.347 21.7531 4
    endloop
  endfacet
  facet normal 0 0 1
    outer loop
      vertex 128 161.6 4
      vertex 130.409 168.009 4
      vertex 130.261 168.173 4
    endloop
  endfacet
  facet normal 0 0 1
    outer loop
      vertex 131.347 21.7531 4
      vertex 127.391 26.5385 4
      vertex 131.139 21.6787 4
    endloop
  endfacet
  facet normal 0 0 1
    outer loop
      vertex 128 161.6 4
      vertex 130.261 168.173 4
      vertex 130.129 168.35 4
    endloop
  endfacet
  facet normal -0 0 1
    outer loop
      vertex 127.055 25.8288 4
      vertex 131.139 21.6787 4
      vertex 127.391 26.5385 4
    endloop
  endfacet
  facet normal 0 0 1
    outer loop
      vertex 128 161.6 4
      vertex 130.129 168.35 4
      vertex 130.016 168.539 4
    endloop
  endfacet
  facet normal 0 0 1
    outer loop
      vertex 131.139 21.6787 4
      vertex 127.055 25.8288 4
      vertex 130.939 21.5843 4
    endloop
  endfacet
  facet normal 0 0 1
    outer loop
      vertex 130.939 21.5843 4
      vertex 127.055 25.8288 4
      vertex 130.75 21.4708 4
    endloop
  endfacet
  facet normal 0 0 1
    outer loop
      vertex 128 161.6 4
      vertex 130.016 168.539 4
      vertex 129.921 168.739 4
    endloop
  endfacet
  facet normal 0 0 1
    outer loop
      vertex 128 161.6 4
      vertex 129.921 168.739 4
      vertex 129.847 168.947 4
    endloop
  endfacet
  facet normal 0 0 1
    outer loop
      vertex 128 161.6 4
      vertex 129.847 168.947 4
      vertex 129.793 169.161 4
    endloop
  endfacet
  facet normal 0 0 1
    outer loop
      vertex 128 161.6 4
      vertex 129.793 169.161 4
      vertex 129.761 169.379 4
    endloop
  endfacet
  facet normal 0 0 1
    outer loop
      vertex 128 161.6 4
      vertex 129.761 169.379 4
      vertex 129.75 169.6 4
    endloop
  endfacet
  facet normal 0 0 1
    outer loop
      vertex 144 15.6 4
      vertex 139 10.6 4
      vertex 143.976 15.1099 4
    endloop
  endfacet
  facet normal -0 0 1
    outer loop
      vertex 126.652 25.1554 4
      vertex 130.75 21.4708 4
      vertex 127.055 25.8288 4
    endloop
  endfacet
  facet normal 0 0 1
    outer loop
      vertex 130.75 21.4708 4
      vertex 126.652 25.1554 4
      vertex 130.573 21.3393 4
    endloop
  endfacet
  facet normal 0 0 1
    outer loop
      vertex 130.573 21.3393 4
      vertex 126.652 25.1554 4
      vertex 130.409 21.191 4
    endloop
  endfacet
  facet normal -0 0 1
    outer loop
      vertex 126.184 24.5249 4
      vertex 130.409 21.191 4
      vertex 126.652 25.1554 4
    endloop
  endfacet
  facet normal 0 0 1
    outer loop
      vertex 130.409 21.191 4
      vertex 126.184 24.5249 4
      vertex 130.261 21.0274 4
    endloop
  endfacet
  facet normal 0 0 1
    outer loop
      vertex 130.261 21.0274 4
      vertex 126.184 24.5249 4
      vertex 130.129 20.85 4
    endloop
  endfacet
  facet normal -0 0 1
    outer loop
      vertex 125.657 23.9431 4
      vertex 130.129 20.85 4
      vertex 126.184 24.5249 4
    endloop
  endfacet
  facet normal 0 0 1
    outer loop
      vertex 130.129 20.85 4
      vertex 125.657 23.9431 4
      vertex 130.016 20.6606 4
    endloop
  endfacet
  facet normal 0 0 1
    outer loop
      vertex 130.016 20.6606 4
      vertex 125.657 23.9431 4
      vertex 129.987 20.6 4
    endloop
  endfacet
  facet normal -0 0 1
    outer loop
      vertex 125.075 23.4159 4
      vertex 129.987 20.6 4
      vertex 125.657 23.9431 4
    endloop
  endfacet
  facet normal -0 0 1
    outer loop
      vertex 124.445 22.9482 4
      vertex 129.987 20.6 4
      vertex 125.075 23.4159 4
    endloop
  endfacet
  facet normal -0 0 1
    outer loop
      vertex 123.771 22.5446 4
      vertex 129.987 20.6 4
      vertex 124.445 22.9482 4
    endloop
  endfacet
  facet normal -0 0 1
    outer loop
      vertex 123.061 22.209 4
      vertex 129.987 20.6 4
      vertex 123.771 22.5446 4
    endloop
  endfacet
  facet normal -0 0 1
    outer loop
      vertex 122.322 21.9445 4
      vertex 129.987 20.6 4
      vertex 123.061 22.209 4
    endloop
  endfacet
  facet normal -0 0 1
    outer loop
      vertex 121.561 21.7537 4
      vertex 129.987 20.6 4
      vertex 122.322 21.9445 4
    endloop
  endfacet
  facet normal -0 0 1
    outer loop
      vertex 120.784 21.6385 4
      vertex 129.987 20.6 4
      vertex 121.561 21.7537 4
    endloop
  endfacet
  facet normal -0 0 1
    outer loop
      vertex 120 21.6 4
      vertex 129.987 20.6 4
      vertex 120.784 21.6385 4
    endloop
  endfacet
  facet normal 0 0 1
    outer loop
      vertex 120 21.6 4
      vertex 105 20.6 4
      vertex 129.987 20.6 4
    endloop
  endfacet
  facet normal 0 0 1
    outer loop
      vertex 105 20.6 4
      vertex 39 20.6 4
      vertex 105 10.6 4
    endloop
  endfacet
  facet normal 0 0 1
    outer loop
      vertex 120 21.6 4
      vertex 39 20.6 4
      vertex 105 20.6 4
    endloop
  endfacet
  facet normal -0 0 1
    outer loop
      vertex 24 21.6 4
      vertex 39 20.6 4
      vertex 120 21.6 4
    endloop
  endfacet
  facet normal 0 0 1
    outer loop
      vertex 14.013 20.6 4
      vertex 24 21.6 4
      vertex 23.2159 21.6385 4
    endloop
  endfacet
  facet normal 0 0 1
    outer loop
      vertex 17.3482 166.045 4
      vertex 13.7393 168.173 4
      vertex 16.9446 165.371 4
    endloop
  endfacet
  facet normal -0 0 1
    outer loop
      vertex 13.591 168.009 4
      vertex 16.9446 165.371 4
      vertex 13.7393 168.173 4
    endloop
  endfacet
  facet normal -0 0 1
    outer loop
      vertex 13.4274 167.861 4
      vertex 16.9446 165.371 4
      vertex 13.591 168.009 4
    endloop
  endfacet
  facet normal 0 0 1
    outer loop
      vertex 16.9446 165.371 4
      vertex 13.4274 167.861 4
      vertex 16.609 164.661 4
    endloop
  endfacet
  facet normal 0 0 1
    outer loop
      vertex 24 21.6 4
      vertex 14.013 20.6 4
      vertex 39 20.6 4
    endloop
  endfacet
  facet normal 0 0 1
    outer loop
      vertex 22.4393 21.7537 4
      vertex 14.013 20.6 4
      vertex 23.2159 21.6385 4
    endloop
  endfacet
  facet normal 0 0 1
    outer loop
      vertex 21.6777 21.9445 4
      vertex 14.013 20.6 4
      vertex 22.4393 21.7537 4
    endloop
  endfacet
  facet normal 0 0 1
    outer loop
      vertex 20.9385 22.209 4
      vertex 14.013 20.6 4
      vertex 21.6777 21.9445 4
    endloop
  endfacet
  facet normal 0 0 1
    outer loop
      vertex 20.2288 22.5446 4
      vertex 14.013 20.6 4
      vertex 20.9385 22.209 4
    endloop
  endfacet
  facet normal 0 0 1
    outer loop
      vertex 19.5554 22.9482 4
      vertex 14.013 20.6 4
      vertex 20.2288 22.5446 4
    endloop
  endfacet
  facet normal 0 0 1
    outer loop
      vertex 18.9249 23.4159 4
      vertex 14.013 20.6 4
      vertex 19.5554 22.9482 4
    endloop
  endfacet
  facet normal 0 0 1
    outer loop
      vertex 18.3431 23.9431 4
      vertex 14.013 20.6 4
      vertex 18.9249 23.4159 4
    endloop
  endfacet
  facet normal 0 0 1
    outer loop
      vertex 13.8708 20.85 4
      vertex 18.3431 23.9431 4
      vertex 17.8159 24.5249 4
    endloop
  endfacet
  facet normal 0 0 1
    outer loop
      vertex 13.591 21.191 4
      vertex 17.8159 24.5249 4
      vertex 17.3482 25.1554 4
    endloop
  endfacet
  facet normal 0 0 1
    outer loop
      vertex 13.25 21.4708 4
      vertex 17.3482 25.1554 4
      vertex 16.9446 25.8288 4
    endloop
  endfacet
  facet normal 0 0 1
    outer loop
      vertex 12.861 21.6787 4
      vertex 16.9446 25.8288 4
      vertex 16.609 26.5385 4
    endloop
  endfacet
  facet normal 0 0 1
    outer loop
      vertex 12.439 21.8068 4
      vertex 16.609 26.5385 4
      vertex 16.3445 27.2777 4
    endloop
  endfacet
  facet normal 0 0 1
    outer loop
      vertex 12 21.85 4
      vertex 16.3445 27.2777 4
      vertex 16.1537 28.0393 4
    endloop
  endfacet
  facet normal 0 0 1
    outer loop
      vertex 11.561 21.8068 4
      vertex 16.1537 28.0393 4
      vertex 16.0385 28.8159 4
    endloop
  endfacet
  facet normal 0 0 1
    outer loop
      vertex 11.139 21.6787 4
      vertex 16.0385 28.8159 4
      vertex 16 29.6 4
    endloop
  endfacet
  facet normal -0 0 1
    outer loop
      vertex 13.25 167.729 4
      vertex 16.609 164.661 4
      vertex 13.4274 167.861 4
    endloop
  endfacet
  facet normal -0 0 1
    outer loop
      vertex 13.0606 167.616 4
      vertex 16.609 164.661 4
      vertex 13.25 167.729 4
    endloop
  endfacet
  facet normal 0 0 1
    outer loop
      vertex 18.3431 23.9431 4
      vertex 13.9843 20.6606 4
      vertex 14.013 20.6 4
    endloop
  endfacet
  facet normal -0 0 1
    outer loop
      vertex 12.861 167.521 4
      vertex 16.609 164.661 4
      vertex 13.0606 167.616 4
    endloop
  endfacet
  facet normal 0 0 1
    outer loop
      vertex 18.3431 23.9431 4
      vertex 13.8708 20.85 4
      vertex 13.9843 20.6606 4
    endloop
  endfacet
  facet normal 0 0 1
    outer loop
      vertex 16.609 164.661 4
      vertex 12.861 167.521 4
      vertex 16.3445 163.922 4
    endloop
  endfacet
  facet normal 0 0 1
    outer loop
      vertex 17.8159 24.5249 4
      vertex 13.7393 21.0274 4
      vertex 13.8708 20.85 4
    endloop
  endfacet
  facet normal -0 0 1
    outer loop
      vertex 12.6531 167.447 4
      vertex 16.3445 163.922 4
      vertex 12.861 167.521 4
    endloop
  endfacet
  facet normal 0 0 1
    outer loop
      vertex 17.8159 24.5249 4
      vertex 13.591 21.191 4
      vertex 13.7393 21.0274 4
    endloop
  endfacet
  facet normal -0 0 1
    outer loop
      vertex 12.439 167.393 4
      vertex 16.3445 163.922 4
      vertex 12.6531 167.447 4
    endloop
  endfacet
  facet normal 0 0 1
    outer loop
      vertex 17.3482 25.1554 4
      vertex 13.4274 21.3393 4
      vertex 13.591 21.191 4
    endloop
  endfacet
  facet normal 0 0 1
    outer loop
      vertex 16.3445 163.922 4
      vertex 12.439 167.393 4
      vertex 16.1537 163.161 4
    endloop
  endfacet
  facet normal 0 0 1
    outer loop
      vertex 17.3482 25.1554 4
      vertex 13.25 21.4708 4
      vertex 13.4274 21.3393 4
    endloop
  endfacet
  facet normal -0 0 1
    outer loop
      vertex 12.2205 167.361 4
      vertex 16.1537 163.161 4
      vertex 12.439 167.393 4
    endloop
  endfacet
  facet normal 0 0 1
    outer loop
      vertex 16.9446 25.8288 4
      vertex 13.0606 21.5843 4
      vertex 13.25 21.4708 4
    endloop
  endfacet
  facet normal -0 0 1
    outer loop
      vertex 12 167.35 4
      vertex 16.1537 163.161 4
      vertex 12.2205 167.361 4
    endloop
  endfacet
  facet normal 0 0 1
    outer loop
      vertex 16.9446 25.8288 4
      vertex 12.861 21.6787 4
      vertex 13.0606 21.5843 4
    endloop
  endfacet
  facet normal 0 0 1
    outer loop
      vertex 16.1537 163.161 4
      vertex 12 167.35 4
      vertex 16.0385 162.384 4
    endloop
  endfacet
  facet normal 0 0 1
    outer loop
      vertex 16.609 26.5385 4
      vertex 12.6531 21.7531 4
      vertex 12.861 21.6787 4
    endloop
  endfacet
  facet normal 0 0 1
    outer loop
      vertex 11.7795 167.361 4
      vertex 16.0385 162.384 4
      vertex 12 167.35 4
    endloop
  endfacet
  facet normal 0 0 1
    outer loop
      vertex 16.609 26.5385 4
      vertex 12.439 21.8068 4
      vertex 12.6531 21.7531 4
    endloop
  endfacet
  facet normal 0 0 1
    outer loop
      vertex 11.561 167.393 4
      vertex 16.0385 162.384 4
      vertex 11.7795 167.361 4
    endloop
  endfacet
  facet normal 0 0 1
    outer loop
      vertex 16.3445 27.2777 4
      vertex 12.2205 21.8392 4
      vertex 12.439 21.8068 4
    endloop
  endfacet
  facet normal 0 0 1
    outer loop
      vertex 16.0385 162.384 4
      vertex 11.561 167.393 4
      vertex 16 161.6 4
    endloop
  endfacet
  facet normal 0 0 1
    outer loop
      vertex 16.3445 27.2777 4
      vertex 12 21.85 4
      vertex 12.2205 21.8392 4
    endloop
  endfacet
  facet normal 0 0 1
    outer loop
      vertex 11.3469 167.447 4
      vertex 16 161.6 4
      vertex 11.561 167.393 4
    endloop
  endfacet
  facet normal 0 0 1
    outer loop
      vertex 16.1537 28.0393 4
      vertex 11.7795 21.8392 4
      vertex 12 21.85 4
    endloop
  endfacet
  facet normal 0 0 1
    outer loop
      vertex 11.139 167.521 4
      vertex 16 161.6 4
      vertex 11.3469 167.447 4
    endloop
  endfacet
  facet normal 0 0 1
    outer loop
      vertex 16.1537 28.0393 4
      vertex 11.561 21.8068 4
      vertex 11.7795 21.8392 4
    endloop
  endfacet
  facet normal 0 0 1
    outer loop
      vertex 10.9394 167.616 4
      vertex 16 161.6 4
      vertex 11.139 167.521 4
    endloop
  endfacet
  facet normal 0 0 1
    outer loop
      vertex 16.0385 28.8159 4
      vertex 11.3469 21.7531 4
      vertex 11.561 21.8068 4
    endloop
  endfacet
  facet normal 0 0 1
    outer loop
      vertex 10.75 167.729 4
      vertex 16 161.6 4
      vertex 10.9394 167.616 4
    endloop
  endfacet
  facet normal 0 0 1
    outer loop
      vertex 16.0385 28.8159 4
      vertex 11.139 21.6787 4
      vertex 11.3469 21.7531 4
    endloop
  endfacet
  facet normal 0 0 1
    outer loop
      vertex 10.5726 167.861 4
      vertex 16 161.6 4
      vertex 10.75 167.729 4
    endloop
  endfacet
  facet normal 0 0 1
    outer loop
      vertex 16 29.6 4
      vertex 10.9394 21.5843 4
      vertex 11.139 21.6787 4
    endloop
  endfacet
  facet normal 0 0 1
    outer loop
      vertex 10.409 168.009 4
      vertex 16 161.6 4
      vertex 10.5726 167.861 4
    endloop
  endfacet
  facet normal 0 -0 1
    outer loop
      vertex 10.75 21.4708 4
      vertex 16 29.6 4
      vertex 9 20.6 4
    endloop
  endfacet
  facet normal 0 0 1
    outer loop
      vertex 16 161.6 4
      vertex 10.409 168.009 4
      vertex 16 29.6 4
    endloop
  endfacet
  facet normal 0 0 1
    outer loop
      vertex 16 29.6 4
      vertex 10.75 21.4708 4
      vertex 10.9394 21.5843 4
    endloop
  endfacet
  facet normal 0 0 1
    outer loop
      vertex 10.2607 168.173 4
      vertex 16 29.6 4
      vertex 10.409 168.009 4
    endloop
  endfacet
  facet normal 0 0 1
    outer loop
      vertex 10.75 21.4708 4
      vertex 9 20.6 4
      vertex 10.5726 21.3393 4
    endloop
  endfacet
  facet normal 0 0 1
    outer loop
      vertex 16 29.6 4
      vertex 10.2607 168.173 4
      vertex 9 20.6 4
    endloop
  endfacet
  facet normal 0 0 1
    outer loop
      vertex 10.5726 21.3393 4
      vertex 9 20.6 4
      vertex 10.409 21.191 4
    endloop
  endfacet
  facet normal 0 0 1
    outer loop
      vertex 9 20.6 4
      vertex 10.2607 168.173 4
      vertex 10.1292 168.35 4
    endloop
  endfacet
  facet normal 0 0 1
    outer loop
      vertex 10.409 21.191 4
      vertex 9 20.6 4
      vertex 10.2607 21.0274 4
    endloop
  endfacet
  facet normal 0 0 1
    outer loop
      vertex 9 20.6 4
      vertex 10.1292 168.35 4
      vertex 10.0157 168.539 4
    endloop
  endfacet
  facet normal 0 0 1
    outer loop
      vertex 10.2607 21.0274 4
      vertex 9 20.6 4
      vertex 10.1292 20.85 4
    endloop
  endfacet
  facet normal 0 0 1
    outer loop
      vertex 10.1292 20.85 4
      vertex 9 20.6 4
      vertex 10.0157 20.6606 4
    endloop
  endfacet
  facet normal 0 0 1
    outer loop
      vertex 9 20.6 4
      vertex 10.0157 168.539 4
      vertex 9.92127 168.739 4
    endloop
  endfacet
  facet normal 0 0 1
    outer loop
      vertex 9 20.6 4
      vertex 9.92127 168.739 4
      vertex 9.84688 168.947 4
    endloop
  endfacet
  facet normal 0 0 1
    outer loop
      vertex 9 20.6 4
      vertex 9.84688 168.947 4
      vertex 9.79323 169.161 4
    endloop
  endfacet
  facet normal 0 0 1
    outer loop
      vertex 9.75 169.6 4
      vertex 0 181.6 4
      vertex 9.76083 169.379 4
    endloop
  endfacet
  facet normal 0 0 1
    outer loop
      vertex 9.76083 169.821 4
      vertex 0 181.6 4
      vertex 9.75 169.6 4
    endloop
  endfacet
  facet normal 0 0 1
    outer loop
      vertex 10.0157 20.6606 4
      vertex 9 20.6 4
      vertex 9.98699 20.6 4
    endloop
  endfacet
  facet normal -0 0 1
    outer loop
      vertex 118.834 175.012 4
      vertex 122.322 169.256 4
      vertex 118.971 175.395 4
    endloop
  endfacet
  facet normal 0 0 1
    outer loop
      vertex 122.322 169.256 4
      vertex 118.834 175.012 4
      vertex 121.561 169.446 4
    endloop
  endfacet
  facet normal -0 0 1
    outer loop
      vertex 118.66 174.644 4
      vertex 121.561 169.446 4
      vertex 118.834 175.012 4
    endloop
  endfacet
  facet normal 0 0 1
    outer loop
      vertex 121.561 169.446 4
      vertex 118.66 174.644 4
      vertex 120.784 169.561 4
    endloop
  endfacet
  facet normal -0 0 1
    outer loop
      vertex 118.451 174.294 4
      vertex 120.784 169.561 4
      vertex 118.66 174.644 4
    endloop
  endfacet
  facet normal -0 0 1
    outer loop
      vertex 118.208 173.967 4
      vertex 120.784 169.561 4
      vertex 118.451 174.294 4
    endloop
  endfacet
  facet normal 0 0 1
    outer loop
      vertex 120.784 169.561 4
      vertex 118.208 173.967 4
      vertex 120 169.6 4
    endloop
  endfacet
  facet normal -0 0 1
    outer loop
      vertex 117.934 173.666 4
      vertex 120 169.6 4
      vertex 118.208 173.967 4
    endloop
  endfacet
  facet normal -0 0 1
    outer loop
      vertex 117.633 173.392 4
      vertex 120 169.6 4
      vertex 117.934 173.666 4
    endloop
  endfacet
  facet normal -0 0 1
    outer loop
      vertex 117.306 173.149 4
      vertex 120 169.6 4
      vertex 117.633 173.392 4
    endloop
  endfacet
  facet normal -0 0 1
    outer loop
      vertex 116.956 172.94 4
      vertex 120 169.6 4
      vertex 117.306 173.149 4
    endloop
  endfacet
  facet normal -0 0 1
    outer loop
      vertex 116.588 172.766 4
      vertex 120 169.6 4
      vertex 116.956 172.94 4
    endloop
  endfacet
  facet normal -0 0 1
    outer loop
      vertex 116.205 172.629 4
      vertex 120 169.6 4
      vertex 116.588 172.766 4
    endloop
  endfacet
  facet normal -0 0 1
    outer loop
      vertex 115.81 172.53 4
      vertex 120 169.6 4
      vertex 116.205 172.629 4
    endloop
  endfacet
  facet normal -0 0 1
    outer loop
      vertex 115.407 172.47 4
      vertex 120 169.6 4
      vertex 115.81 172.53 4
    endloop
  endfacet
  facet normal -0 0 1
    outer loop
      vertex 115 172.45 4
      vertex 120 169.6 4
      vertex 115.407 172.47 4
    endloop
  endfacet
  facet normal 0 0 1
    outer loop
      vertex 114.593 172.47 4
      vertex 120 169.6 4
      vertex 115 172.45 4
    endloop
  endfacet
  facet normal 0 0 1
    outer loop
      vertex 114.19 172.53 4
      vertex 120 169.6 4
      vertex 114.593 172.47 4
    endloop
  endfacet
  facet normal 0 0 1
    outer loop
      vertex 113.795 172.629 4
      vertex 120 169.6 4
      vertex 114.19 172.53 4
    endloop
  endfacet
  facet normal 0 0 1
    outer loop
      vertex 113.412 172.766 4
      vertex 120 169.6 4
      vertex 113.795 172.629 4
    endloop
  endfacet
  facet normal 0 0 1
    outer loop
      vertex 30.5881 172.766 4
      vertex 113.412 172.766 4
      vertex 113.044 172.94 4
    endloop
  endfacet
  facet normal -0 0 1
    outer loop
      vertex 33.15 176.6 4
      vertex 110.87 176.193 4
      vertex 110.85 176.6 4
    endloop
  endfacet
  facet normal 0 0 1
    outer loop
      vertex 33.13 176.193 4
      vertex 110.87 176.193 4
      vertex 33.15 176.6 4
    endloop
  endfacet
  facet normal 0 0 1
    outer loop
      vertex 110.87 176.193 4
      vertex 33.13 176.193 4
      vertex 110.93 175.79 4
    endloop
  endfacet
  facet normal 0 0 1
    outer loop
      vertex 33.0703 175.79 4
      vertex 110.93 175.79 4
      vertex 33.13 176.193 4
    endloop
  endfacet
  facet normal 0 0 1
    outer loop
      vertex 110.93 175.79 4
      vertex 33.0703 175.79 4
      vertex 111.029 175.395 4
    endloop
  endfacet
  facet normal 0 0 1
    outer loop
      vertex 32.9713 175.395 4
      vertex 111.029 175.395 4
      vertex 33.0703 175.79 4
    endloop
  endfacet
  facet normal 0 0 1
    outer loop
      vertex 111.029 175.395 4
      vertex 32.9713 175.395 4
      vertex 111.166 175.012 4
    endloop
  endfacet
  facet normal 0 0 1
    outer loop
      vertex 32.8341 175.012 4
      vertex 111.166 175.012 4
      vertex 32.9713 175.395 4
    endloop
  endfacet
  facet normal 0 0 1
    outer loop
      vertex 111.166 175.012 4
      vertex 32.8341 175.012 4
      vertex 111.34 174.644 4
    endloop
  endfacet
  facet normal 0 0 1
    outer loop
      vertex 32.66 174.644 4
      vertex 111.34 174.644 4
      vertex 32.8341 175.012 4
    endloop
  endfacet
  facet normal 0 0 1
    outer loop
      vertex 111.34 174.644 4
      vertex 32.66 174.644 4
      vertex 111.549 174.294 4
    endloop
  endfacet
  facet normal 0 0 1
    outer loop
      vertex 32.4506 174.294 4
      vertex 111.549 174.294 4
      vertex 32.66 174.644 4
    endloop
  endfacet
  facet normal 0 0 1
    outer loop
      vertex 111.549 174.294 4
      vertex 32.4506 174.294 4
      vertex 111.792 173.967 4
    endloop
  endfacet
  facet normal 0 0 1
    outer loop
      vertex 32.208 173.967 4
      vertex 111.792 173.967 4
      vertex 32.4506 174.294 4
    endloop
  endfacet
  facet normal 0 0 1
    outer loop
      vertex 111.792 173.967 4
      vertex 32.208 173.967 4
      vertex 112.066 173.666 4
    endloop
  endfacet
  facet normal 0 0 1
    outer loop
      vertex 31.9345 173.666 4
      vertex 112.066 173.666 4
      vertex 32.208 173.967 4
    endloop
  endfacet
  facet normal 0 0 1
    outer loop
      vertex 112.066 173.666 4
      vertex 31.9345 173.666 4
      vertex 112.367 173.392 4
    endloop
  endfacet
  facet normal 0 0 1
    outer loop
      vertex 31.6327 173.392 4
      vertex 112.367 173.392 4
      vertex 31.9345 173.666 4
    endloop
  endfacet
  facet normal 0 0 1
    outer loop
      vertex 112.367 173.392 4
      vertex 31.6327 173.392 4
      vertex 112.694 173.149 4
    endloop
  endfacet
  facet normal 0 0 1
    outer loop
      vertex 31.3056 173.149 4
      vertex 112.694 173.149 4
      vertex 31.6327 173.392 4
    endloop
  endfacet
  facet normal 0 0 1
    outer loop
      vertex 112.694 173.149 4
      vertex 31.3056 173.149 4
      vertex 113.044 172.94 4
    endloop
  endfacet
  facet normal 0 0 1
    outer loop
      vertex 30.9563 172.94 4
      vertex 113.044 172.94 4
      vertex 31.3056 173.149 4
    endloop
  endfacet
  facet normal 0 0 1
    outer loop
      vertex 30.5881 172.766 4
      vertex 113.044 172.94 4
      vertex 30.9563 172.94 4
    endloop
  endfacet
  facet normal 0 0 1
    outer loop
      vertex 113.412 172.766 4
      vertex 30.5881 172.766 4
      vertex 120 169.6 4
    endloop
  endfacet
  facet normal 0 0 1
    outer loop
      vertex 24 169.6 4
      vertex 30.5881 172.766 4
      vertex 30.2047 172.629 4
    endloop
  endfacet
  facet normal 0 0 1
    outer loop
      vertex 24 169.6 4
      vertex 30.2047 172.629 4
      vertex 29.8096 172.53 4
    endloop
  endfacet
  facet normal 0 0 1
    outer loop
      vertex 24 169.6 4
      vertex 29.8096 172.53 4
      vertex 29.4068 172.47 4
    endloop
  endfacet
  facet normal 0 0 1
    outer loop
      vertex 24 169.6 4
      vertex 29.4068 172.47 4
      vertex 29 172.45 4
    endloop
  endfacet
  facet normal 0 0 1
    outer loop
      vertex 30.5881 172.766 4
      vertex 24 169.6 4
      vertex 120 169.6 4
    endloop
  endfacet
  facet normal 0 0 1
    outer loop
      vertex 28.5932 172.47 4
      vertex 24 169.6 4
      vertex 29 172.45 4
    endloop
  endfacet
  facet normal 0 0 1
    outer loop
      vertex 28.1904 172.53 4
      vertex 24 169.6 4
      vertex 28.5932 172.47 4
    endloop
  endfacet
  facet normal 0 0 1
    outer loop
      vertex 27.7953 172.629 4
      vertex 24 169.6 4
      vertex 28.1904 172.53 4
    endloop
  endfacet
  facet normal 0 0 1
    outer loop
      vertex 27.4119 172.766 4
      vertex 24 169.6 4
      vertex 27.7953 172.629 4
    endloop
  endfacet
  facet normal 0 0 1
    outer loop
      vertex 27.0437 172.94 4
      vertex 24 169.6 4
      vertex 27.4119 172.766 4
    endloop
  endfacet
  facet normal 0 0 1
    outer loop
      vertex 26.6944 173.149 4
      vertex 24 169.6 4
      vertex 27.0437 172.94 4
    endloop
  endfacet
  facet normal 0 0 1
    outer loop
      vertex 26.3673 173.392 4
      vertex 24 169.6 4
      vertex 26.6944 173.149 4
    endloop
  endfacet
  facet normal 0 0 1
    outer loop
      vertex 26.0655 173.666 4
      vertex 24 169.6 4
      vertex 26.3673 173.392 4
    endloop
  endfacet
  facet normal 0 0 1
    outer loop
      vertex 25.792 173.967 4
      vertex 24 169.6 4
      vertex 26.0655 173.666 4
    endloop
  endfacet
  facet normal 0 0 1
    outer loop
      vertex 25.5494 174.294 4
      vertex 24 169.6 4
      vertex 25.792 173.967 4
    endloop
  endfacet
  facet normal 0 0 1
    outer loop
      vertex 25.34 174.644 4
      vertex 24 169.6 4
      vertex 25.5494 174.294 4
    endloop
  endfacet
  facet normal 0 0 1
    outer loop
      vertex 25.1659 175.012 4
      vertex 24 169.6 4
      vertex 25.34 174.644 4
    endloop
  endfacet
  facet normal 0 0 1
    outer loop
      vertex 25.0287 175.395 4
      vertex 24 169.6 4
      vertex 25.1659 175.012 4
    endloop
  endfacet
  facet normal 0 0 1
    outer loop
      vertex 24.9297 175.79 4
      vertex 24 169.6 4
      vertex 25.0287 175.395 4
    endloop
  endfacet
  facet normal 0 0 1
    outer loop
      vertex 24.87 176.193 4
      vertex 24 169.6 4
      vertex 24.9297 175.79 4
    endloop
  endfacet
  facet normal 0 0 1
    outer loop
      vertex 24 169.6 4
      vertex 24.87 176.193 4
      vertex 24.85 176.6 4
    endloop
  endfacet
  facet normal 0 0 1
    outer loop
      vertex 105 10.6 4
      vertex 39 20.6 4
      vertex 39 10.6 4
    endloop
  endfacet
  facet normal 0 0 1
    outer loop
      vertex 83.4805 66.8836 4
      vertex 74.2392 53.1705 4
      vertex 74.25 52.95 4
    endloop
  endfacet
  facet normal 0 0 1
    outer loop
      vertex 77.8527 65.1764 4
      vertex 74.2068 53.389 4
      vertex 74.2392 53.1705 4
    endloop
  endfacet
  facet normal 0 0 1
    outer loop
      vertex 77.8527 65.1764 4
      vertex 74.1531 53.6031 4
      vertex 74.2068 53.389 4
    endloop
  endfacet
  facet normal 0 0 1
    outer loop
      vertex 77.8527 65.1764 4
      vertex 74.0787 53.811 4
      vertex 74.1531 53.6031 4
    endloop
  endfacet
  facet normal 0 0 1
    outer loop
      vertex 77.8527 65.1764 4
      vertex 73.9843 54.0106 4
      vertex 74.0787 53.811 4
    endloop
  endfacet
  facet normal 0 0 1
    outer loop
      vertex 77.8527 65.1764 4
      vertex 73.8708 54.2 4
      vertex 73.9843 54.0106 4
    endloop
  endfacet
  facet normal 0 0 1
    outer loop
      vertex 77.8527 65.1764 4
      vertex 73.7393 54.3774 4
      vertex 73.8708 54.2 4
    endloop
  endfacet
  facet normal 0 0 1
    outer loop
      vertex 77.8527 65.1764 4
      vertex 73.591 54.541 4
      vertex 73.7393 54.3774 4
    endloop
  endfacet
  facet normal 0 0 1
    outer loop
      vertex 77.8527 65.1764 4
      vertex 73.4274 54.6893 4
      vertex 73.591 54.541 4
    endloop
  endfacet
  facet normal 0 0 1
    outer loop
      vertex 74.9405 64.7445 4
      vertex 73.25 54.8208 4
      vertex 73.4274 54.6893 4
    endloop
  endfacet
  facet normal 0 0 1
    outer loop
      vertex 74.9405 64.7445 4
      vertex 73.0606 54.9343 4
      vertex 73.25 54.8208 4
    endloop
  endfacet
  facet normal 0 0 1
    outer loop
      vertex 74.9405 64.7445 4
      vertex 72.861 55.0287 4
      vertex 73.0606 54.9343 4
    endloop
  endfacet
  facet normal 0 0 1
    outer loop
      vertex 74.9405 64.7445 4
      vertex 72.6531 55.1031 4
      vertex 72.861 55.0287 4
    endloop
  endfacet
  facet normal 0 0 1
    outer loop
      vertex 74.9405 64.7445 4
      vertex 72.4389 55.1568 4
      vertex 72.6531 55.1031 4
    endloop
  endfacet
  facet normal -0 0 1
    outer loop
      vertex 72 64.6 4
      vertex 72.4389 55.1568 4
      vertex 74.9405 64.7445 4
    endloop
  endfacet
  facet normal 0 0 1
    outer loop
      vertex 72.4389 55.1568 4
      vertex 72 64.6 4
      vertex 72.2205 55.1892 4
    endloop
  endfacet
  facet normal 0 0 1
    outer loop
      vertex 72 64.6 4
      vertex 72 55.2 4
      vertex 72.2205 55.1892 4
    endloop
  endfacet
  facet normal 0 0 1
    outer loop
      vertex 72 64.6 4
      vertex 71.7795 55.1892 4
      vertex 72 55.2 4
    endloop
  endfacet
  facet normal 0 0 1
    outer loop
      vertex 72 64.6 4
      vertex 71.5611 55.1568 4
      vertex 71.7795 55.1892 4
    endloop
  endfacet
  facet normal 0 0 1
    outer loop
      vertex 72 64.6 4
      vertex 71.3469 55.1031 4
      vertex 71.5611 55.1568 4
    endloop
  endfacet
  facet normal 0 0 1
    outer loop
      vertex 69.0595 64.7445 4
      vertex 71.3469 55.1031 4
      vertex 72 64.6 4
    endloop
  endfacet
  facet normal 0 0 1
    outer loop
      vertex 71.3469 55.1031 4
      vertex 69.0595 64.7445 4
      vertex 71.139 55.0287 4
    endloop
  endfacet
  facet normal 0 0 1
    outer loop
      vertex 71.139 55.0287 4
      vertex 69.0595 64.7445 4
      vertex 70.9394 54.9343 4
    endloop
  endfacet
  facet normal 0 0 1
    outer loop
      vertex 70.9394 54.9343 4
      vertex 69.0595 64.7445 4
      vertex 70.75 54.8208 4
    endloop
  endfacet
  facet normal 0 0 1
    outer loop
      vertex 70.75 54.8208 4
      vertex 69.0595 64.7445 4
      vertex 70.5726 54.6893 4
    endloop
  endfacet
  facet normal 0 0 1
    outer loop
      vertex 66.1473 65.1764 4
      vertex 70.5726 54.6893 4
      vertex 69.0595 64.7445 4
    endloop
  endfacet
  facet normal 0 0 1
    outer loop
      vertex 70.5726 54.6893 4
      vertex 66.1473 65.1764 4
      vertex 70.409 54.541 4
    endloop
  endfacet
  facet normal 0 0 1
    outer loop
      vertex 70.409 54.541 4
      vertex 66.1473 65.1764 4
      vertex 70.2607 54.3774 4
    endloop
  endfacet
  facet normal 0 0 1
    outer loop
      vertex 70.2607 54.3774 4
      vertex 66.1473 65.1764 4
      vertex 70.1292 54.2 4
    endloop
  endfacet
  facet normal 0 0 1
    outer loop
      vertex 70.1292 54.2 4
      vertex 66.1473 65.1764 4
      vertex 70.0157 54.0106 4
    endloop
  endfacet
  facet normal 0 0 1
    outer loop
      vertex 63.2915 65.8918 4
      vertex 70.0157 54.0106 4
      vertex 66.1473 65.1764 4
    endloop
  endfacet
  facet normal 0 0 1
    outer loop
      vertex 69.8469 53.6031 4
      vertex 63.2915 65.8918 4
      vertex 69.7932 53.389 4
    endloop
  endfacet
  facet normal 0 0 1
    outer loop
      vertex 69.9213 53.811 4
      vertex 63.2915 65.8918 4
      vertex 69.8469 53.6031 4
    endloop
  endfacet
  facet normal 0 0 1
    outer loop
      vertex 70.0157 54.0106 4
      vertex 63.2915 65.8918 4
      vertex 69.9213 53.811 4
    endloop
  endfacet
  facet normal 0 0 1
    outer loop
      vertex 120 166.6 4
      vertex 125 161.6 4
      vertex 124.976 162.09 4
    endloop
  endfacet
  facet normal 0 0 1
    outer loop
      vertex 125 161.6 4
      vertex 102 94.6 4
      vertex 125 29.6 4
    endloop
  endfacet
  facet normal 0 0 1
    outer loop
      vertex 120 166.6 4
      vertex 124.976 162.09 4
      vertex 124.904 162.575 4
    endloop
  endfacet
  facet normal -0 0 1
    outer loop
      vertex 101.856 91.6595 4
      vertex 125 29.6 4
      vertex 102 94.6 4
    endloop
  endfacet
  facet normal 0 0 1
    outer loop
      vertex 120 166.6 4
      vertex 124.904 162.575 4
      vertex 124.785 163.051 4
    endloop
  endfacet
  facet normal -0 0 1
    outer loop
      vertex 101.424 88.7473 4
      vertex 125 29.6 4
      vertex 101.856 91.6595 4
    endloop
  endfacet
  facet normal 0 0 1
    outer loop
      vertex 120 166.6 4
      vertex 124.785 163.051 4
      vertex 124.619 163.513 4
    endloop
  endfacet
  facet normal -0 0 1
    outer loop
      vertex 100.708 85.8915 4
      vertex 125 29.6 4
      vertex 101.424 88.7473 4
    endloop
  endfacet
  facet normal 0 0 1
    outer loop
      vertex 120 166.6 4
      vertex 124.619 163.513 4
      vertex 124.41 163.957 4
    endloop
  endfacet
  facet normal -0 0 1
    outer loop
      vertex 99.7164 83.1195 4
      vertex 125 29.6 4
      vertex 100.708 85.8915 4
    endloop
  endfacet
  facet normal 0 0 1
    outer loop
      vertex 120 166.6 4
      vertex 124.41 163.957 4
      vertex 124.157 164.378 4
    endloop
  endfacet
  facet normal -0 0 1
    outer loop
      vertex 98.4576 80.4581 4
      vertex 125 29.6 4
      vertex 99.7164 83.1195 4
    endloop
  endfacet
  facet normal 0 0 1
    outer loop
      vertex 120 166.6 4
      vertex 124.157 164.378 4
      vertex 123.865 164.772 4
    endloop
  endfacet
  facet normal -0 0 1
    outer loop
      vertex 96.9441 77.9329 4
      vertex 125 29.6 4
      vertex 98.4576 80.4581 4
    endloop
  endfacet
  facet normal 0 0 1
    outer loop
      vertex 120 166.6 4
      vertex 123.865 164.772 4
      vertex 123.536 165.136 4
    endloop
  endfacet
  facet normal -0 0 1
    outer loop
      vertex 95.1903 75.5682 4
      vertex 125 29.6 4
      vertex 96.9441 77.9329 4
    endloop
  endfacet
  facet normal 0 0 1
    outer loop
      vertex 120 166.6 4
      vertex 123.536 165.136 4
      vertex 123.172 165.465 4
    endloop
  endfacet
  facet normal -0 0 1
    outer loop
      vertex 93.2132 73.3868 4
      vertex 125 29.6 4
      vertex 95.1903 75.5682 4
    endloop
  endfacet
  facet normal 0 0 1
    outer loop
      vertex 120 166.6 4
      vertex 123.172 165.465 4
      vertex 122.778 165.757 4
    endloop
  endfacet
  facet normal -0 0 1
    outer loop
      vertex 91.0318 71.4097 4
      vertex 125 29.6 4
      vertex 93.2132 73.3868 4
    endloop
  endfacet
  facet normal 0 0 1
    outer loop
      vertex 120 166.6 4
      vertex 122.778 165.757 4
      vertex 122.357 166.01 4
    endloop
  endfacet
  facet normal -0 0 1
    outer loop
      vertex 88.6671 69.6559 4
      vertex 125 29.6 4
      vertex 91.0318 71.4097 4
    endloop
  endfacet
  facet normal 0 0 1
    outer loop
      vertex 120 166.6 4
      vertex 122.357 166.01 4
      vertex 121.913 166.219 4
    endloop
  endfacet
  facet normal 0 -0 1
    outer loop
      vertex 120 24.6 4
      vertex 125 29.6 4
      vertex 88.6671 69.6559 4
    endloop
  endfacet
  facet normal 0 0 1
    outer loop
      vertex 120 166.6 4
      vertex 121.913 166.219 4
      vertex 121.451 166.385 4
    endloop
  endfacet
  facet normal 0 0 1
    outer loop
      vertex 125 29.6 4
      vertex 120 24.6 4
      vertex 124.976 29.1099 4
    endloop
  endfacet
  facet normal 0 0 1
    outer loop
      vertex 120 166.6 4
      vertex 121.451 166.385 4
      vertex 120.975 166.504 4
    endloop
  endfacet
  facet normal 0 0 1
    outer loop
      vertex 124.904 28.6246 4
      vertex 120 24.6 4
      vertex 124.785 28.1486 4
    endloop
  endfacet
  facet normal 0 0 1
    outer loop
      vertex 120 166.6 4
      vertex 120.975 166.504 4
      vertex 120.49 166.576 4
    endloop
  endfacet
  facet normal 0 0 1
    outer loop
      vertex 124.785 28.1486 4
      vertex 120 24.6 4
      vertex 124.619 27.6866 4
    endloop
  endfacet
  facet normal 0 0 1
    outer loop
      vertex 125 161.6 4
      vertex 120 166.6 4
      vertex 88.6671 119.544 4
    endloop
  endfacet
  facet normal 0 0 1
    outer loop
      vertex 124.619 27.6866 4
      vertex 120 24.6 4
      vertex 124.41 27.243 4
    endloop
  endfacet
  facet normal 0 0 1
    outer loop
      vertex 124.41 27.243 4
      vertex 120 24.6 4
      vertex 124.157 26.8222 4
    endloop
  endfacet
  facet normal 0 0 1
    outer loop
      vertex 125 161.6 4
      vertex 101.856 97.5405 4
      vertex 102 94.6 4
    endloop
  endfacet
  facet normal 0 0 1
    outer loop
      vertex 125 161.6 4
      vertex 101.424 100.453 4
      vertex 101.856 97.5405 4
    endloop
  endfacet
  facet normal 0 0 1
    outer loop
      vertex 125 161.6 4
      vertex 100.708 103.309 4
      vertex 101.424 100.453 4
    endloop
  endfacet
  facet normal 0 0 1
    outer loop
      vertex 125 161.6 4
      vertex 99.7164 106.081 4
      vertex 100.708 103.309 4
    endloop
  endfacet
  facet normal 0 0 1
    outer loop
      vertex 125 161.6 4
      vertex 98.4576 108.742 4
      vertex 99.7164 106.081 4
    endloop
  endfacet
  facet normal 0 0 1
    outer loop
      vertex 125 161.6 4
      vertex 96.9441 111.267 4
      vertex 98.4576 108.742 4
    endloop
  endfacet
  facet normal 0 0 1
    outer loop
      vertex 125 161.6 4
      vertex 95.1903 113.632 4
      vertex 96.9441 111.267 4
    endloop
  endfacet
  facet normal 0 0 1
    outer loop
      vertex 125 161.6 4
      vertex 93.2132 115.813 4
      vertex 95.1903 113.632 4
    endloop
  endfacet
  facet normal 0 0 1
    outer loop
      vertex 125 161.6 4
      vertex 91.0318 117.79 4
      vertex 93.2132 115.813 4
    endloop
  endfacet
  facet normal 0 0 1
    outer loop
      vertex 125 161.6 4
      vertex 88.6671 119.544 4
      vertex 91.0318 117.79 4
    endloop
  endfacet
  facet normal 0 0 1
    outer loop
      vertex 120 166.6 4
      vertex 86.1419 121.058 4
      vertex 88.6671 119.544 4
    endloop
  endfacet
  facet normal -0 0 1
    outer loop
      vertex 74.1531 136.903 4
      vertex 86.1419 121.058 4
      vertex 120 166.6 4
    endloop
  endfacet
  facet normal -0 -0 1
    outer loop
      vertex 74.2068 136.689 4
      vertex 86.1419 121.058 4
      vertex 74.1531 136.903 4
    endloop
  endfacet
  facet normal 0 0 1
    outer loop
      vertex 86.1419 121.058 4
      vertex 74.2392 136.471 4
      vertex 83.4805 122.316 4
    endloop
  endfacet
  facet normal -0 0 1
    outer loop
      vertex 74.2392 136.029 4
      vertex 83.4805 122.316 4
      vertex 74.25 136.25 4
    endloop
  endfacet
  facet normal -0 0 1
    outer loop
      vertex 74.2068 135.811 4
      vertex 80.7085 123.308 4
      vertex 74.2392 136.029 4
    endloop
  endfacet
  facet normal 0 0 1
    outer loop
      vertex 83.4805 122.316 4
      vertex 74.2392 136.029 4
      vertex 80.7085 123.308 4
    endloop
  endfacet
  facet normal -0 -0 1
    outer loop
      vertex 74.25 136.25 4
      vertex 83.4805 122.316 4
      vertex 74.2392 136.471 4
    endloop
  endfacet
  facet normal -0 -0 1
    outer loop
      vertex 74.2392 136.471 4
      vertex 86.1419 121.058 4
      vertex 74.2068 136.689 4
    endloop
  endfacet
  facet normal 0 0 1
    outer loop
      vertex 120 166.6 4
      vertex 74.0787 137.111 4
      vertex 74.1531 136.903 4
    endloop
  endfacet
  facet normal 0 0 1
    outer loop
      vertex 120 166.6 4
      vertex 73.9843 137.311 4
      vertex 74.0787 137.111 4
    endloop
  endfacet
  facet normal 0 0 1
    outer loop
      vertex 120 166.6 4
      vertex 73.8708 137.5 4
      vertex 73.9843 137.311 4
    endloop
  endfacet
  facet normal 0 0 1
    outer loop
      vertex 120 166.6 4
      vertex 73.7393 137.677 4
      vertex 73.8708 137.5 4
    endloop
  endfacet
  facet normal 0 0 1
    outer loop
      vertex 120 166.6 4
      vertex 73.591 137.841 4
      vertex 73.7393 137.677 4
    endloop
  endfacet
  facet normal 0 0 1
    outer loop
      vertex 120 166.6 4
      vertex 73.4274 137.989 4
      vertex 73.591 137.841 4
    endloop
  endfacet
  facet normal 0 0 1
    outer loop
      vertex 120 166.6 4
      vertex 73.25 138.121 4
      vertex 73.4274 137.989 4
    endloop
  endfacet
  facet normal 0 0 1
    outer loop
      vertex 120 166.6 4
      vertex 73.0606 138.234 4
      vertex 73.25 138.121 4
    endloop
  endfacet
  facet normal 0 0 1
    outer loop
      vertex 120 166.6 4
      vertex 72.861 138.329 4
      vertex 73.0606 138.234 4
    endloop
  endfacet
  facet normal 0 0 1
    outer loop
      vertex 120 166.6 4
      vertex 72.6531 138.403 4
      vertex 72.861 138.329 4
    endloop
  endfacet
  facet normal 0 0 1
    outer loop
      vertex 120 166.6 4
      vertex 72.4389 138.457 4
      vertex 72.6531 138.403 4
    endloop
  endfacet
  facet normal 0 0 1
    outer loop
      vertex 120 166.6 4
      vertex 72.2205 138.489 4
      vertex 72.4389 138.457 4
    endloop
  endfacet
  facet normal 0 0 1
    outer loop
      vertex 120 166.6 4
      vertex 72 138.5 4
      vertex 72.2205 138.489 4
    endloop
  endfacet
  facet normal -0 0 1
    outer loop
      vertex 24 166.6 4
      vertex 72 138.5 4
      vertex 120 166.6 4
    endloop
  endfacet
  facet normal 0 0 1
    outer loop
      vertex 72 138.5 4
      vertex 24 166.6 4
      vertex 71.7795 138.489 4
    endloop
  endfacet
  facet normal 0 0 1
    outer loop
      vertex 71.7795 138.489 4
      vertex 24 166.6 4
      vertex 71.5611 138.457 4
    endloop
  endfacet
  facet normal 0 0 1
    outer loop
      vertex 71.5611 138.457 4
      vertex 24 166.6 4
      vertex 71.3469 138.403 4
    endloop
  endfacet
  facet normal 0 0 1
    outer loop
      vertex 71.3469 138.403 4
      vertex 24 166.6 4
      vertex 71.139 138.329 4
    endloop
  endfacet
  facet normal 0 0 1
    outer loop
      vertex 60.5195 122.316 4
      vertex 69.75 136.25 4
      vertex 69.7608 136.471 4
    endloop
  endfacet
  facet normal 0 0 1
    outer loop
      vertex 69.75 136.25 4
      vertex 66.1473 124.024 4
      vertex 69.0595 124.456 4
    endloop
  endfacet
  facet normal 0 0 1
    outer loop
      vertex 57.8581 121.058 4
      vertex 69.7608 136.471 4
      vertex 69.7932 136.689 4
    endloop
  endfacet
  facet normal 0 0 1
    outer loop
      vertex 57.8581 121.058 4
      vertex 69.7932 136.689 4
      vertex 69.8469 136.903 4
    endloop
  endfacet
  facet normal 0 0 1
    outer loop
      vertex 69.75 136.25 4
      vertex 63.2915 123.308 4
      vertex 66.1473 124.024 4
    endloop
  endfacet
  facet normal 0 0 1
    outer loop
      vertex 24 166.6 4
      vertex 69.8469 136.903 4
      vertex 69.9213 137.111 4
    endloop
  endfacet
  facet normal 0 0 1
    outer loop
      vertex 24 166.6 4
      vertex 69.9213 137.111 4
      vertex 70.0157 137.311 4
    endloop
  endfacet
  facet normal 0 0 1
    outer loop
      vertex 69.75 136.25 4
      vertex 60.5195 122.316 4
      vertex 63.2915 123.308 4
    endloop
  endfacet
  facet normal 0 0 1
    outer loop
      vertex 24 166.6 4
      vertex 70.0157 137.311 4
      vertex 70.1292 137.5 4
    endloop
  endfacet
  facet normal 0 0 1
    outer loop
      vertex 69.7608 136.471 4
      vertex 57.8581 121.058 4
      vertex 60.5195 122.316 4
    endloop
  endfacet
  facet normal 0 0 1
    outer loop
      vertex 24 166.6 4
      vertex 70.1292 137.5 4
      vertex 70.2607 137.677 4
    endloop
  endfacet
  facet normal 0 0 1
    outer loop
      vertex 69.8469 136.903 4
      vertex 24 166.6 4
      vertex 57.8581 121.058 4
    endloop
  endfacet
  facet normal 0 0 1
    outer loop
      vertex 57.8581 121.058 4
      vertex 24 166.6 4
      vertex 55.3329 119.544 4
    endloop
  endfacet
  facet normal -0 0 1
    outer loop
      vertex 19 161.6 4
      vertex 55.3329 119.544 4
      vertex 24 166.6 4
    endloop
  endfacet
  facet normal 0 0 1
    outer loop
      vertex 52.9682 117.79 4
      vertex 19 161.6 4
      vertex 50.7868 115.813 4
    endloop
  endfacet
  facet normal 0 0 1
    outer loop
      vertex 42.5764 100.453 4
      vertex 19 161.6 4
      vertex 42.1445 97.5405 4
    endloop
  endfacet
  facet normal 0 0 1
    outer loop
      vertex 43.2918 103.309 4
      vertex 19 161.6 4
      vertex 42.5764 100.453 4
    endloop
  endfacet
  facet normal 0 0 1
    outer loop
      vertex 44.2836 106.081 4
      vertex 19 161.6 4
      vertex 43.2918 103.309 4
    endloop
  endfacet
  facet normal 0 0 1
    outer loop
      vertex 45.5424 108.742 4
      vertex 19 161.6 4
      vertex 44.2836 106.081 4
    endloop
  endfacet
  facet normal 0 0 1
    outer loop
      vertex 47.0559 111.267 4
      vertex 19 161.6 4
      vertex 45.5424 108.742 4
    endloop
  endfacet
  facet normal 0 0 1
    outer loop
      vertex 48.8097 113.632 4
      vertex 19 161.6 4
      vertex 47.0559 111.267 4
    endloop
  endfacet
  facet normal 0 0 1
    outer loop
      vertex 50.7868 115.813 4
      vertex 19 161.6 4
      vertex 48.8097 113.632 4
    endloop
  endfacet
  facet normal 0 0 1
    outer loop
      vertex 55.3329 119.544 4
      vertex 19 161.6 4
      vertex 52.9682 117.79 4
    endloop
  endfacet
  facet normal 0 0 1
    outer loop
      vertex 70.409 137.841 4
      vertex 24 166.6 4
      vertex 70.2607 137.677 4
    endloop
  endfacet
  facet normal 0 0 1
    outer loop
      vertex 70.5726 137.989 4
      vertex 24 166.6 4
      vertex 70.409 137.841 4
    endloop
  endfacet
  facet normal 0 0 1
    outer loop
      vertex 70.75 138.121 4
      vertex 24 166.6 4
      vertex 70.5726 137.989 4
    endloop
  endfacet
  facet normal 0 0 1
    outer loop
      vertex 70.9394 138.234 4
      vertex 24 166.6 4
      vertex 70.75 138.121 4
    endloop
  endfacet
  facet normal 0 0 1
    outer loop
      vertex 71.139 138.329 4
      vertex 24 166.6 4
      vertex 70.9394 138.234 4
    endloop
  endfacet
  facet normal 0 0 1
    outer loop
      vertex 123.865 26.428 4
      vertex 120 24.6 4
      vertex 123.536 26.0645 4
    endloop
  endfacet
  facet normal 0 0 1
    outer loop
      vertex 123.536 26.0645 4
      vertex 120 24.6 4
      vertex 123.172 25.7349 4
    endloop
  endfacet
  facet normal 0 0 1
    outer loop
      vertex 123.172 25.7349 4
      vertex 120 24.6 4
      vertex 122.778 25.4427 4
    endloop
  endfacet
  facet normal 0 0 1
    outer loop
      vertex 122.778 25.4427 4
      vertex 120 24.6 4
      vertex 122.357 25.1904 4
    endloop
  endfacet
  facet normal 0 0 1
    outer loop
      vertex 121.913 24.9806 4
      vertex 120 24.6 4
      vertex 121.451 24.8153 4
    endloop
  endfacet
  facet normal 0 0 1
    outer loop
      vertex 121.451 24.8153 4
      vertex 120 24.6 4
      vertex 120.975 24.6961 4
    endloop
  endfacet
  facet normal 0 0 1
    outer loop
      vertex 120.975 24.6961 4
      vertex 120 24.6 4
      vertex 120.49 24.6241 4
    endloop
  endfacet
  facet normal 0 0 1
    outer loop
      vertex 122.357 25.1904 4
      vertex 120 24.6 4
      vertex 121.913 24.9806 4
    endloop
  endfacet
  facet normal 0 0 1
    outer loop
      vertex 124.157 26.8222 4
      vertex 120 24.6 4
      vertex 123.865 26.428 4
    endloop
  endfacet
  facet normal 0 0 1
    outer loop
      vertex 124.976 29.1099 4
      vertex 120 24.6 4
      vertex 124.904 28.6246 4
    endloop
  endfacet
  facet normal -0 0 1
    outer loop
      vertex 86.1419 68.1424 4
      vertex 120 24.6 4
      vertex 88.6671 69.6559 4
    endloop
  endfacet
  facet normal 0 0 1
    outer loop
      vertex 74.2392 52.7295 4
      vertex 86.1419 68.1424 4
      vertex 83.4805 66.8836 4
    endloop
  endfacet
  facet normal 0 0 1
    outer loop
      vertex 74.2392 53.1705 4
      vertex 83.4805 66.8836 4
      vertex 80.7085 65.8918 4
    endloop
  endfacet
  facet normal 0 0 1
    outer loop
      vertex 74.2392 53.1705 4
      vertex 80.7085 65.8918 4
      vertex 77.8527 65.1764 4
    endloop
  endfacet
  facet normal 0 0 1
    outer loop
      vertex 73.4274 54.6893 4
      vertex 77.8527 65.1764 4
      vertex 74.9405 64.7445 4
    endloop
  endfacet
  facet normal 0 0 1
    outer loop
      vertex 83.4805 66.8836 4
      vertex 74.25 52.95 4
      vertex 74.2392 52.7295 4
    endloop
  endfacet
  facet normal 0 0 1
    outer loop
      vertex 86.1419 68.1424 4
      vertex 74.2392 52.7295 4
      vertex 74.2068 52.511 4
    endloop
  endfacet
  facet normal 0 0 1
    outer loop
      vertex 86.1419 68.1424 4
      vertex 74.2068 52.511 4
      vertex 74.1531 52.2969 4
    endloop
  endfacet
  facet normal 0 0 1
    outer loop
      vertex 86.1419 68.1424 4
      vertex 74.1531 52.2969 4
      vertex 120 24.6 4
    endloop
  endfacet
  facet normal -0 0 1
    outer loop
      vertex 74.0787 52.089 4
      vertex 120 24.6 4
      vertex 74.1531 52.2969 4
    endloop
  endfacet
  facet normal -0 0 1
    outer loop
      vertex 73.9843 51.8894 4
      vertex 120 24.6 4
      vertex 74.0787 52.089 4
    endloop
  endfacet
  facet normal -0 0 1
    outer loop
      vertex 73.8708 51.7 4
      vertex 120 24.6 4
      vertex 73.9843 51.8894 4
    endloop
  endfacet
  facet normal -0 0 1
    outer loop
      vertex 73.7393 51.5226 4
      vertex 120 24.6 4
      vertex 73.8708 51.7 4
    endloop
  endfacet
  facet normal -0 0 1
    outer loop
      vertex 73.591 51.359 4
      vertex 120 24.6 4
      vertex 73.7393 51.5226 4
    endloop
  endfacet
  facet normal -0 0 1
    outer loop
      vertex 73.4274 51.2107 4
      vertex 120 24.6 4
      vertex 73.591 51.359 4
    endloop
  endfacet
  facet normal -0 0 1
    outer loop
      vertex 73.25 51.0792 4
      vertex 120 24.6 4
      vertex 73.4274 51.2107 4
    endloop
  endfacet
  facet normal -0 0 1
    outer loop
      vertex 73.0606 50.9657 4
      vertex 120 24.6 4
      vertex 73.25 51.0792 4
    endloop
  endfacet
  facet normal -0 0 1
    outer loop
      vertex 72.861 50.8713 4
      vertex 120 24.6 4
      vertex 73.0606 50.9657 4
    endloop
  endfacet
  facet normal -0 0 1
    outer loop
      vertex 72.6531 50.7969 4
      vertex 120 24.6 4
      vertex 72.861 50.8713 4
    endloop
  endfacet
  facet normal -0 0 1
    outer loop
      vertex 72.4389 50.7432 4
      vertex 120 24.6 4
      vertex 72.6531 50.7969 4
    endloop
  endfacet
  facet normal -0 0 1
    outer loop
      vertex 72.2205 50.7108 4
      vertex 120 24.6 4
      vertex 72.4389 50.7432 4
    endloop
  endfacet
  facet normal -0 0 1
    outer loop
      vertex 72 50.7 4
      vertex 120 24.6 4
      vertex 72.2205 50.7108 4
    endloop
  endfacet
  facet normal 0 0 1
    outer loop
      vertex 24 24.6 4
      vertex 72 50.7 4
      vertex 71.7795 50.7108 4
    endloop
  endfacet
  facet normal 0 0 1
    outer loop
      vertex 24 24.6 4
      vertex 71.7795 50.7108 4
      vertex 71.5611 50.7432 4
    endloop
  endfacet
  facet normal 0 0 1
    outer loop
      vertex 24 24.6 4
      vertex 71.5611 50.7432 4
      vertex 71.3469 50.7969 4
    endloop
  endfacet
  facet normal 0 0 1
    outer loop
      vertex 24 24.6 4
      vertex 71.3469 50.7969 4
      vertex 71.139 50.8713 4
    endloop
  endfacet
  facet normal 0 0 1
    outer loop
      vertex 24 24.6 4
      vertex 71.139 50.8713 4
      vertex 70.9394 50.9657 4
    endloop
  endfacet
  facet normal 0 0 1
    outer loop
      vertex 69.7932 53.389 4
      vertex 63.2915 65.8918 4
      vertex 69.7608 53.1705 4
    endloop
  endfacet
  facet normal 0 0 1
    outer loop
      vertex 60.5195 66.8836 4
      vertex 69.7608 53.1705 4
      vertex 63.2915 65.8918 4
    endloop
  endfacet
  facet normal 0 0 1
    outer loop
      vertex 69.7608 53.1705 4
      vertex 60.5195 66.8836 4
      vertex 69.75 52.95 4
    endloop
  endfacet
  facet normal 0 0 1
    outer loop
      vertex 69.75 52.95 4
      vertex 60.5195 66.8836 4
      vertex 69.7608 52.7295 4
    endloop
  endfacet
  facet normal 0 0 1
    outer loop
      vertex 57.8581 68.1424 4
      vertex 69.7608 52.7295 4
      vertex 60.5195 66.8836 4
    endloop
  endfacet
  facet normal 0 0 1
    outer loop
      vertex 69.7608 52.7295 4
      vertex 57.8581 68.1424 4
      vertex 69.7932 52.511 4
    endloop
  endfacet
  facet normal 0 0 1
    outer loop
      vertex 69.7932 52.511 4
      vertex 57.8581 68.1424 4
      vertex 69.8469 52.2969 4
    endloop
  endfacet
  facet normal 0 0 1
    outer loop
      vertex 24 24.6 4
      vertex 69.8469 52.2969 4
      vertex 57.8581 68.1424 4
    endloop
  endfacet
  facet normal 0 0 1
    outer loop
      vertex 69.8469 52.2969 4
      vertex 24 24.6 4
      vertex 69.9213 52.089 4
    endloop
  endfacet
  facet normal 0 0 1
    outer loop
      vertex 69.9213 52.089 4
      vertex 24 24.6 4
      vertex 70.0157 51.8894 4
    endloop
  endfacet
  facet normal 0 0 1
    outer loop
      vertex 70.0157 51.8894 4
      vertex 24 24.6 4
      vertex 70.1292 51.7 4
    endloop
  endfacet
  facet normal 0 0 1
    outer loop
      vertex 24 24.6 4
      vertex 57.8581 68.1424 4
      vertex 55.3329 69.6559 4
    endloop
  endfacet
  facet normal 0 0 1
    outer loop
      vertex 19 29.6 4
      vertex 55.3329 69.6559 4
      vertex 52.9682 71.4097 4
    endloop
  endfacet
  facet normal 0 0 1
    outer loop
      vertex 19 29.6 4
      vertex 52.9682 71.4097 4
      vertex 50.7868 73.3868 4
    endloop
  endfacet
  facet normal 0 0 1
    outer loop
      vertex 19 29.6 4
      vertex 50.7868 73.3868 4
      vertex 48.8097 75.5682 4
    endloop
  endfacet
  facet normal 0 0 1
    outer loop
      vertex 42.1445 97.5405 4
      vertex 19 161.6 4
      vertex 42 94.6 4
    endloop
  endfacet
  facet normal 0 0 1
    outer loop
      vertex 19 29.6 4
      vertex 42 94.6 4
      vertex 19 161.6 4
    endloop
  endfacet
  facet normal 0 0 1
    outer loop
      vertex 72 50.7 4
      vertex 24 24.6 4
      vertex 120 24.6 4
    endloop
  endfacet
  facet normal 0 0 1
    outer loop
      vertex 70.75 51.0792 4
      vertex 24 24.6 4
      vertex 70.9394 50.9657 4
    endloop
  endfacet
  facet normal 0 0 1
    outer loop
      vertex 70.5726 51.2107 4
      vertex 24 24.6 4
      vertex 70.75 51.0792 4
    endloop
  endfacet
  facet normal 0 0 1
    outer loop
      vertex 70.409 51.359 4
      vertex 24 24.6 4
      vertex 70.5726 51.2107 4
    endloop
  endfacet
  facet normal 0 0 1
    outer loop
      vertex 70.2607 51.5226 4
      vertex 24 24.6 4
      vertex 70.409 51.359 4
    endloop
  endfacet
  facet normal 0 0 1
    outer loop
      vertex 70.1292 51.7 4
      vertex 24 24.6 4
      vertex 70.2607 51.5226 4
    endloop
  endfacet
  facet normal 0 0 1
    outer loop
      vertex 19 29.6 4
      vertex 48.8097 75.5682 4
      vertex 47.0559 77.9329 4
    endloop
  endfacet
  facet normal 0 0 1
    outer loop
      vertex 19 29.6 4
      vertex 47.0559 77.9329 4
      vertex 45.5424 80.4581 4
    endloop
  endfacet
  facet normal 0 0 1
    outer loop
      vertex 19 29.6 4
      vertex 45.5424 80.4581 4
      vertex 44.2836 83.1195 4
    endloop
  endfacet
  facet normal 0 0 1
    outer loop
      vertex 19 29.6 4
      vertex 44.2836 83.1195 4
      vertex 43.2918 85.8915 4
    endloop
  endfacet
  facet normal 0 0 1
    outer loop
      vertex 19 29.6 4
      vertex 43.2918 85.8915 4
      vertex 42.5764 88.7473 4
    endloop
  endfacet
  facet normal 0 0 1
    outer loop
      vertex 42 94.6 4
      vertex 19 29.6 4
      vertex 42.1445 91.6595 4
    endloop
  endfacet
  facet normal 0 0 1
    outer loop
      vertex 19 161.6 4
      vertex 24 166.6 4
      vertex 23.5099 166.576 4
    endloop
  endfacet
  facet normal 0 0 1
    outer loop
      vertex 42.1445 91.6595 4
      vertex 19 29.6 4
      vertex 42.5764 88.7473 4
    endloop
  endfacet
  facet normal 0 0 1
    outer loop
      vertex 19 161.6 4
      vertex 23.5099 166.576 4
      vertex 23.0246 166.504 4
    endloop
  endfacet
  facet normal 0 0 1
    outer loop
      vertex 55.3329 69.6559 4
      vertex 19 29.6 4
      vertex 24 24.6 4
    endloop
  endfacet
  facet normal 0 0 1
    outer loop
      vertex 19 161.6 4
      vertex 23.0246 166.504 4
      vertex 22.5486 166.385 4
    endloop
  endfacet
  facet normal 0 0 1
    outer loop
      vertex 24 24.6 4
      vertex 19 29.6 4
      vertex 23.5099 24.6241 4
    endloop
  endfacet
  facet normal 0 0 1
    outer loop
      vertex 19 161.6 4
      vertex 22.5486 166.385 4
      vertex 22.0866 166.219 4
    endloop
  endfacet
  facet normal 0 0 1
    outer loop
      vertex 23.5099 24.6241 4
      vertex 19 29.6 4
      vertex 23.0246 24.6961 4
    endloop
  endfacet
  facet normal 0 0 1
    outer loop
      vertex 19 161.6 4
      vertex 22.0866 166.219 4
      vertex 21.643 166.01 4
    endloop
  endfacet
  facet normal 0 0 1
    outer loop
      vertex 23.0246 24.6961 4
      vertex 19 29.6 4
      vertex 22.5486 24.8153 4
    endloop
  endfacet
  facet normal 0 0 1
    outer loop
      vertex 19 161.6 4
      vertex 21.643 166.01 4
      vertex 21.2222 165.757 4
    endloop
  endfacet
  facet normal 0 0 1
    outer loop
      vertex 22.5486 24.8153 4
      vertex 19 29.6 4
      vertex 22.0866 24.9806 4
    endloop
  endfacet
  facet normal 0 0 1
    outer loop
      vertex 19 161.6 4
      vertex 21.2222 165.757 4
      vertex 20.828 165.465 4
    endloop
  endfacet
  facet normal 0 0 1
    outer loop
      vertex 22.0866 24.9806 4
      vertex 19 29.6 4
      vertex 21.643 25.1904 4
    endloop
  endfacet
  facet normal 0 0 1
    outer loop
      vertex 19 161.6 4
      vertex 20.828 165.465 4
      vertex 20.4645 165.136 4
    endloop
  endfacet
  facet normal 0 0 1
    outer loop
      vertex 21.643 25.1904 4
      vertex 19 29.6 4
      vertex 21.2222 25.4427 4
    endloop
  endfacet
  facet normal 0 0 1
    outer loop
      vertex 19 161.6 4
      vertex 20.4645 165.136 4
      vertex 20.1349 164.772 4
    endloop
  endfacet
  facet normal 0 0 1
    outer loop
      vertex 21.2222 25.4427 4
      vertex 19 29.6 4
      vertex 20.828 25.7349 4
    endloop
  endfacet
  facet normal 0 0 1
    outer loop
      vertex 19 161.6 4
      vertex 20.1349 164.772 4
      vertex 19.8427 164.378 4
    endloop
  endfacet
  facet normal 0 0 1
    outer loop
      vertex 20.828 25.7349 4
      vertex 19 29.6 4
      vertex 20.4645 26.0645 4
    endloop
  endfacet
  facet normal 0 0 1
    outer loop
      vertex 19 161.6 4
      vertex 19.8427 164.378 4
      vertex 19.5904 163.957 4
    endloop
  endfacet
  facet normal 0 0 1
    outer loop
      vertex 20.4645 26.0645 4
      vertex 19 29.6 4
      vertex 20.1349 26.428 4
    endloop
  endfacet
  facet normal 0 0 1
    outer loop
      vertex 19 161.6 4
      vertex 19.5904 163.957 4
      vertex 19.3806 163.513 4
    endloop
  endfacet
  facet normal 0 0 1
    outer loop
      vertex 20.1349 26.428 4
      vertex 19 29.6 4
      vertex 19.8427 26.8222 4
    endloop
  endfacet
  facet normal 0 0 1
    outer loop
      vertex 19 161.6 4
      vertex 19.3806 163.513 4
      vertex 19.2153 163.051 4
    endloop
  endfacet
  facet normal 0 0 1
    outer loop
      vertex 19.8427 26.8222 4
      vertex 19 29.6 4
      vertex 19.5904 27.243 4
    endloop
  endfacet
  facet normal 0 0 1
    outer loop
      vertex 19 161.6 4
      vertex 19.2153 163.051 4
      vertex 19.0961 162.575 4
    endloop
  endfacet
  facet normal 0 0 1
    outer loop
      vertex 19.5904 27.243 4
      vertex 19 29.6 4
      vertex 19.3806 27.6866 4
    endloop
  endfacet
  facet normal 0 0 1
    outer loop
      vertex 19 161.6 4
      vertex 19.0961 162.575 4
      vertex 19.0241 162.09 4
    endloop
  endfacet
  facet normal 0 0 1
    outer loop
      vertex 19.3806 27.6866 4
      vertex 19 29.6 4
      vertex 19.2153 28.1486 4
    endloop
  endfacet
  facet normal 0 0 1
    outer loop
      vertex 19.2153 28.1486 4
      vertex 19 29.6 4
      vertex 19.0961 28.6246 4
    endloop
  endfacet
  facet normal 0 0 1
    outer loop
      vertex 19.0961 28.6246 4
      vertex 19 29.6 4
      vertex 19.0241 29.1099 4
    endloop
  endfacet
  facet normal -0 0 1
    outer loop
      vertex 74.1531 135.597 4
      vertex 80.7085 123.308 4
      vertex 74.2068 135.811 4
    endloop
  endfacet
  facet normal -0 0 1
    outer loop
      vertex 74.0787 135.389 4
      vertex 80.7085 123.308 4
      vertex 74.1531 135.597 4
    endloop
  endfacet
  facet normal -0 0 1
    outer loop
      vertex 73.9843 135.189 4
      vertex 80.7085 123.308 4
      vertex 74.0787 135.389 4
    endloop
  endfacet
  facet normal 0 0 1
    outer loop
      vertex 80.7085 123.308 4
      vertex 73.9843 135.189 4
      vertex 77.8527 124.024 4
    endloop
  endfacet
  facet normal -0 0 1
    outer loop
      vertex 73.8708 135 4
      vertex 77.8527 124.024 4
      vertex 73.9843 135.189 4
    endloop
  endfacet
  facet normal -0 0 1
    outer loop
      vertex 73.7393 134.823 4
      vertex 77.8527 124.024 4
      vertex 73.8708 135 4
    endloop
  endfacet
  facet normal -0 0 1
    outer loop
      vertex 73.591 134.659 4
      vertex 77.8527 124.024 4
      vertex 73.7393 134.823 4
    endloop
  endfacet
  facet normal -0 0 1
    outer loop
      vertex 73.4274 134.511 4
      vertex 77.8527 124.024 4
      vertex 73.591 134.659 4
    endloop
  endfacet
  facet normal 0 0 1
    outer loop
      vertex 77.8527 124.024 4
      vertex 73.4274 134.511 4
      vertex 74.9405 124.456 4
    endloop
  endfacet
  facet normal -0 0 1
    outer loop
      vertex 73.25 134.379 4
      vertex 74.9405 124.456 4
      vertex 73.4274 134.511 4
    endloop
  endfacet
  facet normal -0 0 1
    outer loop
      vertex 73.0606 134.266 4
      vertex 74.9405 124.456 4
      vertex 73.25 134.379 4
    endloop
  endfacet
  facet normal -0 0 1
    outer loop
      vertex 72.861 134.171 4
      vertex 74.9405 124.456 4
      vertex 73.0606 134.266 4
    endloop
  endfacet
  facet normal -0 0 1
    outer loop
      vertex 72.6531 134.097 4
      vertex 74.9405 124.456 4
      vertex 72.861 134.171 4
    endloop
  endfacet
  facet normal -0 0 1
    outer loop
      vertex 72.4389 134.043 4
      vertex 74.9405 124.456 4
      vertex 72.6531 134.097 4
    endloop
  endfacet
  facet normal 0 0 1
    outer loop
      vertex 72 124.6 4
      vertex 72.4389 134.043 4
      vertex 72.2205 134.011 4
    endloop
  endfacet
  facet normal 0 0 1
    outer loop
      vertex 72 124.6 4
      vertex 72.2205 134.011 4
      vertex 72 134 4
    endloop
  endfacet
  facet normal 0 0 1
    outer loop
      vertex 72.4389 134.043 4
      vertex 72 124.6 4
      vertex 74.9405 124.456 4
    endloop
  endfacet
  facet normal 0 0 1
    outer loop
      vertex 71.7795 134.011 4
      vertex 72 124.6 4
      vertex 72 134 4
    endloop
  endfacet
  facet normal 0 0 1
    outer loop
      vertex 71.5611 134.043 4
      vertex 72 124.6 4
      vertex 71.7795 134.011 4
    endloop
  endfacet
  facet normal 0 0 1
    outer loop
      vertex 71.3469 134.097 4
      vertex 72 124.6 4
      vertex 71.5611 134.043 4
    endloop
  endfacet
  facet normal 0 0 1
    outer loop
      vertex 69.0595 124.456 4
      vertex 71.3469 134.097 4
      vertex 71.139 134.171 4
    endloop
  endfacet
  facet normal 0 0 1
    outer loop
      vertex 69.0595 124.456 4
      vertex 71.139 134.171 4
      vertex 70.9394 134.266 4
    endloop
  endfacet
  facet normal 0 0 1
    outer loop
      vertex 69.0595 124.456 4
      vertex 70.9394 134.266 4
      vertex 70.75 134.379 4
    endloop
  endfacet
  facet normal 0 0 1
    outer loop
      vertex 69.0595 124.456 4
      vertex 70.75 134.379 4
      vertex 70.5726 134.511 4
    endloop
  endfacet
  facet normal 0 0 1
    outer loop
      vertex 69.0595 124.456 4
      vertex 70.5726 134.511 4
      vertex 70.409 134.659 4
    endloop
  endfacet
  facet normal 0 0 1
    outer loop
      vertex 69.0595 124.456 4
      vertex 70.409 134.659 4
      vertex 70.2607 134.823 4
    endloop
  endfacet
  facet normal 0 0 1
    outer loop
      vertex 69.0595 124.456 4
      vertex 70.2607 134.823 4
      vertex 70.1292 135 4
    endloop
  endfacet
  facet normal 0 0 1
    outer loop
      vertex 69.0595 124.456 4
      vertex 70.1292 135 4
      vertex 70.0157 135.189 4
    endloop
  endfacet
  facet normal 0 0 1
    outer loop
      vertex 69.0595 124.456 4
      vertex 70.0157 135.189 4
      vertex 69.9213 135.389 4
    endloop
  endfacet
  facet normal 0 0 1
    outer loop
      vertex 69.0595 124.456 4
      vertex 69.9213 135.389 4
      vertex 69.8469 135.597 4
    endloop
  endfacet
  facet normal 0 0 1
    outer loop
      vertex 69.0595 124.456 4
      vertex 69.8469 135.597 4
      vertex 69.7932 135.811 4
    endloop
  endfacet
  facet normal 0 0 1
    outer loop
      vertex 71.3469 134.097 4
      vertex 69.0595 124.456 4
      vertex 72 124.6 4
    endloop
  endfacet
  facet normal 0 0 1
    outer loop
      vertex 69.7608 136.029 4
      vertex 69.0595 124.456 4
      vertex 69.7932 135.811 4
    endloop
  endfacet
  facet normal 0 0 1
    outer loop
      vertex 69.0595 124.456 4
      vertex 69.7608 136.029 4
      vertex 69.75 136.25 4
    endloop
  endfacet
  facet normal 0.146659 -0.989187 0
    outer loop
      vertex 120.784 21.6385 4
      vertex 121.561 21.7537 5.2
      vertex 120.784 21.6385 5.2
    endloop
  endfacet
  facet normal 0.146659 -0.989187 0
    outer loop
      vertex 121.561 21.7537 5.2
      vertex 120.784 21.6385 4
      vertex 121.561 21.7537 4
    endloop
  endfacet
  facet normal 0.427342 -0.90409 0
    outer loop
      vertex 123.061 22.209 4
      vertex 123.771 22.5446 5.2
      vertex 123.061 22.209 5.2
    endloop
  endfacet
  facet normal 0.427342 -0.90409 0
    outer loop
      vertex 123.771 22.5446 5.2
      vertex 123.061 22.209 4
      vertex 123.771 22.5446 4
    endloop
  endfacet
  facet normal -0.427489 -0.90402 0
    outer loop
      vertex 20.2288 22.5446 4
      vertex 20.9385 22.209 5.2
      vertex 20.2288 22.5446 5.2
    endloop
  endfacet
  facet normal -0.427489 -0.90402 -0
    outer loop
      vertex 20.9385 22.209 5.2
      vertex 20.2288 22.5446 4
      vertex 20.9385 22.209 4
    endloop
  endfacet
  facet normal 0.998765 0.0496835 0
    outer loop
      vertex 128 161.6 5.2
      vertex 127.961 162.384 4
      vertex 127.961 162.384 5.2
    endloop
  endfacet
  facet normal 0.998765 0.0496835 0
    outer loop
      vertex 127.961 162.384 4
      vertex 128 161.6 5.2
      vertex 128 161.6 4
    endloop
  endfacet
  facet normal -0.242056 0.970262 0
    outer loop
      vertex 22.4393 169.446 4
      vertex 21.6777 169.256 5.2
      vertex 22.4393 169.446 5.2
    endloop
  endfacet
  facet normal -0.242056 0.970262 0
    outer loop
      vertex 21.6777 169.256 5.2
      vertex 22.4393 169.446 4
      vertex 21.6777 169.256 4
    endloop
  endfacet
  facet normal 0.596078 -0.802927 0
    outer loop
      vertex 124.445 22.9482 4
      vertex 125.075 23.4159 5.2
      vertex 124.445 22.9482 5.2
    endloop
  endfacet
  facet normal 0.596078 -0.802927 0
    outer loop
      vertex 125.075 23.4159 5.2
      vertex 124.445 22.9482 4
      vertex 125.075 23.4159 4
    endloop
  endfacet
  facet normal -0.989187 0.146659 0
    outer loop
      vertex 16.0385 162.384 4
      vertex 16.1537 163.161 5.2
      vertex 16.1537 163.161 4
    endloop
  endfacet
  facet normal -0.989187 0.146659 0
    outer loop
      vertex 16.1537 163.161 5.2
      vertex 16.0385 162.384 4
      vertex 16.0385 162.384 5.2
    endloop
  endfacet
  facet normal -0.998796 0.049048 0
    outer loop
      vertex 16 161.6 4
      vertex 16.0385 162.384 5.2
      vertex 16.0385 162.384 4
    endloop
  endfacet
  facet normal -0.998796 0.049048 0
    outer loop
      vertex 16.0385 162.384 5.2
      vertex 16 161.6 4
      vertex 16 161.6 5.2
    endloop
  endfacet
  facet normal 0.802744 0.596324 0
    outer loop
      vertex 126.652 166.045 5.2
      vertex 126.184 166.675 4
      vertex 126.184 166.675 5.2
    endloop
  endfacet
  facet normal 0.802744 0.596324 0
    outer loop
      vertex 126.184 166.675 4
      vertex 126.652 166.045 5.2
      vertex 126.652 166.045 4
    endloop
  endfacet
  facet normal 0.903893 0.427758 0
    outer loop
      vertex 127.391 164.661 5.2
      vertex 127.055 165.371 4
      vertex 127.055 165.371 5.2
    endloop
  endfacet
  facet normal 0.903893 0.427758 0
    outer loop
      vertex 127.055 165.371 4
      vertex 127.391 164.661 5.2
      vertex 127.391 164.661 4
    endloop
  endfacet
  facet normal -0.85774 -0.514084 0
    outer loop
      vertex 17.3482 25.1554 4
      vertex 16.9446 25.8288 5.2
      vertex 16.9446 25.8288 4
    endloop
  endfacet
  facet normal -0.85774 -0.514084 0
    outer loop
      vertex 16.9446 25.8288 5.2
      vertex 17.3482 25.1554 4
      vertex 17.3482 25.1554 5.2
    endloop
  endfacet
  facet normal -0.146484 0.989213 0
    outer loop
      vertex 23.2159 169.561 4
      vertex 22.4393 169.446 5.2
      vertex 23.2159 169.561 5.2
    endloop
  endfacet
  facet normal -0.146484 0.989213 0
    outer loop
      vertex 22.4393 169.446 5.2
      vertex 23.2159 169.561 4
      vertex 22.4393 169.446 4
    endloop
  endfacet
  facet normal -0.94154 -0.336901 0
    outer loop
      vertex 16.609 26.5385 4
      vertex 16.3445 27.2777 5.2
      vertex 16.3445 27.2777 4
    endloop
  endfacet
  facet normal -0.94154 -0.336901 0
    outer loop
      vertex 16.3445 27.2777 5.2
      vertex 16.609 26.5385 4
      vertex 16.609 26.5385 5.2
    endloop
  endfacet
  facet normal -0.857942 0.513747 0
    outer loop
      vertex 16.9446 165.371 4
      vertex 17.3482 166.045 5.2
      vertex 17.3482 166.045 4
    endloop
  endfacet
  facet normal -0.857942 0.513747 0
    outer loop
      vertex 17.3482 166.045 5.2
      vertex 16.9446 165.371 4
      vertex 16.9446 165.371 5.2
    endloop
  endfacet
  facet normal 0.989213 -0.146484 0
    outer loop
      vertex 127.846 28.0393 5.2
      vertex 127.961 28.8159 4
      vertex 127.961 28.8159 5.2
    endloop
  endfacet
  facet normal 0.989213 -0.146484 0
    outer loop
      vertex 127.961 28.8159 4
      vertex 127.846 28.0393 5.2
      vertex 127.846 28.0393 4
    endloop
  endfacet
  facet normal -0.969977 0.243195 0
    outer loop
      vertex 16.1537 163.161 4
      vertex 16.3445 163.922 5.2
      vertex 16.3445 163.922 4
    endloop
  endfacet
  facet normal -0.969977 0.243195 0
    outer loop
      vertex 16.3445 163.922 5.2
      vertex 16.1537 163.161 4
      vertex 16.1537 163.161 5.2
    endloop
  endfacet
  facet normal 0.741264 0.671213 0
    outer loop
      vertex 126.184 166.675 5.2
      vertex 125.657 167.257 4
      vertex 125.657 167.257 5.2
    endloop
  endfacet
  facet normal 0.741264 0.671213 0
    outer loop
      vertex 125.657 167.257 4
      vertex 126.184 166.675 5.2
      vertex 126.184 166.675 4
    endloop
  endfacet
  facet normal 0.989224 0.14641 0
    outer loop
      vertex 127.961 162.384 5.2
      vertex 127.846 163.161 4
      vertex 127.846 163.161 5.2
    endloop
  endfacet
  facet normal 0.989224 0.14641 0
    outer loop
      vertex 127.846 163.161 4
      vertex 127.961 162.384 5.2
      vertex 127.961 162.384 4
    endloop
  endfacet
  facet normal 0 0 1
    outer loop
      vertex 125 161.6 5.2
      vertex 128 161.6 5.2
      vertex 127.961 162.384 5.2
    endloop
  endfacet
  facet normal 0 0 1
    outer loop
      vertex 128 161.6 5.2
      vertex 125 161.6 5.2
      vertex 128 29.6 5.2
    endloop
  endfacet
  facet normal 0 0 1
    outer loop
      vertex 124.976 162.09 5.2
      vertex 127.961 162.384 5.2
      vertex 127.846 163.161 5.2
    endloop
  endfacet
  facet normal 0 0 1
    outer loop
      vertex 125 29.6 5.2
      vertex 128 29.6 5.2
      vertex 125 161.6 5.2
    endloop
  endfacet
  facet normal 0 0 1
    outer loop
      vertex 124.904 162.575 5.2
      vertex 127.846 163.161 5.2
      vertex 127.656 163.922 5.2
    endloop
  endfacet
  facet normal 0 0 1
    outer loop
      vertex 128 29.6 5.2
      vertex 125 29.6 5.2
      vertex 127.961 28.8159 5.2
    endloop
  endfacet
  facet normal 0 0 1
    outer loop
      vertex 124.785 163.051 5.2
      vertex 127.656 163.922 5.2
      vertex 127.391 164.661 5.2
    endloop
  endfacet
  facet normal -0 0 1
    outer loop
      vertex 124.976 29.1099 5.2
      vertex 127.961 28.8159 5.2
      vertex 125 29.6 5.2
    endloop
  endfacet
  facet normal 0 0 1
    outer loop
      vertex 124.619 163.513 5.2
      vertex 127.391 164.661 5.2
      vertex 127.055 165.371 5.2
    endloop
  endfacet
  facet normal 0 0 1
    outer loop
      vertex 127.961 28.8159 5.2
      vertex 124.976 29.1099 5.2
      vertex 127.846 28.0393 5.2
    endloop
  endfacet
  facet normal 0 0 1
    outer loop
      vertex 124.41 163.957 5.2
      vertex 127.055 165.371 5.2
      vertex 126.652 166.045 5.2
    endloop
  endfacet
  facet normal -0 0 1
    outer loop
      vertex 124.904 28.6246 5.2
      vertex 127.846 28.0393 5.2
      vertex 124.976 29.1099 5.2
    endloop
  endfacet
  facet normal 0 0 1
    outer loop
      vertex 124.157 164.378 5.2
      vertex 126.652 166.045 5.2
      vertex 126.184 166.675 5.2
    endloop
  endfacet
  facet normal 0 0 1
    outer loop
      vertex 127.846 28.0393 5.2
      vertex 124.904 28.6246 5.2
      vertex 127.656 27.2777 5.2
    endloop
  endfacet
  facet normal 0 0 1
    outer loop
      vertex 123.865 164.772 5.2
      vertex 126.184 166.675 5.2
      vertex 125.657 167.257 5.2
    endloop
  endfacet
  facet normal -0 0 1
    outer loop
      vertex 124.785 28.1486 5.2
      vertex 127.656 27.2777 5.2
      vertex 124.904 28.6246 5.2
    endloop
  endfacet
  facet normal 0 0 1
    outer loop
      vertex 123.536 165.136 5.2
      vertex 125.657 167.257 5.2
      vertex 125.075 167.784 5.2
    endloop
  endfacet
  facet normal 0 0 1
    outer loop
      vertex 127.656 27.2777 5.2
      vertex 124.785 28.1486 5.2
      vertex 127.391 26.5385 5.2
    endloop
  endfacet
  facet normal -0 0 1
    outer loop
      vertex 124.619 27.6866 5.2
      vertex 127.391 26.5385 5.2
      vertex 124.785 28.1486 5.2
    endloop
  endfacet
  facet normal 0 0 1
    outer loop
      vertex 127.961 162.384 5.2
      vertex 124.976 162.09 5.2
      vertex 125 161.6 5.2
    endloop
  endfacet
  facet normal 0 0 1
    outer loop
      vertex 127.846 163.161 5.2
      vertex 124.904 162.575 5.2
      vertex 124.976 162.09 5.2
    endloop
  endfacet
  facet normal 0 0 1
    outer loop
      vertex 127.656 163.922 5.2
      vertex 124.785 163.051 5.2
      vertex 124.904 162.575 5.2
    endloop
  endfacet
  facet normal 0 0 1
    outer loop
      vertex 127.391 164.661 5.2
      vertex 124.619 163.513 5.2
      vertex 124.785 163.051 5.2
    endloop
  endfacet
  facet normal 0 0 1
    outer loop
      vertex 123.172 165.465 5.2
      vertex 125.075 167.784 5.2
      vertex 124.445 168.252 5.2
    endloop
  endfacet
  facet normal 0 0 1
    outer loop
      vertex 127.055 165.371 5.2
      vertex 124.41 163.957 5.2
      vertex 124.619 163.513 5.2
    endloop
  endfacet
  facet normal 0 0 1
    outer loop
      vertex 126.652 166.045 5.2
      vertex 124.157 164.378 5.2
      vertex 124.41 163.957 5.2
    endloop
  endfacet
  facet normal 0 0 1
    outer loop
      vertex 126.184 166.675 5.2
      vertex 123.865 164.772 5.2
      vertex 124.157 164.378 5.2
    endloop
  endfacet
  facet normal 0 0 1
    outer loop
      vertex 122.778 165.757 5.2
      vertex 124.445 168.252 5.2
      vertex 123.771 168.655 5.2
    endloop
  endfacet
  facet normal 0 0 1
    outer loop
      vertex 125.657 167.257 5.2
      vertex 123.536 165.136 5.2
      vertex 123.865 164.772 5.2
    endloop
  endfacet
  facet normal 0 0 1
    outer loop
      vertex 125.075 167.784 5.2
      vertex 123.172 165.465 5.2
      vertex 123.536 165.136 5.2
    endloop
  endfacet
  facet normal 0 0 1
    outer loop
      vertex 122.357 166.01 5.2
      vertex 123.771 168.655 5.2
      vertex 123.061 168.991 5.2
    endloop
  endfacet
  facet normal 0 0 1
    outer loop
      vertex 124.445 168.252 5.2
      vertex 122.778 165.757 5.2
      vertex 123.172 165.465 5.2
    endloop
  endfacet
  facet normal 0 0 1
    outer loop
      vertex 123.771 168.655 5.2
      vertex 122.357 166.01 5.2
      vertex 122.778 165.757 5.2
    endloop
  endfacet
  facet normal 0 0 1
    outer loop
      vertex 121.913 166.219 5.2
      vertex 123.061 168.991 5.2
      vertex 122.322 169.256 5.2
    endloop
  endfacet
  facet normal 0 0 1
    outer loop
      vertex 123.061 168.991 5.2
      vertex 121.913 166.219 5.2
      vertex 122.357 166.01 5.2
    endloop
  endfacet
  facet normal 0 0 1
    outer loop
      vertex 121.451 166.385 5.2
      vertex 122.322 169.256 5.2
      vertex 121.561 169.446 5.2
    endloop
  endfacet
  facet normal 0 0 1
    outer loop
      vertex 122.322 169.256 5.2
      vertex 121.451 166.385 5.2
      vertex 121.913 166.219 5.2
    endloop
  endfacet
  facet normal 0 0 1
    outer loop
      vertex 121.561 169.446 5.2
      vertex 120.975 166.504 5.2
      vertex 121.451 166.385 5.2
    endloop
  endfacet
  facet normal 0 0 1
    outer loop
      vertex 120.784 169.561 5.2
      vertex 120.975 166.504 5.2
      vertex 121.561 169.446 5.2
    endloop
  endfacet
  facet normal 0 0 1
    outer loop
      vertex 120.784 169.561 5.2
      vertex 120.49 166.576 5.2
      vertex 120.975 166.504 5.2
    endloop
  endfacet
  facet normal 0 0 1
    outer loop
      vertex 120 169.6 5.2
      vertex 120.49 166.576 5.2
      vertex 120.784 169.561 5.2
    endloop
  endfacet
  facet normal 0 0 1
    outer loop
      vertex 120 169.6 5.2
      vertex 120 166.6 5.2
      vertex 120.49 166.576 5.2
    endloop
  endfacet
  facet normal -0 0 1
    outer loop
      vertex 24 169.6 5.2
      vertex 120 166.6 5.2
      vertex 120 169.6 5.2
    endloop
  endfacet
  facet normal 0 0 1
    outer loop
      vertex 24 169.6 5.2
      vertex 24 166.6 5.2
      vertex 120 166.6 5.2
    endloop
  endfacet
  facet normal 0 0 1
    outer loop
      vertex 24 169.6 5.2
      vertex 23.5099 166.576 5.2
      vertex 24 166.6 5.2
    endloop
  endfacet
  facet normal -0 0 1
    outer loop
      vertex 23.2159 169.561 5.2
      vertex 23.5099 166.576 5.2
      vertex 24 169.6 5.2
    endloop
  endfacet
  facet normal 0 0 1
    outer loop
      vertex 23.2159 169.561 5.2
      vertex 23.0246 166.504 5.2
      vertex 23.5099 166.576 5.2
    endloop
  endfacet
  facet normal -0 0 1
    outer loop
      vertex 22.4393 169.446 5.2
      vertex 23.0246 166.504 5.2
      vertex 23.2159 169.561 5.2
    endloop
  endfacet
  facet normal 0 0 1
    outer loop
      vertex 23.0246 166.504 5.2
      vertex 22.4393 169.446 5.2
      vertex 22.5486 166.385 5.2
    endloop
  endfacet
  facet normal -0 0 1
    outer loop
      vertex 21.6777 169.256 5.2
      vertex 22.5486 166.385 5.2
      vertex 22.4393 169.446 5.2
    endloop
  endfacet
  facet normal 0 0 1
    outer loop
      vertex 22.5486 166.385 5.2
      vertex 21.6777 169.256 5.2
      vertex 22.0866 166.219 5.2
    endloop
  endfacet
  facet normal -0 0 1
    outer loop
      vertex 20.9385 168.991 5.2
      vertex 22.0866 166.219 5.2
      vertex 21.6777 169.256 5.2
    endloop
  endfacet
  facet normal 0 0 1
    outer loop
      vertex 22.0866 166.219 5.2
      vertex 20.9385 168.991 5.2
      vertex 21.643 166.01 5.2
    endloop
  endfacet
  facet normal -0 0 1
    outer loop
      vertex 20.2288 168.655 5.2
      vertex 21.643 166.01 5.2
      vertex 20.9385 168.991 5.2
    endloop
  endfacet
  facet normal 0 0 1
    outer loop
      vertex 21.643 166.01 5.2
      vertex 20.2288 168.655 5.2
      vertex 21.2222 165.757 5.2
    endloop
  endfacet
  facet normal -0 0 1
    outer loop
      vertex 19.5554 168.252 5.2
      vertex 21.2222 165.757 5.2
      vertex 20.2288 168.655 5.2
    endloop
  endfacet
  facet normal 0 0 1
    outer loop
      vertex 21.2222 165.757 5.2
      vertex 19.5554 168.252 5.2
      vertex 20.828 165.465 5.2
    endloop
  endfacet
  facet normal -0 0 1
    outer loop
      vertex 18.9249 167.784 5.2
      vertex 20.828 165.465 5.2
      vertex 19.5554 168.252 5.2
    endloop
  endfacet
  facet normal 0 0 1
    outer loop
      vertex 20.828 165.465 5.2
      vertex 18.9249 167.784 5.2
      vertex 20.4645 165.136 5.2
    endloop
  endfacet
  facet normal -0 0 1
    outer loop
      vertex 18.3431 167.257 5.2
      vertex 20.4645 165.136 5.2
      vertex 18.9249 167.784 5.2
    endloop
  endfacet
  facet normal 0 0 1
    outer loop
      vertex 20.4645 165.136 5.2
      vertex 18.3431 167.257 5.2
      vertex 20.1349 164.772 5.2
    endloop
  endfacet
  facet normal -0 0 1
    outer loop
      vertex 17.8159 166.675 5.2
      vertex 20.1349 164.772 5.2
      vertex 18.3431 167.257 5.2
    endloop
  endfacet
  facet normal 0 0 1
    outer loop
      vertex 20.1349 164.772 5.2
      vertex 17.8159 166.675 5.2
      vertex 19.8427 164.378 5.2
    endloop
  endfacet
  facet normal -0 0 1
    outer loop
      vertex 17.3482 166.045 5.2
      vertex 19.8427 164.378 5.2
      vertex 17.8159 166.675 5.2
    endloop
  endfacet
  facet normal 0 0 1
    outer loop
      vertex 19.8427 164.378 5.2
      vertex 17.3482 166.045 5.2
      vertex 19.5904 163.957 5.2
    endloop
  endfacet
  facet normal -0 0 1
    outer loop
      vertex 16.609 164.661 5.2
      vertex 19.3806 163.513 5.2
      vertex 16.9446 165.371 5.2
    endloop
  endfacet
  facet normal 0 0 1
    outer loop
      vertex 19.5904 163.957 5.2
      vertex 16.9446 165.371 5.2
      vertex 19.3806 163.513 5.2
    endloop
  endfacet
  facet normal -0 0 1
    outer loop
      vertex 16.9446 165.371 5.2
      vertex 19.5904 163.957 5.2
      vertex 17.3482 166.045 5.2
    endloop
  endfacet
  facet normal 0 0 1
    outer loop
      vertex 127.391 26.5385 5.2
      vertex 124.619 27.6866 5.2
      vertex 127.055 25.8288 5.2
    endloop
  endfacet
  facet normal -0 0 1
    outer loop
      vertex 124.41 27.243 5.2
      vertex 127.055 25.8288 5.2
      vertex 124.619 27.6866 5.2
    endloop
  endfacet
  facet normal 0 0 1
    outer loop
      vertex 127.055 25.8288 5.2
      vertex 124.41 27.243 5.2
      vertex 126.652 25.1554 5.2
    endloop
  endfacet
  facet normal -0 0 1
    outer loop
      vertex 124.157 26.8222 5.2
      vertex 126.652 25.1554 5.2
      vertex 124.41 27.243 5.2
    endloop
  endfacet
  facet normal 0 0 1
    outer loop
      vertex 126.652 25.1554 5.2
      vertex 124.157 26.8222 5.2
      vertex 126.184 24.5249 5.2
    endloop
  endfacet
  facet normal -0 0 1
    outer loop
      vertex 123.865 26.428 5.2
      vertex 126.184 24.5249 5.2
      vertex 124.157 26.8222 5.2
    endloop
  endfacet
  facet normal 0 0 1
    outer loop
      vertex 126.184 24.5249 5.2
      vertex 123.865 26.428 5.2
      vertex 125.657 23.9431 5.2
    endloop
  endfacet
  facet normal -0 0 1
    outer loop
      vertex 123.536 26.0645 5.2
      vertex 125.657 23.9431 5.2
      vertex 123.865 26.428 5.2
    endloop
  endfacet
  facet normal 0 0 1
    outer loop
      vertex 125.657 23.9431 5.2
      vertex 123.536 26.0645 5.2
      vertex 125.075 23.4159 5.2
    endloop
  endfacet
  facet normal -0 0 1
    outer loop
      vertex 123.172 25.7349 5.2
      vertex 125.075 23.4159 5.2
      vertex 123.536 26.0645 5.2
    endloop
  endfacet
  facet normal 0 0 1
    outer loop
      vertex 125.075 23.4159 5.2
      vertex 123.172 25.7349 5.2
      vertex 124.445 22.9482 5.2
    endloop
  endfacet
  facet normal -0 0 1
    outer loop
      vertex 122.778 25.4427 5.2
      vertex 124.445 22.9482 5.2
      vertex 123.172 25.7349 5.2
    endloop
  endfacet
  facet normal 0 0 1
    outer loop
      vertex 124.445 22.9482 5.2
      vertex 122.778 25.4427 5.2
      vertex 123.771 22.5446 5.2
    endloop
  endfacet
  facet normal -0 0 1
    outer loop
      vertex 122.357 25.1904 5.2
      vertex 123.771 22.5446 5.2
      vertex 122.778 25.4427 5.2
    endloop
  endfacet
  facet normal 0 0 1
    outer loop
      vertex 123.771 22.5446 5.2
      vertex 122.357 25.1904 5.2
      vertex 123.061 22.209 5.2
    endloop
  endfacet
  facet normal -0 0 1
    outer loop
      vertex 121.913 24.9806 5.2
      vertex 123.061 22.209 5.2
      vertex 122.357 25.1904 5.2
    endloop
  endfacet
  facet normal 0 0 1
    outer loop
      vertex 123.061 22.209 5.2
      vertex 121.913 24.9806 5.2
      vertex 122.322 21.9445 5.2
    endloop
  endfacet
  facet normal -0 0 1
    outer loop
      vertex 121.451 24.8153 5.2
      vertex 122.322 21.9445 5.2
      vertex 121.913 24.9806 5.2
    endloop
  endfacet
  facet normal 0 0 1
    outer loop
      vertex 122.322 21.9445 5.2
      vertex 121.451 24.8153 5.2
      vertex 121.561 21.7537 5.2
    endloop
  endfacet
  facet normal -0 0 1
    outer loop
      vertex 120.975 24.6961 5.2
      vertex 121.561 21.7537 5.2
      vertex 121.451 24.8153 5.2
    endloop
  endfacet
  facet normal 0 0 1
    outer loop
      vertex 120.975 24.6961 5.2
      vertex 120.784 21.6385 5.2
      vertex 121.561 21.7537 5.2
    endloop
  endfacet
  facet normal -0 0 1
    outer loop
      vertex 120.49 24.6241 5.2
      vertex 120.784 21.6385 5.2
      vertex 120.975 24.6961 5.2
    endloop
  endfacet
  facet normal -0 0 1
    outer loop
      vertex 120 24.6 5.2
      vertex 120.784 21.6385 5.2
      vertex 120.49 24.6241 5.2
    endloop
  endfacet
  facet normal 0 0 1
    outer loop
      vertex 120 24.6 5.2
      vertex 120 21.6 5.2
      vertex 120.784 21.6385 5.2
    endloop
  endfacet
  facet normal -0 0 1
    outer loop
      vertex 24 24.6 5.2
      vertex 120 21.6 5.2
      vertex 120 24.6 5.2
    endloop
  endfacet
  facet normal 0 0 1
    outer loop
      vertex 24 24.6 5.2
      vertex 24 21.6 5.2
      vertex 120 21.6 5.2
    endloop
  endfacet
  facet normal 0 0 1
    outer loop
      vertex 23.5099 24.6241 5.2
      vertex 24 21.6 5.2
      vertex 24 24.6 5.2
    endloop
  endfacet
  facet normal 0 0 1
    outer loop
      vertex 23.5099 24.6241 5.2
      vertex 23.2159 21.6385 5.2
      vertex 24 21.6 5.2
    endloop
  endfacet
  facet normal 0 0 1
    outer loop
      vertex 23.0246 24.6961 5.2
      vertex 23.2159 21.6385 5.2
      vertex 23.5099 24.6241 5.2
    endloop
  endfacet
  facet normal 0 0 1
    outer loop
      vertex 22.4393 21.7537 5.2
      vertex 23.0246 24.6961 5.2
      vertex 22.5486 24.8153 5.2
    endloop
  endfacet
  facet normal 0 0 1
    outer loop
      vertex 23.0246 24.6961 5.2
      vertex 22.4393 21.7537 5.2
      vertex 23.2159 21.6385 5.2
    endloop
  endfacet
  facet normal 0 0 1
    outer loop
      vertex 21.6777 21.9445 5.2
      vertex 22.5486 24.8153 5.2
      vertex 22.0866 24.9806 5.2
    endloop
  endfacet
  facet normal 0 0 1
    outer loop
      vertex 22.5486 24.8153 5.2
      vertex 21.6777 21.9445 5.2
      vertex 22.4393 21.7537 5.2
    endloop
  endfacet
  facet normal 0 0 1
    outer loop
      vertex 20.9385 22.209 5.2
      vertex 22.0866 24.9806 5.2
      vertex 21.643 25.1904 5.2
    endloop
  endfacet
  facet normal 0 0 1
    outer loop
      vertex 20.2288 22.5446 5.2
      vertex 21.643 25.1904 5.2
      vertex 21.2222 25.4427 5.2
    endloop
  endfacet
  facet normal 0 0 1
    outer loop
      vertex 22.0866 24.9806 5.2
      vertex 20.9385 22.209 5.2
      vertex 21.6777 21.9445 5.2
    endloop
  endfacet
  facet normal 0 0 1
    outer loop
      vertex 19.5554 22.9482 5.2
      vertex 21.2222 25.4427 5.2
      vertex 20.828 25.7349 5.2
    endloop
  endfacet
  facet normal 0 0 1
    outer loop
      vertex 18.9249 23.4159 5.2
      vertex 20.828 25.7349 5.2
      vertex 20.4645 26.0645 5.2
    endloop
  endfacet
  facet normal 0 0 1
    outer loop
      vertex 21.643 25.1904 5.2
      vertex 20.2288 22.5446 5.2
      vertex 20.9385 22.209 5.2
    endloop
  endfacet
  facet normal 0 0 1
    outer loop
      vertex 18.3431 23.9431 5.2
      vertex 20.4645 26.0645 5.2
      vertex 20.1349 26.428 5.2
    endloop
  endfacet
  facet normal 0 0 1
    outer loop
      vertex 17.8159 24.5249 5.2
      vertex 20.1349 26.428 5.2
      vertex 19.8427 26.8222 5.2
    endloop
  endfacet
  facet normal 0 0 1
    outer loop
      vertex 17.3482 25.1554 5.2
      vertex 19.8427 26.8222 5.2
      vertex 19.5904 27.243 5.2
    endloop
  endfacet
  facet normal 0 0 1
    outer loop
      vertex 21.2222 25.4427 5.2
      vertex 19.5554 22.9482 5.2
      vertex 20.2288 22.5446 5.2
    endloop
  endfacet
  facet normal 0 0 1
    outer loop
      vertex 16.9446 25.8288 5.2
      vertex 19.5904 27.243 5.2
      vertex 19.3806 27.6866 5.2
    endloop
  endfacet
  facet normal 0 0 1
    outer loop
      vertex 16.609 26.5385 5.2
      vertex 19.3806 27.6866 5.2
      vertex 19.2153 28.1486 5.2
    endloop
  endfacet
  facet normal 0 0 1
    outer loop
      vertex 16.3445 27.2777 5.2
      vertex 19.2153 28.1486 5.2
      vertex 19.0961 28.6246 5.2
    endloop
  endfacet
  facet normal 0 0 1
    outer loop
      vertex 16.1537 28.0393 5.2
      vertex 19.0961 28.6246 5.2
      vertex 19.0241 29.1099 5.2
    endloop
  endfacet
  facet normal 0 0 1
    outer loop
      vertex 20.828 25.7349 5.2
      vertex 18.9249 23.4159 5.2
      vertex 19.5554 22.9482 5.2
    endloop
  endfacet
  facet normal 0 0 1
    outer loop
      vertex 16.0385 28.8159 5.2
      vertex 19.0241 29.1099 5.2
      vertex 19 29.6 5.2
    endloop
  endfacet
  facet normal 0 0 1
    outer loop
      vertex 19 161.6 5.2
      vertex 16 161.6 5.2
      vertex 19 29.6 5.2
    endloop
  endfacet
  facet normal 0 0 1
    outer loop
      vertex 19.3806 163.513 5.2
      vertex 16.609 164.661 5.2
      vertex 19.2153 163.051 5.2
    endloop
  endfacet
  facet normal 0 0 1
    outer loop
      vertex 16 29.6 5.2
      vertex 19 29.6 5.2
      vertex 16 161.6 5.2
    endloop
  endfacet
  facet normal -0 0 1
    outer loop
      vertex 16.3445 163.922 5.2
      vertex 19.2153 163.051 5.2
      vertex 16.609 164.661 5.2
    endloop
  endfacet
  facet normal 0 -0 1
    outer loop
      vertex 16.0385 28.8159 5.2
      vertex 19 29.6 5.2
      vertex 16 29.6 5.2
    endloop
  endfacet
  facet normal 0 0 1
    outer loop
      vertex 19.2153 163.051 5.2
      vertex 16.3445 163.922 5.2
      vertex 19.0961 162.575 5.2
    endloop
  endfacet
  facet normal 0 0 1
    outer loop
      vertex 20.4645 26.0645 5.2
      vertex 18.3431 23.9431 5.2
      vertex 18.9249 23.4159 5.2
    endloop
  endfacet
  facet normal -0 0 1
    outer loop
      vertex 16.1537 163.161 5.2
      vertex 19.0961 162.575 5.2
      vertex 16.3445 163.922 5.2
    endloop
  endfacet
  facet normal 0 0 1
    outer loop
      vertex 20.1349 26.428 5.2
      vertex 17.8159 24.5249 5.2
      vertex 18.3431 23.9431 5.2
    endloop
  endfacet
  facet normal 0 0 1
    outer loop
      vertex 19.0961 162.575 5.2
      vertex 16.1537 163.161 5.2
      vertex 19.0241 162.09 5.2
    endloop
  endfacet
  facet normal 0 0 1
    outer loop
      vertex 19.8427 26.8222 5.2
      vertex 17.3482 25.1554 5.2
      vertex 17.8159 24.5249 5.2
    endloop
  endfacet
  facet normal -0 0 1
    outer loop
      vertex 16.0385 162.384 5.2
      vertex 19.0241 162.09 5.2
      vertex 16.1537 163.161 5.2
    endloop
  endfacet
  facet normal 0 0 1
    outer loop
      vertex 19.5904 27.243 5.2
      vertex 16.9446 25.8288 5.2
      vertex 17.3482 25.1554 5.2
    endloop
  endfacet
  facet normal 0 0 1
    outer loop
      vertex 19.0241 162.09 5.2
      vertex 16.0385 162.384 5.2
      vertex 19 161.6 5.2
    endloop
  endfacet
  facet normal 0 0 1
    outer loop
      vertex 19.3806 27.6866 5.2
      vertex 16.609 26.5385 5.2
      vertex 16.9446 25.8288 5.2
    endloop
  endfacet
  facet normal 0 0 1
    outer loop
      vertex 19 161.6 5.2
      vertex 16.0385 162.384 5.2
      vertex 16 161.6 5.2
    endloop
  endfacet
  facet normal 0 0 1
    outer loop
      vertex 19.2153 28.1486 5.2
      vertex 16.3445 27.2777 5.2
      vertex 16.609 26.5385 5.2
    endloop
  endfacet
  facet normal 0 0 1
    outer loop
      vertex 19.0961 28.6246 5.2
      vertex 16.1537 28.0393 5.2
      vertex 16.3445 27.2777 5.2
    endloop
  endfacet
  facet normal 0 0 1
    outer loop
      vertex 19.0241 29.1099 5.2
      vertex 16.0385 28.8159 5.2
      vertex 16.1537 28.0393 5.2
    endloop
  endfacet
  facet normal -0.941511 0.336982 0
    outer loop
      vertex 16.3445 163.922 4
      vertex 16.609 164.661 5.2
      vertex 16.609 164.661 4
    endloop
  endfacet
  facet normal -0.941511 0.336982 0
    outer loop
      vertex 16.609 164.661 5.2
      vertex 16.3445 163.922 4
      vertex 16.3445 163.922 5.2
    endloop
  endfacet
  facet normal 0.596324 0.802744 -0
    outer loop
      vertex 125.075 167.784 4
      vertex 124.445 168.252 5.2
      vertex 125.075 167.784 5.2
    endloop
  endfacet
  facet normal 0.596324 0.802744 0
    outer loop
      vertex 124.445 168.252 5.2
      vertex 125.075 167.784 4
      vertex 124.445 168.252 4
    endloop
  endfacet
  facet normal 0.337546 0.941309 -0
    outer loop
      vertex 123.061 168.991 4
      vertex 122.322 169.256 5.2
      vertex 123.061 168.991 5.2
    endloop
  endfacet
  facet normal 0.337546 0.941309 0
    outer loop
      vertex 122.322 169.256 5.2
      vertex 123.061 168.991 4
      vertex 122.322 169.256 4
    endloop
  endfacet
  facet normal -0.242536 -0.970143 0
    outer loop
      vertex 120.975 166.504 4
      vertex 121.451 166.385 5.2
      vertex 120.975 166.504 5.2
    endloop
  endfacet
  facet normal -0.242536 -0.970143 -0
    outer loop
      vertex 121.451 166.385 5.2
      vertex 120.975 166.504 4
      vertex 121.451 166.385 4
    endloop
  endfacet
  facet normal -0.146844 -0.98916 0
    outer loop
      vertex 120.49 166.576 4
      vertex 120.975 166.504 5.2
      vertex 120.49 166.576 5.2
    endloop
  endfacet
  facet normal -0.146844 -0.98916 -0
    outer loop
      vertex 120.975 166.504 5.2
      vertex 120.49 166.576 4
      vertex 120.975 166.504 4
    endloop
  endfacet
  facet normal 0.903995 0.427543 0
    outer loop
      vertex 19.5904 27.243 5.2
      vertex 19.3806 27.6866 4
      vertex 19.3806 27.6866 5.2
    endloop
  endfacet
  facet normal 0.903995 0.427543 0
    outer loop
      vertex 19.3806 27.6866 4
      vertex 19.5904 27.243 5.2
      vertex 19.5904 27.243 4
    endloop
  endfacet
  facet normal 0.741266 -0.671212 0
    outer loop
      vertex 20.1349 164.772 5.2
      vertex 20.4645 165.136 4
      vertex 20.4645 165.136 5.2
    endloop
  endfacet
  facet normal 0.741266 -0.671212 0
    outer loop
      vertex 20.4645 165.136 4
      vertex 20.1349 164.772 5.2
      vertex 20.1349 164.772 4
    endloop
  endfacet
  facet normal -0.0489209 -0.998803 0
    outer loop
      vertex 120 166.6 4
      vertex 120.49 166.576 5.2
      vertex 120 166.6 5.2
    endloop
  endfacet
  facet normal -0.0489209 -0.998803 -0
    outer loop
      vertex 120.49 166.576 5.2
      vertex 120 166.6 4
      vertex 120.49 166.576 4
    endloop
  endfacet
  facet normal 0 -1 0
    outer loop
      vertex 24 166.6 4
      vertex 120 166.6 5.2
      vertex 24 166.6 5.2
    endloop
  endfacet
  facet normal 0 -1 -0
    outer loop
      vertex 120 166.6 5.2
      vertex 24 166.6 4
      vertex 120 166.6 4
    endloop
  endfacet
  facet normal -0.515094 -0.857133 0
    outer loop
      vertex 122.357 166.01 4
      vertex 122.778 165.757 5.2
      vertex 122.357 166.01 5.2
    endloop
  endfacet
  facet normal -0.515094 -0.857133 -0
    outer loop
      vertex 122.778 165.757 5.2
      vertex 122.357 166.01 4
      vertex 122.778 165.757 4
    endloop
  endfacet
  facet normal 0.514226 0.857655 -0
    outer loop
      vertex 21.643 25.1904 4
      vertex 21.2222 25.4427 5.2
      vertex 21.643 25.1904 5.2
    endloop
  endfacet
  facet normal 0.514226 0.857655 0
    outer loop
      vertex 21.2222 25.4427 5.2
      vertex 21.643 25.1904 4
      vertex 21.2222 25.4427 4
    endloop
  endfacet
  facet normal 0.803218 -0.595686 0
    outer loop
      vertex 19.8427 164.378 5.2
      vertex 20.1349 164.772 4
      vertex 20.1349 164.772 5.2
    endloop
  endfacet
  facet normal 0.803218 -0.595686 0
    outer loop
      vertex 20.1349 164.772 4
      vertex 19.8427 164.378 5.2
      vertex 19.8427 164.378 4
    endloop
  endfacet
  facet normal -0.741415 0.671047 0
    outer loop
      vertex 123.536 26.0645 4
      vertex 123.865 26.428 5.2
      vertex 123.865 26.428 4
    endloop
  endfacet
  facet normal -0.741415 0.671047 0
    outer loop
      vertex 123.865 26.428 5.2
      vertex 123.536 26.0645 4
      vertex 123.536 26.0645 5.2
    endloop
  endfacet
  facet normal 0.857655 0.514226 0
    outer loop
      vertex 19.8427 26.8222 5.2
      vertex 19.5904 27.243 4
      vertex 19.5904 27.243 5.2
    endloop
  endfacet
  facet normal 0.857655 0.514226 0
    outer loop
      vertex 19.5904 27.243 4
      vertex 19.8427 26.8222 5.2
      vertex 19.8427 26.8222 4
    endloop
  endfacet
  facet normal 0.989173 0.146755 0
    outer loop
      vertex 19.0961 28.6246 5.2
      vertex 19.0241 29.1099 4
      vertex 19.0241 29.1099 5.2
    endloop
  endfacet
  facet normal 0.989173 0.146755 0
    outer loop
      vertex 19.0241 29.1099 4
      vertex 19.0961 28.6246 5.2
      vertex 19.0961 28.6246 4
    endloop
  endfacet
  facet normal 0.740806 0.671719 0
    outer loop
      vertex 20.4645 26.0645 5.2
      vertex 20.1349 26.428 4
      vertex 20.1349 26.428 5.2
    endloop
  endfacet
  facet normal 0.740806 0.671719 0
    outer loop
      vertex 20.1349 26.428 4
      vertex 20.4645 26.0645 5.2
      vertex 20.4645 26.0645 4
    endloop
  endfacet
  facet normal 0.0491143 0.998793 -0
    outer loop
      vertex 24 24.6 4
      vertex 23.5099 24.6241 5.2
      vertex 24 24.6 5.2
    endloop
  endfacet
  facet normal 0.0491143 0.998793 0
    outer loop
      vertex 23.5099 24.6241 5.2
      vertex 24 24.6 4
      vertex 23.5099 24.6241 4
    endloop
  endfacet
  facet normal 0.595228 -0.803557 0
    outer loop
      vertex 20.828 165.465 4
      vertex 21.2222 165.757 5.2
      vertex 20.828 165.465 5.2
    endloop
  endfacet
  facet normal 0.595228 -0.803557 0
    outer loop
      vertex 21.2222 165.757 5.2
      vertex 20.828 165.465 4
      vertex 21.2222 165.757 4
    endloop
  endfacet
  facet normal -1 0 0
    outer loop
      vertex 125 29.6 4
      vertex 125 161.6 5.2
      vertex 125 161.6 4
    endloop
  endfacet
  facet normal -1 -0 0
    outer loop
      vertex 125 161.6 5.2
      vertex 125 29.6 4
      vertex 125 29.6 5.2
    endloop
  endfacet
  facet normal 1 -0 0
    outer loop
      vertex 19 29.6 5.2
      vertex 19 161.6 4
      vertex 19 161.6 5.2
    endloop
  endfacet
  facet normal 1 0 0
    outer loop
      vertex 19 161.6 4
      vertex 19 29.6 5.2
      vertex 19 29.6 4
    endloop
  endfacet
  facet normal 0.998793 0.0491143 0
    outer loop
      vertex 19.0241 29.1099 5.2
      vertex 19 29.6 4
      vertex 19 29.6 5.2
    endloop
  endfacet
  facet normal 0.998793 0.0491143 0
    outer loop
      vertex 19 29.6 4
      vertex 19.0241 29.1099 5.2
      vertex 19.0241 29.1099 4
    endloop
  endfacet
  facet normal 0.803362 0.595491 0
    outer loop
      vertex 20.1349 26.428 5.2
      vertex 19.8427 26.8222 4
      vertex 19.8427 26.8222 5.2
    endloop
  endfacet
  facet normal 0.803362 0.595491 0
    outer loop
      vertex 19.8427 26.8222 4
      vertex 20.1349 26.428 5.2
      vertex 20.1349 26.428 4
    endloop
  endfacet
  facet normal -0.671212 0.741266 0
    outer loop
      vertex 123.536 26.0645 4
      vertex 123.172 25.7349 5.2
      vertex 123.536 26.0645 5.2
    endloop
  endfacet
  facet normal -0.671212 0.741266 0
    outer loop
      vertex 123.172 25.7349 5.2
      vertex 123.536 26.0645 4
      vertex 123.172 25.7349 4
    endloop
  endfacet
  facet normal 0.671047 -0.741415 0
    outer loop
      vertex 20.4645 165.136 4
      vertex 20.828 165.465 5.2
      vertex 20.4645 165.136 5.2
    endloop
  endfacet
  facet normal 0.671047 -0.741415 0
    outer loop
      vertex 20.828 165.465 5.2
      vertex 20.4645 165.136 4
      vertex 20.828 165.465 4
    endloop
  endfacet
  facet normal -0.970143 0.242536 0
    outer loop
      vertex 124.785 28.1486 4
      vertex 124.904 28.6246 5.2
      vertex 124.904 28.6246 4
    endloop
  endfacet
  facet normal -0.970143 0.242536 0
    outer loop
      vertex 124.904 28.6246 5.2
      vertex 124.785 28.1486 4
      vertex 124.785 28.1486 5.2
    endloop
  endfacet
  facet normal -0.803413 -0.595423 0
    outer loop
      vertex 124.157 164.378 4
      vertex 123.865 164.772 5.2
      vertex 123.865 164.772 4
    endloop
  endfacet
  facet normal -0.803413 -0.595423 0
    outer loop
      vertex 123.865 164.772 5.2
      vertex 124.157 164.378 4
      vertex 124.157 164.378 5.2
    endloop
  endfacet
  facet normal 0.336879 0.941548 -0
    outer loop
      vertex 22.5486 24.8153 4
      vertex 22.0866 24.9806 5.2
      vertex 22.5486 24.8153 5.2
    endloop
  endfacet
  facet normal 0.336879 0.941548 0
    outer loop
      vertex 22.0866 24.9806 5.2
      vertex 22.5486 24.8153 4
      vertex 22.0866 24.9806 4
    endloop
  endfacet
  facet normal 0.998793 -0.0491243 0
    outer loop
      vertex 19 161.6 5.2
      vertex 19.0241 162.09 4
      vertex 19.0241 162.09 5.2
    endloop
  endfacet
  facet normal 0.998793 -0.0491243 0
    outer loop
      vertex 19.0241 162.09 4
      vertex 19 161.6 5.2
      vertex 19 161.6 4
    endloop
  endfacet
  facet normal 0 1 -0
    outer loop
      vertex 120 24.6 4
      vertex 24 24.6 5.2
      vertex 120 24.6 5.2
    endloop
  endfacet
  facet normal 0 1 0
    outer loop
      vertex 24 24.6 5.2
      vertex 120 24.6 4
      vertex 24 24.6 4
    endloop
  endfacet
  facet normal -0.67054 -0.741874 0
    outer loop
      vertex 123.172 165.465 4
      vertex 123.536 165.136 5.2
      vertex 123.172 165.465 5.2
    endloop
  endfacet
  facet normal -0.67054 -0.741874 -0
    outer loop
      vertex 123.536 165.136 5.2
      vertex 123.172 165.465 4
      vertex 123.536 165.136 4
    endloop
  endfacet
  facet normal 0.941548 -0.336879 0
    outer loop
      vertex 19.2153 163.051 5.2
      vertex 19.3806 163.513 4
      vertex 19.3806 163.513 5.2
    endloop
  endfacet
  facet normal 0.941548 -0.336879 0
    outer loop
      vertex 19.3806 163.513 4
      vertex 19.2153 163.051 5.2
      vertex 19.2153 163.051 4
    endloop
  endfacet
  facet normal 0.857762 -0.514046 0
    outer loop
      vertex 19.5904 163.957 5.2
      vertex 19.8427 164.378 4
      vertex 19.8427 164.378 5.2
    endloop
  endfacet
  facet normal 0.857762 -0.514046 0
    outer loop
      vertex 19.8427 164.378 4
      vertex 19.5904 163.957 5.2
      vertex 19.5904 163.957 4
    endloop
  endfacet
  facet normal 0.146755 0.989173 -0
    outer loop
      vertex 23.5099 24.6241 4
      vertex 23.0246 24.6961 5.2
      vertex 23.5099 24.6241 5.2
    endloop
  endfacet
  facet normal 0.146755 0.989173 0
    outer loop
      vertex 23.0246 24.6961 5.2
      vertex 23.5099 24.6241 4
      vertex 23.0246 24.6961 4
    endloop
  endfacet
  facet normal 0.426209 -0.904625 0
    outer loop
      vertex 21.643 166.01 4
      vertex 22.0866 166.219 5.2
      vertex 21.643 166.01 5.2
    endloop
  endfacet
  facet normal 0.426209 -0.904625 0
    outer loop
      vertex 22.0866 166.219 5.2
      vertex 21.643 166.01 4
      vertex 22.0866 166.219 4
    endloop
  endfacet
  facet normal -0.941095 -0.338142 0
    outer loop
      vertex 124.785 163.051 4
      vertex 124.619 163.513 5.2
      vertex 124.619 163.513 4
    endloop
  endfacet
  facet normal -0.941095 -0.338142 0
    outer loop
      vertex 124.619 163.513 5.2
      vertex 124.785 163.051 4
      vertex 124.785 163.051 5.2
    endloop
  endfacet
  facet normal -0.0491243 0.998793 0
    outer loop
      vertex 120.49 24.6241 4
      vertex 120 24.6 5.2
      vertex 120.49 24.6241 5.2
    endloop
  endfacet
  facet normal -0.0491243 0.998793 0
    outer loop
      vertex 120 24.6 5.2
      vertex 120.49 24.6241 4
      vertex 120 24.6 4
    endloop
  endfacet
  facet normal -0.998803 0.048911 0
    outer loop
      vertex 124.976 29.1099 4
      vertex 125 29.6 5.2
      vertex 125 29.6 4
    endloop
  endfacet
  facet normal -0.998803 0.048911 0
    outer loop
      vertex 125 29.6 5.2
      vertex 124.976 29.1099 4
      vertex 124.976 29.1099 5.2
    endloop
  endfacet
  facet normal -0.242919 0.970047 0
    outer loop
      vertex 121.451 24.8153 4
      vertex 120.975 24.6961 5.2
      vertex 121.451 24.8153 5.2
    endloop
  endfacet
  facet normal -0.242919 0.970047 0
    outer loop
      vertex 120.975 24.6961 5.2
      vertex 121.451 24.8153 4
      vertex 120.975 24.6961 4
    endloop
  endfacet
  facet normal 0.671719 0.740806 -0
    outer loop
      vertex 20.828 25.7349 4
      vertex 20.4645 26.0645 5.2
      vertex 20.828 25.7349 5.2
    endloop
  endfacet
  facet normal 0.671719 0.740806 0
    outer loop
      vertex 20.4645 26.0645 5.2
      vertex 20.828 25.7349 4
      vertex 20.4645 26.0645 4
    endloop
  endfacet
  facet normal 0.242919 0.970047 -0
    outer loop
      vertex 23.0246 24.6961 4
      vertex 22.5486 24.8153 5.2
      vertex 23.0246 24.6961 5.2
    endloop
  endfacet
  facet normal 0.242919 0.970047 0
    outer loop
      vertex 22.5486 24.8153 5.2
      vertex 23.0246 24.6961 4
      vertex 22.5486 24.8153 4
    endloop
  endfacet
  facet normal 0.427543 0.903995 -0
    outer loop
      vertex 22.0866 24.9806 4
      vertex 21.643 25.1904 5.2
      vertex 22.0866 24.9806 5.2
    endloop
  endfacet
  facet normal 0.427543 0.903995 0
    outer loop
      vertex 21.643 25.1904 5.2
      vertex 22.0866 24.9806 4
      vertex 21.643 25.1904 4
    endloop
  endfacet
  facet normal 0.595491 0.803362 -0
    outer loop
      vertex 21.2222 25.4427 4
      vertex 20.828 25.7349 5.2
      vertex 21.2222 25.4427 5.2
    endloop
  endfacet
  facet normal 0.595491 0.803362 0
    outer loop
      vertex 20.828 25.7349 5.2
      vertex 21.2222 25.4427 4
      vertex 20.828 25.7349 4
    endloop
  endfacet
  facet normal -0.595686 0.803218 0
    outer loop
      vertex 123.172 25.7349 4
      vertex 122.778 25.4427 5.2
      vertex 123.172 25.7349 5.2
    endloop
  endfacet
  facet normal -0.595686 0.803218 0
    outer loop
      vertex 122.778 25.4427 5.2
      vertex 123.172 25.7349 4
      vertex 122.778 25.4427 4
    endloop
  endfacet
  facet normal 0.048911 -0.998803 0
    outer loop
      vertex 23.5099 166.576 4
      vertex 24 166.6 5.2
      vertex 23.5099 166.576 5.2
    endloop
  endfacet
  facet normal 0.048911 -0.998803 0
    outer loop
      vertex 24 166.6 5.2
      vertex 23.5099 166.576 4
      vertex 24 166.6 4
    endloop
  endfacet
  facet normal 0.515274 -0.857025 0
    outer loop
      vertex 21.2222 165.757 4
      vertex 21.643 166.01 5.2
      vertex 21.2222 165.757 5.2
    endloop
  endfacet
  facet normal 0.515274 -0.857025 0
    outer loop
      vertex 21.643 166.01 5.2
      vertex 21.2222 165.757 4
      vertex 21.643 166.01 4
    endloop
  endfacet
  facet normal -0.904773 -0.425895 0
    outer loop
      vertex 124.619 163.513 4
      vertex 124.41 163.957 5.2
      vertex 124.41 163.957 4
    endloop
  endfacet
  facet normal -0.904773 -0.425895 0
    outer loop
      vertex 124.41 163.957 5.2
      vertex 124.619 163.513 4
      vertex 124.619 163.513 5.2
    endloop
  endfacet
  facet normal 0.338142 -0.941095 0
    outer loop
      vertex 22.0866 166.219 4
      vertex 22.5486 166.385 5.2
      vertex 22.0866 166.219 5.2
    endloop
  endfacet
  facet normal 0.338142 -0.941095 0
    outer loop
      vertex 22.5486 166.385 5.2
      vertex 22.0866 166.219 4
      vertex 22.5486 166.385 4
    endloop
  endfacet
  facet normal -0.904625 0.426209 0
    outer loop
      vertex 124.41 27.243 4
      vertex 124.619 27.6866 5.2
      vertex 124.619 27.6866 4
    endloop
  endfacet
  facet normal -0.904625 0.426209 0
    outer loop
      vertex 124.619 27.6866 5.2
      vertex 124.41 27.243 4
      vertex 124.41 27.243 5.2
    endloop
  endfacet
  facet normal -0.970143 -0.242536 0
    outer loop
      vertex 124.904 162.575 4
      vertex 124.785 163.051 5.2
      vertex 124.785 163.051 4
    endloop
  endfacet
  facet normal -0.970143 -0.242536 0
    outer loop
      vertex 124.785 163.051 5.2
      vertex 124.904 162.575 4
      vertex 124.904 162.575 5.2
    endloop
  endfacet
  facet normal -0.857133 -0.515094 0
    outer loop
      vertex 124.41 163.957 4
      vertex 124.157 164.378 5.2
      vertex 124.157 164.378 4
    endloop
  endfacet
  facet normal -0.857133 -0.515094 0
    outer loop
      vertex 124.157 164.378 5.2
      vertex 124.41 163.957 4
      vertex 124.41 163.957 5.2
    endloop
  endfacet
  facet normal -0.338142 -0.941095 0
    outer loop
      vertex 121.451 166.385 4
      vertex 121.913 166.219 5.2
      vertex 121.451 166.385 5.2
    endloop
  endfacet
  facet normal -0.338142 -0.941095 -0
    outer loop
      vertex 121.913 166.219 5.2
      vertex 121.451 166.385 4
      vertex 121.913 166.219 4
    endloop
  endfacet
  facet normal -0.427228 0.904144 0
    outer loop
      vertex 122.357 25.1904 4
      vertex 121.913 24.9806 5.2
      vertex 122.357 25.1904 5.2
    endloop
  endfacet
  facet normal -0.427228 0.904144 0
    outer loop
      vertex 121.913 24.9806 5.2
      vertex 122.357 25.1904 4
      vertex 121.913 24.9806 4
    endloop
  endfacet
  facet normal 0.98916 -0.146844 0
    outer loop
      vertex 19.0241 162.09 5.2
      vertex 19.0961 162.575 4
      vertex 19.0961 162.575 5.2
    endloop
  endfacet
  facet normal 0.98916 -0.146844 0
    outer loop
      vertex 19.0961 162.575 4
      vertex 19.0241 162.09 5.2
      vertex 19.0241 162.09 4
    endloop
  endfacet
  facet normal 0.242536 -0.970143 0
    outer loop
      vertex 22.5486 166.385 4
      vertex 23.0246 166.504 5.2
      vertex 22.5486 166.385 5.2
    endloop
  endfacet
  facet normal 0.242536 -0.970143 0
    outer loop
      vertex 23.0246 166.504 5.2
      vertex 22.5486 166.385 4
      vertex 23.0246 166.504 4
    endloop
  endfacet
  facet normal -0.941095 0.338142 0
    outer loop
      vertex 124.619 27.6866 4
      vertex 124.785 28.1486 5.2
      vertex 124.785 28.1486 4
    endloop
  endfacet
  facet normal -0.941095 0.338142 0
    outer loop
      vertex 124.785 28.1486 5.2
      vertex 124.619 27.6866 4
      vertex 124.619 27.6866 5.2
    endloop
  endfacet
  facet normal -0.803557 0.595228 0
    outer loop
      vertex 123.865 26.428 4
      vertex 124.157 26.8222 5.2
      vertex 124.157 26.8222 4
    endloop
  endfacet
  facet normal -0.803557 0.595228 0
    outer loop
      vertex 124.157 26.8222 5.2
      vertex 123.865 26.428 4
      vertex 123.865 26.428 5.2
    endloop
  endfacet
  facet normal 0.970047 -0.242919 0
    outer loop
      vertex 19.0961 162.575 5.2
      vertex 19.2153 163.051 4
      vertex 19.2153 163.051 5.2
    endloop
  endfacet
  facet normal 0.970047 -0.242919 0
    outer loop
      vertex 19.2153 163.051 4
      vertex 19.0961 162.575 5.2
      vertex 19.0961 162.575 4
    endloop
  endfacet
  facet normal 0.146755 -0.989173 0
    outer loop
      vertex 23.0246 166.504 4
      vertex 23.5099 166.576 5.2
      vertex 23.0246 166.504 5.2
    endloop
  endfacet
  facet normal 0.146755 -0.989173 0
    outer loop
      vertex 23.5099 166.576 5.2
      vertex 23.0246 166.504 4
      vertex 23.5099 166.576 4
    endloop
  endfacet
  facet normal -0.425895 -0.904773 0
    outer loop
      vertex 121.913 166.219 4
      vertex 122.357 166.01 5.2
      vertex 121.913 166.219 5.2
    endloop
  endfacet
  facet normal -0.425895 -0.904773 -0
    outer loop
      vertex 122.357 166.01 5.2
      vertex 121.913 166.219 4
      vertex 122.357 166.01 4
    endloop
  endfacet
  facet normal -0.146844 0.98916 0
    outer loop
      vertex 120.975 24.6961 4
      vertex 120.49 24.6241 5.2
      vertex 120.975 24.6961 5.2
    endloop
  endfacet
  facet normal -0.146844 0.98916 0
    outer loop
      vertex 120.49 24.6241 5.2
      vertex 120.975 24.6961 4
      vertex 120.49 24.6241 4
    endloop
  endfacet
  facet normal -0.989173 0.146755 0
    outer loop
      vertex 124.904 28.6246 4
      vertex 124.976 29.1099 5.2
      vertex 124.976 29.1099 4
    endloop
  endfacet
  facet normal -0.989173 0.146755 0
    outer loop
      vertex 124.976 29.1099 5.2
      vertex 124.904 28.6246 4
      vertex 124.904 28.6246 5.2
    endloop
  endfacet
  facet normal -0.514046 0.857762 0
    outer loop
      vertex 122.778 25.4427 4
      vertex 122.357 25.1904 5.2
      vertex 122.778 25.4427 5.2
    endloop
  endfacet
  facet normal -0.514046 0.857762 0
    outer loop
      vertex 122.357 25.1904 5.2
      vertex 122.778 25.4427 4
      vertex 122.357 25.1904 4
    endloop
  endfacet
  facet normal -0.857025 0.515274 0
    outer loop
      vertex 124.157 26.8222 4
      vertex 124.41 27.243 5.2
      vertex 124.41 27.243 4
    endloop
  endfacet
  facet normal -0.857025 0.515274 0
    outer loop
      vertex 124.41 27.243 5.2
      vertex 124.157 26.8222 4
      vertex 124.157 26.8222 5.2
    endloop
  endfacet
  facet normal -0.98916 -0.146844 0
    outer loop
      vertex 124.976 162.09 4
      vertex 124.904 162.575 5.2
      vertex 124.904 162.575 4
    endloop
  endfacet
  facet normal -0.98916 -0.146844 0
    outer loop
      vertex 124.904 162.575 5.2
      vertex 124.976 162.09 4
      vertex 124.976 162.09 5.2
    endloop
  endfacet
  facet normal -0.336879 0.941548 0
    outer loop
      vertex 121.913 24.9806 4
      vertex 121.451 24.8153 5.2
      vertex 121.913 24.9806 5.2
    endloop
  endfacet
  facet normal -0.336879 0.941548 0
    outer loop
      vertex 121.451 24.8153 5.2
      vertex 121.913 24.9806 4
      vertex 121.451 24.8153 4
    endloop
  endfacet
  facet normal -0.998803 -0.0489209 0
    outer loop
      vertex 125 161.6 4
      vertex 124.976 162.09 5.2
      vertex 124.976 162.09 4
    endloop
  endfacet
  facet normal -0.998803 -0.0489209 0
    outer loop
      vertex 124.976 162.09 5.2
      vertex 125 161.6 4
      vertex 125 161.6 5.2
    endloop
  endfacet
  facet normal 0.904144 -0.427228 0
    outer loop
      vertex 19.3806 163.513 5.2
      vertex 19.5904 163.957 4
      vertex 19.5904 163.957 5.2
    endloop
  endfacet
  facet normal 0.904144 -0.427228 0
    outer loop
      vertex 19.5904 163.957 4
      vertex 19.3806 163.513 5.2
      vertex 19.3806 163.513 4
    endloop
  endfacet
  facet normal -0.595423 -0.803413 0
    outer loop
      vertex 122.778 165.757 4
      vertex 123.172 165.465 5.2
      vertex 122.778 165.757 5.2
    endloop
  endfacet
  facet normal -0.595423 -0.803413 -0
    outer loop
      vertex 123.172 165.465 5.2
      vertex 122.778 165.757 4
      vertex 123.172 165.465 4
    endloop
  endfacet
  facet normal 0.941548 0.336879 0
    outer loop
      vertex 19.3806 27.6866 5.2
      vertex 19.2153 28.1486 4
      vertex 19.2153 28.1486 5.2
    endloop
  endfacet
  facet normal 0.941548 0.336879 0
    outer loop
      vertex 19.2153 28.1486 4
      vertex 19.3806 27.6866 5.2
      vertex 19.3806 27.6866 4
    endloop
  endfacet
  facet normal 0.970047 0.242919 0
    outer loop
      vertex 19.2153 28.1486 5.2
      vertex 19.0961 28.6246 4
      vertex 19.0961 28.6246 5.2
    endloop
  endfacet
  facet normal 0.970047 0.242919 0
    outer loop
      vertex 19.0961 28.6246 4
      vertex 19.2153 28.1486 5.2
      vertex 19.2153 28.1486 4
    endloop
  endfacet
  facet normal -0.741874 -0.67054 0
    outer loop
      vertex 123.865 164.772 4
      vertex 123.536 165.136 5.2
      vertex 123.536 165.136 4
    endloop
  endfacet
  facet normal -0.741874 -0.67054 0
    outer loop
      vertex 123.536 165.136 5.2
      vertex 123.865 164.772 4
      vertex 123.865 164.772 5.2
    endloop
  endfacet
  facet normal 0.427228 -0.904144 0
    outer loop
      vertex 140.913 10.9806 0
      vertex 141.357 11.1904 4
      vertex 140.913 10.9806 4
    endloop
  endfacet
  facet normal 0.427228 -0.904144 0
    outer loop
      vertex 141.357 11.1904 4
      vertex 140.913 10.9806 0
      vertex 141.357 11.1904 0
    endloop
  endfacet
  facet normal 0.242536 0.970143 -0
    outer loop
      vertex 140.451 186.385 0
      vertex 139.975 186.504 4
      vertex 140.451 186.385 4
    endloop
  endfacet
  facet normal 0.242536 0.970143 0
    outer loop
      vertex 139.975 186.504 4
      vertex 140.451 186.385 0
      vertex 139.975 186.504 0
    endloop
  endfacet
  facet normal 0.146844 0.98916 -0
    outer loop
      vertex 139.975 186.504 0
      vertex 139.49 186.576 4
      vertex 139.975 186.504 4
    endloop
  endfacet
  facet normal 0.146844 0.98916 0
    outer loop
      vertex 139.49 186.576 4
      vertex 139.975 186.504 0
      vertex 139.49 186.576 0
    endloop
  endfacet
  facet normal -0.670976 0.741479 0
    outer loop
      vertex 1.82803 185.465 0
      vertex 1.46446 185.136 4
      vertex 1.82803 185.465 4
    endloop
  endfacet
  facet normal -0.670976 0.741479 0
    outer loop
      vertex 1.46446 185.136 4
      vertex 1.82803 185.465 0
      vertex 1.46446 185.136 0
    endloop
  endfacet
  facet normal 0.0489209 0.998803 -0
    outer loop
      vertex 139.49 186.576 0
      vertex 139 186.6 4
      vertex 139.49 186.576 4
    endloop
  endfacet
  facet normal 0.0489209 0.998803 0
    outer loop
      vertex 139 186.6 4
      vertex 139.49 186.576 0
      vertex 139 186.6 0
    endloop
  endfacet
  facet normal -0.515211 0.857063 0
    outer loop
      vertex 2.64302 186.01 0
      vertex 2.22215 185.757 4
      vertex 2.64302 186.01 4
    endloop
  endfacet
  facet normal -0.515211 0.857063 0
    outer loop
      vertex 2.22215 185.757 4
      vertex 2.64302 186.01 0
      vertex 2.22215 185.757 0
    endloop
  endfacet
  facet normal 0 1 -0
    outer loop
      vertex 139 186.6 0
      vertex 5 186.6 4
      vertex 139 186.6 4
    endloop
  endfacet
  facet normal 0 1 0
    outer loop
      vertex 5 186.6 4
      vertex 139 186.6 0
      vertex 5 186.6 0
    endloop
  endfacet
  facet normal 0.904773 0.425895 0
    outer loop
      vertex 143.619 183.513 4
      vertex 143.41 183.957 0
      vertex 143.41 183.957 4
    endloop
  endfacet
  facet normal 0.904773 0.425895 0
    outer loop
      vertex 143.41 183.957 0
      vertex 143.619 183.513 4
      vertex 143.619 183.513 0
    endloop
  endfacet
  facet normal 0.338142 0.941095 -0
    outer loop
      vertex 140.913 186.219 0
      vertex 140.451 186.385 4
      vertex 140.913 186.219 4
    endloop
  endfacet
  facet normal 0.338142 0.941095 0
    outer loop
      vertex 140.451 186.385 4
      vertex 140.913 186.219 0
      vertex 140.451 186.385 0
    endloop
  endfacet
  facet normal -0.741357 0.671111 0
    outer loop
      vertex 1.13495 184.772 0
      vertex 1.46446 185.136 4
      vertex 1.46446 185.136 0
    endloop
  endfacet
  facet normal -0.741357 0.671111 0
    outer loop
      vertex 1.46446 185.136 4
      vertex 1.13495 184.772 0
      vertex 1.13495 184.772 4
    endloop
  endfacet
  facet normal -0.740898 -0.671618 0
    outer loop
      vertex 1.46446 12.0645 0
      vertex 1.13495 12.428 4
      vertex 1.13495 12.428 0
    endloop
  endfacet
  facet normal -0.740898 -0.671618 0
    outer loop
      vertex 1.13495 12.428 4
      vertex 1.46446 12.0645 0
      vertex 1.46446 12.0645 4
    endloop
  endfacet
  facet normal -0.0491163 -0.998793 0
    outer loop
      vertex 4.50992 10.6241 0
      vertex 5 10.6 4
      vertex 4.50992 10.6241 4
    endloop
  endfacet
  facet normal -0.0491163 -0.998793 -0
    outer loop
      vertex 5 10.6 4
      vertex 4.50992 10.6241 0
      vertex 5 10.6 0
    endloop
  endfacet
  facet normal -0.048913 0.998803 0
    outer loop
      vertex 5 186.6 0
      vertex 4.50992 186.576 4
      vertex 5 186.6 4
    endloop
  endfacet
  facet normal -0.048913 0.998803 0
    outer loop
      vertex 4.50992 186.576 4
      vertex 5 186.6 0
      vertex 4.50992 186.576 0
    endloop
  endfacet
  facet normal 1 -0 0
    outer loop
      vertex 144 15.6 4
      vertex 144 181.6 0
      vertex 144 181.6 4
    endloop
  endfacet
  facet normal 1 0 0
    outer loop
      vertex 144 181.6 0
      vertex 144 15.6 4
      vertex 144 15.6 0
    endloop
  endfacet
  facet normal -1 0 0
    outer loop
      vertex 0 15.6 0
      vertex 0 181.6 4
      vertex 0 181.6 0
    endloop
  endfacet
  facet normal -1 -0 0
    outer loop
      vertex 0 181.6 4
      vertex 0 15.6 0
      vertex 0 15.6 4
    endloop
  endfacet
  facet normal -0.803266 -0.595621 0
    outer loop
      vertex 1.13495 12.428 0
      vertex 0.842651 12.8222 4
      vertex 0.842651 12.8222 0
    endloop
  endfacet
  facet normal -0.803266 -0.595621 0
    outer loop
      vertex 0.842651 12.8222 4
      vertex 1.13495 12.428 0
      vertex 1.13495 12.428 4
    endloop
  endfacet
  facet normal -0.514163 -0.857692 0
    outer loop
      vertex 2.22215 11.4427 0
      vertex 2.64302 11.1904 4
      vertex 2.22215 11.4427 4
    endloop
  endfacet
  facet normal -0.514163 -0.857692 -0
    outer loop
      vertex 2.64302 11.1904 4
      vertex 2.22215 11.4427 0
      vertex 2.64302 11.1904 0
    endloop
  endfacet
  facet normal -0.998795 0.0490804 0
    outer loop
      vertex 0 181.6 0
      vertex 0.0240784 182.09 4
      vertex 0.0240784 182.09 0
    endloop
  endfacet
  facet normal -0.998795 0.0490804 0
    outer loop
      vertex 0.0240784 182.09 4
      vertex 0 181.6 0
      vertex 0 181.6 4
    endloop
  endfacet
  facet normal 0.941095 0.338142 0
    outer loop
      vertex 143.785 183.051 4
      vertex 143.619 183.513 0
      vertex 143.619 183.513 4
    endloop
  endfacet
  facet normal 0.941095 0.338142 0
    outer loop
      vertex 143.619 183.513 0
      vertex 143.785 183.051 4
      vertex 143.785 183.051 0
    endloop
  endfacet
  facet normal -0.336879 -0.941548 0
    outer loop
      vertex 3.08658 10.9806 0
      vertex 3.54858 10.8153 4
      vertex 3.08658 10.9806 4
    endloop
  endfacet
  facet normal -0.336879 -0.941548 -0
    outer loop
      vertex 3.54858 10.8153 4
      vertex 3.08658 10.9806 0
      vertex 3.54858 10.8153 0
    endloop
  endfacet
  facet normal 0 -1 0
    outer loop
      vertex 39 10.6 0
      vertex 105 10.6 4
      vertex 39 10.6 4
    endloop
  endfacet
  facet normal 0 -1 -0
    outer loop
      vertex 105 10.6 4
      vertex 39 10.6 0
      vertex 105 10.6 0
    endloop
  endfacet
  facet normal 0 -1 0
    outer loop
      vertex 5 10.6 0
      vertex 9 10.6 4
      vertex 5 10.6 4
    endloop
  endfacet
  facet normal 0 -1 -0
    outer loop
      vertex 9 10.6 4
      vertex 5 10.6 0
      vertex 9 10.6 0
    endloop
  endfacet
  facet normal 0 -1 0
    outer loop
      vertex 135 10.6 0
      vertex 139 10.6 4
      vertex 135 10.6 4
    endloop
  endfacet
  facet normal 0 -1 -0
    outer loop
      vertex 139 10.6 4
      vertex 135 10.6 0
      vertex 139 10.6 0
    endloop
  endfacet
  facet normal -0.904 -0.427531 0
    outer loop
      vertex 0.590393 13.243 0
      vertex 0.3806 13.6866 4
      vertex 0.3806 13.6866 0
    endloop
  endfacet
  facet normal -0.904 -0.427531 0
    outer loop
      vertex 0.3806 13.6866 4
      vertex 0.590393 13.243 0
      vertex 0.590393 13.243 4
    endloop
  endfacet
  facet normal 0.98916 0.146844 0
    outer loop
      vertex 143.976 182.09 4
      vertex 143.904 182.575 0
      vertex 143.904 182.575 4
    endloop
  endfacet
  facet normal 0.98916 0.146844 0
    outer loop
      vertex 143.904 182.575 0
      vertex 143.976 182.09 4
      vertex 143.976 182.09 0
    endloop
  endfacet
  facet normal -0.146735 -0.989176 0
    outer loop
      vertex 4.02455 10.6961 0
      vertex 4.50992 10.6241 4
      vertex 4.02455 10.6961 4
    endloop
  endfacet
  facet normal -0.146735 -0.989176 -0
    outer loop
      vertex 4.50992 10.6241 4
      vertex 4.02455 10.6961 0
      vertex 4.50992 10.6241 0
    endloop
  endfacet
  facet normal -0.338142 0.941095 0
    outer loop
      vertex 3.54858 186.385 0
      vertex 3.08658 186.219 4
      vertex 3.54858 186.385 4
    endloop
  endfacet
  facet normal -0.338142 0.941095 0
    outer loop
      vertex 3.08658 186.219 4
      vertex 3.54858 186.385 0
      vertex 3.08658 186.219 0
    endloop
  endfacet
  facet normal -0.904149 0.427217 0
    outer loop
      vertex 0.3806 183.513 0
      vertex 0.590393 183.957 4
      vertex 0.590393 183.957 0
    endloop
  endfacet
  facet normal -0.904149 0.427217 0
    outer loop
      vertex 0.590393 183.957 4
      vertex 0.3806 183.513 0
      vertex 0.3806 183.513 4
    endloop
  endfacet
  facet normal 0.803557 -0.595228 0
    outer loop
      vertex 142.865 12.428 4
      vertex 143.157 12.8222 0
      vertex 143.157 12.8222 4
    endloop
  endfacet
  facet normal 0.803557 -0.595228 0
    outer loop
      vertex 143.157 12.8222 0
      vertex 142.865 12.428 4
      vertex 142.865 12.428 0
    endloop
  endfacet
  facet normal 0.904625 -0.426209 0
    outer loop
      vertex 143.41 13.243 4
      vertex 143.619 13.6866 0
      vertex 143.619 13.6866 4
    endloop
  endfacet
  facet normal 0.904625 -0.426209 0
    outer loop
      vertex 143.619 13.6866 0
      vertex 143.41 13.243 4
      vertex 143.41 13.243 0
    endloop
  endfacet
  facet normal -0.803121 0.595816 0
    outer loop
      vertex 0.842651 184.378 0
      vertex 1.13495 184.772 4
      vertex 1.13495 184.772 0
    endloop
  endfacet
  facet normal -0.803121 0.595816 0
    outer loop
      vertex 1.13495 184.772 4
      vertex 0.842651 184.378 0
      vertex 0.842651 184.378 4
    endloop
  endfacet
  facet normal -0.24255 0.970139 0
    outer loop
      vertex 4.02455 186.504 0
      vertex 3.54858 186.385 4
      vertex 4.02455 186.504 4
    endloop
  endfacet
  facet normal -0.24255 0.970139 0
    outer loop
      vertex 3.54858 186.385 4
      vertex 4.02455 186.504 0
      vertex 3.54858 186.385 0
    endloop
  endfacet
  facet normal -0.970031 -0.242982 0
    outer loop
      vertex 0.215302 14.1486 0
      vertex 0.0960693 14.6246 4
      vertex 0.0960693 14.6246 0
    endloop
  endfacet
  facet normal -0.970031 -0.242982 0
    outer loop
      vertex 0.0960693 14.6246 4
      vertex 0.215302 14.1486 0
      vertex 0.215302 14.1486 4
    endloop
  endfacet
  facet normal -0.8578 0.513983 0
    outer loop
      vertex 0.590393 183.957 0
      vertex 0.842651 184.378 4
      vertex 0.842651 184.378 0
    endloop
  endfacet
  facet normal -0.8578 0.513983 0
    outer loop
      vertex 0.842651 184.378 4
      vertex 0.590393 183.957 0
      vertex 0.590393 183.957 4
    endloop
  endfacet
  facet normal 0.857025 -0.515274 0
    outer loop
      vertex 143.157 12.8222 4
      vertex 143.41 13.243 0
      vertex 143.41 13.243 4
    endloop
  endfacet
  facet normal 0.857025 -0.515274 0
    outer loop
      vertex 143.41 13.243 0
      vertex 143.157 12.8222 4
      vertex 143.157 12.8222 0
    endloop
  endfacet
  facet normal -0.941549 -0.336875 0
    outer loop
      vertex 0.3806 13.6866 0
      vertex 0.215302 14.1486 4
      vertex 0.215302 14.1486 0
    endloop
  endfacet
  facet normal -0.941549 -0.336875 0
    outer loop
      vertex 0.215302 14.1486 4
      vertex 0.3806 13.6866 0
      vertex 0.3806 13.6866 4
    endloop
  endfacet
  facet normal -0.242934 -0.970043 0
    outer loop
      vertex 3.54858 10.8153 0
      vertex 4.02455 10.6961 4
      vertex 3.54858 10.8153 4
    endloop
  endfacet
  facet normal -0.242934 -0.970043 -0
    outer loop
      vertex 4.02455 10.6961 4
      vertex 3.54858 10.8153 0
      vertex 4.02455 10.6961 0
    endloop
  endfacet
  facet normal 0.857133 0.515094 0
    outer loop
      vertex 143.41 183.957 4
      vertex 143.157 184.378 0
      vertex 143.157 184.378 4
    endloop
  endfacet
  facet normal 0.857133 0.515094 0
    outer loop
      vertex 143.157 184.378 0
      vertex 143.41 183.957 4
      vertex 143.41 183.957 0
    endloop
  endfacet
  facet normal 0.671212 -0.741266 0
    outer loop
      vertex 142.172 11.7349 0
      vertex 142.536 12.0645 4
      vertex 142.172 11.7349 4
    endloop
  endfacet
  facet normal 0.671212 -0.741266 0
    outer loop
      vertex 142.536 12.0645 4
      vertex 142.172 11.7349 0
      vertex 142.536 12.0645 0
    endloop
  endfacet
  facet normal 0.595686 -0.803218 0
    outer loop
      vertex 141.778 11.4427 0
      vertex 142.172 11.7349 4
      vertex 141.778 11.4427 4
    endloop
  endfacet
  facet normal 0.595686 -0.803218 0
    outer loop
      vertex 142.172 11.7349 4
      vertex 141.778 11.4427 0
      vertex 142.172 11.7349 0
    endloop
  endfacet
  facet normal -0.595306 0.803499 0
    outer loop
      vertex 2.22215 185.757 0
      vertex 1.82803 185.465 4
      vertex 2.22215 185.757 4
    endloop
  endfacet
  facet normal -0.595306 0.803499 0
    outer loop
      vertex 1.82803 185.465 4
      vertex 2.22215 185.757 0
      vertex 1.82803 185.465 0
    endloop
  endfacet
  facet normal 0.741415 -0.671047 0
    outer loop
      vertex 142.536 12.0645 4
      vertex 142.865 12.428 0
      vertex 142.865 12.428 4
    endloop
  endfacet
  facet normal 0.741415 -0.671047 0
    outer loop
      vertex 142.865 12.428 0
      vertex 142.536 12.0645 4
      vertex 142.536 12.0645 0
    endloop
  endfacet
  facet normal -0.595569 -0.803304 0
    outer loop
      vertex 1.82803 11.7349 0
      vertex 2.22215 11.4427 4
      vertex 1.82803 11.7349 4
    endloop
  endfacet
  facet normal -0.595569 -0.803304 -0
    outer loop
      vertex 2.22215 11.4427 4
      vertex 1.82803 11.7349 0
      vertex 2.22215 11.4427 0
    endloop
  endfacet
  facet normal 0.998803 -0.048911 0
    outer loop
      vertex 143.976 15.1099 4
      vertex 144 15.6 0
      vertex 144 15.6 4
    endloop
  endfacet
  facet normal 0.998803 -0.048911 0
    outer loop
      vertex 144 15.6 0
      vertex 143.976 15.1099 4
      vertex 143.976 15.1099 0
    endloop
  endfacet
  facet normal -0.989175 -0.146737 0
    outer loop
      vertex 0.0960693 14.6246 0
      vertex 0.0240784 15.1099 4
      vertex 0.0240784 15.1099 0
    endloop
  endfacet
  facet normal -0.989175 -0.146737 0
    outer loop
      vertex 0.0240784 15.1099 4
      vertex 0.0960693 14.6246 0
      vertex 0.0960693 14.6246 4
    endloop
  endfacet
  facet normal -0.998795 -0.0490704 0
    outer loop
      vertex 0.0240784 15.1099 0
      vertex 0 15.6 4
      vertex 0 15.6 0
    endloop
  endfacet
  facet normal -0.998795 -0.0490704 0
    outer loop
      vertex 0 15.6 4
      vertex 0.0240784 15.1099 0
      vertex 0.0240784 15.1099 4
    endloop
  endfacet
  facet normal 0.989173 -0.146755 0
    outer loop
      vertex 143.904 14.6246 4
      vertex 143.976 15.1099 0
      vertex 143.976 15.1099 4
    endloop
  endfacet
  facet normal 0.989173 -0.146755 0
    outer loop
      vertex 143.976 15.1099 0
      vertex 143.904 14.6246 4
      vertex 143.904 14.6246 0
    endloop
  endfacet
  facet normal 0.803413 0.595423 0
    outer loop
      vertex 143.157 184.378 4
      vertex 142.865 184.772 0
      vertex 142.865 184.772 4
    endloop
  endfacet
  facet normal 0.803413 0.595423 0
    outer loop
      vertex 142.865 184.772 0
      vertex 143.157 184.378 4
      vertex 143.157 184.378 0
    endloop
  endfacet
  facet normal 0.514046 -0.857762 0
    outer loop
      vertex 141.357 11.1904 0
      vertex 141.778 11.4427 4
      vertex 141.357 11.1904 4
    endloop
  endfacet
  facet normal 0.514046 -0.857762 0
    outer loop
      vertex 141.778 11.4427 4
      vertex 141.357 11.1904 0
      vertex 141.778 11.4427 0
    endloop
  endfacet
  facet normal -0.427575 -0.90398 0
    outer loop
      vertex 2.64302 11.1904 0
      vertex 3.08658 10.9806 4
      vertex 2.64302 11.1904 4
    endloop
  endfacet
  facet normal -0.427575 -0.90398 -0
    outer loop
      vertex 3.08658 10.9806 4
      vertex 2.64302 11.1904 0
      vertex 3.08658 10.9806 0
    endloop
  endfacet
  facet normal -0.146735 0.989176 0
    outer loop
      vertex 4.50992 186.576 0
      vertex 4.02455 186.504 4
      vertex 4.50992 186.576 4
    endloop
  endfacet
  facet normal -0.146735 0.989176 0
    outer loop
      vertex 4.02455 186.504 4
      vertex 4.50992 186.576 0
      vertex 4.02455 186.504 0
    endloop
  endfacet
  facet normal -0.426241 0.90461 0
    outer loop
      vertex 3.08658 186.219 0
      vertex 2.64302 186.01 4
      vertex 3.08658 186.219 4
    endloop
  endfacet
  facet normal -0.426241 0.90461 0
    outer loop
      vertex 2.64302 186.01 4
      vertex 3.08658 186.219 0
      vertex 2.64302 186.01 0
    endloop
  endfacet
  facet normal -0.671648 -0.740871 0
    outer loop
      vertex 1.46446 12.0645 0
      vertex 1.82803 11.7349 4
      vertex 1.46446 12.0645 4
    endloop
  endfacet
  facet normal -0.671648 -0.740871 -0
    outer loop
      vertex 1.82803 11.7349 4
      vertex 1.46446 12.0645 0
      vertex 1.82803 11.7349 0
    endloop
  endfacet
  facet normal 0.515094 0.857133 -0
    outer loop
      vertex 141.778 185.757 0
      vertex 141.357 186.01 4
      vertex 141.778 185.757 4
    endloop
  endfacet
  facet normal 0.515094 0.857133 0
    outer loop
      vertex 141.357 186.01 4
      vertex 141.778 185.757 0
      vertex 141.357 186.01 0
    endloop
  endfacet
  facet normal -0.857692 -0.514163 0
    outer loop
      vertex 0.842651 12.8222 0
      vertex 0.590393 13.243 4
      vertex 0.590393 13.243 0
    endloop
  endfacet
  facet normal -0.857692 -0.514163 0
    outer loop
      vertex 0.590393 13.243 4
      vertex 0.842651 12.8222 0
      vertex 0.842651 12.8222 4
    endloop
  endfacet
  facet normal 0.998803 0.0489209 0
    outer loop
      vertex 144 181.6 4
      vertex 143.976 182.09 0
      vertex 143.976 182.09 4
    endloop
  endfacet
  facet normal 0.998803 0.0489209 0
    outer loop
      vertex 143.976 182.09 0
      vertex 144 181.6 4
      vertex 144 181.6 0
    endloop
  endfacet
  facet normal 0.146844 -0.98916 0
    outer loop
      vertex 139.49 10.6241 0
      vertex 139.975 10.6961 4
      vertex 139.49 10.6241 4
    endloop
  endfacet
  facet normal 0.146844 -0.98916 0
    outer loop
      vertex 139.975 10.6961 4
      vertex 139.49 10.6241 0
      vertex 139.975 10.6961 0
    endloop
  endfacet
  facet normal 0.741874 0.67054 0
    outer loop
      vertex 142.865 184.772 4
      vertex 142.536 185.136 0
      vertex 142.536 185.136 4
    endloop
  endfacet
  facet normal 0.741874 0.67054 0
    outer loop
      vertex 142.536 185.136 0
      vertex 142.865 184.772 4
      vertex 142.865 184.772 0
    endloop
  endfacet
  facet normal 0.242919 -0.970047 0
    outer loop
      vertex 139.975 10.6961 0
      vertex 140.451 10.8153 4
      vertex 139.975 10.6961 4
    endloop
  endfacet
  facet normal 0.242919 -0.970047 0
    outer loop
      vertex 140.451 10.8153 4
      vertex 139.975 10.6961 0
      vertex 140.451 10.8153 0
    endloop
  endfacet
  facet normal 0.0491243 -0.998793 0
    outer loop
      vertex 139 10.6 0
      vertex 139.49 10.6241 4
      vertex 139 10.6 4
    endloop
  endfacet
  facet normal 0.0491243 -0.998793 0
    outer loop
      vertex 139.49 10.6241 4
      vertex 139 10.6 0
      vertex 139.49 10.6241 0
    endloop
  endfacet
  facet normal 0.970143 -0.242536 0
    outer loop
      vertex 143.785 14.1486 4
      vertex 143.904 14.6246 0
      vertex 143.904 14.6246 4
    endloop
  endfacet
  facet normal 0.970143 -0.242536 0
    outer loop
      vertex 143.904 14.6246 0
      vertex 143.785 14.1486 4
      vertex 143.785 14.1486 0
    endloop
  endfacet
  facet normal 0.67054 0.741874 -0
    outer loop
      vertex 142.536 185.136 0
      vertex 142.172 185.465 4
      vertex 142.536 185.136 4
    endloop
  endfacet
  facet normal 0.67054 0.741874 0
    outer loop
      vertex 142.172 185.465 4
      vertex 142.536 185.136 0
      vertex 142.172 185.465 0
    endloop
  endfacet
  facet normal 0.595423 0.803413 -0
    outer loop
      vertex 142.172 185.465 0
      vertex 141.778 185.757 4
      vertex 142.172 185.465 4
    endloop
  endfacet
  facet normal 0.595423 0.803413 0
    outer loop
      vertex 141.778 185.757 4
      vertex 142.172 185.465 0
      vertex 141.778 185.757 0
    endloop
  endfacet
  facet normal 0.941095 -0.338142 0
    outer loop
      vertex 143.619 13.6866 4
      vertex 143.785 14.1486 0
      vertex 143.785 14.1486 4
    endloop
  endfacet
  facet normal 0.941095 -0.338142 0
    outer loop
      vertex 143.785 14.1486 0
      vertex 143.619 13.6866 4
      vertex 143.619 13.6866 0
    endloop
  endfacet
  facet normal 0.970143 0.242536 0
    outer loop
      vertex 143.904 182.575 4
      vertex 143.785 183.051 0
      vertex 143.785 183.051 4
    endloop
  endfacet
  facet normal 0.970143 0.242536 0
    outer loop
      vertex 143.785 183.051 0
      vertex 143.904 182.575 4
      vertex 143.904 182.575 0
    endloop
  endfacet
  facet normal -0.989162 0.146826 0
    outer loop
      vertex 0.0240784 182.09 0
      vertex 0.0960693 182.575 4
      vertex 0.0960693 182.575 0
    endloop
  endfacet
  facet normal -0.989162 0.146826 0
    outer loop
      vertex 0.0960693 182.575 4
      vertex 0.0240784 182.09 0
      vertex 0.0240784 182.09 4
    endloop
  endfacet
  facet normal -0.970031 0.242982 0
    outer loop
      vertex 0.0960693 182.575 0
      vertex 0.215302 183.051 4
      vertex 0.215302 183.051 0
    endloop
  endfacet
  facet normal -0.970031 0.242982 0
    outer loop
      vertex 0.215302 183.051 4
      vertex 0.0960693 182.575 0
      vertex 0.0960693 182.575 4
    endloop
  endfacet
  facet normal 0.336879 -0.941548 0
    outer loop
      vertex 140.451 10.8153 0
      vertex 140.913 10.9806 4
      vertex 140.451 10.8153 4
    endloop
  endfacet
  facet normal 0.336879 -0.941548 0
    outer loop
      vertex 140.913 10.9806 4
      vertex 140.451 10.8153 0
      vertex 140.913 10.9806 0
    endloop
  endfacet
  facet normal 0.425895 0.904773 -0
    outer loop
      vertex 141.357 186.01 0
      vertex 140.913 186.219 4
      vertex 141.357 186.01 4
    endloop
  endfacet
  facet normal 0.425895 0.904773 0
    outer loop
      vertex 140.913 186.219 4
      vertex 141.357 186.01 0
      vertex 140.913 186.219 0
    endloop
  endfacet
  facet normal -0.941549 0.336875 0
    outer loop
      vertex 0.215302 183.051 0
      vertex 0.3806 183.513 4
      vertex 0.3806 183.513 0
    endloop
  endfacet
  facet normal -0.941549 0.336875 0
    outer loop
      vertex 0.3806 183.513 4
      vertex 0.215302 183.051 0
      vertex 0.215302 183.051 4
    endloop
  endfacet
  facet normal 0.335331 0.9421 -0
    outer loop
      vertex 71.3469 134.097 0
      vertex 71.139 134.171 4
      vertex 71.3469 134.097 4
    endloop
  endfacet
  facet normal 0.335331 0.9421 0
    outer loop
      vertex 71.139 134.171 4
      vertex 71.3469 134.097 0
      vertex 71.139 134.171 0
    endloop
  endfacet
  facet normal 0.596957 -0.802274 0
    outer loop
      vertex 70.5726 137.989 0
      vertex 70.75 138.121 4
      vertex 70.5726 137.989 4
    endloop
  endfacet
  facet normal 0.596957 -0.802274 0
    outer loop
      vertex 70.75 138.121 4
      vertex 70.5726 137.989 0
      vertex 70.75 138.121 0
    endloop
  endfacet
  facet normal -0.989135 -0.147009 0
    outer loop
      vertex 74.2392 136.471 0
      vertex 74.2068 136.689 4
      vertex 74.2068 136.689 0
    endloop
  endfacet
  facet normal -0.989135 -0.147009 0
    outer loop
      vertex 74.2068 136.689 4
      vertex 74.2392 136.471 0
      vertex 74.2392 136.471 4
    endloop
  endfacet
  facet normal -0.998808 -0.0488105 0
    outer loop
      vertex 74.25 136.25 0
      vertex 74.2392 136.471 4
      vertex 74.2392 136.471 0
    endloop
  endfacet
  facet normal -0.998808 -0.0488105 0
    outer loop
      vertex 74.2392 136.471 4
      vertex 74.25 136.25 0
      vertex 74.25 136.25 4
    endloop
  endfacet
  facet normal -0.969929 -0.243389 0
    outer loop
      vertex 74.2068 136.689 0
      vertex 74.1531 136.903 4
      vertex 74.1531 136.903 0
    endloop
  endfacet
  facet normal -0.969929 -0.243389 0
    outer loop
      vertex 74.1531 136.903 4
      vertex 74.2068 136.689 0
      vertex 74.2068 136.689 4
    endloop
  endfacet
  facet normal -0.144972 -0.989436 0
    outer loop
      vertex 72.2205 138.489 0
      vertex 72.4389 138.457 4
      vertex 72.2205 138.489 4
    endloop
  endfacet
  facet normal -0.144972 -0.989436 -0
    outer loop
      vertex 72.4389 138.457 4
      vertex 72.2205 138.489 0
      vertex 72.4389 138.457 0
    endloop
  endfacet
  facet normal 0.144972 -0.989436 0
    outer loop
      vertex 71.5611 138.457 0
      vertex 71.7795 138.489 4
      vertex 71.5611 138.457 4
    endloop
  endfacet
  facet normal 0.144972 -0.989436 0
    outer loop
      vertex 71.7795 138.489 4
      vertex 71.5611 138.457 0
      vertex 71.7795 138.489 0
    endloop
  endfacet
  facet normal -0.802713 -0.596366 0
    outer loop
      vertex 73.8708 137.5 0
      vertex 73.7393 137.677 4
      vertex 73.7393 137.677 0
    endloop
  endfacet
  facet normal -0.802713 -0.596366 0
    outer loop
      vertex 73.7393 137.677 4
      vertex 73.8708 137.5 0
      vertex 73.8708 137.5 4
    endloop
  endfacet
  facet normal -0.51236 0.858771 0
    outer loop
      vertex 73.25 134.379 0
      vertex 73.0606 134.266 4
      vertex 73.25 134.379 4
    endloop
  endfacet
  facet normal -0.51236 0.858771 0
    outer loop
      vertex 73.0606 134.266 4
      vertex 73.25 134.379 0
      vertex 73.0606 134.266 0
    endloop
  endfacet
  facet normal -0.596957 -0.802274 0
    outer loop
      vertex 73.25 138.121 0
      vertex 73.4274 137.989 4
      vertex 73.25 138.121 4
    endloop
  endfacet
  facet normal -0.596957 -0.802274 -0
    outer loop
      vertex 73.4274 137.989 4
      vertex 73.25 138.121 0
      vertex 73.4274 137.989 0
    endloop
  endfacet
  facet normal -0.998808 0.0488105 0
    outer loop
      vertex 74.2392 136.029 0
      vertex 74.25 136.25 4
      vertex 74.25 136.25 0
    endloop
  endfacet
  facet normal -0.998808 0.0488105 0
    outer loop
      vertex 74.25 136.25 4
      vertex 74.2392 136.029 0
      vertex 74.2392 136.029 4
    endloop
  endfacet
  facet normal 0.244452 -0.969661 0
    outer loop
      vertex 71.3469 138.403 0
      vertex 71.5611 138.457 4
      vertex 71.3469 138.403 4
    endloop
  endfacet
  facet normal 0.244452 -0.969661 0
    outer loop
      vertex 71.5611 138.457 4
      vertex 71.3469 138.403 0
      vertex 71.5611 138.457 0
    endloop
  endfacet
  facet normal -0.429758 -0.902944 0
    outer loop
      vertex 72.861 138.329 0
      vertex 73.0606 138.234 4
      vertex 72.861 138.329 4
    endloop
  endfacet
  facet normal -0.429758 -0.902944 -0
    outer loop
      vertex 73.0606 138.234 4
      vertex 72.861 138.329 0
      vertex 73.0606 138.234 0
    endloop
  endfacet
  facet normal 0.244452 0.969661 -0
    outer loop
      vertex 71.5611 134.043 0
      vertex 71.3469 134.097 4
      vertex 71.5611 134.043 4
    endloop
  endfacet
  facet normal 0.244452 0.969661 0
    outer loop
      vertex 71.3469 134.097 4
      vertex 71.5611 134.043 0
      vertex 71.3469 134.097 0
    endloop
  endfacet
  facet normal 0.989135 0.147009 0
    outer loop
      vertex 69.7932 135.811 4
      vertex 69.7608 136.029 0
      vertex 69.7608 136.029 4
    endloop
  endfacet
  facet normal 0.989135 0.147009 0
    outer loop
      vertex 69.7608 136.029 0
      vertex 69.7932 135.811 4
      vertex 69.7932 135.811 0
    endloop
  endfacet
  facet normal -0.670866 0.741579 0
    outer loop
      vertex 73.591 134.659 0
      vertex 73.4274 134.511 4
      vertex 73.591 134.659 4
    endloop
  endfacet
  facet normal -0.670866 0.741579 0
    outer loop
      vertex 73.4274 134.511 4
      vertex 73.591 134.659 0
      vertex 73.4274 134.511 0
    endloop
  endfacet
  facet normal 0.429758 -0.902944 0
    outer loop
      vertex 70.9394 138.234 0
      vertex 71.139 138.329 4
      vertex 70.9394 138.234 4
    endloop
  endfacet
  facet normal 0.429758 -0.902944 0
    outer loop
      vertex 71.139 138.329 4
      vertex 70.9394 138.234 0
      vertex 71.139 138.329 0
    endloop
  endfacet
  facet normal -0.335331 0.9421 0
    outer loop
      vertex 72.861 134.171 0
      vertex 72.6531 134.097 4
      vertex 72.861 134.171 4
    endloop
  endfacet
  facet normal -0.335331 0.9421 0
    outer loop
      vertex 72.6531 134.097 4
      vertex 72.861 134.171 0
      vertex 72.6531 134.097 0
    endloop
  endfacet
  facet normal 0.904326 -0.426842 0
    outer loop
      vertex 69.9213 137.111 4
      vertex 70.0157 137.311 0
      vertex 70.0157 137.311 4
    endloop
  endfacet
  facet normal 0.904326 -0.426842 0
    outer loop
      vertex 70.0157 137.311 0
      vertex 69.9213 137.111 4
      vertex 69.9213 137.111 0
    endloop
  endfacet
  facet normal 0.802713 0.596366 0
    outer loop
      vertex 70.2607 134.823 4
      vertex 70.1292 135 0
      vertex 70.1292 135 4
    endloop
  endfacet
  facet normal 0.802713 0.596366 0
    outer loop
      vertex 70.1292 135 0
      vertex 70.2607 134.823 4
      vertex 70.2607 134.823 0
    endloop
  endfacet
  facet normal 0.51236 0.858771 -0
    outer loop
      vertex 70.9394 134.266 0
      vertex 70.75 134.379 4
      vertex 70.9394 134.266 4
    endloop
  endfacet
  facet normal 0.51236 0.858771 0
    outer loop
      vertex 70.75 134.379 4
      vertex 70.9394 134.266 0
      vertex 70.75 134.379 0
    endloop
  endfacet
  facet normal -0.802713 0.596366 0
    outer loop
      vertex 73.7393 134.823 0
      vertex 73.8708 135 4
      vertex 73.8708 135 0
    endloop
  endfacet
  facet normal -0.802713 0.596366 0
    outer loop
      vertex 73.8708 135 4
      vertex 73.7393 134.823 0
      vertex 73.7393 134.823 4
    endloop
  endfacet
  facet normal 0.51236 -0.858771 0
    outer loop
      vertex 70.75 138.121 0
      vertex 70.9394 138.234 4
      vertex 70.75 138.121 4
    endloop
  endfacet
  facet normal 0.51236 -0.858771 0
    outer loop
      vertex 70.9394 138.234 4
      vertex 70.75 138.121 0
      vertex 70.9394 138.234 0
    endloop
  endfacet
  facet normal 0.429758 0.902944 -0
    outer loop
      vertex 71.139 134.171 0
      vertex 70.9394 134.266 4
      vertex 71.139 134.171 4
    endloop
  endfacet
  facet normal 0.429758 0.902944 0
    outer loop
      vertex 70.9394 134.266 4
      vertex 71.139 134.171 0
      vertex 70.9394 134.266 0
    endloop
  endfacet
  facet normal 0.596957 0.802274 -0
    outer loop
      vertex 70.75 134.379 0
      vertex 70.5726 134.511 4
      vertex 70.75 134.379 4
    endloop
  endfacet
  facet normal 0.596957 0.802274 0
    outer loop
      vertex 70.5726 134.511 4
      vertex 70.75 134.379 0
      vertex 70.5726 134.511 0
    endloop
  endfacet
  facet normal -0.335331 -0.9421 0
    outer loop
      vertex 72.6531 138.403 0
      vertex 72.861 138.329 4
      vertex 72.6531 138.403 4
    endloop
  endfacet
  facet normal -0.335331 -0.9421 -0
    outer loop
      vertex 72.861 138.329 4
      vertex 72.6531 138.403 0
      vertex 72.861 138.329 0
    endloop
  endfacet
  facet normal 0.741718 0.670712 0
    outer loop
      vertex 70.409 134.659 4
      vertex 70.2607 134.823 0
      vertex 70.2607 134.823 4
    endloop
  endfacet
  facet normal 0.741718 0.670712 0
    outer loop
      vertex 70.2607 134.823 0
      vertex 70.409 134.659 4
      vertex 70.409 134.659 0
    endloop
  endfacet
  facet normal 0.335331 -0.9421 0
    outer loop
      vertex 71.139 138.329 0
      vertex 71.3469 138.403 4
      vertex 71.139 138.329 4
    endloop
  endfacet
  facet normal 0.335331 -0.9421 0
    outer loop
      vertex 71.3469 138.403 4
      vertex 71.139 138.329 0
      vertex 71.3469 138.403 0
    endloop
  endfacet
  facet normal 0.904326 0.426842 0
    outer loop
      vertex 70.0157 135.189 4
      vertex 69.9213 135.389 0
      vertex 69.9213 135.389 4
    endloop
  endfacet
  facet normal 0.904326 0.426842 0
    outer loop
      vertex 69.9213 135.389 0
      vertex 70.0157 135.189 4
      vertex 70.0157 135.189 0
    endloop
  endfacet
  facet normal 0.941578 0.336795 0
    outer loop
      vertex 69.9213 135.389 4
      vertex 69.8469 135.597 0
      vertex 69.8469 135.597 4
    endloop
  endfacet
  facet normal 0.941578 0.336795 0
    outer loop
      vertex 69.8469 135.597 0
      vertex 69.9213 135.389 4
      vertex 69.9213 135.389 0
    endloop
  endfacet
  facet normal -0.904326 -0.426842 0
    outer loop
      vertex 74.0787 137.111 0
      vertex 73.9843 137.311 4
      vertex 73.9843 137.311 0
    endloop
  endfacet
  facet normal -0.904326 -0.426842 0
    outer loop
      vertex 73.9843 137.311 4
      vertex 74.0787 137.111 0
      vertex 74.0787 137.111 4
    endloop
  endfacet
  facet normal 0.969929 0.243389 0
    outer loop
      vertex 69.8469 135.597 4
      vertex 69.7932 135.811 0
      vertex 69.7932 135.811 4
    endloop
  endfacet
  facet normal 0.969929 0.243389 0
    outer loop
      vertex 69.7932 135.811 0
      vertex 69.8469 135.597 4
      vertex 69.8469 135.597 0
    endloop
  endfacet
  facet normal -0.670866 -0.741579 0
    outer loop
      vertex 73.4274 137.989 0
      vertex 73.591 137.841 4
      vertex 73.4274 137.989 4
    endloop
  endfacet
  facet normal -0.670866 -0.741579 -0
    outer loop
      vertex 73.591 137.841 4
      vertex 73.4274 137.989 0
      vertex 73.591 137.841 0
    endloop
  endfacet
  facet normal -0.969929 0.243389 0
    outer loop
      vertex 74.1531 135.597 0
      vertex 74.2068 135.811 4
      vertex 74.2068 135.811 0
    endloop
  endfacet
  facet normal -0.969929 0.243389 0
    outer loop
      vertex 74.2068 135.811 4
      vertex 74.1531 135.597 0
      vertex 74.1531 135.597 4
    endloop
  endfacet
  facet normal -0.741718 0.670712 0
    outer loop
      vertex 73.591 134.659 0
      vertex 73.7393 134.823 4
      vertex 73.7393 134.823 0
    endloop
  endfacet
  facet normal -0.741718 0.670712 0
    outer loop
      vertex 73.7393 134.823 4
      vertex 73.591 134.659 0
      vertex 73.591 134.659 4
    endloop
  endfacet
  facet normal -0.144972 0.989436 0
    outer loop
      vertex 72.4389 134.043 0
      vertex 72.2205 134.011 4
      vertex 72.4389 134.043 4
    endloop
  endfacet
  facet normal -0.144972 0.989436 0
    outer loop
      vertex 72.2205 134.011 4
      vertex 72.4389 134.043 0
      vertex 72.2205 134.011 0
    endloop
  endfacet
  facet normal 0.989135 -0.147009 0
    outer loop
      vertex 69.7608 136.471 4
      vertex 69.7932 136.689 0
      vertex 69.7932 136.689 4
    endloop
  endfacet
  facet normal 0.989135 -0.147009 0
    outer loop
      vertex 69.7932 136.689 0
      vertex 69.7608 136.471 4
      vertex 69.7608 136.471 0
    endloop
  endfacet
  facet normal -0.51236 -0.858771 0
    outer loop
      vertex 73.0606 138.234 0
      vertex 73.25 138.121 4
      vertex 73.0606 138.234 4
    endloop
  endfacet
  facet normal -0.51236 -0.858771 -0
    outer loop
      vertex 73.25 138.121 4
      vertex 73.0606 138.234 0
      vertex 73.25 138.121 0
    endloop
  endfacet
  facet normal 0.969929 -0.243389 0
    outer loop
      vertex 69.7932 136.689 4
      vertex 69.8469 136.903 0
      vertex 69.8469 136.903 4
    endloop
  endfacet
  facet normal 0.969929 -0.243389 0
    outer loop
      vertex 69.8469 136.903 0
      vertex 69.7932 136.689 4
      vertex 69.7932 136.689 0
    endloop
  endfacet
  facet normal -0.941578 -0.336795 0
    outer loop
      vertex 74.1531 136.903 0
      vertex 74.0787 137.111 4
      vertex 74.0787 137.111 0
    endloop
  endfacet
  facet normal -0.941578 -0.336795 0
    outer loop
      vertex 74.0787 137.111 4
      vertex 74.1531 136.903 0
      vertex 74.1531 136.903 4
    endloop
  endfacet
  facet normal -0.244452 -0.969661 0
    outer loop
      vertex 72.4389 138.457 0
      vertex 72.6531 138.403 4
      vertex 72.4389 138.457 4
    endloop
  endfacet
  facet normal -0.244452 -0.969661 -0
    outer loop
      vertex 72.6531 138.403 4
      vertex 72.4389 138.457 0
      vertex 72.6531 138.403 0
    endloop
  endfacet
  facet normal -0.0498247 -0.998758 0
    outer loop
      vertex 72 138.5 0
      vertex 72.2205 138.489 4
      vertex 72 138.5 4
    endloop
  endfacet
  facet normal -0.0498247 -0.998758 -0
    outer loop
      vertex 72.2205 138.489 4
      vertex 72 138.5 0
      vertex 72.2205 138.489 0
    endloop
  endfacet
  facet normal -0.429758 0.902944 0
    outer loop
      vertex 73.0606 134.266 0
      vertex 72.861 134.171 4
      vertex 73.0606 134.266 4
    endloop
  endfacet
  facet normal -0.429758 0.902944 0
    outer loop
      vertex 72.861 134.171 4
      vertex 73.0606 134.266 0
      vertex 72.861 134.171 0
    endloop
  endfacet
  facet normal 0.0498247 -0.998758 0
    outer loop
      vertex 71.7795 138.489 0
      vertex 72 138.5 4
      vertex 71.7795 138.489 4
    endloop
  endfacet
  facet normal 0.0498247 -0.998758 0
    outer loop
      vertex 72 138.5 4
      vertex 71.7795 138.489 0
      vertex 72 138.5 0
    endloop
  endfacet
  facet normal -0.989135 0.147009 0
    outer loop
      vertex 74.2068 135.811 0
      vertex 74.2392 136.029 4
      vertex 74.2392 136.029 0
    endloop
  endfacet
  facet normal -0.989135 0.147009 0
    outer loop
      vertex 74.2392 136.029 4
      vertex 74.2068 135.811 0
      vertex 74.2068 135.811 4
    endloop
  endfacet
  facet normal -0.857293 -0.514829 0
    outer loop
      vertex 73.9843 137.311 0
      vertex 73.8708 137.5 4
      vertex 73.8708 137.5 0
    endloop
  endfacet
  facet normal -0.857293 -0.514829 0
    outer loop
      vertex 73.8708 137.5 4
      vertex 73.9843 137.311 0
      vertex 73.9843 137.311 4
    endloop
  endfacet
  facet normal 0.670866 -0.741579 0
    outer loop
      vertex 70.409 137.841 0
      vertex 70.5726 137.989 4
      vertex 70.409 137.841 4
    endloop
  endfacet
  facet normal 0.670866 -0.741579 0
    outer loop
      vertex 70.5726 137.989 4
      vertex 70.409 137.841 0
      vertex 70.5726 137.989 0
    endloop
  endfacet
  facet normal -0.244452 0.969661 0
    outer loop
      vertex 72.6531 134.097 0
      vertex 72.4389 134.043 4
      vertex 72.6531 134.097 4
    endloop
  endfacet
  facet normal -0.244452 0.969661 0
    outer loop
      vertex 72.4389 134.043 4
      vertex 72.6531 134.097 0
      vertex 72.4389 134.043 0
    endloop
  endfacet
  facet normal 0.0498247 0.998758 -0
    outer loop
      vertex 72 134 0
      vertex 71.7795 134.011 4
      vertex 72 134 4
    endloop
  endfacet
  facet normal 0.0498247 0.998758 0
    outer loop
      vertex 71.7795 134.011 4
      vertex 72 134 0
      vertex 71.7795 134.011 0
    endloop
  endfacet
  facet normal 0.741718 -0.670712 0
    outer loop
      vertex 70.2607 137.677 4
      vertex 70.409 137.841 0
      vertex 70.409 137.841 4
    endloop
  endfacet
  facet normal 0.741718 -0.670712 0
    outer loop
      vertex 70.409 137.841 0
      vertex 70.2607 137.677 4
      vertex 70.2607 137.677 0
    endloop
  endfacet
  facet normal 0.941578 -0.336795 0
    outer loop
      vertex 69.8469 136.903 4
      vertex 69.9213 137.111 0
      vertex 69.9213 137.111 4
    endloop
  endfacet
  facet normal 0.941578 -0.336795 0
    outer loop
      vertex 69.9213 137.111 0
      vertex 69.8469 136.903 4
      vertex 69.8469 136.903 0
    endloop
  endfacet
  facet normal -0.904326 0.426842 0
    outer loop
      vertex 73.9843 135.189 0
      vertex 74.0787 135.389 4
      vertex 74.0787 135.389 0
    endloop
  endfacet
  facet normal -0.904326 0.426842 0
    outer loop
      vertex 74.0787 135.389 4
      vertex 73.9843 135.189 0
      vertex 73.9843 135.189 4
    endloop
  endfacet
  facet normal -0.0498247 0.998758 0
    outer loop
      vertex 72.2205 134.011 0
      vertex 72 134 4
      vertex 72.2205 134.011 4
    endloop
  endfacet
  facet normal -0.0498247 0.998758 0
    outer loop
      vertex 72 134 4
      vertex 72.2205 134.011 0
      vertex 72 134 0
    endloop
  endfacet
  facet normal 0.670866 0.741579 -0
    outer loop
      vertex 70.5726 134.511 0
      vertex 70.409 134.659 4
      vertex 70.5726 134.511 4
    endloop
  endfacet
  facet normal 0.670866 0.741579 0
    outer loop
      vertex 70.409 134.659 4
      vertex 70.5726 134.511 0
      vertex 70.409 134.659 0
    endloop
  endfacet
  facet normal -0.941578 0.336795 0
    outer loop
      vertex 74.0787 135.389 0
      vertex 74.1531 135.597 4
      vertex 74.1531 135.597 0
    endloop
  endfacet
  facet normal -0.941578 0.336795 0
    outer loop
      vertex 74.1531 135.597 4
      vertex 74.0787 135.389 0
      vertex 74.0787 135.389 4
    endloop
  endfacet
  facet normal 0.998808 -0.0488105 0
    outer loop
      vertex 69.75 136.25 4
      vertex 69.7608 136.471 0
      vertex 69.7608 136.471 4
    endloop
  endfacet
  facet normal 0.998808 -0.0488105 0
    outer loop
      vertex 69.7608 136.471 0
      vertex 69.75 136.25 4
      vertex 69.75 136.25 0
    endloop
  endfacet
  facet normal -0.741718 -0.670712 0
    outer loop
      vertex 73.7393 137.677 0
      vertex 73.591 137.841 4
      vertex 73.591 137.841 0
    endloop
  endfacet
  facet normal -0.741718 -0.670712 0
    outer loop
      vertex 73.591 137.841 4
      vertex 73.7393 137.677 0
      vertex 73.7393 137.677 4
    endloop
  endfacet
  facet normal -0.596957 0.802274 0
    outer loop
      vertex 73.4274 134.511 0
      vertex 73.25 134.379 4
      vertex 73.4274 134.511 4
    endloop
  endfacet
  facet normal -0.596957 0.802274 0
    outer loop
      vertex 73.25 134.379 4
      vertex 73.4274 134.511 0
      vertex 73.25 134.379 0
    endloop
  endfacet
  facet normal -0.857293 0.514829 0
    outer loop
      vertex 73.8708 135 0
      vertex 73.9843 135.189 4
      vertex 73.9843 135.189 0
    endloop
  endfacet
  facet normal -0.857293 0.514829 0
    outer loop
      vertex 73.9843 135.189 4
      vertex 73.8708 135 0
      vertex 73.8708 135 4
    endloop
  endfacet
  facet normal 0.857293 -0.514829 0
    outer loop
      vertex 70.0157 137.311 4
      vertex 70.1292 137.5 0
      vertex 70.1292 137.5 4
    endloop
  endfacet
  facet normal 0.857293 -0.514829 0
    outer loop
      vertex 70.1292 137.5 0
      vertex 70.0157 137.311 4
      vertex 70.0157 137.311 0
    endloop
  endfacet
  facet normal 0.857293 0.514829 0
    outer loop
      vertex 70.1292 135 4
      vertex 70.0157 135.189 0
      vertex 70.0157 135.189 4
    endloop
  endfacet
  facet normal 0.857293 0.514829 0
    outer loop
      vertex 70.0157 135.189 0
      vertex 70.1292 135 4
      vertex 70.1292 135 0
    endloop
  endfacet
  facet normal 0.998808 0.0488105 0
    outer loop
      vertex 69.7608 136.029 4
      vertex 69.75 136.25 0
      vertex 69.75 136.25 4
    endloop
  endfacet
  facet normal 0.998808 0.0488105 0
    outer loop
      vertex 69.75 136.25 0
      vertex 69.7608 136.029 4
      vertex 69.7608 136.029 0
    endloop
  endfacet
  facet normal 0.144972 0.989436 -0
    outer loop
      vertex 71.7795 134.011 0
      vertex 71.5611 134.043 4
      vertex 71.7795 134.011 4
    endloop
  endfacet
  facet normal 0.144972 0.989436 0
    outer loop
      vertex 71.5611 134.043 4
      vertex 71.7795 134.011 0
      vertex 71.5611 134.043 0
    endloop
  endfacet
  facet normal 0.802713 -0.596366 0
    outer loop
      vertex 70.1292 137.5 4
      vertex 70.2607 137.677 0
      vertex 70.2607 137.677 4
    endloop
  endfacet
  facet normal 0.802713 -0.596366 0
    outer loop
      vertex 70.2607 137.677 0
      vertex 70.1292 137.5 4
      vertex 70.1292 137.5 0
    endloop
  endfacet
  facet normal -0.514029 -0.857773 0
    outer loop
      vertex 73.0606 54.9343 0
      vertex 73.25 54.8208 4
      vertex 73.0606 54.9343 4
    endloop
  endfacet
  facet normal -0.514029 -0.857773 -0
    outer loop
      vertex 73.25 54.8208 4
      vertex 73.0606 54.9343 0
      vertex 73.25 54.8208 0
    endloop
  endfacet
  facet normal -0.989184 -0.14668 0
    outer loop
      vertex 74.2392 53.1705 0
      vertex 74.2068 53.389 4
      vertex 74.2068 53.389 0
    endloop
  endfacet
  facet normal -0.989184 -0.14668 0
    outer loop
      vertex 74.2068 53.389 4
      vertex 74.2392 53.1705 0
      vertex 74.2392 53.1705 4
    endloop
  endfacet
  facet normal -0.998803 -0.0489209 0
    outer loop
      vertex 74.25 52.95 0
      vertex 74.2392 53.1705 4
      vertex 74.2392 53.1705 0
    endloop
  endfacet
  facet normal -0.998803 -0.0489209 0
    outer loop
      vertex 74.2392 53.1705 4
      vertex 74.25 52.95 0
      vertex 74.25 52.95 4
    endloop
  endfacet
  facet normal -0.969956 -0.243282 0
    outer loop
      vertex 74.2068 53.389 0
      vertex 74.1531 53.6031 4
      vertex 74.1531 53.6031 0
    endloop
  endfacet
  facet normal -0.969956 -0.243282 0
    outer loop
      vertex 74.1531 53.6031 4
      vertex 74.2068 53.389 0
      vertex 74.2068 53.389 4
    endloop
  endfacet
  facet normal 0.595498 -0.803357 0
    outer loop
      vertex 70.5726 54.6893 0
      vertex 70.75 54.8208 4
      vertex 70.5726 54.6893 4
    endloop
  endfacet
  facet normal 0.595498 -0.803357 0
    outer loop
      vertex 70.75 54.8208 4
      vertex 70.5726 54.6893 0
      vertex 70.75 54.8208 0
    endloop
  endfacet
  facet normal -0.671613 0.740902 0
    outer loop
      vertex 73.591 51.359 0
      vertex 73.4274 51.2107 4
      vertex 73.591 51.359 4
    endloop
  endfacet
  facet normal -0.671613 0.740902 0
    outer loop
      vertex 73.4274 51.2107 4
      vertex 73.591 51.359 0
      vertex 73.4274 51.2107 0
    endloop
  endfacet
  facet normal -0.146746 0.989174 0
    outer loop
      vertex 72.4389 50.7432 0
      vertex 72.2205 50.7108 4
      vertex 72.4389 50.7432 4
    endloop
  endfacet
  facet normal -0.146746 0.989174 0
    outer loop
      vertex 72.2205 50.7108 4
      vertex 72.4389 50.7432 0
      vertex 72.2205 50.7108 0
    endloop
  endfacet
  facet normal 0.0489209 -0.998803 0
    outer loop
      vertex 71.7795 55.1892 0
      vertex 72 55.2 4
      vertex 71.7795 55.1892 4
    endloop
  endfacet
  facet normal 0.0489209 -0.998803 0
    outer loop
      vertex 72 55.2 4
      vertex 71.7795 55.1892 0
      vertex 72 55.2 0
    endloop
  endfacet
  facet normal -0.427541 0.903996 0
    outer loop
      vertex 73.0606 50.9657 0
      vertex 72.861 50.8713 4
      vertex 73.0606 50.9657 4
    endloop
  endfacet
  facet normal -0.427541 0.903996 0
    outer loop
      vertex 72.861 50.8713 4
      vertex 73.0606 50.9657 0
      vertex 72.861 50.8713 0
    endloop
  endfacet
  facet normal -0.998803 0.0489209 0
    outer loop
      vertex 74.2392 52.7295 0
      vertex 74.25 52.95 4
      vertex 74.25 52.95 0
    endloop
  endfacet
  facet normal -0.998803 0.0489209 0
    outer loop
      vertex 74.25 52.95 4
      vertex 74.2392 52.7295 0
      vertex 74.2392 52.7295 4
    endloop
  endfacet
  facet normal -0.336939 -0.941527 0
    outer loop
      vertex 72.6531 55.1031 0
      vertex 72.861 55.0287 4
      vertex 72.6531 55.1031 4
    endloop
  endfacet
  facet normal -0.336939 -0.941527 -0
    outer loop
      vertex 72.861 55.0287 4
      vertex 72.6531 55.1031 0
      vertex 72.861 55.0287 0
    endloop
  endfacet
  facet normal -0.941527 0.336939 0
    outer loop
      vertex 74.0787 52.089 0
      vertex 74.1531 52.2969 4
      vertex 74.1531 52.2969 0
    endloop
  endfacet
  facet normal -0.941527 0.336939 0
    outer loop
      vertex 74.1531 52.2969 4
      vertex 74.0787 52.089 0
      vertex 74.0787 52.089 4
    endloop
  endfacet
  facet normal -0.0489209 0.998803 0
    outer loop
      vertex 72.2205 50.7108 0
      vertex 72 50.7 4
      vertex 72.2205 50.7108 4
    endloop
  endfacet
  facet normal -0.0489209 0.998803 0
    outer loop
      vertex 72 50.7 4
      vertex 72.2205 50.7108 0
      vertex 72 50.7 0
    endloop
  endfacet
  facet normal -0.514029 0.857773 0
    outer loop
      vertex 73.25 51.0792 0
      vertex 73.0606 50.9657 4
      vertex 73.25 51.0792 4
    endloop
  endfacet
  facet normal -0.514029 0.857773 0
    outer loop
      vertex 73.0606 50.9657 4
      vertex 73.25 51.0792 0
      vertex 73.0606 50.9657 0
    endloop
  endfacet
  facet normal 0.427541 -0.903996 0
    outer loop
      vertex 70.9394 54.9343 0
      vertex 71.139 55.0287 4
      vertex 70.9394 54.9343 4
    endloop
  endfacet
  facet normal 0.427541 -0.903996 0
    outer loop
      vertex 71.139 55.0287 4
      vertex 70.9394 54.9343 0
      vertex 71.139 55.0287 0
    endloop
  endfacet
  facet normal 0.514029 0.857773 -0
    outer loop
      vertex 70.9394 50.9657 0
      vertex 70.75 51.0792 4
      vertex 70.9394 50.9657 4
    endloop
  endfacet
  facet normal 0.514029 0.857773 0
    outer loop
      vertex 70.75 51.0792 4
      vertex 70.9394 50.9657 0
      vertex 70.75 51.0792 0
    endloop
  endfacet
  facet normal 0.146746 0.989174 -0
    outer loop
      vertex 71.7795 50.7108 0
      vertex 71.5611 50.7432 4
      vertex 71.7795 50.7108 4
    endloop
  endfacet
  facet normal 0.146746 0.989174 0
    outer loop
      vertex 71.5611 50.7432 4
      vertex 71.7795 50.7108 0
      vertex 71.5611 50.7432 0
    endloop
  endfacet
  facet normal -0.0489209 -0.998803 0
    outer loop
      vertex 72 55.2 0
      vertex 72.2205 55.1892 4
      vertex 72 55.2 4
    endloop
  endfacet
  facet normal -0.0489209 -0.998803 -0
    outer loop
      vertex 72.2205 55.1892 4
      vertex 72 55.2 0
      vertex 72.2205 55.1892 0
    endloop
  endfacet
  facet normal 0.146746 -0.989174 0
    outer loop
      vertex 71.5611 55.1568 0
      vertex 71.7795 55.1892 4
      vertex 71.5611 55.1568 4
    endloop
  endfacet
  facet normal 0.146746 -0.989174 0
    outer loop
      vertex 71.7795 55.1892 4
      vertex 71.5611 55.1568 0
      vertex 71.7795 55.1892 0
    endloop
  endfacet
  facet normal 0.243175 -0.969982 0
    outer loop
      vertex 71.3469 55.1031 0
      vertex 71.5611 55.1568 4
      vertex 71.3469 55.1031 4
    endloop
  endfacet
  facet normal 0.243175 -0.969982 0
    outer loop
      vertex 71.5611 55.1568 4
      vertex 71.3469 55.1031 0
      vertex 71.5611 55.1568 0
    endloop
  endfacet
  facet normal -0.595498 -0.803357 0
    outer loop
      vertex 73.25 54.8208 0
      vertex 73.4274 54.6893 4
      vertex 73.25 54.8208 4
    endloop
  endfacet
  facet normal -0.595498 -0.803357 -0
    outer loop
      vertex 73.4274 54.6893 4
      vertex 73.25 54.8208 0
      vertex 73.4274 54.6893 0
    endloop
  endfacet
  facet normal 0.989184 0.14668 0
    outer loop
      vertex 69.7932 52.511 4
      vertex 69.7608 52.7295 0
      vertex 69.7608 52.7295 4
    endloop
  endfacet
  facet normal 0.989184 0.14668 0
    outer loop
      vertex 69.7608 52.7295 0
      vertex 69.7932 52.511 4
      vertex 69.7932 52.511 0
    endloop
  endfacet
  facet normal -0.671613 -0.740902 0
    outer loop
      vertex 73.4274 54.6893 0
      vertex 73.591 54.541 4
      vertex 73.4274 54.6893 4
    endloop
  endfacet
  facet normal -0.671613 -0.740902 -0
    outer loop
      vertex 73.591 54.541 4
      vertex 73.4274 54.6893 0
      vertex 73.591 54.541 0
    endloop
  endfacet
  facet normal 0.0489209 0.998803 -0
    outer loop
      vertex 72 50.7 0
      vertex 71.7795 50.7108 4
      vertex 72 50.7 4
    endloop
  endfacet
  facet normal 0.0489209 0.998803 0
    outer loop
      vertex 71.7795 50.7108 4
      vertex 72 50.7 0
      vertex 71.7795 50.7108 0
    endloop
  endfacet
  facet normal 0.903996 -0.427541 0
    outer loop
      vertex 69.9213 53.811 4
      vertex 70.0157 54.0106 0
      vertex 70.0157 54.0106 4
    endloop
  endfacet
  facet normal 0.903996 -0.427541 0
    outer loop
      vertex 70.0157 54.0106 0
      vertex 69.9213 53.811 4
      vertex 69.9213 53.811 0
    endloop
  endfacet
  facet normal -0.803357 0.595498 0
    outer loop
      vertex 73.7393 51.5226 0
      vertex 73.8708 51.7 4
      vertex 73.8708 51.7 0
    endloop
  endfacet
  facet normal -0.803357 0.595498 0
    outer loop
      vertex 73.8708 51.7 4
      vertex 73.7393 51.5226 0
      vertex 73.7393 51.5226 4
    endloop
  endfacet
  facet normal -0.336939 0.941527 0
    outer loop
      vertex 72.861 50.8713 0
      vertex 72.6531 50.7969 4
      vertex 72.861 50.8713 4
    endloop
  endfacet
  facet normal -0.336939 0.941527 0
    outer loop
      vertex 72.6531 50.7969 4
      vertex 72.861 50.8713 0
      vertex 72.6531 50.7969 0
    endloop
  endfacet
  facet normal 0.671613 -0.740902 0
    outer loop
      vertex 70.409 54.541 0
      vertex 70.5726 54.6893 4
      vertex 70.409 54.541 4
    endloop
  endfacet
  facet normal 0.671613 -0.740902 0
    outer loop
      vertex 70.5726 54.6893 4
      vertex 70.409 54.541 0
      vertex 70.5726 54.6893 0
    endloop
  endfacet
  facet normal -0.740902 -0.671613 0
    outer loop
      vertex 73.7393 54.3774 0
      vertex 73.591 54.541 4
      vertex 73.591 54.541 0
    endloop
  endfacet
  facet normal -0.740902 -0.671613 0
    outer loop
      vertex 73.591 54.541 4
      vertex 73.7393 54.3774 0
      vertex 73.7393 54.3774 4
    endloop
  endfacet
  facet normal -0.903996 0.427541 0
    outer loop
      vertex 73.9843 51.8894 0
      vertex 74.0787 52.089 4
      vertex 74.0787 52.089 0
    endloop
  endfacet
  facet normal -0.903996 0.427541 0
    outer loop
      vertex 74.0787 52.089 4
      vertex 73.9843 51.8894 0
      vertex 73.9843 51.8894 4
    endloop
  endfacet
  facet normal 0.903996 0.427541 0
    outer loop
      vertex 70.0157 51.8894 4
      vertex 69.9213 52.089 0
      vertex 69.9213 52.089 4
    endloop
  endfacet
  facet normal 0.903996 0.427541 0
    outer loop
      vertex 69.9213 52.089 0
      vertex 70.0157 51.8894 4
      vertex 70.0157 51.8894 0
    endloop
  endfacet
  facet normal 0.671613 0.740902 -0
    outer loop
      vertex 70.5726 51.2107 0
      vertex 70.409 51.359 4
      vertex 70.5726 51.2107 4
    endloop
  endfacet
  facet normal 0.671613 0.740902 0
    outer loop
      vertex 70.409 51.359 4
      vertex 70.5726 51.2107 0
      vertex 70.409 51.359 0
    endloop
  endfacet
  facet normal -0.803357 -0.595498 0
    outer loop
      vertex 73.8708 54.2 0
      vertex 73.7393 54.3774 4
      vertex 73.7393 54.3774 0
    endloop
  endfacet
  facet normal -0.803357 -0.595498 0
    outer loop
      vertex 73.7393 54.3774 4
      vertex 73.8708 54.2 0
      vertex 73.8708 54.2 4
    endloop
  endfacet
  facet normal -0.427541 -0.903996 0
    outer loop
      vertex 72.861 55.0287 0
      vertex 73.0606 54.9343 4
      vertex 72.861 55.0287 4
    endloop
  endfacet
  facet normal -0.427541 -0.903996 -0
    outer loop
      vertex 73.0606 54.9343 4
      vertex 72.861 55.0287 0
      vertex 73.0606 54.9343 0
    endloop
  endfacet
  facet normal -0.857773 0.514029 0
    outer loop
      vertex 73.8708 51.7 0
      vertex 73.9843 51.8894 4
      vertex 73.9843 51.8894 0
    endloop
  endfacet
  facet normal -0.857773 0.514029 0
    outer loop
      vertex 73.9843 51.8894 4
      vertex 73.8708 51.7 0
      vertex 73.8708 51.7 4
    endloop
  endfacet
  facet normal 0.803357 -0.595498 0
    outer loop
      vertex 70.1292 54.2 4
      vertex 70.2607 54.3774 0
      vertex 70.2607 54.3774 4
    endloop
  endfacet
  facet normal 0.803357 -0.595498 0
    outer loop
      vertex 70.2607 54.3774 0
      vertex 70.1292 54.2 4
      vertex 70.1292 54.2 0
    endloop
  endfacet
  facet normal 0.336939 -0.941527 0
    outer loop
      vertex 71.139 55.0287 0
      vertex 71.3469 55.1031 4
      vertex 71.139 55.0287 4
    endloop
  endfacet
  facet normal 0.336939 -0.941527 0
    outer loop
      vertex 71.3469 55.1031 4
      vertex 71.139 55.0287 0
      vertex 71.3469 55.1031 0
    endloop
  endfacet
  facet normal 0.336939 0.941527 -0
    outer loop
      vertex 71.3469 50.7969 0
      vertex 71.139 50.8713 4
      vertex 71.3469 50.7969 4
    endloop
  endfacet
  facet normal 0.336939 0.941527 0
    outer loop
      vertex 71.139 50.8713 4
      vertex 71.3469 50.7969 0
      vertex 71.139 50.8713 0
    endloop
  endfacet
  facet normal -0.243175 0.969982 0
    outer loop
      vertex 72.6531 50.7969 0
      vertex 72.4389 50.7432 4
      vertex 72.6531 50.7969 4
    endloop
  endfacet
  facet normal -0.243175 0.969982 0
    outer loop
      vertex 72.4389 50.7432 4
      vertex 72.6531 50.7969 0
      vertex 72.4389 50.7432 0
    endloop
  endfacet
  facet normal -0.941527 -0.336939 0
    outer loop
      vertex 74.1531 53.6031 0
      vertex 74.0787 53.811 4
      vertex 74.0787 53.811 0
    endloop
  endfacet
  facet normal -0.941527 -0.336939 0
    outer loop
      vertex 74.0787 53.811 4
      vertex 74.1531 53.6031 0
      vertex 74.1531 53.6031 4
    endloop
  endfacet
  facet normal -0.969956 0.243282 0
    outer loop
      vertex 74.1531 52.2969 0
      vertex 74.2068 52.511 4
      vertex 74.2068 52.511 0
    endloop
  endfacet
  facet normal -0.969956 0.243282 0
    outer loop
      vertex 74.2068 52.511 4
      vertex 74.1531 52.2969 0
      vertex 74.1531 52.2969 4
    endloop
  endfacet
  facet normal -0.903996 -0.427541 0
    outer loop
      vertex 74.0787 53.811 0
      vertex 73.9843 54.0106 4
      vertex 73.9843 54.0106 0
    endloop
  endfacet
  facet normal -0.903996 -0.427541 0
    outer loop
      vertex 73.9843 54.0106 4
      vertex 74.0787 53.811 0
      vertex 74.0787 53.811 4
    endloop
  endfacet
  facet normal -0.989184 0.14668 0
    outer loop
      vertex 74.2068 52.511 0
      vertex 74.2392 52.7295 4
      vertex 74.2392 52.7295 0
    endloop
  endfacet
  facet normal -0.989184 0.14668 0
    outer loop
      vertex 74.2392 52.7295 4
      vertex 74.2068 52.511 0
      vertex 74.2068 52.511 4
    endloop
  endfacet
  facet normal -0.740902 0.671613 0
    outer loop
      vertex 73.591 51.359 0
      vertex 73.7393 51.5226 4
      vertex 73.7393 51.5226 0
    endloop
  endfacet
  facet normal -0.740902 0.671613 0
    outer loop
      vertex 73.7393 51.5226 4
      vertex 73.591 51.359 0
      vertex 73.591 51.359 4
    endloop
  endfacet
  facet normal -0.857773 -0.514029 0
    outer loop
      vertex 73.9843 54.0106 0
      vertex 73.8708 54.2 4
      vertex 73.8708 54.2 0
    endloop
  endfacet
  facet normal -0.857773 -0.514029 0
    outer loop
      vertex 73.8708 54.2 4
      vertex 73.9843 54.0106 0
      vertex 73.9843 54.0106 4
    endloop
  endfacet
  facet normal 0.941527 0.336939 0
    outer loop
      vertex 69.9213 52.089 4
      vertex 69.8469 52.2969 0
      vertex 69.8469 52.2969 4
    endloop
  endfacet
  facet normal 0.941527 0.336939 0
    outer loop
      vertex 69.8469 52.2969 0
      vertex 69.9213 52.089 4
      vertex 69.9213 52.089 0
    endloop
  endfacet
  facet normal -0.595498 0.803357 0
    outer loop
      vertex 73.4274 51.2107 0
      vertex 73.25 51.0792 4
      vertex 73.4274 51.2107 4
    endloop
  endfacet
  facet normal -0.595498 0.803357 0
    outer loop
      vertex 73.25 51.0792 4
      vertex 73.4274 51.2107 0
      vertex 73.25 51.0792 0
    endloop
  endfacet
  facet normal 0.969956 -0.243282 0
    outer loop
      vertex 69.7932 53.389 4
      vertex 69.8469 53.6031 0
      vertex 69.8469 53.6031 4
    endloop
  endfacet
  facet normal 0.969956 -0.243282 0
    outer loop
      vertex 69.8469 53.6031 0
      vertex 69.7932 53.389 4
      vertex 69.7932 53.389 0
    endloop
  endfacet
  facet normal 0.803357 0.595498 0
    outer loop
      vertex 70.2607 51.5226 4
      vertex 70.1292 51.7 0
      vertex 70.1292 51.7 4
    endloop
  endfacet
  facet normal 0.803357 0.595498 0
    outer loop
      vertex 70.1292 51.7 0
      vertex 70.2607 51.5226 4
      vertex 70.2607 51.5226 0
    endloop
  endfacet
  facet normal 0.998803 0.0489209 0
    outer loop
      vertex 69.7608 52.7295 4
      vertex 69.75 52.95 0
      vertex 69.75 52.95 4
    endloop
  endfacet
  facet normal 0.998803 0.0489209 0
    outer loop
      vertex 69.75 52.95 0
      vertex 69.7608 52.7295 4
      vertex 69.7608 52.7295 0
    endloop
  endfacet
  facet normal 0.740902 -0.671613 0
    outer loop
      vertex 70.2607 54.3774 4
      vertex 70.409 54.541 0
      vertex 70.409 54.541 4
    endloop
  endfacet
  facet normal 0.740902 -0.671613 0
    outer loop
      vertex 70.409 54.541 0
      vertex 70.2607 54.3774 4
      vertex 70.2607 54.3774 0
    endloop
  endfacet
  facet normal 0.969956 0.243282 0
    outer loop
      vertex 69.8469 52.2969 4
      vertex 69.7932 52.511 0
      vertex 69.7932 52.511 4
    endloop
  endfacet
  facet normal 0.969956 0.243282 0
    outer loop
      vertex 69.7932 52.511 0
      vertex 69.8469 52.2969 4
      vertex 69.8469 52.2969 0
    endloop
  endfacet
  facet normal 0.243175 0.969982 -0
    outer loop
      vertex 71.5611 50.7432 0
      vertex 71.3469 50.7969 4
      vertex 71.5611 50.7432 4
    endloop
  endfacet
  facet normal 0.243175 0.969982 0
    outer loop
      vertex 71.3469 50.7969 4
      vertex 71.5611 50.7432 0
      vertex 71.3469 50.7969 0
    endloop
  endfacet
  facet normal 0.989184 -0.14668 0
    outer loop
      vertex 69.7608 53.1705 4
      vertex 69.7932 53.389 0
      vertex 69.7932 53.389 4
    endloop
  endfacet
  facet normal 0.989184 -0.14668 0
    outer loop
      vertex 69.7932 53.389 0
      vertex 69.7608 53.1705 4
      vertex 69.7608 53.1705 0
    endloop
  endfacet
  facet normal 0.941527 -0.336939 0
    outer loop
      vertex 69.8469 53.6031 4
      vertex 69.9213 53.811 0
      vertex 69.9213 53.811 4
    endloop
  endfacet
  facet normal 0.941527 -0.336939 0
    outer loop
      vertex 69.9213 53.811 0
      vertex 69.8469 53.6031 4
      vertex 69.8469 53.6031 0
    endloop
  endfacet
  facet normal 0.514029 -0.857773 0
    outer loop
      vertex 70.75 54.8208 0
      vertex 70.9394 54.9343 4
      vertex 70.75 54.8208 4
    endloop
  endfacet
  facet normal 0.514029 -0.857773 0
    outer loop
      vertex 70.9394 54.9343 4
      vertex 70.75 54.8208 0
      vertex 70.9394 54.9343 0
    endloop
  endfacet
  facet normal 0.427541 0.903996 -0
    outer loop
      vertex 71.139 50.8713 0
      vertex 70.9394 50.9657 4
      vertex 71.139 50.8713 4
    endloop
  endfacet
  facet normal 0.427541 0.903996 0
    outer loop
      vertex 70.9394 50.9657 4
      vertex 71.139 50.8713 0
      vertex 70.9394 50.9657 0
    endloop
  endfacet
  facet normal -0.243175 -0.969982 0
    outer loop
      vertex 72.4389 55.1568 0
      vertex 72.6531 55.1031 4
      vertex 72.4389 55.1568 4
    endloop
  endfacet
  facet normal -0.243175 -0.969982 -0
    outer loop
      vertex 72.6531 55.1031 4
      vertex 72.4389 55.1568 0
      vertex 72.6531 55.1031 0
    endloop
  endfacet
  facet normal 0.998803 -0.0489209 0
    outer loop
      vertex 69.75 52.95 4
      vertex 69.7608 53.1705 0
      vertex 69.7608 53.1705 4
    endloop
  endfacet
  facet normal 0.998803 -0.0489209 0
    outer loop
      vertex 69.7608 53.1705 0
      vertex 69.75 52.95 4
      vertex 69.75 52.95 0
    endloop
  endfacet
  facet normal 0.857773 0.514029 0
    outer loop
      vertex 70.1292 51.7 4
      vertex 70.0157 51.8894 0
      vertex 70.0157 51.8894 4
    endloop
  endfacet
  facet normal 0.857773 0.514029 0
    outer loop
      vertex 70.0157 51.8894 0
      vertex 70.1292 51.7 4
      vertex 70.1292 51.7 0
    endloop
  endfacet
  facet normal 0.740902 0.671613 0
    outer loop
      vertex 70.409 51.359 4
      vertex 70.2607 51.5226 0
      vertex 70.2607 51.5226 4
    endloop
  endfacet
  facet normal 0.740902 0.671613 0
    outer loop
      vertex 70.2607 51.5226 0
      vertex 70.409 51.359 4
      vertex 70.409 51.359 0
    endloop
  endfacet
  facet normal 0.857773 -0.514029 0
    outer loop
      vertex 70.0157 54.0106 4
      vertex 70.1292 54.2 0
      vertex 70.1292 54.2 4
    endloop
  endfacet
  facet normal 0.857773 -0.514029 0
    outer loop
      vertex 70.1292 54.2 0
      vertex 70.0157 54.0106 4
      vertex 70.0157 54.0106 0
    endloop
  endfacet
  facet normal -0.146746 -0.989174 0
    outer loop
      vertex 72.2205 55.1892 0
      vertex 72.4389 55.1568 4
      vertex 72.2205 55.1892 4
    endloop
  endfacet
  facet normal -0.146746 -0.989174 -0
    outer loop
      vertex 72.4389 55.1568 4
      vertex 72.2205 55.1892 0
      vertex 72.4389 55.1568 0
    endloop
  endfacet
  facet normal 0.595498 0.803357 -0
    outer loop
      vertex 70.75 51.0792 0
      vertex 70.5726 51.2107 4
      vertex 70.75 51.0792 4
    endloop
  endfacet
  facet normal 0.595498 0.803357 0
    outer loop
      vertex 70.5726 51.2107 4
      vertex 70.75 51.0792 0
      vertex 70.5726 51.2107 0
    endloop
  endfacet
  facet normal -0.989135 -0.147009 0
    outer loop
      vertex 14.2392 169.821 0
      vertex 14.2068 170.039 4
      vertex 14.2068 170.039 0
    endloop
  endfacet
  facet normal -0.989135 -0.147009 0
    outer loop
      vertex 14.2068 170.039 4
      vertex 14.2392 169.821 0
      vertex 14.2392 169.821 4
    endloop
  endfacet
  facet normal -0.998808 -0.0488105 0
    outer loop
      vertex 14.25 169.6 0
      vertex 14.2392 169.821 4
      vertex 14.2392 169.821 0
    endloop
  endfacet
  facet normal -0.998808 -0.0488105 0
    outer loop
      vertex 14.2392 169.821 4
      vertex 14.25 169.6 0
      vertex 14.25 169.6 4
    endloop
  endfacet
  facet normal -0.969929 -0.243389 0
    outer loop
      vertex 14.2068 170.039 0
      vertex 14.1531 170.253 4
      vertex 14.1531 170.253 0
    endloop
  endfacet
  facet normal -0.969929 -0.243389 0
    outer loop
      vertex 14.1531 170.253 4
      vertex 14.2068 170.039 0
      vertex 14.2068 170.039 4
    endloop
  endfacet
  facet normal 0.24456 -0.969634 0
    outer loop
      vertex 11.3469 171.753 0
      vertex 11.561 171.807 4
      vertex 11.3469 171.753 4
    endloop
  endfacet
  facet normal 0.24456 -0.969634 0
    outer loop
      vertex 11.561 171.807 4
      vertex 11.3469 171.753 0
      vertex 11.561 171.807 0
    endloop
  endfacet
  facet normal 0.144907 -0.989445 0
    outer loop
      vertex 11.561 171.807 0
      vertex 11.7795 171.839 4
      vertex 11.561 171.807 4
    endloop
  endfacet
  facet normal 0.144907 -0.989445 0
    outer loop
      vertex 11.7795 171.839 4
      vertex 11.561 171.807 0
      vertex 11.7795 171.839 0
    endloop
  endfacet
  facet normal -0.335331 -0.9421 0
    outer loop
      vertex 12.6531 171.753 0
      vertex 12.861 171.679 4
      vertex 12.6531 171.753 4
    endloop
  endfacet
  facet normal -0.335331 -0.9421 -0
    outer loop
      vertex 12.861 171.679 4
      vertex 12.6531 171.753 0
      vertex 12.861 171.679 0
    endloop
  endfacet
  facet normal -0.144907 0.989445 0
    outer loop
      vertex 12.439 167.393 0
      vertex 12.2205 167.361 4
      vertex 12.439 167.393 4
    endloop
  endfacet
  facet normal -0.144907 0.989445 0
    outer loop
      vertex 12.2205 167.361 4
      vertex 12.439 167.393 0
      vertex 12.2205 167.361 0
    endloop
  endfacet
  facet normal -0.51236 -0.858771 0
    outer loop
      vertex 13.0606 171.584 0
      vertex 13.25 171.471 4
      vertex 13.0606 171.584 4
    endloop
  endfacet
  facet normal -0.51236 -0.858771 -0
    outer loop
      vertex 13.25 171.471 4
      vertex 13.0606 171.584 0
      vertex 13.25 171.471 0
    endloop
  endfacet
  facet normal -0.998808 0.0488105 0
    outer loop
      vertex 14.2392 169.379 0
      vertex 14.25 169.6 4
      vertex 14.25 169.6 0
    endloop
  endfacet
  facet normal -0.998808 0.0488105 0
    outer loop
      vertex 14.25 169.6 4
      vertex 14.2392 169.379 0
      vertex 14.2392 169.379 4
    endloop
  endfacet
  facet normal -0.24456 0.969634 0
    outer loop
      vertex 12.6531 167.447 0
      vertex 12.439 167.393 4
      vertex 12.6531 167.447 4
    endloop
  endfacet
  facet normal -0.24456 0.969634 0
    outer loop
      vertex 12.439 167.393 4
      vertex 12.6531 167.447 0
      vertex 12.439 167.393 0
    endloop
  endfacet
  facet normal 0.969982 0.243175 0
    outer loop
      vertex 9.84688 168.947 4
      vertex 9.79323 169.161 0
      vertex 9.79323 169.161 4
    endloop
  endfacet
  facet normal 0.969982 0.243175 0
    outer loop
      vertex 9.79323 169.161 0
      vertex 9.84688 168.947 4
      vertex 9.84688 168.947 0
    endloop
  endfacet
  facet normal -0.802713 0.596366 0
    outer loop
      vertex 13.7393 168.173 0
      vertex 13.8708 168.35 4
      vertex 13.8708 168.35 0
    endloop
  endfacet
  facet normal -0.802713 0.596366 0
    outer loop
      vertex 13.8708 168.35 4
      vertex 13.7393 168.173 0
      vertex 13.7393 168.173 4
    endloop
  endfacet
  facet normal 0.741718 0.670712 0
    outer loop
      vertex 10.409 168.009 4
      vertex 10.2607 168.173 0
      vertex 10.2607 168.173 4
    endloop
  endfacet
  facet normal 0.741718 0.670712 0
    outer loop
      vertex 10.2607 168.173 0
      vertex 10.409 168.009 4
      vertex 10.409 168.009 0
    endloop
  endfacet
  facet normal 0.144907 0.989445 -0
    outer loop
      vertex 11.7795 167.361 0
      vertex 11.561 167.393 4
      vertex 11.7795 167.361 4
    endloop
  endfacet
  facet normal 0.144907 0.989445 0
    outer loop
      vertex 11.561 167.393 4
      vertex 11.7795 167.361 0
      vertex 11.561 167.393 0
    endloop
  endfacet
  facet normal 0.989135 0.147009 0
    outer loop
      vertex 9.79323 169.161 4
      vertex 9.76083 169.379 0
      vertex 9.76083 169.379 4
    endloop
  endfacet
  facet normal 0.989135 0.147009 0
    outer loop
      vertex 9.76083 169.379 0
      vertex 9.79323 169.161 4
      vertex 9.79323 169.161 0
    endloop
  endfacet
  facet normal 0.24456 0.969634 -0
    outer loop
      vertex 11.561 167.393 0
      vertex 11.3469 167.447 4
      vertex 11.561 167.393 4
    endloop
  endfacet
  facet normal 0.24456 0.969634 0
    outer loop
      vertex 11.3469 167.447 4
      vertex 11.561 167.393 0
      vertex 11.3469 167.447 0
    endloop
  endfacet
  facet normal 0.429758 0.902944 -0
    outer loop
      vertex 11.139 167.521 0
      vertex 10.9394 167.616 4
      vertex 11.139 167.521 4
    endloop
  endfacet
  facet normal 0.429758 0.902944 0
    outer loop
      vertex 10.9394 167.616 4
      vertex 11.139 167.521 0
      vertex 10.9394 167.616 0
    endloop
  endfacet
  facet normal -0.51236 0.858771 0
    outer loop
      vertex 13.25 167.729 0
      vertex 13.0606 167.616 4
      vertex 13.25 167.729 4
    endloop
  endfacet
  facet normal -0.51236 0.858771 0
    outer loop
      vertex 13.0606 167.616 4
      vertex 13.25 167.729 0
      vertex 13.0606 167.616 0
    endloop
  endfacet
  facet normal 0.51236 0.858771 -0
    outer loop
      vertex 10.9394 167.616 0
      vertex 10.75 167.729 4
      vertex 10.9394 167.616 4
    endloop
  endfacet
  facet normal 0.51236 0.858771 0
    outer loop
      vertex 10.75 167.729 4
      vertex 10.9394 167.616 0
      vertex 10.75 167.729 0
    endloop
  endfacet
  facet normal -0.741718 -0.670712 0
    outer loop
      vertex 13.7393 171.027 0
      vertex 13.591 171.191 4
      vertex 13.591 171.191 0
    endloop
  endfacet
  facet normal -0.741718 -0.670712 0
    outer loop
      vertex 13.591 171.191 4
      vertex 13.7393 171.027 0
      vertex 13.7393 171.027 4
    endloop
  endfacet
  facet normal 0.596957 -0.802274 0
    outer loop
      vertex 10.5726 171.339 0
      vertex 10.75 171.471 4
      vertex 10.5726 171.339 4
    endloop
  endfacet
  facet normal 0.596957 -0.802274 0
    outer loop
      vertex 10.75 171.471 4
      vertex 10.5726 171.339 0
      vertex 10.75 171.471 0
    endloop
  endfacet
  facet normal 0.904274 -0.426953 0
    outer loop
      vertex 9.92127 170.461 4
      vertex 10.0157 170.661 0
      vertex 10.0157 170.661 4
    endloop
  endfacet
  facet normal 0.904274 -0.426953 0
    outer loop
      vertex 10.0157 170.661 0
      vertex 9.92127 170.461 4
      vertex 9.92127 170.461 0
    endloop
  endfacet
  facet normal -0.429758 0.902944 0
    outer loop
      vertex 13.0606 167.616 0
      vertex 12.861 167.521 4
      vertex 13.0606 167.616 4
    endloop
  endfacet
  facet normal -0.429758 0.902944 0
    outer loop
      vertex 12.861 167.521 4
      vertex 13.0606 167.616 0
      vertex 12.861 167.521 0
    endloop
  endfacet
  facet normal 0.335331 -0.9421 0
    outer loop
      vertex 11.139 171.679 0
      vertex 11.3469 171.753 4
      vertex 11.139 171.679 4
    endloop
  endfacet
  facet normal 0.335331 -0.9421 0
    outer loop
      vertex 11.3469 171.753 4
      vertex 11.139 171.679 0
      vertex 11.3469 171.753 0
    endloop
  endfacet
  facet normal -0.429758 -0.902944 0
    outer loop
      vertex 12.861 171.679 0
      vertex 13.0606 171.584 4
      vertex 12.861 171.679 4
    endloop
  endfacet
  facet normal -0.429758 -0.902944 -0
    outer loop
      vertex 13.0606 171.584 4
      vertex 12.861 171.679 0
      vertex 13.0606 171.584 0
    endloop
  endfacet
  facet normal -0.144907 -0.989445 0
    outer loop
      vertex 12.2205 171.839 0
      vertex 12.439 171.807 4
      vertex 12.2205 171.839 4
    endloop
  endfacet
  facet normal -0.144907 -0.989445 -0
    outer loop
      vertex 12.439 171.807 4
      vertex 12.2205 171.839 0
      vertex 12.439 171.807 0
    endloop
  endfacet
  facet normal -0.802713 -0.596366 0
    outer loop
      vertex 13.8708 170.85 0
      vertex 13.7393 171.027 4
      vertex 13.7393 171.027 0
    endloop
  endfacet
  facet normal -0.802713 -0.596366 0
    outer loop
      vertex 13.7393 171.027 4
      vertex 13.8708 170.85 0
      vertex 13.8708 170.85 4
    endloop
  endfacet
  facet normal 0.0498247 -0.998758 0
    outer loop
      vertex 11.7795 171.839 0
      vertex 12 171.85 4
      vertex 11.7795 171.839 4
    endloop
  endfacet
  facet normal 0.0498247 -0.998758 0
    outer loop
      vertex 12 171.85 4
      vertex 11.7795 171.839 0
      vertex 12 171.85 0
    endloop
  endfacet
  facet normal -0.335331 0.9421 0
    outer loop
      vertex 12.861 167.521 0
      vertex 12.6531 167.447 4
      vertex 12.861 167.521 4
    endloop
  endfacet
  facet normal -0.335331 0.9421 0
    outer loop
      vertex 12.6531 167.447 4
      vertex 12.861 167.521 0
      vertex 12.6531 167.447 0
    endloop
  endfacet
  facet normal 0.0498247 0.998758 -0
    outer loop
      vertex 12 167.35 0
      vertex 11.7795 167.361 4
      vertex 12 167.35 4
    endloop
  endfacet
  facet normal 0.0498247 0.998758 0
    outer loop
      vertex 11.7795 167.361 4
      vertex 12 167.35 0
      vertex 11.7795 167.361 0
    endloop
  endfacet
  facet normal -0.969929 0.243389 0
    outer loop
      vertex 14.1531 168.947 0
      vertex 14.2068 169.161 4
      vertex 14.2068 169.161 0
    endloop
  endfacet
  facet normal -0.969929 0.243389 0
    outer loop
      vertex 14.2068 169.161 4
      vertex 14.1531 168.947 0
      vertex 14.1531 168.947 4
    endloop
  endfacet
  facet normal -0.904326 0.426842 0
    outer loop
      vertex 13.9843 168.539 0
      vertex 14.0787 168.739 4
      vertex 14.0787 168.739 0
    endloop
  endfacet
  facet normal -0.904326 0.426842 0
    outer loop
      vertex 14.0787 168.739 4
      vertex 13.9843 168.539 0
      vertex 13.9843 168.539 4
    endloop
  endfacet
  facet normal 0.335331 0.9421 -0
    outer loop
      vertex 11.3469 167.447 0
      vertex 11.139 167.521 4
      vertex 11.3469 167.447 4
    endloop
  endfacet
  facet normal 0.335331 0.9421 0
    outer loop
      vertex 11.139 167.521 4
      vertex 11.3469 167.447 0
      vertex 11.139 167.521 0
    endloop
  endfacet
  facet normal -0.941578 -0.336795 0
    outer loop
      vertex 14.1531 170.253 0
      vertex 14.0787 170.461 4
      vertex 14.0787 170.461 0
    endloop
  endfacet
  facet normal -0.941578 -0.336795 0
    outer loop
      vertex 14.0787 170.461 4
      vertex 14.1531 170.253 0
      vertex 14.1531 170.253 4
    endloop
  endfacet
  facet normal 0.429758 -0.902944 0
    outer loop
      vertex 10.9394 171.584 0
      vertex 11.139 171.679 4
      vertex 10.9394 171.584 4
    endloop
  endfacet
  facet normal 0.429758 -0.902944 0
    outer loop
      vertex 11.139 171.679 4
      vertex 10.9394 171.584 0
      vertex 11.139 171.679 0
    endloop
  endfacet
  facet normal -0.596957 -0.802274 0
    outer loop
      vertex 13.25 171.471 0
      vertex 13.4274 171.339 4
      vertex 13.25 171.471 4
    endloop
  endfacet
  facet normal -0.596957 -0.802274 -0
    outer loop
      vertex 13.4274 171.339 4
      vertex 13.25 171.471 0
      vertex 13.4274 171.339 0
    endloop
  endfacet
  facet normal -0.904326 -0.426842 0
    outer loop
      vertex 14.0787 170.461 0
      vertex 13.9843 170.661 4
      vertex 13.9843 170.661 0
    endloop
  endfacet
  facet normal -0.904326 -0.426842 0
    outer loop
      vertex 13.9843 170.661 4
      vertex 14.0787 170.461 0
      vertex 14.0787 170.461 4
    endloop
  endfacet
  facet normal -0.670866 -0.741579 0
    outer loop
      vertex 13.4274 171.339 0
      vertex 13.591 171.191 4
      vertex 13.4274 171.339 4
    endloop
  endfacet
  facet normal -0.670866 -0.741579 -0
    outer loop
      vertex 13.591 171.191 4
      vertex 13.4274 171.339 0
      vertex 13.591 171.191 0
    endloop
  endfacet
  facet normal -0.989135 0.147009 0
    outer loop
      vertex 14.2068 169.161 0
      vertex 14.2392 169.379 4
      vertex 14.2392 169.379 0
    endloop
  endfacet
  facet normal -0.989135 0.147009 0
    outer loop
      vertex 14.2392 169.379 4
      vertex 14.2068 169.161 0
      vertex 14.2068 169.161 4
    endloop
  endfacet
  facet normal 0.857293 -0.514829 0
    outer loop
      vertex 10.0157 170.661 4
      vertex 10.1292 170.85 0
      vertex 10.1292 170.85 4
    endloop
  endfacet
  facet normal 0.857293 -0.514829 0
    outer loop
      vertex 10.1292 170.85 0
      vertex 10.0157 170.661 4
      vertex 10.0157 170.661 0
    endloop
  endfacet
  facet normal -0.857293 -0.514829 0
    outer loop
      vertex 13.9843 170.661 0
      vertex 13.8708 170.85 4
      vertex 13.8708 170.85 0
    endloop
  endfacet
  facet normal -0.857293 -0.514829 0
    outer loop
      vertex 13.8708 170.85 4
      vertex 13.9843 170.661 0
      vertex 13.9843 170.661 4
    endloop
  endfacet
  facet normal -0.0498247 -0.998758 0
    outer loop
      vertex 12 171.85 0
      vertex 12.2205 171.839 4
      vertex 12 171.85 4
    endloop
  endfacet
  facet normal -0.0498247 -0.998758 -0
    outer loop
      vertex 12.2205 171.839 4
      vertex 12 171.85 0
      vertex 12.2205 171.839 0
    endloop
  endfacet
  facet normal 0.670866 -0.741579 0
    outer loop
      vertex 10.409 171.191 0
      vertex 10.5726 171.339 4
      vertex 10.409 171.191 4
    endloop
  endfacet
  facet normal 0.670866 -0.741579 0
    outer loop
      vertex 10.5726 171.339 4
      vertex 10.409 171.191 0
      vertex 10.5726 171.339 0
    endloop
  endfacet
  facet normal 0.989135 -0.147009 0
    outer loop
      vertex 9.76083 169.821 4
      vertex 9.79323 170.039 0
      vertex 9.79323 170.039 4
    endloop
  endfacet
  facet normal 0.989135 -0.147009 0
    outer loop
      vertex 9.79323 170.039 0
      vertex 9.76083 169.821 4
      vertex 9.76083 169.821 0
    endloop
  endfacet
  facet normal -0.0498247 0.998758 0
    outer loop
      vertex 12.2205 167.361 0
      vertex 12 167.35 4
      vertex 12.2205 167.361 4
    endloop
  endfacet
  facet normal -0.0498247 0.998758 0
    outer loop
      vertex 12 167.35 4
      vertex 12.2205 167.361 0
      vertex 12 167.35 0
    endloop
  endfacet
  facet normal 0.857293 0.514829 0
    outer loop
      vertex 10.1292 168.35 4
      vertex 10.0157 168.539 0
      vertex 10.0157 168.539 4
    endloop
  endfacet
  facet normal 0.857293 0.514829 0
    outer loop
      vertex 10.0157 168.539 0
      vertex 10.1292 168.35 4
      vertex 10.1292 168.35 0
    endloop
  endfacet
  facet normal 0.741718 -0.670712 0
    outer loop
      vertex 10.2607 171.027 4
      vertex 10.409 171.191 0
      vertex 10.409 171.191 4
    endloop
  endfacet
  facet normal 0.741718 -0.670712 0
    outer loop
      vertex 10.409 171.191 0
      vertex 10.2607 171.027 4
      vertex 10.2607 171.027 0
    endloop
  endfacet
  facet normal 0.596957 0.802274 -0
    outer loop
      vertex 10.75 167.729 0
      vertex 10.5726 167.861 4
      vertex 10.75 167.729 4
    endloop
  endfacet
  facet normal 0.596957 0.802274 0
    outer loop
      vertex 10.5726 167.861 4
      vertex 10.75 167.729 0
      vertex 10.5726 167.861 0
    endloop
  endfacet
  facet normal -0.24456 -0.969634 0
    outer loop
      vertex 12.439 171.807 0
      vertex 12.6531 171.753 4
      vertex 12.439 171.807 4
    endloop
  endfacet
  facet normal -0.24456 -0.969634 -0
    outer loop
      vertex 12.6531 171.753 4
      vertex 12.439 171.807 0
      vertex 12.6531 171.753 0
    endloop
  endfacet
  facet normal -0.741718 0.670712 0
    outer loop
      vertex 13.591 168.009 0
      vertex 13.7393 168.173 4
      vertex 13.7393 168.173 0
    endloop
  endfacet
  facet normal -0.741718 0.670712 0
    outer loop
      vertex 13.7393 168.173 4
      vertex 13.591 168.009 0
      vertex 13.591 168.009 4
    endloop
  endfacet
  facet normal -0.596957 0.802274 0
    outer loop
      vertex 13.4274 167.861 0
      vertex 13.25 167.729 4
      vertex 13.4274 167.861 4
    endloop
  endfacet
  facet normal -0.596957 0.802274 0
    outer loop
      vertex 13.25 167.729 4
      vertex 13.4274 167.861 0
      vertex 13.25 167.729 0
    endloop
  endfacet
  facet normal 0.941592 0.336755 0
    outer loop
      vertex 9.92127 168.739 4
      vertex 9.84688 168.947 0
      vertex 9.84688 168.947 4
    endloop
  endfacet
  facet normal 0.941592 0.336755 0
    outer loop
      vertex 9.84688 168.947 0
      vertex 9.92127 168.739 4
      vertex 9.92127 168.739 0
    endloop
  endfacet
  facet normal 0.904274 0.426953 0
    outer loop
      vertex 10.0157 168.539 4
      vertex 9.92127 168.739 0
      vertex 9.92127 168.739 4
    endloop
  endfacet
  facet normal 0.904274 0.426953 0
    outer loop
      vertex 9.92127 168.739 0
      vertex 10.0157 168.539 4
      vertex 10.0157 168.539 0
    endloop
  endfacet
  facet normal 0.51236 -0.858771 0
    outer loop
      vertex 10.75 171.471 0
      vertex 10.9394 171.584 4
      vertex 10.75 171.471 4
    endloop
  endfacet
  facet normal 0.51236 -0.858771 0
    outer loop
      vertex 10.9394 171.584 4
      vertex 10.75 171.471 0
      vertex 10.9394 171.584 0
    endloop
  endfacet
  facet normal 0.802713 -0.596366 0
    outer loop
      vertex 10.1292 170.85 4
      vertex 10.2607 171.027 0
      vertex 10.2607 171.027 4
    endloop
  endfacet
  facet normal 0.802713 -0.596366 0
    outer loop
      vertex 10.2607 171.027 0
      vertex 10.1292 170.85 4
      vertex 10.1292 170.85 0
    endloop
  endfacet
  facet normal 0.969982 -0.243175 0
    outer loop
      vertex 9.79323 170.039 4
      vertex 9.84688 170.253 0
      vertex 9.84688 170.253 4
    endloop
  endfacet
  facet normal 0.969982 -0.243175 0
    outer loop
      vertex 9.84688 170.253 0
      vertex 9.79323 170.039 4
      vertex 9.79323 170.039 0
    endloop
  endfacet
  facet normal -0.857293 0.514829 0
    outer loop
      vertex 13.8708 168.35 0
      vertex 13.9843 168.539 4
      vertex 13.9843 168.539 0
    endloop
  endfacet
  facet normal -0.857293 0.514829 0
    outer loop
      vertex 13.9843 168.539 4
      vertex 13.8708 168.35 0
      vertex 13.8708 168.35 4
    endloop
  endfacet
  facet normal -0.941578 0.336795 0
    outer loop
      vertex 14.0787 168.739 0
      vertex 14.1531 168.947 4
      vertex 14.1531 168.947 0
    endloop
  endfacet
  facet normal -0.941578 0.336795 0
    outer loop
      vertex 14.1531 168.947 4
      vertex 14.0787 168.739 0
      vertex 14.0787 168.739 4
    endloop
  endfacet
  facet normal -0.670866 0.741579 0
    outer loop
      vertex 13.591 168.009 0
      vertex 13.4274 167.861 4
      vertex 13.591 168.009 4
    endloop
  endfacet
  facet normal -0.670866 0.741579 0
    outer loop
      vertex 13.4274 167.861 4
      vertex 13.591 168.009 0
      vertex 13.4274 167.861 0
    endloop
  endfacet
  facet normal 0.670866 0.741579 -0
    outer loop
      vertex 10.5726 167.861 0
      vertex 10.409 168.009 4
      vertex 10.5726 167.861 4
    endloop
  endfacet
  facet normal 0.670866 0.741579 0
    outer loop
      vertex 10.409 168.009 4
      vertex 10.5726 167.861 0
      vertex 10.409 168.009 0
    endloop
  endfacet
  facet normal 0.998801 -0.0489458 0
    outer loop
      vertex 9.75 169.6 4
      vertex 9.76083 169.821 0
      vertex 9.76083 169.821 4
    endloop
  endfacet
  facet normal 0.998801 -0.0489458 0
    outer loop
      vertex 9.76083 169.821 0
      vertex 9.75 169.6 4
      vertex 9.75 169.6 0
    endloop
  endfacet
  facet normal 0.998801 0.0489458 0
    outer loop
      vertex 9.76083 169.379 4
      vertex 9.75 169.6 0
      vertex 9.75 169.6 4
    endloop
  endfacet
  facet normal 0.998801 0.0489458 0
    outer loop
      vertex 9.75 169.6 0
      vertex 9.76083 169.379 4
      vertex 9.76083 169.379 0
    endloop
  endfacet
  facet normal 0.802713 0.596366 0
    outer loop
      vertex 10.2607 168.173 4
      vertex 10.1292 168.35 0
      vertex 10.1292 168.35 4
    endloop
  endfacet
  facet normal 0.802713 0.596366 0
    outer loop
      vertex 10.1292 168.35 0
      vertex 10.2607 168.173 4
      vertex 10.2607 168.173 0
    endloop
  endfacet
  facet normal 0.941592 -0.336755 0
    outer loop
      vertex 9.84688 170.253 4
      vertex 9.92127 170.461 0
      vertex 9.92127 170.461 4
    endloop
  endfacet
  facet normal 0.941592 -0.336755 0
    outer loop
      vertex 9.92127 170.461 0
      vertex 9.84688 170.253 4
      vertex 9.84688 170.253 0
    endloop
  endfacet
  facet normal -0.989184 -0.14668 0
    outer loop
      vertex 14.2392 19.8205 0
      vertex 14.2068 20.039 4.1
      vertex 14.2068 20.039 0
    endloop
  endfacet
  facet normal -0.989184 -0.14668 0
    outer loop
      vertex 14.2068 20.039 4.1
      vertex 14.2392 19.8205 0
      vertex 14.2392 19.8205 4.1
    endloop
  endfacet
  facet normal -0.998803 -0.0489209 0
    outer loop
      vertex 14.25 19.6 0
      vertex 14.2392 19.8205 4.1
      vertex 14.2392 19.8205 0
    endloop
  endfacet
  facet normal -0.998803 -0.0489209 0
    outer loop
      vertex 14.2392 19.8205 4.1
      vertex 14.25 19.6 0
      vertex 14.25 19.6 4.1
    endloop
  endfacet
  facet normal -0.969956 -0.243282 0
    outer loop
      vertex 14.2068 20.039 0
      vertex 14.1531 20.2531 4.1
      vertex 14.1531 20.2531 0
    endloop
  endfacet
  facet normal -0.969956 -0.243282 0
    outer loop
      vertex 14.1531 20.2531 4.1
      vertex 14.2068 20.039 0
      vertex 14.2068 20.039 4.1
    endloop
  endfacet
  facet normal 0.243282 -0.969956 0
    outer loop
      vertex 11.3469 21.7531 0
      vertex 11.561 21.8068 4
      vertex 11.3469 21.7531 4
    endloop
  endfacet
  facet normal 0.243282 -0.969956 0
    outer loop
      vertex 11.561 21.8068 4
      vertex 11.3469 21.7531 0
      vertex 11.561 21.8068 0
    endloop
  endfacet
  facet normal 0.14668 -0.989184 0
    outer loop
      vertex 11.561 21.8068 0
      vertex 11.7795 21.8392 4
      vertex 11.561 21.8068 4
    endloop
  endfacet
  facet normal 0.14668 -0.989184 0
    outer loop
      vertex 11.7795 21.8392 4
      vertex 11.561 21.8068 0
      vertex 11.7795 21.8392 0
    endloop
  endfacet
  facet normal -0.336939 -0.941527 0
    outer loop
      vertex 12.6531 21.7531 0
      vertex 12.861 21.6787 4
      vertex 12.6531 21.7531 4
    endloop
  endfacet
  facet normal -0.336939 -0.941527 -0
    outer loop
      vertex 12.861 21.6787 4
      vertex 12.6531 21.7531 0
      vertex 12.861 21.6787 0
    endloop
  endfacet
  facet normal -0.14668 0.989184 0
    outer loop
      vertex 12.439 17.3932 0
      vertex 12.2205 17.3608 4.1
      vertex 12.439 17.3932 4.1
    endloop
  endfacet
  facet normal -0.14668 0.989184 0
    outer loop
      vertex 12.2205 17.3608 4.1
      vertex 12.439 17.3932 0
      vertex 12.2205 17.3608 0
    endloop
  endfacet
  facet normal -0.514029 -0.857773 0
    outer loop
      vertex 13.0606 21.5843 0
      vertex 13.25 21.4708 4
      vertex 13.0606 21.5843 4
    endloop
  endfacet
  facet normal -0.514029 -0.857773 -0
    outer loop
      vertex 13.25 21.4708 4
      vertex 13.0606 21.5843 0
      vertex 13.25 21.4708 0
    endloop
  endfacet
  facet normal -0.998803 0.0489209 0
    outer loop
      vertex 14.2392 19.3795 0
      vertex 14.25 19.6 4.1
      vertex 14.25 19.6 0
    endloop
  endfacet
  facet normal -0.998803 0.0489209 0
    outer loop
      vertex 14.25 19.6 4.1
      vertex 14.2392 19.3795 0
      vertex 14.2392 19.3795 4.1
    endloop
  endfacet
  facet normal -0.243282 0.969956 0
    outer loop
      vertex 12.6531 17.4469 0
      vertex 12.439 17.3932 4.1
      vertex 12.6531 17.4469 4.1
    endloop
  endfacet
  facet normal -0.243282 0.969956 0
    outer loop
      vertex 12.439 17.3932 4.1
      vertex 12.6531 17.4469 0
      vertex 12.439 17.3932 0
    endloop
  endfacet
  facet normal 0.970009 0.243069 0
    outer loop
      vertex 9.84688 18.9469 4.1
      vertex 9.79323 19.161 0
      vertex 9.79323 19.161 4.1
    endloop
  endfacet
  facet normal 0.970009 0.243069 0
    outer loop
      vertex 9.79323 19.161 0
      vertex 9.84688 18.9469 4.1
      vertex 9.84688 18.9469 0
    endloop
  endfacet
  facet normal -0.803357 0.595498 0
    outer loop
      vertex 13.7393 18.1726 0
      vertex 13.8708 18.35 4.1
      vertex 13.8708 18.35 0
    endloop
  endfacet
  facet normal -0.803357 0.595498 0
    outer loop
      vertex 13.8708 18.35 4.1
      vertex 13.7393 18.1726 0
      vertex 13.7393 18.1726 4.1
    endloop
  endfacet
  facet normal 0.740902 0.671613 0
    outer loop
      vertex 10.409 18.009 4.1
      vertex 10.2607 18.1726 0
      vertex 10.2607 18.1726 4.1
    endloop
  endfacet
  facet normal 0.740902 0.671613 0
    outer loop
      vertex 10.2607 18.1726 0
      vertex 10.409 18.009 4.1
      vertex 10.409 18.009 0
    endloop
  endfacet
  facet normal 0.14668 0.989184 -0
    outer loop
      vertex 11.7795 17.3608 0
      vertex 11.561 17.3932 4.1
      vertex 11.7795 17.3608 4.1
    endloop
  endfacet
  facet normal 0.14668 0.989184 0
    outer loop
      vertex 11.561 17.3932 4.1
      vertex 11.7795 17.3608 0
      vertex 11.561 17.3932 0
    endloop
  endfacet
  facet normal 0.989184 0.14668 0
    outer loop
      vertex 9.79323 19.161 4.1
      vertex 9.76083 19.3795 0
      vertex 9.76083 19.3795 4.1
    endloop
  endfacet
  facet normal 0.989184 0.14668 0
    outer loop
      vertex 9.76083 19.3795 0
      vertex 9.79323 19.161 4.1
      vertex 9.79323 19.161 0
    endloop
  endfacet
  facet normal 0 0 -1
    outer loop
      vertex 14.2392 19.3795 4.1
      vertex 14.2392 19.8205 4.1
      vertex 14.25 19.6 4.1
    endloop
  endfacet
  facet normal 0 0 -1
    outer loop
      vertex 14.2068 19.161 4.1
      vertex 14.2392 19.8205 4.1
      vertex 14.2392 19.3795 4.1
    endloop
  endfacet
  facet normal 0 0 -1
    outer loop
      vertex 14.2068 19.161 4.1
      vertex 14.2068 20.039 4.1
      vertex 14.2392 19.8205 4.1
    endloop
  endfacet
  facet normal 0 0 -1
    outer loop
      vertex 14.1531 18.9469 4.1
      vertex 14.2068 20.039 4.1
      vertex 14.2068 19.161 4.1
    endloop
  endfacet
  facet normal 0 0 -1
    outer loop
      vertex 14.1531 18.9469 4.1
      vertex 14.1531 20.2531 4.1
      vertex 14.2068 20.039 4.1
    endloop
  endfacet
  facet normal 0 0 -1
    outer loop
      vertex 14.0787 18.739 4.1
      vertex 14.1531 20.2531 4.1
      vertex 14.1531 18.9469 4.1
    endloop
  endfacet
  facet normal 0 0 -1
    outer loop
      vertex 14.0726 20.474 4.1
      vertex 14.1531 20.2531 4.1
      vertex 14.0787 18.739 4.1
    endloop
  endfacet
  facet normal 0 0 -1
    outer loop
      vertex 14.1531 20.2531 4.1
      vertex 14.0726 20.474 4.1
      vertex 14.0787 20.461 4.1
    endloop
  endfacet
  facet normal 0 0 -1
    outer loop
      vertex 13.9843 18.5394 4.1
      vertex 14.0726 20.474 4.1
      vertex 14.0787 18.739 4.1
    endloop
  endfacet
  facet normal 0 0 -1
    outer loop
      vertex 13.8708 18.35 4.1
      vertex 14.0726 20.474 4.1
      vertex 13.9843 18.5394 4.1
    endloop
  endfacet
  facet normal 0 0 -1
    outer loop
      vertex 13.7393 18.1726 4.1
      vertex 14.0726 20.474 4.1
      vertex 13.8708 18.35 4.1
    endloop
  endfacet
  facet normal 0 0 -1
    outer loop
      vertex 13.591 18.009 4.1
      vertex 14.0726 20.474 4.1
      vertex 13.7393 18.1726 4.1
    endloop
  endfacet
  facet normal 0 0 -1
    outer loop
      vertex 13.4274 17.8607 4.1
      vertex 14.0726 20.474 4.1
      vertex 13.591 18.009 4.1
    endloop
  endfacet
  facet normal 0 0 -1
    outer loop
      vertex 13.25 17.7292 4.1
      vertex 14.0726 20.474 4.1
      vertex 13.4274 17.8607 4.1
    endloop
  endfacet
  facet normal 0 0 -1
    outer loop
      vertex 13.0606 17.6157 4.1
      vertex 14.0726 20.474 4.1
      vertex 13.25 17.7292 4.1
    endloop
  endfacet
  facet normal 0 0 -1
    outer loop
      vertex 12.861 17.5213 4.1
      vertex 14.0726 20.474 4.1
      vertex 13.0606 17.6157 4.1
    endloop
  endfacet
  facet normal 0 0 -1
    outer loop
      vertex 12.6531 17.4469 4.1
      vertex 14.0726 20.474 4.1
      vertex 12.861 17.5213 4.1
    endloop
  endfacet
  facet normal 0 0 -1
    outer loop
      vertex 12.439 17.3932 4.1
      vertex 14.0726 20.474 4.1
      vertex 12.6531 17.4469 4.1
    endloop
  endfacet
  facet normal 0 0 -1
    outer loop
      vertex 12.2205 17.3608 4.1
      vertex 14.0726 20.474 4.1
      vertex 12.439 17.3932 4.1
    endloop
  endfacet
  facet normal 0 0 -1
    outer loop
      vertex 12 17.35 4.1
      vertex 14.0726 20.474 4.1
      vertex 12.2205 17.3608 4.1
    endloop
  endfacet
  facet normal 0 0 -1
    outer loop
      vertex 11.7795 17.3608 4.1
      vertex 14.0726 20.474 4.1
      vertex 12 17.35 4.1
    endloop
  endfacet
  facet normal 0 0 -1
    outer loop
      vertex 11.561 17.3932 4.1
      vertex 14.0726 20.474 4.1
      vertex 11.7795 17.3608 4.1
    endloop
  endfacet
  facet normal 0 0 -1
    outer loop
      vertex 11.3469 17.4469 4.1
      vertex 14.0726 20.474 4.1
      vertex 11.561 17.3932 4.1
    endloop
  endfacet
  facet normal 0 0 -1
    outer loop
      vertex 11.139 17.5213 4.1
      vertex 14.0726 20.474 4.1
      vertex 11.3469 17.4469 4.1
    endloop
  endfacet
  facet normal 0 0 -1
    outer loop
      vertex 10.9394 17.6157 4.1
      vertex 14.0726 20.474 4.1
      vertex 11.139 17.5213 4.1
    endloop
  endfacet
  facet normal 0 0 -1
    outer loop
      vertex 10.75 17.7292 4.1
      vertex 14.0726 20.474 4.1
      vertex 10.9394 17.6157 4.1
    endloop
  endfacet
  facet normal 0 0 -1
    outer loop
      vertex 10.5726 17.8607 4.1
      vertex 14.0726 20.474 4.1
      vertex 10.75 17.7292 4.1
    endloop
  endfacet
  facet normal 0 0 -1
    outer loop
      vertex 10.409 18.009 4.1
      vertex 14.0726 20.474 4.1
      vertex 10.5726 17.8607 4.1
    endloop
  endfacet
  facet normal 0 0 -1
    outer loop
      vertex 10.2607 18.1726 4.1
      vertex 14.0726 20.474 4.1
      vertex 10.409 18.009 4.1
    endloop
  endfacet
  facet normal 0 0 -1
    outer loop
      vertex 10.1292 18.35 4.1
      vertex 14.0726 20.474 4.1
      vertex 10.2607 18.1726 4.1
    endloop
  endfacet
  facet normal 0 0 -1
    outer loop
      vertex 10.0157 18.5394 4.1
      vertex 14.0726 20.474 4.1
      vertex 10.1292 18.35 4.1
    endloop
  endfacet
  facet normal 0 0 -1
    outer loop
      vertex 10.0157 18.5394 4.1
      vertex 9.92741 20.474 4.1
      vertex 14.0726 20.474 4.1
    endloop
  endfacet
  facet normal 0 0 -1
    outer loop
      vertex 9.92127 18.739 4.1
      vertex 9.92741 20.474 4.1
      vertex 10.0157 18.5394 4.1
    endloop
  endfacet
  facet normal 0 0 -1
    outer loop
      vertex 9.84688 18.9469 4.1
      vertex 9.92741 20.474 4.1
      vertex 9.92127 18.739 4.1
    endloop
  endfacet
  facet normal 0 0 -1
    outer loop
      vertex 9.84688 20.2531 4.1
      vertex 9.92741 20.474 4.1
      vertex 9.84688 18.9469 4.1
    endloop
  endfacet
  facet normal 0 0 -1
    outer loop
      vertex 9.92741 20.474 4.1
      vertex 9.84688 20.2531 4.1
      vertex 9.92127 20.461 4.1
    endloop
  endfacet
  facet normal 0 0 -1
    outer loop
      vertex 9.79323 19.161 4.1
      vertex 9.84688 20.2531 4.1
      vertex 9.84688 18.9469 4.1
    endloop
  endfacet
  facet normal 0 0 -1
    outer loop
      vertex 9.79323 19.161 4.1
      vertex 9.79323 20.039 4.1
      vertex 9.84688 20.2531 4.1
    endloop
  endfacet
  facet normal 0 0 -1
    outer loop
      vertex 9.76083 19.3795 4.1
      vertex 9.79323 20.039 4.1
      vertex 9.79323 19.161 4.1
    endloop
  endfacet
  facet normal 0 0 -1
    outer loop
      vertex 9.76083 19.3795 4.1
      vertex 9.76083 19.8205 4.1
      vertex 9.79323 20.039 4.1
    endloop
  endfacet
  facet normal 0 -0 -1
    outer loop
      vertex 9.76083 19.8205 4.1
      vertex 9.76083 19.3795 4.1
      vertex 9.75 19.6 4.1
    endloop
  endfacet
  facet normal 0.243282 0.969956 -0
    outer loop
      vertex 11.561 17.3932 0
      vertex 11.3469 17.4469 4.1
      vertex 11.561 17.3932 4.1
    endloop
  endfacet
  facet normal 0.243282 0.969956 0
    outer loop
      vertex 11.3469 17.4469 4.1
      vertex 11.561 17.3932 0
      vertex 11.3469 17.4469 0
    endloop
  endfacet
  facet normal 0.671613 -0.740902 0
    outer loop
      vertex 10.409 21.191 0
      vertex 10.5726 21.3393 4
      vertex 10.409 21.191 4
    endloop
  endfacet
  facet normal 0.671613 -0.740902 0
    outer loop
      vertex 10.5726 21.3393 4
      vertex 10.409 21.191 0
      vertex 10.5726 21.3393 0
    endloop
  endfacet
  facet normal 0.427541 0.903996 -0
    outer loop
      vertex 11.139 17.5213 0
      vertex 10.9394 17.6157 4.1
      vertex 11.139 17.5213 4.1
    endloop
  endfacet
  facet normal 0.427541 0.903996 0
    outer loop
      vertex 10.9394 17.6157 4.1
      vertex 11.139 17.5213 0
      vertex 10.9394 17.6157 0
    endloop
  endfacet
  facet normal -0.514029 0.857773 0
    outer loop
      vertex 13.25 17.7292 0
      vertex 13.0606 17.6157 4.1
      vertex 13.25 17.7292 4.1
    endloop
  endfacet
  facet normal -0.514029 0.857773 0
    outer loop
      vertex 13.0606 17.6157 4.1
      vertex 13.25 17.7292 0
      vertex 13.0606 17.6157 0
    endloop
  endfacet
  facet normal 0.514029 0.857773 -0
    outer loop
      vertex 10.9394 17.6157 0
      vertex 10.75 17.7292 4.1
      vertex 10.9394 17.6157 4.1
    endloop
  endfacet
  facet normal 0.514029 0.857773 0
    outer loop
      vertex 10.75 17.7292 4.1
      vertex 10.9394 17.6157 0
      vertex 10.75 17.7292 0
    endloop
  endfacet
  facet normal -0.740902 -0.671613 0
    outer loop
      vertex 13.7393 21.0274 0
      vertex 13.591 21.191 4
      vertex 13.591 21.191 0
    endloop
  endfacet
  facet normal -0.740902 -0.671613 0
    outer loop
      vertex 13.591 21.191 4
      vertex 13.7393 21.0274 0
      vertex 13.7393 21.0274 4
    endloop
  endfacet
  facet normal 0.595498 -0.803357 0
    outer loop
      vertex 10.5726 21.3393 0
      vertex 10.75 21.4708 4
      vertex 10.5726 21.3393 4
    endloop
  endfacet
  facet normal 0.595498 -0.803357 0
    outer loop
      vertex 10.75 21.4708 4
      vertex 10.5726 21.3393 0
      vertex 10.75 21.4708 0
    endloop
  endfacet
  facet normal 0.903711 -0.428144 0
    outer loop
      vertex 9.98699 20.6 4
      vertex 10.0157 20.6606 0
      vertex 10.0157 20.6606 4
    endloop
  endfacet
  facet normal 0.904219 -0.427069 0.000625998
    outer loop
      vertex 9.92127 20.461 4.1
      vertex 9.98699 20.6 4
      vertex 9.92741 20.474 4.1
    endloop
  endfacet
  facet normal 0.904045 -0.427438 0
    outer loop
      vertex 9.98699 20.6 4
      vertex 9.92127 20.461 4.1
      vertex 9.92127 20.461 0
    endloop
  endfacet
  facet normal 0.903943 -0.427652 9.12322e-06
    outer loop
      vertex 9.98699 20.6 4
      vertex 9.92127 20.461 0
      vertex 10.0157 20.6606 0
    endloop
  endfacet
  facet normal -0.427541 0.903996 0
    outer loop
      vertex 13.0606 17.6157 0
      vertex 12.861 17.5213 4.1
      vertex 13.0606 17.6157 4.1
    endloop
  endfacet
  facet normal -0.427541 0.903996 0
    outer loop
      vertex 12.861 17.5213 4.1
      vertex 13.0606 17.6157 0
      vertex 12.861 17.5213 0
    endloop
  endfacet
  facet normal 0.336939 -0.941527 0
    outer loop
      vertex 11.139 21.6787 0
      vertex 11.3469 21.7531 4
      vertex 11.139 21.6787 4
    endloop
  endfacet
  facet normal 0.336939 -0.941527 0
    outer loop
      vertex 11.3469 21.7531 4
      vertex 11.139 21.6787 0
      vertex 11.3469 21.7531 0
    endloop
  endfacet
  facet normal -0.427541 -0.903996 0
    outer loop
      vertex 12.861 21.6787 0
      vertex 13.0606 21.5843 4
      vertex 12.861 21.6787 4
    endloop
  endfacet
  facet normal -0.427541 -0.903996 -0
    outer loop
      vertex 13.0606 21.5843 4
      vertex 12.861 21.6787 0
      vertex 13.0606 21.5843 0
    endloop
  endfacet
  facet normal -0.14668 -0.989184 0
    outer loop
      vertex 12.2205 21.8392 0
      vertex 12.439 21.8068 4
      vertex 12.2205 21.8392 4
    endloop
  endfacet
  facet normal -0.14668 -0.989184 -0
    outer loop
      vertex 12.439 21.8068 4
      vertex 12.2205 21.8392 0
      vertex 12.439 21.8068 0
    endloop
  endfacet
  facet normal -0.803357 -0.595498 0
    outer loop
      vertex 13.8708 20.85 0
      vertex 13.7393 21.0274 4
      vertex 13.7393 21.0274 0
    endloop
  endfacet
  facet normal -0.803357 -0.595498 0
    outer loop
      vertex 13.7393 21.0274 4
      vertex 13.8708 20.85 0
      vertex 13.8708 20.85 4
    endloop
  endfacet
  facet normal 0.0489209 -0.998803 0
    outer loop
      vertex 11.7795 21.8392 0
      vertex 12 21.85 4
      vertex 11.7795 21.8392 4
    endloop
  endfacet
  facet normal 0.0489209 -0.998803 0
    outer loop
      vertex 12 21.85 4
      vertex 11.7795 21.8392 0
      vertex 12 21.85 0
    endloop
  endfacet
  facet normal -0.336939 0.941527 0
    outer loop
      vertex 12.861 17.5213 0
      vertex 12.6531 17.4469 4.1
      vertex 12.861 17.5213 4.1
    endloop
  endfacet
  facet normal -0.336939 0.941527 0
    outer loop
      vertex 12.6531 17.4469 4.1
      vertex 12.861 17.5213 0
      vertex 12.6531 17.4469 0
    endloop
  endfacet
  facet normal 0.0489209 0.998803 -0
    outer loop
      vertex 12 17.35 0
      vertex 11.7795 17.3608 4.1
      vertex 12 17.35 4.1
    endloop
  endfacet
  facet normal 0.0489209 0.998803 0
    outer loop
      vertex 11.7795 17.3608 4.1
      vertex 12 17.35 0
      vertex 11.7795 17.3608 0
    endloop
  endfacet
  facet normal -0.969956 0.243282 0
    outer loop
      vertex 14.1531 18.9469 0
      vertex 14.2068 19.161 4.1
      vertex 14.2068 19.161 0
    endloop
  endfacet
  facet normal -0.969956 0.243282 0
    outer loop
      vertex 14.2068 19.161 4.1
      vertex 14.1531 18.9469 0
      vertex 14.1531 18.9469 4.1
    endloop
  endfacet
  facet normal -0.903996 0.427541 0
    outer loop
      vertex 13.9843 18.5394 0
      vertex 14.0787 18.739 4.1
      vertex 14.0787 18.739 0
    endloop
  endfacet
  facet normal -0.903996 0.427541 0
    outer loop
      vertex 14.0787 18.739 4.1
      vertex 13.9843 18.5394 0
      vertex 13.9843 18.5394 4.1
    endloop
  endfacet
  facet normal 0.336939 0.941527 -0
    outer loop
      vertex 11.3469 17.4469 0
      vertex 11.139 17.5213 4.1
      vertex 11.3469 17.4469 4.1
    endloop
  endfacet
  facet normal 0.336939 0.941527 0
    outer loop
      vertex 11.139 17.5213 4.1
      vertex 11.3469 17.4469 0
      vertex 11.139 17.5213 0
    endloop
  endfacet
  facet normal -0.941527 -0.336939 0
    outer loop
      vertex 14.1531 20.2531 0
      vertex 14.0787 20.461 4.1
      vertex 14.0787 20.461 0
    endloop
  endfacet
  facet normal -0.941527 -0.336939 0
    outer loop
      vertex 14.0787 20.461 4.1
      vertex 14.1531 20.2531 0
      vertex 14.1531 20.2531 4.1
    endloop
  endfacet
  facet normal 0.427541 -0.903996 0
    outer loop
      vertex 10.9394 21.5843 0
      vertex 11.139 21.6787 4
      vertex 10.9394 21.5843 4
    endloop
  endfacet
  facet normal 0.427541 -0.903996 0
    outer loop
      vertex 11.139 21.6787 4
      vertex 10.9394 21.5843 0
      vertex 11.139 21.6787 0
    endloop
  endfacet
  facet normal -0.595498 -0.803357 0
    outer loop
      vertex 13.25 21.4708 0
      vertex 13.4274 21.3393 4
      vertex 13.25 21.4708 4
    endloop
  endfacet
  facet normal -0.595498 -0.803357 -0
    outer loop
      vertex 13.4274 21.3393 4
      vertex 13.25 21.4708 0
      vertex 13.4274 21.3393 0
    endloop
  endfacet
  facet normal -0.903768 -0.428022 0
    outer loop
      vertex 13.9843 20.6606 0
      vertex 14.013 20.6 4
      vertex 13.9843 20.6606 4
    endloop
  endfacet
  facet normal -0.903996 -0.427541 8.9222e-06
    outer loop
      vertex 14.0787 20.461 0
      vertex 14.013 20.6 4
      vertex 13.9843 20.6606 0
    endloop
  endfacet
  facet normal -0.904095 -0.427331 -0
    outer loop
      vertex 14.0787 20.461 4.1
      vertex 14.013 20.6 4
      vertex 14.0787 20.461 0
    endloop
  endfacet
  facet normal -0.905283 -0.424787 0.0043175
    outer loop
      vertex 14.013 20.6 4
      vertex 14.0787 20.461 4.1
      vertex 14.0726 20.474 4.1
    endloop
  endfacet
  facet normal -0.671613 -0.740902 0
    outer loop
      vertex 13.4274 21.3393 0
      vertex 13.591 21.191 4
      vertex 13.4274 21.3393 4
    endloop
  endfacet
  facet normal -0.671613 -0.740902 -0
    outer loop
      vertex 13.591 21.191 4
      vertex 13.4274 21.3393 0
      vertex 13.591 21.191 0
    endloop
  endfacet
  facet normal -0.989184 0.14668 0
    outer loop
      vertex 14.2068 19.161 0
      vertex 14.2392 19.3795 4.1
      vertex 14.2392 19.3795 0
    endloop
  endfacet
  facet normal -0.989184 0.14668 0
    outer loop
      vertex 14.2392 19.3795 4.1
      vertex 14.2068 19.161 0
      vertex 14.2068 19.161 4.1
    endloop
  endfacet
  facet normal 0.857773 -0.514029 0
    outer loop
      vertex 10.0157 20.6606 4
      vertex 10.1292 20.85 0
      vertex 10.1292 20.85 4
    endloop
  endfacet
  facet normal 0.857773 -0.514029 0
    outer loop
      vertex 10.1292 20.85 0
      vertex 10.0157 20.6606 4
      vertex 10.0157 20.6606 0
    endloop
  endfacet
  facet normal -0.857773 -0.514029 0
    outer loop
      vertex 13.9843 20.6606 0
      vertex 13.8708 20.85 4
      vertex 13.8708 20.85 0
    endloop
  endfacet
  facet normal -0.857773 -0.514029 0
    outer loop
      vertex 13.8708 20.85 4
      vertex 13.9843 20.6606 0
      vertex 13.9843 20.6606 4
    endloop
  endfacet
  facet normal -0.0489209 -0.998803 0
    outer loop
      vertex 12 21.85 0
      vertex 12.2205 21.8392 4
      vertex 12 21.85 4
    endloop
  endfacet
  facet normal -0.0489209 -0.998803 -0
    outer loop
      vertex 12.2205 21.8392 4
      vertex 12 21.85 0
      vertex 12.2205 21.8392 0
    endloop
  endfacet
  facet normal 0.989184 -0.14668 0
    outer loop
      vertex 9.76083 19.8205 4.1
      vertex 9.79323 20.039 0
      vertex 9.79323 20.039 4.1
    endloop
  endfacet
  facet normal 0.989184 -0.14668 0
    outer loop
      vertex 9.79323 20.039 0
      vertex 9.76083 19.8205 4.1
      vertex 9.76083 19.8205 0
    endloop
  endfacet
  facet normal -0.0489209 0.998803 0
    outer loop
      vertex 12.2205 17.3608 0
      vertex 12 17.35 4.1
      vertex 12.2205 17.3608 4.1
    endloop
  endfacet
  facet normal -0.0489209 0.998803 0
    outer loop
      vertex 12 17.35 4.1
      vertex 12.2205 17.3608 0
      vertex 12 17.35 0
    endloop
  endfacet
  facet normal 0.857773 0.514029 0
    outer loop
      vertex 10.1292 18.35 4.1
      vertex 10.0157 18.5394 0
      vertex 10.0157 18.5394 4.1
    endloop
  endfacet
  facet normal 0.857773 0.514029 0
    outer loop
      vertex 10.0157 18.5394 0
      vertex 10.1292 18.35 4.1
      vertex 10.1292 18.35 0
    endloop
  endfacet
  facet normal 0.740902 -0.671613 0
    outer loop
      vertex 10.2607 21.0274 4
      vertex 10.409 21.191 0
      vertex 10.409 21.191 4
    endloop
  endfacet
  facet normal 0.740902 -0.671613 0
    outer loop
      vertex 10.409 21.191 0
      vertex 10.2607 21.0274 4
      vertex 10.2607 21.0274 0
    endloop
  endfacet
  facet normal 0.595498 0.803357 -0
    outer loop
      vertex 10.75 17.7292 0
      vertex 10.5726 17.8607 4.1
      vertex 10.75 17.7292 4.1
    endloop
  endfacet
  facet normal 0.595498 0.803357 0
    outer loop
      vertex 10.5726 17.8607 4.1
      vertex 10.75 17.7292 0
      vertex 10.5726 17.8607 0
    endloop
  endfacet
  facet normal -0.243282 -0.969956 0
    outer loop
      vertex 12.439 21.8068 0
      vertex 12.6531 21.7531 4
      vertex 12.439 21.8068 4
    endloop
  endfacet
  facet normal -0.243282 -0.969956 -0
    outer loop
      vertex 12.6531 21.7531 4
      vertex 12.439 21.8068 0
      vertex 12.6531 21.7531 0
    endloop
  endfacet
  facet normal -0.740902 0.671613 0
    outer loop
      vertex 13.591 18.009 0
      vertex 13.7393 18.1726 4.1
      vertex 13.7393 18.1726 0
    endloop
  endfacet
  facet normal -0.740902 0.671613 0
    outer loop
      vertex 13.7393 18.1726 4.1
      vertex 13.591 18.009 0
      vertex 13.591 18.009 4.1
    endloop
  endfacet
  facet normal -0.595498 0.803357 0
    outer loop
      vertex 13.4274 17.8607 0
      vertex 13.25 17.7292 4.1
      vertex 13.4274 17.8607 4.1
    endloop
  endfacet
  facet normal -0.595498 0.803357 0
    outer loop
      vertex 13.25 17.7292 4.1
      vertex 13.4274 17.8607 0
      vertex 13.25 17.7292 0
    endloop
  endfacet
  facet normal 0.941541 0.336899 0
    outer loop
      vertex 9.92127 18.739 4.1
      vertex 9.84688 18.9469 0
      vertex 9.84688 18.9469 4.1
    endloop
  endfacet
  facet normal 0.941541 0.336899 0
    outer loop
      vertex 9.84688 18.9469 0
      vertex 9.92127 18.739 4.1
      vertex 9.92127 18.739 0
    endloop
  endfacet
  facet normal 0.903943 0.427652 0
    outer loop
      vertex 10.0157 18.5394 4.1
      vertex 9.92127 18.739 0
      vertex 9.92127 18.739 4.1
    endloop
  endfacet
  facet normal 0.903943 0.427652 0
    outer loop
      vertex 9.92127 18.739 0
      vertex 10.0157 18.5394 4.1
      vertex 10.0157 18.5394 0
    endloop
  endfacet
  facet normal 0.514029 -0.857773 0
    outer loop
      vertex 10.75 21.4708 0
      vertex 10.9394 21.5843 4
      vertex 10.75 21.4708 4
    endloop
  endfacet
  facet normal 0.514029 -0.857773 0
    outer loop
      vertex 10.9394 21.5843 4
      vertex 10.75 21.4708 0
      vertex 10.9394 21.5843 0
    endloop
  endfacet
  facet normal 0.803357 -0.595498 0
    outer loop
      vertex 10.1292 20.85 4
      vertex 10.2607 21.0274 0
      vertex 10.2607 21.0274 4
    endloop
  endfacet
  facet normal 0.803357 -0.595498 0
    outer loop
      vertex 10.2607 21.0274 0
      vertex 10.1292 20.85 4
      vertex 10.1292 20.85 0
    endloop
  endfacet
  facet normal 0.970009 -0.243069 0
    outer loop
      vertex 9.79323 20.039 4.1
      vertex 9.84688 20.2531 0
      vertex 9.84688 20.2531 4.1
    endloop
  endfacet
  facet normal 0.970009 -0.243069 0
    outer loop
      vertex 9.84688 20.2531 0
      vertex 9.79323 20.039 4.1
      vertex 9.79323 20.039 0
    endloop
  endfacet
  facet normal -0.857773 0.514029 0
    outer loop
      vertex 13.8708 18.35 0
      vertex 13.9843 18.5394 4.1
      vertex 13.9843 18.5394 0
    endloop
  endfacet
  facet normal -0.857773 0.514029 0
    outer loop
      vertex 13.9843 18.5394 4.1
      vertex 13.8708 18.35 0
      vertex 13.8708 18.35 4.1
    endloop
  endfacet
  facet normal -0.941527 0.336939 0
    outer loop
      vertex 14.0787 18.739 0
      vertex 14.1531 18.9469 4.1
      vertex 14.1531 18.9469 0
    endloop
  endfacet
  facet normal -0.941527 0.336939 0
    outer loop
      vertex 14.1531 18.9469 4.1
      vertex 14.0787 18.739 0
      vertex 14.0787 18.739 4.1
    endloop
  endfacet
  facet normal -0.671613 0.740902 0
    outer loop
      vertex 13.591 18.009 0
      vertex 13.4274 17.8607 4.1
      vertex 13.591 18.009 4.1
    endloop
  endfacet
  facet normal -0.671613 0.740902 0
    outer loop
      vertex 13.4274 17.8607 4.1
      vertex 13.591 18.009 0
      vertex 13.4274 17.8607 0
    endloop
  endfacet
  facet normal 0.671613 0.740902 -0
    outer loop
      vertex 10.5726 17.8607 0
      vertex 10.409 18.009 4.1
      vertex 10.5726 17.8607 4.1
    endloop
  endfacet
  facet normal 0.671613 0.740902 0
    outer loop
      vertex 10.409 18.009 4.1
      vertex 10.5726 17.8607 0
      vertex 10.409 18.009 0
    endloop
  endfacet
  facet normal 0.998796 -0.0490565 0
    outer loop
      vertex 9.75 19.6 4.1
      vertex 9.76083 19.8205 0
      vertex 9.76083 19.8205 4.1
    endloop
  endfacet
  facet normal 0.998796 -0.0490565 0
    outer loop
      vertex 9.76083 19.8205 0
      vertex 9.75 19.6 4.1
      vertex 9.75 19.6 0
    endloop
  endfacet
  facet normal 0.998796 0.0490565 0
    outer loop
      vertex 9.76083 19.3795 4.1
      vertex 9.75 19.6 0
      vertex 9.75 19.6 4.1
    endloop
  endfacet
  facet normal 0.998796 0.0490565 0
    outer loop
      vertex 9.75 19.6 0
      vertex 9.76083 19.3795 4.1
      vertex 9.76083 19.3795 0
    endloop
  endfacet
  facet normal 0.803357 0.595498 0
    outer loop
      vertex 10.2607 18.1726 4.1
      vertex 10.1292 18.35 0
      vertex 10.1292 18.35 4.1
    endloop
  endfacet
  facet normal 0.803357 0.595498 0
    outer loop
      vertex 10.1292 18.35 0
      vertex 10.2607 18.1726 4.1
      vertex 10.2607 18.1726 0
    endloop
  endfacet
  facet normal 0.941541 -0.336899 0
    outer loop
      vertex 9.84688 20.2531 4.1
      vertex 9.92127 20.461 0
      vertex 9.92127 20.461 4.1
    endloop
  endfacet
  facet normal 0.941541 -0.336899 0
    outer loop
      vertex 9.92127 20.461 0
      vertex 9.84688 20.2531 4.1
      vertex 9.84688 20.2531 0
    endloop
  endfacet
  facet normal -0.989398 -0.145233 0
    outer loop
      vertex 134.239 169.821 0
      vertex 134.207 170.039 4
      vertex 134.207 170.039 0
    endloop
  endfacet
  facet normal -0.989398 -0.145233 0
    outer loop
      vertex 134.207 170.039 4
      vertex 134.239 169.821 0
      vertex 134.239 169.821 4
    endloop
  endfacet
  facet normal -0.998764 -0.0497122 0
    outer loop
      vertex 134.25 169.6 0
      vertex 134.239 169.821 4
      vertex 134.239 169.821 0
    endloop
  endfacet
  facet normal -0.998764 -0.0497122 0
    outer loop
      vertex 134.239 169.821 4
      vertex 134.25 169.6 0
      vertex 134.25 169.6 4
    endloop
  endfacet
  facet normal -0.969607 -0.244667 0
    outer loop
      vertex 134.207 170.039 0
      vertex 134.153 170.253 4
      vertex 134.153 170.253 0
    endloop
  endfacet
  facet normal -0.969607 -0.244667 0
    outer loop
      vertex 134.153 170.253 4
      vertex 134.207 170.039 0
      vertex 134.207 170.039 4
    endloop
  endfacet
  facet normal 0.244667 -0.969607 0
    outer loop
      vertex 131.347 171.753 0
      vertex 131.561 171.807 4
      vertex 131.347 171.753 4
    endloop
  endfacet
  facet normal 0.244667 -0.969607 0
    outer loop
      vertex 131.561 171.807 4
      vertex 131.347 171.753 0
      vertex 131.561 171.807 0
    endloop
  endfacet
  facet normal 0.145233 -0.989398 0
    outer loop
      vertex 131.561 171.807 0
      vertex 131.779 171.839 4
      vertex 131.561 171.807 4
    endloop
  endfacet
  facet normal 0.145233 -0.989398 0
    outer loop
      vertex 131.779 171.839 4
      vertex 131.561 171.807 0
      vertex 131.779 171.839 0
    endloop
  endfacet
  facet normal -0.335188 -0.942151 0
    outer loop
      vertex 132.653 171.753 0
      vertex 132.861 171.679 4
      vertex 132.653 171.753 4
    endloop
  endfacet
  facet normal -0.335188 -0.942151 -0
    outer loop
      vertex 132.861 171.679 4
      vertex 132.653 171.753 0
      vertex 132.861 171.679 0
    endloop
  endfacet
  facet normal -0.145233 0.989398 0
    outer loop
      vertex 132.439 167.393 0
      vertex 132.221 167.361 4
      vertex 132.439 167.393 4
    endloop
  endfacet
  facet normal -0.145233 0.989398 0
    outer loop
      vertex 132.221 167.361 4
      vertex 132.439 167.393 0
      vertex 132.221 167.361 0
    endloop
  endfacet
  facet normal -0.513159 -0.858293 0
    outer loop
      vertex 133.061 171.584 0
      vertex 133.25 171.471 4
      vertex 133.061 171.584 4
    endloop
  endfacet
  facet normal -0.513159 -0.858293 -0
    outer loop
      vertex 133.25 171.471 4
      vertex 133.061 171.584 0
      vertex 133.25 171.471 0
    endloop
  endfacet
  facet normal -0.998764 0.0497122 0
    outer loop
      vertex 134.239 169.379 0
      vertex 134.25 169.6 4
      vertex 134.25 169.6 0
    endloop
  endfacet
  facet normal -0.998764 0.0497122 0
    outer loop
      vertex 134.25 169.6 4
      vertex 134.239 169.379 0
      vertex 134.239 169.379 4
    endloop
  endfacet
  facet normal -0.244667 0.969607 0
    outer loop
      vertex 132.653 167.447 0
      vertex 132.439 167.393 4
      vertex 132.653 167.447 4
    endloop
  endfacet
  facet normal -0.244667 0.969607 0
    outer loop
      vertex 132.439 167.393 4
      vertex 132.653 167.447 0
      vertex 132.439 167.393 0
    endloop
  endfacet
  facet normal 0.969607 0.244667 0
    outer loop
      vertex 129.847 168.947 4
      vertex 129.793 169.161 0
      vertex 129.793 169.161 4
    endloop
  endfacet
  facet normal 0.969607 0.244667 0
    outer loop
      vertex 129.793 169.161 0
      vertex 129.847 168.947 4
      vertex 129.847 168.947 0
    endloop
  endfacet
  facet normal -0.801627 0.597824 0
    outer loop
      vertex 133.739 168.173 0
      vertex 133.871 168.35 4
      vertex 133.871 168.35 0
    endloop
  endfacet
  facet normal -0.801627 0.597824 0
    outer loop
      vertex 133.871 168.35 4
      vertex 133.739 168.173 0
      vertex 133.739 168.173 4
    endloop
  endfacet
  facet normal 0.742393 0.669965 0
    outer loop
      vertex 130.409 168.009 4
      vertex 130.261 168.173 0
      vertex 130.261 168.173 4
    endloop
  endfacet
  facet normal 0.742393 0.669965 0
    outer loop
      vertex 130.261 168.173 0
      vertex 130.409 168.009 4
      vertex 130.409 168.009 0
    endloop
  endfacet
  facet normal 0.145233 0.989398 -0
    outer loop
      vertex 131.779 167.361 0
      vertex 131.561 167.393 4
      vertex 131.779 167.361 4
    endloop
  endfacet
  facet normal 0.145233 0.989398 0
    outer loop
      vertex 131.561 167.393 4
      vertex 131.779 167.361 0
      vertex 131.561 167.393 0
    endloop
  endfacet
  facet normal 0.989398 0.145233 0
    outer loop
      vertex 129.793 169.161 4
      vertex 129.761 169.379 0
      vertex 129.761 169.379 4
    endloop
  endfacet
  facet normal 0.989398 0.145233 0
    outer loop
      vertex 129.761 169.379 0
      vertex 129.793 169.161 4
      vertex 129.793 169.161 0
    endloop
  endfacet
  facet normal 0.244667 0.969607 -0
    outer loop
      vertex 131.561 167.393 0
      vertex 131.347 167.447 4
      vertex 131.561 167.393 4
    endloop
  endfacet
  facet normal 0.244667 0.969607 0
    outer loop
      vertex 131.347 167.447 4
      vertex 131.561 167.393 0
      vertex 131.347 167.447 0
    endloop
  endfacet
  facet normal 0.669965 -0.742393 0
    outer loop
      vertex 130.409 171.191 0
      vertex 130.573 171.339 4
      vertex 130.409 171.191 4
    endloop
  endfacet
  facet normal 0.669965 -0.742393 0
    outer loop
      vertex 130.573 171.339 4
      vertex 130.409 171.191 0
      vertex 130.573 171.339 0
    endloop
  endfacet
  facet normal 0.429057 0.903278 -0
    outer loop
      vertex 131.139 167.521 0
      vertex 130.939 167.616 4
      vertex 131.139 167.521 4
    endloop
  endfacet
  facet normal 0.429057 0.903278 0
    outer loop
      vertex 130.939 167.616 4
      vertex 131.139 167.521 0
      vertex 130.939 167.616 0
    endloop
  endfacet
  facet normal -0.513159 0.858293 0
    outer loop
      vertex 133.25 167.729 0
      vertex 133.061 167.616 4
      vertex 133.25 167.729 4
    endloop
  endfacet
  facet normal -0.513159 0.858293 0
    outer loop
      vertex 133.061 167.616 4
      vertex 133.25 167.729 0
      vertex 133.061 167.616 0
    endloop
  endfacet
  facet normal 0.513159 0.858293 -0
    outer loop
      vertex 130.939 167.616 0
      vertex 130.75 167.729 4
      vertex 130.939 167.616 4
    endloop
  endfacet
  facet normal 0.513159 0.858293 0
    outer loop
      vertex 130.75 167.729 4
      vertex 130.939 167.616 0
      vertex 130.75 167.729 0
    endloop
  endfacet
  facet normal -0.742393 -0.669965 0
    outer loop
      vertex 133.739 171.027 0
      vertex 133.591 171.191 4
      vertex 133.591 171.191 0
    endloop
  endfacet
  facet normal -0.742393 -0.669965 0
    outer loop
      vertex 133.591 171.191 4
      vertex 133.739 171.027 0
      vertex 133.739 171.027 4
    endloop
  endfacet
  facet normal 0.597824 -0.801627 0
    outer loop
      vertex 130.573 171.339 0
      vertex 130.75 171.471 4
      vertex 130.573 171.339 4
    endloop
  endfacet
  facet normal 0.597824 -0.801627 0
    outer loop
      vertex 130.75 171.471 4
      vertex 130.573 171.339 0
      vertex 130.75 171.471 0
    endloop
  endfacet
  facet normal 0.903278 -0.429057 0
    outer loop
      vertex 129.921 170.461 4
      vertex 130.016 170.661 0
      vertex 130.016 170.661 4
    endloop
  endfacet
  facet normal 0.903278 -0.429057 0
    outer loop
      vertex 130.016 170.661 0
      vertex 129.921 170.461 4
      vertex 129.921 170.461 0
    endloop
  endfacet
  facet normal -0.429057 0.903278 0
    outer loop
      vertex 133.061 167.616 0
      vertex 132.861 167.521 4
      vertex 133.061 167.616 4
    endloop
  endfacet
  facet normal -0.429057 0.903278 0
    outer loop
      vertex 132.861 167.521 4
      vertex 133.061 167.616 0
      vertex 132.861 167.521 0
    endloop
  endfacet
  facet normal 0.335188 -0.942151 0
    outer loop
      vertex 131.139 171.679 0
      vertex 131.347 171.753 4
      vertex 131.139 171.679 4
    endloop
  endfacet
  facet normal 0.335188 -0.942151 0
    outer loop
      vertex 131.347 171.753 4
      vertex 131.139 171.679 0
      vertex 131.347 171.753 0
    endloop
  endfacet
  facet normal -0.429057 -0.903278 0
    outer loop
      vertex 132.861 171.679 0
      vertex 133.061 171.584 4
      vertex 132.861 171.679 4
    endloop
  endfacet
  facet normal -0.429057 -0.903278 -0
    outer loop
      vertex 133.061 171.584 4
      vertex 132.861 171.679 0
      vertex 133.061 171.584 0
    endloop
  endfacet
  facet normal -0.145233 -0.989398 0
    outer loop
      vertex 132.221 171.839 0
      vertex 132.439 171.807 4
      vertex 132.221 171.839 4
    endloop
  endfacet
  facet normal -0.145233 -0.989398 -0
    outer loop
      vertex 132.439 171.807 4
      vertex 132.221 171.839 0
      vertex 132.439 171.807 0
    endloop
  endfacet
  facet normal -0.801627 -0.597824 0
    outer loop
      vertex 133.871 170.85 0
      vertex 133.739 171.027 4
      vertex 133.739 171.027 0
    endloop
  endfacet
  facet normal -0.801627 -0.597824 0
    outer loop
      vertex 133.739 171.027 4
      vertex 133.871 170.85 0
      vertex 133.871 170.85 4
    endloop
  endfacet
  facet normal 0.0497122 -0.998764 0
    outer loop
      vertex 131.779 171.839 0
      vertex 132 171.85 4
      vertex 131.779 171.839 4
    endloop
  endfacet
  facet normal 0.0497122 -0.998764 0
    outer loop
      vertex 132 171.85 4
      vertex 131.779 171.839 0
      vertex 132 171.85 0
    endloop
  endfacet
  facet normal -0.335188 0.942151 0
    outer loop
      vertex 132.861 167.521 0
      vertex 132.653 167.447 4
      vertex 132.861 167.521 4
    endloop
  endfacet
  facet normal -0.335188 0.942151 0
    outer loop
      vertex 132.653 167.447 4
      vertex 132.861 167.521 0
      vertex 132.653 167.447 0
    endloop
  endfacet
  facet normal 0.0497122 0.998764 -0
    outer loop
      vertex 132 167.35 0
      vertex 131.779 167.361 4
      vertex 132 167.35 4
    endloop
  endfacet
  facet normal 0.0497122 0.998764 0
    outer loop
      vertex 131.779 167.361 4
      vertex 132 167.35 0
      vertex 131.779 167.361 0
    endloop
  endfacet
  facet normal -0.969607 0.244667 0
    outer loop
      vertex 134.153 168.947 0
      vertex 134.207 169.161 4
      vertex 134.207 169.161 0
    endloop
  endfacet
  facet normal -0.969607 0.244667 0
    outer loop
      vertex 134.207 169.161 4
      vertex 134.153 168.947 0
      vertex 134.153 168.947 4
    endloop
  endfacet
  facet normal -0.903278 0.429057 0
    outer loop
      vertex 133.984 168.539 0
      vertex 134.079 168.739 4
      vertex 134.079 168.739 0
    endloop
  endfacet
  facet normal -0.903278 0.429057 0
    outer loop
      vertex 134.079 168.739 4
      vertex 133.984 168.539 0
      vertex 133.984 168.539 4
    endloop
  endfacet
  facet normal 0.335188 0.942151 -0
    outer loop
      vertex 131.347 167.447 0
      vertex 131.139 167.521 4
      vertex 131.347 167.447 4
    endloop
  endfacet
  facet normal 0.335188 0.942151 0
    outer loop
      vertex 131.139 167.521 4
      vertex 131.347 167.447 0
      vertex 131.139 167.521 0
    endloop
  endfacet
  facet normal -0.942151 -0.335188 0
    outer loop
      vertex 134.153 170.253 0
      vertex 134.079 170.461 4
      vertex 134.079 170.461 0
    endloop
  endfacet
  facet normal -0.942151 -0.335188 0
    outer loop
      vertex 134.079 170.461 4
      vertex 134.153 170.253 0
      vertex 134.153 170.253 4
    endloop
  endfacet
  facet normal 0.429057 -0.903278 0
    outer loop
      vertex 130.939 171.584 0
      vertex 131.139 171.679 4
      vertex 130.939 171.584 4
    endloop
  endfacet
  facet normal 0.429057 -0.903278 0
    outer loop
      vertex 131.139 171.679 4
      vertex 130.939 171.584 0
      vertex 131.139 171.679 0
    endloop
  endfacet
  facet normal -0.597824 -0.801627 0
    outer loop
      vertex 133.25 171.471 0
      vertex 133.427 171.339 4
      vertex 133.25 171.471 4
    endloop
  endfacet
  facet normal -0.597824 -0.801627 -0
    outer loop
      vertex 133.427 171.339 4
      vertex 133.25 171.471 0
      vertex 133.427 171.339 0
    endloop
  endfacet
  facet normal -0.903278 -0.429057 0
    outer loop
      vertex 134.079 170.461 0
      vertex 133.984 170.661 4
      vertex 133.984 170.661 0
    endloop
  endfacet
  facet normal -0.903278 -0.429057 0
    outer loop
      vertex 133.984 170.661 4
      vertex 134.079 170.461 0
      vertex 134.079 170.461 4
    endloop
  endfacet
  facet normal -0.669965 -0.742393 0
    outer loop
      vertex 133.427 171.339 0
      vertex 133.591 171.191 4
      vertex 133.427 171.339 4
    endloop
  endfacet
  facet normal -0.669965 -0.742393 -0
    outer loop
      vertex 133.591 171.191 4
      vertex 133.427 171.339 0
      vertex 133.591 171.191 0
    endloop
  endfacet
  facet normal -0.989398 0.145233 0
    outer loop
      vertex 134.207 169.161 0
      vertex 134.239 169.379 4
      vertex 134.239 169.379 0
    endloop
  endfacet
  facet normal -0.989398 0.145233 0
    outer loop
      vertex 134.239 169.379 4
      vertex 134.207 169.161 0
      vertex 134.207 169.161 4
    endloop
  endfacet
  facet normal 0.858293 -0.513159 0
    outer loop
      vertex 130.016 170.661 4
      vertex 130.129 170.85 0
      vertex 130.129 170.85 4
    endloop
  endfacet
  facet normal 0.858293 -0.513159 0
    outer loop
      vertex 130.129 170.85 0
      vertex 130.016 170.661 4
      vertex 130.016 170.661 0
    endloop
  endfacet
  facet normal -0.858293 -0.513159 0
    outer loop
      vertex 133.984 170.661 0
      vertex 133.871 170.85 4
      vertex 133.871 170.85 0
    endloop
  endfacet
  facet normal -0.858293 -0.513159 0
    outer loop
      vertex 133.871 170.85 4
      vertex 133.984 170.661 0
      vertex 133.984 170.661 4
    endloop
  endfacet
  facet normal -0.0497122 -0.998764 0
    outer loop
      vertex 132 171.85 0
      vertex 132.221 171.839 4
      vertex 132 171.85 4
    endloop
  endfacet
  facet normal -0.0497122 -0.998764 -0
    outer loop
      vertex 132.221 171.839 4
      vertex 132 171.85 0
      vertex 132.221 171.839 0
    endloop
  endfacet
  facet normal 0.989398 -0.145233 0
    outer loop
      vertex 129.761 169.821 4
      vertex 129.793 170.039 0
      vertex 129.793 170.039 4
    endloop
  endfacet
  facet normal 0.989398 -0.145233 0
    outer loop
      vertex 129.793 170.039 0
      vertex 129.761 169.821 4
      vertex 129.761 169.821 0
    endloop
  endfacet
  facet normal -0.0497122 0.998764 0
    outer loop
      vertex 132.221 167.361 0
      vertex 132 167.35 4
      vertex 132.221 167.361 4
    endloop
  endfacet
  facet normal -0.0497122 0.998764 0
    outer loop
      vertex 132 167.35 4
      vertex 132.221 167.361 0
      vertex 132 167.35 0
    endloop
  endfacet
  facet normal 0.858293 0.513159 0
    outer loop
      vertex 130.129 168.35 4
      vertex 130.016 168.539 0
      vertex 130.016 168.539 4
    endloop
  endfacet
  facet normal 0.858293 0.513159 0
    outer loop
      vertex 130.016 168.539 0
      vertex 130.129 168.35 4
      vertex 130.129 168.35 0
    endloop
  endfacet
  facet normal 0.742393 -0.669965 0
    outer loop
      vertex 130.261 171.027 4
      vertex 130.409 171.191 0
      vertex 130.409 171.191 4
    endloop
  endfacet
  facet normal 0.742393 -0.669965 0
    outer loop
      vertex 130.409 171.191 0
      vertex 130.261 171.027 4
      vertex 130.261 171.027 0
    endloop
  endfacet
  facet normal 0.597824 0.801627 -0
    outer loop
      vertex 130.75 167.729 0
      vertex 130.573 167.861 4
      vertex 130.75 167.729 4
    endloop
  endfacet
  facet normal 0.597824 0.801627 0
    outer loop
      vertex 130.573 167.861 4
      vertex 130.75 167.729 0
      vertex 130.573 167.861 0
    endloop
  endfacet
  facet normal -0.244667 -0.969607 0
    outer loop
      vertex 132.439 171.807 0
      vertex 132.653 171.753 4
      vertex 132.439 171.807 4
    endloop
  endfacet
  facet normal -0.244667 -0.969607 -0
    outer loop
      vertex 132.653 171.753 4
      vertex 132.439 171.807 0
      vertex 132.653 171.753 0
    endloop
  endfacet
  facet normal -0.742393 0.669965 0
    outer loop
      vertex 133.591 168.009 0
      vertex 133.739 168.173 4
      vertex 133.739 168.173 0
    endloop
  endfacet
  facet normal -0.742393 0.669965 0
    outer loop
      vertex 133.739 168.173 4
      vertex 133.591 168.009 0
      vertex 133.591 168.009 4
    endloop
  endfacet
  facet normal -0.597824 0.801627 0
    outer loop
      vertex 133.427 167.861 0
      vertex 133.25 167.729 4
      vertex 133.427 167.861 4
    endloop
  endfacet
  facet normal -0.597824 0.801627 0
    outer loop
      vertex 133.25 167.729 4
      vertex 133.427 167.861 0
      vertex 133.25 167.729 0
    endloop
  endfacet
  facet normal 0.942151 0.335188 0
    outer loop
      vertex 129.921 168.739 4
      vertex 129.847 168.947 0
      vertex 129.847 168.947 4
    endloop
  endfacet
  facet normal 0.942151 0.335188 0
    outer loop
      vertex 129.847 168.947 0
      vertex 129.921 168.739 4
      vertex 129.921 168.739 0
    endloop
  endfacet
  facet normal 0.903278 0.429057 0
    outer loop
      vertex 130.016 168.539 4
      vertex 129.921 168.739 0
      vertex 129.921 168.739 4
    endloop
  endfacet
  facet normal 0.903278 0.429057 0
    outer loop
      vertex 129.921 168.739 0
      vertex 130.016 168.539 4
      vertex 130.016 168.539 0
    endloop
  endfacet
  facet normal 0.513159 -0.858293 0
    outer loop
      vertex 130.75 171.471 0
      vertex 130.939 171.584 4
      vertex 130.75 171.471 4
    endloop
  endfacet
  facet normal 0.513159 -0.858293 0
    outer loop
      vertex 130.939 171.584 4
      vertex 130.75 171.471 0
      vertex 130.939 171.584 0
    endloop
  endfacet
  facet normal 0.801627 -0.597824 0
    outer loop
      vertex 130.129 170.85 4
      vertex 130.261 171.027 0
      vertex 130.261 171.027 4
    endloop
  endfacet
  facet normal 0.801627 -0.597824 0
    outer loop
      vertex 130.261 171.027 0
      vertex 130.129 170.85 4
      vertex 130.129 170.85 0
    endloop
  endfacet
  facet normal 0.969607 -0.244667 0
    outer loop
      vertex 129.793 170.039 4
      vertex 129.847 170.253 0
      vertex 129.847 170.253 4
    endloop
  endfacet
  facet normal 0.969607 -0.244667 0
    outer loop
      vertex 129.847 170.253 0
      vertex 129.793 170.039 4
      vertex 129.793 170.039 0
    endloop
  endfacet
  facet normal -0.858293 0.513159 0
    outer loop
      vertex 133.871 168.35 0
      vertex 133.984 168.539 4
      vertex 133.984 168.539 0
    endloop
  endfacet
  facet normal -0.858293 0.513159 0
    outer loop
      vertex 133.984 168.539 4
      vertex 133.871 168.35 0
      vertex 133.871 168.35 4
    endloop
  endfacet
  facet normal -0.942151 0.335188 0
    outer loop
      vertex 134.079 168.739 0
      vertex 134.153 168.947 4
      vertex 134.153 168.947 0
    endloop
  endfacet
  facet normal -0.942151 0.335188 0
    outer loop
      vertex 134.153 168.947 4
      vertex 134.079 168.739 0
      vertex 134.079 168.739 4
    endloop
  endfacet
  facet normal -0.669965 0.742393 0
    outer loop
      vertex 133.591 168.009 0
      vertex 133.427 167.861 4
      vertex 133.591 168.009 4
    endloop
  endfacet
  facet normal -0.669965 0.742393 0
    outer loop
      vertex 133.427 167.861 4
      vertex 133.591 168.009 0
      vertex 133.427 167.861 0
    endloop
  endfacet
  facet normal 0.669965 0.742393 -0
    outer loop
      vertex 130.573 167.861 0
      vertex 130.409 168.009 4
      vertex 130.573 167.861 4
    endloop
  endfacet
  facet normal 0.669965 0.742393 0
    outer loop
      vertex 130.409 168.009 4
      vertex 130.573 167.861 0
      vertex 130.409 168.009 0
    endloop
  endfacet
  facet normal 0.998764 -0.0497122 0
    outer loop
      vertex 129.75 169.6 4
      vertex 129.761 169.821 0
      vertex 129.761 169.821 4
    endloop
  endfacet
  facet normal 0.998764 -0.0497122 0
    outer loop
      vertex 129.761 169.821 0
      vertex 129.75 169.6 4
      vertex 129.75 169.6 0
    endloop
  endfacet
  facet normal 0.998764 0.0497122 0
    outer loop
      vertex 129.761 169.379 4
      vertex 129.75 169.6 0
      vertex 129.75 169.6 4
    endloop
  endfacet
  facet normal 0.998764 0.0497122 0
    outer loop
      vertex 129.75 169.6 0
      vertex 129.761 169.379 4
      vertex 129.761 169.379 0
    endloop
  endfacet
  facet normal 0.801627 0.597824 0
    outer loop
      vertex 130.261 168.173 4
      vertex 130.129 168.35 0
      vertex 130.129 168.35 4
    endloop
  endfacet
  facet normal 0.801627 0.597824 0
    outer loop
      vertex 130.129 168.35 0
      vertex 130.261 168.173 4
      vertex 130.261 168.173 0
    endloop
  endfacet
  facet normal 0.942151 -0.335188 0
    outer loop
      vertex 129.847 170.253 4
      vertex 129.921 170.461 0
      vertex 129.921 170.461 4
    endloop
  endfacet
  facet normal 0.942151 -0.335188 0
    outer loop
      vertex 129.921 170.461 0
      vertex 129.847 170.253 4
      vertex 129.847 170.253 0
    endloop
  endfacet
  facet normal -0.989445 -0.144907 0
    outer loop
      vertex 134.239 19.8205 0
      vertex 134.207 20.039 4.1
      vertex 134.207 20.039 0
    endloop
  endfacet
  facet normal -0.989445 -0.144907 0
    outer loop
      vertex 134.207 20.039 4.1
      vertex 134.239 19.8205 0
      vertex 134.239 19.8205 4.1
    endloop
  endfacet
  facet normal -0.998758 -0.0498247 0
    outer loop
      vertex 134.25 19.6 0
      vertex 134.239 19.8205 4.1
      vertex 134.239 19.8205 0
    endloop
  endfacet
  facet normal -0.998758 -0.0498247 0
    outer loop
      vertex 134.239 19.8205 4.1
      vertex 134.25 19.6 0
      vertex 134.25 19.6 4.1
    endloop
  endfacet
  facet normal -0.969634 -0.24456 0
    outer loop
      vertex 134.207 20.039 0
      vertex 134.153 20.2531 4.1
      vertex 134.153 20.2531 0
    endloop
  endfacet
  facet normal -0.969634 -0.24456 0
    outer loop
      vertex 134.153 20.2531 4.1
      vertex 134.207 20.039 0
      vertex 134.207 20.039 4.1
    endloop
  endfacet
  facet normal 0.243389 -0.969929 0
    outer loop
      vertex 131.347 21.7531 0
      vertex 131.561 21.8068 4
      vertex 131.347 21.7531 4
    endloop
  endfacet
  facet normal 0.243389 -0.969929 0
    outer loop
      vertex 131.561 21.8068 4
      vertex 131.347 21.7531 0
      vertex 131.561 21.8068 0
    endloop
  endfacet
  facet normal 0.147009 -0.989135 0
    outer loop
      vertex 131.561 21.8068 0
      vertex 131.779 21.8392 4
      vertex 131.561 21.8068 4
    endloop
  endfacet
  facet normal 0.147009 -0.989135 0
    outer loop
      vertex 131.779 21.8392 4
      vertex 131.561 21.8068 0
      vertex 131.779 21.8392 0
    endloop
  endfacet
  facet normal -0.336795 -0.941578 0
    outer loop
      vertex 132.653 21.7531 0
      vertex 132.861 21.6787 4
      vertex 132.653 21.7531 4
    endloop
  endfacet
  facet normal -0.336795 -0.941578 -0
    outer loop
      vertex 132.861 21.6787 4
      vertex 132.653 21.7531 0
      vertex 132.861 21.6787 0
    endloop
  endfacet
  facet normal -0.147009 0.989135 0
    outer loop
      vertex 132.439 17.3932 0
      vertex 132.221 17.3608 4.1
      vertex 132.439 17.3932 4.1
    endloop
  endfacet
  facet normal -0.147009 0.989135 0
    outer loop
      vertex 132.221 17.3608 4.1
      vertex 132.439 17.3932 0
      vertex 132.221 17.3608 0
    endloop
  endfacet
  facet normal -0.514829 -0.857293 0
    outer loop
      vertex 133.061 21.5843 0
      vertex 133.25 21.4708 4
      vertex 133.061 21.5843 4
    endloop
  endfacet
  facet normal -0.514829 -0.857293 -0
    outer loop
      vertex 133.25 21.4708 4
      vertex 133.061 21.5843 0
      vertex 133.25 21.4708 0
    endloop
  endfacet
  facet normal -0.998758 0.0498247 0
    outer loop
      vertex 134.239 19.3795 0
      vertex 134.25 19.6 4.1
      vertex 134.25 19.6 0
    endloop
  endfacet
  facet normal -0.998758 0.0498247 0
    outer loop
      vertex 134.25 19.6 4.1
      vertex 134.239 19.3795 0
      vertex 134.239 19.3795 4.1
    endloop
  endfacet
  facet normal -0.243389 0.969929 0
    outer loop
      vertex 132.653 17.4469 0
      vertex 132.439 17.3932 4.1
      vertex 132.653 17.4469 4.1
    endloop
  endfacet
  facet normal -0.243389 0.969929 0
    outer loop
      vertex 132.439 17.3932 4.1
      vertex 132.653 17.4469 0
      vertex 132.439 17.3932 0
    endloop
  endfacet
  facet normal 0.969634 0.24456 0
    outer loop
      vertex 129.847 18.9469 4.1
      vertex 129.793 19.161 0
      vertex 129.793 19.161 4.1
    endloop
  endfacet
  facet normal 0.969634 0.24456 0
    outer loop
      vertex 129.793 19.161 0
      vertex 129.847 18.9469 4.1
      vertex 129.847 18.9469 0
    endloop
  endfacet
  facet normal -0.802274 0.596957 0
    outer loop
      vertex 133.739 18.1726 0
      vertex 133.871 18.35 4.1
      vertex 133.871 18.35 0
    endloop
  endfacet
  facet normal -0.802274 0.596957 0
    outer loop
      vertex 133.871 18.35 4.1
      vertex 133.739 18.1726 0
      vertex 133.739 18.1726 4.1
    endloop
  endfacet
  facet normal 0.741579 0.670866 0
    outer loop
      vertex 130.409 18.009 4.1
      vertex 130.261 18.1726 0
      vertex 130.261 18.1726 4.1
    endloop
  endfacet
  facet normal 0.741579 0.670866 0
    outer loop
      vertex 130.261 18.1726 0
      vertex 130.409 18.009 4.1
      vertex 130.409 18.009 0
    endloop
  endfacet
  facet normal 0.147009 0.989135 -0
    outer loop
      vertex 131.779 17.3608 0
      vertex 131.561 17.3932 4.1
      vertex 131.779 17.3608 4.1
    endloop
  endfacet
  facet normal 0.147009 0.989135 0
    outer loop
      vertex 131.561 17.3932 4.1
      vertex 131.779 17.3608 0
      vertex 131.561 17.3932 0
    endloop
  endfacet
  facet normal 0.989445 0.144907 0
    outer loop
      vertex 129.793 19.161 4.1
      vertex 129.761 19.3795 0
      vertex 129.761 19.3795 4.1
    endloop
  endfacet
  facet normal 0.989445 0.144907 0
    outer loop
      vertex 129.761 19.3795 0
      vertex 129.793 19.161 4.1
      vertex 129.793 19.161 0
    endloop
  endfacet
  facet normal 0 0 -1
    outer loop
      vertex 134.239 19.3795 4.1
      vertex 134.239 19.8205 4.1
      vertex 134.25 19.6 4.1
    endloop
  endfacet
  facet normal 0 0 -1
    outer loop
      vertex 134.207 19.161 4.1
      vertex 134.239 19.8205 4.1
      vertex 134.239 19.3795 4.1
    endloop
  endfacet
  facet normal 0 0 -1
    outer loop
      vertex 134.207 19.161 4.1
      vertex 134.207 20.039 4.1
      vertex 134.239 19.8205 4.1
    endloop
  endfacet
  facet normal 0 0 -1
    outer loop
      vertex 134.153 18.9469 4.1
      vertex 134.207 20.039 4.1
      vertex 134.207 19.161 4.1
    endloop
  endfacet
  facet normal 0 0 -1
    outer loop
      vertex 134.153 18.9469 4.1
      vertex 134.153 20.2531 4.1
      vertex 134.207 20.039 4.1
    endloop
  endfacet
  facet normal 0 0 -1
    outer loop
      vertex 134.079 18.739 4.1
      vertex 134.153 20.2531 4.1
      vertex 134.153 18.9469 4.1
    endloop
  endfacet
  facet normal 0 0 -1
    outer loop
      vertex 134.073 20.474 4.1
      vertex 134.153 20.2531 4.1
      vertex 134.079 18.739 4.1
    endloop
  endfacet
  facet normal 0 0 -1
    outer loop
      vertex 134.153 20.2531 4.1
      vertex 134.073 20.474 4.1
      vertex 134.079 20.461 4.1
    endloop
  endfacet
  facet normal 0 0 -1
    outer loop
      vertex 133.984 18.5394 4.1
      vertex 134.073 20.474 4.1
      vertex 134.079 18.739 4.1
    endloop
  endfacet
  facet normal 0 0 -1
    outer loop
      vertex 133.871 18.35 4.1
      vertex 134.073 20.474 4.1
      vertex 133.984 18.5394 4.1
    endloop
  endfacet
  facet normal 0 0 -1
    outer loop
      vertex 133.739 18.1726 4.1
      vertex 134.073 20.474 4.1
      vertex 133.871 18.35 4.1
    endloop
  endfacet
  facet normal 0 0 -1
    outer loop
      vertex 133.591 18.009 4.1
      vertex 134.073 20.474 4.1
      vertex 133.739 18.1726 4.1
    endloop
  endfacet
  facet normal 0 0 -1
    outer loop
      vertex 133.427 17.8607 4.1
      vertex 134.073 20.474 4.1
      vertex 133.591 18.009 4.1
    endloop
  endfacet
  facet normal 0 0 -1
    outer loop
      vertex 133.25 17.7292 4.1
      vertex 134.073 20.474 4.1
      vertex 133.427 17.8607 4.1
    endloop
  endfacet
  facet normal 0 0 -1
    outer loop
      vertex 133.061 17.6157 4.1
      vertex 134.073 20.474 4.1
      vertex 133.25 17.7292 4.1
    endloop
  endfacet
  facet normal 0 0 -1
    outer loop
      vertex 132.861 17.5213 4.1
      vertex 134.073 20.474 4.1
      vertex 133.061 17.6157 4.1
    endloop
  endfacet
  facet normal 0 0 -1
    outer loop
      vertex 132.653 17.4469 4.1
      vertex 134.073 20.474 4.1
      vertex 132.861 17.5213 4.1
    endloop
  endfacet
  facet normal 0 0 -1
    outer loop
      vertex 132.439 17.3932 4.1
      vertex 134.073 20.474 4.1
      vertex 132.653 17.4469 4.1
    endloop
  endfacet
  facet normal 0 0 -1
    outer loop
      vertex 132.221 17.3608 4.1
      vertex 134.073 20.474 4.1
      vertex 132.439 17.3932 4.1
    endloop
  endfacet
  facet normal 0 0 -1
    outer loop
      vertex 132 17.35 4.1
      vertex 134.073 20.474 4.1
      vertex 132.221 17.3608 4.1
    endloop
  endfacet
  facet normal 0 0 -1
    outer loop
      vertex 131.779 17.3608 4.1
      vertex 134.073 20.474 4.1
      vertex 132 17.35 4.1
    endloop
  endfacet
  facet normal 0 0 -1
    outer loop
      vertex 131.561 17.3932 4.1
      vertex 134.073 20.474 4.1
      vertex 131.779 17.3608 4.1
    endloop
  endfacet
  facet normal 0 0 -1
    outer loop
      vertex 131.347 17.4469 4.1
      vertex 134.073 20.474 4.1
      vertex 131.561 17.3932 4.1
    endloop
  endfacet
  facet normal 0 0 -1
    outer loop
      vertex 131.139 17.5213 4.1
      vertex 134.073 20.474 4.1
      vertex 131.347 17.4469 4.1
    endloop
  endfacet
  facet normal 0 0 -1
    outer loop
      vertex 130.939 17.6157 4.1
      vertex 134.073 20.474 4.1
      vertex 131.139 17.5213 4.1
    endloop
  endfacet
  facet normal 0 0 -1
    outer loop
      vertex 130.75 17.7292 4.1
      vertex 134.073 20.474 4.1
      vertex 130.939 17.6157 4.1
    endloop
  endfacet
  facet normal 0 0 -1
    outer loop
      vertex 130.573 17.8607 4.1
      vertex 134.073 20.474 4.1
      vertex 130.75 17.7292 4.1
    endloop
  endfacet
  facet normal 0 0 -1
    outer loop
      vertex 130.409 18.009 4.1
      vertex 134.073 20.474 4.1
      vertex 130.573 17.8607 4.1
    endloop
  endfacet
  facet normal 0 0 -1
    outer loop
      vertex 130.261 18.1726 4.1
      vertex 134.073 20.474 4.1
      vertex 130.409 18.009 4.1
    endloop
  endfacet
  facet normal 0 0 -1
    outer loop
      vertex 130.129 18.35 4.1
      vertex 134.073 20.474 4.1
      vertex 130.261 18.1726 4.1
    endloop
  endfacet
  facet normal 0 0 -1
    outer loop
      vertex 130.016 18.5394 4.1
      vertex 134.073 20.474 4.1
      vertex 130.129 18.35 4.1
    endloop
  endfacet
  facet normal 0 0 -1
    outer loop
      vertex 130.016 18.5394 4.1
      vertex 129.927 20.474 4.1
      vertex 134.073 20.474 4.1
    endloop
  endfacet
  facet normal 0 0 -1
    outer loop
      vertex 129.921 18.739 4.1
      vertex 129.927 20.474 4.1
      vertex 130.016 18.5394 4.1
    endloop
  endfacet
  facet normal 0 0 -1
    outer loop
      vertex 129.847 18.9469 4.1
      vertex 129.927 20.474 4.1
      vertex 129.921 18.739 4.1
    endloop
  endfacet
  facet normal 0 0 -1
    outer loop
      vertex 129.847 20.2531 4.1
      vertex 129.927 20.474 4.1
      vertex 129.847 18.9469 4.1
    endloop
  endfacet
  facet normal 0 0 -1
    outer loop
      vertex 129.927 20.474 4.1
      vertex 129.847 20.2531 4.1
      vertex 129.921 20.461 4.1
    endloop
  endfacet
  facet normal 0 0 -1
    outer loop
      vertex 129.793 19.161 4.1
      vertex 129.847 20.2531 4.1
      vertex 129.847 18.9469 4.1
    endloop
  endfacet
  facet normal 0 0 -1
    outer loop
      vertex 129.793 19.161 4.1
      vertex 129.793 20.039 4.1
      vertex 129.847 20.2531 4.1
    endloop
  endfacet
  facet normal 0 0 -1
    outer loop
      vertex 129.761 19.3795 4.1
      vertex 129.793 20.039 4.1
      vertex 129.793 19.161 4.1
    endloop
  endfacet
  facet normal 0 0 -1
    outer loop
      vertex 129.761 19.3795 4.1
      vertex 129.761 19.8205 4.1
      vertex 129.793 20.039 4.1
    endloop
  endfacet
  facet normal 0 -0 -1
    outer loop
      vertex 129.761 19.8205 4.1
      vertex 129.761 19.3795 4.1
      vertex 129.75 19.6 4.1
    endloop
  endfacet
  facet normal 0.243389 0.969929 -0
    outer loop
      vertex 131.561 17.3932 0
      vertex 131.347 17.4469 4.1
      vertex 131.561 17.3932 4.1
    endloop
  endfacet
  facet normal 0.243389 0.969929 0
    outer loop
      vertex 131.347 17.4469 4.1
      vertex 131.561 17.3932 0
      vertex 131.347 17.4469 0
    endloop
  endfacet
  facet normal 0.670712 -0.741718 0
    outer loop
      vertex 130.409 21.191 0
      vertex 130.573 21.3393 4
      vertex 130.409 21.191 4
    endloop
  endfacet
  facet normal 0.670712 -0.741718 0
    outer loop
      vertex 130.573 21.3393 4
      vertex 130.409 21.191 0
      vertex 130.573 21.3393 0
    endloop
  endfacet
  facet normal 0.426842 0.904326 -0
    outer loop
      vertex 131.139 17.5213 0
      vertex 130.939 17.6157 4.1
      vertex 131.139 17.5213 4.1
    endloop
  endfacet
  facet normal 0.426842 0.904326 0
    outer loop
      vertex 130.939 17.6157 4.1
      vertex 131.139 17.5213 0
      vertex 130.939 17.6157 0
    endloop
  endfacet
  facet normal -0.514829 0.857293 0
    outer loop
      vertex 133.25 17.7292 0
      vertex 133.061 17.6157 4.1
      vertex 133.25 17.7292 4.1
    endloop
  endfacet
  facet normal -0.514829 0.857293 0
    outer loop
      vertex 133.061 17.6157 4.1
      vertex 133.25 17.7292 0
      vertex 133.061 17.6157 0
    endloop
  endfacet
  facet normal 0.514829 0.857293 -0
    outer loop
      vertex 130.939 17.6157 0
      vertex 130.75 17.7292 4.1
      vertex 130.939 17.6157 4.1
    endloop
  endfacet
  facet normal 0.514829 0.857293 0
    outer loop
      vertex 130.75 17.7292 4.1
      vertex 130.939 17.6157 0
      vertex 130.75 17.7292 0
    endloop
  endfacet
  facet normal -0.741579 -0.670866 0
    outer loop
      vertex 133.739 21.0274 0
      vertex 133.591 21.191 4
      vertex 133.591 21.191 0
    endloop
  endfacet
  facet normal -0.741579 -0.670866 0
    outer loop
      vertex 133.591 21.191 4
      vertex 133.739 21.0274 0
      vertex 133.739 21.0274 4
    endloop
  endfacet
  facet normal 0.596366 -0.802713 0
    outer loop
      vertex 130.573 21.3393 0
      vertex 130.75 21.4708 4
      vertex 130.573 21.3393 4
    endloop
  endfacet
  facet normal 0.596366 -0.802713 0
    outer loop
      vertex 130.75 21.4708 4
      vertex 130.573 21.3393 0
      vertex 130.75 21.4708 0
    endloop
  endfacet
  facet normal 0.902033 -0.431666 0
    outer loop
      vertex 129.987 20.6 4
      vertex 130.016 20.6606 0
      vertex 130.016 20.6606 4
    endloop
  endfacet
  facet normal 0.907832 -0.418999 0.01676
    outer loop
      vertex 129.921 20.461 4.1
      vertex 129.987 20.6 4
      vertex 129.927 20.474 4.1
    endloop
  endfacet
  facet normal 0.90334 -0.428924 0
    outer loop
      vertex 129.987 20.6 4
      vertex 129.921 20.461 4.1
      vertex 129.921 20.461 0
    endloop
  endfacet
  facet normal 0.902944 -0.429758 3.55116e-05
    outer loop
      vertex 129.987 20.6 4
      vertex 129.921 20.461 0
      vertex 130.016 20.6606 0
    endloop
  endfacet
  facet normal -0.426842 0.904326 0
    outer loop
      vertex 133.061 17.6157 0
      vertex 132.861 17.5213 4.1
      vertex 133.061 17.6157 4.1
    endloop
  endfacet
  facet normal -0.426842 0.904326 0
    outer loop
      vertex 132.861 17.5213 4.1
      vertex 133.061 17.6157 0
      vertex 132.861 17.5213 0
    endloop
  endfacet
  facet normal 0.336795 -0.941578 0
    outer loop
      vertex 131.139 21.6787 0
      vertex 131.347 21.7531 4
      vertex 131.139 21.6787 4
    endloop
  endfacet
  facet normal 0.336795 -0.941578 0
    outer loop
      vertex 131.347 21.7531 4
      vertex 131.139 21.6787 0
      vertex 131.347 21.7531 0
    endloop
  endfacet
  facet normal -0.426842 -0.904326 0
    outer loop
      vertex 132.861 21.6787 0
      vertex 133.061 21.5843 4
      vertex 132.861 21.6787 4
    endloop
  endfacet
  facet normal -0.426842 -0.904326 -0
    outer loop
      vertex 133.061 21.5843 4
      vertex 132.861 21.6787 0
      vertex 133.061 21.5843 0
    endloop
  endfacet
  facet normal -0.147009 -0.989135 0
    outer loop
      vertex 132.221 21.8392 0
      vertex 132.439 21.8068 4
      vertex 132.221 21.8392 4
    endloop
  endfacet
  facet normal -0.147009 -0.989135 -0
    outer loop
      vertex 132.439 21.8068 4
      vertex 132.221 21.8392 0
      vertex 132.439 21.8068 0
    endloop
  endfacet
  facet normal -0.802274 -0.596957 0
    outer loop
      vertex 133.871 20.85 0
      vertex 133.739 21.0274 4
      vertex 133.739 21.0274 0
    endloop
  endfacet
  facet normal -0.802274 -0.596957 0
    outer loop
      vertex 133.739 21.0274 4
      vertex 133.871 20.85 0
      vertex 133.871 20.85 4
    endloop
  endfacet
  facet normal 0.0488105 -0.998808 0
    outer loop
      vertex 131.779 21.8392 0
      vertex 132 21.85 4
      vertex 131.779 21.8392 4
    endloop
  endfacet
  facet normal 0.0488105 -0.998808 0
    outer loop
      vertex 132 21.85 4
      vertex 131.779 21.8392 0
      vertex 132 21.85 0
    endloop
  endfacet
  facet normal -0.336795 0.941578 0
    outer loop
      vertex 132.861 17.5213 0
      vertex 132.653 17.4469 4.1
      vertex 132.861 17.5213 4.1
    endloop
  endfacet
  facet normal -0.336795 0.941578 0
    outer loop
      vertex 132.653 17.4469 4.1
      vertex 132.861 17.5213 0
      vertex 132.653 17.4469 0
    endloop
  endfacet
  facet normal 0.0488105 0.998808 -0
    outer loop
      vertex 132 17.35 0
      vertex 131.779 17.3608 4.1
      vertex 132 17.35 4.1
    endloop
  endfacet
  facet normal 0.0488105 0.998808 0
    outer loop
      vertex 131.779 17.3608 4.1
      vertex 132 17.35 0
      vertex 131.779 17.3608 0
    endloop
  endfacet
  facet normal -0.969634 0.24456 0
    outer loop
      vertex 134.153 18.9469 0
      vertex 134.207 19.161 4.1
      vertex 134.207 19.161 0
    endloop
  endfacet
  facet normal -0.969634 0.24456 0
    outer loop
      vertex 134.207 19.161 4.1
      vertex 134.153 18.9469 0
      vertex 134.153 18.9469 4.1
    endloop
  endfacet
  facet normal -0.902944 0.429758 0
    outer loop
      vertex 133.984 18.5394 0
      vertex 134.079 18.739 4.1
      vertex 134.079 18.739 0
    endloop
  endfacet
  facet normal -0.902944 0.429758 0
    outer loop
      vertex 134.079 18.739 4.1
      vertex 133.984 18.5394 0
      vertex 133.984 18.5394 4.1
    endloop
  endfacet
  facet normal 0.336795 0.941578 -0
    outer loop
      vertex 131.347 17.4469 0
      vertex 131.139 17.5213 4.1
      vertex 131.347 17.4469 4.1
    endloop
  endfacet
  facet normal 0.336795 0.941578 0
    outer loop
      vertex 131.139 17.5213 4.1
      vertex 131.347 17.4469 0
      vertex 131.139 17.5213 0
    endloop
  endfacet
  facet normal -0.9421 -0.335331 0
    outer loop
      vertex 134.153 20.2531 0
      vertex 134.079 20.461 4.1
      vertex 134.079 20.461 0
    endloop
  endfacet
  facet normal -0.9421 -0.335331 0
    outer loop
      vertex 134.079 20.461 4.1
      vertex 134.153 20.2531 0
      vertex 134.153 20.2531 4.1
    endloop
  endfacet
  facet normal 0.426842 -0.904326 0
    outer loop
      vertex 130.939 21.5843 0
      vertex 131.139 21.6787 4
      vertex 130.939 21.5843 4
    endloop
  endfacet
  facet normal 0.426842 -0.904326 0
    outer loop
      vertex 131.139 21.6787 4
      vertex 130.939 21.5843 0
      vertex 131.139 21.6787 0
    endloop
  endfacet
  facet normal -0.596366 -0.802713 0
    outer loop
      vertex 133.25 21.4708 0
      vertex 133.427 21.3393 4
      vertex 133.25 21.4708 4
    endloop
  endfacet
  facet normal -0.596366 -0.802713 -0
    outer loop
      vertex 133.427 21.3393 4
      vertex 133.25 21.4708 0
      vertex 133.427 21.3393 0
    endloop
  endfacet
  facet normal -0.902033 -0.431666 0
    outer loop
      vertex 133.984 20.6606 0
      vertex 134.013 20.6 4
      vertex 133.984 20.6606 4
    endloop
  endfacet
  facet normal -0.902944 -0.429758 3.55116e-05
    outer loop
      vertex 134.079 20.461 0
      vertex 134.013 20.6 4
      vertex 133.984 20.6606 0
    endloop
  endfacet
  facet normal -0.90334 -0.428924 -0
    outer loop
      vertex 134.079 20.461 4.1
      vertex 134.013 20.6 4
      vertex 134.079 20.461 0
    endloop
  endfacet
  facet normal -0.907832 -0.418999 0.01676
    outer loop
      vertex 134.013 20.6 4
      vertex 134.079 20.461 4.1
      vertex 134.073 20.474 4.1
    endloop
  endfacet
  facet normal -0.670712 -0.741718 0
    outer loop
      vertex 133.427 21.3393 0
      vertex 133.591 21.191 4
      vertex 133.427 21.3393 4
    endloop
  endfacet
  facet normal -0.670712 -0.741718 -0
    outer loop
      vertex 133.591 21.191 4
      vertex 133.427 21.3393 0
      vertex 133.591 21.191 0
    endloop
  endfacet
  facet normal -0.989445 0.144907 0
    outer loop
      vertex 134.207 19.161 0
      vertex 134.239 19.3795 4.1
      vertex 134.239 19.3795 0
    endloop
  endfacet
  facet normal -0.989445 0.144907 0
    outer loop
      vertex 134.239 19.3795 4.1
      vertex 134.207 19.161 0
      vertex 134.207 19.161 4.1
    endloop
  endfacet
  facet normal 0.858771 -0.51236 0
    outer loop
      vertex 130.016 20.6606 4
      vertex 130.129 20.85 0
      vertex 130.129 20.85 4
    endloop
  endfacet
  facet normal 0.858771 -0.51236 0
    outer loop
      vertex 130.129 20.85 0
      vertex 130.016 20.6606 4
      vertex 130.016 20.6606 0
    endloop
  endfacet
  facet normal -0.858771 -0.51236 0
    outer loop
      vertex 133.984 20.6606 0
      vertex 133.871 20.85 4
      vertex 133.871 20.85 0
    endloop
  endfacet
  facet normal -0.858771 -0.51236 0
    outer loop
      vertex 133.871 20.85 4
      vertex 133.984 20.6606 0
      vertex 133.984 20.6606 4
    endloop
  endfacet
  facet normal -0.0488105 -0.998808 0
    outer loop
      vertex 132 21.85 0
      vertex 132.221 21.8392 4
      vertex 132 21.85 4
    endloop
  endfacet
  facet normal -0.0488105 -0.998808 -0
    outer loop
      vertex 132.221 21.8392 4
      vertex 132 21.85 0
      vertex 132.221 21.8392 0
    endloop
  endfacet
  facet normal 0.989445 -0.144907 0
    outer loop
      vertex 129.761 19.8205 4.1
      vertex 129.793 20.039 0
      vertex 129.793 20.039 4.1
    endloop
  endfacet
  facet normal 0.989445 -0.144907 0
    outer loop
      vertex 129.793 20.039 0
      vertex 129.761 19.8205 4.1
      vertex 129.761 19.8205 0
    endloop
  endfacet
  facet normal -0.0488105 0.998808 0
    outer loop
      vertex 132.221 17.3608 0
      vertex 132 17.35 4.1
      vertex 132.221 17.3608 4.1
    endloop
  endfacet
  facet normal -0.0488105 0.998808 0
    outer loop
      vertex 132 17.35 4.1
      vertex 132.221 17.3608 0
      vertex 132 17.35 0
    endloop
  endfacet
  facet normal 0.858771 0.51236 0
    outer loop
      vertex 130.129 18.35 4.1
      vertex 130.016 18.5394 0
      vertex 130.016 18.5394 4.1
    endloop
  endfacet
  facet normal 0.858771 0.51236 0
    outer loop
      vertex 130.016 18.5394 0
      vertex 130.129 18.35 4.1
      vertex 130.129 18.35 0
    endloop
  endfacet
  facet normal 0.741579 -0.670866 0
    outer loop
      vertex 130.261 21.0274 4
      vertex 130.409 21.191 0
      vertex 130.409 21.191 4
    endloop
  endfacet
  facet normal 0.741579 -0.670866 0
    outer loop
      vertex 130.409 21.191 0
      vertex 130.261 21.0274 4
      vertex 130.261 21.0274 0
    endloop
  endfacet
  facet normal 0.596366 0.802713 -0
    outer loop
      vertex 130.75 17.7292 0
      vertex 130.573 17.8607 4.1
      vertex 130.75 17.7292 4.1
    endloop
  endfacet
  facet normal 0.596366 0.802713 0
    outer loop
      vertex 130.573 17.8607 4.1
      vertex 130.75 17.7292 0
      vertex 130.573 17.8607 0
    endloop
  endfacet
  facet normal -0.243389 -0.969929 0
    outer loop
      vertex 132.439 21.8068 0
      vertex 132.653 21.7531 4
      vertex 132.439 21.8068 4
    endloop
  endfacet
  facet normal -0.243389 -0.969929 -0
    outer loop
      vertex 132.653 21.7531 4
      vertex 132.439 21.8068 0
      vertex 132.653 21.7531 0
    endloop
  endfacet
  facet normal -0.741579 0.670866 0
    outer loop
      vertex 133.591 18.009 0
      vertex 133.739 18.1726 4.1
      vertex 133.739 18.1726 0
    endloop
  endfacet
  facet normal -0.741579 0.670866 0
    outer loop
      vertex 133.739 18.1726 4.1
      vertex 133.591 18.009 0
      vertex 133.591 18.009 4.1
    endloop
  endfacet
  facet normal -0.596366 0.802713 0
    outer loop
      vertex 133.427 17.8607 0
      vertex 133.25 17.7292 4.1
      vertex 133.427 17.8607 4.1
    endloop
  endfacet
  facet normal -0.596366 0.802713 0
    outer loop
      vertex 133.25 17.7292 4.1
      vertex 133.427 17.8607 0
      vertex 133.25 17.7292 0
    endloop
  endfacet
  facet normal 0.9421 0.335331 0
    outer loop
      vertex 129.921 18.739 4.1
      vertex 129.847 18.9469 0
      vertex 129.847 18.9469 4.1
    endloop
  endfacet
  facet normal 0.9421 0.335331 0
    outer loop
      vertex 129.847 18.9469 0
      vertex 129.921 18.739 4.1
      vertex 129.921 18.739 0
    endloop
  endfacet
  facet normal 0.902944 0.429758 0
    outer loop
      vertex 130.016 18.5394 4.1
      vertex 129.921 18.739 0
      vertex 129.921 18.739 4.1
    endloop
  endfacet
  facet normal 0.902944 0.429758 0
    outer loop
      vertex 129.921 18.739 0
      vertex 130.016 18.5394 4.1
      vertex 130.016 18.5394 0
    endloop
  endfacet
  facet normal 0.514829 -0.857293 0
    outer loop
      vertex 130.75 21.4708 0
      vertex 130.939 21.5843 4
      vertex 130.75 21.4708 4
    endloop
  endfacet
  facet normal 0.514829 -0.857293 0
    outer loop
      vertex 130.939 21.5843 4
      vertex 130.75 21.4708 0
      vertex 130.939 21.5843 0
    endloop
  endfacet
  facet normal 0.802274 -0.596957 0
    outer loop
      vertex 130.129 20.85 4
      vertex 130.261 21.0274 0
      vertex 130.261 21.0274 4
    endloop
  endfacet
  facet normal 0.802274 -0.596957 0
    outer loop
      vertex 130.261 21.0274 0
      vertex 130.129 20.85 4
      vertex 130.129 20.85 0
    endloop
  endfacet
  facet normal 0.969634 -0.24456 0
    outer loop
      vertex 129.793 20.039 4.1
      vertex 129.847 20.2531 0
      vertex 129.847 20.2531 4.1
    endloop
  endfacet
  facet normal 0.969634 -0.24456 0
    outer loop
      vertex 129.847 20.2531 0
      vertex 129.793 20.039 4.1
      vertex 129.793 20.039 0
    endloop
  endfacet
  facet normal -0.858771 0.51236 0
    outer loop
      vertex 133.871 18.35 0
      vertex 133.984 18.5394 4.1
      vertex 133.984 18.5394 0
    endloop
  endfacet
  facet normal -0.858771 0.51236 0
    outer loop
      vertex 133.984 18.5394 4.1
      vertex 133.871 18.35 0
      vertex 133.871 18.35 4.1
    endloop
  endfacet
  facet normal -0.9421 0.335331 0
    outer loop
      vertex 134.079 18.739 0
      vertex 134.153 18.9469 4.1
      vertex 134.153 18.9469 0
    endloop
  endfacet
  facet normal -0.9421 0.335331 0
    outer loop
      vertex 134.153 18.9469 4.1
      vertex 134.079 18.739 0
      vertex 134.079 18.739 4.1
    endloop
  endfacet
  facet normal -0.670712 0.741718 0
    outer loop
      vertex 133.591 18.009 0
      vertex 133.427 17.8607 4.1
      vertex 133.591 18.009 4.1
    endloop
  endfacet
  facet normal -0.670712 0.741718 0
    outer loop
      vertex 133.427 17.8607 4.1
      vertex 133.591 18.009 0
      vertex 133.427 17.8607 0
    endloop
  endfacet
  facet normal 0.670712 0.741718 -0
    outer loop
      vertex 130.573 17.8607 0
      vertex 130.409 18.009 4.1
      vertex 130.573 17.8607 4.1
    endloop
  endfacet
  facet normal 0.670712 0.741718 0
    outer loop
      vertex 130.409 18.009 4.1
      vertex 130.573 17.8607 0
      vertex 130.409 18.009 0
    endloop
  endfacet
  facet normal 0.998758 -0.0498247 0
    outer loop
      vertex 129.75 19.6 4.1
      vertex 129.761 19.8205 0
      vertex 129.761 19.8205 4.1
    endloop
  endfacet
  facet normal 0.998758 -0.0498247 0
    outer loop
      vertex 129.761 19.8205 0
      vertex 129.75 19.6 4.1
      vertex 129.75 19.6 0
    endloop
  endfacet
  facet normal 0.998758 0.0498247 0
    outer loop
      vertex 129.761 19.3795 4.1
      vertex 129.75 19.6 0
      vertex 129.75 19.6 4.1
    endloop
  endfacet
  facet normal 0.998758 0.0498247 0
    outer loop
      vertex 129.75 19.6 0
      vertex 129.761 19.3795 4.1
      vertex 129.761 19.3795 0
    endloop
  endfacet
  facet normal 0.802274 0.596957 0
    outer loop
      vertex 130.261 18.1726 4.1
      vertex 130.129 18.35 0
      vertex 130.129 18.35 4.1
    endloop
  endfacet
  facet normal 0.802274 0.596957 0
    outer loop
      vertex 130.129 18.35 0
      vertex 130.261 18.1726 4.1
      vertex 130.261 18.1726 0
    endloop
  endfacet
  facet normal 0.9421 -0.335331 0
    outer loop
      vertex 129.847 20.2531 4.1
      vertex 129.921 20.461 0
      vertex 129.921 20.461 4.1
    endloop
  endfacet
  facet normal 0.9421 -0.335331 0
    outer loop
      vertex 129.921 20.461 0
      vertex 129.847 20.2531 4.1
      vertex 129.847 20.2531 0
    endloop
  endfacet
  facet normal 0.336492 0.941686 -0
    outer loop
      vertex 27.7953 172.629 0.9
      vertex 27.4119 172.766 4
      vertex 27.7953 172.629 4
    endloop
  endfacet
  facet normal 0.336492 0.941686 0
    outer loop
      vertex 27.4119 172.766 4
      vertex 27.7953 172.629 0.9
      vertex 27.4119 172.766 0.9
    endloop
  endfacet
  facet normal -0.336492 -0.941686 0
    outer loop
      vertex 30.2047 180.571 0.9
      vertex 30.5881 180.434 4
      vertex 30.2047 180.571 4
    endloop
  endfacet
  facet normal -0.336492 -0.941686 -0
    outer loop
      vertex 30.5881 180.434 4
      vertex 30.2047 180.571 0.9
      vertex 30.5881 180.434 0.9
    endloop
  endfacet
  facet normal -0.989205 -0.14654 0
    outer loop
      vertex 33.13 177.007 0.9
      vertex 33.0703 177.41 4
      vertex 33.0703 177.41 0.9
    endloop
  endfacet
  facet normal -0.989205 -0.14654 0
    outer loop
      vertex 33.0703 177.41 4
      vertex 33.13 177.007 0.9
      vertex 33.13 177.007 4
    endloop
  endfacet
  facet normal -0.998795 -0.0490808 0
    outer loop
      vertex 33.15 176.6 0.9
      vertex 33.13 177.007 4
      vertex 33.13 177.007 0.9
    endloop
  endfacet
  facet normal -0.998795 -0.0490808 0
    outer loop
      vertex 33.13 177.007 4
      vertex 33.15 176.6 0.9
      vertex 33.15 176.6 4
    endloop
  endfacet
  facet normal -0.969998 -0.243113 0
    outer loop
      vertex 33.0703 177.41 0.9
      vertex 32.9713 177.805 4
      vertex 32.9713 177.805 0.9
    endloop
  endfacet
  facet normal -0.969998 -0.243113 0
    outer loop
      vertex 32.9713 177.805 4
      vertex 33.0703 177.41 0.9
      vertex 33.0703 177.41 4
    endloop
  endfacet
  facet normal -0.0491049 0.998794 0
    outer loop
      vertex 29.4068 172.47 0.9
      vertex 29 172.45 4
      vertex 29.4068 172.47 4
    endloop
  endfacet
  facet normal -0.0491049 0.998794 0
    outer loop
      vertex 29 172.45 4
      vertex 29.4068 172.47 0.9
      vertex 29 172.45 0.9
    endloop
  endfacet
  facet normal -0.672184 0.740384 0
    outer loop
      vertex 31.9345 173.666 0.9
      vertex 31.6327 173.392 4
      vertex 31.9345 173.666 4
    endloop
  endfacet
  facet normal -0.672184 0.740384 0
    outer loop
      vertex 31.6327 173.392 4
      vertex 31.9345 173.666 0.9
      vertex 31.6327 173.392 0.9
    endloop
  endfacet
  facet normal -0.803113 0.595826 0
    outer loop
      vertex 32.208 173.967 0.9
      vertex 32.4506 174.294 4
      vertex 32.4506 174.294 0.9
    endloop
  endfacet
  facet normal -0.803113 0.595826 0
    outer loop
      vertex 32.4506 174.294 4
      vertex 32.208 173.967 0.9
      vertex 32.208 173.967 4
    endloop
  endfacet
  facet normal -0.998795 0.0490808 0
    outer loop
      vertex 33.13 176.193 0.9
      vertex 33.15 176.6 4
      vertex 33.15 176.6 0.9
    endloop
  endfacet
  facet normal -0.998795 0.0490808 0
    outer loop
      vertex 33.15 176.6 4
      vertex 33.13 176.193 0.9
      vertex 33.13 176.193 4
    endloop
  endfacet
  facet normal -0.336492 0.941686 0
    outer loop
      vertex 30.5881 172.766 0.9
      vertex 30.2047 172.629 4
      vertex 30.5881 172.766 4
    endloop
  endfacet
  facet normal -0.336492 0.941686 0
    outer loop
      vertex 30.2047 172.629 4
      vertex 30.5881 172.766 0.9
      vertex 30.2047 172.629 0.9
    endloop
  endfacet
  facet normal -0.147332 0.989087 0
    outer loop
      vertex 29.8096 172.53 0.9
      vertex 29.4068 172.47 4
      vertex 29.8096 172.53 4
    endloop
  endfacet
  facet normal -0.147332 0.989087 0
    outer loop
      vertex 29.4068 172.47 4
      vertex 29.8096 172.53 0.9
      vertex 29.4068 172.47 0.9
    endloop
  endfacet
  facet normal -0.941419 -0.337239 0
    outer loop
      vertex 32.9713 177.805 0.9
      vertex 32.8341 178.188 4
      vertex 32.8341 178.188 0.9
    endloop
  endfacet
  facet normal -0.941419 -0.337239 0
    outer loop
      vertex 32.8341 178.188 4
      vertex 32.9713 177.805 0.9
      vertex 32.9713 177.805 4
    endloop
  endfacet
  facet normal -0.903943 -0.427653 0
    outer loop
      vertex 32.8341 178.188 0.9
      vertex 32.66 178.556 4
      vertex 32.66 178.556 0.9
    endloop
  endfacet
  facet normal -0.903943 -0.427653 0
    outer loop
      vertex 32.66 178.556 4
      vertex 32.8341 178.188 0.9
      vertex 32.8341 178.188 4
    endloop
  endfacet
  facet normal -0.147332 -0.989087 0
    outer loop
      vertex 29.4068 180.73 0.9
      vertex 29.8096 180.67 4
      vertex 29.4068 180.73 4
    endloop
  endfacet
  facet normal -0.147332 -0.989087 -0
    outer loop
      vertex 29.8096 180.67 4
      vertex 29.4068 180.73 0.9
      vertex 29.8096 180.67 0.9
    endloop
  endfacet
  facet normal 0.998795 0.0490808 0
    outer loop
      vertex 24.87 176.193 4
      vertex 24.85 176.6 0.9
      vertex 24.85 176.6 4
    endloop
  endfacet
  facet normal 0.998795 0.0490808 0
    outer loop
      vertex 24.85 176.6 0.9
      vertex 24.87 176.193 4
      vertex 24.87 176.193 0.9
    endloop
  endfacet
  facet normal -0.427263 0.904127 0
    outer loop
      vertex 30.9563 172.94 0.9
      vertex 30.5881 172.766 4
      vertex 30.9563 172.94 4
    endloop
  endfacet
  facet normal -0.427263 0.904127 0
    outer loop
      vertex 30.5881 172.766 4
      vertex 30.9563 172.94 0.9
      vertex 30.5881 172.766 0.9
    endloop
  endfacet
  facet normal 0.941419 -0.337239 0
    outer loop
      vertex 25.0287 177.805 4
      vertex 25.1659 178.188 0.9
      vertex 25.1659 178.188 4
    endloop
  endfacet
  facet normal 0.941419 -0.337239 0
    outer loop
      vertex 25.1659 178.188 0.9
      vertex 25.0287 177.805 4
      vertex 25.0287 177.805 0.9
    endloop
  endfacet
  facet normal -0.513448 -0.858121 0
    outer loop
      vertex 30.9563 180.26 0.9
      vertex 31.3056 180.051 4
      vertex 30.9563 180.26 4
    endloop
  endfacet
  facet normal -0.513448 -0.858121 -0
    outer loop
      vertex 31.3056 180.051 4
      vertex 30.9563 180.26 0.9
      vertex 31.3056 180.051 0.9
    endloop
  endfacet
  facet normal 0.0491049 0.998794 -0
    outer loop
      vertex 29 172.45 0.9
      vertex 28.5932 172.47 4
      vertex 29 172.45 4
    endloop
  endfacet
  facet normal 0.0491049 0.998794 0
    outer loop
      vertex 28.5932 172.47 4
      vertex 29 172.45 0.9
      vertex 28.5932 172.47 0.9
    endloop
  endfacet
  facet normal -0.243055 0.970012 0
    outer loop
      vertex 30.2047 172.629 0.9
      vertex 29.8096 172.53 4
      vertex 30.2047 172.629 4
    endloop
  endfacet
  facet normal -0.243055 0.970012 0
    outer loop
      vertex 29.8096 172.53 4
      vertex 30.2047 172.629 0.9
      vertex 29.8096 172.53 0.9
    endloop
  endfacet
  facet normal 0.147332 0.989087 -0
    outer loop
      vertex 28.5932 172.47 0.9
      vertex 28.1904 172.53 4
      vertex 28.5932 172.47 4
    endloop
  endfacet
  facet normal 0.147332 0.989087 0
    outer loop
      vertex 28.1904 172.53 4
      vertex 28.5932 172.47 0.9
      vertex 28.1904 172.53 0.9
    endloop
  endfacet
  facet normal 0.243055 0.970012 -0
    outer loop
      vertex 28.1904 172.53 0.9
      vertex 27.7953 172.629 4
      vertex 28.1904 172.53 4
    endloop
  endfacet
  facet normal 0.243055 0.970012 0
    outer loop
      vertex 27.7953 172.629 4
      vertex 28.1904 172.53 0.9
      vertex 27.7953 172.629 0.9
    endloop
  endfacet
  facet normal -0.513448 0.858121 0
    outer loop
      vertex 31.3056 173.149 0.9
      vertex 30.9563 172.94 4
      vertex 31.3056 173.149 4
    endloop
  endfacet
  facet normal -0.513448 0.858121 0
    outer loop
      vertex 30.9563 172.94 4
      vertex 31.3056 173.149 0.9
      vertex 30.9563 172.94 0.9
    endloop
  endfacet
  facet normal 0.147332 -0.989087 0
    outer loop
      vertex 28.1904 180.67 0.9
      vertex 28.5932 180.73 4
      vertex 28.1904 180.67 4
    endloop
  endfacet
  facet normal 0.147332 -0.989087 0
    outer loop
      vertex 28.5932 180.73 4
      vertex 28.1904 180.67 0.9
      vertex 28.5932 180.73 0.9
    endloop
  endfacet
  facet normal 0.858141 0.513414 0
    outer loop
      vertex 25.5494 174.294 4
      vertex 25.34 174.644 0.9
      vertex 25.34 174.644 4
    endloop
  endfacet
  facet normal 0.858141 0.513414 0
    outer loop
      vertex 25.34 174.644 0.9
      vertex 25.5494 174.294 4
      vertex 25.5494 174.294 0.9
    endloop
  endfacet
  facet normal 0.969998 -0.243113 0
    outer loop
      vertex 24.9297 177.41 4
      vertex 25.0287 177.805 0.9
      vertex 25.0287 177.805 4
    endloop
  endfacet
  facet normal 0.969998 -0.243113 0
    outer loop
      vertex 25.0287 177.805 0.9
      vertex 24.9297 177.41 4
      vertex 24.9297 177.41 0.9
    endloop
  endfacet
  facet normal -0.803113 -0.595826 0
    outer loop
      vertex 32.4506 178.906 0.9
      vertex 32.208 179.233 4
      vertex 32.208 179.233 0.9
    endloop
  endfacet
  facet normal -0.803113 -0.595826 0
    outer loop
      vertex 32.208 179.233 4
      vertex 32.4506 178.906 0.9
      vertex 32.4506 178.906 4
    endloop
  endfacet
  facet normal 0.941419 0.337239 0
    outer loop
      vertex 25.1659 175.012 4
      vertex 25.0287 175.395 0.9
      vertex 25.0287 175.395 4
    endloop
  endfacet
  facet normal 0.941419 0.337239 0
    outer loop
      vertex 25.0287 175.395 0.9
      vertex 25.1659 175.012 4
      vertex 25.1659 175.012 0.9
    endloop
  endfacet
  facet normal 0.513448 -0.858121 0
    outer loop
      vertex 26.6944 180.051 0.9
      vertex 27.0437 180.26 4
      vertex 26.6944 180.051 4
    endloop
  endfacet
  facet normal 0.513448 -0.858121 0
    outer loop
      vertex 27.0437 180.26 4
      vertex 26.6944 180.051 0.9
      vertex 27.0437 180.26 0.9
    endloop
  endfacet
  facet normal 0.336492 -0.941686 0
    outer loop
      vertex 27.4119 180.434 0.9
      vertex 27.7953 180.571 4
      vertex 27.4119 180.434 4
    endloop
  endfacet
  facet normal 0.336492 -0.941686 0
    outer loop
      vertex 27.7953 180.571 4
      vertex 27.4119 180.434 0.9
      vertex 27.7953 180.571 0.9
    endloop
  endfacet
  facet normal -0.243055 -0.970012 0
    outer loop
      vertex 29.8096 180.67 0.9
      vertex 30.2047 180.571 4
      vertex 29.8096 180.67 4
    endloop
  endfacet
  facet normal -0.243055 -0.970012 -0
    outer loop
      vertex 30.2047 180.571 4
      vertex 29.8096 180.67 0.9
      vertex 30.2047 180.571 0.9
    endloop
  endfacet
  facet normal -0.427263 -0.904127 0
    outer loop
      vertex 30.5881 180.434 0.9
      vertex 30.9563 180.26 4
      vertex 30.5881 180.434 4
    endloop
  endfacet
  facet normal -0.427263 -0.904127 -0
    outer loop
      vertex 30.9563 180.26 4
      vertex 30.5881 180.434 0.9
      vertex 30.9563 180.26 0.9
    endloop
  endfacet
  facet normal 0.989205 -0.14654 0
    outer loop
      vertex 24.87 177.007 4
      vertex 24.9297 177.41 0.9
      vertex 24.9297 177.41 4
    endloop
  endfacet
  facet normal 0.989205 -0.14654 0
    outer loop
      vertex 24.9297 177.41 0.9
      vertex 24.87 177.007 4
      vertex 24.87 177.007 0.9
    endloop
  endfacet
  facet normal 0.243055 -0.970012 0
    outer loop
      vertex 27.7953 180.571 0.9
      vertex 28.1904 180.67 4
      vertex 27.7953 180.571 4
    endloop
  endfacet
  facet normal 0.243055 -0.970012 0
    outer loop
      vertex 28.1904 180.67 4
      vertex 27.7953 180.571 0.9
      vertex 28.1904 180.67 0.9
    endloop
  endfacet
  facet normal 0.858141 -0.513414 0
    outer loop
      vertex 25.34 178.556 4
      vertex 25.5494 178.906 0.9
      vertex 25.5494 178.906 4
    endloop
  endfacet
  facet normal 0.858141 -0.513414 0
    outer loop
      vertex 25.5494 178.906 0.9
      vertex 25.34 178.556 4
      vertex 25.34 178.556 0.9
    endloop
  endfacet
  facet normal 0.969998 0.243113 0
    outer loop
      vertex 25.0287 175.395 4
      vertex 24.9297 175.79 0.9
      vertex 24.9297 175.79 4
    endloop
  endfacet
  facet normal 0.969998 0.243113 0
    outer loop
      vertex 24.9297 175.79 0.9
      vertex 25.0287 175.395 4
      vertex 25.0287 175.395 0.9
    endloop
  endfacet
  facet normal -0.969998 0.243113 0
    outer loop
      vertex 32.9713 175.395 0.9
      vertex 33.0703 175.79 4
      vertex 33.0703 175.79 0.9
    endloop
  endfacet
  facet normal -0.969998 0.243113 0
    outer loop
      vertex 33.0703 175.79 4
      vertex 32.9713 175.395 0.9
      vertex 32.9713 175.395 4
    endloop
  endfacet
  facet normal -0.941419 0.337239 0
    outer loop
      vertex 32.8341 175.012 0.9
      vertex 32.9713 175.395 4
      vertex 32.9713 175.395 0.9
    endloop
  endfacet
  facet normal -0.941419 0.337239 0
    outer loop
      vertex 32.9713 175.395 4
      vertex 32.8341 175.012 0.9
      vertex 32.8341 175.012 4
    endloop
  endfacet
  facet normal 0.596342 -0.80273 0
    outer loop
      vertex 26.3673 179.808 0.9
      vertex 26.6944 180.051 4
      vertex 26.3673 179.808 4
    endloop
  endfacet
  facet normal 0.596342 -0.80273 0
    outer loop
      vertex 26.6944 180.051 4
      vertex 26.3673 179.808 0.9
      vertex 26.6944 180.051 0.9
    endloop
  endfacet
  facet normal -0.858141 0.513414 0
    outer loop
      vertex 32.4506 174.294 0.9
      vertex 32.66 174.644 4
      vertex 32.66 174.644 0.9
    endloop
  endfacet
  facet normal -0.858141 0.513414 0
    outer loop
      vertex 32.66 174.644 4
      vertex 32.4506 174.294 0.9
      vertex 32.4506 174.294 4
    endloop
  endfacet
  facet normal 0.989205 0.14654 0
    outer loop
      vertex 24.9297 175.79 4
      vertex 24.87 176.193 0.9
      vertex 24.87 176.193 4
    endloop
  endfacet
  facet normal 0.989205 0.14654 0
    outer loop
      vertex 24.87 176.193 0.9
      vertex 24.9297 175.79 4
      vertex 24.9297 175.79 0.9
    endloop
  endfacet
  facet normal -0.596342 -0.80273 0
    outer loop
      vertex 31.3056 180.051 0.9
      vertex 31.6327 179.808 4
      vertex 31.3056 180.051 4
    endloop
  endfacet
  facet normal -0.596342 -0.80273 -0
    outer loop
      vertex 31.6327 179.808 4
      vertex 31.3056 180.051 0.9
      vertex 31.6327 179.808 0.9
    endloop
  endfacet
  facet normal 0.0491049 -0.998794 0
    outer loop
      vertex 28.5932 180.73 0.9
      vertex 29 180.75 4
      vertex 28.5932 180.73 4
    endloop
  endfacet
  facet normal 0.0491049 -0.998794 0
    outer loop
      vertex 29 180.75 4
      vertex 28.5932 180.73 0.9
      vertex 29 180.75 0.9
    endloop
  endfacet
  facet normal 0.427263 0.904127 -0
    outer loop
      vertex 27.4119 172.766 0.9
      vertex 27.0437 172.94 4
      vertex 27.4119 172.766 4
    endloop
  endfacet
  facet normal 0.427263 0.904127 0
    outer loop
      vertex 27.0437 172.94 4
      vertex 27.4119 172.766 0.9
      vertex 27.0437 172.94 0.9
    endloop
  endfacet
  facet normal -0.903943 0.427653 0
    outer loop
      vertex 32.66 174.644 0.9
      vertex 32.8341 175.012 4
      vertex 32.8341 175.012 0.9
    endloop
  endfacet
  facet normal -0.903943 0.427653 0
    outer loop
      vertex 32.8341 175.012 4
      vertex 32.66 174.644 0.9
      vertex 32.66 174.644 4
    endloop
  endfacet
  facet normal -0.0491049 -0.998794 0
    outer loop
      vertex 29 180.75 0.9
      vertex 29.4068 180.73 4
      vertex 29 180.75 4
    endloop
  endfacet
  facet normal -0.0491049 -0.998794 -0
    outer loop
      vertex 29.4068 180.73 4
      vertex 29 180.75 0.9
      vertex 29.4068 180.73 0.9
    endloop
  endfacet
  facet normal 0.903943 -0.427653 0
    outer loop
      vertex 25.1659 178.188 4
      vertex 25.34 178.556 0.9
      vertex 25.34 178.556 4
    endloop
  endfacet
  facet normal 0.903943 -0.427653 0
    outer loop
      vertex 25.34 178.556 0.9
      vertex 25.1659 178.188 4
      vertex 25.1659 178.188 0.9
    endloop
  endfacet
  facet normal 0.596342 0.80273 -0
    outer loop
      vertex 26.6944 173.149 0.9
      vertex 26.3673 173.392 4
      vertex 26.6944 173.149 4
    endloop
  endfacet
  facet normal 0.596342 0.80273 0
    outer loop
      vertex 26.3673 173.392 4
      vertex 26.6944 173.149 0.9
      vertex 26.3673 173.392 0.9
    endloop
  endfacet
  facet normal -0.989205 0.14654 0
    outer loop
      vertex 33.0703 175.79 0.9
      vertex 33.13 176.193 4
      vertex 33.13 176.193 0.9
    endloop
  endfacet
  facet normal -0.989205 0.14654 0
    outer loop
      vertex 33.13 176.193 4
      vertex 33.0703 175.79 0.9
      vertex 33.0703 175.79 4
    endloop
  endfacet
  facet normal -0.740107 0.672489 0
    outer loop
      vertex 31.9345 173.666 0.9
      vertex 32.208 173.967 4
      vertex 32.208 173.967 0.9
    endloop
  endfacet
  facet normal -0.740107 0.672489 0
    outer loop
      vertex 32.208 173.967 4
      vertex 31.9345 173.666 0.9
      vertex 31.9345 173.666 4
    endloop
  endfacet
  facet normal -0.858141 -0.513414 0
    outer loop
      vertex 32.66 178.556 0.9
      vertex 32.4506 178.906 4
      vertex 32.4506 178.906 0.9
    endloop
  endfacet
  facet normal -0.858141 -0.513414 0
    outer loop
      vertex 32.4506 178.906 4
      vertex 32.66 178.556 0.9
      vertex 32.66 178.556 4
    endloop
  endfacet
  facet normal 0.427263 -0.904127 0
    outer loop
      vertex 27.0437 180.26 0.9
      vertex 27.4119 180.434 4
      vertex 27.0437 180.26 4
    endloop
  endfacet
  facet normal 0.427263 -0.904127 0
    outer loop
      vertex 27.4119 180.434 4
      vertex 27.0437 180.26 0.9
      vertex 27.4119 180.434 0.9
    endloop
  endfacet
  facet normal 0.740107 0.672489 0
    outer loop
      vertex 26.0655 173.666 4
      vertex 25.792 173.967 0.9
      vertex 25.792 173.967 4
    endloop
  endfacet
  facet normal 0.740107 0.672489 0
    outer loop
      vertex 25.792 173.967 0.9
      vertex 26.0655 173.666 4
      vertex 26.0655 173.666 0.9
    endloop
  endfacet
  facet normal 0.803113 0.595826 0
    outer loop
      vertex 25.792 173.967 4
      vertex 25.5494 174.294 0.9
      vertex 25.5494 174.294 4
    endloop
  endfacet
  facet normal 0.803113 0.595826 0
    outer loop
      vertex 25.5494 174.294 0.9
      vertex 25.792 173.967 4
      vertex 25.792 173.967 0.9
    endloop
  endfacet
  facet normal 0.670836 -0.741606 0
    outer loop
      vertex 26.0655 179.535 0.9
      vertex 26.3673 179.808 4
      vertex 26.0655 179.535 4
    endloop
  endfacet
  facet normal 0.670836 -0.741606 0
    outer loop
      vertex 26.3673 179.808 4
      vertex 26.0655 179.535 0.9
      vertex 26.3673 179.808 0.9
    endloop
  endfacet
  facet normal 0.672184 0.740384 -0
    outer loop
      vertex 26.3673 173.392 0.9
      vertex 26.0655 173.666 4
      vertex 26.3673 173.392 4
    endloop
  endfacet
  facet normal 0.672184 0.740384 0
    outer loop
      vertex 26.0655 173.666 4
      vertex 26.3673 173.392 0.9
      vertex 26.0655 173.666 0.9
    endloop
  endfacet
  facet normal -0.670836 -0.741606 0
    outer loop
      vertex 31.6327 179.808 0.9
      vertex 31.9345 179.535 4
      vertex 31.6327 179.808 4
    endloop
  endfacet
  facet normal -0.670836 -0.741606 -0
    outer loop
      vertex 31.9345 179.535 4
      vertex 31.6327 179.808 0.9
      vertex 31.9345 179.535 0.9
    endloop
  endfacet
  facet normal 0.741216 -0.671267 0
    outer loop
      vertex 25.792 179.233 4
      vertex 26.0655 179.535 0.9
      vertex 26.0655 179.535 4
    endloop
  endfacet
  facet normal 0.741216 -0.671267 0
    outer loop
      vertex 26.0655 179.535 0.9
      vertex 25.792 179.233 4
      vertex 25.792 179.233 0.9
    endloop
  endfacet
  facet normal -0.741216 -0.671267 0
    outer loop
      vertex 32.208 179.233 0.9
      vertex 31.9345 179.535 4
      vertex 31.9345 179.535 0.9
    endloop
  endfacet
  facet normal -0.741216 -0.671267 0
    outer loop
      vertex 31.9345 179.535 4
      vertex 32.208 179.233 0.9
      vertex 32.208 179.233 4
    endloop
  endfacet
  facet normal 0.513448 0.858121 -0
    outer loop
      vertex 27.0437 172.94 0.9
      vertex 26.6944 173.149 4
      vertex 27.0437 172.94 4
    endloop
  endfacet
  facet normal 0.513448 0.858121 0
    outer loop
      vertex 26.6944 173.149 4
      vertex 27.0437 172.94 0.9
      vertex 26.6944 173.149 0.9
    endloop
  endfacet
  facet normal 0.803113 -0.595826 0
    outer loop
      vertex 25.5494 178.906 4
      vertex 25.792 179.233 0.9
      vertex 25.792 179.233 4
    endloop
  endfacet
  facet normal 0.803113 -0.595826 0
    outer loop
      vertex 25.792 179.233 0.9
      vertex 25.5494 178.906 4
      vertex 25.5494 178.906 0.9
    endloop
  endfacet
  facet normal -0.596342 0.80273 0
    outer loop
      vertex 31.6327 173.392 0.9
      vertex 31.3056 173.149 4
      vertex 31.6327 173.392 4
    endloop
  endfacet
  facet normal -0.596342 0.80273 0
    outer loop
      vertex 31.3056 173.149 4
      vertex 31.6327 173.392 0.9
      vertex 31.3056 173.149 0.9
    endloop
  endfacet
  facet normal 0 0 1
    outer loop
      vertex 33.13 177.007 0.9
      vertex 33.13 176.193 0.9
      vertex 33.15 176.6 0.9
    endloop
  endfacet
  facet normal 0 0 1
    outer loop
      vertex 33.0703 177.41 0.9
      vertex 33.13 176.193 0.9
      vertex 33.13 177.007 0.9
    endloop
  endfacet
  facet normal 0 0 1
    outer loop
      vertex 33.0703 177.41 0.9
      vertex 33.0703 175.79 0.9
      vertex 33.13 176.193 0.9
    endloop
  endfacet
  facet normal 0 0 1
    outer loop
      vertex 32.9713 177.805 0.9
      vertex 33.0703 175.79 0.9
      vertex 33.0703 177.41 0.9
    endloop
  endfacet
  facet normal 0 0 1
    outer loop
      vertex 32.9713 177.805 0.9
      vertex 32.9713 175.395 0.9
      vertex 33.0703 175.79 0.9
    endloop
  endfacet
  facet normal 0 0 1
    outer loop
      vertex 32.8341 178.188 0.9
      vertex 32.9713 175.395 0.9
      vertex 32.9713 177.805 0.9
    endloop
  endfacet
  facet normal 0 0 1
    outer loop
      vertex 32.8341 178.188 0.9
      vertex 32.8341 175.012 0.9
      vertex 32.9713 175.395 0.9
    endloop
  endfacet
  facet normal 0 0 1
    outer loop
      vertex 32.66 178.556 0.9
      vertex 32.8341 175.012 0.9
      vertex 32.8341 178.188 0.9
    endloop
  endfacet
  facet normal 0 0 1
    outer loop
      vertex 32.66 178.556 0.9
      vertex 32.66 174.644 0.9
      vertex 32.8341 175.012 0.9
    endloop
  endfacet
  facet normal 0 0 1
    outer loop
      vertex 32.4506 178.906 0.9
      vertex 32.66 174.644 0.9
      vertex 32.66 178.556 0.9
    endloop
  endfacet
  facet normal 0 0 1
    outer loop
      vertex 32.4506 178.906 0.9
      vertex 32.4506 174.294 0.9
      vertex 32.66 174.644 0.9
    endloop
  endfacet
  facet normal 0 0 1
    outer loop
      vertex 32.208 179.233 0.9
      vertex 32.4506 174.294 0.9
      vertex 32.4506 178.906 0.9
    endloop
  endfacet
  facet normal 0 0 1
    outer loop
      vertex 32.208 179.233 0.9
      vertex 32.208 173.967 0.9
      vertex 32.4506 174.294 0.9
    endloop
  endfacet
  facet normal 0 0 1
    outer loop
      vertex 31.9345 179.535 0.9
      vertex 32.208 173.967 0.9
      vertex 32.208 179.233 0.9
    endloop
  endfacet
  facet normal 0 0 1
    outer loop
      vertex 31.9345 179.535 0.9
      vertex 31.9345 173.666 0.9
      vertex 32.208 173.967 0.9
    endloop
  endfacet
  facet normal 0 0 1
    outer loop
      vertex 31.6327 179.808 0.9
      vertex 31.9345 173.666 0.9
      vertex 31.9345 179.535 0.9
    endloop
  endfacet
  facet normal 0 0 1
    outer loop
      vertex 31.6327 179.808 0.9
      vertex 31.6327 173.392 0.9
      vertex 31.9345 173.666 0.9
    endloop
  endfacet
  facet normal 0 0 1
    outer loop
      vertex 31.3056 180.051 0.9
      vertex 31.6327 173.392 0.9
      vertex 31.6327 179.808 0.9
    endloop
  endfacet
  facet normal 0 0 1
    outer loop
      vertex 31.3056 180.051 0.9
      vertex 31.3056 173.149 0.9
      vertex 31.6327 173.392 0.9
    endloop
  endfacet
  facet normal 0 0 1
    outer loop
      vertex 30.9563 180.26 0.9
      vertex 31.3056 173.149 0.9
      vertex 31.3056 180.051 0.9
    endloop
  endfacet
  facet normal 0 0 1
    outer loop
      vertex 30.9563 180.26 0.9
      vertex 30.9563 172.94 0.9
      vertex 31.3056 173.149 0.9
    endloop
  endfacet
  facet normal 0 0 1
    outer loop
      vertex 30.5881 180.434 0.9
      vertex 30.9563 172.94 0.9
      vertex 30.9563 180.26 0.9
    endloop
  endfacet
  facet normal 0 0 1
    outer loop
      vertex 30.5881 180.434 0.9
      vertex 30.5881 172.766 0.9
      vertex 30.9563 172.94 0.9
    endloop
  endfacet
  facet normal 0 0 1
    outer loop
      vertex 30.2047 180.571 0.9
      vertex 30.5881 172.766 0.9
      vertex 30.5881 180.434 0.9
    endloop
  endfacet
  facet normal 0 0 1
    outer loop
      vertex 30.2047 180.571 0.9
      vertex 30.2047 172.629 0.9
      vertex 30.5881 172.766 0.9
    endloop
  endfacet
  facet normal 0 0 1
    outer loop
      vertex 29.8096 180.67 0.9
      vertex 30.2047 172.629 0.9
      vertex 30.2047 180.571 0.9
    endloop
  endfacet
  facet normal 0 0 1
    outer loop
      vertex 29.8096 180.67 0.9
      vertex 29.8096 172.53 0.9
      vertex 30.2047 172.629 0.9
    endloop
  endfacet
  facet normal 0 0 1
    outer loop
      vertex 29.4068 180.73 0.9
      vertex 29.8096 172.53 0.9
      vertex 29.8096 180.67 0.9
    endloop
  endfacet
  facet normal 0 0 1
    outer loop
      vertex 29.4068 180.73 0.9
      vertex 29.4068 172.47 0.9
      vertex 29.8096 172.53 0.9
    endloop
  endfacet
  facet normal 0 0 1
    outer loop
      vertex 29 180.75 0.9
      vertex 29.4068 172.47 0.9
      vertex 29.4068 180.73 0.9
    endloop
  endfacet
  facet normal 0 0 1
    outer loop
      vertex 29 180.75 0.9
      vertex 29 172.45 0.9
      vertex 29.4068 172.47 0.9
    endloop
  endfacet
  facet normal -0 0 1
    outer loop
      vertex 28.5932 180.73 0.9
      vertex 29 172.45 0.9
      vertex 29 180.75 0.9
    endloop
  endfacet
  facet normal 0 0 1
    outer loop
      vertex 28.5932 180.73 0.9
      vertex 28.5932 172.47 0.9
      vertex 29 172.45 0.9
    endloop
  endfacet
  facet normal -0 0 1
    outer loop
      vertex 28.1904 180.67 0.9
      vertex 28.5932 172.47 0.9
      vertex 28.5932 180.73 0.9
    endloop
  endfacet
  facet normal 0 0 1
    outer loop
      vertex 28.1904 180.67 0.9
      vertex 28.1904 172.53 0.9
      vertex 28.5932 172.47 0.9
    endloop
  endfacet
  facet normal -0 0 1
    outer loop
      vertex 27.7953 180.571 0.9
      vertex 28.1904 172.53 0.9
      vertex 28.1904 180.67 0.9
    endloop
  endfacet
  facet normal 0 0 1
    outer loop
      vertex 27.7953 180.571 0.9
      vertex 27.7953 172.629 0.9
      vertex 28.1904 172.53 0.9
    endloop
  endfacet
  facet normal -0 0 1
    outer loop
      vertex 27.4119 180.434 0.9
      vertex 27.7953 172.629 0.9
      vertex 27.7953 180.571 0.9
    endloop
  endfacet
  facet normal 0 0 1
    outer loop
      vertex 27.4119 180.434 0.9
      vertex 27.4119 172.766 0.9
      vertex 27.7953 172.629 0.9
    endloop
  endfacet
  facet normal -0 0 1
    outer loop
      vertex 27.0437 180.26 0.9
      vertex 27.4119 172.766 0.9
      vertex 27.4119 180.434 0.9
    endloop
  endfacet
  facet normal 0 0 1
    outer loop
      vertex 27.0437 180.26 0.9
      vertex 27.0437 172.94 0.9
      vertex 27.4119 172.766 0.9
    endloop
  endfacet
  facet normal -0 0 1
    outer loop
      vertex 26.6944 180.051 0.9
      vertex 27.0437 172.94 0.9
      vertex 27.0437 180.26 0.9
    endloop
  endfacet
  facet normal 0 0 1
    outer loop
      vertex 26.6944 180.051 0.9
      vertex 26.6944 173.149 0.9
      vertex 27.0437 172.94 0.9
    endloop
  endfacet
  facet normal -0 0 1
    outer loop
      vertex 26.3673 179.808 0.9
      vertex 26.6944 173.149 0.9
      vertex 26.6944 180.051 0.9
    endloop
  endfacet
  facet normal 0 0 1
    outer loop
      vertex 26.3673 179.808 0.9
      vertex 26.3673 173.392 0.9
      vertex 26.6944 173.149 0.9
    endloop
  endfacet
  facet normal -0 0 1
    outer loop
      vertex 26.0655 179.535 0.9
      vertex 26.3673 173.392 0.9
      vertex 26.3673 179.808 0.9
    endloop
  endfacet
  facet normal 0 0 1
    outer loop
      vertex 26.0655 179.535 0.9
      vertex 26.0655 173.666 0.9
      vertex 26.3673 173.392 0.9
    endloop
  endfacet
  facet normal -0 0 1
    outer loop
      vertex 25.792 179.233 0.9
      vertex 26.0655 173.666 0.9
      vertex 26.0655 179.535 0.9
    endloop
  endfacet
  facet normal 0 0 1
    outer loop
      vertex 25.792 179.233 0.9
      vertex 25.792 173.967 0.9
      vertex 26.0655 173.666 0.9
    endloop
  endfacet
  facet normal -0 0 1
    outer loop
      vertex 25.5494 178.906 0.9
      vertex 25.792 173.967 0.9
      vertex 25.792 179.233 0.9
    endloop
  endfacet
  facet normal 0 0 1
    outer loop
      vertex 25.5494 178.906 0.9
      vertex 25.5494 174.294 0.9
      vertex 25.792 173.967 0.9
    endloop
  endfacet
  facet normal -0 0 1
    outer loop
      vertex 25.34 178.556 0.9
      vertex 25.5494 174.294 0.9
      vertex 25.5494 178.906 0.9
    endloop
  endfacet
  facet normal 0 0 1
    outer loop
      vertex 25.34 178.556 0.9
      vertex 25.34 174.644 0.9
      vertex 25.5494 174.294 0.9
    endloop
  endfacet
  facet normal -0 0 1
    outer loop
      vertex 25.1659 178.188 0.9
      vertex 25.34 174.644 0.9
      vertex 25.34 178.556 0.9
    endloop
  endfacet
  facet normal 0 0 1
    outer loop
      vertex 25.1659 178.188 0.9
      vertex 25.1659 175.012 0.9
      vertex 25.34 174.644 0.9
    endloop
  endfacet
  facet normal -0 0 1
    outer loop
      vertex 25.0287 177.805 0.9
      vertex 25.1659 175.012 0.9
      vertex 25.1659 178.188 0.9
    endloop
  endfacet
  facet normal 0 0 1
    outer loop
      vertex 25.0287 177.805 0.9
      vertex 25.0287 175.395 0.9
      vertex 25.1659 175.012 0.9
    endloop
  endfacet
  facet normal -0 0 1
    outer loop
      vertex 24.9297 177.41 0.9
      vertex 25.0287 175.395 0.9
      vertex 25.0287 177.805 0.9
    endloop
  endfacet
  facet normal 0 0 1
    outer loop
      vertex 24.9297 177.41 0.9
      vertex 24.9297 175.79 0.9
      vertex 25.0287 175.395 0.9
    endloop
  endfacet
  facet normal -0 0 1
    outer loop
      vertex 24.87 177.007 0.9
      vertex 24.9297 175.79 0.9
      vertex 24.9297 177.41 0.9
    endloop
  endfacet
  facet normal 0 0 1
    outer loop
      vertex 24.87 177.007 0.9
      vertex 24.87 176.193 0.9
      vertex 24.9297 175.79 0.9
    endloop
  endfacet
  facet normal 0 -0 1
    outer loop
      vertex 24.87 176.193 0.9
      vertex 24.87 177.007 0.9
      vertex 24.85 176.6 0.9
    endloop
  endfacet
  facet normal 0.998795 -0.0490808 0
    outer loop
      vertex 24.85 176.6 4
      vertex 24.87 177.007 0.9
      vertex 24.87 177.007 4
    endloop
  endfacet
  facet normal 0.998795 -0.0490808 0
    outer loop
      vertex 24.87 177.007 0.9
      vertex 24.85 176.6 4
      vertex 24.85 176.6 0.9
    endloop
  endfacet
  facet normal 0.903943 0.427653 0
    outer loop
      vertex 25.34 174.644 4
      vertex 25.1659 175.012 0.9
      vertex 25.1659 175.012 4
    endloop
  endfacet
  facet normal 0.903943 0.427653 0
    outer loop
      vertex 25.1659 175.012 0.9
      vertex 25.34 174.644 4
      vertex 25.34 174.644 0.9
    endloop
  endfacet
  facet normal 0.336804 0.941575 -0
    outer loop
      vertex 113.795 172.629 0.9
      vertex 113.412 172.766 4
      vertex 113.795 172.629 4
    endloop
  endfacet
  facet normal 0.336804 0.941575 0
    outer loop
      vertex 113.412 172.766 4
      vertex 113.795 172.629 0.9
      vertex 113.412 172.766 0.9
    endloop
  endfacet
  facet normal -0.336804 -0.941575 0
    outer loop
      vertex 116.205 180.571 0.9
      vertex 116.588 180.434 4
      vertex 116.205 180.571 4
    endloop
  endfacet
  facet normal -0.336804 -0.941575 -0
    outer loop
      vertex 116.588 180.434 4
      vertex 116.205 180.571 0.9
      vertex 116.588 180.434 0.9
    endloop
  endfacet
  facet normal -0.989098 -0.14726 0
    outer loop
      vertex 119.13 177.007 0.9
      vertex 119.07 177.41 4
      vertex 119.07 177.41 0.9
    endloop
  endfacet
  facet normal -0.989098 -0.14726 0
    outer loop
      vertex 119.07 177.41 4
      vertex 119.13 177.007 0.9
      vertex 119.13 177.007 4
    endloop
  endfacet
  facet normal -0.998795 -0.0490808 0
    outer loop
      vertex 119.15 176.6 0.9
      vertex 119.13 177.007 4
      vertex 119.13 177.007 0.9
    endloop
  endfacet
  facet normal -0.998795 -0.0490808 0
    outer loop
      vertex 119.13 177.007 4
      vertex 119.15 176.6 0.9
      vertex 119.15 176.6 4
    endloop
  endfacet
  facet normal -0.969998 -0.243113 0
    outer loop
      vertex 119.07 177.41 0.9
      vertex 118.971 177.805 4
      vertex 118.971 177.805 0.9
    endloop
  endfacet
  facet normal -0.969998 -0.243113 0
    outer loop
      vertex 118.971 177.805 4
      vertex 119.07 177.41 0.9
      vertex 119.07 177.41 4
    endloop
  endfacet
  facet normal -0.0490808 0.998795 0
    outer loop
      vertex 115.407 172.47 0.9
      vertex 115 172.45 4
      vertex 115.407 172.47 4
    endloop
  endfacet
  facet normal -0.0490808 0.998795 0
    outer loop
      vertex 115 172.45 4
      vertex 115.407 172.47 0.9
      vertex 115 172.45 0.9
    endloop
  endfacet
  facet normal -0.673162 0.739495 0
    outer loop
      vertex 117.934 173.666 0.9
      vertex 117.633 173.392 4
      vertex 117.934 173.666 4
    endloop
  endfacet
  facet normal -0.673162 0.739495 0
    outer loop
      vertex 117.633 173.392 4
      vertex 117.934 173.666 0.9
      vertex 117.633 173.392 0.9
    endloop
  endfacet
  facet normal -0.802643 0.59646 0
    outer loop
      vertex 118.208 173.967 0.9
      vertex 118.451 174.294 4
      vertex 118.451 174.294 0.9
    endloop
  endfacet
  facet normal -0.802643 0.59646 0
    outer loop
      vertex 118.451 174.294 4
      vertex 118.208 173.967 0.9
      vertex 118.208 173.967 4
    endloop
  endfacet
  facet normal -0.998795 0.0490808 0
    outer loop
      vertex 119.13 176.193 0.9
      vertex 119.15 176.6 4
      vertex 119.15 176.6 0.9
    endloop
  endfacet
  facet normal -0.998795 0.0490808 0
    outer loop
      vertex 119.15 176.6 4
      vertex 119.13 176.193 0.9
      vertex 119.13 176.193 4
    endloop
  endfacet
  facet normal -0.336804 0.941575 0
    outer loop
      vertex 116.588 172.766 0.9
      vertex 116.205 172.629 4
      vertex 116.588 172.766 4
    endloop
  endfacet
  facet normal -0.336804 0.941575 0
    outer loop
      vertex 116.205 172.629 4
      vertex 116.588 172.766 0.9
      vertex 116.205 172.629 0.9
    endloop
  endfacet
  facet normal -0.14726 0.989098 0
    outer loop
      vertex 115.81 172.53 0.9
      vertex 115.407 172.47 4
      vertex 115.81 172.53 4
    endloop
  endfacet
  facet normal -0.14726 0.989098 0
    outer loop
      vertex 115.407 172.47 4
      vertex 115.81 172.53 0.9
      vertex 115.407 172.47 0.9
    endloop
  endfacet
  facet normal -0.941575 -0.336804 0
    outer loop
      vertex 118.971 177.805 0.9
      vertex 118.834 178.188 4
      vertex 118.834 178.188 0.9
    endloop
  endfacet
  facet normal -0.941575 -0.336804 0
    outer loop
      vertex 118.834 178.188 4
      vertex 118.971 177.805 0.9
      vertex 118.971 177.805 4
    endloop
  endfacet
  facet normal -0.904038 -0.427453 0
    outer loop
      vertex 118.834 178.188 0.9
      vertex 118.66 178.556 4
      vertex 118.66 178.556 0.9
    endloop
  endfacet
  facet normal -0.904038 -0.427453 0
    outer loop
      vertex 118.66 178.556 4
      vertex 118.834 178.188 0.9
      vertex 118.834 178.188 4
    endloop
  endfacet
  facet normal -0.14726 -0.989098 0
    outer loop
      vertex 115.407 180.73 0.9
      vertex 115.81 180.67 4
      vertex 115.407 180.73 4
    endloop
  endfacet
  facet normal -0.14726 -0.989098 -0
    outer loop
      vertex 115.81 180.67 4
      vertex 115.407 180.73 0.9
      vertex 115.81 180.67 0.9
    endloop
  endfacet
  facet normal 0.998795 0.0490808 0
    outer loop
      vertex 110.87 176.193 4
      vertex 110.85 176.6 0.9
      vertex 110.85 176.6 4
    endloop
  endfacet
  facet normal 0.998795 0.0490808 0
    outer loop
      vertex 110.85 176.6 0.9
      vertex 110.87 176.193 4
      vertex 110.87 176.193 0.9
    endloop
  endfacet
  facet normal -0.427453 0.904038 0
    outer loop
      vertex 116.956 172.94 0.9
      vertex 116.588 172.766 4
      vertex 116.956 172.94 4
    endloop
  endfacet
  facet normal -0.427453 0.904038 0
    outer loop
      vertex 116.588 172.766 4
      vertex 116.956 172.94 0.9
      vertex 116.588 172.766 0.9
    endloop
  endfacet
  facet normal 0.941575 -0.336804 0
    outer loop
      vertex 111.029 177.805 4
      vertex 111.166 178.188 0.9
      vertex 111.166 178.188 4
    endloop
  endfacet
  facet normal 0.941575 -0.336804 0
    outer loop
      vertex 111.166 178.188 0.9
      vertex 111.029 177.805 4
      vertex 111.029 177.805 0.9
    endloop
  endfacet
  facet normal -0.512691 -0.858573 0
    outer loop
      vertex 116.956 180.26 0.9
      vertex 117.306 180.051 4
      vertex 116.956 180.26 4
    endloop
  endfacet
  facet normal -0.512691 -0.858573 -0
    outer loop
      vertex 117.306 180.051 4
      vertex 116.956 180.26 0.9
      vertex 117.306 180.051 0.9
    endloop
  endfacet
  facet normal 0.0490808 0.998795 -0
    outer loop
      vertex 115 172.45 0.9
      vertex 114.593 172.47 4
      vertex 115 172.45 4
    endloop
  endfacet
  facet normal 0.0490808 0.998795 0
    outer loop
      vertex 114.593 172.47 4
      vertex 115 172.45 0.9
      vertex 114.593 172.47 0.9
    endloop
  endfacet
  facet normal 0.14726 0.989098 -0
    outer loop
      vertex 114.593 172.47 0.9
      vertex 114.19 172.53 4
      vertex 114.593 172.47 4
    endloop
  endfacet
  facet normal 0.14726 0.989098 0
    outer loop
      vertex 114.19 172.53 4
      vertex 114.593 172.47 0.9
      vertex 114.19 172.53 0.9
    endloop
  endfacet
  facet normal 0.243113 0.969998 -0
    outer loop
      vertex 114.19 172.53 0.9
      vertex 113.795 172.629 4
      vertex 114.19 172.53 4
    endloop
  endfacet
  facet normal 0.243113 0.969998 0
    outer loop
      vertex 113.795 172.629 4
      vertex 114.19 172.53 0.9
      vertex 113.795 172.629 0.9
    endloop
  endfacet
  facet normal -0.512691 0.858573 0
    outer loop
      vertex 117.306 173.149 0.9
      vertex 116.956 172.94 4
      vertex 117.306 173.149 4
    endloop
  endfacet
  facet normal -0.512691 0.858573 0
    outer loop
      vertex 116.956 172.94 4
      vertex 117.306 173.149 0.9
      vertex 116.956 172.94 0.9
    endloop
  endfacet
  facet normal 0.14726 -0.989098 0
    outer loop
      vertex 114.19 180.67 0.9
      vertex 114.593 180.73 4
      vertex 114.19 180.67 4
    endloop
  endfacet
  facet normal 0.14726 -0.989098 0
    outer loop
      vertex 114.593 180.73 4
      vertex 114.19 180.67 0.9
      vertex 114.593 180.73 0.9
    endloop
  endfacet
  facet normal 0.858573 0.512691 0
    outer loop
      vertex 111.549 174.294 4
      vertex 111.34 174.644 0.9
      vertex 111.34 174.644 4
    endloop
  endfacet
  facet normal 0.858573 0.512691 0
    outer loop
      vertex 111.34 174.644 0.9
      vertex 111.549 174.294 4
      vertex 111.549 174.294 0.9
    endloop
  endfacet
  facet normal 0.969998 -0.243113 0
    outer loop
      vertex 110.93 177.41 4
      vertex 111.029 177.805 0.9
      vertex 111.029 177.805 4
    endloop
  endfacet
  facet normal 0.969998 -0.243113 0
    outer loop
      vertex 111.029 177.805 0.9
      vertex 110.93 177.41 4
      vertex 110.93 177.41 0.9
    endloop
  endfacet
  facet normal -0.802643 -0.59646 0
    outer loop
      vertex 118.451 178.906 0.9
      vertex 118.208 179.233 4
      vertex 118.208 179.233 0.9
    endloop
  endfacet
  facet normal -0.802643 -0.59646 0
    outer loop
      vertex 118.208 179.233 4
      vertex 118.451 178.906 0.9
      vertex 118.451 178.906 4
    endloop
  endfacet
  facet normal 0.941575 0.336804 0
    outer loop
      vertex 111.166 175.012 4
      vertex 111.029 175.395 0.9
      vertex 111.029 175.395 4
    endloop
  endfacet
  facet normal 0.941575 0.336804 0
    outer loop
      vertex 111.029 175.395 0.9
      vertex 111.166 175.012 4
      vertex 111.166 175.012 0.9
    endloop
  endfacet
  facet normal 0.512691 -0.858573 0
    outer loop
      vertex 112.694 180.051 0.9
      vertex 113.044 180.26 4
      vertex 112.694 180.051 4
    endloop
  endfacet
  facet normal 0.512691 -0.858573 0
    outer loop
      vertex 113.044 180.26 4
      vertex 112.694 180.051 0.9
      vertex 113.044 180.26 0.9
    endloop
  endfacet
  facet normal 0.336804 -0.941575 0
    outer loop
      vertex 113.412 180.434 0.9
      vertex 113.795 180.571 4
      vertex 113.412 180.434 4
    endloop
  endfacet
  facet normal 0.336804 -0.941575 0
    outer loop
      vertex 113.795 180.571 4
      vertex 113.412 180.434 0.9
      vertex 113.795 180.571 0.9
    endloop
  endfacet
  facet normal -0.243113 -0.969998 0
    outer loop
      vertex 115.81 180.67 0.9
      vertex 116.205 180.571 4
      vertex 115.81 180.67 4
    endloop
  endfacet
  facet normal -0.243113 -0.969998 -0
    outer loop
      vertex 116.205 180.571 4
      vertex 115.81 180.67 0.9
      vertex 116.205 180.571 0.9
    endloop
  endfacet
  facet normal -0.427453 -0.904038 0
    outer loop
      vertex 116.588 180.434 0.9
      vertex 116.956 180.26 4
      vertex 116.588 180.434 4
    endloop
  endfacet
  facet normal -0.427453 -0.904038 -0
    outer loop
      vertex 116.956 180.26 4
      vertex 116.588 180.434 0.9
      vertex 116.956 180.26 0.9
    endloop
  endfacet
  facet normal 0.989098 -0.14726 0
    outer loop
      vertex 110.87 177.007 4
      vertex 110.93 177.41 0.9
      vertex 110.93 177.41 4
    endloop
  endfacet
  facet normal 0.989098 -0.14726 0
    outer loop
      vertex 110.93 177.41 0.9
      vertex 110.87 177.007 4
      vertex 110.87 177.007 0.9
    endloop
  endfacet
  facet normal 0.243113 -0.969998 0
    outer loop
      vertex 113.795 180.571 0.9
      vertex 114.19 180.67 4
      vertex 113.795 180.571 4
    endloop
  endfacet
  facet normal 0.243113 -0.969998 0
    outer loop
      vertex 114.19 180.67 4
      vertex 113.795 180.571 0.9
      vertex 114.19 180.67 0.9
    endloop
  endfacet
  facet normal 0.858573 -0.512691 0
    outer loop
      vertex 111.34 178.556 4
      vertex 111.549 178.906 0.9
      vertex 111.549 178.906 4
    endloop
  endfacet
  facet normal 0.858573 -0.512691 0
    outer loop
      vertex 111.549 178.906 0.9
      vertex 111.34 178.556 4
      vertex 111.34 178.556 0.9
    endloop
  endfacet
  facet normal 0.969998 0.243113 0
    outer loop
      vertex 111.029 175.395 4
      vertex 110.93 175.79 0.9
      vertex 110.93 175.79 4
    endloop
  endfacet
  facet normal 0.969998 0.243113 0
    outer loop
      vertex 110.93 175.79 0.9
      vertex 111.029 175.395 4
      vertex 111.029 175.395 0.9
    endloop
  endfacet
  facet normal -0.969998 0.243113 0
    outer loop
      vertex 118.971 175.395 0.9
      vertex 119.07 175.79 4
      vertex 119.07 175.79 0.9
    endloop
  endfacet
  facet normal -0.969998 0.243113 0
    outer loop
      vertex 119.07 175.79 4
      vertex 118.971 175.395 0.9
      vertex 118.971 175.395 4
    endloop
  endfacet
  facet normal -0.941575 0.336804 0
    outer loop
      vertex 118.834 175.012 0.9
      vertex 118.971 175.395 4
      vertex 118.971 175.395 0.9
    endloop
  endfacet
  facet normal -0.941575 0.336804 0
    outer loop
      vertex 118.971 175.395 4
      vertex 118.834 175.012 0.9
      vertex 118.834 175.012 4
    endloop
  endfacet
  facet normal 0.59646 -0.802643 0
    outer loop
      vertex 112.367 179.808 0.9
      vertex 112.694 180.051 4
      vertex 112.367 179.808 4
    endloop
  endfacet
  facet normal 0.59646 -0.802643 0
    outer loop
      vertex 112.694 180.051 4
      vertex 112.367 179.808 0.9
      vertex 112.694 180.051 0.9
    endloop
  endfacet
  facet normal -0.858573 0.512691 0
    outer loop
      vertex 118.451 174.294 0.9
      vertex 118.66 174.644 4
      vertex 118.66 174.644 0.9
    endloop
  endfacet
  facet normal -0.858573 0.512691 0
    outer loop
      vertex 118.66 174.644 4
      vertex 118.451 174.294 0.9
      vertex 118.451 174.294 4
    endloop
  endfacet
  facet normal 0.989098 0.14726 0
    outer loop
      vertex 110.93 175.79 4
      vertex 110.87 176.193 0.9
      vertex 110.87 176.193 4
    endloop
  endfacet
  facet normal 0.989098 0.14726 0
    outer loop
      vertex 110.87 176.193 0.9
      vertex 110.93 175.79 4
      vertex 110.93 175.79 0.9
    endloop
  endfacet
  facet normal -0.59646 -0.802643 0
    outer loop
      vertex 117.306 180.051 0.9
      vertex 117.633 179.808 4
      vertex 117.306 180.051 4
    endloop
  endfacet
  facet normal -0.59646 -0.802643 -0
    outer loop
      vertex 117.633 179.808 4
      vertex 117.306 180.051 0.9
      vertex 117.633 179.808 0.9
    endloop
  endfacet
  facet normal 0.0490808 -0.998795 0
    outer loop
      vertex 114.593 180.73 0.9
      vertex 115 180.75 4
      vertex 114.593 180.73 4
    endloop
  endfacet
  facet normal 0.0490808 -0.998795 0
    outer loop
      vertex 115 180.75 4
      vertex 114.593 180.73 0.9
      vertex 115 180.75 0.9
    endloop
  endfacet
  facet normal 0.427453 0.904038 -0
    outer loop
      vertex 113.412 172.766 0.9
      vertex 113.044 172.94 4
      vertex 113.412 172.766 4
    endloop
  endfacet
  facet normal 0.427453 0.904038 0
    outer loop
      vertex 113.044 172.94 4
      vertex 113.412 172.766 0.9
      vertex 113.044 172.94 0.9
    endloop
  endfacet
  facet normal -0.904038 0.427453 0
    outer loop
      vertex 118.66 174.644 0.9
      vertex 118.834 175.012 4
      vertex 118.834 175.012 0.9
    endloop
  endfacet
  facet normal -0.904038 0.427453 0
    outer loop
      vertex 118.834 175.012 4
      vertex 118.66 174.644 0.9
      vertex 118.66 174.644 4
    endloop
  endfacet
  facet normal -0.0490808 -0.998795 0
    outer loop
      vertex 115 180.75 0.9
      vertex 115.407 180.73 4
      vertex 115 180.75 4
    endloop
  endfacet
  facet normal -0.0490808 -0.998795 -0
    outer loop
      vertex 115.407 180.73 4
      vertex 115 180.75 0.9
      vertex 115.407 180.73 0.9
    endloop
  endfacet
  facet normal 0.904038 -0.427453 0
    outer loop
      vertex 111.166 178.188 4
      vertex 111.34 178.556 0.9
      vertex 111.34 178.556 4
    endloop
  endfacet
  facet normal 0.904038 -0.427453 0
    outer loop
      vertex 111.34 178.556 0.9
      vertex 111.166 178.188 4
      vertex 111.166 178.188 0.9
    endloop
  endfacet
  facet normal -0.989098 0.14726 0
    outer loop
      vertex 119.07 175.79 0.9
      vertex 119.13 176.193 4
      vertex 119.13 176.193 0.9
    endloop
  endfacet
  facet normal -0.989098 0.14726 0
    outer loop
      vertex 119.13 176.193 4
      vertex 119.07 175.79 0.9
      vertex 119.07 175.79 4
    endloop
  endfacet
  facet normal -0.739495 0.673162 0
    outer loop
      vertex 117.934 173.666 0.9
      vertex 118.208 173.967 4
      vertex 118.208 173.967 0.9
    endloop
  endfacet
  facet normal -0.739495 0.673162 0
    outer loop
      vertex 118.208 173.967 4
      vertex 117.934 173.666 0.9
      vertex 117.934 173.666 4
    endloop
  endfacet
  facet normal -0.858573 -0.512691 0
    outer loop
      vertex 118.66 178.556 0.9
      vertex 118.451 178.906 4
      vertex 118.451 178.906 0.9
    endloop
  endfacet
  facet normal -0.858573 -0.512691 0
    outer loop
      vertex 118.451 178.906 4
      vertex 118.66 178.556 0.9
      vertex 118.66 178.556 4
    endloop
  endfacet
  facet normal 0.427453 -0.904038 0
    outer loop
      vertex 113.044 180.26 0.9
      vertex 113.412 180.434 4
      vertex 113.044 180.26 4
    endloop
  endfacet
  facet normal 0.427453 -0.904038 0
    outer loop
      vertex 113.412 180.434 4
      vertex 113.044 180.26 0.9
      vertex 113.412 180.434 0.9
    endloop
  endfacet
  facet normal 0.739495 0.673162 0
    outer loop
      vertex 112.066 173.666 4
      vertex 111.792 173.967 0.9
      vertex 111.792 173.967 4
    endloop
  endfacet
  facet normal 0.739495 0.673162 0
    outer loop
      vertex 111.792 173.967 0.9
      vertex 112.066 173.666 4
      vertex 112.066 173.666 0.9
    endloop
  endfacet
  facet normal 0.802643 0.59646 0
    outer loop
      vertex 111.792 173.967 4
      vertex 111.549 174.294 0.9
      vertex 111.549 174.294 4
    endloop
  endfacet
  facet normal 0.802643 0.59646 0
    outer loop
      vertex 111.549 174.294 0.9
      vertex 111.792 173.967 4
      vertex 111.792 173.967 0.9
    endloop
  endfacet
  facet normal -0.243113 0.969998 0
    outer loop
      vertex 116.205 172.629 0.9
      vertex 115.81 172.53 4
      vertex 116.205 172.629 4
    endloop
  endfacet
  facet normal -0.243113 0.969998 0
    outer loop
      vertex 115.81 172.53 4
      vertex 116.205 172.629 0.9
      vertex 115.81 172.53 0.9
    endloop
  endfacet
  facet normal 0.671815 -0.740719 0
    outer loop
      vertex 112.066 179.535 0.9
      vertex 112.367 179.808 4
      vertex 112.066 179.535 4
    endloop
  endfacet
  facet normal 0.671815 -0.740719 0
    outer loop
      vertex 112.367 179.808 4
      vertex 112.066 179.535 0.9
      vertex 112.367 179.808 0.9
    endloop
  endfacet
  facet normal 0.673162 0.739495 -0
    outer loop
      vertex 112.367 173.392 0.9
      vertex 112.066 173.666 4
      vertex 112.367 173.392 4
    endloop
  endfacet
  facet normal 0.673162 0.739495 0
    outer loop
      vertex 112.066 173.666 4
      vertex 112.367 173.392 0.9
      vertex 112.066 173.666 0.9
    endloop
  endfacet
  facet normal -0.671815 -0.740719 0
    outer loop
      vertex 117.633 179.808 0.9
      vertex 117.934 179.535 4
      vertex 117.633 179.808 4
    endloop
  endfacet
  facet normal -0.671815 -0.740719 -0
    outer loop
      vertex 117.934 179.535 4
      vertex 117.633 179.808 0.9
      vertex 117.934 179.535 0.9
    endloop
  endfacet
  facet normal -0.740606 -0.67194 0
    outer loop
      vertex 118.208 179.233 0.9
      vertex 117.934 179.535 4
      vertex 117.934 179.535 0.9
    endloop
  endfacet
  facet normal -0.740606 -0.67194 0
    outer loop
      vertex 117.934 179.535 4
      vertex 118.208 179.233 0.9
      vertex 118.208 179.233 4
    endloop
  endfacet
  facet normal 0.512691 0.858573 -0
    outer loop
      vertex 113.044 172.94 0.9
      vertex 112.694 173.149 4
      vertex 113.044 172.94 4
    endloop
  endfacet
  facet normal 0.512691 0.858573 0
    outer loop
      vertex 112.694 173.149 4
      vertex 113.044 172.94 0.9
      vertex 112.694 173.149 0.9
    endloop
  endfacet
  facet normal 0.802643 -0.59646 0
    outer loop
      vertex 111.549 178.906 4
      vertex 111.792 179.233 0.9
      vertex 111.792 179.233 4
    endloop
  endfacet
  facet normal 0.802643 -0.59646 0
    outer loop
      vertex 111.792 179.233 0.9
      vertex 111.549 178.906 4
      vertex 111.549 178.906 0.9
    endloop
  endfacet
  facet normal -0.59646 0.802643 0
    outer loop
      vertex 117.633 173.392 0.9
      vertex 117.306 173.149 4
      vertex 117.633 173.392 4
    endloop
  endfacet
  facet normal -0.59646 0.802643 0
    outer loop
      vertex 117.306 173.149 4
      vertex 117.633 173.392 0.9
      vertex 117.306 173.149 0.9
    endloop
  endfacet
  facet normal 0.59646 0.802643 -0
    outer loop
      vertex 112.694 173.149 0.9
      vertex 112.367 173.392 4
      vertex 112.694 173.149 4
    endloop
  endfacet
  facet normal 0.59646 0.802643 0
    outer loop
      vertex 112.367 173.392 4
      vertex 112.694 173.149 0.9
      vertex 112.367 173.392 0.9
    endloop
  endfacet
  facet normal 0.998795 -0.0490808 0
    outer loop
      vertex 110.85 176.6 4
      vertex 110.87 177.007 0.9
      vertex 110.87 177.007 4
    endloop
  endfacet
  facet normal 0.998795 -0.0490808 0
    outer loop
      vertex 110.87 177.007 0.9
      vertex 110.85 176.6 4
      vertex 110.85 176.6 0.9
    endloop
  endfacet
  facet normal 0.904038 0.427453 0
    outer loop
      vertex 111.34 174.644 4
      vertex 111.166 175.012 0.9
      vertex 111.166 175.012 4
    endloop
  endfacet
  facet normal 0.904038 0.427453 0
    outer loop
      vertex 111.166 175.012 0.9
      vertex 111.34 174.644 4
      vertex 111.34 174.644 0.9
    endloop
  endfacet
  facet normal 0.740606 -0.67194 0
    outer loop
      vertex 111.792 179.233 4
      vertex 112.066 179.535 0.9
      vertex 112.066 179.535 4
    endloop
  endfacet
  facet normal 0.740606 -0.67194 0
    outer loop
      vertex 112.066 179.535 0.9
      vertex 111.792 179.233 4
      vertex 111.792 179.233 0.9
    endloop
  endfacet
  facet normal 0 0 1
    outer loop
      vertex 119.13 177.007 0.9
      vertex 119.13 176.193 0.9
      vertex 119.15 176.6 0.9
    endloop
  endfacet
  facet normal 0 0 1
    outer loop
      vertex 119.07 177.41 0.9
      vertex 119.13 176.193 0.9
      vertex 119.13 177.007 0.9
    endloop
  endfacet
  facet normal 0 0 1
    outer loop
      vertex 119.07 177.41 0.9
      vertex 119.07 175.79 0.9
      vertex 119.13 176.193 0.9
    endloop
  endfacet
  facet normal 0 0 1
    outer loop
      vertex 118.971 177.805 0.9
      vertex 119.07 175.79 0.9
      vertex 119.07 177.41 0.9
    endloop
  endfacet
  facet normal 0 0 1
    outer loop
      vertex 118.971 177.805 0.9
      vertex 118.971 175.395 0.9
      vertex 119.07 175.79 0.9
    endloop
  endfacet
  facet normal 0 0 1
    outer loop
      vertex 118.834 178.188 0.9
      vertex 118.971 175.395 0.9
      vertex 118.971 177.805 0.9
    endloop
  endfacet
  facet normal 0 0 1
    outer loop
      vertex 118.834 178.188 0.9
      vertex 118.834 175.012 0.9
      vertex 118.971 175.395 0.9
    endloop
  endfacet
  facet normal 0 0 1
    outer loop
      vertex 118.66 178.556 0.9
      vertex 118.834 175.012 0.9
      vertex 118.834 178.188 0.9
    endloop
  endfacet
  facet normal 0 0 1
    outer loop
      vertex 118.66 178.556 0.9
      vertex 118.66 174.644 0.9
      vertex 118.834 175.012 0.9
    endloop
  endfacet
  facet normal 0 0 1
    outer loop
      vertex 118.451 178.906 0.9
      vertex 118.66 174.644 0.9
      vertex 118.66 178.556 0.9
    endloop
  endfacet
  facet normal 0 0 1
    outer loop
      vertex 118.451 178.906 0.9
      vertex 118.451 174.294 0.9
      vertex 118.66 174.644 0.9
    endloop
  endfacet
  facet normal 0 0 1
    outer loop
      vertex 118.208 179.233 0.9
      vertex 118.451 174.294 0.9
      vertex 118.451 178.906 0.9
    endloop
  endfacet
  facet normal 0 0 1
    outer loop
      vertex 118.208 179.233 0.9
      vertex 118.208 173.967 0.9
      vertex 118.451 174.294 0.9
    endloop
  endfacet
  facet normal 0 0 1
    outer loop
      vertex 117.934 179.535 0.9
      vertex 118.208 173.967 0.9
      vertex 118.208 179.233 0.9
    endloop
  endfacet
  facet normal 0 0 1
    outer loop
      vertex 117.934 179.535 0.9
      vertex 117.934 173.666 0.9
      vertex 118.208 173.967 0.9
    endloop
  endfacet
  facet normal 0 0 1
    outer loop
      vertex 117.633 179.808 0.9
      vertex 117.934 173.666 0.9
      vertex 117.934 179.535 0.9
    endloop
  endfacet
  facet normal 0 0 1
    outer loop
      vertex 117.633 179.808 0.9
      vertex 117.633 173.392 0.9
      vertex 117.934 173.666 0.9
    endloop
  endfacet
  facet normal 0 0 1
    outer loop
      vertex 117.306 180.051 0.9
      vertex 117.633 173.392 0.9
      vertex 117.633 179.808 0.9
    endloop
  endfacet
  facet normal 0 0 1
    outer loop
      vertex 117.306 180.051 0.9
      vertex 117.306 173.149 0.9
      vertex 117.633 173.392 0.9
    endloop
  endfacet
  facet normal 0 0 1
    outer loop
      vertex 116.956 180.26 0.9
      vertex 117.306 173.149 0.9
      vertex 117.306 180.051 0.9
    endloop
  endfacet
  facet normal 0 0 1
    outer loop
      vertex 116.956 180.26 0.9
      vertex 116.956 172.94 0.9
      vertex 117.306 173.149 0.9
    endloop
  endfacet
  facet normal 0 0 1
    outer loop
      vertex 116.588 180.434 0.9
      vertex 116.956 172.94 0.9
      vertex 116.956 180.26 0.9
    endloop
  endfacet
  facet normal 0 0 1
    outer loop
      vertex 116.588 180.434 0.9
      vertex 116.588 172.766 0.9
      vertex 116.956 172.94 0.9
    endloop
  endfacet
  facet normal 0 0 1
    outer loop
      vertex 116.205 180.571 0.9
      vertex 116.588 172.766 0.9
      vertex 116.588 180.434 0.9
    endloop
  endfacet
  facet normal 0 0 1
    outer loop
      vertex 116.205 180.571 0.9
      vertex 116.205 172.629 0.9
      vertex 116.588 172.766 0.9
    endloop
  endfacet
  facet normal 0 0 1
    outer loop
      vertex 115.81 180.67 0.9
      vertex 116.205 172.629 0.9
      vertex 116.205 180.571 0.9
    endloop
  endfacet
  facet normal 0 0 1
    outer loop
      vertex 115.81 180.67 0.9
      vertex 115.81 172.53 0.9
      vertex 116.205 172.629 0.9
    endloop
  endfacet
  facet normal 0 0 1
    outer loop
      vertex 115.407 180.73 0.9
      vertex 115.81 172.53 0.9
      vertex 115.81 180.67 0.9
    endloop
  endfacet
  facet normal 0 0 1
    outer loop
      vertex 115.407 180.73 0.9
      vertex 115.407 172.47 0.9
      vertex 115.81 172.53 0.9
    endloop
  endfacet
  facet normal 0 0 1
    outer loop
      vertex 115 180.75 0.9
      vertex 115.407 172.47 0.9
      vertex 115.407 180.73 0.9
    endloop
  endfacet
  facet normal 0 0 1
    outer loop
      vertex 115 180.75 0.9
      vertex 115 172.45 0.9
      vertex 115.407 172.47 0.9
    endloop
  endfacet
  facet normal -0 0 1
    outer loop
      vertex 114.593 180.73 0.9
      vertex 115 172.45 0.9
      vertex 115 180.75 0.9
    endloop
  endfacet
  facet normal 0 0 1
    outer loop
      vertex 114.593 180.73 0.9
      vertex 114.593 172.47 0.9
      vertex 115 172.45 0.9
    endloop
  endfacet
  facet normal -0 0 1
    outer loop
      vertex 114.19 180.67 0.9
      vertex 114.593 172.47 0.9
      vertex 114.593 180.73 0.9
    endloop
  endfacet
  facet normal 0 0 1
    outer loop
      vertex 114.19 180.67 0.9
      vertex 114.19 172.53 0.9
      vertex 114.593 172.47 0.9
    endloop
  endfacet
  facet normal -0 0 1
    outer loop
      vertex 113.795 180.571 0.9
      vertex 114.19 172.53 0.9
      vertex 114.19 180.67 0.9
    endloop
  endfacet
  facet normal 0 0 1
    outer loop
      vertex 113.795 180.571 0.9
      vertex 113.795 172.629 0.9
      vertex 114.19 172.53 0.9
    endloop
  endfacet
  facet normal -0 0 1
    outer loop
      vertex 113.412 180.434 0.9
      vertex 113.795 172.629 0.9
      vertex 113.795 180.571 0.9
    endloop
  endfacet
  facet normal 0 0 1
    outer loop
      vertex 113.412 180.434 0.9
      vertex 113.412 172.766 0.9
      vertex 113.795 172.629 0.9
    endloop
  endfacet
  facet normal -0 0 1
    outer loop
      vertex 113.044 180.26 0.9
      vertex 113.412 172.766 0.9
      vertex 113.412 180.434 0.9
    endloop
  endfacet
  facet normal 0 0 1
    outer loop
      vertex 113.044 180.26 0.9
      vertex 113.044 172.94 0.9
      vertex 113.412 172.766 0.9
    endloop
  endfacet
  facet normal -0 0 1
    outer loop
      vertex 112.694 180.051 0.9
      vertex 113.044 172.94 0.9
      vertex 113.044 180.26 0.9
    endloop
  endfacet
  facet normal 0 0 1
    outer loop
      vertex 112.694 180.051 0.9
      vertex 112.694 173.149 0.9
      vertex 113.044 172.94 0.9
    endloop
  endfacet
  facet normal -0 0 1
    outer loop
      vertex 112.367 179.808 0.9
      vertex 112.694 173.149 0.9
      vertex 112.694 180.051 0.9
    endloop
  endfacet
  facet normal 0 0 1
    outer loop
      vertex 112.367 179.808 0.9
      vertex 112.367 173.392 0.9
      vertex 112.694 173.149 0.9
    endloop
  endfacet
  facet normal -0 0 1
    outer loop
      vertex 112.066 179.535 0.9
      vertex 112.367 173.392 0.9
      vertex 112.367 179.808 0.9
    endloop
  endfacet
  facet normal 0 0 1
    outer loop
      vertex 112.066 179.535 0.9
      vertex 112.066 173.666 0.9
      vertex 112.367 173.392 0.9
    endloop
  endfacet
  facet normal -0 0 1
    outer loop
      vertex 111.792 179.233 0.9
      vertex 112.066 173.666 0.9
      vertex 112.066 179.535 0.9
    endloop
  endfacet
  facet normal 0 0 1
    outer loop
      vertex 111.792 179.233 0.9
      vertex 111.792 173.967 0.9
      vertex 112.066 173.666 0.9
    endloop
  endfacet
  facet normal -0 0 1
    outer loop
      vertex 111.549 178.906 0.9
      vertex 111.792 173.967 0.9
      vertex 111.792 179.233 0.9
    endloop
  endfacet
  facet normal 0 0 1
    outer loop
      vertex 111.549 178.906 0.9
      vertex 111.549 174.294 0.9
      vertex 111.792 173.967 0.9
    endloop
  endfacet
  facet normal -0 0 1
    outer loop
      vertex 111.34 178.556 0.9
      vertex 111.549 174.294 0.9
      vertex 111.549 178.906 0.9
    endloop
  endfacet
  facet normal 0 0 1
    outer loop
      vertex 111.34 178.556 0.9
      vertex 111.34 174.644 0.9
      vertex 111.549 174.294 0.9
    endloop
  endfacet
  facet normal -0 0 1
    outer loop
      vertex 111.166 178.188 0.9
      vertex 111.34 174.644 0.9
      vertex 111.34 178.556 0.9
    endloop
  endfacet
  facet normal 0 0 1
    outer loop
      vertex 111.166 178.188 0.9
      vertex 111.166 175.012 0.9
      vertex 111.34 174.644 0.9
    endloop
  endfacet
  facet normal -0 0 1
    outer loop
      vertex 111.029 177.805 0.9
      vertex 111.166 175.012 0.9
      vertex 111.166 178.188 0.9
    endloop
  endfacet
  facet normal 0 0 1
    outer loop
      vertex 111.029 177.805 0.9
      vertex 111.029 175.395 0.9
      vertex 111.166 175.012 0.9
    endloop
  endfacet
  facet normal -0 0 1
    outer loop
      vertex 110.93 177.41 0.9
      vertex 111.029 175.395 0.9
      vertex 111.029 177.805 0.9
    endloop
  endfacet
  facet normal 0 0 1
    outer loop
      vertex 110.93 177.41 0.9
      vertex 110.93 175.79 0.9
      vertex 111.029 175.395 0.9
    endloop
  endfacet
  facet normal -0 0 1
    outer loop
      vertex 110.87 177.007 0.9
      vertex 110.93 175.79 0.9
      vertex 110.93 177.41 0.9
    endloop
  endfacet
  facet normal 0 0 1
    outer loop
      vertex 110.87 177.007 0.9
      vertex 110.87 176.193 0.9
      vertex 110.93 175.79 0.9
    endloop
  endfacet
  facet normal 0 -0 1
    outer loop
      vertex 110.87 176.193 0.9
      vertex 110.87 177.007 0.9
      vertex 110.85 176.6 0.9
    endloop
  endfacet
  facet normal -0.146736 -0.989176 0
    outer loop
      vertex 74.9405 124.456 0
      vertex 77.8527 124.024 4
      vertex 74.9405 124.456 4
    endloop
  endfacet
  facet normal -0.146736 -0.989176 -0
    outer loop
      vertex 77.8527 124.024 4
      vertex 74.9405 124.456 0
      vertex 77.8527 124.024 0
    endloop
  endfacet
  facet normal -0.989178 -0.146721 0
    outer loop
      vertex 101.856 97.5405 0
      vertex 101.424 100.453 4
      vertex 101.424 100.453 0
    endloop
  endfacet
  facet normal -0.989178 -0.146721 0
    outer loop
      vertex 101.424 100.453 4
      vertex 101.856 97.5405 0
      vertex 101.856 97.5405 4
    endloop
  endfacet
  facet normal -0.998803 -0.0489126 0
    outer loop
      vertex 102 94.6 0
      vertex 101.856 97.5405 4
      vertex 101.856 97.5405 0
    endloop
  endfacet
  facet normal -0.998803 -0.0489126 0
    outer loop
      vertex 101.856 97.5405 4
      vertex 102 94.6 0
      vertex 102 94.6 4
    endloop
  endfacet
  facet normal -0.969982 -0.243175 0
    outer loop
      vertex 101.424 100.453 0
      vertex 100.708 103.309 4
      vertex 100.708 103.309 0
    endloop
  endfacet
  facet normal -0.969982 -0.243175 0
    outer loop
      vertex 100.708 103.309 4
      vertex 101.424 100.453 0
      vertex 101.424 100.453 4
    endloop
  endfacet
  facet normal 0.243191 -0.969978 0
    outer loop
      vertex 63.2915 123.308 0
      vertex 66.1473 124.024 4
      vertex 63.2915 123.308 4
    endloop
  endfacet
  facet normal 0.243191 -0.969978 0
    outer loop
      vertex 66.1473 124.024 4
      vertex 63.2915 123.308 0
      vertex 66.1473 124.024 0
    endloop
  endfacet
  facet normal 0.146736 -0.989176 0
    outer loop
      vertex 66.1473 124.024 0
      vertex 69.0595 124.456 4
      vertex 66.1473 124.024 4
    endloop
  endfacet
  facet normal 0.146736 -0.989176 0
    outer loop
      vertex 69.0595 124.456 4
      vertex 66.1473 124.024 0
      vertex 69.0595 124.456 0
    endloop
  endfacet
  facet normal -0.803241 -0.595655 0
    outer loop
      vertex 96.9441 111.267 0
      vertex 95.1903 113.632 4
      vertex 95.1903 113.632 0
    endloop
  endfacet
  facet normal -0.803241 -0.595655 0
    outer loop
      vertex 95.1903 113.632 4
      vertex 96.9441 111.267 0
      vertex 96.9441 111.267 4
    endloop
  endfacet
  facet normal -0.242999 0.970027 0
    outer loop
      vertex 80.7085 65.8918 0
      vertex 77.8527 65.1764 4
      vertex 80.7085 65.8918 4
    endloop
  endfacet
  facet normal -0.242999 0.970027 0
    outer loop
      vertex 77.8527 65.1764 4
      vertex 80.7085 65.8918 0
      vertex 77.8527 65.1764 0
    endloop
  endfacet
  facet normal -0.998803 0.0489126 0
    outer loop
      vertex 101.856 91.6595 0
      vertex 102 94.6 4
      vertex 102 94.6 0
    endloop
  endfacet
  facet normal -0.998803 0.0489126 0
    outer loop
      vertex 102 94.6 4
      vertex 101.856 91.6595 0
      vertex 101.856 91.6595 4
    endloop
  endfacet
  facet normal -0.595703 0.803204 0
    outer loop
      vertex 91.0318 71.4097 0
      vertex 88.6671 69.6559 4
      vertex 91.0318 71.4097 4
    endloop
  endfacet
  facet normal -0.595703 0.803204 0
    outer loop
      vertex 88.6671 69.6559 4
      vertex 91.0318 71.4097 0
      vertex 88.6671 69.6559 0
    endloop
  endfacet
  facet normal -0.803204 0.595703 0
    outer loop
      vertex 95.1903 75.5682 0
      vertex 96.9441 77.9329 4
      vertex 96.9441 77.9329 0
    endloop
  endfacet
  facet normal -0.803204 0.595703 0
    outer loop
      vertex 96.9441 77.9329 4
      vertex 95.1903 75.5682 0
      vertex 95.1903 75.5682 4
    endloop
  endfacet
  facet normal 0.740952 0.671558 0
    outer loop
      vertex 50.7868 73.3868 4
      vertex 48.8097 75.5682 0
      vertex 48.8097 75.5682 4
    endloop
  endfacet
  facet normal 0.740952 0.671558 0
    outer loop
      vertex 48.8097 75.5682 0
      vertex 50.7868 73.3868 4
      vertex 50.7868 73.3868 0
    endloop
  endfacet
  facet normal -0.427569 0.903983 0
    outer loop
      vertex 86.1419 68.1424 0
      vertex 83.4805 66.8836 4
      vertex 86.1419 68.1424 4
    endloop
  endfacet
  facet normal -0.427569 0.903983 0
    outer loop
      vertex 83.4805 66.8836 4
      vertex 86.1419 68.1424 0
      vertex 83.4805 66.8836 0
    endloop
  endfacet
  facet normal -0.94157 -0.336818 0
    outer loop
      vertex 100.708 103.309 0
      vertex 99.7164 106.081 4
      vertex 99.7164 106.081 0
    endloop
  endfacet
  facet normal -0.94157 -0.336818 0
    outer loop
      vertex 99.7164 106.081 4
      vertex 100.708 103.309 0
      vertex 100.708 103.309 4
    endloop
  endfacet
  facet normal -0.146703 0.989181 0
    outer loop
      vertex 77.8527 65.1764 0
      vertex 74.9405 64.7445 4
      vertex 77.8527 65.1764 4
    endloop
  endfacet
  facet normal -0.146703 0.989181 0
    outer loop
      vertex 74.9405 64.7445 4
      vertex 77.8527 65.1764 0
      vertex 74.9405 64.7445 0
    endloop
  endfacet
  facet normal 0.903983 0.427569 0
    outer loop
      vertex 45.5424 80.4581 4
      vertex 44.2836 83.1195 0
      vertex 44.2836 83.1195 4
    endloop
  endfacet
  facet normal 0.903983 0.427569 0
    outer loop
      vertex 44.2836 83.1195 0
      vertex 45.5424 80.4581 4
      vertex 45.5424 80.4581 0
    endloop
  endfacet
  facet normal 0.146703 0.989181 -0
    outer loop
      vertex 69.0595 64.7445 0
      vertex 66.1473 65.1764 4
      vertex 69.0595 64.7445 4
    endloop
  endfacet
  facet normal 0.146703 0.989181 0
    outer loop
      vertex 66.1473 65.1764 4
      vertex 69.0595 64.7445 0
      vertex 66.1473 65.1764 0
    endloop
  endfacet
  facet normal 0.427347 -0.904088 0
    outer loop
      vertex 57.8581 121.058 0
      vertex 60.5195 122.316 4
      vertex 57.8581 121.058 4
    endloop
  endfacet
  facet normal 0.427347 -0.904088 0
    outer loop
      vertex 60.5195 122.316 4
      vertex 57.8581 121.058 0
      vertex 60.5195 122.316 0
    endloop
  endfacet
  facet normal 0.514216 -0.857661 0
    outer loop
      vertex 55.3329 119.544 0
      vertex 57.8581 121.058 4
      vertex 55.3329 119.544 4
    endloop
  endfacet
  facet normal 0.514216 -0.857661 0
    outer loop
      vertex 57.8581 121.058 4
      vertex 55.3329 119.544 0
      vertex 57.8581 121.058 0
    endloop
  endfacet
  facet normal -0.336939 -0.941527 0
    outer loop
      vertex 80.7085 123.308 0
      vertex 83.4805 122.316 4
      vertex 80.7085 123.308 4
    endloop
  endfacet
  facet normal -0.336939 -0.941527 -0
    outer loop
      vertex 83.4805 122.316 4
      vertex 80.7085 123.308 0
      vertex 83.4805 122.316 0
    endloop
  endfacet
  facet normal 0.857718 -0.514121 0
    outer loop
      vertex 45.5424 108.742 4
      vertex 47.0559 111.267 0
      vertex 47.0559 111.267 4
    endloop
  endfacet
  facet normal 0.857718 -0.514121 0
    outer loop
      vertex 47.0559 111.267 0
      vertex 45.5424 108.742 4
      vertex 45.5424 108.742 0
    endloop
  endfacet
  facet normal 0.336939 -0.941527 0
    outer loop
      vertex 60.5195 122.316 0
      vertex 63.2915 123.308 4
      vertex 60.5195 122.316 4
    endloop
  endfacet
  facet normal 0.336939 -0.941527 0
    outer loop
      vertex 63.2915 123.308 4
      vertex 60.5195 122.316 0
      vertex 63.2915 123.308 0
    endloop
  endfacet
  facet normal -0.0490821 0.998795 0
    outer loop
      vertex 74.9405 64.7445 0
      vertex 72 64.6 4
      vertex 74.9405 64.7445 4
    endloop
  endfacet
  facet normal -0.0490821 0.998795 0
    outer loop
      vertex 72 64.6 4
      vertex 74.9405 64.7445 0
      vertex 72 64.6 0
    endloop
  endfacet
  facet normal -0.903958 -0.427622 0
    outer loop
      vertex 99.7164 106.081 0
      vertex 98.4576 108.742 4
      vertex 98.4576 108.742 0
    endloop
  endfacet
  facet normal -0.903958 -0.427622 0
    outer loop
      vertex 98.4576 108.742 4
      vertex 99.7164 106.081 0
      vertex 99.7164 106.081 4
    endloop
  endfacet
  facet normal 0.514091 0.857736 -0
    outer loop
      vertex 57.8581 68.1424 0
      vertex 55.3329 69.6559 4
      vertex 57.8581 68.1424 4
    endloop
  endfacet
  facet normal 0.514091 0.857736 0
    outer loop
      vertex 55.3329 69.6559 4
      vertex 57.8581 68.1424 0
      vertex 55.3329 69.6559 0
    endloop
  endfacet
  facet normal -0.595747 -0.803172 0
    outer loop
      vertex 88.6671 119.544 0
      vertex 91.0318 117.79 4
      vertex 88.6671 119.544 4
    endloop
  endfacet
  facet normal -0.595747 -0.803172 -0
    outer loop
      vertex 91.0318 117.79 4
      vertex 88.6671 119.544 0
      vertex 91.0318 117.79 0
    endloop
  endfacet
  facet normal -0.671558 0.740952 0
    outer loop
      vertex 93.2132 73.3868 0
      vertex 91.0318 71.4097 4
      vertex 93.2132 73.3868 4
    endloop
  endfacet
  facet normal -0.671558 0.740952 0
    outer loop
      vertex 91.0318 71.4097 4
      vertex 93.2132 73.3868 0
      vertex 91.0318 71.4097 0
    endloop
  endfacet
  facet normal 0.0489126 -0.998803 0
    outer loop
      vertex 69.0595 124.456 0
      vertex 72 124.6 4
      vertex 69.0595 124.456 4
    endloop
  endfacet
  facet normal 0.0489126 -0.998803 0
    outer loop
      vertex 72 124.6 4
      vertex 69.0595 124.456 0
      vertex 72 124.6 0
    endloop
  endfacet
  facet normal 0.803204 0.595703 0
    outer loop
      vertex 48.8097 75.5682 4
      vertex 47.0559 77.9329 0
      vertex 47.0559 77.9329 4
    endloop
  endfacet
  facet normal 0.803204 0.595703 0
    outer loop
      vertex 47.0559 77.9329 0
      vertex 48.8097 75.5682 4
      vertex 48.8097 75.5682 0
    endloop
  endfacet
  facet normal 0.595747 -0.803172 0
    outer loop
      vertex 52.9682 117.79 0
      vertex 55.3329 119.544 4
      vertex 52.9682 117.79 4
    endloop
  endfacet
  facet normal 0.595747 -0.803172 0
    outer loop
      vertex 55.3329 119.544 4
      vertex 52.9682 117.79 0
      vertex 55.3329 119.544 0
    endloop
  endfacet
  facet normal -0.740952 0.671558 0
    outer loop
      vertex 93.2132 73.3868 0
      vertex 95.1903 75.5682 4
      vertex 95.1903 75.5682 0
    endloop
  endfacet
  facet normal -0.740952 0.671558 0
    outer loop
      vertex 95.1903 75.5682 4
      vertex 93.2132 73.3868 0
      vertex 93.2132 73.3868 4
    endloop
  endfacet
  facet normal -0.969978 0.243191 0
    outer loop
      vertex 100.708 85.8915 0
      vertex 101.424 88.7473 4
      vertex 101.424 88.7473 0
    endloop
  endfacet
  facet normal -0.969978 0.243191 0
    outer loop
      vertex 101.424 88.7473 4
      vertex 100.708 85.8915 0
      vertex 100.708 85.8915 4
    endloop
  endfacet
  facet normal 0.595703 0.803204 -0
    outer loop
      vertex 55.3329 69.6559 0
      vertex 52.9682 71.4097 4
      vertex 55.3329 69.6559 4
    endloop
  endfacet
  facet normal 0.595703 0.803204 0
    outer loop
      vertex 52.9682 71.4097 4
      vertex 55.3329 69.6559 0
      vertex 52.9682 71.4097 0
    endloop
  endfacet
  facet normal -0.94157 0.336818 0
    outer loop
      vertex 99.7164 83.1195 0
      vertex 100.708 85.8915 4
      vertex 100.708 85.8915 0
    endloop
  endfacet
  facet normal -0.94157 0.336818 0
    outer loop
      vertex 100.708 85.8915 4
      vertex 99.7164 83.1195 0
      vertex 99.7164 83.1195 4
    endloop
  endfacet
  facet normal -0.427347 -0.904088 0
    outer loop
      vertex 83.4805 122.316 0
      vertex 86.1419 121.058 4
      vertex 83.4805 122.316 4
    endloop
  endfacet
  facet normal -0.427347 -0.904088 -0
    outer loop
      vertex 86.1419 121.058 4
      vertex 83.4805 122.316 0
      vertex 86.1419 121.058 0
    endloop
  endfacet
  facet normal -0.989176 0.146736 0
    outer loop
      vertex 101.424 88.7473 0
      vertex 101.856 91.6595 4
      vertex 101.856 91.6595 0
    endloop
  endfacet
  facet normal -0.989176 0.146736 0
    outer loop
      vertex 101.856 91.6595 4
      vertex 101.424 88.7473 0
      vertex 101.424 88.7473 4
    endloop
  endfacet
  facet normal 0.989181 0.146703 0
    outer loop
      vertex 42.5764 88.7473 4
      vertex 42.1445 91.6595 0
      vertex 42.1445 91.6595 4
    endloop
  endfacet
  facet normal 0.989181 0.146703 0
    outer loop
      vertex 42.1445 91.6595 0
      vertex 42.5764 88.7473 4
      vertex 42.5764 88.7473 0
    endloop
  endfacet
  facet normal 0.989183 -0.146688 0
    outer loop
      vertex 42.1445 97.5405 4
      vertex 42.5764 100.453 0
      vertex 42.5764 100.453 4
    endloop
  endfacet
  facet normal 0.989183 -0.146688 0
    outer loop
      vertex 42.5764 100.453 0
      vertex 42.1445 97.5405 4
      vertex 42.1445 97.5405 0
    endloop
  endfacet
  facet normal -0.514216 -0.857661 0
    outer loop
      vertex 86.1419 121.058 0
      vertex 88.6671 119.544 4
      vertex 86.1419 121.058 4
    endloop
  endfacet
  facet normal -0.514216 -0.857661 -0
    outer loop
      vertex 88.6671 119.544 4
      vertex 86.1419 121.058 0
      vertex 88.6671 119.544 0
    endloop
  endfacet
  facet normal 0.970027 0.242999 0
    outer loop
      vertex 43.2918 85.8915 4
      vertex 42.5764 88.7473 0
      vertex 42.5764 88.7473 4
    endloop
  endfacet
  facet normal 0.970027 0.242999 0
    outer loop
      vertex 42.5764 88.7473 0
      vertex 43.2918 85.8915 4
      vertex 43.2918 85.8915 0
    endloop
  endfacet
  facet normal 0.242999 0.970027 -0
    outer loop
      vertex 66.1473 65.1764 0
      vertex 63.2915 65.8918 4
      vertex 66.1473 65.1764 4
    endloop
  endfacet
  facet normal 0.242999 0.970027 0
    outer loop
      vertex 63.2915 65.8918 4
      vertex 66.1473 65.1764 0
      vertex 63.2915 65.8918 0
    endloop
  endfacet
  facet normal -0.671539 -0.740969 0
    outer loop
      vertex 91.0318 117.79 0
      vertex 93.2132 115.813 4
      vertex 91.0318 117.79 4
    endloop
  endfacet
  facet normal -0.671539 -0.740969 -0
    outer loop
      vertex 93.2132 115.813 4
      vertex 91.0318 117.79 0
      vertex 93.2132 115.813 0
    endloop
  endfacet
  facet normal -0.857718 -0.514121 0
    outer loop
      vertex 98.4576 108.742 0
      vertex 96.9441 111.267 4
      vertex 96.9441 111.267 0
    endloop
  endfacet
  facet normal -0.857718 -0.514121 0
    outer loop
      vertex 96.9441 111.267 4
      vertex 98.4576 108.742 0
      vertex 98.4576 108.742 4
    endloop
  endfacet
  facet normal -0.243191 -0.969978 0
    outer loop
      vertex 77.8527 124.024 0
      vertex 80.7085 123.308 4
      vertex 77.8527 124.024 4
    endloop
  endfacet
  facet normal -0.243191 -0.969978 -0
    outer loop
      vertex 80.7085 123.308 4
      vertex 77.8527 124.024 0
      vertex 80.7085 123.308 0
    endloop
  endfacet
  facet normal 0.998795 -0.0490821 0
    outer loop
      vertex 42 94.6 4
      vertex 42.1445 97.5405 0
      vertex 42.1445 97.5405 4
    endloop
  endfacet
  facet normal 0.998795 -0.0490821 0
    outer loop
      vertex 42.1445 97.5405 0
      vertex 42 94.6 4
      vertex 42 94.6 0
    endloop
  endfacet
  facet normal 0.671539 -0.740969 0
    outer loop
      vertex 50.7868 115.813 0
      vertex 52.9682 117.79 4
      vertex 50.7868 115.813 4
    endloop
  endfacet
  facet normal 0.671539 -0.740969 0
    outer loop
      vertex 52.9682 117.79 4
      vertex 50.7868 115.813 0
      vertex 52.9682 117.79 0
    endloop
  endfacet
  facet normal -0.740891 -0.671625 0
    outer loop
      vertex 95.1903 113.632 0
      vertex 93.2132 115.813 4
      vertex 93.2132 115.813 0
    endloop
  endfacet
  facet normal -0.740891 -0.671625 0
    outer loop
      vertex 93.2132 115.813 4
      vertex 95.1903 113.632 0
      vertex 95.1903 113.632 4
    endloop
  endfacet
  facet normal -0.857736 0.514091 0
    outer loop
      vertex 96.9441 77.9329 0
      vertex 98.4576 80.4581 4
      vertex 98.4576 80.4581 0
    endloop
  endfacet
  facet normal -0.857736 0.514091 0
    outer loop
      vertex 98.4576 80.4581 4
      vertex 96.9441 77.9329 0
      vertex 96.9441 77.9329 4
    endloop
  endfacet
  facet normal -0.514091 0.857736 0
    outer loop
      vertex 88.6671 69.6559 0
      vertex 86.1419 68.1424 4
      vertex 88.6671 69.6559 4
    endloop
  endfacet
  facet normal -0.514091 0.857736 0
    outer loop
      vertex 86.1419 68.1424 4
      vertex 88.6671 69.6559 0
      vertex 86.1419 68.1424 0
    endloop
  endfacet
  facet normal 0.740891 -0.671625 0
    outer loop
      vertex 48.8097 113.632 4
      vertex 50.7868 115.813 0
      vertex 50.7868 115.813 4
    endloop
  endfacet
  facet normal 0.740891 -0.671625 0
    outer loop
      vertex 50.7868 115.813 0
      vertex 48.8097 113.632 4
      vertex 48.8097 113.632 0
    endloop
  endfacet
  facet normal 0.857736 0.514091 0
    outer loop
      vertex 47.0559 77.9329 4
      vertex 45.5424 80.4581 0
      vertex 45.5424 80.4581 4
    endloop
  endfacet
  facet normal 0.857736 0.514091 0
    outer loop
      vertex 45.5424 80.4581 0
      vertex 47.0559 77.9329 4
      vertex 47.0559 77.9329 0
    endloop
  endfacet
  facet normal -0.903983 0.427569 0
    outer loop
      vertex 98.4576 80.4581 0
      vertex 99.7164 83.1195 4
      vertex 99.7164 83.1195 0
    endloop
  endfacet
  facet normal -0.903983 0.427569 0
    outer loop
      vertex 99.7164 83.1195 4
      vertex 98.4576 80.4581 0
      vertex 98.4576 80.4581 4
    endloop
  endfacet
  facet normal -0.0489126 -0.998803 0
    outer loop
      vertex 72 124.6 0
      vertex 74.9405 124.456 4
      vertex 72 124.6 4
    endloop
  endfacet
  facet normal -0.0489126 -0.998803 -0
    outer loop
      vertex 74.9405 124.456 4
      vertex 72 124.6 0
      vertex 74.9405 124.456 0
    endloop
  endfacet
  facet normal 0.970031 -0.242983 0
    outer loop
      vertex 42.5764 100.453 4
      vertex 43.2918 103.309 0
      vertex 43.2918 103.309 4
    endloop
  endfacet
  facet normal 0.970031 -0.242983 0
    outer loop
      vertex 43.2918 103.309 0
      vertex 42.5764 100.453 4
      vertex 42.5764 100.453 0
    endloop
  endfacet
  facet normal 0.0490821 0.998795 -0
    outer loop
      vertex 72 64.6 0
      vertex 69.0595 64.7445 4
      vertex 72 64.6 4
    endloop
  endfacet
  facet normal 0.0490821 0.998795 0
    outer loop
      vertex 69.0595 64.7445 4
      vertex 72 64.6 0
      vertex 69.0595 64.7445 0
    endloop
  endfacet
  facet normal 0.336879 0.941548 -0
    outer loop
      vertex 63.2915 65.8918 0
      vertex 60.5195 66.8836 4
      vertex 63.2915 65.8918 4
    endloop
  endfacet
  facet normal 0.336879 0.941548 0
    outer loop
      vertex 60.5195 66.8836 4
      vertex 63.2915 65.8918 0
      vertex 60.5195 66.8836 0
    endloop
  endfacet
  facet normal 0.941548 0.336879 0
    outer loop
      vertex 44.2836 83.1195 4
      vertex 43.2918 85.8915 0
      vertex 43.2918 85.8915 4
    endloop
  endfacet
  facet normal 0.941548 0.336879 0
    outer loop
      vertex 43.2918 85.8915 0
      vertex 44.2836 83.1195 4
      vertex 44.2836 83.1195 0
    endloop
  endfacet
  facet normal -0.336879 0.941548 0
    outer loop
      vertex 83.4805 66.8836 0
      vertex 80.7085 65.8918 4
      vertex 83.4805 66.8836 4
    endloop
  endfacet
  facet normal -0.336879 0.941548 0
    outer loop
      vertex 80.7085 65.8918 4
      vertex 83.4805 66.8836 0
      vertex 80.7085 65.8918 0
    endloop
  endfacet
  facet normal 0.803241 -0.595655 0
    outer loop
      vertex 47.0559 111.267 4
      vertex 48.8097 113.632 0
      vertex 48.8097 113.632 4
    endloop
  endfacet
  facet normal 0.803241 -0.595655 0
    outer loop
      vertex 48.8097 113.632 0
      vertex 47.0559 111.267 4
      vertex 47.0559 111.267 0
    endloop
  endfacet
  facet normal 0.671558 0.740952 -0
    outer loop
      vertex 52.9682 71.4097 0
      vertex 50.7868 73.3868 4
      vertex 52.9682 71.4097 4
    endloop
  endfacet
  facet normal 0.671558 0.740952 0
    outer loop
      vertex 50.7868 73.3868 4
      vertex 52.9682 71.4097 0
      vertex 50.7868 73.3868 0
    endloop
  endfacet
  facet normal 0.998795 0.0490821 0
    outer loop
      vertex 42.1445 91.6595 4
      vertex 42 94.6 0
      vertex 42 94.6 4
    endloop
  endfacet
  facet normal 0.998795 0.0490821 0
    outer loop
      vertex 42 94.6 0
      vertex 42.1445 91.6595 4
      vertex 42.1445 91.6595 0
    endloop
  endfacet
  facet normal 0.903958 -0.427622 0
    outer loop
      vertex 44.2836 106.081 4
      vertex 45.5424 108.742 0
      vertex 45.5424 108.742 4
    endloop
  endfacet
  facet normal 0.903958 -0.427622 0
    outer loop
      vertex 45.5424 108.742 0
      vertex 44.2836 106.081 4
      vertex 44.2836 106.081 0
    endloop
  endfacet
  facet normal 0.427569 0.903983 -0
    outer loop
      vertex 60.5195 66.8836 0
      vertex 57.8581 68.1424 4
      vertex 60.5195 66.8836 4
    endloop
  endfacet
  facet normal 0.427569 0.903983 0
    outer loop
      vertex 57.8581 68.1424 4
      vertex 60.5195 66.8836 0
      vertex 57.8581 68.1424 0
    endloop
  endfacet
  facet normal 0.941548 -0.336879 0
    outer loop
      vertex 43.2918 103.309 4
      vertex 44.2836 106.081 0
      vertex 44.2836 106.081 4
    endloop
  endfacet
  facet normal 0.941548 -0.336879 0
    outer loop
      vertex 44.2836 106.081 0
      vertex 43.2918 103.309 4
      vertex 43.2918 103.309 0
    endloop
  endfacet
endsolid OpenSCAD_Model
