solid OpenSCAD_Model
  facet normal 0 -0.146746 -0.989174
    outer loop
      vertex 82 84.2205 33.7392
      vertex 90 84.4389 33.7068
      vertex 90 84.2205 33.7392
    endloop
  endfacet
  facet normal -0 -0.146746 -0.989174
    outer loop
      vertex 90 84.4389 33.7068
      vertex 82 84.2205 33.7392
      vertex 82 84.4389 33.7068
    endloop
  endfacet
  facet normal 0 -0.0489209 -0.998803
    outer loop
      vertex 82 84 33.75
      vertex 90 84.2205 33.7392
      vertex 90 84 33.75
    endloop
  endfacet
  facet normal -0 -0.0489209 -0.998803
    outer loop
      vertex 90 84.2205 33.7392
      vertex 82 84 33.75
      vertex 82 84.2205 33.7392
    endloop
  endfacet
  facet normal 0 -0.243175 -0.969982
    outer loop
      vertex 82 84.4389 33.7068
      vertex 90 84.6531 33.6531
      vertex 90 84.4389 33.7068
    endloop
  endfacet
  facet normal -0 -0.243175 -0.969982
    outer loop
      vertex 90 84.6531 33.6531
      vertex 82 84.4389 33.7068
      vertex 82 84.6531 33.6531
    endloop
  endfacet
  facet normal -0 0.427541 0.903996
    outer loop
      vertex 82 83.139 29.4213
      vertex 90 82.9394 29.5157
      vertex 90 83.139 29.4213
    endloop
  endfacet
  facet normal 0 0.427541 0.903996
    outer loop
      vertex 90 82.9394 29.5157
      vertex 82 83.139 29.4213
      vertex 82 82.9394 29.5157
    endloop
  endfacet
  facet normal -0 0.0489209 0.998803
    outer loop
      vertex 82 84 29.25
      vertex 90 83.7795 29.2608
      vertex 90 84 29.25
    endloop
  endfacet
  facet normal 0 0.0489209 0.998803
    outer loop
      vertex 90 83.7795 29.2608
      vertex 82 84 29.25
      vertex 82 83.7795 29.2608
    endloop
  endfacet
  facet normal -0 0.336939 0.941527
    outer loop
      vertex 82 83.3469 29.3469
      vertex 90 83.139 29.4213
      vertex 90 83.3469 29.3469
    endloop
  endfacet
  facet normal 0 0.336939 0.941527
    outer loop
      vertex 90 83.139 29.4213
      vertex 82 83.3469 29.3469
      vertex 82 83.139 29.4213
    endloop
  endfacet
  facet normal 0 -0.857773 0.514029
    outer loop
      vertex 82 85.8708 30.25
      vertex 90 85.9843 30.4394
      vertex 82 85.9843 30.4394
    endloop
  endfacet
  facet normal 0 -0.857773 0.514029
    outer loop
      vertex 90 85.9843 30.4394
      vertex 82 85.8708 30.25
      vertex 90 85.8708 30.25
    endloop
  endfacet
  facet normal 0 0.941527 -0.336939
    outer loop
      vertex 90 81.8469 32.1531
      vertex 82 81.9213 32.361
      vertex 90 81.9213 32.361
    endloop
  endfacet
  facet normal 0 0.941527 -0.336939
    outer loop
      vertex 82 81.9213 32.361
      vertex 90 81.8469 32.1531
      vertex 82 81.8469 32.1531
    endloop
  endfacet
  facet normal 0 -0.336939 -0.941527
    outer loop
      vertex 82 84.6531 33.6531
      vertex 90 84.861 33.5787
      vertex 90 84.6531 33.6531
    endloop
  endfacet
  facet normal -0 -0.336939 -0.941527
    outer loop
      vertex 90 84.861 33.5787
      vertex 82 84.6531 33.6531
      vertex 82 84.861 33.5787
    endloop
  endfacet
  facet normal -0 0.671613 0.740902
    outer loop
      vertex 82 82.5726 29.7607
      vertex 90 82.409 29.909
      vertex 90 82.5726 29.7607
    endloop
  endfacet
  facet normal 0 0.671613 0.740902
    outer loop
      vertex 90 82.409 29.909
      vertex 82 82.5726 29.7607
      vertex 82 82.409 29.909
    endloop
  endfacet
  facet normal 0 0.857773 -0.514029
    outer loop
      vertex 90 82.0157 32.5606
      vertex 82 82.1292 32.75
      vertex 90 82.1292 32.75
    endloop
  endfacet
  facet normal 0 0.857773 -0.514029
    outer loop
      vertex 82 82.1292 32.75
      vertex 90 82.0157 32.5606
      vertex 82 82.0157 32.5606
    endloop
  endfacet
  facet normal 0 -0.595498 0.803357
    outer loop
      vertex 82 85.4274 29.7607
      vertex 90 85.25 29.6292
      vertex 90 85.4274 29.7607
    endloop
  endfacet
  facet normal 0 -0.595498 0.803357
    outer loop
      vertex 90 85.25 29.6292
      vertex 82 85.4274 29.7607
      vertex 82 85.25 29.6292
    endloop
  endfacet
  facet normal 0 -0.336939 0.941527
    outer loop
      vertex 82 84.861 29.4213
      vertex 90 84.6531 29.3469
      vertex 90 84.861 29.4213
    endloop
  endfacet
  facet normal 0 -0.336939 0.941527
    outer loop
      vertex 90 84.6531 29.3469
      vertex 82 84.861 29.4213
      vertex 82 84.6531 29.3469
    endloop
  endfacet
  facet normal 0 0.0489209 -0.998803
    outer loop
      vertex 82 83.7795 33.7392
      vertex 90 84 33.75
      vertex 90 83.7795 33.7392
    endloop
  endfacet
  facet normal 0 0.0489209 -0.998803
    outer loop
      vertex 90 84 33.75
      vertex 82 83.7795 33.7392
      vertex 82 84 33.75
    endloop
  endfacet
  facet normal 0 -0.998803 0.0489209
    outer loop
      vertex 82 86.2392 31.2795
      vertex 90 86.25 31.5
      vertex 82 86.25 31.5
    endloop
  endfacet
  facet normal 0 -0.998803 0.0489209
    outer loop
      vertex 90 86.25 31.5
      vertex 82 86.2392 31.2795
      vertex 90 86.2392 31.2795
    endloop
  endfacet
  facet normal 0 0.336939 -0.941527
    outer loop
      vertex 82 83.139 33.5787
      vertex 90 83.3469 33.6531
      vertex 90 83.139 33.5787
    endloop
  endfacet
  facet normal 0 0.336939 -0.941527
    outer loop
      vertex 90 83.3469 33.6531
      vertex 82 83.139 33.5787
      vertex 82 83.3469 33.6531
    endloop
  endfacet
  facet normal 0 -0.803357 -0.595498
    outer loop
      vertex 82 85.8708 32.75
      vertex 90 85.7393 32.9274
      vertex 82 85.7393 32.9274
    endloop
  endfacet
  facet normal 0 -0.803357 -0.595498
    outer loop
      vertex 90 85.7393 32.9274
      vertex 82 85.8708 32.75
      vertex 90 85.8708 32.75
    endloop
  endfacet
  facet normal 0 0.427541 -0.903996
    outer loop
      vertex 82 82.9394 33.4843
      vertex 90 83.139 33.5787
      vertex 90 82.9394 33.4843
    endloop
  endfacet
  facet normal 0 0.427541 -0.903996
    outer loop
      vertex 90 83.139 33.5787
      vertex 82 82.9394 33.4843
      vertex 82 83.139 33.5787
    endloop
  endfacet
  facet normal 0 0.146746 -0.989174
    outer loop
      vertex 82 83.5611 33.7068
      vertex 90 83.7795 33.7392
      vertex 90 83.5611 33.7068
    endloop
  endfacet
  facet normal 0 0.146746 -0.989174
    outer loop
      vertex 90 83.7795 33.7392
      vertex 82 83.5611 33.7068
      vertex 82 83.7795 33.7392
    endloop
  endfacet
  facet normal 0 -0.969956 0.243282
    outer loop
      vertex 82 86.1531 30.8469
      vertex 90 86.2068 31.061
      vertex 82 86.2068 31.061
    endloop
  endfacet
  facet normal 0 -0.969956 0.243282
    outer loop
      vertex 90 86.2068 31.061
      vertex 82 86.1531 30.8469
      vertex 90 86.1531 30.8469
    endloop
  endfacet
  facet normal 0 -0.998803 -0.0489209
    outer loop
      vertex 82 86.25 31.5
      vertex 90 86.2392 31.7205
      vertex 82 86.2392 31.7205
    endloop
  endfacet
  facet normal 0 -0.998803 -0.0489209
    outer loop
      vertex 90 86.2392 31.7205
      vertex 82 86.25 31.5
      vertex 90 86.25 31.5
    endloop
  endfacet
  facet normal 0 0.903996 -0.427541
    outer loop
      vertex 90 81.9213 32.361
      vertex 82 82.0157 32.5606
      vertex 90 82.0157 32.5606
    endloop
  endfacet
  facet normal 0 0.903996 -0.427541
    outer loop
      vertex 82 82.0157 32.5606
      vertex 90 81.9213 32.361
      vertex 82 81.9213 32.361
    endloop
  endfacet
  facet normal 0 -0.969956 -0.243282
    outer loop
      vertex 82 86.2068 31.939
      vertex 90 86.1531 32.1531
      vertex 82 86.1531 32.1531
    endloop
  endfacet
  facet normal 0 -0.969956 -0.243282
    outer loop
      vertex 90 86.1531 32.1531
      vertex 82 86.2068 31.939
      vertex 90 86.2068 31.939
    endloop
  endfacet
  facet normal 0 0.998803 -0.0489209
    outer loop
      vertex 90 81.75 31.5
      vertex 82 81.7608 31.7205
      vertex 90 81.7608 31.7205
    endloop
  endfacet
  facet normal 0 0.998803 -0.0489209
    outer loop
      vertex 82 81.7608 31.7205
      vertex 90 81.75 31.5
      vertex 82 81.75 31.5
    endloop
  endfacet
  facet normal 0 0.857773 0.514029
    outer loop
      vertex 90 82.1292 30.25
      vertex 82 82.0157 30.4394
      vertex 90 82.0157 30.4394
    endloop
  endfacet
  facet normal 0 0.857773 0.514029
    outer loop
      vertex 82 82.0157 30.4394
      vertex 90 82.1292 30.25
      vertex 82 82.1292 30.25
    endloop
  endfacet
  facet normal 0 0.969956 -0.243282
    outer loop
      vertex 90 81.7932 31.939
      vertex 82 81.8469 32.1531
      vertex 90 81.8469 32.1531
    endloop
  endfacet
  facet normal 0 0.969956 -0.243282
    outer loop
      vertex 82 81.8469 32.1531
      vertex 90 81.7932 31.939
      vertex 82 81.7932 31.939
    endloop
  endfacet
  facet normal 0 -0.857773 -0.514029
    outer loop
      vertex 82 85.9843 32.5606
      vertex 90 85.8708 32.75
      vertex 82 85.8708 32.75
    endloop
  endfacet
  facet normal 0 -0.857773 -0.514029
    outer loop
      vertex 90 85.8708 32.75
      vertex 82 85.9843 32.5606
      vertex 90 85.9843 32.5606
    endloop
  endfacet
  facet normal 0 -0.941527 0.336939
    outer loop
      vertex 82 86.0787 30.639
      vertex 90 86.1531 30.8469
      vertex 82 86.1531 30.8469
    endloop
  endfacet
  facet normal 0 -0.941527 0.336939
    outer loop
      vertex 90 86.1531 30.8469
      vertex 82 86.0787 30.639
      vertex 90 86.0787 30.639
    endloop
  endfacet
  facet normal 0 -0.0489209 0.998803
    outer loop
      vertex 82 84.2205 29.2608
      vertex 90 84 29.25
      vertex 90 84.2205 29.2608
    endloop
  endfacet
  facet normal 0 -0.0489209 0.998803
    outer loop
      vertex 90 84 29.25
      vertex 82 84.2205 29.2608
      vertex 82 84 29.25
    endloop
  endfacet
  facet normal 0 -0.740902 0.671613
    outer loop
      vertex 82 85.591 29.909
      vertex 90 85.7393 30.0726
      vertex 82 85.7393 30.0726
    endloop
  endfacet
  facet normal 0 -0.740902 0.671613
    outer loop
      vertex 90 85.7393 30.0726
      vertex 82 85.591 29.909
      vertex 90 85.591 29.909
    endloop
  endfacet
  facet normal 0 0.740902 -0.671613
    outer loop
      vertex 90 82.2607 32.9274
      vertex 82 82.409 33.091
      vertex 90 82.409 33.091
    endloop
  endfacet
  facet normal 0 0.740902 -0.671613
    outer loop
      vertex 82 82.409 33.091
      vertex 90 82.2607 32.9274
      vertex 82 82.2607 32.9274
    endloop
  endfacet
  facet normal 0 -0.803357 0.595498
    outer loop
      vertex 82 85.7393 30.0726
      vertex 90 85.8708 30.25
      vertex 82 85.8708 30.25
    endloop
  endfacet
  facet normal 0 -0.803357 0.595498
    outer loop
      vertex 90 85.8708 30.25
      vertex 82 85.7393 30.0726
      vertex 90 85.7393 30.0726
    endloop
  endfacet
  facet normal 0 0.998803 0.0489209
    outer loop
      vertex 90 81.7608 31.2795
      vertex 82 81.75 31.5
      vertex 90 81.75 31.5
    endloop
  endfacet
  facet normal 0 0.998803 0.0489209
    outer loop
      vertex 82 81.75 31.5
      vertex 90 81.7608 31.2795
      vertex 82 81.7608 31.2795
    endloop
  endfacet
  facet normal 0 -0.514029 -0.857773
    outer loop
      vertex 82 85.0606 33.4843
      vertex 90 85.25 33.3708
      vertex 90 85.0606 33.4843
    endloop
  endfacet
  facet normal -0 -0.514029 -0.857773
    outer loop
      vertex 90 85.25 33.3708
      vertex 82 85.0606 33.4843
      vertex 82 85.25 33.3708
    endloop
  endfacet
  facet normal 0 0.740902 0.671613
    outer loop
      vertex 90 82.409 29.909
      vertex 82 82.2607 30.0726
      vertex 90 82.2607 30.0726
    endloop
  endfacet
  facet normal 0 0.740902 0.671613
    outer loop
      vertex 82 82.2607 30.0726
      vertex 90 82.409 29.909
      vertex 82 82.409 29.909
    endloop
  endfacet
  facet normal 0 -0.146746 0.989174
    outer loop
      vertex 82 84.4389 29.2932
      vertex 90 84.2205 29.2608
      vertex 90 84.4389 29.2932
    endloop
  endfacet
  facet normal 0 -0.146746 0.989174
    outer loop
      vertex 90 84.2205 29.2608
      vertex 82 84.4389 29.2932
      vertex 82 84.2205 29.2608
    endloop
  endfacet
  facet normal 0 -0.740902 -0.671613
    outer loop
      vertex 82 85.7393 32.9274
      vertex 90 85.591 33.091
      vertex 82 85.591 33.091
    endloop
  endfacet
  facet normal 0 -0.740902 -0.671613
    outer loop
      vertex 90 85.591 33.091
      vertex 82 85.7393 32.9274
      vertex 90 85.7393 32.9274
    endloop
  endfacet
  facet normal -0 0.514029 0.857773
    outer loop
      vertex 82 82.9394 29.5157
      vertex 90 82.75 29.6292
      vertex 90 82.9394 29.5157
    endloop
  endfacet
  facet normal 0 0.514029 0.857773
    outer loop
      vertex 90 82.75 29.6292
      vertex 82 82.9394 29.5157
      vertex 82 82.75 29.6292
    endloop
  endfacet
  facet normal 0 0.989184 -0.14668
    outer loop
      vertex 90 81.7608 31.7205
      vertex 82 81.7932 31.939
      vertex 90 81.7932 31.939
    endloop
  endfacet
  facet normal 0 0.989184 -0.14668
    outer loop
      vertex 82 81.7932 31.939
      vertex 90 81.7608 31.7205
      vertex 82 81.7608 31.7205
    endloop
  endfacet
  facet normal 0 -0.903996 0.427541
    outer loop
      vertex 82 85.9843 30.4394
      vertex 90 86.0787 30.639
      vertex 82 86.0787 30.639
    endloop
  endfacet
  facet normal 0 -0.903996 0.427541
    outer loop
      vertex 90 86.0787 30.639
      vertex 82 85.9843 30.4394
      vertex 90 85.9843 30.4394
    endloop
  endfacet
  facet normal 0 -0.427541 -0.903996
    outer loop
      vertex 82 84.861 33.5787
      vertex 90 85.0606 33.4843
      vertex 90 84.861 33.5787
    endloop
  endfacet
  facet normal -0 -0.427541 -0.903996
    outer loop
      vertex 90 85.0606 33.4843
      vertex 82 84.861 33.5787
      vertex 82 85.0606 33.4843
    endloop
  endfacet
  facet normal 0 0.514029 -0.857773
    outer loop
      vertex 82 82.75 33.3708
      vertex 90 82.9394 33.4843
      vertex 90 82.75 33.3708
    endloop
  endfacet
  facet normal 0 0.514029 -0.857773
    outer loop
      vertex 90 82.9394 33.4843
      vertex 82 82.75 33.3708
      vertex 82 82.9394 33.4843
    endloop
  endfacet
  facet normal 0 0.243175 -0.969982
    outer loop
      vertex 82 83.3469 33.6531
      vertex 90 83.5611 33.7068
      vertex 90 83.3469 33.6531
    endloop
  endfacet
  facet normal 0 0.243175 -0.969982
    outer loop
      vertex 90 83.5611 33.7068
      vertex 82 83.3469 33.6531
      vertex 82 83.5611 33.7068
    endloop
  endfacet
  facet normal 0 -0.903996 -0.427541
    outer loop
      vertex 82 86.0787 32.361
      vertex 90 85.9843 32.5606
      vertex 82 85.9843 32.5606
    endloop
  endfacet
  facet normal 0 -0.903996 -0.427541
    outer loop
      vertex 90 85.9843 32.5606
      vertex 82 86.0787 32.361
      vertex 90 86.0787 32.361
    endloop
  endfacet
  facet normal 0 -0.989184 0.14668
    outer loop
      vertex 82 86.2068 31.061
      vertex 90 86.2392 31.2795
      vertex 82 86.2392 31.2795
    endloop
  endfacet
  facet normal 0 -0.989184 0.14668
    outer loop
      vertex 90 86.2392 31.2795
      vertex 82 86.2068 31.061
      vertex 90 86.2068 31.061
    endloop
  endfacet
  facet normal 0 -0.427541 0.903996
    outer loop
      vertex 82 85.0606 29.5157
      vertex 90 84.861 29.4213
      vertex 90 85.0606 29.5157
    endloop
  endfacet
  facet normal 0 -0.427541 0.903996
    outer loop
      vertex 90 84.861 29.4213
      vertex 82 85.0606 29.5157
      vertex 82 84.861 29.4213
    endloop
  endfacet
  facet normal 0 -0.514029 0.857773
    outer loop
      vertex 82 85.25 29.6292
      vertex 90 85.0606 29.5157
      vertex 90 85.25 29.6292
    endloop
  endfacet
  facet normal 0 -0.514029 0.857773
    outer loop
      vertex 90 85.0606 29.5157
      vertex 82 85.25 29.6292
      vertex 82 85.0606 29.5157
    endloop
  endfacet
  facet normal 0 -0.671613 0.740902
    outer loop
      vertex 82 85.591 29.909
      vertex 90 85.4274 29.7607
      vertex 90 85.591 29.909
    endloop
  endfacet
  facet normal 0 -0.671613 0.740902
    outer loop
      vertex 90 85.4274 29.7607
      vertex 82 85.591 29.909
      vertex 82 85.4274 29.7607
    endloop
  endfacet
  facet normal 0 -0.243175 0.969982
    outer loop
      vertex 82 84.6531 29.3469
      vertex 90 84.4389 29.2932
      vertex 90 84.6531 29.3469
    endloop
  endfacet
  facet normal 0 -0.243175 0.969982
    outer loop
      vertex 90 84.4389 29.2932
      vertex 82 84.6531 29.3469
      vertex 82 84.4389 29.2932
    endloop
  endfacet
  facet normal 0 0.595498 -0.803357
    outer loop
      vertex 82 82.5726 33.2393
      vertex 90 82.75 33.3708
      vertex 90 82.5726 33.2393
    endloop
  endfacet
  facet normal 0 0.595498 -0.803357
    outer loop
      vertex 90 82.75 33.3708
      vertex 82 82.5726 33.2393
      vertex 82 82.75 33.3708
    endloop
  endfacet
  facet normal 0 -0.671613 -0.740902
    outer loop
      vertex 82 85.4274 33.2393
      vertex 90 85.591 33.091
      vertex 90 85.4274 33.2393
    endloop
  endfacet
  facet normal -0 -0.671613 -0.740902
    outer loop
      vertex 90 85.591 33.091
      vertex 82 85.4274 33.2393
      vertex 82 85.591 33.091
    endloop
  endfacet
  facet normal 0 -0.941527 -0.336939
    outer loop
      vertex 82 86.1531 32.1531
      vertex 90 86.0787 32.361
      vertex 82 86.0787 32.361
    endloop
  endfacet
  facet normal 0 -0.941527 -0.336939
    outer loop
      vertex 90 86.0787 32.361
      vertex 82 86.1531 32.1531
      vertex 90 86.1531 32.1531
    endloop
  endfacet
  facet normal 0 0.671613 -0.740902
    outer loop
      vertex 82 82.409 33.091
      vertex 90 82.5726 33.2393
      vertex 90 82.409 33.091
    endloop
  endfacet
  facet normal 0 0.671613 -0.740902
    outer loop
      vertex 90 82.5726 33.2393
      vertex 82 82.409 33.091
      vertex 82 82.5726 33.2393
    endloop
  endfacet
  facet normal 0 -0.595498 -0.803357
    outer loop
      vertex 82 85.25 33.3708
      vertex 90 85.4274 33.2393
      vertex 90 85.25 33.3708
    endloop
  endfacet
  facet normal -0 -0.595498 -0.803357
    outer loop
      vertex 90 85.4274 33.2393
      vertex 82 85.25 33.3708
      vertex 82 85.4274 33.2393
    endloop
  endfacet
  facet normal -0 0.243175 0.969982
    outer loop
      vertex 82 83.5611 29.2932
      vertex 90 83.3469 29.3469
      vertex 90 83.5611 29.2932
    endloop
  endfacet
  facet normal 0 0.243175 0.969982
    outer loop
      vertex 90 83.3469 29.3469
      vertex 82 83.5611 29.2932
      vertex 82 83.3469 29.3469
    endloop
  endfacet
  facet normal -0 0.595498 0.803357
    outer loop
      vertex 82 82.75 29.6292
      vertex 90 82.5726 29.7607
      vertex 90 82.75 29.6292
    endloop
  endfacet
  facet normal 0 0.595498 0.803357
    outer loop
      vertex 90 82.5726 29.7607
      vertex 82 82.75 29.6292
      vertex 82 82.5726 29.7607
    endloop
  endfacet
  facet normal 0 -0.989184 -0.14668
    outer loop
      vertex 82 86.2392 31.7205
      vertex 90 86.2068 31.939
      vertex 82 86.2068 31.939
    endloop
  endfacet
  facet normal 0 -0.989184 -0.14668
    outer loop
      vertex 90 86.2068 31.939
      vertex 82 86.2392 31.7205
      vertex 90 86.2392 31.7205
    endloop
  endfacet
  facet normal -0 0.146746 0.989174
    outer loop
      vertex 82 83.7795 29.2608
      vertex 90 83.5611 29.2932
      vertex 90 83.7795 29.2608
    endloop
  endfacet
  facet normal 0 0.146746 0.989174
    outer loop
      vertex 90 83.5611 29.2932
      vertex 82 83.7795 29.2608
      vertex 82 83.5611 29.2932
    endloop
  endfacet
  facet normal 0 0.803357 0.595498
    outer loop
      vertex 90 82.2607 30.0726
      vertex 82 82.1292 30.25
      vertex 90 82.1292 30.25
    endloop
  endfacet
  facet normal 0 0.803357 0.595498
    outer loop
      vertex 82 82.1292 30.25
      vertex 90 82.2607 30.0726
      vertex 82 82.2607 30.0726
    endloop
  endfacet
  facet normal 0 0.803357 -0.595498
    outer loop
      vertex 90 82.1292 32.75
      vertex 82 82.2607 32.9274
      vertex 90 82.2607 32.9274
    endloop
  endfacet
  facet normal 0 0.803357 -0.595498
    outer loop
      vertex 82 82.2607 32.9274
      vertex 90 82.1292 32.75
      vertex 82 82.1292 32.75
    endloop
  endfacet
  facet normal 0 0.941527 0.336939
    outer loop
      vertex 90 81.9213 30.639
      vertex 82 81.8469 30.8469
      vertex 90 81.8469 30.8469
    endloop
  endfacet
  facet normal 0 0.941527 0.336939
    outer loop
      vertex 82 81.8469 30.8469
      vertex 90 81.9213 30.639
      vertex 82 81.9213 30.639
    endloop
  endfacet
  facet normal 0 0.969956 0.243282
    outer loop
      vertex 90 81.8469 30.8469
      vertex 82 81.7932 31.061
      vertex 90 81.7932 31.061
    endloop
  endfacet
  facet normal 0 0.969956 0.243282
    outer loop
      vertex 82 81.7932 31.061
      vertex 90 81.8469 30.8469
      vertex 82 81.8469 30.8469
    endloop
  endfacet
  facet normal 0 0.989184 0.14668
    outer loop
      vertex 90 81.7932 31.061
      vertex 82 81.7608 31.2795
      vertex 90 81.7608 31.2795
    endloop
  endfacet
  facet normal 0 0.989184 0.14668
    outer loop
      vertex 82 81.7608 31.2795
      vertex 90 81.7932 31.061
      vertex 82 81.7932 31.061
    endloop
  endfacet
  facet normal 0 0.903996 0.427541
    outer loop
      vertex 90 82.0157 30.4394
      vertex 82 81.9213 30.639
      vertex 90 81.9213 30.639
    endloop
  endfacet
  facet normal 0 0.903996 0.427541
    outer loop
      vertex 82 81.9213 30.639
      vertex 90 82.0157 30.4394
      vertex 82 82.0157 30.4394
    endloop
  endfacet
  facet normal 0 0.803357 0.595498
    outer loop
      vertex 90 82.2607 67.0726
      vertex 82 82.1292 67.25
      vertex 90 82.1292 67.25
    endloop
  endfacet
  facet normal 0 0.803357 0.595498
    outer loop
      vertex 82 82.1292 67.25
      vertex 90 82.2607 67.0726
      vertex 82 82.2607 67.0726
    endloop
  endfacet
  facet normal 0 -0.0489209 -0.998803
    outer loop
      vertex 82 84 70.75
      vertex 90 84.2205 70.7392
      vertex 90 84 70.75
    endloop
  endfacet
  facet normal -0 -0.0489209 -0.998803
    outer loop
      vertex 90 84.2205 70.7392
      vertex 82 84 70.75
      vertex 82 84.2205 70.7392
    endloop
  endfacet
  facet normal 0 0.857773 0.514029
    outer loop
      vertex 90 82.1292 67.25
      vertex 82 82.0157 67.4394
      vertex 90 82.0157 67.4394
    endloop
  endfacet
  facet normal 0 0.857773 0.514029
    outer loop
      vertex 82 82.0157 67.4394
      vertex 90 82.1292 67.25
      vertex 82 82.1292 67.25
    endloop
  endfacet
  facet normal -0 0.595498 0.803357
    outer loop
      vertex 82 82.75 66.6292
      vertex 90 82.5726 66.7607
      vertex 90 82.75 66.6292
    endloop
  endfacet
  facet normal 0 0.595498 0.803357
    outer loop
      vertex 90 82.5726 66.7607
      vertex 82 82.75 66.6292
      vertex 82 82.5726 66.7607
    endloop
  endfacet
  facet normal 0 -0.146746 -0.989174
    outer loop
      vertex 82 84.2205 70.7392
      vertex 90 84.4389 70.7068
      vertex 90 84.2205 70.7392
    endloop
  endfacet
  facet normal -0 -0.146746 -0.989174
    outer loop
      vertex 90 84.4389 70.7068
      vertex 82 84.2205 70.7392
      vertex 82 84.4389 70.7068
    endloop
  endfacet
  facet normal -0 0.243175 0.969982
    outer loop
      vertex 82 83.5611 66.2932
      vertex 90 83.3469 66.3469
      vertex 90 83.5611 66.2932
    endloop
  endfacet
  facet normal 0 0.243175 0.969982
    outer loop
      vertex 90 83.3469 66.3469
      vertex 82 83.5611 66.2932
      vertex 82 83.3469 66.3469
    endloop
  endfacet
  facet normal 0 0.903996 -0.427541
    outer loop
      vertex 90 81.9213 69.361
      vertex 82 82.0157 69.5606
      vertex 90 82.0157 69.5606
    endloop
  endfacet
  facet normal 0 0.903996 -0.427541
    outer loop
      vertex 82 82.0157 69.5606
      vertex 90 81.9213 69.361
      vertex 82 81.9213 69.361
    endloop
  endfacet
  facet normal 0 -0.857773 -0.514029
    outer loop
      vertex 82 85.9843 69.5606
      vertex 90 85.8708 69.75
      vertex 82 85.8708 69.75
    endloop
  endfacet
  facet normal 0 -0.857773 -0.514029
    outer loop
      vertex 90 85.8708 69.75
      vertex 82 85.9843 69.5606
      vertex 90 85.9843 69.5606
    endloop
  endfacet
  facet normal 0 -0.969982 0.243175
    outer loop
      vertex 82 86.1531 67.8469
      vertex 90 86.2068 68.0611
      vertex 82 86.2068 68.0611
    endloop
  endfacet
  facet normal 0 -0.969982 0.243175
    outer loop
      vertex 90 86.2068 68.0611
      vertex 82 86.1531 67.8469
      vertex 90 86.1531 67.8469
    endloop
  endfacet
  facet normal 0 -0.595498 0.803357
    outer loop
      vertex 82 85.4274 66.7607
      vertex 90 85.25 66.6292
      vertex 90 85.4274 66.7607
    endloop
  endfacet
  facet normal 0 -0.595498 0.803357
    outer loop
      vertex 90 85.25 66.6292
      vertex 82 85.4274 66.7607
      vertex 82 85.25 66.6292
    endloop
  endfacet
  facet normal 0 -0.427541 -0.903996
    outer loop
      vertex 82 84.861 70.5787
      vertex 90 85.0606 70.4843
      vertex 90 84.861 70.5787
    endloop
  endfacet
  facet normal -0 -0.427541 -0.903996
    outer loop
      vertex 90 85.0606 70.4843
      vertex 82 84.861 70.5787
      vertex 82 85.0606 70.4843
    endloop
  endfacet
  facet normal 0 -0.243175 -0.969982
    outer loop
      vertex 82 84.4389 70.7068
      vertex 90 84.6531 70.6531
      vertex 90 84.4389 70.7068
    endloop
  endfacet
  facet normal -0 -0.243175 -0.969982
    outer loop
      vertex 90 84.6531 70.6531
      vertex 82 84.4389 70.7068
      vertex 82 84.6531 70.6531
    endloop
  endfacet
  facet normal 0 -0.989174 0.146746
    outer loop
      vertex 82 86.2068 68.0611
      vertex 90 86.2392 68.2795
      vertex 82 86.2392 68.2795
    endloop
  endfacet
  facet normal 0 -0.989174 0.146746
    outer loop
      vertex 90 86.2392 68.2795
      vertex 82 86.2068 68.0611
      vertex 90 86.2068 68.0611
    endloop
  endfacet
  facet normal 0 -0.0489209 0.998803
    outer loop
      vertex 82 84.2205 66.2608
      vertex 90 84 66.25
      vertex 90 84.2205 66.2608
    endloop
  endfacet
  facet normal 0 -0.0489209 0.998803
    outer loop
      vertex 90 84 66.25
      vertex 82 84.2205 66.2608
      vertex 82 84 66.25
    endloop
  endfacet
  facet normal 0 -0.803357 -0.595498
    outer loop
      vertex 82 85.8708 69.75
      vertex 90 85.7393 69.9274
      vertex 82 85.7393 69.9274
    endloop
  endfacet
  facet normal 0 -0.803357 -0.595498
    outer loop
      vertex 90 85.7393 69.9274
      vertex 82 85.8708 69.75
      vertex 90 85.8708 69.75
    endloop
  endfacet
  facet normal -0 0.336939 0.941527
    outer loop
      vertex 82 83.3469 66.3469
      vertex 90 83.139 66.4213
      vertex 90 83.3469 66.3469
    endloop
  endfacet
  facet normal 0 0.336939 0.941527
    outer loop
      vertex 90 83.139 66.4213
      vertex 82 83.3469 66.3469
      vertex 82 83.139 66.4213
    endloop
  endfacet
  facet normal 0 -0.903996 -0.427541
    outer loop
      vertex 82 86.0787 69.361
      vertex 90 85.9843 69.5606
      vertex 82 85.9843 69.5606
    endloop
  endfacet
  facet normal 0 -0.903996 -0.427541
    outer loop
      vertex 90 85.9843 69.5606
      vertex 82 86.0787 69.361
      vertex 90 86.0787 69.361
    endloop
  endfacet
  facet normal 0 0.243175 -0.969982
    outer loop
      vertex 82 83.3469 70.6531
      vertex 90 83.5611 70.7068
      vertex 90 83.3469 70.6531
    endloop
  endfacet
  facet normal 0 0.243175 -0.969982
    outer loop
      vertex 90 83.5611 70.7068
      vertex 82 83.3469 70.6531
      vertex 82 83.5611 70.7068
    endloop
  endfacet
  facet normal 0 -0.941527 -0.336939
    outer loop
      vertex 82 86.1531 69.1531
      vertex 90 86.0787 69.361
      vertex 82 86.0787 69.361
    endloop
  endfacet
  facet normal 0 -0.941527 -0.336939
    outer loop
      vertex 90 86.0787 69.361
      vertex 82 86.1531 69.1531
      vertex 90 86.1531 69.1531
    endloop
  endfacet
  facet normal 0 0.803357 -0.595498
    outer loop
      vertex 90 82.1292 69.75
      vertex 82 82.2607 69.9274
      vertex 90 82.2607 69.9274
    endloop
  endfacet
  facet normal 0 0.803357 -0.595498
    outer loop
      vertex 82 82.2607 69.9274
      vertex 90 82.1292 69.75
      vertex 82 82.1292 69.75
    endloop
  endfacet
  facet normal 0 0.740902 -0.671613
    outer loop
      vertex 90 82.2607 69.9274
      vertex 82 82.409 70.091
      vertex 90 82.409 70.091
    endloop
  endfacet
  facet normal 0 0.740902 -0.671613
    outer loop
      vertex 82 82.409 70.091
      vertex 90 82.2607 69.9274
      vertex 82 82.2607 69.9274
    endloop
  endfacet
  facet normal 0 0.941527 0.336939
    outer loop
      vertex 90 81.9213 67.639
      vertex 82 81.8469 67.8469
      vertex 90 81.8469 67.8469
    endloop
  endfacet
  facet normal 0 0.941527 0.336939
    outer loop
      vertex 82 81.8469 67.8469
      vertex 90 81.9213 67.639
      vertex 82 81.9213 67.639
    endloop
  endfacet
  facet normal 0 0.969982 -0.243175
    outer loop
      vertex 90 81.7932 68.9389
      vertex 82 81.8469 69.1531
      vertex 90 81.8469 69.1531
    endloop
  endfacet
  facet normal 0 0.969982 -0.243175
    outer loop
      vertex 82 81.8469 69.1531
      vertex 90 81.7932 68.9389
      vertex 82 81.7932 68.9389
    endloop
  endfacet
  facet normal 0 -0.336939 -0.941527
    outer loop
      vertex 82 84.6531 70.6531
      vertex 90 84.861 70.5787
      vertex 90 84.6531 70.6531
    endloop
  endfacet
  facet normal -0 -0.336939 -0.941527
    outer loop
      vertex 90 84.861 70.5787
      vertex 82 84.6531 70.6531
      vertex 82 84.861 70.5787
    endloop
  endfacet
  facet normal 0 -0.969982 -0.243175
    outer loop
      vertex 82 86.2068 68.9389
      vertex 90 86.1531 69.1531
      vertex 82 86.1531 69.1531
    endloop
  endfacet
  facet normal 0 -0.969982 -0.243175
    outer loop
      vertex 90 86.1531 69.1531
      vertex 82 86.2068 68.9389
      vertex 90 86.2068 68.9389
    endloop
  endfacet
  facet normal 0 -0.941527 0.336939
    outer loop
      vertex 82 86.0787 67.639
      vertex 90 86.1531 67.8469
      vertex 82 86.1531 67.8469
    endloop
  endfacet
  facet normal 0 -0.941527 0.336939
    outer loop
      vertex 90 86.1531 67.8469
      vertex 82 86.0787 67.639
      vertex 90 86.0787 67.639
    endloop
  endfacet
  facet normal -0 0.514029 0.857773
    outer loop
      vertex 82 82.9394 66.5157
      vertex 90 82.75 66.6292
      vertex 90 82.9394 66.5157
    endloop
  endfacet
  facet normal 0 0.514029 0.857773
    outer loop
      vertex 90 82.75 66.6292
      vertex 82 82.9394 66.5157
      vertex 82 82.75 66.6292
    endloop
  endfacet
  facet normal 0 -0.740902 0.671613
    outer loop
      vertex 82 85.591 66.909
      vertex 90 85.7393 67.0726
      vertex 82 85.7393 67.0726
    endloop
  endfacet
  facet normal 0 -0.740902 0.671613
    outer loop
      vertex 90 85.7393 67.0726
      vertex 82 85.591 66.909
      vertex 90 85.591 66.909
    endloop
  endfacet
  facet normal 0 0.0489209 -0.998803
    outer loop
      vertex 82 83.7795 70.7392
      vertex 90 84 70.75
      vertex 90 83.7795 70.7392
    endloop
  endfacet
  facet normal 0 0.0489209 -0.998803
    outer loop
      vertex 90 84 70.75
      vertex 82 83.7795 70.7392
      vertex 82 84 70.75
    endloop
  endfacet
  facet normal 0 0.146746 -0.989174
    outer loop
      vertex 82 83.5611 70.7068
      vertex 90 83.7795 70.7392
      vertex 90 83.5611 70.7068
    endloop
  endfacet
  facet normal 0 0.146746 -0.989174
    outer loop
      vertex 90 83.7795 70.7392
      vertex 82 83.5611 70.7068
      vertex 82 83.7795 70.7392
    endloop
  endfacet
  facet normal 0 0.514029 -0.857773
    outer loop
      vertex 82 82.75 70.3708
      vertex 90 82.9394 70.4843
      vertex 90 82.75 70.3708
    endloop
  endfacet
  facet normal 0 0.514029 -0.857773
    outer loop
      vertex 90 82.9394 70.4843
      vertex 82 82.75 70.3708
      vertex 82 82.9394 70.4843
    endloop
  endfacet
  facet normal 0 -0.671613 -0.740902
    outer loop
      vertex 82 85.4274 70.2393
      vertex 90 85.591 70.091
      vertex 90 85.4274 70.2393
    endloop
  endfacet
  facet normal -0 -0.671613 -0.740902
    outer loop
      vertex 90 85.591 70.091
      vertex 82 85.4274 70.2393
      vertex 82 85.591 70.091
    endloop
  endfacet
  facet normal 0 0.857773 -0.514029
    outer loop
      vertex 90 82.0157 69.5606
      vertex 82 82.1292 69.75
      vertex 90 82.1292 69.75
    endloop
  endfacet
  facet normal 0 0.857773 -0.514029
    outer loop
      vertex 82 82.1292 69.75
      vertex 90 82.0157 69.5606
      vertex 82 82.0157 69.5606
    endloop
  endfacet
  facet normal 0 -0.595498 -0.803357
    outer loop
      vertex 82 85.25 70.3708
      vertex 90 85.4274 70.2393
      vertex 90 85.25 70.3708
    endloop
  endfacet
  facet normal -0 -0.595498 -0.803357
    outer loop
      vertex 90 85.4274 70.2393
      vertex 82 85.25 70.3708
      vertex 82 85.4274 70.2393
    endloop
  endfacet
  facet normal 0 -0.243175 0.969982
    outer loop
      vertex 82 84.6531 66.3469
      vertex 90 84.4389 66.2932
      vertex 90 84.6531 66.3469
    endloop
  endfacet
  facet normal 0 -0.243175 0.969982
    outer loop
      vertex 90 84.4389 66.2932
      vertex 82 84.6531 66.3469
      vertex 82 84.4389 66.2932
    endloop
  endfacet
  facet normal 0 -0.903996 0.427541
    outer loop
      vertex 82 85.9843 67.4394
      vertex 90 86.0787 67.639
      vertex 82 86.0787 67.639
    endloop
  endfacet
  facet normal 0 -0.903996 0.427541
    outer loop
      vertex 90 86.0787 67.639
      vertex 82 85.9843 67.4394
      vertex 90 85.9843 67.4394
    endloop
  endfacet
  facet normal 0 0.595498 -0.803357
    outer loop
      vertex 82 82.5726 70.2393
      vertex 90 82.75 70.3708
      vertex 90 82.5726 70.2393
    endloop
  endfacet
  facet normal 0 0.595498 -0.803357
    outer loop
      vertex 90 82.75 70.3708
      vertex 82 82.5726 70.2393
      vertex 82 82.75 70.3708
    endloop
  endfacet
  facet normal 0 -0.989174 -0.146746
    outer loop
      vertex 82 86.2392 68.7205
      vertex 90 86.2068 68.9389
      vertex 82 86.2068 68.9389
    endloop
  endfacet
  facet normal 0 -0.989174 -0.146746
    outer loop
      vertex 90 86.2068 68.9389
      vertex 82 86.2392 68.7205
      vertex 90 86.2392 68.7205
    endloop
  endfacet
  facet normal 0 -0.514029 -0.857773
    outer loop
      vertex 82 85.0606 70.4843
      vertex 90 85.25 70.3708
      vertex 90 85.0606 70.4843
    endloop
  endfacet
  facet normal -0 -0.514029 -0.857773
    outer loop
      vertex 90 85.25 70.3708
      vertex 82 85.0606 70.4843
      vertex 82 85.25 70.3708
    endloop
  endfacet
  facet normal 0 -0.803357 0.595498
    outer loop
      vertex 82 85.7393 67.0726
      vertex 90 85.8708 67.25
      vertex 82 85.8708 67.25
    endloop
  endfacet
  facet normal 0 -0.803357 0.595498
    outer loop
      vertex 90 85.8708 67.25
      vertex 82 85.7393 67.0726
      vertex 90 85.7393 67.0726
    endloop
  endfacet
  facet normal 0 0.998803 0.0489209
    outer loop
      vertex 90 81.7608 68.2795
      vertex 82 81.75 68.5
      vertex 90 81.75 68.5
    endloop
  endfacet
  facet normal 0 0.998803 0.0489209
    outer loop
      vertex 82 81.75 68.5
      vertex 90 81.7608 68.2795
      vertex 82 81.7608 68.2795
    endloop
  endfacet
  facet normal 0 0.671613 -0.740902
    outer loop
      vertex 82 82.409 70.091
      vertex 90 82.5726 70.2393
      vertex 90 82.409 70.091
    endloop
  endfacet
  facet normal 0 0.671613 -0.740902
    outer loop
      vertex 90 82.5726 70.2393
      vertex 82 82.409 70.091
      vertex 82 82.5726 70.2393
    endloop
  endfacet
  facet normal 0 -0.998803 0.0489209
    outer loop
      vertex 82 86.2392 68.2795
      vertex 90 86.25 68.5
      vertex 82 86.25 68.5
    endloop
  endfacet
  facet normal 0 -0.998803 0.0489209
    outer loop
      vertex 90 86.25 68.5
      vertex 82 86.2392 68.2795
      vertex 90 86.2392 68.2795
    endloop
  endfacet
  facet normal 0 0.989174 -0.146746
    outer loop
      vertex 90 81.7608 68.7205
      vertex 82 81.7932 68.9389
      vertex 90 81.7932 68.9389
    endloop
  endfacet
  facet normal 0 0.989174 -0.146746
    outer loop
      vertex 82 81.7932 68.9389
      vertex 90 81.7608 68.7205
      vertex 82 81.7608 68.7205
    endloop
  endfacet
  facet normal 0 0.969982 0.243175
    outer loop
      vertex 90 81.8469 67.8469
      vertex 82 81.7932 68.0611
      vertex 90 81.7932 68.0611
    endloop
  endfacet
  facet normal 0 0.969982 0.243175
    outer loop
      vertex 82 81.7932 68.0611
      vertex 90 81.8469 67.8469
      vertex 82 81.8469 67.8469
    endloop
  endfacet
  facet normal 0 -0.740902 -0.671613
    outer loop
      vertex 82 85.7393 69.9274
      vertex 90 85.591 70.091
      vertex 82 85.591 70.091
    endloop
  endfacet
  facet normal 0 -0.740902 -0.671613
    outer loop
      vertex 90 85.591 70.091
      vertex 82 85.7393 69.9274
      vertex 90 85.7393 69.9274
    endloop
  endfacet
  facet normal 0 -0.998803 -0.0489209
    outer loop
      vertex 82 86.25 68.5
      vertex 90 86.2392 68.7205
      vertex 82 86.2392 68.7205
    endloop
  endfacet
  facet normal 0 -0.998803 -0.0489209
    outer loop
      vertex 90 86.2392 68.7205
      vertex 82 86.25 68.5
      vertex 90 86.25 68.5
    endloop
  endfacet
  facet normal -0 0.427541 0.903996
    outer loop
      vertex 82 83.139 66.4213
      vertex 90 82.9394 66.5157
      vertex 90 83.139 66.4213
    endloop
  endfacet
  facet normal 0 0.427541 0.903996
    outer loop
      vertex 90 82.9394 66.5157
      vertex 82 83.139 66.4213
      vertex 82 82.9394 66.5157
    endloop
  endfacet
  facet normal 0 -0.671613 0.740902
    outer loop
      vertex 82 85.591 66.909
      vertex 90 85.4274 66.7607
      vertex 90 85.591 66.909
    endloop
  endfacet
  facet normal 0 -0.671613 0.740902
    outer loop
      vertex 90 85.4274 66.7607
      vertex 82 85.591 66.909
      vertex 82 85.4274 66.7607
    endloop
  endfacet
  facet normal 0 0.998803 -0.0489209
    outer loop
      vertex 90 81.75 68.5
      vertex 82 81.7608 68.7205
      vertex 90 81.7608 68.7205
    endloop
  endfacet
  facet normal 0 0.998803 -0.0489209
    outer loop
      vertex 82 81.7608 68.7205
      vertex 90 81.75 68.5
      vertex 82 81.75 68.5
    endloop
  endfacet
  facet normal 0 0.989174 0.146746
    outer loop
      vertex 90 81.7932 68.0611
      vertex 82 81.7608 68.2795
      vertex 90 81.7608 68.2795
    endloop
  endfacet
  facet normal 0 0.989174 0.146746
    outer loop
      vertex 82 81.7608 68.2795
      vertex 90 81.7932 68.0611
      vertex 82 81.7932 68.0611
    endloop
  endfacet
  facet normal -0 0.0489209 0.998803
    outer loop
      vertex 82 84 66.25
      vertex 90 83.7795 66.2608
      vertex 90 84 66.25
    endloop
  endfacet
  facet normal 0 0.0489209 0.998803
    outer loop
      vertex 90 83.7795 66.2608
      vertex 82 84 66.25
      vertex 82 83.7795 66.2608
    endloop
  endfacet
  facet normal -0 0.671613 0.740902
    outer loop
      vertex 82 82.5726 66.7607
      vertex 90 82.409 66.909
      vertex 90 82.5726 66.7607
    endloop
  endfacet
  facet normal 0 0.671613 0.740902
    outer loop
      vertex 90 82.409 66.909
      vertex 82 82.5726 66.7607
      vertex 82 82.409 66.909
    endloop
  endfacet
  facet normal 0 0.740902 0.671613
    outer loop
      vertex 90 82.409 66.909
      vertex 82 82.2607 67.0726
      vertex 90 82.2607 67.0726
    endloop
  endfacet
  facet normal 0 0.740902 0.671613
    outer loop
      vertex 82 82.2607 67.0726
      vertex 90 82.409 66.909
      vertex 82 82.409 66.909
    endloop
  endfacet
  facet normal 0 0.903996 0.427541
    outer loop
      vertex 90 82.0157 67.4394
      vertex 82 81.9213 67.639
      vertex 90 81.9213 67.639
    endloop
  endfacet
  facet normal 0 0.903996 0.427541
    outer loop
      vertex 82 81.9213 67.639
      vertex 90 82.0157 67.4394
      vertex 82 82.0157 67.4394
    endloop
  endfacet
  facet normal -0 0.146746 0.989174
    outer loop
      vertex 82 83.7795 66.2608
      vertex 90 83.5611 66.2932
      vertex 90 83.7795 66.2608
    endloop
  endfacet
  facet normal 0 0.146746 0.989174
    outer loop
      vertex 90 83.5611 66.2932
      vertex 82 83.7795 66.2608
      vertex 82 83.5611 66.2932
    endloop
  endfacet
  facet normal 0 0.941527 -0.336939
    outer loop
      vertex 90 81.8469 69.1531
      vertex 82 81.9213 69.361
      vertex 90 81.9213 69.361
    endloop
  endfacet
  facet normal 0 0.941527 -0.336939
    outer loop
      vertex 82 81.9213 69.361
      vertex 90 81.8469 69.1531
      vertex 82 81.8469 69.1531
    endloop
  endfacet
  facet normal 0 0.427541 -0.903996
    outer loop
      vertex 82 82.9394 70.4843
      vertex 90 83.139 70.5787
      vertex 90 82.9394 70.4843
    endloop
  endfacet
  facet normal 0 0.427541 -0.903996
    outer loop
      vertex 90 83.139 70.5787
      vertex 82 82.9394 70.4843
      vertex 82 83.139 70.5787
    endloop
  endfacet
  facet normal 0 0.336939 -0.941527
    outer loop
      vertex 82 83.139 70.5787
      vertex 90 83.3469 70.6531
      vertex 90 83.139 70.5787
    endloop
  endfacet
  facet normal 0 0.336939 -0.941527
    outer loop
      vertex 90 83.3469 70.6531
      vertex 82 83.139 70.5787
      vertex 82 83.3469 70.6531
    endloop
  endfacet
  facet normal 0 -0.857773 0.514029
    outer loop
      vertex 82 85.8708 67.25
      vertex 90 85.9843 67.4394
      vertex 82 85.9843 67.4394
    endloop
  endfacet
  facet normal 0 -0.857773 0.514029
    outer loop
      vertex 90 85.9843 67.4394
      vertex 82 85.8708 67.25
      vertex 90 85.8708 67.25
    endloop
  endfacet
  facet normal 0 -0.146746 0.989174
    outer loop
      vertex 82 84.4389 66.2932
      vertex 90 84.2205 66.2608
      vertex 90 84.4389 66.2932
    endloop
  endfacet
  facet normal 0 -0.146746 0.989174
    outer loop
      vertex 90 84.2205 66.2608
      vertex 82 84.4389 66.2932
      vertex 82 84.2205 66.2608
    endloop
  endfacet
  facet normal 0 -0.427541 0.903996
    outer loop
      vertex 82 85.0606 66.5157
      vertex 90 84.861 66.4213
      vertex 90 85.0606 66.5157
    endloop
  endfacet
  facet normal 0 -0.427541 0.903996
    outer loop
      vertex 90 84.861 66.4213
      vertex 82 85.0606 66.5157
      vertex 82 84.861 66.4213
    endloop
  endfacet
  facet normal 0 -0.514029 0.857773
    outer loop
      vertex 82 85.25 66.6292
      vertex 90 85.0606 66.5157
      vertex 90 85.25 66.6292
    endloop
  endfacet
  facet normal 0 -0.514029 0.857773
    outer loop
      vertex 90 85.0606 66.5157
      vertex 82 85.25 66.6292
      vertex 82 85.0606 66.5157
    endloop
  endfacet
  facet normal 0 -0.336939 0.941527
    outer loop
      vertex 82 84.861 66.4213
      vertex 90 84.6531 66.3469
      vertex 90 84.861 66.4213
    endloop
  endfacet
  facet normal 0 -0.336939 0.941527
    outer loop
      vertex 90 84.6531 66.3469
      vertex 82 84.861 66.4213
      vertex 82 84.6531 66.3469
    endloop
  endfacet
  facet normal -0.336829 0 0.941566
    outer loop
      vertex 38.7983 6 17.3684
      vertex 39.0524 0 17.4593
      vertex 39.0524 6 17.4593
    endloop
  endfacet
  facet normal -0.336829 0 0.941566
    outer loop
      vertex 39.0524 0 17.4593
      vertex 38.7983 6 17.3684
      vertex 38.7983 0 17.3684
    endloop
  endfacet
  facet normal -0.14671 0 -0.98918
    outer loop
      vertex 38.2695 0 22.7368
      vertex 38.5365 6 22.6972
      vertex 38.5365 0 22.6972
    endloop
  endfacet
  facet normal -0.14671 0 -0.98918
    outer loop
      vertex 38.5365 6 22.6972
      vertex 38.2695 0 22.7368
      vertex 38.2695 6 22.7368
    endloop
  endfacet
  facet normal -0.0489209 0 -0.998803
    outer loop
      vertex 38 0 22.75
      vertex 38.2695 6 22.7368
      vertex 38.2695 0 22.7368
    endloop
  endfacet
  facet normal -0.0489209 0 -0.998803
    outer loop
      vertex 38.2695 6 22.7368
      vertex 38 0 22.75
      vertex 38 6 22.75
    endloop
  endfacet
  facet normal -0.243059 0 -0.970012
    outer loop
      vertex 38.5365 0 22.6972
      vertex 38.7983 6 22.6316
      vertex 38.7983 0 22.6316
    endloop
  endfacet
  facet normal -0.243059 0 -0.970012
    outer loop
      vertex 38.7983 6 22.6316
      vertex 38.5365 0 22.6972
      vertex 38.5365 6 22.6972
    endloop
  endfacet
  facet normal -0.970012 0 0.243059
    outer loop
      vertex 40.6316 0 19.2017
      vertex 40.6972 6 19.4635
      vertex 40.6316 6 19.2017
    endloop
  endfacet
  facet normal -0.970012 0 0.243059
    outer loop
      vertex 40.6972 6 19.4635
      vertex 40.6316 0 19.2017
      vertex 40.6972 0 19.4635
    endloop
  endfacet
  facet normal 0.336829 0 0.941566
    outer loop
      vertex 36.9476 6 17.4593
      vertex 37.2017 0 17.3684
      vertex 37.2017 6 17.3684
    endloop
  endfacet
  facet normal 0.336829 0 0.941566
    outer loop
      vertex 37.2017 0 17.3684
      vertex 36.9476 6 17.4593
      vertex 36.9476 0 17.4593
    endloop
  endfacet
  facet normal -0.857656 0 -0.514223
    outer loop
      vertex 40.4253 0 21.2963
      vertex 40.2865 6 21.5278
      vertex 40.4253 6 21.2963
    endloop
  endfacet
  facet normal -0.857656 -0 -0.514223
    outer loop
      vertex 40.2865 6 21.5278
      vertex 40.4253 0 21.2963
      vertex 40.2865 0 21.5278
    endloop
  endfacet
  facet normal 0.857656 0 -0.514223
    outer loop
      vertex 35.7135 0 21.5278
      vertex 35.5747 6 21.2963
      vertex 35.7135 6 21.5278
    endloop
  endfacet
  facet normal 0.857656 0 -0.514223
    outer loop
      vertex 35.5747 6 21.2963
      vertex 35.7135 0 21.5278
      vertex 35.5747 0 21.2963
    endloop
  endfacet
  facet normal 0.998803 -0 0.0489209
    outer loop
      vertex 35.25 0 20
      vertex 35.2632 6 19.7305
      vertex 35.25 6 20
    endloop
  endfacet
  facet normal 0.998803 0 0.0489209
    outer loop
      vertex 35.2632 6 19.7305
      vertex 35.25 0 20
      vertex 35.2632 0 19.7305
    endloop
  endfacet
  facet normal 0.941566 0 -0.336829
    outer loop
      vertex 35.4593 0 21.0524
      vertex 35.3684 6 20.7983
      vertex 35.4593 6 21.0524
    endloop
  endfacet
  facet normal 0.941566 0 -0.336829
    outer loop
      vertex 35.3684 6 20.7983
      vertex 35.4593 0 21.0524
      vertex 35.3684 0 20.7983
    endloop
  endfacet
  facet normal 0.427688 0 0.903926
    outer loop
      vertex 36.7037 6 17.5747
      vertex 36.9476 0 17.4593
      vertex 36.9476 6 17.4593
    endloop
  endfacet
  facet normal 0.427688 0 0.903926
    outer loop
      vertex 36.9476 0 17.4593
      vertex 36.7037 6 17.5747
      vertex 36.7037 0 17.5747
    endloop
  endfacet
  facet normal -0.740728 0 0.671805
    outer loop
      vertex 39.9445 0 18.0555
      vertex 40.1258 6 18.2554
      vertex 39.9445 6 18.0555
    endloop
  endfacet
  facet normal -0.740728 0 0.671805
    outer loop
      vertex 40.1258 6 18.2554
      vertex 39.9445 0 18.0555
      vertex 40.1258 0 18.2554
    endloop
  endfacet
  facet normal 0.998803 0 -0.0489209
    outer loop
      vertex 35.2632 0 20.2695
      vertex 35.25 6 20
      vertex 35.2632 6 20.2695
    endloop
  endfacet
  facet normal 0.998803 0 -0.0489209
    outer loop
      vertex 35.25 6 20
      vertex 35.2632 0 20.2695
      vertex 35.25 0 20
    endloop
  endfacet
  facet normal 0.514223 0 0.857656
    outer loop
      vertex 36.4722 6 17.7135
      vertex 36.7037 0 17.5747
      vertex 36.7037 6 17.5747
    endloop
  endfacet
  facet normal 0.514223 0 0.857656
    outer loop
      vertex 36.7037 0 17.5747
      vertex 36.4722 6 17.7135
      vertex 36.4722 0 17.7135
    endloop
  endfacet
  facet normal -0.595485 0 0.803367
    outer loop
      vertex 39.5278 6 17.7135
      vertex 39.7446 0 17.8742
      vertex 39.7446 6 17.8742
    endloop
  endfacet
  facet normal -0.595485 0 0.803367
    outer loop
      vertex 39.7446 0 17.8742
      vertex 39.5278 6 17.7135
      vertex 39.5278 0 17.7135
    endloop
  endfacet
  facet normal -0.803367 0 0.595485
    outer loop
      vertex 40.1258 0 18.2554
      vertex 40.2865 6 18.4722
      vertex 40.1258 6 18.2554
    endloop
  endfacet
  facet normal -0.803367 0 0.595485
    outer loop
      vertex 40.2865 6 18.4722
      vertex 40.1258 0 18.2554
      vertex 40.2865 0 18.4722
    endloop
  endfacet
  facet normal -0.427688 0 -0.903926
    outer loop
      vertex 39.0524 0 22.5407
      vertex 39.2963 6 22.4253
      vertex 39.2963 0 22.4253
    endloop
  endfacet
  facet normal -0.427688 0 -0.903926
    outer loop
      vertex 39.2963 6 22.4253
      vertex 39.0524 0 22.5407
      vertex 39.0524 6 22.5407
    endloop
  endfacet
  facet normal 0.0489209 0 -0.998803
    outer loop
      vertex 37.7305 0 22.7368
      vertex 38 6 22.75
      vertex 38 0 22.75
    endloop
  endfacet
  facet normal 0.0489209 0 -0.998803
    outer loop
      vertex 38 6 22.75
      vertex 37.7305 0 22.7368
      vertex 37.7305 6 22.7368
    endloop
  endfacet
  facet normal -0.803367 0 -0.595485
    outer loop
      vertex 40.2865 0 21.5278
      vertex 40.1258 6 21.7446
      vertex 40.2865 6 21.5278
    endloop
  endfacet
  facet normal -0.803367 -0 -0.595485
    outer loop
      vertex 40.1258 6 21.7446
      vertex 40.2865 0 21.5278
      vertex 40.1258 0 21.7446
    endloop
  endfacet
  facet normal 0.803367 -0 0.595485
    outer loop
      vertex 35.7135 0 18.4722
      vertex 35.8742 6 18.2554
      vertex 35.7135 6 18.4722
    endloop
  endfacet
  facet normal 0.803367 0 0.595485
    outer loop
      vertex 35.8742 6 18.2554
      vertex 35.7135 0 18.4722
      vertex 35.8742 0 18.2554
    endloop
  endfacet
  facet normal 0.595485 0 -0.803367
    outer loop
      vertex 36.2554 0 22.1258
      vertex 36.4722 6 22.2865
      vertex 36.4722 0 22.2865
    endloop
  endfacet
  facet normal 0.595485 0 -0.803367
    outer loop
      vertex 36.4722 6 22.2865
      vertex 36.2554 0 22.1258
      vertex 36.2554 6 22.1258
    endloop
  endfacet
  facet normal -0.970012 0 -0.243059
    outer loop
      vertex 40.6972 0 20.5365
      vertex 40.6316 6 20.7983
      vertex 40.6972 6 20.5365
    endloop
  endfacet
  facet normal -0.970012 -0 -0.243059
    outer loop
      vertex 40.6316 6 20.7983
      vertex 40.6972 0 20.5365
      vertex 40.6316 0 20.7983
    endloop
  endfacet
  facet normal -0.857656 0 0.514223
    outer loop
      vertex 40.2865 0 18.4722
      vertex 40.4253 6 18.7037
      vertex 40.2865 6 18.4722
    endloop
  endfacet
  facet normal -0.857656 0 0.514223
    outer loop
      vertex 40.4253 6 18.7037
      vertex 40.2865 0 18.4722
      vertex 40.4253 0 18.7037
    endloop
  endfacet
  facet normal 0.740728 -0 0.671805
    outer loop
      vertex 35.8742 0 18.2554
      vertex 36.0555 6 18.0555
      vertex 35.8742 6 18.2554
    endloop
  endfacet
  facet normal 0.740728 0 0.671805
    outer loop
      vertex 36.0555 6 18.0555
      vertex 35.8742 0 18.2554
      vertex 36.0555 0 18.0555
    endloop
  endfacet
  facet normal -0.595485 0 -0.803367
    outer loop
      vertex 39.5278 0 22.2865
      vertex 39.7446 6 22.1258
      vertex 39.7446 0 22.1258
    endloop
  endfacet
  facet normal -0.595485 0 -0.803367
    outer loop
      vertex 39.7446 6 22.1258
      vertex 39.5278 0 22.2865
      vertex 39.5278 6 22.2865
    endloop
  endfacet
  facet normal -0.98918 0 0.14671
    outer loop
      vertex 40.6972 0 19.4635
      vertex 40.7368 6 19.7305
      vertex 40.6972 6 19.4635
    endloop
  endfacet
  facet normal -0.98918 0 0.14671
    outer loop
      vertex 40.7368 6 19.7305
      vertex 40.6972 0 19.4635
      vertex 40.7368 0 19.7305
    endloop
  endfacet
  facet normal -0.998803 0 0.0489209
    outer loop
      vertex 40.7368 0 19.7305
      vertex 40.75 6 20
      vertex 40.7368 6 19.7305
    endloop
  endfacet
  facet normal -0.998803 0 0.0489209
    outer loop
      vertex 40.75 6 20
      vertex 40.7368 0 19.7305
      vertex 40.75 0 20
    endloop
  endfacet
  facet normal 0.243059 0 0.970012
    outer loop
      vertex 37.2017 6 17.3684
      vertex 37.4635 0 17.3028
      vertex 37.4635 6 17.3028
    endloop
  endfacet
  facet normal 0.243059 0 0.970012
    outer loop
      vertex 37.4635 0 17.3028
      vertex 37.2017 6 17.3684
      vertex 37.2017 0 17.3684
    endloop
  endfacet
  facet normal -0.903926 0 0.427688
    outer loop
      vertex 40.4253 0 18.7037
      vertex 40.5407 6 18.9476
      vertex 40.4253 6 18.7037
    endloop
  endfacet
  facet normal -0.903926 0 0.427688
    outer loop
      vertex 40.5407 6 18.9476
      vertex 40.4253 0 18.7037
      vertex 40.5407 0 18.9476
    endloop
  endfacet
  facet normal 0.427688 0 -0.903926
    outer loop
      vertex 36.7037 0 22.4253
      vertex 36.9476 6 22.5407
      vertex 36.9476 0 22.5407
    endloop
  endfacet
  facet normal 0.427688 0 -0.903926
    outer loop
      vertex 36.9476 6 22.5407
      vertex 36.7037 0 22.4253
      vertex 36.7037 6 22.4253
    endloop
  endfacet
  facet normal 0.336829 0 -0.941566
    outer loop
      vertex 36.9476 0 22.5407
      vertex 37.2017 6 22.6316
      vertex 37.2017 0 22.6316
    endloop
  endfacet
  facet normal 0.336829 0 -0.941566
    outer loop
      vertex 37.2017 6 22.6316
      vertex 36.9476 0 22.5407
      vertex 36.9476 6 22.5407
    endloop
  endfacet
  facet normal 0.98918 0 -0.14671
    outer loop
      vertex 35.3028 0 20.5365
      vertex 35.2632 6 20.2695
      vertex 35.3028 6 20.5365
    endloop
  endfacet
  facet normal 0.98918 0 -0.14671
    outer loop
      vertex 35.2632 6 20.2695
      vertex 35.3028 0 20.5365
      vertex 35.2632 0 20.2695
    endloop
  endfacet
  facet normal 0.14671 0 -0.98918
    outer loop
      vertex 37.4635 0 22.6972
      vertex 37.7305 6 22.7368
      vertex 37.7305 0 22.7368
    endloop
  endfacet
  facet normal 0.14671 0 -0.98918
    outer loop
      vertex 37.7305 6 22.7368
      vertex 37.4635 0 22.6972
      vertex 37.4635 6 22.6972
    endloop
  endfacet
  facet normal -0.336829 0 -0.941566
    outer loop
      vertex 38.7983 0 22.6316
      vertex 39.0524 6 22.5407
      vertex 39.0524 0 22.5407
    endloop
  endfacet
  facet normal -0.336829 0 -0.941566
    outer loop
      vertex 39.0524 6 22.5407
      vertex 38.7983 0 22.6316
      vertex 38.7983 6 22.6316
    endloop
  endfacet
  facet normal -0.0489209 0 0.998803
    outer loop
      vertex 38 6 17.25
      vertex 38.2695 0 17.2632
      vertex 38.2695 6 17.2632
    endloop
  endfacet
  facet normal -0.0489209 0 0.998803
    outer loop
      vertex 38.2695 0 17.2632
      vertex 38 6 17.25
      vertex 38 0 17.25
    endloop
  endfacet
  facet normal -0.740728 0 -0.671805
    outer loop
      vertex 40.1258 0 21.7446
      vertex 39.9445 6 21.9445
      vertex 40.1258 6 21.7446
    endloop
  endfacet
  facet normal -0.740728 -0 -0.671805
    outer loop
      vertex 39.9445 6 21.9445
      vertex 40.1258 0 21.7446
      vertex 39.9445 0 21.9445
    endloop
  endfacet
  facet normal -0.98918 0 -0.14671
    outer loop
      vertex 40.7368 0 20.2695
      vertex 40.6972 6 20.5365
      vertex 40.7368 6 20.2695
    endloop
  endfacet
  facet normal -0.98918 -0 -0.14671
    outer loop
      vertex 40.6972 6 20.5365
      vertex 40.7368 0 20.2695
      vertex 40.6972 0 20.5365
    endloop
  endfacet
  facet normal 0.243059 0 -0.970012
    outer loop
      vertex 37.2017 0 22.6316
      vertex 37.4635 6 22.6972
      vertex 37.4635 0 22.6972
    endloop
  endfacet
  facet normal 0.243059 0 -0.970012
    outer loop
      vertex 37.4635 6 22.6972
      vertex 37.2017 0 22.6316
      vertex 37.2017 6 22.6316
    endloop
  endfacet
  facet normal -0.941566 0 -0.336829
    outer loop
      vertex 40.6316 0 20.7983
      vertex 40.5407 6 21.0524
      vertex 40.6316 6 20.7983
    endloop
  endfacet
  facet normal -0.941566 -0 -0.336829
    outer loop
      vertex 40.5407 6 21.0524
      vertex 40.6316 0 20.7983
      vertex 40.5407 0 21.0524
    endloop
  endfacet
  facet normal -0.941566 0 0.336829
    outer loop
      vertex 40.5407 0 18.9476
      vertex 40.6316 6 19.2017
      vertex 40.5407 6 18.9476
    endloop
  endfacet
  facet normal -0.941566 0 0.336829
    outer loop
      vertex 40.6316 6 19.2017
      vertex 40.5407 0 18.9476
      vertex 40.6316 0 19.2017
    endloop
  endfacet
  facet normal 0.941566 -0 0.336829
    outer loop
      vertex 35.3684 0 19.2017
      vertex 35.4593 6 18.9476
      vertex 35.3684 6 19.2017
    endloop
  endfacet
  facet normal 0.941566 0 0.336829
    outer loop
      vertex 35.4593 6 18.9476
      vertex 35.3684 0 19.2017
      vertex 35.4593 0 18.9476
    endloop
  endfacet
  facet normal -0.427688 0 0.903926
    outer loop
      vertex 39.0524 6 17.4593
      vertex 39.2963 0 17.5747
      vertex 39.2963 6 17.5747
    endloop
  endfacet
  facet normal -0.427688 0 0.903926
    outer loop
      vertex 39.2963 0 17.5747
      vertex 39.0524 6 17.4593
      vertex 39.0524 0 17.4593
    endloop
  endfacet
  facet normal 0.514223 0 -0.857656
    outer loop
      vertex 36.4722 0 22.2865
      vertex 36.7037 6 22.4253
      vertex 36.7037 0 22.4253
    endloop
  endfacet
  facet normal 0.514223 0 -0.857656
    outer loop
      vertex 36.7037 6 22.4253
      vertex 36.4722 0 22.2865
      vertex 36.4722 6 22.2865
    endloop
  endfacet
  facet normal -0.903926 0 -0.427688
    outer loop
      vertex 40.5407 0 21.0524
      vertex 40.4253 6 21.2963
      vertex 40.5407 6 21.0524
    endloop
  endfacet
  facet normal -0.903926 -0 -0.427688
    outer loop
      vertex 40.4253 6 21.2963
      vertex 40.5407 0 21.0524
      vertex 40.4253 0 21.2963
    endloop
  endfacet
  facet normal 0.98918 -0 0.14671
    outer loop
      vertex 35.2632 0 19.7305
      vertex 35.3028 6 19.4635
      vertex 35.2632 6 19.7305
    endloop
  endfacet
  facet normal 0.98918 0 0.14671
    outer loop
      vertex 35.3028 6 19.4635
      vertex 35.2632 0 19.7305
      vertex 35.3028 0 19.4635
    endloop
  endfacet
  facet normal 0.740728 0 -0.671805
    outer loop
      vertex 36.0555 0 21.9445
      vertex 35.8742 6 21.7446
      vertex 36.0555 6 21.9445
    endloop
  endfacet
  facet normal 0.740728 0 -0.671805
    outer loop
      vertex 35.8742 6 21.7446
      vertex 36.0555 0 21.9445
      vertex 35.8742 0 21.7446
    endloop
  endfacet
  facet normal -0.514223 0 -0.857656
    outer loop
      vertex 39.2963 0 22.4253
      vertex 39.5278 6 22.2865
      vertex 39.5278 0 22.2865
    endloop
  endfacet
  facet normal -0.514223 0 -0.857656
    outer loop
      vertex 39.5278 6 22.2865
      vertex 39.2963 0 22.4253
      vertex 39.2963 6 22.4253
    endloop
  endfacet
  facet normal 0.857656 -0 0.514223
    outer loop
      vertex 35.5747 0 18.7037
      vertex 35.7135 6 18.4722
      vertex 35.5747 6 18.7037
    endloop
  endfacet
  facet normal 0.857656 0 0.514223
    outer loop
      vertex 35.7135 6 18.4722
      vertex 35.5747 0 18.7037
      vertex 35.7135 0 18.4722
    endloop
  endfacet
  facet normal -0.671805 0 0.740728
    outer loop
      vertex 39.7446 6 17.8742
      vertex 39.9445 0 18.0555
      vertex 39.9445 6 18.0555
    endloop
  endfacet
  facet normal -0.671805 0 0.740728
    outer loop
      vertex 39.9445 0 18.0555
      vertex 39.7446 6 17.8742
      vertex 39.7446 0 17.8742
    endloop
  endfacet
  facet normal 0.14671 0 0.98918
    outer loop
      vertex 37.4635 6 17.3028
      vertex 37.7305 0 17.2632
      vertex 37.7305 6 17.2632
    endloop
  endfacet
  facet normal 0.14671 0 0.98918
    outer loop
      vertex 37.7305 0 17.2632
      vertex 37.4635 6 17.3028
      vertex 37.4635 0 17.3028
    endloop
  endfacet
  facet normal 0.970012 -0 0.243059
    outer loop
      vertex 35.3028 0 19.4635
      vertex 35.3684 6 19.2017
      vertex 35.3028 6 19.4635
    endloop
  endfacet
  facet normal 0.970012 0 0.243059
    outer loop
      vertex 35.3684 6 19.2017
      vertex 35.3028 0 19.4635
      vertex 35.3684 0 19.2017
    endloop
  endfacet
  facet normal 0.671805 0 0.740728
    outer loop
      vertex 36.0555 6 18.0555
      vertex 36.2554 0 17.8742
      vertex 36.2554 6 17.8742
    endloop
  endfacet
  facet normal 0.671805 0 0.740728
    outer loop
      vertex 36.2554 0 17.8742
      vertex 36.0555 6 18.0555
      vertex 36.0555 0 18.0555
    endloop
  endfacet
  facet normal -0.998803 0 -0.0489209
    outer loop
      vertex 40.75 0 20
      vertex 40.7368 6 20.2695
      vertex 40.75 6 20
    endloop
  endfacet
  facet normal -0.998803 -0 -0.0489209
    outer loop
      vertex 40.7368 6 20.2695
      vertex 40.75 0 20
      vertex 40.7368 0 20.2695
    endloop
  endfacet
  facet normal 0.595485 0 0.803367
    outer loop
      vertex 36.2554 6 17.8742
      vertex 36.4722 0 17.7135
      vertex 36.4722 6 17.7135
    endloop
  endfacet
  facet normal 0.595485 0 0.803367
    outer loop
      vertex 36.4722 0 17.7135
      vertex 36.2554 6 17.8742
      vertex 36.2554 0 17.8742
    endloop
  endfacet
  facet normal 0.903926 0 -0.427688
    outer loop
      vertex 35.5747 0 21.2963
      vertex 35.4593 6 21.0524
      vertex 35.5747 6 21.2963
    endloop
  endfacet
  facet normal 0.903926 0 -0.427688
    outer loop
      vertex 35.4593 6 21.0524
      vertex 35.5747 0 21.2963
      vertex 35.4593 0 21.0524
    endloop
  endfacet
  facet normal 0.0489209 0 0.998803
    outer loop
      vertex 37.7305 6 17.2632
      vertex 38 0 17.25
      vertex 38 6 17.25
    endloop
  endfacet
  facet normal 0.0489209 0 0.998803
    outer loop
      vertex 38 0 17.25
      vertex 37.7305 6 17.2632
      vertex 37.7305 0 17.2632
    endloop
  endfacet
  facet normal -0.243059 0 0.970012
    outer loop
      vertex 38.5365 6 17.3028
      vertex 38.7983 0 17.3684
      vertex 38.7983 6 17.3684
    endloop
  endfacet
  facet normal -0.243059 0 0.970012
    outer loop
      vertex 38.7983 0 17.3684
      vertex 38.5365 6 17.3028
      vertex 38.5365 0 17.3028
    endloop
  endfacet
  facet normal 0.970012 0 -0.243059
    outer loop
      vertex 35.3684 0 20.7983
      vertex 35.3028 6 20.5365
      vertex 35.3684 6 20.7983
    endloop
  endfacet
  facet normal 0.970012 0 -0.243059
    outer loop
      vertex 35.3028 6 20.5365
      vertex 35.3684 0 20.7983
      vertex 35.3028 0 20.5365
    endloop
  endfacet
  facet normal 0.803367 0 -0.595485
    outer loop
      vertex 35.8742 0 21.7446
      vertex 35.7135 6 21.5278
      vertex 35.8742 6 21.7446
    endloop
  endfacet
  facet normal 0.803367 0 -0.595485
    outer loop
      vertex 35.7135 6 21.5278
      vertex 35.8742 0 21.7446
      vertex 35.7135 0 21.5278
    endloop
  endfacet
  facet normal -0.671805 0 -0.740728
    outer loop
      vertex 39.7446 0 22.1258
      vertex 39.9445 6 21.9445
      vertex 39.9445 0 21.9445
    endloop
  endfacet
  facet normal -0.671805 0 -0.740728
    outer loop
      vertex 39.9445 6 21.9445
      vertex 39.7446 0 22.1258
      vertex 39.7446 6 22.1258
    endloop
  endfacet
  facet normal -0.514223 0 0.857656
    outer loop
      vertex 39.2963 6 17.5747
      vertex 39.5278 0 17.7135
      vertex 39.5278 6 17.7135
    endloop
  endfacet
  facet normal -0.514223 0 0.857656
    outer loop
      vertex 39.5278 0 17.7135
      vertex 39.2963 6 17.5747
      vertex 39.2963 0 17.5747
    endloop
  endfacet
  facet normal 0.903926 -0 0.427688
    outer loop
      vertex 35.4593 0 18.9476
      vertex 35.5747 6 18.7037
      vertex 35.4593 6 18.9476
    endloop
  endfacet
  facet normal 0.903926 0 0.427688
    outer loop
      vertex 35.5747 6 18.7037
      vertex 35.4593 0 18.9476
      vertex 35.5747 0 18.7037
    endloop
  endfacet
  facet normal -0.14671 0 0.98918
    outer loop
      vertex 38.2695 6 17.2632
      vertex 38.5365 0 17.3028
      vertex 38.5365 6 17.3028
    endloop
  endfacet
  facet normal -0.14671 0 0.98918
    outer loop
      vertex 38.5365 0 17.3028
      vertex 38.2695 6 17.2632
      vertex 38.2695 0 17.2632
    endloop
  endfacet
  facet normal 0.671805 0 -0.740728
    outer loop
      vertex 36.0555 0 21.9445
      vertex 36.2554 6 22.1258
      vertex 36.2554 0 22.1258
    endloop
  endfacet
  facet normal 0.671805 0 -0.740728
    outer loop
      vertex 36.2554 6 22.1258
      vertex 36.0555 0 21.9445
      vertex 36.0555 6 21.9445
    endloop
  endfacet
  facet normal -0.336829 0 0.941566
    outer loop
      vertex 14.7983 6 17.3684
      vertex 15.0524 0 17.4593
      vertex 15.0524 6 17.4593
    endloop
  endfacet
  facet normal -0.336829 0 0.941566
    outer loop
      vertex 15.0524 0 17.4593
      vertex 14.7983 6 17.3684
      vertex 14.7983 0 17.3684
    endloop
  endfacet
  facet normal -0.14671 0 -0.98918
    outer loop
      vertex 14.2695 0 22.7368
      vertex 14.5365 6 22.6972
      vertex 14.5365 0 22.6972
    endloop
  endfacet
  facet normal -0.14671 0 -0.98918
    outer loop
      vertex 14.5365 6 22.6972
      vertex 14.2695 0 22.7368
      vertex 14.2695 6 22.7368
    endloop
  endfacet
  facet normal -0.0489209 0 -0.998803
    outer loop
      vertex 14 0 22.75
      vertex 14.2695 6 22.7368
      vertex 14.2695 0 22.7368
    endloop
  endfacet
  facet normal -0.0489209 0 -0.998803
    outer loop
      vertex 14.2695 6 22.7368
      vertex 14 0 22.75
      vertex 14 6 22.75
    endloop
  endfacet
  facet normal -0.243059 0 -0.970012
    outer loop
      vertex 14.5365 0 22.6972
      vertex 14.7983 6 22.6316
      vertex 14.7983 0 22.6316
    endloop
  endfacet
  facet normal -0.243059 0 -0.970012
    outer loop
      vertex 14.7983 6 22.6316
      vertex 14.5365 0 22.6972
      vertex 14.5365 6 22.6972
    endloop
  endfacet
  facet normal -0.970012 0 0.243059
    outer loop
      vertex 16.6316 0 19.2017
      vertex 16.6972 6 19.4635
      vertex 16.6316 6 19.2017
    endloop
  endfacet
  facet normal -0.970012 0 0.243059
    outer loop
      vertex 16.6972 6 19.4635
      vertex 16.6316 0 19.2017
      vertex 16.6972 0 19.4635
    endloop
  endfacet
  facet normal 0.336829 0 0.941566
    outer loop
      vertex 12.9476 6 17.4593
      vertex 13.2017 0 17.3684
      vertex 13.2017 6 17.3684
    endloop
  endfacet
  facet normal 0.336829 0 0.941566
    outer loop
      vertex 13.2017 0 17.3684
      vertex 12.9476 6 17.4593
      vertex 12.9476 0 17.4593
    endloop
  endfacet
  facet normal -0.857656 0 -0.514223
    outer loop
      vertex 16.4253 0 21.2963
      vertex 16.2865 6 21.5278
      vertex 16.4253 6 21.2963
    endloop
  endfacet
  facet normal -0.857656 -0 -0.514223
    outer loop
      vertex 16.2865 6 21.5278
      vertex 16.4253 0 21.2963
      vertex 16.2865 0 21.5278
    endloop
  endfacet
  facet normal 0.857656 0 -0.514223
    outer loop
      vertex 11.7135 0 21.5278
      vertex 11.5747 6 21.2963
      vertex 11.7135 6 21.5278
    endloop
  endfacet
  facet normal 0.857656 0 -0.514223
    outer loop
      vertex 11.5747 6 21.2963
      vertex 11.7135 0 21.5278
      vertex 11.5747 0 21.2963
    endloop
  endfacet
  facet normal 0.998803 -0 0.0489209
    outer loop
      vertex 11.25 0 20
      vertex 11.2632 6 19.7305
      vertex 11.25 6 20
    endloop
  endfacet
  facet normal 0.998803 0 0.0489209
    outer loop
      vertex 11.2632 6 19.7305
      vertex 11.25 0 20
      vertex 11.2632 0 19.7305
    endloop
  endfacet
  facet normal 0.941566 0 -0.336829
    outer loop
      vertex 11.4593 0 21.0524
      vertex 11.3684 6 20.7983
      vertex 11.4593 6 21.0524
    endloop
  endfacet
  facet normal 0.941566 0 -0.336829
    outer loop
      vertex 11.3684 6 20.7983
      vertex 11.4593 0 21.0524
      vertex 11.3684 0 20.7983
    endloop
  endfacet
  facet normal 0.427688 0 0.903926
    outer loop
      vertex 12.7037 6 17.5747
      vertex 12.9476 0 17.4593
      vertex 12.9476 6 17.4593
    endloop
  endfacet
  facet normal 0.427688 0 0.903926
    outer loop
      vertex 12.9476 0 17.4593
      vertex 12.7037 6 17.5747
      vertex 12.7037 0 17.5747
    endloop
  endfacet
  facet normal -0.740728 0 0.671805
    outer loop
      vertex 15.9445 0 18.0555
      vertex 16.1258 6 18.2554
      vertex 15.9445 6 18.0555
    endloop
  endfacet
  facet normal -0.740728 0 0.671805
    outer loop
      vertex 16.1258 6 18.2554
      vertex 15.9445 0 18.0555
      vertex 16.1258 0 18.2554
    endloop
  endfacet
  facet normal 0.998803 0 -0.0489209
    outer loop
      vertex 11.2632 0 20.2695
      vertex 11.25 6 20
      vertex 11.2632 6 20.2695
    endloop
  endfacet
  facet normal 0.998803 0 -0.0489209
    outer loop
      vertex 11.25 6 20
      vertex 11.2632 0 20.2695
      vertex 11.25 0 20
    endloop
  endfacet
  facet normal 0.514223 0 0.857656
    outer loop
      vertex 12.4722 6 17.7135
      vertex 12.7037 0 17.5747
      vertex 12.7037 6 17.5747
    endloop
  endfacet
  facet normal 0.514223 0 0.857656
    outer loop
      vertex 12.7037 0 17.5747
      vertex 12.4722 6 17.7135
      vertex 12.4722 0 17.7135
    endloop
  endfacet
  facet normal -0.595485 0 0.803367
    outer loop
      vertex 15.5278 6 17.7135
      vertex 15.7446 0 17.8742
      vertex 15.7446 6 17.8742
    endloop
  endfacet
  facet normal -0.595485 0 0.803367
    outer loop
      vertex 15.7446 0 17.8742
      vertex 15.5278 6 17.7135
      vertex 15.5278 0 17.7135
    endloop
  endfacet
  facet normal -0.803367 0 0.595485
    outer loop
      vertex 16.1258 0 18.2554
      vertex 16.2865 6 18.4722
      vertex 16.1258 6 18.2554
    endloop
  endfacet
  facet normal -0.803367 0 0.595485
    outer loop
      vertex 16.2865 6 18.4722
      vertex 16.1258 0 18.2554
      vertex 16.2865 0 18.4722
    endloop
  endfacet
  facet normal -0.427688 0 -0.903926
    outer loop
      vertex 15.0524 0 22.5407
      vertex 15.2963 6 22.4253
      vertex 15.2963 0 22.4253
    endloop
  endfacet
  facet normal -0.427688 0 -0.903926
    outer loop
      vertex 15.2963 6 22.4253
      vertex 15.0524 0 22.5407
      vertex 15.0524 6 22.5407
    endloop
  endfacet
  facet normal 0.0489209 0 -0.998803
    outer loop
      vertex 13.7305 0 22.7368
      vertex 14 6 22.75
      vertex 14 0 22.75
    endloop
  endfacet
  facet normal 0.0489209 0 -0.998803
    outer loop
      vertex 14 6 22.75
      vertex 13.7305 0 22.7368
      vertex 13.7305 6 22.7368
    endloop
  endfacet
  facet normal -0.803367 0 -0.595485
    outer loop
      vertex 16.2865 0 21.5278
      vertex 16.1258 6 21.7446
      vertex 16.2865 6 21.5278
    endloop
  endfacet
  facet normal -0.803367 -0 -0.595485
    outer loop
      vertex 16.1258 6 21.7446
      vertex 16.2865 0 21.5278
      vertex 16.1258 0 21.7446
    endloop
  endfacet
  facet normal 0.803367 -0 0.595485
    outer loop
      vertex 11.7135 0 18.4722
      vertex 11.8742 6 18.2554
      vertex 11.7135 6 18.4722
    endloop
  endfacet
  facet normal 0.803367 0 0.595485
    outer loop
      vertex 11.8742 6 18.2554
      vertex 11.7135 0 18.4722
      vertex 11.8742 0 18.2554
    endloop
  endfacet
  facet normal 0.595485 0 -0.803367
    outer loop
      vertex 12.2554 0 22.1258
      vertex 12.4722 6 22.2865
      vertex 12.4722 0 22.2865
    endloop
  endfacet
  facet normal 0.595485 0 -0.803367
    outer loop
      vertex 12.4722 6 22.2865
      vertex 12.2554 0 22.1258
      vertex 12.2554 6 22.1258
    endloop
  endfacet
  facet normal -0.970012 0 -0.243059
    outer loop
      vertex 16.6972 0 20.5365
      vertex 16.6316 6 20.7983
      vertex 16.6972 6 20.5365
    endloop
  endfacet
  facet normal -0.970012 -0 -0.243059
    outer loop
      vertex 16.6316 6 20.7983
      vertex 16.6972 0 20.5365
      vertex 16.6316 0 20.7983
    endloop
  endfacet
  facet normal -0.857656 0 0.514223
    outer loop
      vertex 16.2865 0 18.4722
      vertex 16.4253 6 18.7037
      vertex 16.2865 6 18.4722
    endloop
  endfacet
  facet normal -0.857656 0 0.514223
    outer loop
      vertex 16.4253 6 18.7037
      vertex 16.2865 0 18.4722
      vertex 16.4253 0 18.7037
    endloop
  endfacet
  facet normal 0.740728 -0 0.671805
    outer loop
      vertex 11.8742 0 18.2554
      vertex 12.0555 6 18.0555
      vertex 11.8742 6 18.2554
    endloop
  endfacet
  facet normal 0.740728 0 0.671805
    outer loop
      vertex 12.0555 6 18.0555
      vertex 11.8742 0 18.2554
      vertex 12.0555 0 18.0555
    endloop
  endfacet
  facet normal -0.595485 0 -0.803367
    outer loop
      vertex 15.5278 0 22.2865
      vertex 15.7446 6 22.1258
      vertex 15.7446 0 22.1258
    endloop
  endfacet
  facet normal -0.595485 0 -0.803367
    outer loop
      vertex 15.7446 6 22.1258
      vertex 15.5278 0 22.2865
      vertex 15.5278 6 22.2865
    endloop
  endfacet
  facet normal -0.98918 0 0.14671
    outer loop
      vertex 16.6972 0 19.4635
      vertex 16.7368 6 19.7305
      vertex 16.6972 6 19.4635
    endloop
  endfacet
  facet normal -0.98918 0 0.14671
    outer loop
      vertex 16.7368 6 19.7305
      vertex 16.6972 0 19.4635
      vertex 16.7368 0 19.7305
    endloop
  endfacet
  facet normal -0.998803 0 0.0489209
    outer loop
      vertex 16.7368 0 19.7305
      vertex 16.75 6 20
      vertex 16.7368 6 19.7305
    endloop
  endfacet
  facet normal -0.998803 0 0.0489209
    outer loop
      vertex 16.75 6 20
      vertex 16.7368 0 19.7305
      vertex 16.75 0 20
    endloop
  endfacet
  facet normal 0.243059 0 0.970012
    outer loop
      vertex 13.2017 6 17.3684
      vertex 13.4635 0 17.3028
      vertex 13.4635 6 17.3028
    endloop
  endfacet
  facet normal 0.243059 0 0.970012
    outer loop
      vertex 13.4635 0 17.3028
      vertex 13.2017 6 17.3684
      vertex 13.2017 0 17.3684
    endloop
  endfacet
  facet normal -0.903926 0 0.427688
    outer loop
      vertex 16.4253 0 18.7037
      vertex 16.5407 6 18.9476
      vertex 16.4253 6 18.7037
    endloop
  endfacet
  facet normal -0.903926 0 0.427688
    outer loop
      vertex 16.5407 6 18.9476
      vertex 16.4253 0 18.7037
      vertex 16.5407 0 18.9476
    endloop
  endfacet
  facet normal 0.427688 0 -0.903926
    outer loop
      vertex 12.7037 0 22.4253
      vertex 12.9476 6 22.5407
      vertex 12.9476 0 22.5407
    endloop
  endfacet
  facet normal 0.427688 0 -0.903926
    outer loop
      vertex 12.9476 6 22.5407
      vertex 12.7037 0 22.4253
      vertex 12.7037 6 22.4253
    endloop
  endfacet
  facet normal 0.336829 0 -0.941566
    outer loop
      vertex 12.9476 0 22.5407
      vertex 13.2017 6 22.6316
      vertex 13.2017 0 22.6316
    endloop
  endfacet
  facet normal 0.336829 0 -0.941566
    outer loop
      vertex 13.2017 6 22.6316
      vertex 12.9476 0 22.5407
      vertex 12.9476 6 22.5407
    endloop
  endfacet
  facet normal 0.98918 0 -0.14671
    outer loop
      vertex 11.3028 0 20.5365
      vertex 11.2632 6 20.2695
      vertex 11.3028 6 20.5365
    endloop
  endfacet
  facet normal 0.98918 0 -0.14671
    outer loop
      vertex 11.2632 6 20.2695
      vertex 11.3028 0 20.5365
      vertex 11.2632 0 20.2695
    endloop
  endfacet
  facet normal 0.14671 0 -0.98918
    outer loop
      vertex 13.4635 0 22.6972
      vertex 13.7305 6 22.7368
      vertex 13.7305 0 22.7368
    endloop
  endfacet
  facet normal 0.14671 0 -0.98918
    outer loop
      vertex 13.7305 6 22.7368
      vertex 13.4635 0 22.6972
      vertex 13.4635 6 22.6972
    endloop
  endfacet
  facet normal -0.336829 0 -0.941566
    outer loop
      vertex 14.7983 0 22.6316
      vertex 15.0524 6 22.5407
      vertex 15.0524 0 22.5407
    endloop
  endfacet
  facet normal -0.336829 0 -0.941566
    outer loop
      vertex 15.0524 6 22.5407
      vertex 14.7983 0 22.6316
      vertex 14.7983 6 22.6316
    endloop
  endfacet
  facet normal -0.0489209 0 0.998803
    outer loop
      vertex 14 6 17.25
      vertex 14.2695 0 17.2632
      vertex 14.2695 6 17.2632
    endloop
  endfacet
  facet normal -0.0489209 0 0.998803
    outer loop
      vertex 14.2695 0 17.2632
      vertex 14 6 17.25
      vertex 14 0 17.25
    endloop
  endfacet
  facet normal -0.740728 0 -0.671805
    outer loop
      vertex 16.1258 0 21.7446
      vertex 15.9445 6 21.9445
      vertex 16.1258 6 21.7446
    endloop
  endfacet
  facet normal -0.740728 -0 -0.671805
    outer loop
      vertex 15.9445 6 21.9445
      vertex 16.1258 0 21.7446
      vertex 15.9445 0 21.9445
    endloop
  endfacet
  facet normal -0.98918 0 -0.14671
    outer loop
      vertex 16.7368 0 20.2695
      vertex 16.6972 6 20.5365
      vertex 16.7368 6 20.2695
    endloop
  endfacet
  facet normal -0.98918 -0 -0.14671
    outer loop
      vertex 16.6972 6 20.5365
      vertex 16.7368 0 20.2695
      vertex 16.6972 0 20.5365
    endloop
  endfacet
  facet normal 0.243059 0 -0.970012
    outer loop
      vertex 13.2017 0 22.6316
      vertex 13.4635 6 22.6972
      vertex 13.4635 0 22.6972
    endloop
  endfacet
  facet normal 0.243059 0 -0.970012
    outer loop
      vertex 13.4635 6 22.6972
      vertex 13.2017 0 22.6316
      vertex 13.2017 6 22.6316
    endloop
  endfacet
  facet normal -0.941566 0 -0.336829
    outer loop
      vertex 16.6316 0 20.7983
      vertex 16.5407 6 21.0524
      vertex 16.6316 6 20.7983
    endloop
  endfacet
  facet normal -0.941566 -0 -0.336829
    outer loop
      vertex 16.5407 6 21.0524
      vertex 16.6316 0 20.7983
      vertex 16.5407 0 21.0524
    endloop
  endfacet
  facet normal -0.941566 0 0.336829
    outer loop
      vertex 16.5407 0 18.9476
      vertex 16.6316 6 19.2017
      vertex 16.5407 6 18.9476
    endloop
  endfacet
  facet normal -0.941566 0 0.336829
    outer loop
      vertex 16.6316 6 19.2017
      vertex 16.5407 0 18.9476
      vertex 16.6316 0 19.2017
    endloop
  endfacet
  facet normal -0.427688 0 0.903926
    outer loop
      vertex 15.0524 6 17.4593
      vertex 15.2963 0 17.5747
      vertex 15.2963 6 17.5747
    endloop
  endfacet
  facet normal -0.427688 0 0.903926
    outer loop
      vertex 15.2963 0 17.5747
      vertex 15.0524 6 17.4593
      vertex 15.0524 0 17.4593
    endloop
  endfacet
  facet normal 0.514223 0 -0.857656
    outer loop
      vertex 12.4722 0 22.2865
      vertex 12.7037 6 22.4253
      vertex 12.7037 0 22.4253
    endloop
  endfacet
  facet normal 0.514223 0 -0.857656
    outer loop
      vertex 12.7037 6 22.4253
      vertex 12.4722 0 22.2865
      vertex 12.4722 6 22.2865
    endloop
  endfacet
  facet normal -0.903926 0 -0.427688
    outer loop
      vertex 16.5407 0 21.0524
      vertex 16.4253 6 21.2963
      vertex 16.5407 6 21.0524
    endloop
  endfacet
  facet normal -0.903926 -0 -0.427688
    outer loop
      vertex 16.4253 6 21.2963
      vertex 16.5407 0 21.0524
      vertex 16.4253 0 21.2963
    endloop
  endfacet
  facet normal 0.98918 -0 0.14671
    outer loop
      vertex 11.2632 0 19.7305
      vertex 11.3028 6 19.4635
      vertex 11.2632 6 19.7305
    endloop
  endfacet
  facet normal 0.98918 0 0.14671
    outer loop
      vertex 11.3028 6 19.4635
      vertex 11.2632 0 19.7305
      vertex 11.3028 0 19.4635
    endloop
  endfacet
  facet normal -0.514223 0 -0.857656
    outer loop
      vertex 15.2963 0 22.4253
      vertex 15.5278 6 22.2865
      vertex 15.5278 0 22.2865
    endloop
  endfacet
  facet normal -0.514223 0 -0.857656
    outer loop
      vertex 15.5278 6 22.2865
      vertex 15.2963 0 22.4253
      vertex 15.2963 6 22.4253
    endloop
  endfacet
  facet normal 0.857656 -0 0.514223
    outer loop
      vertex 11.5747 0 18.7037
      vertex 11.7135 6 18.4722
      vertex 11.5747 6 18.7037
    endloop
  endfacet
  facet normal 0.857656 0 0.514223
    outer loop
      vertex 11.7135 6 18.4722
      vertex 11.5747 0 18.7037
      vertex 11.7135 0 18.4722
    endloop
  endfacet
  facet normal -0.671805 0 0.740728
    outer loop
      vertex 15.7446 6 17.8742
      vertex 15.9445 0 18.0555
      vertex 15.9445 6 18.0555
    endloop
  endfacet
  facet normal -0.671805 0 0.740728
    outer loop
      vertex 15.9445 0 18.0555
      vertex 15.7446 6 17.8742
      vertex 15.7446 0 17.8742
    endloop
  endfacet
  facet normal 0.14671 0 0.98918
    outer loop
      vertex 13.4635 6 17.3028
      vertex 13.7305 0 17.2632
      vertex 13.7305 6 17.2632
    endloop
  endfacet
  facet normal 0.14671 0 0.98918
    outer loop
      vertex 13.7305 0 17.2632
      vertex 13.4635 6 17.3028
      vertex 13.4635 0 17.3028
    endloop
  endfacet
  facet normal 0.970012 -0 0.243059
    outer loop
      vertex 11.3028 0 19.4635
      vertex 11.3684 6 19.2017
      vertex 11.3028 6 19.4635
    endloop
  endfacet
  facet normal 0.970012 0 0.243059
    outer loop
      vertex 11.3684 6 19.2017
      vertex 11.3028 0 19.4635
      vertex 11.3684 0 19.2017
    endloop
  endfacet
  facet normal 0.671805 0 0.740728
    outer loop
      vertex 12.0555 6 18.0555
      vertex 12.2554 0 17.8742
      vertex 12.2554 6 17.8742
    endloop
  endfacet
  facet normal 0.671805 0 0.740728
    outer loop
      vertex 12.2554 0 17.8742
      vertex 12.0555 6 18.0555
      vertex 12.0555 0 18.0555
    endloop
  endfacet
  facet normal -0.998803 0 -0.0489209
    outer loop
      vertex 16.75 0 20
      vertex 16.7368 6 20.2695
      vertex 16.75 6 20
    endloop
  endfacet
  facet normal -0.998803 -0 -0.0489209
    outer loop
      vertex 16.7368 6 20.2695
      vertex 16.75 0 20
      vertex 16.7368 0 20.2695
    endloop
  endfacet
  facet normal 0.595485 0 0.803367
    outer loop
      vertex 12.2554 6 17.8742
      vertex 12.4722 0 17.7135
      vertex 12.4722 6 17.7135
    endloop
  endfacet
  facet normal 0.595485 0 0.803367
    outer loop
      vertex 12.4722 0 17.7135
      vertex 12.2554 6 17.8742
      vertex 12.2554 0 17.8742
    endloop
  endfacet
  facet normal 0.903926 0 -0.427688
    outer loop
      vertex 11.5747 0 21.2963
      vertex 11.4593 6 21.0524
      vertex 11.5747 6 21.2963
    endloop
  endfacet
  facet normal 0.903926 0 -0.427688
    outer loop
      vertex 11.4593 6 21.0524
      vertex 11.5747 0 21.2963
      vertex 11.4593 0 21.0524
    endloop
  endfacet
  facet normal 0.0489209 0 0.998803
    outer loop
      vertex 13.7305 6 17.2632
      vertex 14 0 17.25
      vertex 14 6 17.25
    endloop
  endfacet
  facet normal 0.0489209 0 0.998803
    outer loop
      vertex 14 0 17.25
      vertex 13.7305 6 17.2632
      vertex 13.7305 0 17.2632
    endloop
  endfacet
  facet normal -0.243059 0 0.970012
    outer loop
      vertex 14.5365 6 17.3028
      vertex 14.7983 0 17.3684
      vertex 14.7983 6 17.3684
    endloop
  endfacet
  facet normal -0.243059 0 0.970012
    outer loop
      vertex 14.7983 0 17.3684
      vertex 14.5365 6 17.3028
      vertex 14.5365 0 17.3028
    endloop
  endfacet
  facet normal 0.970012 0 -0.243059
    outer loop
      vertex 11.3684 0 20.7983
      vertex 11.3028 6 20.5365
      vertex 11.3684 6 20.7983
    endloop
  endfacet
  facet normal 0.970012 0 -0.243059
    outer loop
      vertex 11.3028 6 20.5365
      vertex 11.3684 0 20.7983
      vertex 11.3028 0 20.5365
    endloop
  endfacet
  facet normal 0.803367 0 -0.595485
    outer loop
      vertex 11.8742 0 21.7446
      vertex 11.7135 6 21.5278
      vertex 11.8742 6 21.7446
    endloop
  endfacet
  facet normal 0.803367 0 -0.595485
    outer loop
      vertex 11.7135 6 21.5278
      vertex 11.8742 0 21.7446
      vertex 11.7135 0 21.5278
    endloop
  endfacet
  facet normal -0.671805 0 -0.740728
    outer loop
      vertex 15.7446 0 22.1258
      vertex 15.9445 6 21.9445
      vertex 15.9445 0 21.9445
    endloop
  endfacet
  facet normal -0.671805 0 -0.740728
    outer loop
      vertex 15.9445 6 21.9445
      vertex 15.7446 0 22.1258
      vertex 15.7446 6 22.1258
    endloop
  endfacet
  facet normal -0.514223 0 0.857656
    outer loop
      vertex 15.2963 6 17.5747
      vertex 15.5278 0 17.7135
      vertex 15.5278 6 17.7135
    endloop
  endfacet
  facet normal -0.514223 0 0.857656
    outer loop
      vertex 15.5278 0 17.7135
      vertex 15.2963 6 17.5747
      vertex 15.2963 0 17.5747
    endloop
  endfacet
  facet normal 0.903926 -0 0.427688
    outer loop
      vertex 11.4593 0 18.9476
      vertex 11.5747 6 18.7037
      vertex 11.4593 6 18.9476
    endloop
  endfacet
  facet normal 0.903926 0 0.427688
    outer loop
      vertex 11.5747 6 18.7037
      vertex 11.4593 0 18.9476
      vertex 11.5747 0 18.7037
    endloop
  endfacet
  facet normal -0.14671 0 0.98918
    outer loop
      vertex 14.2695 6 17.2632
      vertex 14.5365 0 17.3028
      vertex 14.5365 6 17.3028
    endloop
  endfacet
  facet normal -0.14671 0 0.98918
    outer loop
      vertex 14.5365 0 17.3028
      vertex 14.2695 6 17.2632
      vertex 14.2695 0 17.2632
    endloop
  endfacet
  facet normal 0.941566 -0 0.336829
    outer loop
      vertex 11.3684 0 19.2017
      vertex 11.4593 6 18.9476
      vertex 11.3684 6 19.2017
    endloop
  endfacet
  facet normal 0.941566 0 0.336829
    outer loop
      vertex 11.4593 6 18.9476
      vertex 11.3684 0 19.2017
      vertex 11.4593 0 18.9476
    endloop
  endfacet
  facet normal 0.671805 0 -0.740728
    outer loop
      vertex 12.0555 0 21.9445
      vertex 12.2554 6 22.1258
      vertex 12.2554 0 22.1258
    endloop
  endfacet
  facet normal 0.671805 0 -0.740728
    outer loop
      vertex 12.2554 6 22.1258
      vertex 12.0555 0 21.9445
      vertex 12.0555 6 21.9445
    endloop
  endfacet
  facet normal 0.740728 0 -0.671805
    outer loop
      vertex 12.0555 0 21.9445
      vertex 11.8742 6 21.7446
      vertex 12.0555 6 21.9445
    endloop
  endfacet
  facet normal 0.740728 0 -0.671805
    outer loop
      vertex 11.8742 6 21.7446
      vertex 12.0555 0 21.9445
      vertex 11.8742 0 21.7446
    endloop
  endfacet
  facet normal -0.14671 0 -0.98918
    outer loop
      vertex 38.2695 0 82.7368
      vertex 38.5365 6 82.6972
      vertex 38.5365 0 82.6972
    endloop
  endfacet
  facet normal -0.14671 0 -0.98918
    outer loop
      vertex 38.5365 6 82.6972
      vertex 38.2695 0 82.7368
      vertex 38.2695 6 82.7368
    endloop
  endfacet
  facet normal -0.0489209 0 -0.998803
    outer loop
      vertex 38 0 82.75
      vertex 38.2695 6 82.7368
      vertex 38.2695 0 82.7368
    endloop
  endfacet
  facet normal -0.0489209 0 -0.998803
    outer loop
      vertex 38.2695 6 82.7368
      vertex 38 0 82.75
      vertex 38 6 82.75
    endloop
  endfacet
  facet normal -0.243059 0 -0.970012
    outer loop
      vertex 38.5365 0 82.6972
      vertex 38.7983 6 82.6316
      vertex 38.7983 0 82.6316
    endloop
  endfacet
  facet normal -0.243059 0 -0.970012
    outer loop
      vertex 38.7983 6 82.6316
      vertex 38.5365 0 82.6972
      vertex 38.5365 6 82.6972
    endloop
  endfacet
  facet normal -0.98918 0 0.14671
    outer loop
      vertex 40.6972 0 79.4635
      vertex 40.7368 6 79.7305
      vertex 40.6972 6 79.4635
    endloop
  endfacet
  facet normal -0.98918 0 0.14671
    outer loop
      vertex 40.7368 6 79.7305
      vertex 40.6972 0 79.4635
      vertex 40.7368 0 79.7305
    endloop
  endfacet
  facet normal -0.595485 0 -0.803367
    outer loop
      vertex 39.5278 0 82.2865
      vertex 39.7446 6 82.1258
      vertex 39.7446 0 82.1258
    endloop
  endfacet
  facet normal -0.595485 0 -0.803367
    outer loop
      vertex 39.7446 6 82.1258
      vertex 39.5278 0 82.2865
      vertex 39.5278 6 82.2865
    endloop
  endfacet
  facet normal 0.857656 0 -0.514223
    outer loop
      vertex 35.7135 0 81.5278
      vertex 35.5747 6 81.2963
      vertex 35.7135 6 81.5278
    endloop
  endfacet
  facet normal 0.857656 0 -0.514223
    outer loop
      vertex 35.5747 6 81.2963
      vertex 35.7135 0 81.5278
      vertex 35.5747 0 81.2963
    endloop
  endfacet
  facet normal -0.803367 0 -0.595485
    outer loop
      vertex 40.2865 0 81.5278
      vertex 40.1258 6 81.7446
      vertex 40.2865 6 81.5278
    endloop
  endfacet
  facet normal -0.803367 -0 -0.595485
    outer loop
      vertex 40.1258 6 81.7446
      vertex 40.2865 0 81.5278
      vertex 40.1258 0 81.7446
    endloop
  endfacet
  facet normal -0.14671 0 0.98918
    outer loop
      vertex 38.2695 6 77.2632
      vertex 38.5365 0 77.3028
      vertex 38.5365 6 77.3028
    endloop
  endfacet
  facet normal -0.14671 0 0.98918
    outer loop
      vertex 38.5365 0 77.3028
      vertex 38.2695 6 77.2632
      vertex 38.2695 0 77.2632
    endloop
  endfacet
  facet normal -0.243059 0 0.970012
    outer loop
      vertex 38.5365 6 77.3028
      vertex 38.7983 0 77.3684
      vertex 38.7983 6 77.3684
    endloop
  endfacet
  facet normal -0.243059 0 0.970012
    outer loop
      vertex 38.7983 0 77.3684
      vertex 38.5365 6 77.3028
      vertex 38.5365 0 77.3028
    endloop
  endfacet
  facet normal 0.0489209 0 -0.998803
    outer loop
      vertex 37.7305 0 82.7368
      vertex 38 6 82.75
      vertex 38 0 82.75
    endloop
  endfacet
  facet normal 0.0489209 0 -0.998803
    outer loop
      vertex 38 6 82.75
      vertex 37.7305 0 82.7368
      vertex 37.7305 6 82.7368
    endloop
  endfacet
  facet normal -0.970012 0 0.243059
    outer loop
      vertex 40.6316 0 79.2017
      vertex 40.6972 6 79.4635
      vertex 40.6316 6 79.2017
    endloop
  endfacet
  facet normal -0.970012 0 0.243059
    outer loop
      vertex 40.6972 6 79.4635
      vertex 40.6316 0 79.2017
      vertex 40.6972 0 79.4635
    endloop
  endfacet
  facet normal -0.903926 0 -0.427688
    outer loop
      vertex 40.5407 0 81.0524
      vertex 40.4253 6 81.2963
      vertex 40.5407 6 81.0524
    endloop
  endfacet
  facet normal -0.903926 -0 -0.427688
    outer loop
      vertex 40.4253 6 81.2963
      vertex 40.5407 0 81.0524
      vertex 40.4253 0 81.2963
    endloop
  endfacet
  facet normal 0.14671 0 0.98918
    outer loop
      vertex 37.4635 6 77.3028
      vertex 37.7305 0 77.2632
      vertex 37.7305 6 77.2632
    endloop
  endfacet
  facet normal 0.14671 0 0.98918
    outer loop
      vertex 37.7305 0 77.2632
      vertex 37.4635 6 77.3028
      vertex 37.4635 0 77.3028
    endloop
  endfacet
  facet normal 0.740728 0 -0.671805
    outer loop
      vertex 36.0555 0 81.9445
      vertex 35.8742 6 81.7446
      vertex 36.0555 6 81.9445
    endloop
  endfacet
  facet normal 0.740728 0 -0.671805
    outer loop
      vertex 35.8742 6 81.7446
      vertex 36.0555 0 81.9445
      vertex 35.8742 0 81.7446
    endloop
  endfacet
  facet normal -0.903926 0 0.427688
    outer loop
      vertex 40.4253 0 78.7037
      vertex 40.5407 6 78.9476
      vertex 40.4253 6 78.7037
    endloop
  endfacet
  facet normal -0.903926 0 0.427688
    outer loop
      vertex 40.5407 6 78.9476
      vertex 40.4253 0 78.7037
      vertex 40.5407 0 78.9476
    endloop
  endfacet
  facet normal 0.243059 0 -0.970012
    outer loop
      vertex 37.2017 0 82.6316
      vertex 37.4635 6 82.6972
      vertex 37.4635 0 82.6972
    endloop
  endfacet
  facet normal 0.243059 0 -0.970012
    outer loop
      vertex 37.4635 6 82.6972
      vertex 37.2017 0 82.6316
      vertex 37.2017 6 82.6316
    endloop
  endfacet
  facet normal 0.803367 -0 0.595485
    outer loop
      vertex 35.7135 0 78.4722
      vertex 35.8742 6 78.2554
      vertex 35.7135 6 78.4722
    endloop
  endfacet
  facet normal 0.803367 0 0.595485
    outer loop
      vertex 35.8742 6 78.2554
      vertex 35.7135 0 78.4722
      vertex 35.8742 0 78.2554
    endloop
  endfacet
  facet normal -0.998803 0 -0.0489209
    outer loop
      vertex 40.75 0 80
      vertex 40.7368 6 80.2695
      vertex 40.75 6 80
    endloop
  endfacet
  facet normal -0.998803 -0 -0.0489209
    outer loop
      vertex 40.7368 6 80.2695
      vertex 40.75 0 80
      vertex 40.7368 0 80.2695
    endloop
  endfacet
  facet normal 0.336829 0 -0.941566
    outer loop
      vertex 36.9476 0 82.5407
      vertex 37.2017 6 82.6316
      vertex 37.2017 0 82.6316
    endloop
  endfacet
  facet normal 0.336829 0 -0.941566
    outer loop
      vertex 37.2017 6 82.6316
      vertex 36.9476 0 82.5407
      vertex 36.9476 6 82.5407
    endloop
  endfacet
  facet normal 0.595485 0 0.803367
    outer loop
      vertex 36.2554 6 77.8742
      vertex 36.4722 0 77.7135
      vertex 36.4722 6 77.7135
    endloop
  endfacet
  facet normal 0.595485 0 0.803367
    outer loop
      vertex 36.4722 0 77.7135
      vertex 36.2554 6 77.8742
      vertex 36.2554 0 77.8742
    endloop
  endfacet
  facet normal 0.595485 0 -0.803367
    outer loop
      vertex 36.2554 0 82.1258
      vertex 36.4722 6 82.2865
      vertex 36.4722 0 82.2865
    endloop
  endfacet
  facet normal 0.595485 0 -0.803367
    outer loop
      vertex 36.4722 6 82.2865
      vertex 36.2554 0 82.1258
      vertex 36.2554 6 82.1258
    endloop
  endfacet
  facet normal -0.857656 0 0.514223
    outer loop
      vertex 40.2865 0 78.4722
      vertex 40.4253 6 78.7037
      vertex 40.2865 6 78.4722
    endloop
  endfacet
  facet normal -0.857656 0 0.514223
    outer loop
      vertex 40.4253 6 78.7037
      vertex 40.2865 0 78.4722
      vertex 40.4253 0 78.7037
    endloop
  endfacet
  facet normal -0.941566 0 -0.336829
    outer loop
      vertex 40.6316 0 80.7983
      vertex 40.5407 6 81.0524
      vertex 40.6316 6 80.7983
    endloop
  endfacet
  facet normal -0.941566 -0 -0.336829
    outer loop
      vertex 40.5407 6 81.0524
      vertex 40.6316 0 80.7983
      vertex 40.5407 0 81.0524
    endloop
  endfacet
  facet normal 0.671805 0 0.740728
    outer loop
      vertex 36.0555 6 78.0555
      vertex 36.2554 0 77.8742
      vertex 36.2554 6 77.8742
    endloop
  endfacet
  facet normal 0.671805 0 0.740728
    outer loop
      vertex 36.2554 0 77.8742
      vertex 36.0555 6 78.0555
      vertex 36.0555 0 78.0555
    endloop
  endfacet
  facet normal -0.857656 0 -0.514223
    outer loop
      vertex 40.4253 0 81.2963
      vertex 40.2865 6 81.5278
      vertex 40.4253 6 81.2963
    endloop
  endfacet
  facet normal -0.857656 -0 -0.514223
    outer loop
      vertex 40.2865 6 81.5278
      vertex 40.4253 0 81.2963
      vertex 40.2865 0 81.5278
    endloop
  endfacet
  facet normal -0.336829 0 0.941566
    outer loop
      vertex 38.7983 6 77.3684
      vertex 39.0524 0 77.4593
      vertex 39.0524 6 77.4593
    endloop
  endfacet
  facet normal -0.336829 0 0.941566
    outer loop
      vertex 39.0524 0 77.4593
      vertex 38.7983 6 77.3684
      vertex 38.7983 0 77.3684
    endloop
  endfacet
  facet normal 0.336829 0 0.941566
    outer loop
      vertex 36.9476 6 77.4593
      vertex 37.2017 0 77.3684
      vertex 37.2017 6 77.3684
    endloop
  endfacet
  facet normal 0.336829 0 0.941566
    outer loop
      vertex 37.2017 0 77.3684
      vertex 36.9476 6 77.4593
      vertex 36.9476 0 77.4593
    endloop
  endfacet
  facet normal -0.427688 0 -0.903926
    outer loop
      vertex 39.0524 0 82.5407
      vertex 39.2963 6 82.4253
      vertex 39.2963 0 82.4253
    endloop
  endfacet
  facet normal -0.427688 0 -0.903926
    outer loop
      vertex 39.2963 6 82.4253
      vertex 39.0524 0 82.5407
      vertex 39.0524 6 82.5407
    endloop
  endfacet
  facet normal 0.243059 0 0.970012
    outer loop
      vertex 37.2017 6 77.3684
      vertex 37.4635 0 77.3028
      vertex 37.4635 6 77.3028
    endloop
  endfacet
  facet normal 0.243059 0 0.970012
    outer loop
      vertex 37.4635 0 77.3028
      vertex 37.2017 6 77.3684
      vertex 37.2017 0 77.3684
    endloop
  endfacet
  facet normal 0.740728 -0 0.671805
    outer loop
      vertex 35.8742 0 78.2554
      vertex 36.0555 6 78.0555
      vertex 35.8742 6 78.2554
    endloop
  endfacet
  facet normal 0.740728 0 0.671805
    outer loop
      vertex 36.0555 6 78.0555
      vertex 35.8742 0 78.2554
      vertex 36.0555 0 78.0555
    endloop
  endfacet
  facet normal 0.671805 0 -0.740728
    outer loop
      vertex 36.0555 0 81.9445
      vertex 36.2554 6 82.1258
      vertex 36.2554 0 82.1258
    endloop
  endfacet
  facet normal 0.671805 0 -0.740728
    outer loop
      vertex 36.2554 6 82.1258
      vertex 36.0555 0 81.9445
      vertex 36.0555 6 81.9445
    endloop
  endfacet
  facet normal 0.98918 0 -0.14671
    outer loop
      vertex 35.3028 0 80.5365
      vertex 35.2632 6 80.2695
      vertex 35.3028 6 80.5365
    endloop
  endfacet
  facet normal 0.98918 0 -0.14671
    outer loop
      vertex 35.2632 6 80.2695
      vertex 35.3028 0 80.5365
      vertex 35.2632 0 80.2695
    endloop
  endfacet
  facet normal -0.998803 0 0.0489209
    outer loop
      vertex 40.7368 0 79.7305
      vertex 40.75 6 80
      vertex 40.7368 6 79.7305
    endloop
  endfacet
  facet normal -0.998803 0 0.0489209
    outer loop
      vertex 40.75 6 80
      vertex 40.7368 0 79.7305
      vertex 40.75 0 80
    endloop
  endfacet
  facet normal -0.740728 0 -0.671805
    outer loop
      vertex 40.1258 0 81.7446
      vertex 39.9445 6 81.9445
      vertex 40.1258 6 81.7446
    endloop
  endfacet
  facet normal -0.740728 -0 -0.671805
    outer loop
      vertex 39.9445 6 81.9445
      vertex 40.1258 0 81.7446
      vertex 39.9445 0 81.9445
    endloop
  endfacet
  facet normal -0.336829 0 -0.941566
    outer loop
      vertex 38.7983 0 82.6316
      vertex 39.0524 6 82.5407
      vertex 39.0524 0 82.5407
    endloop
  endfacet
  facet normal -0.336829 0 -0.941566
    outer loop
      vertex 39.0524 6 82.5407
      vertex 38.7983 0 82.6316
      vertex 38.7983 6 82.6316
    endloop
  endfacet
  facet normal 0.427688 0 0.903926
    outer loop
      vertex 36.7037 6 77.5747
      vertex 36.9476 0 77.4593
      vertex 36.9476 6 77.4593
    endloop
  endfacet
  facet normal 0.427688 0 0.903926
    outer loop
      vertex 36.9476 0 77.4593
      vertex 36.7037 6 77.5747
      vertex 36.7037 0 77.5747
    endloop
  endfacet
  facet normal -0.803367 0 0.595485
    outer loop
      vertex 40.1258 0 78.2554
      vertex 40.2865 6 78.4722
      vertex 40.1258 6 78.2554
    endloop
  endfacet
  facet normal -0.803367 0 0.595485
    outer loop
      vertex 40.2865 6 78.4722
      vertex 40.1258 0 78.2554
      vertex 40.2865 0 78.4722
    endloop
  endfacet
  facet normal 0.970012 0 -0.243059
    outer loop
      vertex 35.3684 0 80.7983
      vertex 35.3028 6 80.5365
      vertex 35.3684 6 80.7983
    endloop
  endfacet
  facet normal 0.970012 0 -0.243059
    outer loop
      vertex 35.3028 6 80.5365
      vertex 35.3684 0 80.7983
      vertex 35.3028 0 80.5365
    endloop
  endfacet
  facet normal 0.903926 0 -0.427688
    outer loop
      vertex 35.5747 0 81.2963
      vertex 35.4593 6 81.0524
      vertex 35.5747 6 81.2963
    endloop
  endfacet
  facet normal 0.903926 0 -0.427688
    outer loop
      vertex 35.4593 6 81.0524
      vertex 35.5747 0 81.2963
      vertex 35.4593 0 81.0524
    endloop
  endfacet
  facet normal 0.14671 0 -0.98918
    outer loop
      vertex 37.4635 0 82.6972
      vertex 37.7305 6 82.7368
      vertex 37.7305 0 82.7368
    endloop
  endfacet
  facet normal 0.14671 0 -0.98918
    outer loop
      vertex 37.7305 6 82.7368
      vertex 37.4635 0 82.6972
      vertex 37.4635 6 82.6972
    endloop
  endfacet
  facet normal -0.941566 0 0.336829
    outer loop
      vertex 40.5407 0 78.9476
      vertex 40.6316 6 79.2017
      vertex 40.5407 6 78.9476
    endloop
  endfacet
  facet normal -0.941566 0 0.336829
    outer loop
      vertex 40.6316 6 79.2017
      vertex 40.5407 0 78.9476
      vertex 40.6316 0 79.2017
    endloop
  endfacet
  facet normal 0.903926 -0 0.427688
    outer loop
      vertex 35.4593 0 78.9476
      vertex 35.5747 6 78.7037
      vertex 35.4593 6 78.9476
    endloop
  endfacet
  facet normal 0.903926 0 0.427688
    outer loop
      vertex 35.5747 6 78.7037
      vertex 35.4593 0 78.9476
      vertex 35.5747 0 78.7037
    endloop
  endfacet
  facet normal -0.514223 0 -0.857656
    outer loop
      vertex 39.2963 0 82.4253
      vertex 39.5278 6 82.2865
      vertex 39.5278 0 82.2865
    endloop
  endfacet
  facet normal -0.514223 0 -0.857656
    outer loop
      vertex 39.5278 6 82.2865
      vertex 39.2963 0 82.4253
      vertex 39.2963 6 82.4253
    endloop
  endfacet
  facet normal 0.970012 -0 0.243059
    outer loop
      vertex 35.3028 0 79.4635
      vertex 35.3684 6 79.2017
      vertex 35.3028 6 79.4635
    endloop
  endfacet
  facet normal 0.970012 0 0.243059
    outer loop
      vertex 35.3684 6 79.2017
      vertex 35.3028 0 79.4635
      vertex 35.3684 0 79.2017
    endloop
  endfacet
  facet normal -0.740728 0 0.671805
    outer loop
      vertex 39.9445 0 78.0555
      vertex 40.1258 6 78.2554
      vertex 39.9445 6 78.0555
    endloop
  endfacet
  facet normal -0.740728 0 0.671805
    outer loop
      vertex 40.1258 6 78.2554
      vertex 39.9445 0 78.0555
      vertex 40.1258 0 78.2554
    endloop
  endfacet
  facet normal -0.671805 0 -0.740728
    outer loop
      vertex 39.7446 0 82.1258
      vertex 39.9445 6 81.9445
      vertex 39.9445 0 81.9445
    endloop
  endfacet
  facet normal -0.671805 0 -0.740728
    outer loop
      vertex 39.9445 6 81.9445
      vertex 39.7446 0 82.1258
      vertex 39.7446 6 82.1258
    endloop
  endfacet
  facet normal -0.671805 0 0.740728
    outer loop
      vertex 39.7446 6 77.8742
      vertex 39.9445 0 78.0555
      vertex 39.9445 6 78.0555
    endloop
  endfacet
  facet normal -0.671805 0 0.740728
    outer loop
      vertex 39.9445 0 78.0555
      vertex 39.7446 6 77.8742
      vertex 39.7446 0 77.8742
    endloop
  endfacet
  facet normal 0.427688 0 -0.903926
    outer loop
      vertex 36.7037 0 82.4253
      vertex 36.9476 6 82.5407
      vertex 36.9476 0 82.5407
    endloop
  endfacet
  facet normal 0.427688 0 -0.903926
    outer loop
      vertex 36.9476 6 82.5407
      vertex 36.7037 0 82.4253
      vertex 36.7037 6 82.4253
    endloop
  endfacet
  facet normal 0.998803 0 -0.0489209
    outer loop
      vertex 35.2632 0 80.2695
      vertex 35.25 6 80
      vertex 35.2632 6 80.2695
    endloop
  endfacet
  facet normal 0.998803 0 -0.0489209
    outer loop
      vertex 35.25 6 80
      vertex 35.2632 0 80.2695
      vertex 35.25 0 80
    endloop
  endfacet
  facet normal -0.595485 0 0.803367
    outer loop
      vertex 39.5278 6 77.7135
      vertex 39.7446 0 77.8742
      vertex 39.7446 6 77.8742
    endloop
  endfacet
  facet normal -0.595485 0 0.803367
    outer loop
      vertex 39.7446 0 77.8742
      vertex 39.5278 6 77.7135
      vertex 39.5278 0 77.7135
    endloop
  endfacet
  facet normal 0.998803 -0 0.0489209
    outer loop
      vertex 35.25 0 80
      vertex 35.2632 6 79.7305
      vertex 35.25 6 80
    endloop
  endfacet
  facet normal 0.998803 0 0.0489209
    outer loop
      vertex 35.2632 6 79.7305
      vertex 35.25 0 80
      vertex 35.2632 0 79.7305
    endloop
  endfacet
  facet normal 0.803367 0 -0.595485
    outer loop
      vertex 35.8742 0 81.7446
      vertex 35.7135 6 81.5278
      vertex 35.8742 6 81.7446
    endloop
  endfacet
  facet normal 0.803367 0 -0.595485
    outer loop
      vertex 35.7135 6 81.5278
      vertex 35.8742 0 81.7446
      vertex 35.7135 0 81.5278
    endloop
  endfacet
  facet normal 0.514223 0 -0.857656
    outer loop
      vertex 36.4722 0 82.2865
      vertex 36.7037 6 82.4253
      vertex 36.7037 0 82.4253
    endloop
  endfacet
  facet normal 0.514223 0 -0.857656
    outer loop
      vertex 36.7037 6 82.4253
      vertex 36.4722 0 82.2865
      vertex 36.4722 6 82.2865
    endloop
  endfacet
  facet normal 0.98918 -0 0.14671
    outer loop
      vertex 35.2632 0 79.7305
      vertex 35.3028 6 79.4635
      vertex 35.2632 6 79.7305
    endloop
  endfacet
  facet normal 0.98918 0 0.14671
    outer loop
      vertex 35.3028 6 79.4635
      vertex 35.2632 0 79.7305
      vertex 35.3028 0 79.4635
    endloop
  endfacet
  facet normal -0.427688 0 0.903926
    outer loop
      vertex 39.0524 6 77.4593
      vertex 39.2963 0 77.5747
      vertex 39.2963 6 77.5747
    endloop
  endfacet
  facet normal -0.427688 0 0.903926
    outer loop
      vertex 39.2963 0 77.5747
      vertex 39.0524 6 77.4593
      vertex 39.0524 0 77.4593
    endloop
  endfacet
  facet normal -0.98918 0 -0.14671
    outer loop
      vertex 40.7368 0 80.2695
      vertex 40.6972 6 80.5365
      vertex 40.7368 6 80.2695
    endloop
  endfacet
  facet normal -0.98918 -0 -0.14671
    outer loop
      vertex 40.6972 6 80.5365
      vertex 40.7368 0 80.2695
      vertex 40.6972 0 80.5365
    endloop
  endfacet
  facet normal -0.0489209 0 0.998803
    outer loop
      vertex 38 6 77.25
      vertex 38.2695 0 77.2632
      vertex 38.2695 6 77.2632
    endloop
  endfacet
  facet normal -0.0489209 0 0.998803
    outer loop
      vertex 38.2695 0 77.2632
      vertex 38 6 77.25
      vertex 38 0 77.25
    endloop
  endfacet
  facet normal 0.0489209 0 0.998803
    outer loop
      vertex 37.7305 6 77.2632
      vertex 38 0 77.25
      vertex 38 6 77.25
    endloop
  endfacet
  facet normal 0.0489209 0 0.998803
    outer loop
      vertex 38 0 77.25
      vertex 37.7305 6 77.2632
      vertex 37.7305 0 77.2632
    endloop
  endfacet
  facet normal 0.941566 0 -0.336829
    outer loop
      vertex 35.4593 0 81.0524
      vertex 35.3684 6 80.7983
      vertex 35.4593 6 81.0524
    endloop
  endfacet
  facet normal 0.941566 0 -0.336829
    outer loop
      vertex 35.3684 6 80.7983
      vertex 35.4593 0 81.0524
      vertex 35.3684 0 80.7983
    endloop
  endfacet
  facet normal 0.514223 0 0.857656
    outer loop
      vertex 36.4722 6 77.7135
      vertex 36.7037 0 77.5747
      vertex 36.7037 6 77.5747
    endloop
  endfacet
  facet normal 0.514223 0 0.857656
    outer loop
      vertex 36.7037 0 77.5747
      vertex 36.4722 6 77.7135
      vertex 36.4722 0 77.7135
    endloop
  endfacet
  facet normal -0.970012 0 -0.243059
    outer loop
      vertex 40.6972 0 80.5365
      vertex 40.6316 6 80.7983
      vertex 40.6972 6 80.5365
    endloop
  endfacet
  facet normal -0.970012 -0 -0.243059
    outer loop
      vertex 40.6316 6 80.7983
      vertex 40.6972 0 80.5365
      vertex 40.6316 0 80.7983
    endloop
  endfacet
  facet normal -0.514223 0 0.857656
    outer loop
      vertex 39.2963 6 77.5747
      vertex 39.5278 0 77.7135
      vertex 39.5278 6 77.7135
    endloop
  endfacet
  facet normal -0.514223 0 0.857656
    outer loop
      vertex 39.5278 0 77.7135
      vertex 39.2963 6 77.5747
      vertex 39.2963 0 77.5747
    endloop
  endfacet
  facet normal 0.941566 -0 0.336829
    outer loop
      vertex 35.3684 0 79.2017
      vertex 35.4593 6 78.9476
      vertex 35.3684 6 79.2017
    endloop
  endfacet
  facet normal 0.941566 0 0.336829
    outer loop
      vertex 35.4593 6 78.9476
      vertex 35.3684 0 79.2017
      vertex 35.4593 0 78.9476
    endloop
  endfacet
  facet normal 0.857656 -0 0.514223
    outer loop
      vertex 35.5747 0 78.7037
      vertex 35.7135 6 78.4722
      vertex 35.5747 6 78.7037
    endloop
  endfacet
  facet normal 0.857656 0 0.514223
    outer loop
      vertex 35.7135 6 78.4722
      vertex 35.5747 0 78.7037
      vertex 35.7135 0 78.4722
    endloop
  endfacet
  facet normal -0.14671 0 -0.98918
    outer loop
      vertex 14.2695 0 82.7368
      vertex 14.5365 6 82.6972
      vertex 14.5365 0 82.6972
    endloop
  endfacet
  facet normal -0.14671 0 -0.98918
    outer loop
      vertex 14.5365 6 82.6972
      vertex 14.2695 0 82.7368
      vertex 14.2695 6 82.7368
    endloop
  endfacet
  facet normal -0.0489209 0 -0.998803
    outer loop
      vertex 14 0 82.75
      vertex 14.2695 6 82.7368
      vertex 14.2695 0 82.7368
    endloop
  endfacet
  facet normal -0.0489209 0 -0.998803
    outer loop
      vertex 14.2695 6 82.7368
      vertex 14 0 82.75
      vertex 14 6 82.75
    endloop
  endfacet
  facet normal -0.243059 0 -0.970012
    outer loop
      vertex 14.5365 0 82.6972
      vertex 14.7983 6 82.6316
      vertex 14.7983 0 82.6316
    endloop
  endfacet
  facet normal -0.243059 0 -0.970012
    outer loop
      vertex 14.7983 6 82.6316
      vertex 14.5365 0 82.6972
      vertex 14.5365 6 82.6972
    endloop
  endfacet
  facet normal -0.98918 0 0.14671
    outer loop
      vertex 16.6972 0 79.4635
      vertex 16.7368 6 79.7305
      vertex 16.6972 6 79.4635
    endloop
  endfacet
  facet normal -0.98918 0 0.14671
    outer loop
      vertex 16.7368 6 79.7305
      vertex 16.6972 0 79.4635
      vertex 16.7368 0 79.7305
    endloop
  endfacet
  facet normal -0.595485 0 -0.803367
    outer loop
      vertex 15.5278 0 82.2865
      vertex 15.7446 6 82.1258
      vertex 15.7446 0 82.1258
    endloop
  endfacet
  facet normal -0.595485 0 -0.803367
    outer loop
      vertex 15.7446 6 82.1258
      vertex 15.5278 0 82.2865
      vertex 15.5278 6 82.2865
    endloop
  endfacet
  facet normal 0.857656 0 -0.514223
    outer loop
      vertex 11.7135 0 81.5278
      vertex 11.5747 6 81.2963
      vertex 11.7135 6 81.5278
    endloop
  endfacet
  facet normal 0.857656 0 -0.514223
    outer loop
      vertex 11.5747 6 81.2963
      vertex 11.7135 0 81.5278
      vertex 11.5747 0 81.2963
    endloop
  endfacet
  facet normal -0.803367 0 -0.595485
    outer loop
      vertex 16.2865 0 81.5278
      vertex 16.1258 6 81.7446
      vertex 16.2865 6 81.5278
    endloop
  endfacet
  facet normal -0.803367 -0 -0.595485
    outer loop
      vertex 16.1258 6 81.7446
      vertex 16.2865 0 81.5278
      vertex 16.1258 0 81.7446
    endloop
  endfacet
  facet normal -0.14671 0 0.98918
    outer loop
      vertex 14.2695 6 77.2632
      vertex 14.5365 0 77.3028
      vertex 14.5365 6 77.3028
    endloop
  endfacet
  facet normal -0.14671 0 0.98918
    outer loop
      vertex 14.5365 0 77.3028
      vertex 14.2695 6 77.2632
      vertex 14.2695 0 77.2632
    endloop
  endfacet
  facet normal -0.243059 0 0.970012
    outer loop
      vertex 14.5365 6 77.3028
      vertex 14.7983 0 77.3684
      vertex 14.7983 6 77.3684
    endloop
  endfacet
  facet normal -0.243059 0 0.970012
    outer loop
      vertex 14.7983 0 77.3684
      vertex 14.5365 6 77.3028
      vertex 14.5365 0 77.3028
    endloop
  endfacet
  facet normal 0.0489209 0 -0.998803
    outer loop
      vertex 13.7305 0 82.7368
      vertex 14 6 82.75
      vertex 14 0 82.75
    endloop
  endfacet
  facet normal 0.0489209 0 -0.998803
    outer loop
      vertex 14 6 82.75
      vertex 13.7305 0 82.7368
      vertex 13.7305 6 82.7368
    endloop
  endfacet
  facet normal -0.970012 0 0.243059
    outer loop
      vertex 16.6316 0 79.2017
      vertex 16.6972 6 79.4635
      vertex 16.6316 6 79.2017
    endloop
  endfacet
  facet normal -0.970012 0 0.243059
    outer loop
      vertex 16.6972 6 79.4635
      vertex 16.6316 0 79.2017
      vertex 16.6972 0 79.4635
    endloop
  endfacet
  facet normal -0.903926 0 -0.427688
    outer loop
      vertex 16.5407 0 81.0524
      vertex 16.4253 6 81.2963
      vertex 16.5407 6 81.0524
    endloop
  endfacet
  facet normal -0.903926 -0 -0.427688
    outer loop
      vertex 16.4253 6 81.2963
      vertex 16.5407 0 81.0524
      vertex 16.4253 0 81.2963
    endloop
  endfacet
  facet normal 0.14671 0 0.98918
    outer loop
      vertex 13.4635 6 77.3028
      vertex 13.7305 0 77.2632
      vertex 13.7305 6 77.2632
    endloop
  endfacet
  facet normal 0.14671 0 0.98918
    outer loop
      vertex 13.7305 0 77.2632
      vertex 13.4635 6 77.3028
      vertex 13.4635 0 77.3028
    endloop
  endfacet
  facet normal 0.740728 0 -0.671805
    outer loop
      vertex 12.0555 0 81.9445
      vertex 11.8742 6 81.7446
      vertex 12.0555 6 81.9445
    endloop
  endfacet
  facet normal 0.740728 0 -0.671805
    outer loop
      vertex 11.8742 6 81.7446
      vertex 12.0555 0 81.9445
      vertex 11.8742 0 81.7446
    endloop
  endfacet
  facet normal -0.903926 0 0.427688
    outer loop
      vertex 16.4253 0 78.7037
      vertex 16.5407 6 78.9476
      vertex 16.4253 6 78.7037
    endloop
  endfacet
  facet normal -0.903926 0 0.427688
    outer loop
      vertex 16.5407 6 78.9476
      vertex 16.4253 0 78.7037
      vertex 16.5407 0 78.9476
    endloop
  endfacet
  facet normal 0.243059 0 -0.970012
    outer loop
      vertex 13.2017 0 82.6316
      vertex 13.4635 6 82.6972
      vertex 13.4635 0 82.6972
    endloop
  endfacet
  facet normal 0.243059 0 -0.970012
    outer loop
      vertex 13.4635 6 82.6972
      vertex 13.2017 0 82.6316
      vertex 13.2017 6 82.6316
    endloop
  endfacet
  facet normal 0.803367 -0 0.595485
    outer loop
      vertex 11.7135 0 78.4722
      vertex 11.8742 6 78.2554
      vertex 11.7135 6 78.4722
    endloop
  endfacet
  facet normal 0.803367 0 0.595485
    outer loop
      vertex 11.8742 6 78.2554
      vertex 11.7135 0 78.4722
      vertex 11.8742 0 78.2554
    endloop
  endfacet
  facet normal -0.998803 0 -0.0489209
    outer loop
      vertex 16.75 0 80
      vertex 16.7368 6 80.2695
      vertex 16.75 6 80
    endloop
  endfacet
  facet normal -0.998803 -0 -0.0489209
    outer loop
      vertex 16.7368 6 80.2695
      vertex 16.75 0 80
      vertex 16.7368 0 80.2695
    endloop
  endfacet
  facet normal 0.595485 0 0.803367
    outer loop
      vertex 12.2554 6 77.8742
      vertex 12.4722 0 77.7135
      vertex 12.4722 6 77.7135
    endloop
  endfacet
  facet normal 0.595485 0 0.803367
    outer loop
      vertex 12.4722 0 77.7135
      vertex 12.2554 6 77.8742
      vertex 12.2554 0 77.8742
    endloop
  endfacet
  facet normal 0.595485 0 -0.803367
    outer loop
      vertex 12.2554 0 82.1258
      vertex 12.4722 6 82.2865
      vertex 12.4722 0 82.2865
    endloop
  endfacet
  facet normal 0.595485 0 -0.803367
    outer loop
      vertex 12.4722 6 82.2865
      vertex 12.2554 0 82.1258
      vertex 12.2554 6 82.1258
    endloop
  endfacet
  facet normal -0.857656 0 0.514223
    outer loop
      vertex 16.2865 0 78.4722
      vertex 16.4253 6 78.7037
      vertex 16.2865 6 78.4722
    endloop
  endfacet
  facet normal -0.857656 0 0.514223
    outer loop
      vertex 16.4253 6 78.7037
      vertex 16.2865 0 78.4722
      vertex 16.4253 0 78.7037
    endloop
  endfacet
  facet normal -0.941566 0 -0.336829
    outer loop
      vertex 16.6316 0 80.7983
      vertex 16.5407 6 81.0524
      vertex 16.6316 6 80.7983
    endloop
  endfacet
  facet normal -0.941566 -0 -0.336829
    outer loop
      vertex 16.5407 6 81.0524
      vertex 16.6316 0 80.7983
      vertex 16.5407 0 81.0524
    endloop
  endfacet
  facet normal 0.671805 0 0.740728
    outer loop
      vertex 12.0555 6 78.0555
      vertex 12.2554 0 77.8742
      vertex 12.2554 6 77.8742
    endloop
  endfacet
  facet normal 0.671805 0 0.740728
    outer loop
      vertex 12.2554 0 77.8742
      vertex 12.0555 6 78.0555
      vertex 12.0555 0 78.0555
    endloop
  endfacet
  facet normal -0.857656 0 -0.514223
    outer loop
      vertex 16.4253 0 81.2963
      vertex 16.2865 6 81.5278
      vertex 16.4253 6 81.2963
    endloop
  endfacet
  facet normal -0.857656 -0 -0.514223
    outer loop
      vertex 16.2865 6 81.5278
      vertex 16.4253 0 81.2963
      vertex 16.2865 0 81.5278
    endloop
  endfacet
  facet normal -0.336829 0 0.941566
    outer loop
      vertex 14.7983 6 77.3684
      vertex 15.0524 0 77.4593
      vertex 15.0524 6 77.4593
    endloop
  endfacet
  facet normal -0.336829 0 0.941566
    outer loop
      vertex 15.0524 0 77.4593
      vertex 14.7983 6 77.3684
      vertex 14.7983 0 77.3684
    endloop
  endfacet
  facet normal 0.336829 0 0.941566
    outer loop
      vertex 12.9476 6 77.4593
      vertex 13.2017 0 77.3684
      vertex 13.2017 6 77.3684
    endloop
  endfacet
  facet normal 0.336829 0 0.941566
    outer loop
      vertex 13.2017 0 77.3684
      vertex 12.9476 6 77.4593
      vertex 12.9476 0 77.4593
    endloop
  endfacet
  facet normal -0.427688 0 -0.903926
    outer loop
      vertex 15.0524 0 82.5407
      vertex 15.2963 6 82.4253
      vertex 15.2963 0 82.4253
    endloop
  endfacet
  facet normal -0.427688 0 -0.903926
    outer loop
      vertex 15.2963 6 82.4253
      vertex 15.0524 0 82.5407
      vertex 15.0524 6 82.5407
    endloop
  endfacet
  facet normal 0.243059 0 0.970012
    outer loop
      vertex 13.2017 6 77.3684
      vertex 13.4635 0 77.3028
      vertex 13.4635 6 77.3028
    endloop
  endfacet
  facet normal 0.243059 0 0.970012
    outer loop
      vertex 13.4635 0 77.3028
      vertex 13.2017 6 77.3684
      vertex 13.2017 0 77.3684
    endloop
  endfacet
  facet normal 0.671805 0 -0.740728
    outer loop
      vertex 12.0555 0 81.9445
      vertex 12.2554 6 82.1258
      vertex 12.2554 0 82.1258
    endloop
  endfacet
  facet normal 0.671805 0 -0.740728
    outer loop
      vertex 12.2554 6 82.1258
      vertex 12.0555 0 81.9445
      vertex 12.0555 6 81.9445
    endloop
  endfacet
  facet normal 0.98918 0 -0.14671
    outer loop
      vertex 11.3028 0 80.5365
      vertex 11.2632 6 80.2695
      vertex 11.3028 6 80.5365
    endloop
  endfacet
  facet normal 0.98918 0 -0.14671
    outer loop
      vertex 11.2632 6 80.2695
      vertex 11.3028 0 80.5365
      vertex 11.2632 0 80.2695
    endloop
  endfacet
  facet normal -0.998803 0 0.0489209
    outer loop
      vertex 16.7368 0 79.7305
      vertex 16.75 6 80
      vertex 16.7368 6 79.7305
    endloop
  endfacet
  facet normal -0.998803 0 0.0489209
    outer loop
      vertex 16.75 6 80
      vertex 16.7368 0 79.7305
      vertex 16.75 0 80
    endloop
  endfacet
  facet normal -0.740728 0 -0.671805
    outer loop
      vertex 16.1258 0 81.7446
      vertex 15.9445 6 81.9445
      vertex 16.1258 6 81.7446
    endloop
  endfacet
  facet normal -0.740728 -0 -0.671805
    outer loop
      vertex 15.9445 6 81.9445
      vertex 16.1258 0 81.7446
      vertex 15.9445 0 81.9445
    endloop
  endfacet
  facet normal -0.336829 0 -0.941566
    outer loop
      vertex 14.7983 0 82.6316
      vertex 15.0524 6 82.5407
      vertex 15.0524 0 82.5407
    endloop
  endfacet
  facet normal -0.336829 0 -0.941566
    outer loop
      vertex 15.0524 6 82.5407
      vertex 14.7983 0 82.6316
      vertex 14.7983 6 82.6316
    endloop
  endfacet
  facet normal 0.427688 0 0.903926
    outer loop
      vertex 12.7037 6 77.5747
      vertex 12.9476 0 77.4593
      vertex 12.9476 6 77.4593
    endloop
  endfacet
  facet normal 0.427688 0 0.903926
    outer loop
      vertex 12.9476 0 77.4593
      vertex 12.7037 6 77.5747
      vertex 12.7037 0 77.5747
    endloop
  endfacet
  facet normal -0.803367 0 0.595485
    outer loop
      vertex 16.1258 0 78.2554
      vertex 16.2865 6 78.4722
      vertex 16.1258 6 78.2554
    endloop
  endfacet
  facet normal -0.803367 0 0.595485
    outer loop
      vertex 16.2865 6 78.4722
      vertex 16.1258 0 78.2554
      vertex 16.2865 0 78.4722
    endloop
  endfacet
  facet normal 0.970012 0 -0.243059
    outer loop
      vertex 11.3684 0 80.7983
      vertex 11.3028 6 80.5365
      vertex 11.3684 6 80.7983
    endloop
  endfacet
  facet normal 0.970012 0 -0.243059
    outer loop
      vertex 11.3028 6 80.5365
      vertex 11.3684 0 80.7983
      vertex 11.3028 0 80.5365
    endloop
  endfacet
  facet normal 0.903926 0 -0.427688
    outer loop
      vertex 11.5747 0 81.2963
      vertex 11.4593 6 81.0524
      vertex 11.5747 6 81.2963
    endloop
  endfacet
  facet normal 0.903926 0 -0.427688
    outer loop
      vertex 11.4593 6 81.0524
      vertex 11.5747 0 81.2963
      vertex 11.4593 0 81.0524
    endloop
  endfacet
  facet normal 0.14671 0 -0.98918
    outer loop
      vertex 13.4635 0 82.6972
      vertex 13.7305 6 82.7368
      vertex 13.7305 0 82.7368
    endloop
  endfacet
  facet normal 0.14671 0 -0.98918
    outer loop
      vertex 13.7305 6 82.7368
      vertex 13.4635 0 82.6972
      vertex 13.4635 6 82.6972
    endloop
  endfacet
  facet normal -0.941566 0 0.336829
    outer loop
      vertex 16.5407 0 78.9476
      vertex 16.6316 6 79.2017
      vertex 16.5407 6 78.9476
    endloop
  endfacet
  facet normal -0.941566 0 0.336829
    outer loop
      vertex 16.6316 6 79.2017
      vertex 16.5407 0 78.9476
      vertex 16.6316 0 79.2017
    endloop
  endfacet
  facet normal 0.903926 -0 0.427688
    outer loop
      vertex 11.4593 0 78.9476
      vertex 11.5747 6 78.7037
      vertex 11.4593 6 78.9476
    endloop
  endfacet
  facet normal 0.903926 0 0.427688
    outer loop
      vertex 11.5747 6 78.7037
      vertex 11.4593 0 78.9476
      vertex 11.5747 0 78.7037
    endloop
  endfacet
  facet normal -0.514223 0 -0.857656
    outer loop
      vertex 15.2963 0 82.4253
      vertex 15.5278 6 82.2865
      vertex 15.5278 0 82.2865
    endloop
  endfacet
  facet normal -0.514223 0 -0.857656
    outer loop
      vertex 15.5278 6 82.2865
      vertex 15.2963 0 82.4253
      vertex 15.2963 6 82.4253
    endloop
  endfacet
  facet normal 0.970012 -0 0.243059
    outer loop
      vertex 11.3028 0 79.4635
      vertex 11.3684 6 79.2017
      vertex 11.3028 6 79.4635
    endloop
  endfacet
  facet normal 0.970012 0 0.243059
    outer loop
      vertex 11.3684 6 79.2017
      vertex 11.3028 0 79.4635
      vertex 11.3684 0 79.2017
    endloop
  endfacet
  facet normal -0.740728 0 0.671805
    outer loop
      vertex 15.9445 0 78.0555
      vertex 16.1258 6 78.2554
      vertex 15.9445 6 78.0555
    endloop
  endfacet
  facet normal -0.740728 0 0.671805
    outer loop
      vertex 16.1258 6 78.2554
      vertex 15.9445 0 78.0555
      vertex 16.1258 0 78.2554
    endloop
  endfacet
  facet normal -0.671805 0 -0.740728
    outer loop
      vertex 15.7446 0 82.1258
      vertex 15.9445 6 81.9445
      vertex 15.9445 0 81.9445
    endloop
  endfacet
  facet normal -0.671805 0 -0.740728
    outer loop
      vertex 15.9445 6 81.9445
      vertex 15.7446 0 82.1258
      vertex 15.7446 6 82.1258
    endloop
  endfacet
  facet normal -0.671805 0 0.740728
    outer loop
      vertex 15.7446 6 77.8742
      vertex 15.9445 0 78.0555
      vertex 15.9445 6 78.0555
    endloop
  endfacet
  facet normal -0.671805 0 0.740728
    outer loop
      vertex 15.9445 0 78.0555
      vertex 15.7446 6 77.8742
      vertex 15.7446 0 77.8742
    endloop
  endfacet
  facet normal 0.427688 0 -0.903926
    outer loop
      vertex 12.7037 0 82.4253
      vertex 12.9476 6 82.5407
      vertex 12.9476 0 82.5407
    endloop
  endfacet
  facet normal 0.427688 0 -0.903926
    outer loop
      vertex 12.9476 6 82.5407
      vertex 12.7037 0 82.4253
      vertex 12.7037 6 82.4253
    endloop
  endfacet
  facet normal 0.998803 0 -0.0489209
    outer loop
      vertex 11.2632 0 80.2695
      vertex 11.25 6 80
      vertex 11.2632 6 80.2695
    endloop
  endfacet
  facet normal 0.998803 0 -0.0489209
    outer loop
      vertex 11.25 6 80
      vertex 11.2632 0 80.2695
      vertex 11.25 0 80
    endloop
  endfacet
  facet normal 0.740728 -0 0.671805
    outer loop
      vertex 11.8742 0 78.2554
      vertex 12.0555 6 78.0555
      vertex 11.8742 6 78.2554
    endloop
  endfacet
  facet normal 0.740728 0 0.671805
    outer loop
      vertex 12.0555 6 78.0555
      vertex 11.8742 0 78.2554
      vertex 12.0555 0 78.0555
    endloop
  endfacet
  facet normal -0.595485 0 0.803367
    outer loop
      vertex 15.5278 6 77.7135
      vertex 15.7446 0 77.8742
      vertex 15.7446 6 77.8742
    endloop
  endfacet
  facet normal -0.595485 0 0.803367
    outer loop
      vertex 15.7446 0 77.8742
      vertex 15.5278 6 77.7135
      vertex 15.5278 0 77.7135
    endloop
  endfacet
  facet normal 0.336829 0 -0.941566
    outer loop
      vertex 12.9476 0 82.5407
      vertex 13.2017 6 82.6316
      vertex 13.2017 0 82.6316
    endloop
  endfacet
  facet normal 0.336829 0 -0.941566
    outer loop
      vertex 13.2017 6 82.6316
      vertex 12.9476 0 82.5407
      vertex 12.9476 6 82.5407
    endloop
  endfacet
  facet normal 0.998803 -0 0.0489209
    outer loop
      vertex 11.25 0 80
      vertex 11.2632 6 79.7305
      vertex 11.25 6 80
    endloop
  endfacet
  facet normal 0.998803 0 0.0489209
    outer loop
      vertex 11.2632 6 79.7305
      vertex 11.25 0 80
      vertex 11.2632 0 79.7305
    endloop
  endfacet
  facet normal 0.803367 0 -0.595485
    outer loop
      vertex 11.8742 0 81.7446
      vertex 11.7135 6 81.5278
      vertex 11.8742 6 81.7446
    endloop
  endfacet
  facet normal 0.803367 0 -0.595485
    outer loop
      vertex 11.7135 6 81.5278
      vertex 11.8742 0 81.7446
      vertex 11.7135 0 81.5278
    endloop
  endfacet
  facet normal 0.514223 0 -0.857656
    outer loop
      vertex 12.4722 0 82.2865
      vertex 12.7037 6 82.4253
      vertex 12.7037 0 82.4253
    endloop
  endfacet
  facet normal 0.514223 0 -0.857656
    outer loop
      vertex 12.7037 6 82.4253
      vertex 12.4722 0 82.2865
      vertex 12.4722 6 82.2865
    endloop
  endfacet
  facet normal 0.98918 -0 0.14671
    outer loop
      vertex 11.2632 0 79.7305
      vertex 11.3028 6 79.4635
      vertex 11.2632 6 79.7305
    endloop
  endfacet
  facet normal 0.98918 0 0.14671
    outer loop
      vertex 11.3028 6 79.4635
      vertex 11.2632 0 79.7305
      vertex 11.3028 0 79.4635
    endloop
  endfacet
  facet normal -0.427688 0 0.903926
    outer loop
      vertex 15.0524 6 77.4593
      vertex 15.2963 0 77.5747
      vertex 15.2963 6 77.5747
    endloop
  endfacet
  facet normal -0.427688 0 0.903926
    outer loop
      vertex 15.2963 0 77.5747
      vertex 15.0524 6 77.4593
      vertex 15.0524 0 77.4593
    endloop
  endfacet
  facet normal -0.98918 0 -0.14671
    outer loop
      vertex 16.7368 0 80.2695
      vertex 16.6972 6 80.5365
      vertex 16.7368 6 80.2695
    endloop
  endfacet
  facet normal -0.98918 -0 -0.14671
    outer loop
      vertex 16.6972 6 80.5365
      vertex 16.7368 0 80.2695
      vertex 16.6972 0 80.5365
    endloop
  endfacet
  facet normal -0.0489209 0 0.998803
    outer loop
      vertex 14 6 77.25
      vertex 14.2695 0 77.2632
      vertex 14.2695 6 77.2632
    endloop
  endfacet
  facet normal -0.0489209 0 0.998803
    outer loop
      vertex 14.2695 0 77.2632
      vertex 14 6 77.25
      vertex 14 0 77.25
    endloop
  endfacet
  facet normal 0.0489209 0 0.998803
    outer loop
      vertex 13.7305 6 77.2632
      vertex 14 0 77.25
      vertex 14 6 77.25
    endloop
  endfacet
  facet normal 0.0489209 0 0.998803
    outer loop
      vertex 14 0 77.25
      vertex 13.7305 6 77.2632
      vertex 13.7305 0 77.2632
    endloop
  endfacet
  facet normal 0.941566 0 -0.336829
    outer loop
      vertex 11.4593 0 81.0524
      vertex 11.3684 6 80.7983
      vertex 11.4593 6 81.0524
    endloop
  endfacet
  facet normal 0.941566 0 -0.336829
    outer loop
      vertex 11.3684 6 80.7983
      vertex 11.4593 0 81.0524
      vertex 11.3684 0 80.7983
    endloop
  endfacet
  facet normal 0.514223 0 0.857656
    outer loop
      vertex 12.4722 6 77.7135
      vertex 12.7037 0 77.5747
      vertex 12.7037 6 77.5747
    endloop
  endfacet
  facet normal 0.514223 0 0.857656
    outer loop
      vertex 12.7037 0 77.5747
      vertex 12.4722 6 77.7135
      vertex 12.4722 0 77.7135
    endloop
  endfacet
  facet normal -0.970012 0 -0.243059
    outer loop
      vertex 16.6972 0 80.5365
      vertex 16.6316 6 80.7983
      vertex 16.6972 6 80.5365
    endloop
  endfacet
  facet normal -0.970012 -0 -0.243059
    outer loop
      vertex 16.6316 6 80.7983
      vertex 16.6972 0 80.5365
      vertex 16.6316 0 80.7983
    endloop
  endfacet
  facet normal -0.514223 0 0.857656
    outer loop
      vertex 15.2963 6 77.5747
      vertex 15.5278 0 77.7135
      vertex 15.5278 6 77.7135
    endloop
  endfacet
  facet normal -0.514223 0 0.857656
    outer loop
      vertex 15.5278 0 77.7135
      vertex 15.2963 6 77.5747
      vertex 15.2963 0 77.5747
    endloop
  endfacet
  facet normal 0.941566 -0 0.336829
    outer loop
      vertex 11.3684 0 79.2017
      vertex 11.4593 6 78.9476
      vertex 11.3684 6 79.2017
    endloop
  endfacet
  facet normal 0.941566 0 0.336829
    outer loop
      vertex 11.4593 6 78.9476
      vertex 11.3684 0 79.2017
      vertex 11.4593 0 78.9476
    endloop
  endfacet
  facet normal 0.857656 -0 0.514223
    outer loop
      vertex 11.5747 0 78.7037
      vertex 11.7135 6 78.4722
      vertex 11.5747 6 78.7037
    endloop
  endfacet
  facet normal 0.857656 0 0.514223
    outer loop
      vertex 11.7135 6 78.4722
      vertex 11.5747 0 78.7037
      vertex 11.7135 0 78.4722
    endloop
  endfacet
  facet normal 0 0 -1
    outer loop
      vertex 90 0 0
      vertex 82 38 0
      vertex 90 120 0
    endloop
  endfacet
  facet normal 0 0 -1
    outer loop
      vertex 90 0 0
      vertex 50 6 0
      vertex 82 38 0
    endloop
  endfacet
  facet normal 0 0 -1
    outer loop
      vertex 0 0 0
      vertex 50 6 0
      vertex 90 0 0
    endloop
  endfacet
  facet normal -0 0 -1
    outer loop
      vertex 50 6 0
      vertex 0 0 0
      vertex 0 6 0
    endloop
  endfacet
  facet normal -0 0 -1
    outer loop
      vertex 90 120 0
      vertex 82 38 0
      vertex 82 120 0
    endloop
  endfacet
  facet normal 0 0 1
    outer loop
      vertex 82 38 100
      vertex 90 120 100
      vertex 82 120 100
    endloop
  endfacet
  facet normal 0 0 1
    outer loop
      vertex 90 120 100
      vertex 82 38 100
      vertex 90 0 100
    endloop
  endfacet
  facet normal -0 0 1
    outer loop
      vertex 50 6 100
      vertex 90 0 100
      vertex 82 38 100
    endloop
  endfacet
  facet normal 0 0 1
    outer loop
      vertex 0 0 100
      vertex 50 6 100
      vertex 0 6 100
    endloop
  endfacet
  facet normal 0 0 1
    outer loop
      vertex 50 6 100
      vertex 0 0 100
      vertex 90 0 100
    endloop
  endfacet
  facet normal -1 0 0
    outer loop
      vertex 82 86.1531 32.1531
      vertex 82 120 0
      vertex 82 86.2068 31.939
    endloop
  endfacet
  facet normal -1 0 0
    outer loop
      vertex 82 120 100
      vertex 82 86.2392 68.2795
      vertex 82 86.25 68.5
    endloop
  endfacet
  facet normal -1 0 0
    outer loop
      vertex 82 120 0
      vertex 82 86.1531 32.1531
      vertex 82 120 100
    endloop
  endfacet
  facet normal -1 0 0
    outer loop
      vertex 82 120 100
      vertex 82 86.2068 68.0611
      vertex 82 86.2392 68.2795
    endloop
  endfacet
  facet normal -1 0 0
    outer loop
      vertex 82 86.1531 67.8469
      vertex 82 120 100
      vertex 82 86.1531 32.1531
    endloop
  endfacet
  facet normal -1 0 0
    outer loop
      vertex 82 120 100
      vertex 82 86.1531 67.8469
      vertex 82 86.2068 68.0611
    endloop
  endfacet
  facet normal -1 0 0
    outer loop
      vertex 82 86.0787 32.361
      vertex 82 86.1531 67.8469
      vertex 82 86.1531 32.1531
    endloop
  endfacet
  facet normal -1 0 0
    outer loop
      vertex 82 86.0787 32.361
      vertex 82 86.0787 67.639
      vertex 82 86.1531 67.8469
    endloop
  endfacet
  facet normal -1 0 0
    outer loop
      vertex 82 85.9843 32.5606
      vertex 82 86.0787 67.639
      vertex 82 86.0787 32.361
    endloop
  endfacet
  facet normal -1 0 0
    outer loop
      vertex 82 85.9843 32.5606
      vertex 82 85.9843 67.4394
      vertex 82 86.0787 67.639
    endloop
  endfacet
  facet normal -1 0 0
    outer loop
      vertex 82 85.8708 32.75
      vertex 82 85.9843 67.4394
      vertex 82 85.9843 32.5606
    endloop
  endfacet
  facet normal -1 0 0
    outer loop
      vertex 82 85.8708 32.75
      vertex 82 85.8708 67.25
      vertex 82 85.9843 67.4394
    endloop
  endfacet
  facet normal -1 0 0
    outer loop
      vertex 82 85.7393 32.9274
      vertex 82 85.8708 67.25
      vertex 82 85.8708 32.75
    endloop
  endfacet
  facet normal -1 0 0
    outer loop
      vertex 82 85.7393 32.9274
      vertex 82 85.7393 67.0726
      vertex 82 85.8708 67.25
    endloop
  endfacet
  facet normal -1 0 0
    outer loop
      vertex 82 85.591 33.091
      vertex 82 85.7393 67.0726
      vertex 82 85.7393 32.9274
    endloop
  endfacet
  facet normal -1 0 0
    outer loop
      vertex 82 85.591 33.091
      vertex 82 85.591 66.909
      vertex 82 85.7393 67.0726
    endloop
  endfacet
  facet normal -1 0 0
    outer loop
      vertex 82 85.4274 33.2393
      vertex 82 85.591 66.909
      vertex 82 85.591 33.091
    endloop
  endfacet
  facet normal -1 0 0
    outer loop
      vertex 82 85.4274 33.2393
      vertex 82 85.4274 66.7607
      vertex 82 85.591 66.909
    endloop
  endfacet
  facet normal -1 0 0
    outer loop
      vertex 82 85.25 33.3708
      vertex 82 85.4274 66.7607
      vertex 82 85.4274 33.2393
    endloop
  endfacet
  facet normal -1 0 0
    outer loop
      vertex 82 85.25 33.3708
      vertex 82 85.25 66.6292
      vertex 82 85.4274 66.7607
    endloop
  endfacet
  facet normal -1 0 0
    outer loop
      vertex 82 85.0606 33.4843
      vertex 82 85.25 66.6292
      vertex 82 85.25 33.3708
    endloop
  endfacet
  facet normal -1 0 0
    outer loop
      vertex 82 85.0606 33.4843
      vertex 82 85.0606 66.5157
      vertex 82 85.25 66.6292
    endloop
  endfacet
  facet normal -1 0 0
    outer loop
      vertex 82 84.861 33.5787
      vertex 82 85.0606 66.5157
      vertex 82 85.0606 33.4843
    endloop
  endfacet
  facet normal -1 0 0
    outer loop
      vertex 82 84.861 33.5787
      vertex 82 84.861 66.4213
      vertex 82 85.0606 66.5157
    endloop
  endfacet
  facet normal -1 0 0
    outer loop
      vertex 82 84.6531 33.6531
      vertex 82 84.861 66.4213
      vertex 82 84.861 33.5787
    endloop
  endfacet
  facet normal -1 0 0
    outer loop
      vertex 82 84.6531 33.6531
      vertex 82 84.6531 66.3469
      vertex 82 84.861 66.4213
    endloop
  endfacet
  facet normal -1 0 0
    outer loop
      vertex 82 84.4389 33.7068
      vertex 82 84.6531 66.3469
      vertex 82 84.6531 33.6531
    endloop
  endfacet
  facet normal -1 0 0
    outer loop
      vertex 82 84.4389 33.7068
      vertex 82 84.4389 66.2932
      vertex 82 84.6531 66.3469
    endloop
  endfacet
  facet normal -1 0 0
    outer loop
      vertex 82 84.2205 33.7392
      vertex 82 84.4389 66.2932
      vertex 82 84.4389 33.7068
    endloop
  endfacet
  facet normal -1 0 0
    outer loop
      vertex 82 84.2205 33.7392
      vertex 82 84.2205 66.2608
      vertex 82 84.4389 66.2932
    endloop
  endfacet
  facet normal -1 0 0
    outer loop
      vertex 82 84 33.75
      vertex 82 84.2205 66.2608
      vertex 82 84.2205 33.7392
    endloop
  endfacet
  facet normal -1 0 0
    outer loop
      vertex 82 84 33.75
      vertex 82 84 66.25
      vertex 82 84.2205 66.2608
    endloop
  endfacet
  facet normal -1 0 0
    outer loop
      vertex 82 83.7795 33.7392
      vertex 82 84 66.25
      vertex 82 84 33.75
    endloop
  endfacet
  facet normal -1 0 0
    outer loop
      vertex 82 83.7795 33.7392
      vertex 82 83.7795 66.2608
      vertex 82 84 66.25
    endloop
  endfacet
  facet normal -1 0 0
    outer loop
      vertex 82 83.5611 33.7068
      vertex 82 83.7795 66.2608
      vertex 82 83.7795 33.7392
    endloop
  endfacet
  facet normal -1 0 0
    outer loop
      vertex 82 83.5611 33.7068
      vertex 82 83.5611 66.2932
      vertex 82 83.7795 66.2608
    endloop
  endfacet
  facet normal -1 0 0
    outer loop
      vertex 82 83.3469 33.6531
      vertex 82 83.5611 66.2932
      vertex 82 83.5611 33.7068
    endloop
  endfacet
  facet normal -1 0 0
    outer loop
      vertex 82 83.3469 33.6531
      vertex 82 83.3469 66.3469
      vertex 82 83.5611 66.2932
    endloop
  endfacet
  facet normal -1 0 0
    outer loop
      vertex 82 83.139 33.5787
      vertex 82 83.3469 66.3469
      vertex 82 83.3469 33.6531
    endloop
  endfacet
  facet normal -1 0 0
    outer loop
      vertex 82 83.139 33.5787
      vertex 82 83.139 66.4213
      vertex 82 83.3469 66.3469
    endloop
  endfacet
  facet normal -1 0 0
    outer loop
      vertex 82 82.9394 33.4843
      vertex 82 83.139 66.4213
      vertex 82 83.139 33.5787
    endloop
  endfacet
  facet normal -1 0 0
    outer loop
      vertex 82 82.9394 33.4843
      vertex 82 82.9394 66.5157
      vertex 82 83.139 66.4213
    endloop
  endfacet
  facet normal -1 0 0
    outer loop
      vertex 82 82.75 33.3708
      vertex 82 82.9394 66.5157
      vertex 82 82.9394 33.4843
    endloop
  endfacet
  facet normal -1 0 0
    outer loop
      vertex 82 82.75 33.3708
      vertex 82 82.75 66.6292
      vertex 82 82.9394 66.5157
    endloop
  endfacet
  facet normal -1 0 0
    outer loop
      vertex 82 82.5726 33.2393
      vertex 82 82.75 66.6292
      vertex 82 82.75 33.3708
    endloop
  endfacet
  facet normal -1 0 0
    outer loop
      vertex 82 82.5726 33.2393
      vertex 82 82.5726 66.7607
      vertex 82 82.75 66.6292
    endloop
  endfacet
  facet normal -1 0 0
    outer loop
      vertex 82 82.409 33.091
      vertex 82 82.5726 66.7607
      vertex 82 82.5726 33.2393
    endloop
  endfacet
  facet normal -1 0 0
    outer loop
      vertex 82 82.409 33.091
      vertex 82 82.409 66.909
      vertex 82 82.5726 66.7607
    endloop
  endfacet
  facet normal -1 0 0
    outer loop
      vertex 82 82.2607 32.9274
      vertex 82 82.409 66.909
      vertex 82 82.409 33.091
    endloop
  endfacet
  facet normal -1 0 0
    outer loop
      vertex 82 82.2607 32.9274
      vertex 82 82.2607 67.0726
      vertex 82 82.409 66.909
    endloop
  endfacet
  facet normal -1 0 0
    outer loop
      vertex 82 82.1292 32.75
      vertex 82 82.2607 67.0726
      vertex 82 82.2607 32.9274
    endloop
  endfacet
  facet normal -1 0 0
    outer loop
      vertex 82 82.1292 32.75
      vertex 82 82.1292 67.25
      vertex 82 82.2607 67.0726
    endloop
  endfacet
  facet normal -1 0 0
    outer loop
      vertex 82 82.0157 32.5606
      vertex 82 82.1292 67.25
      vertex 82 82.1292 32.75
    endloop
  endfacet
  facet normal -1 0 0
    outer loop
      vertex 82 82.0157 32.5606
      vertex 82 82.0157 67.4394
      vertex 82 82.1292 67.25
    endloop
  endfacet
  facet normal -1 0 0
    outer loop
      vertex 82 81.9213 32.361
      vertex 82 82.0157 67.4394
      vertex 82 82.0157 32.5606
    endloop
  endfacet
  facet normal -1 0 0
    outer loop
      vertex 82 81.9213 32.361
      vertex 82 81.9213 67.639
      vertex 82 82.0157 67.4394
    endloop
  endfacet
  facet normal -1 0 0
    outer loop
      vertex 82 38 0
      vertex 82 81.9213 32.361
      vertex 82 81.8469 32.1531
    endloop
  endfacet
  facet normal -1 -0 0
    outer loop
      vertex 82 81.9213 32.361
      vertex 82 38 0
      vertex 82 81.9213 67.639
    endloop
  endfacet
  facet normal -1 0 0
    outer loop
      vertex 82 38 0
      vertex 82 81.8469 32.1531
      vertex 82 81.7932 31.939
    endloop
  endfacet
  facet normal -1 0 0
    outer loop
      vertex 82 38 100
      vertex 82 81.9213 67.639
      vertex 82 38 0
    endloop
  endfacet
  facet normal -1 0 0
    outer loop
      vertex 82 38 0
      vertex 82 81.7932 31.939
      vertex 82 81.7608 31.7205
    endloop
  endfacet
  facet normal -1 0 0
    outer loop
      vertex 82 81.9213 67.639
      vertex 82 38 100
      vertex 82 81.8469 67.8469
    endloop
  endfacet
  facet normal -1 0 0
    outer loop
      vertex 82 38 0
      vertex 82 81.7608 31.7205
      vertex 82 81.75 31.5
    endloop
  endfacet
  facet normal -1 0 0
    outer loop
      vertex 82 81.8469 67.8469
      vertex 82 38 100
      vertex 82 81.7932 68.0611
    endloop
  endfacet
  facet normal -1 0 0
    outer loop
      vertex 82 86.2392 31.7205
      vertex 82 120 0
      vertex 82 86.25 31.5
    endloop
  endfacet
  facet normal -1 0 0
    outer loop
      vertex 82 120 0
      vertex 82 86.2392 31.2795
      vertex 82 86.25 31.5
    endloop
  endfacet
  facet normal -1 0 0
    outer loop
      vertex 82 120 0
      vertex 82 86.2068 31.061
      vertex 82 86.2392 31.2795
    endloop
  endfacet
  facet normal -1 0 0
    outer loop
      vertex 82 120 0
      vertex 82 86.1531 30.8469
      vertex 82 86.2068 31.061
    endloop
  endfacet
  facet normal -1 0 0
    outer loop
      vertex 82 120 0
      vertex 82 86.0787 30.639
      vertex 82 86.1531 30.8469
    endloop
  endfacet
  facet normal -1 0 0
    outer loop
      vertex 82 120 0
      vertex 82 85.9843 30.4394
      vertex 82 86.0787 30.639
    endloop
  endfacet
  facet normal -1 0 0
    outer loop
      vertex 82 120 0
      vertex 82 85.8708 30.25
      vertex 82 85.9843 30.4394
    endloop
  endfacet
  facet normal -1 0 0
    outer loop
      vertex 82 120 0
      vertex 82 85.7393 30.0726
      vertex 82 85.8708 30.25
    endloop
  endfacet
  facet normal -1 0 0
    outer loop
      vertex 82 120 0
      vertex 82 85.591 29.909
      vertex 82 85.7393 30.0726
    endloop
  endfacet
  facet normal -1 0 0
    outer loop
      vertex 82 120 0
      vertex 82 85.4274 29.7607
      vertex 82 85.591 29.909
    endloop
  endfacet
  facet normal -1 0 0
    outer loop
      vertex 82 120 0
      vertex 82 85.25 29.6292
      vertex 82 85.4274 29.7607
    endloop
  endfacet
  facet normal -1 0 0
    outer loop
      vertex 82 120 0
      vertex 82 85.0606 29.5157
      vertex 82 85.25 29.6292
    endloop
  endfacet
  facet normal -1 0 0
    outer loop
      vertex 82 120 0
      vertex 82 84.861 29.4213
      vertex 82 85.0606 29.5157
    endloop
  endfacet
  facet normal -1 0 0
    outer loop
      vertex 82 120 0
      vertex 82 84.6531 29.3469
      vertex 82 84.861 29.4213
    endloop
  endfacet
  facet normal -1 0 0
    outer loop
      vertex 82 120 0
      vertex 82 84.4389 29.2932
      vertex 82 84.6531 29.3469
    endloop
  endfacet
  facet normal -1 0 0
    outer loop
      vertex 82 120 0
      vertex 82 84.2205 29.2608
      vertex 82 84.4389 29.2932
    endloop
  endfacet
  facet normal -1 0 0
    outer loop
      vertex 82 120 0
      vertex 82 84 29.25
      vertex 82 84.2205 29.2608
    endloop
  endfacet
  facet normal -1 0 0
    outer loop
      vertex 82 120 0
      vertex 82 83.7795 29.2608
      vertex 82 84 29.25
    endloop
  endfacet
  facet normal -1 0 0
    outer loop
      vertex 82 38 0
      vertex 82 83.7795 29.2608
      vertex 82 120 0
    endloop
  endfacet
  facet normal -1 -0 0
    outer loop
      vertex 82 83.7795 29.2608
      vertex 82 38 0
      vertex 82 83.5611 29.2932
    endloop
  endfacet
  facet normal -1 -0 0
    outer loop
      vertex 82 83.5611 29.2932
      vertex 82 38 0
      vertex 82 83.3469 29.3469
    endloop
  endfacet
  facet normal -1 -0 0
    outer loop
      vertex 82 83.3469 29.3469
      vertex 82 38 0
      vertex 82 83.139 29.4213
    endloop
  endfacet
  facet normal -1 -0 0
    outer loop
      vertex 82 83.139 29.4213
      vertex 82 38 0
      vertex 82 82.9394 29.5157
    endloop
  endfacet
  facet normal -1 -0 0
    outer loop
      vertex 82 82.9394 29.5157
      vertex 82 38 0
      vertex 82 82.75 29.6292
    endloop
  endfacet
  facet normal -1 0 0
    outer loop
      vertex 82 81.7932 68.0611
      vertex 82 38 100
      vertex 82 81.7608 68.2795
    endloop
  endfacet
  facet normal -1 -0 0
    outer loop
      vertex 82 81.7608 31.2795
      vertex 82 38 0
      vertex 82 81.75 31.5
    endloop
  endfacet
  facet normal -1 -0 0
    outer loop
      vertex 82 81.7932 31.061
      vertex 82 38 0
      vertex 82 81.7608 31.2795
    endloop
  endfacet
  facet normal -1 -0 0
    outer loop
      vertex 82 81.8469 30.8469
      vertex 82 38 0
      vertex 82 81.7932 31.061
    endloop
  endfacet
  facet normal -1 -0 0
    outer loop
      vertex 82 81.9213 30.639
      vertex 82 38 0
      vertex 82 81.8469 30.8469
    endloop
  endfacet
  facet normal -1 -0 0
    outer loop
      vertex 82 82.0157 30.4394
      vertex 82 38 0
      vertex 82 81.9213 30.639
    endloop
  endfacet
  facet normal -1 -0 0
    outer loop
      vertex 82 82.1292 30.25
      vertex 82 38 0
      vertex 82 82.0157 30.4394
    endloop
  endfacet
  facet normal -1 -0 0
    outer loop
      vertex 82 82.2607 30.0726
      vertex 82 38 0
      vertex 82 82.1292 30.25
    endloop
  endfacet
  facet normal -1 -0 0
    outer loop
      vertex 82 82.409 29.909
      vertex 82 38 0
      vertex 82 82.2607 30.0726
    endloop
  endfacet
  facet normal -1 -0 0
    outer loop
      vertex 82 82.5726 29.7607
      vertex 82 38 0
      vertex 82 82.409 29.909
    endloop
  endfacet
  facet normal -1 -0 0
    outer loop
      vertex 82 82.75 29.6292
      vertex 82 38 0
      vertex 82 82.5726 29.7607
    endloop
  endfacet
  facet normal -1 0 0
    outer loop
      vertex 82 86.2068 31.939
      vertex 82 120 0
      vertex 82 86.2392 31.7205
    endloop
  endfacet
  facet normal -1 0 0
    outer loop
      vertex 82 86.2392 68.7205
      vertex 82 120 100
      vertex 82 86.25 68.5
    endloop
  endfacet
  facet normal -1 0 0
    outer loop
      vertex 82 86.2068 68.9389
      vertex 82 120 100
      vertex 82 86.2392 68.7205
    endloop
  endfacet
  facet normal -1 0 0
    outer loop
      vertex 82 86.1531 69.1531
      vertex 82 120 100
      vertex 82 86.2068 68.9389
    endloop
  endfacet
  facet normal -1 0 0
    outer loop
      vertex 82 86.0787 69.361
      vertex 82 120 100
      vertex 82 86.1531 69.1531
    endloop
  endfacet
  facet normal -1 0 0
    outer loop
      vertex 82 85.9843 69.5606
      vertex 82 120 100
      vertex 82 86.0787 69.361
    endloop
  endfacet
  facet normal -1 0 0
    outer loop
      vertex 82 85.8708 69.75
      vertex 82 120 100
      vertex 82 85.9843 69.5606
    endloop
  endfacet
  facet normal -1 0 0
    outer loop
      vertex 82 85.7393 69.9274
      vertex 82 120 100
      vertex 82 85.8708 69.75
    endloop
  endfacet
  facet normal -1 0 0
    outer loop
      vertex 82 85.591 70.091
      vertex 82 120 100
      vertex 82 85.7393 69.9274
    endloop
  endfacet
  facet normal -1 0 0
    outer loop
      vertex 82 85.4274 70.2393
      vertex 82 120 100
      vertex 82 85.591 70.091
    endloop
  endfacet
  facet normal -1 0 0
    outer loop
      vertex 82 85.25 70.3708
      vertex 82 120 100
      vertex 82 85.4274 70.2393
    endloop
  endfacet
  facet normal -1 0 0
    outer loop
      vertex 82 85.0606 70.4843
      vertex 82 120 100
      vertex 82 85.25 70.3708
    endloop
  endfacet
  facet normal -1 0 0
    outer loop
      vertex 82 84.861 70.5787
      vertex 82 120 100
      vertex 82 85.0606 70.4843
    endloop
  endfacet
  facet normal -1 0 0
    outer loop
      vertex 82 84.6531 70.6531
      vertex 82 120 100
      vertex 82 84.861 70.5787
    endloop
  endfacet
  facet normal -1 0 0
    outer loop
      vertex 82 84.4389 70.7068
      vertex 82 120 100
      vertex 82 84.6531 70.6531
    endloop
  endfacet
  facet normal -1 0 0
    outer loop
      vertex 82 84.2205 70.7392
      vertex 82 120 100
      vertex 82 84.4389 70.7068
    endloop
  endfacet
  facet normal -1 0 0
    outer loop
      vertex 82 84 70.75
      vertex 82 120 100
      vertex 82 84.2205 70.7392
    endloop
  endfacet
  facet normal -1 0 0
    outer loop
      vertex 82 83.7795 70.7392
      vertex 82 120 100
      vertex 82 84 70.75
    endloop
  endfacet
  facet normal -1 0 0
    outer loop
      vertex 82 38 100
      vertex 82 83.7795 70.7392
      vertex 82 83.5611 70.7068
    endloop
  endfacet
  facet normal -1 0 0
    outer loop
      vertex 82 38 100
      vertex 82 83.5611 70.7068
      vertex 82 83.3469 70.6531
    endloop
  endfacet
  facet normal -1 0 0
    outer loop
      vertex 82 38 100
      vertex 82 83.3469 70.6531
      vertex 82 83.139 70.5787
    endloop
  endfacet
  facet normal -1 0 0
    outer loop
      vertex 82 38 100
      vertex 82 83.139 70.5787
      vertex 82 82.9394 70.4843
    endloop
  endfacet
  facet normal -1 0 0
    outer loop
      vertex 82 38 100
      vertex 82 82.9394 70.4843
      vertex 82 82.75 70.3708
    endloop
  endfacet
  facet normal -1 0 0
    outer loop
      vertex 82 38 100
      vertex 82 82.75 70.3708
      vertex 82 82.5726 70.2393
    endloop
  endfacet
  facet normal -1 0 0
    outer loop
      vertex 82 81.7608 68.2795
      vertex 82 38 100
      vertex 82 81.75 68.5
    endloop
  endfacet
  facet normal -1 0 0
    outer loop
      vertex 82 81.75 68.5
      vertex 82 38 100
      vertex 82 81.7608 68.7205
    endloop
  endfacet
  facet normal -1 0 0
    outer loop
      vertex 82 81.7608 68.7205
      vertex 82 38 100
      vertex 82 81.7932 68.9389
    endloop
  endfacet
  facet normal -1 0 0
    outer loop
      vertex 82 81.7932 68.9389
      vertex 82 38 100
      vertex 82 81.8469 69.1531
    endloop
  endfacet
  facet normal -1 0 0
    outer loop
      vertex 82 81.8469 69.1531
      vertex 82 38 100
      vertex 82 81.9213 69.361
    endloop
  endfacet
  facet normal -1 0 0
    outer loop
      vertex 82 81.9213 69.361
      vertex 82 38 100
      vertex 82 82.0157 69.5606
    endloop
  endfacet
  facet normal -1 0 0
    outer loop
      vertex 82 83.7795 70.7392
      vertex 82 38 100
      vertex 82 120 100
    endloop
  endfacet
  facet normal -1 0 0
    outer loop
      vertex 82 82.409 70.091
      vertex 82 38 100
      vertex 82 82.5726 70.2393
    endloop
  endfacet
  facet normal -1 0 0
    outer loop
      vertex 82 82.2607 69.9274
      vertex 82 38 100
      vertex 82 82.409 70.091
    endloop
  endfacet
  facet normal -1 0 0
    outer loop
      vertex 82 82.1292 69.75
      vertex 82 38 100
      vertex 82 82.2607 69.9274
    endloop
  endfacet
  facet normal -1 0 0
    outer loop
      vertex 82 82.0157 69.5606
      vertex 82 38 100
      vertex 82 82.1292 69.75
    endloop
  endfacet
  facet normal -0.707107 0.707107 0
    outer loop
      vertex 50 6 0
      vertex 82 38 100
      vertex 82 38 0
    endloop
  endfacet
  facet normal -0.707107 0.707107 0
    outer loop
      vertex 82 38 100
      vertex 50 6 0
      vertex 50 6 100
    endloop
  endfacet
  facet normal 0 1 0
    outer loop
      vertex 37.2017 6 77.3684
      vertex 37.2017 6 22.6316
      vertex 36.9476 6 77.4593
    endloop
  endfacet
  facet normal 0 1 0
    outer loop
      vertex 15.0524 6 77.4593
      vertex 14.2695 6 22.7368
      vertex 14 6 22.75
    endloop
  endfacet
  facet normal 0 1 0
    outer loop
      vertex 36.9476 6 22.5407
      vertex 36.9476 6 77.4593
      vertex 37.2017 6 22.6316
    endloop
  endfacet
  facet normal 0 1 0
    outer loop
      vertex 15.0524 6 77.4593
      vertex 14.5365 6 22.6972
      vertex 14.2695 6 22.7368
    endloop
  endfacet
  facet normal 0 1 0
    outer loop
      vertex 36.9476 6 77.4593
      vertex 36.9476 6 22.5407
      vertex 15.0524 6 77.4593
    endloop
  endfacet
  facet normal 0 1 0
    outer loop
      vertex 15.0524 6 77.4593
      vertex 14.7983 6 22.6316
      vertex 14.5365 6 22.6972
    endloop
  endfacet
  facet normal 0 1 0
    outer loop
      vertex 15.0524 6 22.5407
      vertex 15.0524 6 77.4593
      vertex 36.9476 6 22.5407
    endloop
  endfacet
  facet normal 0 1 0
    outer loop
      vertex 15.0524 6 77.4593
      vertex 15.0524 6 22.5407
      vertex 14.7983 6 22.6316
    endloop
  endfacet
  facet normal 0 1 -0
    outer loop
      vertex 36.7037 6 22.4253
      vertex 15.0524 6 22.5407
      vertex 36.9476 6 22.5407
    endloop
  endfacet
  facet normal 0 1 0
    outer loop
      vertex 36.7037 6 22.4253
      vertex 15.2963 6 22.4253
      vertex 15.0524 6 22.5407
    endloop
  endfacet
  facet normal 0 1 -0
    outer loop
      vertex 36.4722 6 22.2865
      vertex 15.2963 6 22.4253
      vertex 36.7037 6 22.4253
    endloop
  endfacet
  facet normal 0 1 0
    outer loop
      vertex 36.4722 6 22.2865
      vertex 15.5278 6 22.2865
      vertex 15.2963 6 22.4253
    endloop
  endfacet
  facet normal 0 1 -0
    outer loop
      vertex 36.2554 6 22.1258
      vertex 15.5278 6 22.2865
      vertex 36.4722 6 22.2865
    endloop
  endfacet
  facet normal 0 1 0
    outer loop
      vertex 36.2554 6 22.1258
      vertex 15.7446 6 22.1258
      vertex 15.5278 6 22.2865
    endloop
  endfacet
  facet normal 0 1 -0
    outer loop
      vertex 36.0555 6 21.9445
      vertex 15.7446 6 22.1258
      vertex 36.2554 6 22.1258
    endloop
  endfacet
  facet normal 0 1 0
    outer loop
      vertex 36.0555 6 21.9445
      vertex 15.9445 6 21.9445
      vertex 15.7446 6 22.1258
    endloop
  endfacet
  facet normal 0 1 -0
    outer loop
      vertex 35.8742 6 21.7446
      vertex 15.9445 6 21.9445
      vertex 36.0555 6 21.9445
    endloop
  endfacet
  facet normal 0 1 0
    outer loop
      vertex 35.8742 6 21.7446
      vertex 16.1258 6 21.7446
      vertex 15.9445 6 21.9445
    endloop
  endfacet
  facet normal 0 1 -0
    outer loop
      vertex 35.7135 6 21.5278
      vertex 16.1258 6 21.7446
      vertex 35.8742 6 21.7446
    endloop
  endfacet
  facet normal 0 1 0
    outer loop
      vertex 35.7135 6 21.5278
      vertex 16.2865 6 21.5278
      vertex 16.1258 6 21.7446
    endloop
  endfacet
  facet normal 0 1 -0
    outer loop
      vertex 35.5747 6 21.2963
      vertex 16.2865 6 21.5278
      vertex 35.7135 6 21.5278
    endloop
  endfacet
  facet normal 0 1 0
    outer loop
      vertex 35.5747 6 21.2963
      vertex 16.4253 6 21.2963
      vertex 16.2865 6 21.5278
    endloop
  endfacet
  facet normal 0 1 -0
    outer loop
      vertex 35.4593 6 21.0524
      vertex 16.4253 6 21.2963
      vertex 35.5747 6 21.2963
    endloop
  endfacet
  facet normal 0 1 0
    outer loop
      vertex 35.4593 6 21.0524
      vertex 16.5407 6 21.0524
      vertex 16.4253 6 21.2963
    endloop
  endfacet
  facet normal 0 1 -0
    outer loop
      vertex 35.3684 6 20.7983
      vertex 16.5407 6 21.0524
      vertex 35.4593 6 21.0524
    endloop
  endfacet
  facet normal 0 1 0
    outer loop
      vertex 35.3684 6 20.7983
      vertex 16.6316 6 20.7983
      vertex 16.5407 6 21.0524
    endloop
  endfacet
  facet normal 0 1 -0
    outer loop
      vertex 35.3028 6 20.5365
      vertex 16.6316 6 20.7983
      vertex 35.3684 6 20.7983
    endloop
  endfacet
  facet normal 0 1 0
    outer loop
      vertex 35.3028 6 20.5365
      vertex 16.6972 6 20.5365
      vertex 16.6316 6 20.7983
    endloop
  endfacet
  facet normal 0 1 -0
    outer loop
      vertex 35.2632 6 20.2695
      vertex 16.6972 6 20.5365
      vertex 35.3028 6 20.5365
    endloop
  endfacet
  facet normal 0 1 0
    outer loop
      vertex 35.2632 6 20.2695
      vertex 16.7368 6 20.2695
      vertex 16.6972 6 20.5365
    endloop
  endfacet
  facet normal 0 1 -0
    outer loop
      vertex 35.25 6 20
      vertex 16.7368 6 20.2695
      vertex 35.2632 6 20.2695
    endloop
  endfacet
  facet normal 0 1 0
    outer loop
      vertex 35.25 6 20
      vertex 16.75 6 20
      vertex 16.7368 6 20.2695
    endloop
  endfacet
  facet normal 0 1 0
    outer loop
      vertex 35.2632 6 19.7305
      vertex 16.75 6 20
      vertex 35.25 6 20
    endloop
  endfacet
  facet normal 0 1 0
    outer loop
      vertex 35.2632 6 19.7305
      vertex 16.7368 6 19.7305
      vertex 16.75 6 20
    endloop
  endfacet
  facet normal 0 1 0
    outer loop
      vertex 35.3028 6 19.4635
      vertex 16.7368 6 19.7305
      vertex 35.2632 6 19.7305
    endloop
  endfacet
  facet normal 0 1 0
    outer loop
      vertex 35.3028 6 19.4635
      vertex 16.6972 6 19.4635
      vertex 16.7368 6 19.7305
    endloop
  endfacet
  facet normal 0 1 0
    outer loop
      vertex 35.3684 6 19.2017
      vertex 16.6972 6 19.4635
      vertex 35.3028 6 19.4635
    endloop
  endfacet
  facet normal 0 1 0
    outer loop
      vertex 35.3684 6 19.2017
      vertex 16.6316 6 19.2017
      vertex 16.6972 6 19.4635
    endloop
  endfacet
  facet normal 0 1 0
    outer loop
      vertex 35.4593 6 18.9476
      vertex 16.6316 6 19.2017
      vertex 35.3684 6 19.2017
    endloop
  endfacet
  facet normal 0 1 0
    outer loop
      vertex 35.4593 6 18.9476
      vertex 16.5407 6 18.9476
      vertex 16.6316 6 19.2017
    endloop
  endfacet
  facet normal 0 1 0
    outer loop
      vertex 35.5747 6 18.7037
      vertex 16.5407 6 18.9476
      vertex 35.4593 6 18.9476
    endloop
  endfacet
  facet normal 0 1 0
    outer loop
      vertex 35.5747 6 18.7037
      vertex 16.4253 6 18.7037
      vertex 16.5407 6 18.9476
    endloop
  endfacet
  facet normal 0 1 0
    outer loop
      vertex 35.7135 6 18.4722
      vertex 16.4253 6 18.7037
      vertex 35.5747 6 18.7037
    endloop
  endfacet
  facet normal 0 1 0
    outer loop
      vertex 35.7135 6 18.4722
      vertex 16.2865 6 18.4722
      vertex 16.4253 6 18.7037
    endloop
  endfacet
  facet normal 0 1 0
    outer loop
      vertex 35.8742 6 18.2554
      vertex 16.2865 6 18.4722
      vertex 35.7135 6 18.4722
    endloop
  endfacet
  facet normal 0 1 0
    outer loop
      vertex 35.8742 6 18.2554
      vertex 16.1258 6 18.2554
      vertex 16.2865 6 18.4722
    endloop
  endfacet
  facet normal 0 1 0
    outer loop
      vertex 36.0555 6 18.0555
      vertex 16.1258 6 18.2554
      vertex 35.8742 6 18.2554
    endloop
  endfacet
  facet normal 0 1 0
    outer loop
      vertex 36.0555 6 18.0555
      vertex 15.9445 6 18.0555
      vertex 16.1258 6 18.2554
    endloop
  endfacet
  facet normal 0 1 0
    outer loop
      vertex 36.2554 6 17.8742
      vertex 15.9445 6 18.0555
      vertex 36.0555 6 18.0555
    endloop
  endfacet
  facet normal 0 1 0
    outer loop
      vertex 36.2554 6 17.8742
      vertex 15.7446 6 17.8742
      vertex 15.9445 6 18.0555
    endloop
  endfacet
  facet normal 0 1 0
    outer loop
      vertex 36.4722 6 17.7135
      vertex 15.7446 6 17.8742
      vertex 36.2554 6 17.8742
    endloop
  endfacet
  facet normal 0 1 0
    outer loop
      vertex 36.4722 6 17.7135
      vertex 15.5278 6 17.7135
      vertex 15.7446 6 17.8742
    endloop
  endfacet
  facet normal 0 1 0
    outer loop
      vertex 36.7037 6 17.5747
      vertex 15.5278 6 17.7135
      vertex 36.4722 6 17.7135
    endloop
  endfacet
  facet normal 0 1 0
    outer loop
      vertex 36.7037 6 17.5747
      vertex 15.2963 6 17.5747
      vertex 15.5278 6 17.7135
    endloop
  endfacet
  facet normal 0 1 0
    outer loop
      vertex 50 6 0
      vertex 36.7037 6 17.5747
      vertex 36.9476 6 17.4593
    endloop
  endfacet
  facet normal 0 1 0
    outer loop
      vertex 36.7037 6 17.5747
      vertex 50 6 0
      vertex 15.2963 6 17.5747
    endloop
  endfacet
  facet normal 0 1 0
    outer loop
      vertex 50 6 0
      vertex 36.9476 6 17.4593
      vertex 37.2017 6 17.3684
    endloop
  endfacet
  facet normal 0 1 0
    outer loop
      vertex 15.2963 6 17.5747
      vertex 50 6 0
      vertex 15.0524 6 17.4593
    endloop
  endfacet
  facet normal 0 1 0
    outer loop
      vertex 50 6 0
      vertex 37.2017 6 17.3684
      vertex 37.4635 6 17.3028
    endloop
  endfacet
  facet normal 0 1 0
    outer loop
      vertex 0 6 0
      vertex 15.0524 6 17.4593
      vertex 50 6 0
    endloop
  endfacet
  facet normal 0 1 0
    outer loop
      vertex 50 6 0
      vertex 37.4635 6 17.3028
      vertex 37.7305 6 17.2632
    endloop
  endfacet
  facet normal 0 1 0
    outer loop
      vertex 15.0524 6 17.4593
      vertex 0 6 0
      vertex 14.7983 6 17.3684
    endloop
  endfacet
  facet normal 0 1 0
    outer loop
      vertex 50 6 0
      vertex 37.7305 6 17.2632
      vertex 38 6 17.25
    endloop
  endfacet
  facet normal 0 1 0
    outer loop
      vertex 14.7983 6 17.3684
      vertex 0 6 0
      vertex 14.5365 6 17.3028
    endloop
  endfacet
  facet normal 0 1 0
    outer loop
      vertex 37.4635 6 82.6972
      vertex 50 6 100
      vertex 37.7305 6 82.7368
    endloop
  endfacet
  facet normal 0 1 0
    outer loop
      vertex 50 6 100
      vertex 14.2695 6 82.7368
      vertex 14 6 82.75
    endloop
  endfacet
  facet normal 0 1 0
    outer loop
      vertex 37.2017 6 82.6316
      vertex 50 6 100
      vertex 37.4635 6 82.6972
    endloop
  endfacet
  facet normal 0 1 0
    outer loop
      vertex 50 6 100
      vertex 14.5365 6 82.6972
      vertex 14.2695 6 82.7368
    endloop
  endfacet
  facet normal 0 1 0
    outer loop
      vertex 36.9476 6 82.5407
      vertex 50 6 100
      vertex 37.2017 6 82.6316
    endloop
  endfacet
  facet normal 0 1 0
    outer loop
      vertex 50 6 100
      vertex 14.7983 6 82.6316
      vertex 14.5365 6 82.6972
    endloop
  endfacet
  facet normal 0 1 0
    outer loop
      vertex 36.7037 6 82.4253
      vertex 50 6 100
      vertex 36.9476 6 82.5407
    endloop
  endfacet
  facet normal 0 1 0
    outer loop
      vertex 50 6 100
      vertex 15.0524 6 82.5407
      vertex 14.7983 6 82.6316
    endloop
  endfacet
  facet normal 0 1 0
    outer loop
      vertex 15.2963 6 82.4253
      vertex 50 6 100
      vertex 36.7037 6 82.4253
    endloop
  endfacet
  facet normal 0 1 0
    outer loop
      vertex 50 6 100
      vertex 15.2963 6 82.4253
      vertex 15.0524 6 82.5407
    endloop
  endfacet
  facet normal 0 1 -0
    outer loop
      vertex 36.4722 6 82.2865
      vertex 15.2963 6 82.4253
      vertex 36.7037 6 82.4253
    endloop
  endfacet
  facet normal 0 1 0
    outer loop
      vertex 36.4722 6 82.2865
      vertex 15.5278 6 82.2865
      vertex 15.2963 6 82.4253
    endloop
  endfacet
  facet normal 0 1 -0
    outer loop
      vertex 36.2554 6 82.1258
      vertex 15.5278 6 82.2865
      vertex 36.4722 6 82.2865
    endloop
  endfacet
  facet normal 0 1 0
    outer loop
      vertex 36.2554 6 82.1258
      vertex 15.7446 6 82.1258
      vertex 15.5278 6 82.2865
    endloop
  endfacet
  facet normal 0 1 -0
    outer loop
      vertex 36.0555 6 81.9445
      vertex 15.7446 6 82.1258
      vertex 36.2554 6 82.1258
    endloop
  endfacet
  facet normal 0 1 0
    outer loop
      vertex 36.0555 6 81.9445
      vertex 15.9445 6 81.9445
      vertex 15.7446 6 82.1258
    endloop
  endfacet
  facet normal 0 1 -0
    outer loop
      vertex 35.8742 6 81.7446
      vertex 15.9445 6 81.9445
      vertex 36.0555 6 81.9445
    endloop
  endfacet
  facet normal 0 1 0
    outer loop
      vertex 35.8742 6 81.7446
      vertex 16.1258 6 81.7446
      vertex 15.9445 6 81.9445
    endloop
  endfacet
  facet normal 0 1 -0
    outer loop
      vertex 35.7135 6 81.5278
      vertex 16.1258 6 81.7446
      vertex 35.8742 6 81.7446
    endloop
  endfacet
  facet normal 0 1 0
    outer loop
      vertex 35.7135 6 81.5278
      vertex 16.2865 6 81.5278
      vertex 16.1258 6 81.7446
    endloop
  endfacet
  facet normal 0 1 -0
    outer loop
      vertex 35.5747 6 81.2963
      vertex 16.2865 6 81.5278
      vertex 35.7135 6 81.5278
    endloop
  endfacet
  facet normal 0 1 0
    outer loop
      vertex 35.5747 6 81.2963
      vertex 16.4253 6 81.2963
      vertex 16.2865 6 81.5278
    endloop
  endfacet
  facet normal 0 1 -0
    outer loop
      vertex 35.4593 6 81.0524
      vertex 16.4253 6 81.2963
      vertex 35.5747 6 81.2963
    endloop
  endfacet
  facet normal 0 1 0
    outer loop
      vertex 35.4593 6 81.0524
      vertex 16.5407 6 81.0524
      vertex 16.4253 6 81.2963
    endloop
  endfacet
  facet normal 0 1 -0
    outer loop
      vertex 35.3684 6 80.7983
      vertex 16.5407 6 81.0524
      vertex 35.4593 6 81.0524
    endloop
  endfacet
  facet normal 0 1 0
    outer loop
      vertex 35.3684 6 80.7983
      vertex 16.6316 6 80.7983
      vertex 16.5407 6 81.0524
    endloop
  endfacet
  facet normal 0 1 -0
    outer loop
      vertex 35.3028 6 80.5365
      vertex 16.6316 6 80.7983
      vertex 35.3684 6 80.7983
    endloop
  endfacet
  facet normal 0 1 0
    outer loop
      vertex 35.3028 6 80.5365
      vertex 16.6972 6 80.5365
      vertex 16.6316 6 80.7983
    endloop
  endfacet
  facet normal 0 1 -0
    outer loop
      vertex 35.2632 6 80.2695
      vertex 16.6972 6 80.5365
      vertex 35.3028 6 80.5365
    endloop
  endfacet
  facet normal 0 1 0
    outer loop
      vertex 35.2632 6 80.2695
      vertex 16.7368 6 80.2695
      vertex 16.6972 6 80.5365
    endloop
  endfacet
  facet normal 0 1 -0
    outer loop
      vertex 35.25 6 80
      vertex 16.7368 6 80.2695
      vertex 35.2632 6 80.2695
    endloop
  endfacet
  facet normal 0 1 0
    outer loop
      vertex 35.25 6 80
      vertex 16.75 6 80
      vertex 16.7368 6 80.2695
    endloop
  endfacet
  facet normal 0 1 0
    outer loop
      vertex 35.2632 6 79.7305
      vertex 16.75 6 80
      vertex 35.25 6 80
    endloop
  endfacet
  facet normal 0 1 0
    outer loop
      vertex 35.2632 6 79.7305
      vertex 16.7368 6 79.7305
      vertex 16.75 6 80
    endloop
  endfacet
  facet normal 0 1 0
    outer loop
      vertex 35.3028 6 79.4635
      vertex 16.7368 6 79.7305
      vertex 35.2632 6 79.7305
    endloop
  endfacet
  facet normal 0 1 0
    outer loop
      vertex 35.3028 6 79.4635
      vertex 16.6972 6 79.4635
      vertex 16.7368 6 79.7305
    endloop
  endfacet
  facet normal 0 1 0
    outer loop
      vertex 35.3684 6 79.2017
      vertex 16.6972 6 79.4635
      vertex 35.3028 6 79.4635
    endloop
  endfacet
  facet normal 0 1 0
    outer loop
      vertex 35.3684 6 79.2017
      vertex 16.6316 6 79.2017
      vertex 16.6972 6 79.4635
    endloop
  endfacet
  facet normal 0 1 0
    outer loop
      vertex 35.4593 6 78.9476
      vertex 16.6316 6 79.2017
      vertex 35.3684 6 79.2017
    endloop
  endfacet
  facet normal 0 1 0
    outer loop
      vertex 35.4593 6 78.9476
      vertex 16.5407 6 78.9476
      vertex 16.6316 6 79.2017
    endloop
  endfacet
  facet normal 0 1 0
    outer loop
      vertex 35.5747 6 78.7037
      vertex 16.5407 6 78.9476
      vertex 35.4593 6 78.9476
    endloop
  endfacet
  facet normal 0 1 0
    outer loop
      vertex 35.5747 6 78.7037
      vertex 16.4253 6 78.7037
      vertex 16.5407 6 78.9476
    endloop
  endfacet
  facet normal 0 1 0
    outer loop
      vertex 35.7135 6 78.4722
      vertex 16.4253 6 78.7037
      vertex 35.5747 6 78.7037
    endloop
  endfacet
  facet normal 0 1 0
    outer loop
      vertex 35.7135 6 78.4722
      vertex 16.2865 6 78.4722
      vertex 16.4253 6 78.7037
    endloop
  endfacet
  facet normal 0 1 0
    outer loop
      vertex 35.8742 6 78.2554
      vertex 16.2865 6 78.4722
      vertex 35.7135 6 78.4722
    endloop
  endfacet
  facet normal 0 1 0
    outer loop
      vertex 35.8742 6 78.2554
      vertex 16.1258 6 78.2554
      vertex 16.2865 6 78.4722
    endloop
  endfacet
  facet normal 0 1 0
    outer loop
      vertex 36.0555 6 78.0555
      vertex 16.1258 6 78.2554
      vertex 35.8742 6 78.2554
    endloop
  endfacet
  facet normal 0 1 0
    outer loop
      vertex 36.0555 6 78.0555
      vertex 15.9445 6 78.0555
      vertex 16.1258 6 78.2554
    endloop
  endfacet
  facet normal 0 1 0
    outer loop
      vertex 36.2554 6 77.8742
      vertex 15.9445 6 78.0555
      vertex 36.0555 6 78.0555
    endloop
  endfacet
  facet normal 0 1 0
    outer loop
      vertex 36.2554 6 77.8742
      vertex 15.7446 6 77.8742
      vertex 15.9445 6 78.0555
    endloop
  endfacet
  facet normal 0 1 0
    outer loop
      vertex 36.4722 6 77.7135
      vertex 15.7446 6 77.8742
      vertex 36.2554 6 77.8742
    endloop
  endfacet
  facet normal 0 1 0
    outer loop
      vertex 36.4722 6 77.7135
      vertex 15.5278 6 77.7135
      vertex 15.7446 6 77.8742
    endloop
  endfacet
  facet normal 0 1 0
    outer loop
      vertex 36.7037 6 77.5747
      vertex 15.5278 6 77.7135
      vertex 36.4722 6 77.7135
    endloop
  endfacet
  facet normal 0 1 0
    outer loop
      vertex 36.7037 6 77.5747
      vertex 15.2963 6 77.5747
      vertex 15.5278 6 77.7135
    endloop
  endfacet
  facet normal 0 1 0
    outer loop
      vertex 36.9476 6 77.4593
      vertex 15.2963 6 77.5747
      vertex 36.7037 6 77.5747
    endloop
  endfacet
  facet normal 0 1 0
    outer loop
      vertex 36.9476 6 77.4593
      vertex 15.0524 6 77.4593
      vertex 15.2963 6 77.5747
    endloop
  endfacet
  facet normal 0 1 0
    outer loop
      vertex 37.4635 6 22.6972
      vertex 37.4635 6 77.3028
      vertex 37.7305 6 22.7368
    endloop
  endfacet
  facet normal 0 1 0
    outer loop
      vertex 37.4635 6 77.3028
      vertex 37.4635 6 22.6972
      vertex 37.2017 6 77.3684
    endloop
  endfacet
  facet normal 0 1 0
    outer loop
      vertex 37.7305 6 77.2632
      vertex 37.7305 6 22.7368
      vertex 37.4635 6 77.3028
    endloop
  endfacet
  facet normal 0 1 0
    outer loop
      vertex 37.2017 6 22.6316
      vertex 37.2017 6 77.3684
      vertex 37.4635 6 22.6972
    endloop
  endfacet
  facet normal 0 1 0
    outer loop
      vertex 37.7305 6 22.7368
      vertex 37.7305 6 77.2632
      vertex 38 6 22.75
    endloop
  endfacet
  facet normal 0 1 0
    outer loop
      vertex 15.0524 6 77.4593
      vertex 14 6 22.75
      vertex 14.7983 6 77.3684
    endloop
  endfacet
  facet normal 0 1 -0
    outer loop
      vertex 38 6 22.75
      vertex 37.7305 6 77.2632
      vertex 38 6 77.25
    endloop
  endfacet
  facet normal 0 1 0
    outer loop
      vertex 14.7983 6 77.3684
      vertex 14 6 22.75
      vertex 14.5365 6 77.3028
    endloop
  endfacet
  facet normal 0 1 0
    outer loop
      vertex 37.7305 6 82.7368
      vertex 50 6 100
      vertex 38 6 82.75
    endloop
  endfacet
  facet normal 0 1 0
    outer loop
      vertex 50 6 100
      vertex 38.2695 6 82.7368
      vertex 38 6 82.75
    endloop
  endfacet
  facet normal 0 1 0
    outer loop
      vertex 50 6 100
      vertex 38.5365 6 82.6972
      vertex 38.2695 6 82.7368
    endloop
  endfacet
  facet normal 0 1 0
    outer loop
      vertex 50 6 100
      vertex 38.7983 6 82.6316
      vertex 38.5365 6 82.6972
    endloop
  endfacet
  facet normal 0 1 0
    outer loop
      vertex 50 6 100
      vertex 39.0524 6 82.5407
      vertex 38.7983 6 82.6316
    endloop
  endfacet
  facet normal 0 1 0
    outer loop
      vertex 50 6 100
      vertex 39.2963 6 82.4253
      vertex 39.0524 6 82.5407
    endloop
  endfacet
  facet normal 0 1 0
    outer loop
      vertex 50 6 100
      vertex 39.5278 6 82.2865
      vertex 39.2963 6 82.4253
    endloop
  endfacet
  facet normal 0 1 0
    outer loop
      vertex 50 6 100
      vertex 39.7446 6 82.1258
      vertex 39.5278 6 82.2865
    endloop
  endfacet
  facet normal 0 1 0
    outer loop
      vertex 50 6 100
      vertex 39.9445 6 81.9445
      vertex 39.7446 6 82.1258
    endloop
  endfacet
  facet normal 0 1 0
    outer loop
      vertex 50 6 100
      vertex 40.1258 6 81.7446
      vertex 39.9445 6 81.9445
    endloop
  endfacet
  facet normal 0 1 0
    outer loop
      vertex 50 6 100
      vertex 40.2865 6 81.5278
      vertex 40.1258 6 81.7446
    endloop
  endfacet
  facet normal 0 1 0
    outer loop
      vertex 50 6 100
      vertex 40.4253 6 81.2963
      vertex 40.2865 6 81.5278
    endloop
  endfacet
  facet normal 0 1 0
    outer loop
      vertex 50 6 100
      vertex 40.5407 6 81.0524
      vertex 40.4253 6 81.2963
    endloop
  endfacet
  facet normal 0 1 0
    outer loop
      vertex 50 6 100
      vertex 40.6316 6 80.7983
      vertex 40.5407 6 81.0524
    endloop
  endfacet
  facet normal 0 1 0
    outer loop
      vertex 50 6 100
      vertex 40.6972 6 80.5365
      vertex 40.6316 6 80.7983
    endloop
  endfacet
  facet normal 0 1 0
    outer loop
      vertex 50 6 100
      vertex 40.7368 6 80.2695
      vertex 40.6972 6 80.5365
    endloop
  endfacet
  facet normal 0 1 0
    outer loop
      vertex 50 6 100
      vertex 40.75 6 80
      vertex 40.7368 6 80.2695
    endloop
  endfacet
  facet normal 0 1 0
    outer loop
      vertex 50 6 100
      vertex 40.7368 6 79.7305
      vertex 40.75 6 80
    endloop
  endfacet
  facet normal 0 1 0
    outer loop
      vertex 50 6 100
      vertex 40.6972 6 79.4635
      vertex 40.7368 6 79.7305
    endloop
  endfacet
  facet normal 0 1 0
    outer loop
      vertex 50 6 100
      vertex 40.6316 6 79.2017
      vertex 40.6972 6 79.4635
    endloop
  endfacet
  facet normal 0 1 0
    outer loop
      vertex 40.6316 6 20.7983
      vertex 40.6316 6 79.2017
      vertex 50 6 100
    endloop
  endfacet
  facet normal 0 1 0
    outer loop
      vertex 14.5365 6 77.3028
      vertex 14 6 22.75
      vertex 14.2695 6 77.2632
    endloop
  endfacet
  facet normal 0 1 0
    outer loop
      vertex 38.2695 6 77.2632
      vertex 38 6 22.75
      vertex 38 6 77.25
    endloop
  endfacet
  facet normal 0 1 0
    outer loop
      vertex 38.2695 6 22.7368
      vertex 38.2695 6 77.2632
      vertex 38.5365 6 77.3028
    endloop
  endfacet
  facet normal 0 1 0
    outer loop
      vertex 38.5365 6 22.6972
      vertex 38.5365 6 77.3028
      vertex 38.7983 6 77.3684
    endloop
  endfacet
  facet normal 0 1 0
    outer loop
      vertex 38.7983 6 22.6316
      vertex 38.7983 6 77.3684
      vertex 39.0524 6 77.4593
    endloop
  endfacet
  facet normal 0 1 0
    outer loop
      vertex 39.0524 6 22.5407
      vertex 39.0524 6 77.4593
      vertex 39.2963 6 77.5747
    endloop
  endfacet
  facet normal 0 1 0
    outer loop
      vertex 39.2963 6 22.4253
      vertex 39.2963 6 77.5747
      vertex 39.5278 6 77.7135
    endloop
  endfacet
  facet normal 0 1 0
    outer loop
      vertex 39.5278 6 22.2865
      vertex 39.5278 6 77.7135
      vertex 39.7446 6 77.8742
    endloop
  endfacet
  facet normal 0 1 0
    outer loop
      vertex 39.7446 6 22.1258
      vertex 39.7446 6 77.8742
      vertex 39.9445 6 78.0555
    endloop
  endfacet
  facet normal 0 1 0
    outer loop
      vertex 39.9445 6 21.9445
      vertex 39.9445 6 78.0555
      vertex 40.1258 6 78.2554
    endloop
  endfacet
  facet normal 0 1 0
    outer loop
      vertex 40.1258 6 21.7446
      vertex 40.1258 6 78.2554
      vertex 40.2865 6 78.4722
    endloop
  endfacet
  facet normal 0 1 0
    outer loop
      vertex 40.2865 6 21.5278
      vertex 40.2865 6 78.4722
      vertex 40.4253 6 78.7037
    endloop
  endfacet
  facet normal 0 1 0
    outer loop
      vertex 40.4253 6 21.2963
      vertex 40.4253 6 78.7037
      vertex 40.5407 6 78.9476
    endloop
  endfacet
  facet normal 0 1 0
    outer loop
      vertex 40.6316 6 79.2017
      vertex 40.6316 6 20.7983
      vertex 40.5407 6 78.9476
    endloop
  endfacet
  facet normal 0 1 0
    outer loop
      vertex 38.2695 6 77.2632
      vertex 38.2695 6 22.7368
      vertex 38 6 22.75
    endloop
  endfacet
  facet normal 0 1 0
    outer loop
      vertex 38.5365 6 77.3028
      vertex 38.5365 6 22.6972
      vertex 38.2695 6 22.7368
    endloop
  endfacet
  facet normal 0 1 0
    outer loop
      vertex 38.7983 6 77.3684
      vertex 38.7983 6 22.6316
      vertex 38.5365 6 22.6972
    endloop
  endfacet
  facet normal 0 1 0
    outer loop
      vertex 39.0524 6 77.4593
      vertex 39.0524 6 22.5407
      vertex 38.7983 6 22.6316
    endloop
  endfacet
  facet normal 0 1 0
    outer loop
      vertex 39.2963 6 77.5747
      vertex 39.2963 6 22.4253
      vertex 39.0524 6 22.5407
    endloop
  endfacet
  facet normal 0 1 0
    outer loop
      vertex 39.5278 6 77.7135
      vertex 39.5278 6 22.2865
      vertex 39.2963 6 22.4253
    endloop
  endfacet
  facet normal 0 1 0
    outer loop
      vertex 39.7446 6 77.8742
      vertex 39.7446 6 22.1258
      vertex 39.5278 6 22.2865
    endloop
  endfacet
  facet normal 0 1 0
    outer loop
      vertex 39.9445 6 78.0555
      vertex 39.9445 6 21.9445
      vertex 39.7446 6 22.1258
    endloop
  endfacet
  facet normal 0 1 0
    outer loop
      vertex 40.1258 6 78.2554
      vertex 40.1258 6 21.7446
      vertex 39.9445 6 21.9445
    endloop
  endfacet
  facet normal 0 1 0
    outer loop
      vertex 40.2865 6 78.4722
      vertex 40.2865 6 21.5278
      vertex 40.1258 6 21.7446
    endloop
  endfacet
  facet normal 0 1 0
    outer loop
      vertex 40.4253 6 78.7037
      vertex 40.4253 6 21.2963
      vertex 40.2865 6 21.5278
    endloop
  endfacet
  facet normal 0 1 0
    outer loop
      vertex 40.5407 6 78.9476
      vertex 40.5407 6 21.0524
      vertex 40.4253 6 21.2963
    endloop
  endfacet
  facet normal 0 1 0
    outer loop
      vertex 40.5407 6 78.9476
      vertex 40.6316 6 20.7983
      vertex 40.5407 6 21.0524
    endloop
  endfacet
  facet normal 0 1 -0
    outer loop
      vertex 50 6 0
      vertex 40.6316 6 20.7983
      vertex 50 6 100
    endloop
  endfacet
  facet normal 0 1 0
    outer loop
      vertex 40.6316 6 20.7983
      vertex 50 6 0
      vertex 40.6972 6 20.5365
    endloop
  endfacet
  facet normal 0 1 0
    outer loop
      vertex 40.6972 6 20.5365
      vertex 50 6 0
      vertex 40.7368 6 20.2695
    endloop
  endfacet
  facet normal 0 1 0
    outer loop
      vertex 40.7368 6 20.2695
      vertex 50 6 0
      vertex 40.75 6 20
    endloop
  endfacet
  facet normal 0 1 0
    outer loop
      vertex 14.5365 6 17.3028
      vertex 0 6 0
      vertex 14.2695 6 17.2632
    endloop
  endfacet
  facet normal 0 1 0
    outer loop
      vertex 38.2695 6 17.2632
      vertex 50 6 0
      vertex 38 6 17.25
    endloop
  endfacet
  facet normal 0 1 0
    outer loop
      vertex 38.5365 6 17.3028
      vertex 50 6 0
      vertex 38.2695 6 17.2632
    endloop
  endfacet
  facet normal 0 1 0
    outer loop
      vertex 38.7983 6 17.3684
      vertex 50 6 0
      vertex 38.5365 6 17.3028
    endloop
  endfacet
  facet normal 0 1 0
    outer loop
      vertex 39.0524 6 17.4593
      vertex 50 6 0
      vertex 38.7983 6 17.3684
    endloop
  endfacet
  facet normal 0 1 0
    outer loop
      vertex 39.2963 6 17.5747
      vertex 50 6 0
      vertex 39.0524 6 17.4593
    endloop
  endfacet
  facet normal 0 1 0
    outer loop
      vertex 39.5278 6 17.7135
      vertex 50 6 0
      vertex 39.2963 6 17.5747
    endloop
  endfacet
  facet normal 0 1 0
    outer loop
      vertex 39.7446 6 17.8742
      vertex 50 6 0
      vertex 39.5278 6 17.7135
    endloop
  endfacet
  facet normal 0 1 0
    outer loop
      vertex 39.9445 6 18.0555
      vertex 50 6 0
      vertex 39.7446 6 17.8742
    endloop
  endfacet
  facet normal 0 1 0
    outer loop
      vertex 40.1258 6 18.2554
      vertex 50 6 0
      vertex 39.9445 6 18.0555
    endloop
  endfacet
  facet normal 0 1 0
    outer loop
      vertex 40.2865 6 18.4722
      vertex 50 6 0
      vertex 40.1258 6 18.2554
    endloop
  endfacet
  facet normal 0 1 0
    outer loop
      vertex 40.4253 6 18.7037
      vertex 50 6 0
      vertex 40.2865 6 18.4722
    endloop
  endfacet
  facet normal 0 1 0
    outer loop
      vertex 40.5407 6 18.9476
      vertex 50 6 0
      vertex 40.4253 6 18.7037
    endloop
  endfacet
  facet normal 0 1 0
    outer loop
      vertex 40.6316 6 19.2017
      vertex 50 6 0
      vertex 40.5407 6 18.9476
    endloop
  endfacet
  facet normal 0 1 0
    outer loop
      vertex 40.6972 6 19.4635
      vertex 50 6 0
      vertex 40.6316 6 19.2017
    endloop
  endfacet
  facet normal 0 1 0
    outer loop
      vertex 40.7368 6 19.7305
      vertex 50 6 0
      vertex 40.6972 6 19.4635
    endloop
  endfacet
  facet normal 0 1 0
    outer loop
      vertex 40.75 6 20
      vertex 50 6 0
      vertex 40.7368 6 19.7305
    endloop
  endfacet
  facet normal 0 1 0
    outer loop
      vertex 50 6 100
      vertex 14 6 82.75
      vertex 0 6 100
    endloop
  endfacet
  facet normal 0 1 -0
    outer loop
      vertex 13.7305 6 82.7368
      vertex 0 6 100
      vertex 14 6 82.75
    endloop
  endfacet
  facet normal 0 1 -0
    outer loop
      vertex 13.4635 6 82.6972
      vertex 0 6 100
      vertex 13.7305 6 82.7368
    endloop
  endfacet
  facet normal 0 1 -0
    outer loop
      vertex 13.2017 6 82.6316
      vertex 0 6 100
      vertex 13.4635 6 82.6972
    endloop
  endfacet
  facet normal 0 1 -0
    outer loop
      vertex 12.9476 6 82.5407
      vertex 0 6 100
      vertex 13.2017 6 82.6316
    endloop
  endfacet
  facet normal 0 1 -0
    outer loop
      vertex 12.7037 6 82.4253
      vertex 0 6 100
      vertex 12.9476 6 82.5407
    endloop
  endfacet
  facet normal 0 1 -0
    outer loop
      vertex 12.4722 6 82.2865
      vertex 0 6 100
      vertex 12.7037 6 82.4253
    endloop
  endfacet
  facet normal 0 1 -0
    outer loop
      vertex 12.2554 6 82.1258
      vertex 0 6 100
      vertex 12.4722 6 82.2865
    endloop
  endfacet
  facet normal 0 1 -0
    outer loop
      vertex 12.0555 6 81.9445
      vertex 0 6 100
      vertex 12.2554 6 82.1258
    endloop
  endfacet
  facet normal 0 1 -0
    outer loop
      vertex 11.8742 6 81.7446
      vertex 0 6 100
      vertex 12.0555 6 81.9445
    endloop
  endfacet
  facet normal 0 1 -0
    outer loop
      vertex 11.7135 6 81.5278
      vertex 0 6 100
      vertex 11.8742 6 81.7446
    endloop
  endfacet
  facet normal 0 1 -0
    outer loop
      vertex 11.5747 6 81.2963
      vertex 0 6 100
      vertex 11.7135 6 81.5278
    endloop
  endfacet
  facet normal 0 1 -0
    outer loop
      vertex 11.4593 6 81.0524
      vertex 0 6 100
      vertex 11.5747 6 81.2963
    endloop
  endfacet
  facet normal 0 1 -0
    outer loop
      vertex 11.3684 6 80.7983
      vertex 0 6 100
      vertex 11.4593 6 81.0524
    endloop
  endfacet
  facet normal 0 1 -0
    outer loop
      vertex 11.3028 6 80.5365
      vertex 0 6 100
      vertex 11.3684 6 80.7983
    endloop
  endfacet
  facet normal 0 1 -0
    outer loop
      vertex 11.2632 6 80.2695
      vertex 0 6 100
      vertex 11.3028 6 80.5365
    endloop
  endfacet
  facet normal 0 1 -0
    outer loop
      vertex 11.25 6 80
      vertex 0 6 100
      vertex 11.2632 6 80.2695
    endloop
  endfacet
  facet normal 0 1 0
    outer loop
      vertex 11.2632 6 79.7305
      vertex 0 6 100
      vertex 11.25 6 80
    endloop
  endfacet
  facet normal 0 1 0
    outer loop
      vertex 11.3028 6 79.4635
      vertex 0 6 100
      vertex 11.2632 6 79.7305
    endloop
  endfacet
  facet normal 0 1 0
    outer loop
      vertex 11.3684 6 79.2017
      vertex 0 6 100
      vertex 11.3028 6 79.4635
    endloop
  endfacet
  facet normal 0 1 0
    outer loop
      vertex 11.4593 6 78.9476
      vertex 0 6 100
      vertex 11.3684 6 79.2017
    endloop
  endfacet
  facet normal 0 1 0
    outer loop
      vertex 11.4593 6 21.0524
      vertex 11.4593 6 78.9476
      vertex 11.5747 6 78.7037
    endloop
  endfacet
  facet normal 0 1 0
    outer loop
      vertex 14.2695 6 77.2632
      vertex 14 6 22.75
      vertex 14 6 77.25
    endloop
  endfacet
  facet normal 0 1 0
    outer loop
      vertex 14 6 77.25
      vertex 14 6 22.75
      vertex 13.7305 6 77.2632
    endloop
  endfacet
  facet normal 0 1 0
    outer loop
      vertex 13.7305 6 22.7368
      vertex 13.7305 6 77.2632
      vertex 14 6 22.75
    endloop
  endfacet
  facet normal 0 1 0
    outer loop
      vertex 13.7305 6 77.2632
      vertex 13.7305 6 22.7368
      vertex 13.4635 6 77.3028
    endloop
  endfacet
  facet normal 0 1 0
    outer loop
      vertex 13.4635 6 22.6972
      vertex 13.4635 6 77.3028
      vertex 13.7305 6 22.7368
    endloop
  endfacet
  facet normal 0 1 0
    outer loop
      vertex 13.4635 6 77.3028
      vertex 13.4635 6 22.6972
      vertex 13.2017 6 77.3684
    endloop
  endfacet
  facet normal 0 1 0
    outer loop
      vertex 13.2017 6 22.6316
      vertex 13.2017 6 77.3684
      vertex 13.4635 6 22.6972
    endloop
  endfacet
  facet normal 0 1 0
    outer loop
      vertex 13.2017 6 77.3684
      vertex 13.2017 6 22.6316
      vertex 12.9476 6 77.4593
    endloop
  endfacet
  facet normal 0 1 0
    outer loop
      vertex 12.9476 6 22.5407
      vertex 12.9476 6 77.4593
      vertex 13.2017 6 22.6316
    endloop
  endfacet
  facet normal 0 1 0
    outer loop
      vertex 12.9476 6 77.4593
      vertex 12.9476 6 22.5407
      vertex 12.7037 6 77.5747
    endloop
  endfacet
  facet normal 0 1 0
    outer loop
      vertex 12.7037 6 22.4253
      vertex 12.7037 6 77.5747
      vertex 12.9476 6 22.5407
    endloop
  endfacet
  facet normal 0 1 0
    outer loop
      vertex 12.7037 6 77.5747
      vertex 12.7037 6 22.4253
      vertex 12.4722 6 77.7135
    endloop
  endfacet
  facet normal 0 1 0
    outer loop
      vertex 12.4722 6 22.2865
      vertex 12.4722 6 77.7135
      vertex 12.7037 6 22.4253
    endloop
  endfacet
  facet normal 0 1 0
    outer loop
      vertex 12.4722 6 77.7135
      vertex 12.4722 6 22.2865
      vertex 12.2554 6 77.8742
    endloop
  endfacet
  facet normal 0 1 0
    outer loop
      vertex 12.2554 6 22.1258
      vertex 12.2554 6 77.8742
      vertex 12.4722 6 22.2865
    endloop
  endfacet
  facet normal 0 1 0
    outer loop
      vertex 12.2554 6 77.8742
      vertex 12.2554 6 22.1258
      vertex 12.0555 6 78.0555
    endloop
  endfacet
  facet normal 0 1 0
    outer loop
      vertex 12.0555 6 21.9445
      vertex 12.0555 6 78.0555
      vertex 12.2554 6 22.1258
    endloop
  endfacet
  facet normal 0 1 0
    outer loop
      vertex 12.0555 6 78.0555
      vertex 12.0555 6 21.9445
      vertex 11.8742 6 78.2554
    endloop
  endfacet
  facet normal 0 1 0
    outer loop
      vertex 11.8742 6 21.7446
      vertex 11.8742 6 78.2554
      vertex 12.0555 6 21.9445
    endloop
  endfacet
  facet normal 0 1 0
    outer loop
      vertex 11.8742 6 78.2554
      vertex 11.8742 6 21.7446
      vertex 11.7135 6 78.4722
    endloop
  endfacet
  facet normal 0 1 0
    outer loop
      vertex 11.7135 6 21.5278
      vertex 11.7135 6 78.4722
      vertex 11.8742 6 21.7446
    endloop
  endfacet
  facet normal 0 1 0
    outer loop
      vertex 11.7135 6 78.4722
      vertex 11.7135 6 21.5278
      vertex 11.5747 6 78.7037
    endloop
  endfacet
  facet normal 0 1 0
    outer loop
      vertex 11.5747 6 21.2963
      vertex 11.5747 6 78.7037
      vertex 11.7135 6 21.5278
    endloop
  endfacet
  facet normal 0 1 0
    outer loop
      vertex 11.4593 6 21.0524
      vertex 11.5747 6 78.7037
      vertex 11.5747 6 21.2963
    endloop
  endfacet
  facet normal 0 1 0
    outer loop
      vertex 11.4593 6 78.9476
      vertex 11.4593 6 21.0524
      vertex 0 6 100
    endloop
  endfacet
  facet normal 0 1 0
    outer loop
      vertex 0 6 0
      vertex 11.4593 6 21.0524
      vertex 11.3684 6 20.7983
    endloop
  endfacet
  facet normal 0 1 0
    outer loop
      vertex 0 6 0
      vertex 11.3684 6 20.7983
      vertex 11.3028 6 20.5365
    endloop
  endfacet
  facet normal 0 1 0
    outer loop
      vertex 0 6 0
      vertex 11.3028 6 20.5365
      vertex 11.2632 6 20.2695
    endloop
  endfacet
  facet normal 0 1 0
    outer loop
      vertex 0 6 0
      vertex 11.2632 6 20.2695
      vertex 11.25 6 20
    endloop
  endfacet
  facet normal 0 1 0
    outer loop
      vertex 0 6 0
      vertex 11.25 6 20
      vertex 11.2632 6 19.7305
    endloop
  endfacet
  facet normal 0 1 0
    outer loop
      vertex 14.2695 6 17.2632
      vertex 0 6 0
      vertex 14 6 17.25
    endloop
  endfacet
  facet normal 0 1 0
    outer loop
      vertex 14 6 17.25
      vertex 0 6 0
      vertex 13.7305 6 17.2632
    endloop
  endfacet
  facet normal 0 1 0
    outer loop
      vertex 13.7305 6 17.2632
      vertex 0 6 0
      vertex 13.4635 6 17.3028
    endloop
  endfacet
  facet normal 0 1 0
    outer loop
      vertex 13.4635 6 17.3028
      vertex 0 6 0
      vertex 13.2017 6 17.3684
    endloop
  endfacet
  facet normal 0 1 0
    outer loop
      vertex 11.4593 6 21.0524
      vertex 0 6 0
      vertex 0 6 100
    endloop
  endfacet
  facet normal 0 1 0
    outer loop
      vertex 11.3028 6 19.4635
      vertex 0 6 0
      vertex 11.2632 6 19.7305
    endloop
  endfacet
  facet normal 0 1 0
    outer loop
      vertex 11.3684 6 19.2017
      vertex 0 6 0
      vertex 11.3028 6 19.4635
    endloop
  endfacet
  facet normal 0 1 0
    outer loop
      vertex 11.4593 6 18.9476
      vertex 0 6 0
      vertex 11.3684 6 19.2017
    endloop
  endfacet
  facet normal 0 1 0
    outer loop
      vertex 11.5747 6 18.7037
      vertex 0 6 0
      vertex 11.4593 6 18.9476
    endloop
  endfacet
  facet normal 0 1 0
    outer loop
      vertex 11.7135 6 18.4722
      vertex 0 6 0
      vertex 11.5747 6 18.7037
    endloop
  endfacet
  facet normal 0 1 0
    outer loop
      vertex 11.8742 6 18.2554
      vertex 0 6 0
      vertex 11.7135 6 18.4722
    endloop
  endfacet
  facet normal 0 1 0
    outer loop
      vertex 12.0555 6 18.0555
      vertex 0 6 0
      vertex 11.8742 6 18.2554
    endloop
  endfacet
  facet normal 0 1 0
    outer loop
      vertex 12.2554 6 17.8742
      vertex 0 6 0
      vertex 12.0555 6 18.0555
    endloop
  endfacet
  facet normal 0 1 0
    outer loop
      vertex 12.4722 6 17.7135
      vertex 0 6 0
      vertex 12.2554 6 17.8742
    endloop
  endfacet
  facet normal 0 1 0
    outer loop
      vertex 12.7037 6 17.5747
      vertex 0 6 0
      vertex 12.4722 6 17.7135
    endloop
  endfacet
  facet normal 0 1 0
    outer loop
      vertex 12.9476 6 17.4593
      vertex 0 6 0
      vertex 12.7037 6 17.5747
    endloop
  endfacet
  facet normal 0 1 0
    outer loop
      vertex 13.2017 6 17.3684
      vertex 0 6 0
      vertex 12.9476 6 17.4593
    endloop
  endfacet
  facet normal -1 0 0
    outer loop
      vertex 0 0 0
      vertex 0 6 100
      vertex 0 6 0
    endloop
  endfacet
  facet normal -1 -0 0
    outer loop
      vertex 0 6 100
      vertex 0 0 0
      vertex 0 0 100
    endloop
  endfacet
  facet normal 0 -1 0
    outer loop
      vertex 14.7983 0 77.3684
      vertex 14.7983 0 22.6316
      vertex 15.0524 0 77.4593
    endloop
  endfacet
  facet normal 0 -1 0
    outer loop
      vertex 36.9476 0 77.4593
      vertex 37.7305 0 22.7368
      vertex 38 0 22.75
    endloop
  endfacet
  facet normal 0 -1 0
    outer loop
      vertex 15.0524 0 22.5407
      vertex 15.0524 0 77.4593
      vertex 14.7983 0 22.6316
    endloop
  endfacet
  facet normal 0 -1 0
    outer loop
      vertex 36.9476 0 77.4593
      vertex 37.4635 0 22.6972
      vertex 37.7305 0 22.7368
    endloop
  endfacet
  facet normal 0 -1 0
    outer loop
      vertex 15.0524 0 77.4593
      vertex 15.0524 0 22.5407
      vertex 36.9476 0 77.4593
    endloop
  endfacet
  facet normal 0 -1 0
    outer loop
      vertex 36.9476 0 77.4593
      vertex 37.2017 0 22.6316
      vertex 37.4635 0 22.6972
    endloop
  endfacet
  facet normal 0 -1 0
    outer loop
      vertex 36.9476 0 22.5407
      vertex 36.9476 0 77.4593
      vertex 15.0524 0 22.5407
    endloop
  endfacet
  facet normal 0 -1 0
    outer loop
      vertex 36.9476 0 77.4593
      vertex 36.9476 0 22.5407
      vertex 37.2017 0 22.6316
    endloop
  endfacet
  facet normal 0 -1 0
    outer loop
      vertex 15.2963 0 22.4253
      vertex 36.9476 0 22.5407
      vertex 15.0524 0 22.5407
    endloop
  endfacet
  facet normal 0 -1 0
    outer loop
      vertex 15.2963 0 22.4253
      vertex 36.7037 0 22.4253
      vertex 36.9476 0 22.5407
    endloop
  endfacet
  facet normal 0 -1 0
    outer loop
      vertex 15.5278 0 22.2865
      vertex 36.7037 0 22.4253
      vertex 15.2963 0 22.4253
    endloop
  endfacet
  facet normal 0 -1 0
    outer loop
      vertex 15.5278 0 22.2865
      vertex 36.4722 0 22.2865
      vertex 36.7037 0 22.4253
    endloop
  endfacet
  facet normal 0 -1 0
    outer loop
      vertex 15.7446 0 22.1258
      vertex 36.4722 0 22.2865
      vertex 15.5278 0 22.2865
    endloop
  endfacet
  facet normal 0 -1 0
    outer loop
      vertex 15.7446 0 22.1258
      vertex 36.2554 0 22.1258
      vertex 36.4722 0 22.2865
    endloop
  endfacet
  facet normal 0 -1 0
    outer loop
      vertex 15.9445 0 21.9445
      vertex 36.2554 0 22.1258
      vertex 15.7446 0 22.1258
    endloop
  endfacet
  facet normal 0 -1 0
    outer loop
      vertex 15.9445 0 21.9445
      vertex 36.0555 0 21.9445
      vertex 36.2554 0 22.1258
    endloop
  endfacet
  facet normal 0 -1 0
    outer loop
      vertex 16.1258 0 21.7446
      vertex 36.0555 0 21.9445
      vertex 15.9445 0 21.9445
    endloop
  endfacet
  facet normal 0 -1 0
    outer loop
      vertex 16.1258 0 21.7446
      vertex 35.8742 0 21.7446
      vertex 36.0555 0 21.9445
    endloop
  endfacet
  facet normal 0 -1 0
    outer loop
      vertex 16.2865 0 21.5278
      vertex 35.8742 0 21.7446
      vertex 16.1258 0 21.7446
    endloop
  endfacet
  facet normal 0 -1 0
    outer loop
      vertex 16.2865 0 21.5278
      vertex 35.7135 0 21.5278
      vertex 35.8742 0 21.7446
    endloop
  endfacet
  facet normal 0 -1 0
    outer loop
      vertex 16.4253 0 21.2963
      vertex 35.7135 0 21.5278
      vertex 16.2865 0 21.5278
    endloop
  endfacet
  facet normal 0 -1 0
    outer loop
      vertex 16.4253 0 21.2963
      vertex 35.5747 0 21.2963
      vertex 35.7135 0 21.5278
    endloop
  endfacet
  facet normal 0 -1 0
    outer loop
      vertex 16.5407 0 21.0524
      vertex 35.5747 0 21.2963
      vertex 16.4253 0 21.2963
    endloop
  endfacet
  facet normal 0 -1 0
    outer loop
      vertex 16.5407 0 21.0524
      vertex 35.4593 0 21.0524
      vertex 35.5747 0 21.2963
    endloop
  endfacet
  facet normal 0 -1 0
    outer loop
      vertex 16.6316 0 20.7983
      vertex 35.4593 0 21.0524
      vertex 16.5407 0 21.0524
    endloop
  endfacet
  facet normal 0 -1 0
    outer loop
      vertex 16.6316 0 20.7983
      vertex 35.3684 0 20.7983
      vertex 35.4593 0 21.0524
    endloop
  endfacet
  facet normal 0 -1 0
    outer loop
      vertex 16.6972 0 20.5365
      vertex 35.3684 0 20.7983
      vertex 16.6316 0 20.7983
    endloop
  endfacet
  facet normal 0 -1 0
    outer loop
      vertex 16.6972 0 20.5365
      vertex 35.3028 0 20.5365
      vertex 35.3684 0 20.7983
    endloop
  endfacet
  facet normal 0 -1 0
    outer loop
      vertex 16.7368 0 20.2695
      vertex 35.3028 0 20.5365
      vertex 16.6972 0 20.5365
    endloop
  endfacet
  facet normal 0 -1 0
    outer loop
      vertex 16.7368 0 20.2695
      vertex 35.2632 0 20.2695
      vertex 35.3028 0 20.5365
    endloop
  endfacet
  facet normal 0 -1 0
    outer loop
      vertex 16.75 0 20
      vertex 35.2632 0 20.2695
      vertex 16.7368 0 20.2695
    endloop
  endfacet
  facet normal 0 -1 0
    outer loop
      vertex 16.75 0 20
      vertex 35.25 0 20
      vertex 35.2632 0 20.2695
    endloop
  endfacet
  facet normal 0 -1 0
    outer loop
      vertex 16.7368 0 19.7305
      vertex 35.25 0 20
      vertex 16.75 0 20
    endloop
  endfacet
  facet normal 0 -1 0
    outer loop
      vertex 16.7368 0 19.7305
      vertex 35.2632 0 19.7305
      vertex 35.25 0 20
    endloop
  endfacet
  facet normal 0 -1 0
    outer loop
      vertex 16.6972 0 19.4635
      vertex 35.2632 0 19.7305
      vertex 16.7368 0 19.7305
    endloop
  endfacet
  facet normal 0 -1 0
    outer loop
      vertex 16.6972 0 19.4635
      vertex 35.3028 0 19.4635
      vertex 35.2632 0 19.7305
    endloop
  endfacet
  facet normal 0 -1 0
    outer loop
      vertex 16.6316 0 19.2017
      vertex 35.3028 0 19.4635
      vertex 16.6972 0 19.4635
    endloop
  endfacet
  facet normal 0 -1 0
    outer loop
      vertex 16.6316 0 19.2017
      vertex 35.3684 0 19.2017
      vertex 35.3028 0 19.4635
    endloop
  endfacet
  facet normal 0 -1 0
    outer loop
      vertex 16.5407 0 18.9476
      vertex 35.3684 0 19.2017
      vertex 16.6316 0 19.2017
    endloop
  endfacet
  facet normal 0 -1 0
    outer loop
      vertex 16.5407 0 18.9476
      vertex 35.4593 0 18.9476
      vertex 35.3684 0 19.2017
    endloop
  endfacet
  facet normal 0 -1 0
    outer loop
      vertex 16.4253 0 18.7037
      vertex 35.4593 0 18.9476
      vertex 16.5407 0 18.9476
    endloop
  endfacet
  facet normal 0 -1 0
    outer loop
      vertex 16.4253 0 18.7037
      vertex 35.5747 0 18.7037
      vertex 35.4593 0 18.9476
    endloop
  endfacet
  facet normal 0 -1 0
    outer loop
      vertex 16.2865 0 18.4722
      vertex 35.5747 0 18.7037
      vertex 16.4253 0 18.7037
    endloop
  endfacet
  facet normal 0 -1 0
    outer loop
      vertex 16.2865 0 18.4722
      vertex 35.7135 0 18.4722
      vertex 35.5747 0 18.7037
    endloop
  endfacet
  facet normal 0 -1 0
    outer loop
      vertex 16.1258 0 18.2554
      vertex 35.7135 0 18.4722
      vertex 16.2865 0 18.4722
    endloop
  endfacet
  facet normal 0 -1 0
    outer loop
      vertex 16.1258 0 18.2554
      vertex 35.8742 0 18.2554
      vertex 35.7135 0 18.4722
    endloop
  endfacet
  facet normal 0 -1 0
    outer loop
      vertex 15.9445 0 18.0555
      vertex 35.8742 0 18.2554
      vertex 16.1258 0 18.2554
    endloop
  endfacet
  facet normal 0 -1 0
    outer loop
      vertex 15.9445 0 18.0555
      vertex 36.0555 0 18.0555
      vertex 35.8742 0 18.2554
    endloop
  endfacet
  facet normal 0 -1 0
    outer loop
      vertex 15.7446 0 17.8742
      vertex 36.0555 0 18.0555
      vertex 15.9445 0 18.0555
    endloop
  endfacet
  facet normal 0 -1 0
    outer loop
      vertex 15.7446 0 17.8742
      vertex 36.2554 0 17.8742
      vertex 36.0555 0 18.0555
    endloop
  endfacet
  facet normal 0 -1 0
    outer loop
      vertex 15.5278 0 17.7135
      vertex 36.2554 0 17.8742
      vertex 15.7446 0 17.8742
    endloop
  endfacet
  facet normal 0 -1 0
    outer loop
      vertex 15.5278 0 17.7135
      vertex 36.4722 0 17.7135
      vertex 36.2554 0 17.8742
    endloop
  endfacet
  facet normal 0 -1 0
    outer loop
      vertex 15.2963 0 17.5747
      vertex 36.4722 0 17.7135
      vertex 15.5278 0 17.7135
    endloop
  endfacet
  facet normal 0 -1 0
    outer loop
      vertex 15.2963 0 17.5747
      vertex 36.7037 0 17.5747
      vertex 36.4722 0 17.7135
    endloop
  endfacet
  facet normal 0 -1 0
    outer loop
      vertex 15.0524 0 17.4593
      vertex 36.7037 0 17.5747
      vertex 15.2963 0 17.5747
    endloop
  endfacet
  facet normal 0 -1 0
    outer loop
      vertex 15.0524 0 17.4593
      vertex 36.9476 0 17.4593
      vertex 36.7037 0 17.5747
    endloop
  endfacet
  facet normal 0 -1 0
    outer loop
      vertex 0 0 0
      vertex 15.0524 0 17.4593
      vertex 14.7983 0 17.3684
    endloop
  endfacet
  facet normal 0 -1 -0
    outer loop
      vertex 15.0524 0 17.4593
      vertex 0 0 0
      vertex 36.9476 0 17.4593
    endloop
  endfacet
  facet normal 0 -1 0
    outer loop
      vertex 0 0 0
      vertex 14.7983 0 17.3684
      vertex 14.5365 0 17.3028
    endloop
  endfacet
  facet normal 0 -1 -0
    outer loop
      vertex 36.9476 0 17.4593
      vertex 0 0 0
      vertex 37.2017 0 17.3684
    endloop
  endfacet
  facet normal 0 -1 0
    outer loop
      vertex 0 0 0
      vertex 14.5365 0 17.3028
      vertex 14.2695 0 17.2632
    endloop
  endfacet
  facet normal 0 -1 -0
    outer loop
      vertex 37.2017 0 17.3684
      vertex 0 0 0
      vertex 37.4635 0 17.3028
    endloop
  endfacet
  facet normal 0 -1 0
    outer loop
      vertex 0 0 0
      vertex 14.2695 0 17.2632
      vertex 14 0 17.25
    endloop
  endfacet
  facet normal 0 -1 -0
    outer loop
      vertex 37.4635 0 17.3028
      vertex 0 0 0
      vertex 37.7305 0 17.2632
    endloop
  endfacet
  facet normal 0 -1 0
    outer loop
      vertex 14.5365 0 82.6972
      vertex 0 0 100
      vertex 14.2695 0 82.7368
    endloop
  endfacet
  facet normal 0 -1 0
    outer loop
      vertex 0 0 100
      vertex 37.7305 0 82.7368
      vertex 38 0 82.75
    endloop
  endfacet
  facet normal 0 -1 0
    outer loop
      vertex 14.7983 0 82.6316
      vertex 0 0 100
      vertex 14.5365 0 82.6972
    endloop
  endfacet
  facet normal 0 -1 0
    outer loop
      vertex 0 0 100
      vertex 37.4635 0 82.6972
      vertex 37.7305 0 82.7368
    endloop
  endfacet
  facet normal 0 -1 0
    outer loop
      vertex 15.0524 0 82.5407
      vertex 0 0 100
      vertex 14.7983 0 82.6316
    endloop
  endfacet
  facet normal 0 -1 0
    outer loop
      vertex 0 0 100
      vertex 37.2017 0 82.6316
      vertex 37.4635 0 82.6972
    endloop
  endfacet
  facet normal 0 -1 0
    outer loop
      vertex 36.9476 0 82.5407
      vertex 0 0 100
      vertex 15.0524 0 82.5407
    endloop
  endfacet
  facet normal 0 -1 0
    outer loop
      vertex 0 0 100
      vertex 36.9476 0 82.5407
      vertex 37.2017 0 82.6316
    endloop
  endfacet
  facet normal 0 -1 0
    outer loop
      vertex 15.2963 0 82.4253
      vertex 36.9476 0 82.5407
      vertex 15.0524 0 82.5407
    endloop
  endfacet
  facet normal 0 -1 0
    outer loop
      vertex 15.2963 0 82.4253
      vertex 36.7037 0 82.4253
      vertex 36.9476 0 82.5407
    endloop
  endfacet
  facet normal 0 -1 0
    outer loop
      vertex 15.5278 0 82.2865
      vertex 36.7037 0 82.4253
      vertex 15.2963 0 82.4253
    endloop
  endfacet
  facet normal 0 -1 0
    outer loop
      vertex 15.5278 0 82.2865
      vertex 36.4722 0 82.2865
      vertex 36.7037 0 82.4253
    endloop
  endfacet
  facet normal 0 -1 0
    outer loop
      vertex 15.7446 0 82.1258
      vertex 36.4722 0 82.2865
      vertex 15.5278 0 82.2865
    endloop
  endfacet
  facet normal 0 -1 0
    outer loop
      vertex 15.7446 0 82.1258
      vertex 36.2554 0 82.1258
      vertex 36.4722 0 82.2865
    endloop
  endfacet
  facet normal 0 -1 0
    outer loop
      vertex 15.9445 0 81.9445
      vertex 36.2554 0 82.1258
      vertex 15.7446 0 82.1258
    endloop
  endfacet
  facet normal 0 -1 0
    outer loop
      vertex 15.9445 0 81.9445
      vertex 36.0555 0 81.9445
      vertex 36.2554 0 82.1258
    endloop
  endfacet
  facet normal 0 -1 0
    outer loop
      vertex 16.1258 0 81.7446
      vertex 36.0555 0 81.9445
      vertex 15.9445 0 81.9445
    endloop
  endfacet
  facet normal 0 -1 0
    outer loop
      vertex 16.1258 0 81.7446
      vertex 35.8742 0 81.7446
      vertex 36.0555 0 81.9445
    endloop
  endfacet
  facet normal 0 -1 0
    outer loop
      vertex 16.2865 0 81.5278
      vertex 35.8742 0 81.7446
      vertex 16.1258 0 81.7446
    endloop
  endfacet
  facet normal 0 -1 0
    outer loop
      vertex 16.2865 0 81.5278
      vertex 35.7135 0 81.5278
      vertex 35.8742 0 81.7446
    endloop
  endfacet
  facet normal 0 -1 0
    outer loop
      vertex 16.4253 0 81.2963
      vertex 35.7135 0 81.5278
      vertex 16.2865 0 81.5278
    endloop
  endfacet
  facet normal 0 -1 0
    outer loop
      vertex 16.4253 0 81.2963
      vertex 35.5747 0 81.2963
      vertex 35.7135 0 81.5278
    endloop
  endfacet
  facet normal 0 -1 0
    outer loop
      vertex 16.5407 0 81.0524
      vertex 35.5747 0 81.2963
      vertex 16.4253 0 81.2963
    endloop
  endfacet
  facet normal 0 -1 0
    outer loop
      vertex 16.5407 0 81.0524
      vertex 35.4593 0 81.0524
      vertex 35.5747 0 81.2963
    endloop
  endfacet
  facet normal 0 -1 0
    outer loop
      vertex 16.6316 0 80.7983
      vertex 35.4593 0 81.0524
      vertex 16.5407 0 81.0524
    endloop
  endfacet
  facet normal 0 -1 0
    outer loop
      vertex 16.6316 0 80.7983
      vertex 35.3684 0 80.7983
      vertex 35.4593 0 81.0524
    endloop
  endfacet
  facet normal 0 -1 0
    outer loop
      vertex 16.6972 0 80.5365
      vertex 35.3684 0 80.7983
      vertex 16.6316 0 80.7983
    endloop
  endfacet
  facet normal 0 -1 0
    outer loop
      vertex 16.6972 0 80.5365
      vertex 35.3028 0 80.5365
      vertex 35.3684 0 80.7983
    endloop
  endfacet
  facet normal 0 -1 0
    outer loop
      vertex 16.7368 0 80.2695
      vertex 35.3028 0 80.5365
      vertex 16.6972 0 80.5365
    endloop
  endfacet
  facet normal 0 -1 0
    outer loop
      vertex 16.7368 0 80.2695
      vertex 35.2632 0 80.2695
      vertex 35.3028 0 80.5365
    endloop
  endfacet
  facet normal 0 -1 0
    outer loop
      vertex 16.75 0 80
      vertex 35.2632 0 80.2695
      vertex 16.7368 0 80.2695
    endloop
  endfacet
  facet normal 0 -1 0
    outer loop
      vertex 16.75 0 80
      vertex 35.25 0 80
      vertex 35.2632 0 80.2695
    endloop
  endfacet
  facet normal 0 -1 0
    outer loop
      vertex 16.7368 0 79.7305
      vertex 35.25 0 80
      vertex 16.75 0 80
    endloop
  endfacet
  facet normal 0 -1 0
    outer loop
      vertex 16.7368 0 79.7305
      vertex 35.2632 0 79.7305
      vertex 35.25 0 80
    endloop
  endfacet
  facet normal 0 -1 0
    outer loop
      vertex 16.6972 0 79.4635
      vertex 35.2632 0 79.7305
      vertex 16.7368 0 79.7305
    endloop
  endfacet
  facet normal 0 -1 0
    outer loop
      vertex 16.6972 0 79.4635
      vertex 35.3028 0 79.4635
      vertex 35.2632 0 79.7305
    endloop
  endfacet
  facet normal 0 -1 0
    outer loop
      vertex 16.6316 0 79.2017
      vertex 35.3028 0 79.4635
      vertex 16.6972 0 79.4635
    endloop
  endfacet
  facet normal 0 -1 0
    outer loop
      vertex 16.6316 0 79.2017
      vertex 35.3684 0 79.2017
      vertex 35.3028 0 79.4635
    endloop
  endfacet
  facet normal 0 -1 0
    outer loop
      vertex 16.5407 0 78.9476
      vertex 35.3684 0 79.2017
      vertex 16.6316 0 79.2017
    endloop
  endfacet
  facet normal 0 -1 0
    outer loop
      vertex 16.5407 0 78.9476
      vertex 35.4593 0 78.9476
      vertex 35.3684 0 79.2017
    endloop
  endfacet
  facet normal 0 -1 0
    outer loop
      vertex 16.4253 0 78.7037
      vertex 35.4593 0 78.9476
      vertex 16.5407 0 78.9476
    endloop
  endfacet
  facet normal 0 -1 0
    outer loop
      vertex 16.4253 0 78.7037
      vertex 35.5747 0 78.7037
      vertex 35.4593 0 78.9476
    endloop
  endfacet
  facet normal 0 -1 0
    outer loop
      vertex 16.2865 0 78.4722
      vertex 35.5747 0 78.7037
      vertex 16.4253 0 78.7037
    endloop
  endfacet
  facet normal 0 -1 0
    outer loop
      vertex 16.2865 0 78.4722
      vertex 35.7135 0 78.4722
      vertex 35.5747 0 78.7037
    endloop
  endfacet
  facet normal 0 -1 0
    outer loop
      vertex 16.1258 0 78.2554
      vertex 35.7135 0 78.4722
      vertex 16.2865 0 78.4722
    endloop
  endfacet
  facet normal 0 -1 0
    outer loop
      vertex 16.1258 0 78.2554
      vertex 35.8742 0 78.2554
      vertex 35.7135 0 78.4722
    endloop
  endfacet
  facet normal 0 -1 0
    outer loop
      vertex 15.9445 0 78.0555
      vertex 35.8742 0 78.2554
      vertex 16.1258 0 78.2554
    endloop
  endfacet
  facet normal 0 -1 0
    outer loop
      vertex 15.9445 0 78.0555
      vertex 36.0555 0 78.0555
      vertex 35.8742 0 78.2554
    endloop
  endfacet
  facet normal 0 -1 0
    outer loop
      vertex 15.7446 0 77.8742
      vertex 36.0555 0 78.0555
      vertex 15.9445 0 78.0555
    endloop
  endfacet
  facet normal 0 -1 0
    outer loop
      vertex 15.7446 0 77.8742
      vertex 36.2554 0 77.8742
      vertex 36.0555 0 78.0555
    endloop
  endfacet
  facet normal 0 -1 0
    outer loop
      vertex 15.5278 0 77.7135
      vertex 36.2554 0 77.8742
      vertex 15.7446 0 77.8742
    endloop
  endfacet
  facet normal 0 -1 0
    outer loop
      vertex 15.5278 0 77.7135
      vertex 36.4722 0 77.7135
      vertex 36.2554 0 77.8742
    endloop
  endfacet
  facet normal 0 -1 0
    outer loop
      vertex 15.2963 0 77.5747
      vertex 36.4722 0 77.7135
      vertex 15.5278 0 77.7135
    endloop
  endfacet
  facet normal 0 -1 0
    outer loop
      vertex 15.2963 0 77.5747
      vertex 36.7037 0 77.5747
      vertex 36.4722 0 77.7135
    endloop
  endfacet
  facet normal 0 -1 0
    outer loop
      vertex 15.0524 0 77.4593
      vertex 36.7037 0 77.5747
      vertex 15.2963 0 77.5747
    endloop
  endfacet
  facet normal 0 -1 0
    outer loop
      vertex 15.0524 0 77.4593
      vertex 36.9476 0 77.4593
      vertex 36.7037 0 77.5747
    endloop
  endfacet
  facet normal 0 -1 0
    outer loop
      vertex 14.5365 0 22.6972
      vertex 14.5365 0 77.3028
      vertex 14.2695 0 22.7368
    endloop
  endfacet
  facet normal 0 -1 0
    outer loop
      vertex 14.5365 0 77.3028
      vertex 14.5365 0 22.6972
      vertex 14.7983 0 77.3684
    endloop
  endfacet
  facet normal 0 -1 0
    outer loop
      vertex 14.2695 0 77.2632
      vertex 14.2695 0 22.7368
      vertex 14.5365 0 77.3028
    endloop
  endfacet
  facet normal 0 -1 0
    outer loop
      vertex 14.7983 0 22.6316
      vertex 14.7983 0 77.3684
      vertex 14.5365 0 22.6972
    endloop
  endfacet
  facet normal 0 -1 0
    outer loop
      vertex 14.2695 0 22.7368
      vertex 14.2695 0 77.2632
      vertex 14 0 22.75
    endloop
  endfacet
  facet normal 0 -1 0
    outer loop
      vertex 36.9476 0 77.4593
      vertex 38 0 22.75
      vertex 37.2017 0 77.3684
    endloop
  endfacet
  facet normal 0 -1 0
    outer loop
      vertex 14 0 22.75
      vertex 14.2695 0 77.2632
      vertex 14 0 77.25
    endloop
  endfacet
  facet normal 0 -1 0
    outer loop
      vertex 37.2017 0 77.3684
      vertex 38 0 22.75
      vertex 37.4635 0 77.3028
    endloop
  endfacet
  facet normal 0 -1 0
    outer loop
      vertex 14.2695 0 82.7368
      vertex 0 0 100
      vertex 14 0 82.75
    endloop
  endfacet
  facet normal 0 -1 0
    outer loop
      vertex 0 0 100
      vertex 13.7305 0 82.7368
      vertex 14 0 82.75
    endloop
  endfacet
  facet normal 0 -1 0
    outer loop
      vertex 0 0 100
      vertex 13.4635 0 82.6972
      vertex 13.7305 0 82.7368
    endloop
  endfacet
  facet normal 0 -1 0
    outer loop
      vertex 0 0 100
      vertex 13.2017 0 82.6316
      vertex 13.4635 0 82.6972
    endloop
  endfacet
  facet normal 0 -1 0
    outer loop
      vertex 0 0 100
      vertex 12.9476 0 82.5407
      vertex 13.2017 0 82.6316
    endloop
  endfacet
  facet normal 0 -1 0
    outer loop
      vertex 0 0 100
      vertex 12.7037 0 82.4253
      vertex 12.9476 0 82.5407
    endloop
  endfacet
  facet normal 0 -1 0
    outer loop
      vertex 0 0 100
      vertex 12.4722 0 82.2865
      vertex 12.7037 0 82.4253
    endloop
  endfacet
  facet normal 0 -1 0
    outer loop
      vertex 0 0 100
      vertex 12.2554 0 82.1258
      vertex 12.4722 0 82.2865
    endloop
  endfacet
  facet normal 0 -1 0
    outer loop
      vertex 0 0 100
      vertex 12.0555 0 81.9445
      vertex 12.2554 0 82.1258
    endloop
  endfacet
  facet normal 0 -1 0
    outer loop
      vertex 0 0 100
      vertex 11.8742 0 81.7446
      vertex 12.0555 0 81.9445
    endloop
  endfacet
  facet normal 0 -1 0
    outer loop
      vertex 0 0 100
      vertex 11.7135 0 81.5278
      vertex 11.8742 0 81.7446
    endloop
  endfacet
  facet normal 0 -1 0
    outer loop
      vertex 0 0 100
      vertex 11.5747 0 81.2963
      vertex 11.7135 0 81.5278
    endloop
  endfacet
  facet normal 0 -1 0
    outer loop
      vertex 0 0 100
      vertex 11.4593 0 81.0524
      vertex 11.5747 0 81.2963
    endloop
  endfacet
  facet normal 0 -1 0
    outer loop
      vertex 0 0 100
      vertex 11.3684 0 80.7983
      vertex 11.4593 0 81.0524
    endloop
  endfacet
  facet normal 0 -1 0
    outer loop
      vertex 0 0 100
      vertex 11.3028 0 80.5365
      vertex 11.3684 0 80.7983
    endloop
  endfacet
  facet normal 0 -1 0
    outer loop
      vertex 0 0 100
      vertex 11.2632 0 80.2695
      vertex 11.3028 0 80.5365
    endloop
  endfacet
  facet normal 0 -1 0
    outer loop
      vertex 0 0 100
      vertex 11.25 0 80
      vertex 11.2632 0 80.2695
    endloop
  endfacet
  facet normal 0 -1 0
    outer loop
      vertex 0 0 100
      vertex 11.2632 0 79.7305
      vertex 11.25 0 80
    endloop
  endfacet
  facet normal 0 -1 0
    outer loop
      vertex 0 0 100
      vertex 11.3028 0 79.4635
      vertex 11.2632 0 79.7305
    endloop
  endfacet
  facet normal 0 -1 0
    outer loop
      vertex 0 0 100
      vertex 11.3684 0 79.2017
      vertex 11.3028 0 79.4635
    endloop
  endfacet
  facet normal 0 -1 0
    outer loop
      vertex 0 0 100
      vertex 11.4593 0 78.9476
      vertex 11.3684 0 79.2017
    endloop
  endfacet
  facet normal 0 -1 0
    outer loop
      vertex 11.4593 0 21.0524
      vertex 11.4593 0 78.9476
      vertex 0 0 100
    endloop
  endfacet
  facet normal 0 -1 0
    outer loop
      vertex 37.4635 0 77.3028
      vertex 38 0 22.75
      vertex 37.7305 0 77.2632
    endloop
  endfacet
  facet normal 0 -1 0
    outer loop
      vertex 13.7305 0 77.2632
      vertex 14 0 22.75
      vertex 14 0 77.25
    endloop
  endfacet
  facet normal 0 -1 0
    outer loop
      vertex 13.7305 0 22.7368
      vertex 13.7305 0 77.2632
      vertex 13.4635 0 77.3028
    endloop
  endfacet
  facet normal 0 -1 0
    outer loop
      vertex 13.4635 0 22.6972
      vertex 13.4635 0 77.3028
      vertex 13.2017 0 77.3684
    endloop
  endfacet
  facet normal 0 -1 0
    outer loop
      vertex 13.2017 0 22.6316
      vertex 13.2017 0 77.3684
      vertex 12.9476 0 77.4593
    endloop
  endfacet
  facet normal 0 -1 0
    outer loop
      vertex 12.9476 0 22.5407
      vertex 12.9476 0 77.4593
      vertex 12.7037 0 77.5747
    endloop
  endfacet
  facet normal 0 -1 0
    outer loop
      vertex 12.7037 0 22.4253
      vertex 12.7037 0 77.5747
      vertex 12.4722 0 77.7135
    endloop
  endfacet
  facet normal 0 -1 0
    outer loop
      vertex 12.4722 0 22.2865
      vertex 12.4722 0 77.7135
      vertex 12.2554 0 77.8742
    endloop
  endfacet
  facet normal 0 -1 0
    outer loop
      vertex 12.2554 0 22.1258
      vertex 12.2554 0 77.8742
      vertex 12.0555 0 78.0555
    endloop
  endfacet
  facet normal 0 -1 0
    outer loop
      vertex 12.0555 0 21.9445
      vertex 12.0555 0 78.0555
      vertex 11.8742 0 78.2554
    endloop
  endfacet
  facet normal 0 -1 0
    outer loop
      vertex 11.8742 0 21.7446
      vertex 11.8742 0 78.2554
      vertex 11.7135 0 78.4722
    endloop
  endfacet
  facet normal 0 -1 0
    outer loop
      vertex 11.7135 0 21.5278
      vertex 11.7135 0 78.4722
      vertex 11.5747 0 78.7037
    endloop
  endfacet
  facet normal 0 -1 0
    outer loop
      vertex 11.4593 0 78.9476
      vertex 11.4593 0 21.0524
      vertex 11.5747 0 78.7037
    endloop
  endfacet
  facet normal 0 -1 0
    outer loop
      vertex 13.7305 0 77.2632
      vertex 13.7305 0 22.7368
      vertex 14 0 22.75
    endloop
  endfacet
  facet normal 0 -1 0
    outer loop
      vertex 13.4635 0 77.3028
      vertex 13.4635 0 22.6972
      vertex 13.7305 0 22.7368
    endloop
  endfacet
  facet normal 0 -1 0
    outer loop
      vertex 13.2017 0 77.3684
      vertex 13.2017 0 22.6316
      vertex 13.4635 0 22.6972
    endloop
  endfacet
  facet normal 0 -1 0
    outer loop
      vertex 12.9476 0 77.4593
      vertex 12.9476 0 22.5407
      vertex 13.2017 0 22.6316
    endloop
  endfacet
  facet normal 0 -1 0
    outer loop
      vertex 12.7037 0 77.5747
      vertex 12.7037 0 22.4253
      vertex 12.9476 0 22.5407
    endloop
  endfacet
  facet normal 0 -1 0
    outer loop
      vertex 12.4722 0 77.7135
      vertex 12.4722 0 22.2865
      vertex 12.7037 0 22.4253
    endloop
  endfacet
  facet normal 0 -1 0
    outer loop
      vertex 12.2554 0 77.8742
      vertex 12.2554 0 22.1258
      vertex 12.4722 0 22.2865
    endloop
  endfacet
  facet normal 0 -1 0
    outer loop
      vertex 12.0555 0 78.0555
      vertex 12.0555 0 21.9445
      vertex 12.2554 0 22.1258
    endloop
  endfacet
  facet normal 0 -1 0
    outer loop
      vertex 11.8742 0 78.2554
      vertex 11.8742 0 21.7446
      vertex 12.0555 0 21.9445
    endloop
  endfacet
  facet normal 0 -1 0
    outer loop
      vertex 11.7135 0 78.4722
      vertex 11.7135 0 21.5278
      vertex 11.8742 0 21.7446
    endloop
  endfacet
  facet normal 0 -1 0
    outer loop
      vertex 11.5747 0 78.7037
      vertex 11.5747 0 21.2963
      vertex 11.7135 0 21.5278
    endloop
  endfacet
  facet normal 0 -1 -0
    outer loop
      vertex 11.5747 0 78.7037
      vertex 11.4593 0 21.0524
      vertex 11.5747 0 21.2963
    endloop
  endfacet
  facet normal 0 -1 0
    outer loop
      vertex 0 0 0
      vertex 11.4593 0 21.0524
      vertex 0 0 100
    endloop
  endfacet
  facet normal 0 -1 0
    outer loop
      vertex 11.4593 0 21.0524
      vertex 0 0 0
      vertex 11.3684 0 20.7983
    endloop
  endfacet
  facet normal 0 -1 0
    outer loop
      vertex 11.3684 0 20.7983
      vertex 0 0 0
      vertex 11.3028 0 20.5365
    endloop
  endfacet
  facet normal 0 -1 0
    outer loop
      vertex 11.3028 0 20.5365
      vertex 0 0 0
      vertex 11.2632 0 20.2695
    endloop
  endfacet
  facet normal 0 -1 0
    outer loop
      vertex 11.2632 0 20.2695
      vertex 0 0 0
      vertex 11.25 0 20
    endloop
  endfacet
  facet normal 0 -1 -0
    outer loop
      vertex 37.7305 0 17.2632
      vertex 0 0 0
      vertex 38 0 17.25
    endloop
  endfacet
  facet normal 0 -1 -0
    outer loop
      vertex 13.7305 0 17.2632
      vertex 0 0 0
      vertex 14 0 17.25
    endloop
  endfacet
  facet normal 0 -1 -0
    outer loop
      vertex 13.4635 0 17.3028
      vertex 0 0 0
      vertex 13.7305 0 17.2632
    endloop
  endfacet
  facet normal 0 -1 -0
    outer loop
      vertex 13.2017 0 17.3684
      vertex 0 0 0
      vertex 13.4635 0 17.3028
    endloop
  endfacet
  facet normal 0 -1 -0
    outer loop
      vertex 12.9476 0 17.4593
      vertex 0 0 0
      vertex 13.2017 0 17.3684
    endloop
  endfacet
  facet normal 0 -1 -0
    outer loop
      vertex 12.7037 0 17.5747
      vertex 0 0 0
      vertex 12.9476 0 17.4593
    endloop
  endfacet
  facet normal 0 -1 -0
    outer loop
      vertex 12.4722 0 17.7135
      vertex 0 0 0
      vertex 12.7037 0 17.5747
    endloop
  endfacet
  facet normal 0 -1 -0
    outer loop
      vertex 12.2554 0 17.8742
      vertex 0 0 0
      vertex 12.4722 0 17.7135
    endloop
  endfacet
  facet normal 0 -1 -0
    outer loop
      vertex 12.0555 0 18.0555
      vertex 0 0 0
      vertex 12.2554 0 17.8742
    endloop
  endfacet
  facet normal 0 -1 -0
    outer loop
      vertex 11.8742 0 18.2554
      vertex 0 0 0
      vertex 12.0555 0 18.0555
    endloop
  endfacet
  facet normal 0 -1 -0
    outer loop
      vertex 11.7135 0 18.4722
      vertex 0 0 0
      vertex 11.8742 0 18.2554
    endloop
  endfacet
  facet normal 0 -1 -0
    outer loop
      vertex 11.5747 0 18.7037
      vertex 0 0 0
      vertex 11.7135 0 18.4722
    endloop
  endfacet
  facet normal 0 -1 -0
    outer loop
      vertex 11.4593 0 18.9476
      vertex 0 0 0
      vertex 11.5747 0 18.7037
    endloop
  endfacet
  facet normal 0 -1 -0
    outer loop
      vertex 11.3684 0 19.2017
      vertex 0 0 0
      vertex 11.4593 0 18.9476
    endloop
  endfacet
  facet normal 0 -1 -0
    outer loop
      vertex 11.3028 0 19.4635
      vertex 0 0 0
      vertex 11.3684 0 19.2017
    endloop
  endfacet
  facet normal 0 -1 -0
    outer loop
      vertex 11.2632 0 19.7305
      vertex 0 0 0
      vertex 11.3028 0 19.4635
    endloop
  endfacet
  facet normal 0 -1 -0
    outer loop
      vertex 11.25 0 20
      vertex 0 0 0
      vertex 11.2632 0 19.7305
    endloop
  endfacet
  facet normal 0 -1 0
    outer loop
      vertex 38.2695 0 82.7368
      vertex 0 0 100
      vertex 38 0 82.75
    endloop
  endfacet
  facet normal 0 -1 0
    outer loop
      vertex 0 0 100
      vertex 38.2695 0 82.7368
      vertex 90 0 100
    endloop
  endfacet
  facet normal 0 -1 0
    outer loop
      vertex 38.5365 0 82.6972
      vertex 90 0 100
      vertex 38.2695 0 82.7368
    endloop
  endfacet
  facet normal 0 -1 0
    outer loop
      vertex 38.7983 0 82.6316
      vertex 90 0 100
      vertex 38.5365 0 82.6972
    endloop
  endfacet
  facet normal 0 -1 0
    outer loop
      vertex 39.0524 0 82.5407
      vertex 90 0 100
      vertex 38.7983 0 82.6316
    endloop
  endfacet
  facet normal 0 -1 0
    outer loop
      vertex 39.2963 0 82.4253
      vertex 90 0 100
      vertex 39.0524 0 82.5407
    endloop
  endfacet
  facet normal 0 -1 0
    outer loop
      vertex 39.5278 0 82.2865
      vertex 90 0 100
      vertex 39.2963 0 82.4253
    endloop
  endfacet
  facet normal 0 -1 0
    outer loop
      vertex 39.7446 0 82.1258
      vertex 90 0 100
      vertex 39.5278 0 82.2865
    endloop
  endfacet
  facet normal 0 -1 0
    outer loop
      vertex 39.9445 0 81.9445
      vertex 90 0 100
      vertex 39.7446 0 82.1258
    endloop
  endfacet
  facet normal 0 -1 0
    outer loop
      vertex 40.1258 0 81.7446
      vertex 90 0 100
      vertex 39.9445 0 81.9445
    endloop
  endfacet
  facet normal 0 -1 0
    outer loop
      vertex 40.2865 0 81.5278
      vertex 90 0 100
      vertex 40.1258 0 81.7446
    endloop
  endfacet
  facet normal 0 -1 0
    outer loop
      vertex 40.4253 0 81.2963
      vertex 90 0 100
      vertex 40.2865 0 81.5278
    endloop
  endfacet
  facet normal 0 -1 0
    outer loop
      vertex 40.5407 0 81.0524
      vertex 90 0 100
      vertex 40.4253 0 81.2963
    endloop
  endfacet
  facet normal 0 -1 0
    outer loop
      vertex 40.6316 0 80.7983
      vertex 90 0 100
      vertex 40.5407 0 81.0524
    endloop
  endfacet
  facet normal 0 -1 0
    outer loop
      vertex 40.6972 0 80.5365
      vertex 90 0 100
      vertex 40.6316 0 80.7983
    endloop
  endfacet
  facet normal 0 -1 0
    outer loop
      vertex 40.7368 0 80.2695
      vertex 90 0 100
      vertex 40.6972 0 80.5365
    endloop
  endfacet
  facet normal 0 -1 0
    outer loop
      vertex 40.75 0 80
      vertex 90 0 100
      vertex 40.7368 0 80.2695
    endloop
  endfacet
  facet normal 0 -1 0
    outer loop
      vertex 40.7368 0 79.7305
      vertex 90 0 100
      vertex 40.75 0 80
    endloop
  endfacet
  facet normal 0 -1 0
    outer loop
      vertex 40.6972 0 79.4635
      vertex 90 0 100
      vertex 40.7368 0 79.7305
    endloop
  endfacet
  facet normal 0 -1 0
    outer loop
      vertex 40.6316 0 79.2017
      vertex 90 0 100
      vertex 40.6972 0 79.4635
    endloop
  endfacet
  facet normal 0 -1 0
    outer loop
      vertex 40.5407 0 78.9476
      vertex 90 0 100
      vertex 40.6316 0 79.2017
    endloop
  endfacet
  facet normal 0 -1 0
    outer loop
      vertex 40.4253 0 78.7037
      vertex 90 0 100
      vertex 40.5407 0 78.9476
    endloop
  endfacet
  facet normal 0 -1 0
    outer loop
      vertex 40.2865 0 78.4722
      vertex 90 0 100
      vertex 40.4253 0 78.7037
    endloop
  endfacet
  facet normal 0 -1 0
    outer loop
      vertex 40.2865 0 21.5278
      vertex 40.2865 0 78.4722
      vertex 40.1258 0 78.2554
    endloop
  endfacet
  facet normal 0 -1 0
    outer loop
      vertex 40.1258 0 21.7446
      vertex 40.1258 0 78.2554
      vertex 39.9445 0 78.0555
    endloop
  endfacet
  facet normal 0 -1 0
    outer loop
      vertex 39.9445 0 21.9445
      vertex 39.9445 0 78.0555
      vertex 39.7446 0 77.8742
    endloop
  endfacet
  facet normal 0 -1 0
    outer loop
      vertex 39.7446 0 22.1258
      vertex 39.7446 0 77.8742
      vertex 39.5278 0 77.7135
    endloop
  endfacet
  facet normal 0 -1 0
    outer loop
      vertex 39.5278 0 22.2865
      vertex 39.5278 0 77.7135
      vertex 39.2963 0 77.5747
    endloop
  endfacet
  facet normal 0 -1 0
    outer loop
      vertex 39.2963 0 22.4253
      vertex 39.2963 0 77.5747
      vertex 39.0524 0 77.4593
    endloop
  endfacet
  facet normal 0 -1 0
    outer loop
      vertex 37.7305 0 77.2632
      vertex 38 0 22.75
      vertex 38 0 77.25
    endloop
  endfacet
  facet normal 0 -1 0
    outer loop
      vertex 38 0 77.25
      vertex 38 0 22.75
      vertex 38.2695 0 77.2632
    endloop
  endfacet
  facet normal 0 -1 0
    outer loop
      vertex 38.2695 0 22.7368
      vertex 38.2695 0 77.2632
      vertex 38 0 22.75
    endloop
  endfacet
  facet normal 0 -1 0
    outer loop
      vertex 38.2695 0 77.2632
      vertex 38.2695 0 22.7368
      vertex 38.5365 0 77.3028
    endloop
  endfacet
  facet normal 0 -1 0
    outer loop
      vertex 38.5365 0 22.6972
      vertex 38.5365 0 77.3028
      vertex 38.2695 0 22.7368
    endloop
  endfacet
  facet normal 0 -1 0
    outer loop
      vertex 38.5365 0 77.3028
      vertex 38.5365 0 22.6972
      vertex 38.7983 0 77.3684
    endloop
  endfacet
  facet normal 0 -1 0
    outer loop
      vertex 38.7983 0 22.6316
      vertex 38.7983 0 77.3684
      vertex 38.5365 0 22.6972
    endloop
  endfacet
  facet normal 0 -1 0
    outer loop
      vertex 38.7983 0 77.3684
      vertex 38.7983 0 22.6316
      vertex 39.0524 0 77.4593
    endloop
  endfacet
  facet normal 0 -1 0
    outer loop
      vertex 39.0524 0 22.5407
      vertex 39.0524 0 77.4593
      vertex 38.7983 0 22.6316
    endloop
  endfacet
  facet normal 0 -1 0
    outer loop
      vertex 39.2963 0 22.4253
      vertex 39.0524 0 77.4593
      vertex 39.0524 0 22.5407
    endloop
  endfacet
  facet normal 0 -1 0
    outer loop
      vertex 39.2963 0 77.5747
      vertex 39.2963 0 22.4253
      vertex 39.5278 0 22.2865
    endloop
  endfacet
  facet normal 0 -1 0
    outer loop
      vertex 39.5278 0 77.7135
      vertex 39.5278 0 22.2865
      vertex 39.7446 0 22.1258
    endloop
  endfacet
  facet normal 0 -1 0
    outer loop
      vertex 39.7446 0 77.8742
      vertex 39.7446 0 22.1258
      vertex 39.9445 0 21.9445
    endloop
  endfacet
  facet normal 0 -1 0
    outer loop
      vertex 39.9445 0 78.0555
      vertex 39.9445 0 21.9445
      vertex 40.1258 0 21.7446
    endloop
  endfacet
  facet normal 0 -1 0
    outer loop
      vertex 40.1258 0 78.2554
      vertex 40.1258 0 21.7446
      vertex 40.2865 0 21.5278
    endloop
  endfacet
  facet normal 0 -1 0
    outer loop
      vertex 40.2865 0 78.4722
      vertex 40.2865 0 21.5278
      vertex 90 0 100
    endloop
  endfacet
  facet normal 0 -1 0
    outer loop
      vertex 90 0 0
      vertex 40.2865 0 21.5278
      vertex 40.4253 0 21.2963
    endloop
  endfacet
  facet normal 0 -1 0
    outer loop
      vertex 90 0 0
      vertex 40.4253 0 21.2963
      vertex 40.5407 0 21.0524
    endloop
  endfacet
  facet normal 0 -1 0
    outer loop
      vertex 90 0 0
      vertex 40.5407 0 21.0524
      vertex 40.6316 0 20.7983
    endloop
  endfacet
  facet normal 0 -1 0
    outer loop
      vertex 90 0 0
      vertex 40.6316 0 20.7983
      vertex 40.6972 0 20.5365
    endloop
  endfacet
  facet normal 0 -1 0
    outer loop
      vertex 90 0 0
      vertex 40.6972 0 20.5365
      vertex 40.7368 0 20.2695
    endloop
  endfacet
  facet normal 0 -1 0
    outer loop
      vertex 90 0 0
      vertex 40.7368 0 20.2695
      vertex 40.75 0 20
    endloop
  endfacet
  facet normal 0 -1 0
    outer loop
      vertex 90 0 0
      vertex 40.75 0 20
      vertex 40.7368 0 19.7305
    endloop
  endfacet
  facet normal 0 -1 0
    outer loop
      vertex 90 0 0
      vertex 40.7368 0 19.7305
      vertex 40.6972 0 19.4635
    endloop
  endfacet
  facet normal 0 -1 0
    outer loop
      vertex 90 0 0
      vertex 40.6972 0 19.4635
      vertex 40.6316 0 19.2017
    endloop
  endfacet
  facet normal 0 -1 0
    outer loop
      vertex 90 0 0
      vertex 40.6316 0 19.2017
      vertex 40.5407 0 18.9476
    endloop
  endfacet
  facet normal 0 -1 0
    outer loop
      vertex 90 0 0
      vertex 40.5407 0 18.9476
      vertex 40.4253 0 18.7037
    endloop
  endfacet
  facet normal 0 -1 0
    outer loop
      vertex 90 0 0
      vertex 40.4253 0 18.7037
      vertex 40.2865 0 18.4722
    endloop
  endfacet
  facet normal 0 -1 0
    outer loop
      vertex 0 0 0
      vertex 38.2695 0 17.2632
      vertex 38 0 17.25
    endloop
  endfacet
  facet normal 0 -1 0
    outer loop
      vertex 90 0 0
      vertex 38.2695 0 17.2632
      vertex 0 0 0
    endloop
  endfacet
  facet normal 0 -1 0
    outer loop
      vertex 38.2695 0 17.2632
      vertex 90 0 0
      vertex 38.5365 0 17.3028
    endloop
  endfacet
  facet normal 0 -1 0
    outer loop
      vertex 38.5365 0 17.3028
      vertex 90 0 0
      vertex 38.7983 0 17.3684
    endloop
  endfacet
  facet normal 0 -1 0
    outer loop
      vertex 40.2865 0 21.5278
      vertex 90 0 0
      vertex 90 0 100
    endloop
  endfacet
  facet normal 0 -1 0
    outer loop
      vertex 40.1258 0 18.2554
      vertex 90 0 0
      vertex 40.2865 0 18.4722
    endloop
  endfacet
  facet normal 0 -1 0
    outer loop
      vertex 39.9445 0 18.0555
      vertex 90 0 0
      vertex 40.1258 0 18.2554
    endloop
  endfacet
  facet normal 0 -1 0
    outer loop
      vertex 39.7446 0 17.8742
      vertex 90 0 0
      vertex 39.9445 0 18.0555
    endloop
  endfacet
  facet normal 0 -1 0
    outer loop
      vertex 39.5278 0 17.7135
      vertex 90 0 0
      vertex 39.7446 0 17.8742
    endloop
  endfacet
  facet normal 0 -1 0
    outer loop
      vertex 39.2963 0 17.5747
      vertex 90 0 0
      vertex 39.5278 0 17.7135
    endloop
  endfacet
  facet normal 0 -1 0
    outer loop
      vertex 39.0524 0 17.4593
      vertex 90 0 0
      vertex 39.2963 0 17.5747
    endloop
  endfacet
  facet normal 0 -1 0
    outer loop
      vertex 38.7983 0 17.3684
      vertex 90 0 0
      vertex 39.0524 0 17.4593
    endloop
  endfacet
  facet normal 1 0 0
    outer loop
      vertex 90 86.1531 67.8469
      vertex 90 120 100
      vertex 90 86.2068 68.0611
    endloop
  endfacet
  facet normal 1 0 0
    outer loop
      vertex 90 120 0
      vertex 90 86.2392 31.7205
      vertex 90 86.25 31.5
    endloop
  endfacet
  facet normal 1 0 0
    outer loop
      vertex 90 120 100
      vertex 90 86.1531 67.8469
      vertex 90 120 0
    endloop
  endfacet
  facet normal 1 0 0
    outer loop
      vertex 90 120 0
      vertex 90 86.2068 31.939
      vertex 90 86.2392 31.7205
    endloop
  endfacet
  facet normal 1 -0 0
    outer loop
      vertex 90 86.1531 32.1531
      vertex 90 120 0
      vertex 90 86.1531 67.8469
    endloop
  endfacet
  facet normal 1 0 0
    outer loop
      vertex 90 120 0
      vertex 90 86.1531 32.1531
      vertex 90 86.2068 31.939
    endloop
  endfacet
  facet normal 1 -0 0
    outer loop
      vertex 90 86.0787 67.639
      vertex 90 86.1531 32.1531
      vertex 90 86.1531 67.8469
    endloop
  endfacet
  facet normal 1 0 0
    outer loop
      vertex 90 86.0787 67.639
      vertex 90 86.0787 32.361
      vertex 90 86.1531 32.1531
    endloop
  endfacet
  facet normal 1 -0 0
    outer loop
      vertex 90 85.9843 67.4394
      vertex 90 86.0787 32.361
      vertex 90 86.0787 67.639
    endloop
  endfacet
  facet normal 1 0 0
    outer loop
      vertex 90 85.9843 67.4394
      vertex 90 85.9843 32.5606
      vertex 90 86.0787 32.361
    endloop
  endfacet
  facet normal 1 -0 0
    outer loop
      vertex 90 85.8708 67.25
      vertex 90 85.9843 32.5606
      vertex 90 85.9843 67.4394
    endloop
  endfacet
  facet normal 1 0 0
    outer loop
      vertex 90 85.8708 67.25
      vertex 90 85.8708 32.75
      vertex 90 85.9843 32.5606
    endloop
  endfacet
  facet normal 1 -0 0
    outer loop
      vertex 90 85.7393 67.0726
      vertex 90 85.8708 32.75
      vertex 90 85.8708 67.25
    endloop
  endfacet
  facet normal 1 0 0
    outer loop
      vertex 90 85.7393 67.0726
      vertex 90 85.7393 32.9274
      vertex 90 85.8708 32.75
    endloop
  endfacet
  facet normal 1 -0 0
    outer loop
      vertex 90 85.591 66.909
      vertex 90 85.7393 32.9274
      vertex 90 85.7393 67.0726
    endloop
  endfacet
  facet normal 1 0 0
    outer loop
      vertex 90 85.591 66.909
      vertex 90 85.591 33.091
      vertex 90 85.7393 32.9274
    endloop
  endfacet
  facet normal 1 -0 0
    outer loop
      vertex 90 85.4274 66.7607
      vertex 90 85.591 33.091
      vertex 90 85.591 66.909
    endloop
  endfacet
  facet normal 1 0 0
    outer loop
      vertex 90 85.4274 66.7607
      vertex 90 85.4274 33.2393
      vertex 90 85.591 33.091
    endloop
  endfacet
  facet normal 1 -0 0
    outer loop
      vertex 90 85.25 66.6292
      vertex 90 85.4274 33.2393
      vertex 90 85.4274 66.7607
    endloop
  endfacet
  facet normal 1 0 0
    outer loop
      vertex 90 85.25 66.6292
      vertex 90 85.25 33.3708
      vertex 90 85.4274 33.2393
    endloop
  endfacet
  facet normal 1 -0 0
    outer loop
      vertex 90 85.0606 66.5157
      vertex 90 85.25 33.3708
      vertex 90 85.25 66.6292
    endloop
  endfacet
  facet normal 1 0 0
    outer loop
      vertex 90 85.0606 66.5157
      vertex 90 85.0606 33.4843
      vertex 90 85.25 33.3708
    endloop
  endfacet
  facet normal 1 -0 0
    outer loop
      vertex 90 84.861 66.4213
      vertex 90 85.0606 33.4843
      vertex 90 85.0606 66.5157
    endloop
  endfacet
  facet normal 1 0 0
    outer loop
      vertex 90 84.861 66.4213
      vertex 90 84.861 33.5787
      vertex 90 85.0606 33.4843
    endloop
  endfacet
  facet normal 1 -0 0
    outer loop
      vertex 90 84.6531 66.3469
      vertex 90 84.861 33.5787
      vertex 90 84.861 66.4213
    endloop
  endfacet
  facet normal 1 0 0
    outer loop
      vertex 90 84.6531 66.3469
      vertex 90 84.6531 33.6531
      vertex 90 84.861 33.5787
    endloop
  endfacet
  facet normal 1 -0 0
    outer loop
      vertex 90 84.4389 66.2932
      vertex 90 84.6531 33.6531
      vertex 90 84.6531 66.3469
    endloop
  endfacet
  facet normal 1 0 0
    outer loop
      vertex 90 84.4389 66.2932
      vertex 90 84.4389 33.7068
      vertex 90 84.6531 33.6531
    endloop
  endfacet
  facet normal 1 -0 0
    outer loop
      vertex 90 84.2205 66.2608
      vertex 90 84.4389 33.7068
      vertex 90 84.4389 66.2932
    endloop
  endfacet
  facet normal 1 0 0
    outer loop
      vertex 90 84.2205 66.2608
      vertex 90 84.2205 33.7392
      vertex 90 84.4389 33.7068
    endloop
  endfacet
  facet normal 1 -0 0
    outer loop
      vertex 90 84 66.25
      vertex 90 84.2205 33.7392
      vertex 90 84.2205 66.2608
    endloop
  endfacet
  facet normal 1 0 0
    outer loop
      vertex 90 84 66.25
      vertex 90 84 33.75
      vertex 90 84.2205 33.7392
    endloop
  endfacet
  facet normal 1 0 0
    outer loop
      vertex 90 83.7795 66.2608
      vertex 90 84 33.75
      vertex 90 84 66.25
    endloop
  endfacet
  facet normal 1 0 0
    outer loop
      vertex 90 83.7795 66.2608
      vertex 90 83.7795 33.7392
      vertex 90 84 33.75
    endloop
  endfacet
  facet normal 1 0 0
    outer loop
      vertex 90 83.5611 66.2932
      vertex 90 83.7795 33.7392
      vertex 90 83.7795 66.2608
    endloop
  endfacet
  facet normal 1 0 0
    outer loop
      vertex 90 83.5611 66.2932
      vertex 90 83.5611 33.7068
      vertex 90 83.7795 33.7392
    endloop
  endfacet
  facet normal 1 0 0
    outer loop
      vertex 90 83.3469 66.3469
      vertex 90 83.5611 33.7068
      vertex 90 83.5611 66.2932
    endloop
  endfacet
  facet normal 1 0 0
    outer loop
      vertex 90 83.3469 66.3469
      vertex 90 83.3469 33.6531
      vertex 90 83.5611 33.7068
    endloop
  endfacet
  facet normal 1 0 0
    outer loop
      vertex 90 83.139 66.4213
      vertex 90 83.3469 33.6531
      vertex 90 83.3469 66.3469
    endloop
  endfacet
  facet normal 1 0 0
    outer loop
      vertex 90 83.139 66.4213
      vertex 90 83.139 33.5787
      vertex 90 83.3469 33.6531
    endloop
  endfacet
  facet normal 1 0 0
    outer loop
      vertex 90 82.9394 66.5157
      vertex 90 83.139 33.5787
      vertex 90 83.139 66.4213
    endloop
  endfacet
  facet normal 1 0 0
    outer loop
      vertex 90 82.9394 66.5157
      vertex 90 82.9394 33.4843
      vertex 90 83.139 33.5787
    endloop
  endfacet
  facet normal 1 0 0
    outer loop
      vertex 90 82.75 66.6292
      vertex 90 82.9394 33.4843
      vertex 90 82.9394 66.5157
    endloop
  endfacet
  facet normal 1 0 0
    outer loop
      vertex 90 82.75 66.6292
      vertex 90 82.75 33.3708
      vertex 90 82.9394 33.4843
    endloop
  endfacet
  facet normal 1 0 0
    outer loop
      vertex 90 82.5726 66.7607
      vertex 90 82.75 33.3708
      vertex 90 82.75 66.6292
    endloop
  endfacet
  facet normal 1 0 0
    outer loop
      vertex 90 82.5726 66.7607
      vertex 90 82.5726 33.2393
      vertex 90 82.75 33.3708
    endloop
  endfacet
  facet normal 1 0 0
    outer loop
      vertex 90 82.409 66.909
      vertex 90 82.5726 33.2393
      vertex 90 82.5726 66.7607
    endloop
  endfacet
  facet normal 1 0 0
    outer loop
      vertex 90 82.409 66.909
      vertex 90 82.409 33.091
      vertex 90 82.5726 33.2393
    endloop
  endfacet
  facet normal 1 0 0
    outer loop
      vertex 90 82.2607 67.0726
      vertex 90 82.409 33.091
      vertex 90 82.409 66.909
    endloop
  endfacet
  facet normal 1 0 0
    outer loop
      vertex 90 82.2607 67.0726
      vertex 90 82.2607 32.9274
      vertex 90 82.409 33.091
    endloop
  endfacet
  facet normal 1 0 0
    outer loop
      vertex 90 82.1292 67.25
      vertex 90 82.2607 32.9274
      vertex 90 82.2607 67.0726
    endloop
  endfacet
  facet normal 1 0 0
    outer loop
      vertex 90 82.1292 67.25
      vertex 90 82.1292 32.75
      vertex 90 82.2607 32.9274
    endloop
  endfacet
  facet normal 1 0 0
    outer loop
      vertex 90 82.0157 67.4394
      vertex 90 82.1292 32.75
      vertex 90 82.1292 67.25
    endloop
  endfacet
  facet normal 1 0 0
    outer loop
      vertex 90 82.0157 67.4394
      vertex 90 82.0157 32.5606
      vertex 90 82.1292 32.75
    endloop
  endfacet
  facet normal 1 0 0
    outer loop
      vertex 90 81.9213 67.639
      vertex 90 82.0157 32.5606
      vertex 90 82.0157 67.4394
    endloop
  endfacet
  facet normal 1 0 0
    outer loop
      vertex 90 81.9213 67.639
      vertex 90 81.9213 32.361
      vertex 90 82.0157 32.5606
    endloop
  endfacet
  facet normal 1 0 0
    outer loop
      vertex 90 81.8469 67.8469
      vertex 90 81.9213 32.361
      vertex 90 81.9213 67.639
    endloop
  endfacet
  facet normal 1 0 0
    outer loop
      vertex 90 81.8469 67.8469
      vertex 90 81.8469 32.1531
      vertex 90 81.9213 32.361
    endloop
  endfacet
  facet normal 1 0 0
    outer loop
      vertex 90 0 100
      vertex 90 81.8469 67.8469
      vertex 90 81.7932 68.0611
    endloop
  endfacet
  facet normal 1 0 0
    outer loop
      vertex 90 81.8469 67.8469
      vertex 90 0 100
      vertex 90 81.8469 32.1531
    endloop
  endfacet
  facet normal 1 0 0
    outer loop
      vertex 90 0 100
      vertex 90 81.7932 68.0611
      vertex 90 81.7608 68.2795
    endloop
  endfacet
  facet normal 1 0 0
    outer loop
      vertex 90 0 0
      vertex 90 81.8469 32.1531
      vertex 90 0 100
    endloop
  endfacet
  facet normal 1 0 0
    outer loop
      vertex 90 0 100
      vertex 90 81.7608 68.2795
      vertex 90 81.75 68.5
    endloop
  endfacet
  facet normal 1 0 0
    outer loop
      vertex 90 81.8469 32.1531
      vertex 90 0 0
      vertex 90 81.7932 31.939
    endloop
  endfacet
  facet normal 1 0 0
    outer loop
      vertex 90 86.2392 68.2795
      vertex 90 120 100
      vertex 90 86.25 68.5
    endloop
  endfacet
  facet normal 1 0 0
    outer loop
      vertex 90 120 100
      vertex 90 86.2392 68.7205
      vertex 90 86.25 68.5
    endloop
  endfacet
  facet normal 1 0 0
    outer loop
      vertex 90 120 100
      vertex 90 86.2068 68.9389
      vertex 90 86.2392 68.7205
    endloop
  endfacet
  facet normal 1 0 0
    outer loop
      vertex 90 120 100
      vertex 90 86.1531 69.1531
      vertex 90 86.2068 68.9389
    endloop
  endfacet
  facet normal 1 0 0
    outer loop
      vertex 90 120 100
      vertex 90 86.0787 69.361
      vertex 90 86.1531 69.1531
    endloop
  endfacet
  facet normal 1 0 0
    outer loop
      vertex 90 120 100
      vertex 90 85.9843 69.5606
      vertex 90 86.0787 69.361
    endloop
  endfacet
  facet normal 1 0 0
    outer loop
      vertex 90 120 100
      vertex 90 85.8708 69.75
      vertex 90 85.9843 69.5606
    endloop
  endfacet
  facet normal 1 0 0
    outer loop
      vertex 90 120 100
      vertex 90 85.7393 69.9274
      vertex 90 85.8708 69.75
    endloop
  endfacet
  facet normal 1 0 0
    outer loop
      vertex 90 120 100
      vertex 90 85.591 70.091
      vertex 90 85.7393 69.9274
    endloop
  endfacet
  facet normal 1 0 0
    outer loop
      vertex 90 120 100
      vertex 90 85.4274 70.2393
      vertex 90 85.591 70.091
    endloop
  endfacet
  facet normal 1 0 0
    outer loop
      vertex 90 120 100
      vertex 90 85.25 70.3708
      vertex 90 85.4274 70.2393
    endloop
  endfacet
  facet normal 1 0 0
    outer loop
      vertex 90 120 100
      vertex 90 85.0606 70.4843
      vertex 90 85.25 70.3708
    endloop
  endfacet
  facet normal 1 0 0
    outer loop
      vertex 90 120 100
      vertex 90 84.861 70.5787
      vertex 90 85.0606 70.4843
    endloop
  endfacet
  facet normal 1 0 0
    outer loop
      vertex 90 120 100
      vertex 90 84.6531 70.6531
      vertex 90 84.861 70.5787
    endloop
  endfacet
  facet normal 1 0 0
    outer loop
      vertex 90 120 100
      vertex 90 84.4389 70.7068
      vertex 90 84.6531 70.6531
    endloop
  endfacet
  facet normal 1 0 0
    outer loop
      vertex 90 120 100
      vertex 90 84.2205 70.7392
      vertex 90 84.4389 70.7068
    endloop
  endfacet
  facet normal 1 0 0
    outer loop
      vertex 90 120 100
      vertex 90 84 70.75
      vertex 90 84.2205 70.7392
    endloop
  endfacet
  facet normal 1 0 0
    outer loop
      vertex 90 120 100
      vertex 90 83.7795 70.7392
      vertex 90 84 70.75
    endloop
  endfacet
  facet normal 1 0 0
    outer loop
      vertex 90 120 100
      vertex 90 83.5611 70.7068
      vertex 90 83.7795 70.7392
    endloop
  endfacet
  facet normal 1 0 0
    outer loop
      vertex 90 120 100
      vertex 90 83.3469 70.6531
      vertex 90 83.5611 70.7068
    endloop
  endfacet
  facet normal 1 0 0
    outer loop
      vertex 90 120 100
      vertex 90 83.139 70.5787
      vertex 90 83.3469 70.6531
    endloop
  endfacet
  facet normal 1 -0 0
    outer loop
      vertex 90 0 100
      vertex 90 83.139 70.5787
      vertex 90 120 100
    endloop
  endfacet
  facet normal 1 0 0
    outer loop
      vertex 90 83.139 70.5787
      vertex 90 0 100
      vertex 90 82.9394 70.4843
    endloop
  endfacet
  facet normal 1 0 0
    outer loop
      vertex 90 82.9394 70.4843
      vertex 90 0 100
      vertex 90 82.75 70.3708
    endloop
  endfacet
  facet normal 1 0 0
    outer loop
      vertex 90 81.7932 31.939
      vertex 90 0 0
      vertex 90 81.7608 31.7205
    endloop
  endfacet
  facet normal 1 0 0
    outer loop
      vertex 90 81.7608 68.7205
      vertex 90 0 100
      vertex 90 81.75 68.5
    endloop
  endfacet
  facet normal 1 0 0
    outer loop
      vertex 90 81.7932 68.9389
      vertex 90 0 100
      vertex 90 81.7608 68.7205
    endloop
  endfacet
  facet normal 1 0 0
    outer loop
      vertex 90 81.8469 69.1531
      vertex 90 0 100
      vertex 90 81.7932 68.9389
    endloop
  endfacet
  facet normal 1 0 0
    outer loop
      vertex 90 81.9213 69.361
      vertex 90 0 100
      vertex 90 81.8469 69.1531
    endloop
  endfacet
  facet normal 1 0 0
    outer loop
      vertex 90 82.0157 69.5606
      vertex 90 0 100
      vertex 90 81.9213 69.361
    endloop
  endfacet
  facet normal 1 0 0
    outer loop
      vertex 90 82.1292 69.75
      vertex 90 0 100
      vertex 90 82.0157 69.5606
    endloop
  endfacet
  facet normal 1 0 0
    outer loop
      vertex 90 82.2607 69.9274
      vertex 90 0 100
      vertex 90 82.1292 69.75
    endloop
  endfacet
  facet normal 1 0 0
    outer loop
      vertex 90 82.409 70.091
      vertex 90 0 100
      vertex 90 82.2607 69.9274
    endloop
  endfacet
  facet normal 1 0 0
    outer loop
      vertex 90 82.5726 70.2393
      vertex 90 0 100
      vertex 90 82.409 70.091
    endloop
  endfacet
  facet normal 1 0 0
    outer loop
      vertex 90 82.75 70.3708
      vertex 90 0 100
      vertex 90 82.5726 70.2393
    endloop
  endfacet
  facet normal 1 0 0
    outer loop
      vertex 90 86.2068 68.0611
      vertex 90 120 100
      vertex 90 86.2392 68.2795
    endloop
  endfacet
  facet normal 1 -0 0
    outer loop
      vertex 90 86.2392 31.2795
      vertex 90 120 0
      vertex 90 86.25 31.5
    endloop
  endfacet
  facet normal 1 -0 0
    outer loop
      vertex 90 86.2068 31.061
      vertex 90 120 0
      vertex 90 86.2392 31.2795
    endloop
  endfacet
  facet normal 1 -0 0
    outer loop
      vertex 90 86.1531 30.8469
      vertex 90 120 0
      vertex 90 86.2068 31.061
    endloop
  endfacet
  facet normal 1 -0 0
    outer loop
      vertex 90 86.0787 30.639
      vertex 90 120 0
      vertex 90 86.1531 30.8469
    endloop
  endfacet
  facet normal 1 -0 0
    outer loop
      vertex 90 85.9843 30.4394
      vertex 90 120 0
      vertex 90 86.0787 30.639
    endloop
  endfacet
  facet normal 1 -0 0
    outer loop
      vertex 90 85.8708 30.25
      vertex 90 120 0
      vertex 90 85.9843 30.4394
    endloop
  endfacet
  facet normal 1 -0 0
    outer loop
      vertex 90 85.7393 30.0726
      vertex 90 120 0
      vertex 90 85.8708 30.25
    endloop
  endfacet
  facet normal 1 -0 0
    outer loop
      vertex 90 85.591 29.909
      vertex 90 120 0
      vertex 90 85.7393 30.0726
    endloop
  endfacet
  facet normal 1 -0 0
    outer loop
      vertex 90 85.4274 29.7607
      vertex 90 120 0
      vertex 90 85.591 29.909
    endloop
  endfacet
  facet normal 1 -0 0
    outer loop
      vertex 90 85.25 29.6292
      vertex 90 120 0
      vertex 90 85.4274 29.7607
    endloop
  endfacet
  facet normal 1 -0 0
    outer loop
      vertex 90 85.0606 29.5157
      vertex 90 120 0
      vertex 90 85.25 29.6292
    endloop
  endfacet
  facet normal 1 -0 0
    outer loop
      vertex 90 84.861 29.4213
      vertex 90 120 0
      vertex 90 85.0606 29.5157
    endloop
  endfacet
  facet normal 1 -0 0
    outer loop
      vertex 90 84.6531 29.3469
      vertex 90 120 0
      vertex 90 84.861 29.4213
    endloop
  endfacet
  facet normal 1 -0 0
    outer loop
      vertex 90 84.4389 29.2932
      vertex 90 120 0
      vertex 90 84.6531 29.3469
    endloop
  endfacet
  facet normal 1 -0 0
    outer loop
      vertex 90 84.2205 29.2608
      vertex 90 120 0
      vertex 90 84.4389 29.2932
    endloop
  endfacet
  facet normal 1 -0 0
    outer loop
      vertex 90 84 29.25
      vertex 90 120 0
      vertex 90 84.2205 29.2608
    endloop
  endfacet
  facet normal 1 0 0
    outer loop
      vertex 90 83.7795 29.2608
      vertex 90 120 0
      vertex 90 84 29.25
    endloop
  endfacet
  facet normal 1 0 0
    outer loop
      vertex 90 83.5611 29.2932
      vertex 90 120 0
      vertex 90 83.7795 29.2608
    endloop
  endfacet
  facet normal 1 0 0
    outer loop
      vertex 90 83.3469 29.3469
      vertex 90 120 0
      vertex 90 83.5611 29.2932
    endloop
  endfacet
  facet normal 1 0 0
    outer loop
      vertex 90 83.139 29.4213
      vertex 90 120 0
      vertex 90 83.3469 29.3469
    endloop
  endfacet
  facet normal 1 0 0
    outer loop
      vertex 90 0 0
      vertex 90 83.139 29.4213
      vertex 90 82.9394 29.5157
    endloop
  endfacet
  facet normal 1 0 0
    outer loop
      vertex 90 0 0
      vertex 90 82.9394 29.5157
      vertex 90 82.75 29.6292
    endloop
  endfacet
  facet normal 1 0 0
    outer loop
      vertex 90 0 0
      vertex 90 82.75 29.6292
      vertex 90 82.5726 29.7607
    endloop
  endfacet
  facet normal 1 0 0
    outer loop
      vertex 90 81.7608 31.7205
      vertex 90 0 0
      vertex 90 81.75 31.5
    endloop
  endfacet
  facet normal 1 0 0
    outer loop
      vertex 90 81.75 31.5
      vertex 90 0 0
      vertex 90 81.7608 31.2795
    endloop
  endfacet
  facet normal 1 0 0
    outer loop
      vertex 90 81.7608 31.2795
      vertex 90 0 0
      vertex 90 81.7932 31.061
    endloop
  endfacet
  facet normal 1 0 0
    outer loop
      vertex 90 81.7932 31.061
      vertex 90 0 0
      vertex 90 81.8469 30.8469
    endloop
  endfacet
  facet normal 1 0 0
    outer loop
      vertex 90 81.8469 30.8469
      vertex 90 0 0
      vertex 90 81.9213 30.639
    endloop
  endfacet
  facet normal 1 0 0
    outer loop
      vertex 90 81.9213 30.639
      vertex 90 0 0
      vertex 90 82.0157 30.4394
    endloop
  endfacet
  facet normal 1 0 0
    outer loop
      vertex 90 82.0157 30.4394
      vertex 90 0 0
      vertex 90 82.1292 30.25
    endloop
  endfacet
  facet normal 1 0 0
    outer loop
      vertex 90 82.1292 30.25
      vertex 90 0 0
      vertex 90 82.2607 30.0726
    endloop
  endfacet
  facet normal 1 0 0
    outer loop
      vertex 90 82.2607 30.0726
      vertex 90 0 0
      vertex 90 82.409 29.909
    endloop
  endfacet
  facet normal 1 0 0
    outer loop
      vertex 90 83.139 29.4213
      vertex 90 0 0
      vertex 90 120 0
    endloop
  endfacet
  facet normal 1 0 0
    outer loop
      vertex 90 82.409 29.909
      vertex 90 0 0
      vertex 90 82.5726 29.7607
    endloop
  endfacet
  facet normal 0 1 -0
    outer loop
      vertex 90 120 0
      vertex 82 120 100
      vertex 90 120 100
    endloop
  endfacet
  facet normal 0 1 0
    outer loop
      vertex 82 120 100
      vertex 90 120 0
      vertex 82 120 0
    endloop
  endfacet
endsolid OpenSCAD_Model
